time_years,C,C+,C2,C2+,C2H,C2H+,C2H2,C2H2+,C2H3,C2H4,C2H5,C2N,C2N+,C2N2+,C2NH+,C3+,C3H2,C3H5+,C3N,C4H,C4N,C4N+,CH,CH+,CH2,CH2+,CH2CO,CH2OH,CH3,CH3+,CH3CCH,CH3CHO,CH3CN,CH3CNH+,CH3OH,CH3OH2+,CH4,CH4+,CH5+,CL,CL+,CN,CN+,CO,CO+,CO2,CS,CS+,E-,H,H+,H2,H2+,H2CL+,H2CN,H2CO,H2CO+,H2COH+,H2CS,H2CS+,H2CSH+,H2NO+,H2O,H2O+,H2S,H2S+,H2S2,H2S2+,H2SIO,H3+,H3O+,H3S+,HC3N,HCL,HCL+,HCN,HCN+,HCNH+,HCO,HCO+,HCO2+,HCOOH,HCS,HCS+,HE,HE+,HEH+,HNC,HNCO,HNO,HNO+,HNS+,HOC+,HOSO+,HS,HS+,HS2,HS2+,HSO+,MG,MG+,N,N+,N2,N2+,N2H+,NCCN,NH,NH+,NH2,NH2+,NH2CHO,NH3,NH3+,NH4+,NO,NO+,NO2,NS,NS+,O,O+,O2,O2+,O2H,O2H+,OCN,OCS,OCS+,OCSH+,OH,OH+,S,S+,S2,S2+,SI,SI+,SIC,SIC+,SIC2,SIC2+,SIC3,SIC3+,SIH,SIH+,SIH2,SIH2+,SIH3,SIH3+,SIH4,SIH4+,SIH5+,SIO,SIO+,SIOH+,SIS,SIS+,SISH+,SO,SO+,SO2,SO2+
0.0,1e-10,0.000177,0.0,0.0,0.0,0.0,0.0,0.0,0.0,0.0,0.0,0.0,0.0,0.0,0.0,0.0,0.0,0.0,0.0,0.0,0.0,0.0,0.0,0.0,0.0,0.0,0.0,0.0,0.0,0.0,0.0,0.0,0.0,0.0,0.0,0.0,0.0,0.0,0.0,0.0,3.39e-08,0.0,0.0,0.0,0.0,0.0,0.0,0.0,0.0001823239,0.5,0.0,0.25,0.0,0.0,0.0,0.0,0.0,0.0,0.0,0.0,0.0,0.0,0.0,0.0,0.0,0.0,0.0,0.0,0.0,0.0,0.0,0.0,0.0,0.0,0.0,0.0,0.0,0.0,0.0,0.0,0.0,0.0,0.0,0.0,0.1000000014901161,0.0,0.0,0.0,0.0,0.0,0.0,0.0,0.0,0.0,0.0,0.0,0.0,0.0,0.0,2.256e-06,0.0,6.18e-05,0.0,0.0,0.0,0.0,0.0,0.0,0.0,0.0,0.0,0.0,0.0,0.0,0.0,0.0,0.0,0.0,0.0,0.0,0.000334,0.0,0.0,0.0,0.0,0.0,0.0,0.0,0.0,0.0,0.0,0.0,0.0,3.51e-06,0.0,0.0,0.0,1.78e-06,0.0,0.0,0.0,0.0,0.0,0.0,0.0,0.0,0.0,0.0,0.0,0.0,0.0,0.0,0.0,0.0,0.0,0.0,0.0,0.0,0.0,0.0,0.0,0.0,0.0
1e-09,1.0000000001656863e-10,0.000177,6.766636708587439e-40,1.4459053827681958e-33,1.2431491202042092e-51,6.282153262345718e-43,1.1072992680072927e-66,1.816044863545552e-54,-1.7516069054065165e-124,-8.869946491922653e-104,-1.317356129146647e-116,1.3729223514214468e-68,4.267039340266012e-59,-3.910421847674363e-85,-2.2176488853532076e-70,7.287309792273741e-64,1.6227712571716126e-145,-1.2545441023828508e-126,-3.253378435833148e-97,-2.757546841457911e-116,-8.274678111905739e-133,-7.282761604443668e-117,1.5768165624697465e-29,4.865989973103351e-23,7.884000000636448e-30,3.226490607261904e-22,-1.7324161875577168e-102,-3.875181638325032e-99,9.826721810574217e-49,2.0350121558154105e-33,-2.1807504400071433e-138,-4.395449033350419e-132,-4.3902719713064105e-99,-8.331670925807238e-88,-3.875181638324859e-99,-2.501702095615755e-86,-1.081738971629265e-64,-2.8876818150383607e-63,2.9228168290040066e-51,9.018844574569595e-25,3.3899999999732734e-08,1.8919173768097223e-34,2.922548222510992e-28,4.582722886761007e-34,4.583582746796355e-27,3.6518187996148464e-61,3.5150477011214626e-50,6.589865299769915e-36,0.00018232390000000567,0.5,2.590074757190132e-18,0.25,2.538044837963948e-18,1.3696395429499104e-30,-2.297135207556756e-65,-3.168434348863997e-64,2.8579775837092374e-49,-5.658342329267281e-68,-2.5689397680317736e-80,-5.056913134665993e-66,-1.1282954472319655e-72,-5.4329960582765234e-83,4.355819602962799e-41,4.177072026184101e-43,1.317035570543537e-40,2.870053426577427e-25,0.0,-1.5843997891286434e-74,-5.941851899933568e-93,2.0810343322700873e-29,-1.3343512971817542e-54,6.222169841724193e-42,-3.098585846587024e-103,1.2824738369063145e-41,2.6726759999740854e-19,2.942241125873204e-46,7.032213168533015e-38,1.6632590586517994e-49,2.0802112371501035e-45,1.2879777256709054e-36,-1.3553063656069794e-70,-3.862655225332576e-100,3.685452523092684e-62,9.398562095456397e-46,0.1000000014901161,5.499097230939126e-19,5.202608453176719e-31,2.9420360213343554e-46,-1.6088609907000524e-82,8.355889551220511e-81,-4.601645063150896e-59,-3.004638946212898e-76,1.3551362390796814e-38,-4.752988510122739e-98,1.3557889084698734e-37,2.3092790704558144e-35,-4.0088435179504395e-86,1.0061028991322587e-57,-4.899430060554516e-75,2.2559999999999836e-06,1.7039453282366556e-20,6.18e-05,1.4116605388906628e-21,1.7840775795487928e-50,1.7813076542688297e-43,9.361668364798438e-55,-1.4666650258686563e-91,3.2996679291833476e-45,8.659970782907535e-33,-4.6188296883155275e-68,2.5034243539764124e-44,-1.0677815727882213e-146,-1.111121894410387e-71,-1.7671760862544702e-56,-1.1606833887380326e-70,4.223808707861387e-40,1.7463634628495496e-45,-3.704403090157685e-98,8.807768757642558e-54,2.2094397288171436e-40,0.000334,1.9601810972343666e-20,1.2923770934860856e-28,2.0394208578234548e-44,-1.0443734996539298e-86,6.551300119735968e-57,1.3513916367756773e-61,-8.531388263202787e-78,1.649921329871772e-62,-1.7897308186731987e-91,7.292090122391873e-24,1.2436492284507633e-31,1.9330204077848934e-22,3.51e-06,3.6970431454636094e-65,3.1407444999358534e-57,4.1606872820839855e-22,1.7799999999999997e-06,7.760531105123423e-51,4.116637210431592e-46,-1.714875429774778e-98,2.326101071323324e-68,0.0,0.0,1.9887947645747333e-38,3.368742764708919e-25,1.5055590952485918e-56,4.210055999993356e-26,-5.43143909276713e-77,4.780650232275596e-44,-5.431439092767214e-77,-9.984350779048687e-104,1.376267817192206e-64,4.567154075190751e-44,1.9092670116635296e-29,1.6376981359276934e-40,6.451999576360943e-62,3.081993561570583e-55,9.410275735559361e-59,5.985235740583131e-49,7.382550433990467e-40,8.836852851918213e-70,-4.505937761583139e-85
1.4460841682246074e-09,1.000000000239596e-10,0.00017699999999999997,9.785126217149535e-40,2.0909008829153814e-33,2.599622995346664e-51,1.3136983983040968e-42,3.349092650364018e-66,5.491706112130334e-54,-3.2828969235535566e-124,-1.861673100079389e-103,-2.8306601747997033e-116,4.1517069395268475e-68,1.2903495103521943e-58,-1.8490389870604326e-85,-1.0471041080836918e-70,2.2036770402283535e-63,4.380167801058517e-145,-2.8495424212039004e-126,-1.5383566862422856e-97,-5.072553674005744e-116,-1.6498999604026397e-132,-1.3436055658084544e-116,2.2802201512210558e-29,7.036631062806772e-23,1.1400927583613714e-29,4.665776986070915e-22,-3.591268199384156e-102,-7.726918737865453e-99,2.6509055752640654e-48,4.2555348426717226e-33,-3.8458900384380304e-138,-8.014477884136449e-132,-8.359855834006097e-99,-1.5325095338878502e-87,-7.726918737864823e-99,-4.601439660679431e-86,-5.1076312881819595e-65,-1.3634725693441571e-63,8.838576265565355e-51,1.3042009440859881e-24,3.389999999961351e-08,2.7358812795402505e-34,4.226250715486214e-28,6.627177870067107e-34,6.628246443921777e-27,1.104307327903533e-60,7.350525153533975e-50,9.529499881666899e-36,0.00018232390000000822,0.5,3.745466100899162e-18,0.25,3.67022645840173e-18,2.8641346344123143e-30,3.3264348235241e-65,3.27875346190021e-64,8.642502871965923e-49,-2.671691359355727e-68,-3.878989612505055e-80,7.3228131699674e-66,-5.327456551948451e-73,-9.993037773287423e-83,9.108713201481383e-41,1.2631434615950518e-42,2.754131341909016e-40,4.150338822127726e-25,0.0,-7.481037697159806e-75,-1.0928988322896678e-92,4.351774550560969e-29,-6.300387327509598e-55,1.3011549087238863e-41,-1.4635917630615776e-103,2.6918897155812614e-41,3.8649144503396775e-19,6.152822822790147e-46,1.4705478821955125e-37,5.029682973421832e-49,4.3500534101958454e-45,2.693366755830709e-36,-6.399330573766846e-71,-8.007193867672857e-100,1.1144780911665798e-61,1.965389168807472e-45,0.1000000014901161,7.952157445188848e-19,1.0879483683617346e-30,6.152266344788866e-46,-7.596535820502974e-83,2.532145808161809e-80,-2.172752130820448e-59,-5.526503270446044e-76,2.833805913893099e-38,-8.742305696850196e-98,2.835170749631488e-37,3.3686350122652166e-35,-7.373560420862799e-86,3.042447654191718e-57,-9.011637250809733e-75,2.255999999999976e-06,2.464048362683312e-20,6.18e-05,2.04137995619465e-21,3.730800191384483e-50,3.72506650804781e-43,2.8310891807713154e-54,-6.926806135196044e-92,4.773732369430588e-45,1.810937949329838e-32,-8.495139301308323e-68,7.570336552761435e-44,-2.5666622324034574e-146,-2.0437127033519416e-71,-8.344049909294474e-57,-2.1348723286488515e-70,8.832657374437583e-40,3.719000184104856e-45,-1.743631567321336e-98,2.6634626953642923e-53,4.620290705348594e-40,0.00033399999999999993,2.834586851551794e-20,1.8688860542754759e-28,4.2936737244381364e-44,-5.473773982280132e-87,1.981108264213318e-56,4.086598402732426e-61,-4.028253605272623e-78,4.989349788908366e-62,-3.292189980882618e-91,1.0544976079257902e-23,2.600668801216426e-31,2.795310208552815e-22,3.51e-06,1.117993615201686e-64,9.497587915201265e-57,6.016704007555041e-22,1.7799999999999995e-06,1.6228507739104544e-50,8.608565018704447e-46,-3.154542120571998e-98,7.03411227142496e-68,0.0,0.0,4.158886909547108e-38,4.871485578832821e-25,4.552799461659995e-56,6.088095328925123e-26,-2.564554784370122e-77,9.997101774499593e-44,-2.564554784370282e-77,-2.095565209486515e-103,4.1618236022636785e-64,9.550647279652836e-44,2.7609607985326956e-29,3.4246878866693967e-40,1.951079856824931e-61,9.319925516198372e-55,2.845660355580545e-58,1.2516865404687936e-48,1.5438089895395474e-39,2.6726542803625273e-69,-2.1344989399069762e-85
2.0911594215898465e-09,1.0000000003464758e-10,0.00017699999999999997,1.4150116108233871e-39,3.0236186644109672e-33,5.436226119876827e-51,2.7471527829271524e-42,1.01298854652897e-65,1.6606878295303845e-53,-2.0382910865719325e-124,-2.2636505388969785e-103,-3.768579181618423e-116,1.2554730786070975e-67,3.902007284508719e-58,3.0223594269532424e-84,1.7149749818289739e-69,6.663902916598259e-63,1.0164865086275332e-144,-4.540256787427122e-126,2.5145315135617498e-96,-2.597544955149233e-116,-1.574806961357273e-132,-7.104291320506985e-117,3.2974126027767266e-29,1.017556077748356e-22,1.6486700882597493e-29,6.747106231990551e-22,-4.14293239014741e-102,-7.375961172413152e-99,7.345709428911601e-48,8.899001780121864e-33,-1.0458515630054437e-138,-3.732853289824666e-132,-5.88881956516727e-99,-7.84108295362101e-88,-7.37596117241106e-99,-2.3535445793305103e-86,8.365414875909536e-64,2.23313173873735e-62,2.67277886273563e-50,1.8859845645045743e-24,3.38999999994411e-08,3.956334498409771e-34,6.11151425069637e-28,9.583822650021924e-34,9.585002245713443e-27,3.339417292231606e-60,1.5371120037297516e-49,1.3780458911935972e-35,0.0001823239000000119,0.5,5.416259231149604e-18,0.25,5.3074563752475274e-18,5.989362125424617e-30,4.6939378275461713e-64,5.608304364564696e-63,2.6134864149246242e-48,4.3757673641161154e-67,2.95152210889641e-80,1.0333234097670996e-64,8.725450048645053e-72,-5.1112394420222395e-83,1.9047771429837373e-40,3.8197363956486924e-42,5.759327703922644e-40,6.001739263437067e-25,0.0,1.2252643062636199e-73,-5.589959474183918e-93,9.100254351987307e-29,1.0318942402161704e-53,2.7209223463213054e-41,2.3958895406512632e-102,5.659508650726271e-41,5.588991598143739e-19,1.2866919191515713e-45,3.0751500587367287e-37,1.5209723753792758e-48,9.096655423331967e-45,5.63225926724052e-36,1.0480994287342175e-69,-9.2370878135623e-100,3.370173426320199e-61,4.109942081302128e-45,0.1000000014901161,1.1499488984716988e-18,2.275073480676877e-30,1.2865369731394568e-45,1.2441808924687807e-81,7.677159405305689e-80,3.558591389072098e-58,-2.8266961589669567e-76,5.925939935805995e-38,-4.4716482231489496e-98,5.92879402490082e-37,4.932439938361765e-35,-3.7714290394558414e-86,9.200338987668015e-57,-4.609272655019009e-75,2.255999999999965e-06,3.563221327016094e-20,6.18e-05,2.9520072359787718e-21,7.801726855652653e-50,7.78991423344152e-43,8.561650838294005e-54,1.1341101798795672e-90,6.907683078853566e-45,3.7869599546340273e-32,-4.340077573758679e-68,2.2892641206007048e-43,-4.738078216870463e-146,-1.0453182720238216e-71,1.3666107483449374e-55,-1.0919446015600806e-70,1.847049468623004e-39,7.979858917359133e-45,2.867827067869768e-97,8.054291302140544e-53,9.661764438966694e-40,0.00033399999999999993,4.0990511694616514e-20,2.7025665353225693e-28,9.06620886517519e-44,7.73290963945721e-86,5.990856597622532e-56,1.235784371582703e-60,6.59758055573072e-77,1.5087756532721663e-61,-1.6855761769126413e-91,1.5248922962521935e-23,5.43841306606419e-31,4.0422538378648495e-22,3.51e-06,3.3808421423790135e-64,2.872063493505469e-56,8.700660410218691e-22,1.7799999999999993e-06,3.3936396863275826e-50,1.800194332555008e-45,-1.6153727467219456e-98,2.1271102987999045e-67,0.0,0.0,8.696895544220272e-38,7.04457817121363e-25,1.3767631575181426e-55,8.803898269791809e-26,4.200296224557858e-76,2.0905533564188403e-43,4.200296224557847e-76,-2.5480194897887432e-103,1.2585323495870016e-63,1.997192605765412e-43,3.992581699956795e-29,7.161568340225578e-40,5.900050927883123e-61,2.8183385166782586e-54,8.605255666121912e-58,2.6177129699017584e-48,3.228350713608912e-39,8.083510310356471e-69,3.4801769075034966e-84
3.023992532794805e-09,1.0000000005010329e-10,0.00017699999999999997,2.0462258885865764e-39,4.372407081980882e-33,1.1368015470215267e-50,5.744734425127549e-42,3.0638996725481343e-65,5.021907601368459e-53,1.6555091122005142e-123,2.9915507337780256e-103,2.6616026379319925e-116,3.7965412155563216e-67,1.1799640892685531e-57,1.914672987455978e-83,1.0862602031938533e-68,2.0151592665367357e-62,2.0905191342768976e-144,-1.6318674548959574e-126,1.5929626121814042e-95,2.878907388170986e-115,5.142201342602707e-132,7.496092916560993e-116,4.7683828817246857e-29,1.4714717342961544e-22,2.3841157134374234e-29,9.75688350334149e-22,7.064368896913649e-102,2.4078118008466187e-98,2.08110196393647e-47,1.8609231415141072e-32,2.714355622271044e-137,4.759443497100277e-131,3.8161333423694926e-98,8.701491746808833e-87,2.4078118008472824e-98,2.613119939501344e-85,5.298629615171293e-63,1.414459193688042e-61,8.082463322654372e-50,2.727292895102863e-24,3.3899999999191784e-08,5.7212342837189656e-34,8.83776400198646e-28,1.385977884212283e-33,1.3860720000063927e-26,1.0098373455012536e-59,3.214346281555047e-49,1.9927703467517442e-35,0.00018232390000001722,0.5,7.832366725202206e-18,0.25,7.675028637691464e-18,1.2524711037809058e-29,2.449912086113911e-63,2.985927084987873e-62,7.903163403226775e-48,2.7715984105369654e-66,5.068387019395234e-79,5.393236134472664e-64,5.526674880367869e-71,5.674964399492137e-82,3.9831926685793995e-40,1.155085433750938e-41,1.2043672390062374e-39,8.67902013064791e-25,0.0,7.760788728445583e-73,6.206483059747356e-92,1.903008262686162e-28,6.53598831473494e-53,5.689882399910516e-41,1.5176139417837587e-101,1.192667705495976e-40,8.082152266342903e-19,2.6907945878718423e-45,6.430629018083333e-37,4.599409105689445e-48,1.902255745000535e-44,1.177795203149133e-35,6.638631510905138e-69,1.5751566519451657e-99,1.0191379277285276e-60,8.594544117175451e-45,0.10000000149011612,1.6629228963472502e-18,4.757541343847882e-30,2.690353912712907e-45,7.88060584149286e-81,2.327232079994023e-79,2.254001508049156e-57,3.138455995690261e-75,1.2392085128570872e-37,4.964605859611745e-97,1.2398053483815844e-36,7.260514431313304e-35,4.1873846407503077e-85,2.782175639781439e-56,5.117635071771458e-74,2.2559999999999493e-06,5.1527179488782617e-20,6.18e-05,4.2688509284222126e-21,1.6314741968011622e-49,1.629057641978146e-42,2.5891648724836577e-53,7.183622101725351e-90,9.99842675569564e-45,7.919136988250982e-32,4.8275119873941294e-67,6.922717606211455e-43,-5.214930259121462e-146,1.1606077248470386e-70,8.656073010143048e-55,1.2123765302891906e-69,3.862474898453507e-39,1.7300533653229544e-44,1.8157969084966393e-96,2.435611675457545e-52,2.020428973570591e-39,0.0003339999999999999,5.927573000848743e-20,3.908138680343453e-28,1.922334410520849e-43,4.963137612606675e-85,1.811630561620879e-55,3.73700289662117e-60,4.178888502704152e-76,4.562526316858605e-61,1.8686326534381302e-90,2.2051226078579546e-23,1.1372588721493803e-30,5.845439278881546e-22,3.51e-06,1.0223747005059803e-63,8.685098558051928e-56,1.2581887272315518e-21,1.7799999999999988e-06,7.096641605451414e-50,3.76451193081719e-45,1.7903476644179652e-97,6.432365661222835e-67,0.0,0.0,1.8186595055861481e-37,1.0187052965064271e-24,4.16332150770865e-55,1.2731177906587211e-25,2.660455497509808e-75,4.37168034756652e-43,2.6604554975098155e-75,3.367544338496831e-103,3.8057924273802786e-63,4.176448139273605e-43,5.773609186880649e-29,1.4975981108059456e-39,1.784170997685189e-60,8.522634629209956e-54,2.602222887707645e-57,5.474771426859186e-48,6.75099601095416e-39,2.4448452833644655e-68,2.2051663334620433e-83
4.372947726504e-09,1.0000000007245357e-10,0.0001769999999999999,2.959014862767385e-39,6.322868659598431e-33,2.3772332660587435e-50,1.201315551933848e-41,9.256825395923977e-65,1.5186211012842502e-52,-4.31793577076394e-119,-2.033408001820556e-99,-2.4182649429737788e-111,1.1480712276632168e-66,3.568202593023707e-57,-7.575465977522736e-83,-4.271284789451611e-68,6.093826566007184e-62,2.983175316243823e-139,-2.7133133071184928e-120,-6.302608535094515e-95,-6.783441229882622e-113,-1.967027942384856e-128,-2.1541147180123576e-113,6.895580693821317e-29,2.127871978921232e-22,3.447631988792806e-29,1.4109274765248366e-21,-3.6178165018322297e-98,-9.186200782309373e-95,5.999982885793619e-47,3.8914869601998644e-32,-3.3169352848185326e-132,-7.454024462701581e-126,-6.586631719750706e-95,-2.0410385490988444e-84,-9.186200782307454e-95,-6.115953120563175e-83,-2.083474455242317e-62,-5.561795818434205e-61,2.444130873522653e-49,3.943896070721011e-24,3.389999999883125e-08,8.273473315481983e-34,1.278015060614468e-27,2.0044005736249097e-33,2.0043767752580236e-26,3.053739927348835e-59,6.721710610466057e-49,2.88171365020194e-35,0.0001823239000000249,0.5,1.1326261521120197e-17,0.25,1.1098737403433793e-17,2.6191167489144587e-29,-6.30823104835367e-63,-8.141724349269632e-62,2.389910711769335e-47,-1.0898203721932124e-65,-4.886514753622266e-77,-1.388693897400315e-63,-2.1731444442874992e-70,-1.3282136697705073e-79,8.329490876907297e-40,3.492969726638315e-41,2.51852389889633e-39,1.2550593606589838e-24,0.0,-3.051620188768188e-72,-1.452614511377031e-89,3.9794936578309085e-28,-2.570016344031654e-52,1.1898451188269872e-40,-5.976850826856655e-101,2.521801087523454e-40,1.168747243738623e-18,5.627233228286525e-45,1.3447470457773243e-36,1.3908578791468118e-47,3.977920252210916e-44,2.462957535757923e-35,-2.610376683040403e-68,-8.063008280738238e-96,3.081865480850464e-60,1.7972561940196797e-44,0.1000000014901161,2.404726473385968e-18,9.948777404552475e-30,5.625958932309222e-45,-3.0987335173987677e-80,1.4113740732900818e-79,-8.862960636868647e-57,-7.345491283909787e-73,2.59138255698591e-37,-1.1651944633206599e-94,2.5926306351992504e-36,1.076654658885184e-34,-9.800487065136677e-83,8.413278359722156e-56,-1.197771893604586e-71,2.2559999999999264e-06,7.451263849199647e-20,6.18e-05,6.173117744078913e-21,3.4116990520349778e-49,3.4068078963178807e-42,7.827910716506962e-53,-2.82761730273223e-89,1.447808921032478e-44,1.6560177923643807e-31,-1.1295410886437321e-64,2.0934246348897796e-42,-1.972148568873795e-138,-2.716378354000445e-68,-3.4036549711699784e-54,-2.8375421702796783e-67,8.077050774555295e-39,3.8033019889244144e-44,1.748930048865301e-95,7.365271519440445e-52,4.225039083728876e-39,0.00033399999999999993,8.571769472413593e-20,5.651497472954223e-28,4.099879016601297e-43,-2.916026054716571e-84,5.478357290586071e-55,1.1300666394369978e-59,-1.6431814826147514e-75,1.3797045410351498e-60,-4.402482449436981e-88,3.188792892217525e-23,2.3781896052504705e-30,8.452997197508929e-22,3.5099999999999994e-06,3.0915128781727766e-63,2.626367318641833e-55,1.8194467990881413e-21,1.779999999999998e-06,1.4840208960650751e-49,7.872250812681776e-45,-4.218516412204057e-95,1.945142571148947e-66,0.0,0.0,3.803106959765105e-37,1.4731336013334623e-24,1.2589853151643527e-54,1.8410354813527473e-25,-1.0461178606227252e-74,9.14188054685676e-43,-1.046117860622927e-74,-2.2879166512326486e-99,1.1508687882450948e-62,8.733618890336334e-43,8.349124839144879e-29,3.131716399178243e-39,5.395319737191838e-60,2.577238347997518e-53,7.869102581184193e-57,1.145078589635637e-47,1.4117408913405835e-38,7.387898674902954e-68,-8.792893990588396e-83
6.3236504757711994e-09,1.0000000010477393e-10,0.00017699999999999988,4.2789845479923974e-39,9.143400269153921e-33,4.971173743228347e-50,2.5121423352433724e-41,2.793393146634421e-64,4.5922988186162934e-52,-4.2003396263231355e-118,-2.0195896531337637e-98,-2.4161430410360434e-110,3.471758812816141e-66,1.0790217983581112e-56,-1.1637313348825694e-81,-6.576332027490872e-67,1.842768597305784e-61,3.1695128486773384e-138,-2.738741539174074e-119,-9.681969415852446e-94,-6.689279804614595e-112,-1.9354073218742912e-127,-2.1258355709776786e-112,9.9717943794257e-29,3.077081980654719e-22,4.985566037643065e-29,2.040319886285205e-21,-3.592929746383499e-97,-9.038847408688625e-94,1.7530662760978215e-46,8.137719620719325e-32,-2.933221736192999e-131,-7.175481111677593e-125,-6.482751476372289e-94,-2.0126251413806854e-83,-9.038847408686155e-94,-6.030754744295437e-82,-3.207845170004787e-61,-8.563282259519255e-60,7.391033511357333e-49,5.703207745516905e-24,3.389999999830989e-08,1.1964320698353779e-33,1.848117345983872e-27,2.898866307998464e-33,2.8984975219191074e-26,9.234482087948867e-59,1.4056168773284387e-48,4.1672004887054376e-35,0.000182323900000036,0.5,1.637872747102249e-17,0.25,1.6049708445964764e-17,5.476990665657509e-29,-1.1500993870360911e-61,-1.4471421286924305e-60,7.227072147051009e-47,-1.67795434498678e-64,-4.884431942626647e-76,-2.531828634691628e-62,-3.3459064224898535e-69,-1.3097109694120491e-78,1.741829332429084e-39,1.056271437227896e-40,5.2666349796589225e-39,1.8149214716221036e-24,0.0,-4.698461769215476e-71,-1.432378843242929e-88,8.32175565558314e-28,-3.956954927611613e-51,2.4881558304552455e-40,-9.197011132291966e-100,5.357382058134839e-40,1.6901068857945944e-18,1.176850856964974e-44,2.8120804543897627e-36,4.2059438411347047e-47,8.318466105571703e-44,5.150436855843446e-35,-4.019096182063545e-67,-8.007507755618528e-95,9.319538183764829e-60,3.7583492338083337e-44,0.1000000014901161,3.4774368820740254e-18,2.0804479602109448e-29,1.1764777027769216e-44,-4.77100032257976e-79,-3.3402504725577387e-78,-1.3645958262340983e-55,-7.243164807886481e-72,5.418994049016278e-37,-1.148914472505419e-93,5.4216039794800246e-36,1.6128156481309478e-34,-9.663961233753438e-82,2.544169093681922e-55,-1.1810863143528831e-70,2.255999999999893e-06,1.0775154685591959e-19,6.18e-05,8.926847838250024e-21,7.134486492969796e-49,7.124748936309808e-42,2.3659622241169448e-52,-4.351915080711794e-88,2.097736133355796e-44,3.462997208763321e-31,-1.1138082583205962e-63,6.330500464621681e-42,-2.0206341339121306e-137,-2.6785378047762316e-67,-5.240476131453515e-53,-2.7980137467210444e-66,1.6890400825870584e-38,8.514214815186411e-44,1.7568793620495874e-94,2.2272526077276228e-51,8.835230286505626e-39,0.0003339999999999999,1.2395500127499472e-19,8.172541022574734e-28,8.815333254892111e-43,-3.9466252361850195e-83,1.6566511539145295e-54,3.4173113586810002e-59,-2.529942802636514e-74,4.1722161578594884e-60,-4.341278754604695e-87,4.611262917182854e-23,4.973173599251711e-30,1.2223745421364706e-21,3.509999999999999e-06,9.347728639579384e-63,7.942115160146577e-55,2.6310732110881338e-21,1.7799999999999974e-06,3.103324280385849e-49,1.6462301467536679e-44,-4.159958888755958e-94,5.88209659900765e-66,0.0,0.0,7.952902950210613e-37,2.130275178503109e-24,3.807162192450813e-54,2.6622922627157713e-25,-1.610667275595742e-73,1.911712963619657e-42,-1.6106672755959405e-73,-2.2723585915000893e-98,3.480218622359478e-62,1.8263389472803155e-42,1.2073537249423247e-28,6.548918253922921e-39,1.6315406338272661e-59,7.793549520629953e-53,2.379610744591617e-56,2.3951968918790923e-47,2.952175265765513e-38,2.2303916155048166e-67,-1.3469410633784439e-81
9.144530838398738e-09,1.000000001515119e-10,0.00017699999999999986,6.187771813863847e-39,1.3222126378704606e-32,1.0395516814329e-49,5.253290114274793e-41,8.447892229270631e-64,1.388707734197429e-51,-1.4064198792244716e-117,-7.022799068954624e-98,-8.505622588760847e-110,1.0498572726406803e-65,3.262953861113834e-56,-3.4106352727347854e-81,-1.9262943311362367e-66,5.572518478614328e-61,1.2356950081978078e-137,-9.819058102643203e-119,-2.837567870610127e-93,-2.232767775094231e-111,-6.610442854701085e-127,-7.143496821024694e-112,1.442048122017177e-28,4.449719536403385e-22,7.209548118315679e-29,2.9504742856071918e-21,-1.248798742612579e-96,-3.0874320795257867e-93,5.173020925054972e-46,1.7017269054831654e-31,-7.914624902896127e-131,-2.3540172142897174e-124,-2.2109604020709906e-93,-6.716384097690255e-83,-3.087432079524565e-93,-2.0123717070863715e-81,-9.396201235318082e-61,-2.508298221415911e-59,2.235043014790391e-48,8.247322771230757e-24,3.389999999755596e-08,1.7301795170441883e-33,2.6725332352089177e-27,4.192703898325446e-33,4.191471378213874e-26,2.792500542703218e-58,2.939369067195648e-48,6.026122656281532e-35,0.00018232390000005207,0.5,2.368501849184375e-17,0.24999999999999997,2.320922928744571e-17,1.1453260632211376e-28,-3.364646149566597e-61,-4.234381579741573e-60,2.185461220657914e-46,-4.9149493985740355e-64,-1.6223782994829948e-75,-7.406931577428763e-62,-9.8006009574599e-69,-4.370307550372609e-78,3.642442819310508e-39,3.19415693876217e-40,1.1013373357736102e-38,2.6245292066649278e-24,0.0,-1.3762413689540282e-70,-4.7796317048580234e-88,1.7402117742896898e-27,-1.1590442432985685e-50,5.203130507202448e-40,-2.694311774915039e-99,1.1456834658083698e-39,2.4440368100881068e-18,2.4613053528906623e-44,5.88050853633704e-36,1.2718742768896585e-46,1.7395240861924404e-43,1.0770384556302595e-34,-1.1772462357063464e-66,-2.783153601263975e-94,2.8182213878855146e-59,7.859307442179562e-44,0.1000000014901161,5.028666421167588e-18,4.3505483529046176e-29,2.460202432752743e-44,-1.3974888685695466e-78,-1.1804894854189046e-77,-3.997081002367614e-55,-2.416934620475075e-71,1.1331980461235388e-36,-3.833759110101445e-93,1.1337438241760236e-35,2.4491261640346213e-34,-3.224717799008383e-81,7.693548341453278e-55,-3.941106517147982e-70,2.255999999999845e-06,1.5581780601005822e-19,6.179999999999998e-05,1.2908973330941245e-20,1.4919590194484744e-48,1.4900711071652888e-41,7.15479282454125e-52,-1.2748536935686454e-87,3.042040610687031e-44,7.2416792398637795e-31,-3.7166105690459415e-63,1.9143386133781976e-41,-7.432673616005491e-137,-8.937875810415015e-67,-1.5350045182756169e-52,-9.3365489706468e-66,3.532052082144767e-38,1.9500750119687802e-43,9.34129584313462e-94,6.735195254410421e-51,1.8475875055483882e-38,0.0003339999999999998,1.792493649112469e-19,1.181818218727593e-27,1.916556723317369e-42,-1.1954662141122324e-82,5.009700718878364e-54,1.0333924233988093e-58,-7.410536067673487e-74,1.2616750515036085e-59,-1.4489808800997586e-86,6.668274300059247e-23,1.0399698826990385e-29,1.7676564730243786e-21,3.509999999999998e-06,2.8267577669431696e-62,2.401689693885645e-54,3.8047533159941066e-21,1.779999999999996e-06,6.489545812448768e-49,3.442581092833465e-44,-1.3885234914732025e-93,1.778741619391819e-65,0.0,0.0,1.6630787933274073e-36,3.0805572094594743e-24,1.1512830041051506e-53,3.849898692283006e-25,-4.7178567050735666e-73,3.99769657512418e-42,-4.71785670507423e-73,-7.901691889997202e-98,1.052415512645189e-61,3.8191659104417816e-42,1.7459351072962778e-28,1.3694832108015329e-38,4.933766696702781e-59,2.356763555422728e-52,7.195925122596055e-56,5.01071929448652e-47,6.173469121175017e-38,6.745124764024609e-67,-3.950354832553997e-81
1.3223761271250085e-08,1.0000000021909894e-10,0.00017699999999999978,8.948038862751137e-39,1.9120307638514013e-32,2.1738682943146928e-49,1.0985467121515491e-40,2.5588902358117814e-63,4.1994418560337787e-51,-2.9562599902159845e-117,-1.6108016903094637e-97,-2.0032331480756535e-109,3.1747605578601067e-65,9.867148120453606e-56,-3.542133598828591e-81,-1.9913708827311686e-66,1.6851254310769945e-60,3.501493011655325e-137,-2.4002663822892497e-118,-2.946971410964458e-93,-4.6331163021430615e-111,-1.456410858905351e-126,-1.5085619730503331e-111,2.0854123016143777e-28,6.434668974317688e-22,1.0425613397382976e-28,4.266634153037207e-21,-2.8612785622134603e-96,-6.8031603957588956e-93,1.537500970315147e-45,3.558582251285701e-31,-6.755171125193462e-131,-4.696510585088973e-124,-4.8530948184026735e-93,-1.3929171733490015e-82,-6.8031603957542825e-93,-4.172558492547471e-81,-9.713635082793381e-61,-2.5930365897931975e-59,6.758753386728588e-48,1.1926331970246139e-23,3.389999999646571e-08,2.5020647607144274e-33,3.86470800082504e-27,6.064464919384281e-33,6.061220401870142e-26,8.444504161855164e-58,6.146689593653575e-48,8.714280576863545e-35,0.00018232390000007533,0.5,3.4250530265857895e-17,0.24999999999999997,3.356249902742001e-17,2.3950593878253156e-28,-3.215241708889428e-61,-4.0926676765970646e-60,6.60881841153651e-46,-5.080992171543186e-64,-3.3080346043515235e-75,-7.078032661518575e-62,-1.013169774832575e-68,-9.06162803862193e-78,7.616928619203036e-39,9.659106730197074e-40,2.3030719460358153e-38,3.7952901347621245e-24,0.0,-1.4227352221433917e-70,-9.910342503692276e-88,3.6390602472330705e-27,-1.1982004791612366e-50,1.0880575381783748e-39,-2.7886188415560137e-99,2.4725238591380812e-39,3.53428293748678e-18,5.147957404617612e-44,1.2297080829111254e-35,3.8461383156663545e-46,3.6376228145679395e-43,2.252259113876143e-34,-1.2170173939723504e-66,-6.376704008013505e-94,8.522280445354434e-59,1.6435064902488173e-43,0.1000000014901161,7.271874898933126e-18,9.097690176599765e-29,5.144675497177641e-44,-1.4447005425762247e-78,-1.850199287182148e-77,-4.132115232252271e-55,-5.011400747164866e-71,2.3696977707073647e-36,-7.949259678191848e-93,2.370839079577314e-35,3.7860133476511902e-34,-6.68630133851609e-81,2.3265232734745968e-54,-8.171699795726255e-70,2.2559999999997756e-06,2.2532566239863984e-19,6.179999999999998e-05,1.866746196169411e-20,3.1199972036374956e-48,3.1164979359038026e-41,2.1644688265694997e-51,-1.3189469567478519e-87,4.4169011172580665e-44,1.514350577002537e-30,-7.706217931412768e-63,5.788945671554985e-41,-1.9080076920792902e-136,-1.8532266920662808e-66,-1.5868618997293653e-52,-1.935889704797587e-65,7.386083989122864e-38,4.590838151822828e-43,3.861151928732524e-93,2.0367180155902228e-50,3.8636000194215366e-38,0.0003339999999999997,2.5920966875246504e-19,1.7090086158975904e-27,4.2289702357628974e-42,-1.5714948582908918e-82,1.5149297565112118e-53,3.124972219950051e-58,-7.660889481730613e-74,3.8152959865699377e-59,-3.0063797195564795e-86,9.642885894694478e-23,2.174742818289066e-29,2.5561800405003494e-21,3.5099999999999977e-06,8.548807645136499e-62,7.262691700257198e-54,5.5019935342584655e-21,1.7799999999999944e-06,1.3570674883481676e-48,7.199141354386999e-44,-2.88126283929319e-93,5.378901383058669e-65,0.0,0.0,3.477762887498185e-36,4.454745009625697e-24,3.4814712071880636e-53,5.567277548143225e-25,-4.877241053018032e-73,8.359820857351813e-42,-4.877241053019414e-73,-1.8123556518092957e-97,3.182496651288443e-61,7.98648481802683e-42,2.524769117848183e-28,2.863807719007774e-38,1.4919673837295623e-58,7.126835392397282e-52,2.176042383683188e-55,1.04842026271683e-46,1.2909708116593557e-37,2.0424073039951448e-66,-4.126243993748976e-81
1.912267181873642e-08,1.0000000031683548e-10,0.0001769999999999997,1.2939617348914844e-38,2.7649574192742274e-32,4.545905169356881e-49,2.2972363085950383e-40,7.755138671214156e-63,1.269908096540977e-50,-3.0374879986506834e-117,-2.3680031227924866e-97,-3.1993638287901683e-109,9.600452240029158e-65,2.983818227472835e-55,1.6474887929251669e-80,9.365268472174646e-66,5.09580673748915e-60,8.387795512236142e-137,-4.248183292360548e-118,1.3706716768454837e-92,-4.422282638122074e-111,-1.8505375466449294e-126,-1.582041908460178e-111,3.0158685430949625e-28,9.305072930868207e-22,1.5076314485165235e-28,6.169912100035057e-21,-4.191328143612446e-96,-8.648938785484737e-93,4.5933134696244614e-45,7.441562802011319e-31,4.541031809790103e-130,-3.4928451569412612e-124,-6.0736532783247706e-93,-1.3253701634298436e-82,-8.648938785469156e-93,-3.9652442827688027e-81,4.5682507944444795e-60,1.2194859444792237e-58,2.0438419770571458e-47,1.7246498836001998e-23,3.3899999994889115e-08,3.618362596201674e-33,5.588693055505305e-27,8.772784380991895e-33,8.765034863825856e-26,2.553613106614953e-57,1.2853708687734012e-47,1.2601583196054743e-34,0.00018232390000010894,0.5,4.9529149572209476e-17,0.24999999999999997,4.8534198485737025e-17,5.00845100390047e-28,1.8209664718114064e-60,2.2590809162799276e-59,1.9985017525294628e-45,2.3895530677296638e-63,-2.829499147475399e-75,4.008675344437831e-61,4.764861423743494e-68,-8.611399659203803e-78,1.5928212045622521e-38,2.9209066620789996e-39,4.81609059850419e-38,5.4883089776167535e-24,0.0,6.691018598013892e-70,-9.417945615398253e-88,7.609855121328096e-27,5.635048306883989e-50,2.2753017721590273e-39,1.3077636604257905e-98,5.402433456657662e-39,5.11087060163365e-18,1.0768149613493223e-43,2.5715156432670157e-35,1.1630693545459889e-45,7.606851133985176e-43,4.709832865754029e-34,5.723542859247489e-66,-9.34026478395307e-94,2.5771312479811373e-58,3.436834111043015e-43,0.1000000014901161,1.0515743164657081e-17,1.902472052550945e-28,1.0758336639692874e-43,6.794319740794847e-78,2.1861028148453863e-77,1.9433032572391847e-54,-4.762408530738413e-71,4.955415819622623e-36,-7.55514436271504e-93,4.957802478278037e-35,5.985912213004364e-34,-6.354091430195543e-81,7.035389006157991e-54,-7.765687634692933e-70,2.255999999999675e-06,3.2583987308939927e-19,6.179999999999997e-05,2.6994721203294072e-20,6.52463243071243e-48,6.518671641914937e-41,6.548808630521397e-51,6.191358105116193e-87,6.424549709569936e-44,3.1667484765233536e-30,-7.323330237086868e-63,1.750572848136395e-40,-3.791937525300334e-136,-1.7611488394724836e-66,7.462894241212044e-52,-1.8397047277002995e-65,1.5445479122507592e-37,1.115124196701831e-42,1.410642151939098e-92,6.159020070413062e-50,8.07940358181467e-38,0.0003339999999999996,3.748389982127636e-19,2.4713703029683284e-27,9.512190531119485e-42,3.6064453986260066e-82,4.581136271273007e-53,9.449897667910542e-58,3.602857778444117e-73,1.1537426782536362e-58,-2.8677678891108885e-86,1.3944424628313611e-22,4.5477339337378117e-29,3.696451487699395e-21,3.5099999999999965e-06,2.585439326670503e-61,2.196232546899371e-53,7.95634574356389e-21,1.779999999999992e-06,2.8378444688129376e-48,1.5055022403206792e-43,-2.7501486562824666e-93,1.6265757650107625e-64,0.0,0.0,7.2725566282029e-36,6.441936231303783e-24,1.0527942932234009e-52,8.05075192240727e-25,2.2937304235692265e-72,1.7481718147515795e-41,2.293730423569093e-72,-2.6641306434981176e-97,9.623846107743893e-61,1.6701013098978985e-41,3.6510286506617423e-28,5.988678493318686e-38,4.511698302993573e-58,2.1551497006000805e-51,6.580335919122713e-55,2.194225210798838e-46,2.6996257757851737e-37,6.187007496170075e-66,1.892700534013389e-80
2.76529929712296e-08,1.0000000045817077e-10,0.00017699999999999956,1.8711775817984414e-38,3.998361155077146e-32,9.506212437876404e-49,4.8038873546392776e-40,2.3501247254954386e-62,3.8401926452470463e-50,8.674241293110928e-117,5.540747710338162e-98,-8.006774869156627e-110,2.9031695942577156e-64,9.023044050315707e-55,1.2906864501041078e-79,7.317043875789885e-65,1.540968157254514e-59,1.7761373201840792e-136,-3.386674866813838e-118,1.0738205831922775e-91,1.5594665346945346e-110,2.2013027712793824e-126,4.244484882130475e-111,4.361590443905443e-28,1.3455918648126496e-21,2.18016197071861e-28,8.922212206615862e-21,1.0719652451806182e-96,1.0254944903808326e-92,1.3772877628541153e-44,1.5561494163970599e-30,3.2621942470555215e-129,2.1580338590523424e-123,7.879595958327803e-93,4.712825555767515e-82,1.0254944903858234e-92,1.41466791338101e-80,3.5691544965640966e-59,9.527790698873765e-58,6.180562876280367e-47,2.4939928632734296e-23,3.389999999260923e-08,5.2328047460695404e-33,8.081720550099454e-27,1.2692578684876944e-32,1.2674978151689414e-25,7.722110911925382e-57,2.687915654182842e-47,1.822294998864557e-34,0.00018232390000015754,0.5,7.162331906504274e-17,0.24999999999999994,7.018453603960485e-17,1.0473469503719457e-27,1.3648262634292394e-59,1.7023500569761976e-58,6.04345437590512e-45,1.8669474294187154e-62,1.3069180718790997e-74,3.0045283513889044e-60,3.722765747477315e-67,3.0722623655084818e-77,3.330843068828075e-38,8.8327999337202e-39,1.00712132301476e-37,7.936556722685545e-24,0.0,5.227663759877945e-69,3.3600112668588637e-87,1.5913420232670043e-26,4.402638757391521e-49,4.758018737706004e-39,1.0224585170874728e-97,1.1998891376004796e-38,7.390749062255676e-18,2.2526838249605764e-43,5.377449164827367e-35,3.5171130429165376e-45,1.590714420269882e-42,9.849011371063928e-34,4.471779168057901e-65,2.3926038444973314e-94,7.79322566469814e-58,7.186968121002561e-43,0.1000000014901161,1.520664970752671e-17,3.9783723564007506e-28,2.2497397033037563e-43,5.3083725198953995e-77,3.0117527911300114e-76,1.5182943911154257e-53,1.6990697318244924e-70,1.0362564479363735e-35,2.694619366157554e-92,1.0367555362670968e-34,9.724753512241684e-34,2.266929505555594e-80,2.1274963819338243e-53,2.7705403105345147e-69,2.2559999999995296e-06,4.711918818509041e-19,6.179999999999996e-05,3.903663895678634e-20,1.3644714528443968e-47,1.3636352334014232e-40,1.9813665722346294e-50,4.839491183797087e-86,9.36852926027346e-44,6.622175911986587e-30,2.6127250149801166e-62,5.2937192202444e-40,-5.1209768066258945e-136,6.283196128596214e-66,5.830726844622568e-51,6.563457536513107e-65,3.22989591879993e-37,2.8009441277903693e-42,4.810317182356472e-92,1.8624830701853222e-49,1.6895320920777093e-37,0.0003339999999999995,5.42048740904902e-19,3.573809469276236e-27,2.191377034210855e-41,3.541649514123734e-81,1.3853321875679135e-52,2.857643458521015e-57,2.814897497003981e-72,3.488909304650483e-58,1.0129774549922936e-85,2.0164811690004717e-22,9.510036661626741e-29,5.345379974972622e-21,3.5099999999999948e-06,7.819183651663364e-61,6.641390821937088e-53,1.1505545616686015e-20,1.7799999999999885e-06,5.93438521254167e-48,3.148387361825464e-43,9.698079469899603e-93,4.918752977065041e-64,0.0,0.0,1.5208075311977846e-35,9.315581995559784e-24,3.183642080856018e-52,1.1642064897140255e-24,1.7920816136704634e-71,3.655705960631237e-41,1.7920816136705086e-71,6.244134290639061e-98,2.9102438762512596e-60,3.492448127419128e-41,5.279694731378346e-28,1.2523281454459707e-37,1.3643342198312882e-57,6.517156600775878e-51,1.9898886682183226e-54,4.593952082240206e-46,5.645347875758315e-37,1.8740894543201252e-65,1.487911233112785e-79
3.998855533972139e-08,1.0000000066255345e-10,0.00017699999999999934,2.705880282587159e-38,5.781966776179013e-32,1.987900574337893e-48,1.004569431492086e-39,7.0873749314916095e-62,1.1612713712443732e-49,-1.3819504237602286e-112,-6.492061644062504e-94,-7.524274734725577e-105,8.779163151307164e-64,2.728561778752393e-54,6.732051642194593e-80,4.656819721744074e-65,4.659876181409259e-59,9.444067646738553e-132,-8.615284857271846e-113,5.6009035908361137e-92,-2.2384081868962328e-108,-6.435646783616255e-123,-1.891128076113593e-108,6.308043884890658e-28,1.9458390923093653e-21,3.152697713161095e-28,1.2902269816309883e-20,-1.1428895725359928e-92,-2.9237953571132445e-89,4.14038530174603e-44,3.254156513255924e-30,2.3346234065994328e-125,-2.2824745697785434e-118,-1.9990877965626572e-89,-6.463131562357516e-80,-2.923795357107439e-89,-1.8964687331575784e-78,2.271539701618339e-59,6.063832460394511e-58,1.8689975988494728e-46,3.6065318989644966e-23,3.3899999989312316e-08,7.567803572927899e-33,1.1686848142580794e-26,1.8367908131367463e-32,1.8329085240206084e-25,2.3351590365165985e-56,5.620860905852986e-47,2.635191954858841e-34,0.00018232390000022785,0.49999999999999994,1.0357334778201916e-16,0.2499999999999999,1.0149274640414391e-16,2.1901694427446566e-27,9.558967214531996e-60,1.177905197909778e-58,1.8275360907053803e-44,1.188193234090954e-62,-1.476975453181961e-72,2.104310917002335e-60,2.369294207095032e-67,-4.1185987812693604e-75,6.965323865215917e-38,2.671032104868311e-38,2.1060512432625716e-37,1.1476929026534481e-23,0.0,3.3270752684061553e-69,-4.50434781014217e-85,3.3277498645549926e-26,2.8019994451925424e-49,9.949775711139115e-39,6.208150265616684e-98,2.7213051775102334e-38,1.0687645208970412e-17,4.71341862720454e-43,1.1245103484072216e-34,1.0635723580149879e-44,3.326439196456472e-42,2.059585292112588e-33,2.846002857412658e-65,-2.536416587599639e-90,2.356665615886241e-57,1.5029096368802227e-42,0.10000000149011609,2.1990095393791635e-17,8.319410833857932e-28,4.7045643792002274e-43,3.378440160223735e-77,-1.7741464783101728e-73,9.662977739985296e-54,-2.277730758775701e-68,2.1669774343653523e-35,-3.716002096147352e-90,2.168021107501482e-34,1.6297468189486773e-33,-3.0389895025572126e-78,6.433533172745751e-53,-3.714117647894583e-67,2.2559999999993195e-06,6.813831205405687e-19,6.179999999999996e-05,5.645026557415473e-20,2.853529321183092e-47,2.8530213262234877e-40,5.987696839904455e-50,2.986711570508126e-86,1.3711003080567149e-43,1.3848025548262456e-29,-3.5025527786751366e-60,1.600816739519862e-39,-6.172640061822179e-129,-8.423097004877207e-64,3.7108866110550746e-51,-8.798808464447211e-63,6.75422728135251e-37,7.27559917352253e-42,7.84973885130412e-89,5.632134896856565e-49,3.5330809523778787e-37,0.0003339999999999992,7.838481025371769e-19,5.168029294468495e-27,5.19404970203412e-41,-2.831483878305609e-80,4.189234190788186e-52,8.641486792297526e-57,1.791487555645968e-72,1.0550435447857575e-57,-1.4521010456257122e-83,2.9160014940144367e-22,1.9887002762227665e-28,7.72986935495322e-21,3.5099999999999927e-06,2.3641902705988252e-60,2.008351625356229e-52,1.6637987363069442e-20,1.7799999999999834e-06,1.2409745592630233e-47,6.5842098087228186e-43,-1.3920310700064943e-90,1.4874272235675878e-63,0.0,0.0,3.1802509972484016e-35,1.3471115638981817e-23,9.627309881237969e-52,1.6835405732870205e-24,1.1405459152423466e-71,7.644663961094821e-41,1.1405459152361464e-71,-7.273846196143225e-94,8.800555751981478e-60,7.303265921632981e-41,7.634882968124187e-28,2.618817800357302e-37,4.1257364073756734e-57,1.9707832899281896e-50,6.017408473989835e-54,9.623249673605501e-46,1.1805322398418206e-36,5.654989938646328e-65,5.604980367439387e-80
5.78268167869447e-08,1.0000000095810803e-10,0.00017699999999999904,3.912930649495775e-38,8.361210639189687e-32,4.157017027382041e-48,2.100714835240223e-39,2.092917271721124e-61,3.511675510760332e-49,-2.827876889462829e-111,-1.354880746199823e-92,-1.576194718873396e-103,2.6548123219883207e-63,8.251150330801134e-54,-8.0563006460808585e-78,-4.392278837934245e-63,1.4091430272860919e-58,2.0890356565641264e-130,-1.82049139139661e-111,-6.702652336476109e-90,-4.774457440020653e-107,-1.3323736137568021e-121,-3.966553526315976e-107,9.123670862618773e-28,2.8138471046987994e-21,4.55906625676561e-28,1.8657768112981687e-20,-2.385252988965248e-91,-6.055317136353502e-88,1.2469213560420193e-43,6.804960051284272e-30,1.988179751722598e-123,-4.6240104459598744e-117,-4.1408207786803774e-88,-1.3798872706227321e-78,-6.055317136338112e-88,-4.051363839197512e-77,-2.142492559438543e-57,-5.719343528018452e-56,5.65183478832192e-46,5.2153660456911464e-23,3.389999998454471e-08,1.0945202199628669e-32,1.6900166081843856e-26,2.6589502131030254e-32,2.6505399989035695e-25,7.061463607306825e-56,1.1754118542490678e-46,3.8107093811407065e-34,0.0001823239000003295,0.4999999999999999,1.4977577849090183e-16,0.24999999999999983,1.4676705372928957e-16,4.579993464471823e-27,-7.939936566334627e-58,-9.945176354748446e-57,5.526455496975307e-44,-1.1206914625781089e-60,-3.1702482284008287e-71,-1.7478975273178555e-58,-2.2347042744366053e-65,-8.798427243527525e-74,1.4565602625167403e-37,8.077181154100131e-38,4.404088899567181e-37,1.65966053643611e-23,0.0,-3.138062738827073e-67,-9.622490220009402e-84,6.958855480834666e-26,-2.642816596916568e-47,2.0806567220099424e-38,-6.199886170783348e-96,6.332209983218079e-38,1.5455234529620427e-17,9.864667361319394e-43,2.351530409421373e-34,3.21623487229236e-44,6.956119956336609e-42,4.3069211879211745e-33,-2.6843202246039874e-63,-5.293430678542642e-89,7.126539075380798e-57,3.142823728577947e-42,0.10000000149011608,3.1799528806710846e-17,1.7397214341788727e-27,9.837994133626381e-43,-3.186510833068146e-75,-3.649408054740781e-72,-9.114019657656781e-52,-4.86584137678158e-67,4.5314952784875687e-35,-7.928717332658214e-89,4.533677765009549e-34,2.8240532878799485e-33,-6.4920934167579945e-77,1.9454956279836824e-52,-7.934347490475576e-66,2.2559999999990154e-06,9.853373431092334e-19,6.179999999999993e-05,8.163183533477393e-20,5.967795531174473e-47,5.97048502028082e-40,1.800449212642166e-49,-2.9244752896387017e-84,2.016885568242522e-43,2.895842909108884e-29,-7.482388459769318e-59,4.8408578730830604e-39,-1.3218175391081493e-127,-1.7993985356694656e-62,-3.5000695175485415e-49,-1.8796605405779152e-61,1.4124166014957852e-36,1.9503603683319692e-41,1.8719489803131589e-87,1.703153387592407e-48,7.388235520657007e-37,0.00033399999999999885,1.1335103311806057e-18,7.473405345109319e-27,1.2710851066858496e-40,-8.489218746663293e-79,1.2668212914770699e-51,2.613164394813779e-56,-1.6897303026461338e-70,3.1904431862273016e-57,-3.096824154001504e-82,4.2167835950131854e-22,4.15868931861645e-28,1.1178041696643419e-20,3.5099999999999893e-06,7.14085988707597e-60,6.073240319997037e-52,2.405993011684284e-20,1.779999999999976e-06,2.595075654886026e-47,1.3769932432645515e-42,-2.9691604735138087e-89,4.497968719543039e-63,0.0,0.0,6.650411835793634e-35,1.948036704842722e-23,2.9112913234270545e-51,2.4345413695256077e-24,-1.0757509984720393e-69,1.598621106398283e-40,-1.0757509984733634e-69,-1.517990099383678e-92,2.6612814919587077e-59,1.527229368987163e-40,1.1040683394856676e-27,5.476365516903916e-37,1.2476193866231844e-56,5.95963396153299e-50,1.81965982974316e-53,2.0173837104982983e-45,2.468681115797691e-36,1.6782975497166153e-64,-9.73609921970584e-78
8.362244425442554e-08,1.0000000138550483e-10,0.0001769999999999986,5.658427088138778e-38,1.209101438053033e-31,8.692985359340357e-48,4.3929296316837236e-39,6.299368362552341e-61,1.0619280260620673e-48,-1.1028636731600459e-110,-5.456901634200688e-92,-6.416650451169784e-103,8.028132602031464e-63,2.4951416920570974e-53,-2.9337637423255798e-77,-1.5949634397206118e-62,4.261237962527246e-58,9.298967721732091e-130,-7.526229522550581e-111,-2.4408223381761793e-89,-1.8634502322961237e-106,-5.282465399142492e-121,-1.5769666526935022e-106,1.3197168669924557e-27,4.069059748650039e-21,6.59279354952542e-28,2.6980703077264052e-20,-9.606443488088361e-91,-2.401952310320304e-87,3.759957261503017e-43,1.4230256322551358e-29,1.881364363638107e-122,-1.770450158936973e-116,-1.6422644870199262e-87,-5.377152952287785e-78,-2.40195231031171e-87,-1.577707146900246e-76,-7.780009584674026e-57,-2.0768589028597094e-55,1.709110619976449e-45,7.541894581902042e-23,3.389999997765035e-08,1.583086482567379e-32,2.4439062624730628e-26,3.850912893711359e-32,3.8329039307341857e-25,2.1353789751289567e-55,2.457974269315118e-46,5.510606537115846e-34,0.0001823239000004765,0.49999999999999983,2.1658838208702632e-16,0.24999999999999978,2.122375127409147e-16,9.577496482230126e-27,-2.885250335723382e-57,-3.613578226984086e-56,1.6711960158776655e-43,-4.069554538812433e-60,-1.2342553133909037e-70,-6.351589694954067e-58,-8.114857486403246e-65,-3.4263379188275544e-73,3.045899716074202e-37,2.4425335504340144e-37,9.209651995448871e-37,2.4000088262110205e-23,0.0,-1.1395212590900167e-66,-3.747249616464188e-83,1.4552076198830974e-25,-9.59683073687314e-47,4.3509849070365333e-38,-2.25303045102626e-95,1.5181633487711437e-37,2.234956996389212e-17,2.0653260588151815e-42,4.91742496983168e-34,9.725870239625883e-44,1.4546371782299316e-41,9.00645881941647e-33,-9.747542405331515e-63,-2.131731762435358e-88,2.1550600860710456e-56,6.572145697223872e-42,0.10000000149011606,4.598479516438658e-17,3.638034866358728e-27,2.0572814145034128e-42,-1.157114168218493e-74,-1.4201150236003767e-71,-3.3095638983294643e-51,-1.8948860236256623e-66,9.476079046230536e-35,-3.087573519984914e-88,9.480642972305029e-34,5.061022178886335e-33,-2.528191144845683e-76,5.8831642519586354e-52,-3.0898426400409663e-65,2.255999999998576e-06,1.4248807322308355e-18,6.179999999999989e-05,1.1804650469219035e-19,1.2481458926784932e-46,1.2498428453114392e-39,5.438527777650352e-49,-1.062483241711805e-83,2.988040192922285e-43,6.055669181443045e-29,-2.9138379623155225e-58,1.4638718064291244e-38,-5.588593050558943e-127,-7.007328995362921e-62,-1.2709763807276626e-48,-7.319890255764151e-61,2.9535882834273125e-36,5.375555029390783e-41,9.269492275151384e-87,5.150323126527019e-48,1.5449978317500153e-36,0.0003339999999999983,1.6391513440392534e-18,1.0807173155335461e-26,3.2172579795139552e-40,-3.2535991363379443e-78,3.830858126029752e-51,7.902180932581592e-56,-6.135899868900488e-70,9.647876009583496e-57,-1.2082597098909392e-81,6.097823997576975e-22,8.696482347897038e-28,1.6164389129272646e-20,3.509999999999984e-06,2.158894424865866e-59,1.8365433378535815e-51,3.479268403052967e-20,1.7799999999999652e-06,5.42671694576268e-47,2.8799055305087006e-42,-1.1588505774203289e-88,1.3601823763169161e-62,0.0,0.0,1.390707136750085e-34,2.8170250368585514e-23,8.803723225334831e-51,3.520551731215515e-24,-3.906362727031038e-69,3.3429715872448897e-40,-3.9063627270361955e-69,-6.113376809391051e-92,8.04769536176956e-59,3.1936801895665055e-40,1.5965757481257851e-27,1.1451953347528169e-36,3.7727915781720955e-56,1.8021888603181538e-49,5.502637737682432e-53,4.233817491797072e-45,5.1624057740860394e-36,5.056466475762504e-64,-3.5570670950381195e-77
1.2092509274456956e-07,1.0000000200355657e-10,0.00017699999999999796,8.182561880537128e-38,1.7484624573854905e-31,1.8178418347337722e-47,9.186316223654949e-39,1.9320237301025536e-60,3.21126266061906e-48,-2.5774517859501272e-110,-1.36710914544299e-91,-1.6434164432051177e-102,2.427701335727024e-62,7.545289906148498e-53,-4.480192170583774e-77,-2.3809024839640075e-62,1.2885952050392989e-57,2.7877034896397964e-129,-1.9864423892180396e-110,-3.727414635736831e-89,-4.3357892731008496e-106,-1.2800128704758427e-120,-3.8377559312920373e-106,1.9091687721156264e-27,5.8842028794489314e-21,9.533734405053878e-28,3.901636755646587e-20,-2.4064788321957717e-90,-5.8264736003626035e-87,1.1347657901620242e-42,2.9757734573785457e-29,1.0296240814943677e-121,-3.9623794953909466e-116,-3.982141168576117e-87,-1.2462580456282888e-77,-5.826473600328693e-87,-3.650608062669283e-76,-1.1613706482005843e-56,-3.1002570666648876e-55,5.168337749517609e-45,1.09062902869278e-22,3.389999996768053e-08,2.2899415404245767e-32,3.534094157591468e-26,5.58097135874345e-32,5.542701694805795e-25,6.457391562318612e-55,5.1400181561661955e-46,7.968800936194672e-34,0.0001823239000006891,0.4999999999999998,3.132050304156026e-16,0.24999999999999967,3.069133069232994e-16,2.0028071998555404e-26,-4.2915159269327615e-57,-5.377460269317046e-56,5.05368427001167e-43,-6.07487836405896e-60,-2.85225055034495e-70,-9.447342572679205e-58,-1.2113561178333803e-64,-7.928097974466433e-73,6.369461888483264e-37,7.386203210004284e-37,1.925885053863621e-36,3.470614766856039e-23,0.0,-1.7010345946986096e-66,-8.67064568529171e-83,3.0430711236601595e-25,-1.4325788912697087e-46,9.098603080671366e-38,-3.383577485841745e-95,3.7613679518973766e-37,3.2319359279722556e-17,4.3263857809060024e-42,1.0283119552646536e-33,2.941095896033671e-43,3.041883078005138e-41,1.8833941213116322e-32,-1.4550765678443226e-62,-5.339289742311827e-88,6.516885688454873e-56,1.3743405141171623e-41,0.10000000149011605,6.649788426627046e-17,7.607710881819802e-27,4.302103419749473e-42,-1.7272967041757826e-74,-3.2990520255337813e-71,-4.9403928355252325e-51,-4.384518513842575e-66,1.981599197946679e-34,-7.145106386233464e-88,1.982553587291331e-33,9.362152205064537e-33,-5.849903765335158e-76,1.779064476391412e-51,-7.1494918901599936e-65,2.25599999999794e-06,2.060497468487461e-18,6.179999999999984e-05,1.7070518153176122e-19,2.6106305980194216e-46,2.6176100289422e-39,1.6501160178067433e-48,-1.5923794109853846e-83,4.4704502847144e-43,1.2663369658620294e-28,-6.74224008065995e-58,4.4267374081613584e-38,-1.537409707931984e-126,-1.6214043135301094e-61,-1.8972658648557035e-48,-1.6937269026329203e-60,6.17642396638489e-36,1.51633835305021e-40,3.2169883772890168e-86,1.5574538673869462e-47,3.2308367720649185e-36,0.0003339999999999976,2.3703508071026857e-18,1.5628082009565892e-26,8.418865496769531e-40,-6.93512519218977e-78,1.1584486365317719e-50,2.389621564532538e-55,-9.159451750411564e-70,2.917510832356045e-56,-2.809074759490694e-81,8.817966743514427e-22,1.8185730989863715e-27,2.337506720886752e-20,3.509999999999977e-06,6.533024438208763e-59,5.553693338910926e-51,5.031314954653337e-20,1.7799999999999495e-06,1.134813039132805e-46,6.023530424922633e-42,-2.696359573435152e-88,4.113181401783617e-62,0.0,0.0,2.90819033157481e-34,4.073655304920159e-23,2.662239327130472e-50,5.091014121626799e-24,-5.831271742922882e-69,6.990686527894703e-40,-5.831271742934822e-69,-1.5313336637645368e-91,2.433617065802832e-58,6.678494737533259e-40,2.3087829164113382e-27,2.3947860140664218e-36,1.1408894757283486e-55,5.449805651421293e-49,1.6639935426565783e-52,8.899390356941749e-45,1.0795413472201414e-35,1.5461865906548034e-63,-5.572599287281555e-77
1.7486786215901368e-07,1.0000000289731141e-10,0.00017699999999999707,1.1832673298309296e-37,2.5284238993553167e-31,3.8013971133676963e-47,1.9210051829597926e-38,5.969591373455112e-60,9.71083543015246e-48,-3.460233486118446e-110,-2.3080260816806174e-91,-2.9473028538666797e-102,7.3413508600925374e-62,2.2816900620695503e-52,7.143906562382178e-77,4.2606230696347895e-62,3.896702405119473e-57,6.908722854285818e-129,-3.839184502799884e-110,5.9435601761379586e-89,-5.701914556862092e-106,-1.952312188443009e-120,-5.931052237754319e-106,2.762381049852022e-27,8.509052621084829e-21,1.3786582447250518e-27,5.642095140175301e-20,-4.0617303881518945e-90,-8.917550656951947e-87,3.4268338953653077e-42,6.222816699870977e-29,4.421944983508615e-121,-4.416657897799952e-116,-6.0870155207173724e-87,-1.613429550303498e-77,-8.917550656835179e-87,-4.694395871405992e-76,2.078275588798422e-56,5.547917541998802e-55,1.5629014747370995e-44,1.5771572507293572e-22,3.3899999953263335e-08,3.312839332870054e-32,5.1105976161721106e-26,8.09612332870494e-32,8.015213174745445e-25,1.9527204694311743e-54,1.074860375950018e-45,1.1523557010691536e-33,0.0001823239000009965,0.49999999999999967,4.529208360139541e-16,0.2499999999999995,4.438224738357268e-16,4.188189143941525e-26,7.82680874476191e-57,9.782240553953617e-56,1.5282303482296284e-42,1.0871009582388216e-59,-3.6473359678894235e-70,1.7229935720042506e-57,2.1677192403754607e-64,-1.01949126847537e-72,1.331956023854968e-36,2.2335823317052085e-36,4.0273326749199086e-36,5.01880106767314e-23,0.0,3.0440055090262814e-66,-1.1149770845777596e-82,6.363546847702077e-25,2.563603428791918e-46,1.902662955281128e-37,5.878659477983307e-95,9.639634244717957e-37,4.67365137571239e-17,9.069720568150983e-42,2.1503642326845466e-33,8.893852018818529e-43,6.36107708728499e-41,3.9384773606620517e-32,2.6038630406703115e-62,-9.007766159433067e-88,1.9707014036510843e-55,2.8739653402683097e-41,0.10000000149011602,9.616153765788454e-17,1.59089362720122e-26,8.996384119891768e-42,3.0910009707384738e-74,-4.32456283163821e-71,8.840845045026044e-51,-5.638147192984018e-66,4.143839833269851e-34,-9.193502580437229e-88,4.1458356124621555e-33,1.7811719595923046e-32,-7.522517793173639e-76,5.379877690459801e-51,-9.193686259294997e-65,2.255999999997021e-06,2.9796527678469287e-18,6.179999999999975e-05,2.468540604096237e-19,5.46093383911205e-46,5.485903751929621e-39,5.015791194995081e-48,2.794584044661317e-83,6.7774810085521505e-43,2.6481124758041343e-28,-8.669992362450791e-58,1.3386420850737781e-37,-3.2559361314842515e-126,-2.084998880348129e-61,3.3951618820912706e-48,-2.1780000619331808e-60,1.291588716903438e-35,4.356987975475453e-40,9.732636908470117e-86,4.709728864104647e-47,6.756194755114143e-36,0.0003339999999999965,3.427726773540208e-18,2.2599521987076548e-26,2.271896133552786e-39,-5.600960724688353e-78,3.5031400255633334e-50,7.226235079111825e-55,1.6390769390217804e-69,8.82253252615973e-56,-3.6825015568210133e-81,1.2751522103723653e-21,3.802926267789959e-27,3.380231462193853e-20,3.5099999999999664e-06,1.9777139304910807e-58,1.6794327182017383e-50,7.27570490126401e-20,1.779999999999927e-06,2.3730750153865514e-46,1.2599757447163957e-41,-3.54593145036664e-88,1.2438230091706593e-61,0.0,0.0,6.081489611309298e-34,5.890848438286188e-23,8.050591835009112e-50,7.362034920865692e-24,1.0435074993807054e-68,1.4618639987480153e-39,1.0435074993791677e-68,-2.5841173239604225e-91,7.359239824266132e-58,1.3965798158827437e-39,3.33869443097546e-27,5.00787933672423e-36,3.4500418170942285e-55,1.6480171572242953e-48,5.031904046269749e-52,1.8748551980755507e-44,2.2574930591298078e-35,4.755969596470254e-63,7.695115768079823e-77
2.5287364699943266e-07,1.0000000418975613e-10,0.00017699999999999574,1.7111041748982366e-37,3.656313815325844e-31,7.949327490767944e-47,4.0171281201698834e-38,1.844222684255322e-59,2.936549727590006e-47,3.480637205277664e-110,-9.623562487515056e-92,-2.184158191416057e-102,2.2200190639187936e-61,6.899813797837953e-52,8.516949058298158e-76,4.805212897770587e-61,1.1783599366198553e-56,1.505064294761988e-128,-4.284361278385617e-110,7.085900176687153e-88,6.582206235166781e-106,3.390777767496596e-121,5.603077685186814e-107,3.997902550493275e-27,1.2304806270423006e-20,1.9936558736462263e-27,8.158944452955387e-20,-1.6879633928113722e-90,1.3601944406691793e-87,1.0352913865927281e-41,1.3012901764583461e-28,1.6672665571469256e-120,1.0715784120040016e-115,9.757452489573654e-88,2.043784677035318e-77,1.3601944410467538e-87,6.175881450910327e-76,2.3439173287605097e-55,6.257043158612141e-54,4.726202384762505e-44,2.280735336455605e-22,3.389999993241485e-08,4.793553575516035e-32,7.390354315175528e-26,1.176114463246296e-31,1.1590672886762922e-24,5.905043058865904e-54,2.2477063268604517e-45,1.666403364166446e-33,0.00018232390000144104,0.49999999999999956,6.549616506732147e-16,0.24999999999999928,6.418046522396043e-16,8.758171182720689e-26,8.750923177504304e-56,1.0950004046464656e-54,4.621357157348945e-42,1.226052398649602e-58,4.9481288207353246e-70,1.9264281096188806e-56,2.4447963986319834e-63,1.3412284230045256e-72,2.78533238842482e-36,6.754336281502186e-36,8.421794665928495e-36,7.257608766000754e-23,0.0,3.4330852565029336e-65,1.4668482264779634e-82,1.330719093590254e-24,2.891278951773805e-45,3.9787715642475e-37,6.722875498171792e-94,2.5522617702858138e-36,6.75849325710685e-17,1.90344473880639e-41,4.496754422304716e-33,2.689494206500815e-42,1.3302070521559797e-40,8.235984037393298e-32,2.9366844988486784e-61,-3.7210086741948863e-88,5.9593864448662165e-55,6.0099203811398e-41,0.10000000149011598,1.390576771991992e-16,3.3268121926614903e-26,1.8812873476170753e-41,3.4860879408191016e-73,5.0778710661916224e-71,9.97086714995402e-50,7.41746748627146e-66,8.665429710923989e-34,1.205426291504795e-87,8.669603200126651e-33,3.469331260208043e-32,9.89651898956529e-76,1.6268709958671484e-50,1.209508491638732e-64,2.2559999999956917e-06,4.3088286943907904e-18,6.179999999999965e-05,3.5697174854218604e-19,1.1424790979395076e-45,1.1508380393278254e-38,1.5247047745691502e-47,3.1807360287209875e-82,1.0455665572986495e-42,5.5376253493798745e-28,1.1406120462932124e-57,4.0480436643812446e-37,-5.0070702123519803e-126,2.7429953051971116e-61,3.829125834059437e-47,2.8653463577137926e-60,2.700917914170368e-35,1.269786180548546e-39,2.782736175095082e-85,1.4242184913331396e-46,1.4128280315018183e-35,0.00033399999999999495,4.956781416557852e-18,3.2680810982825453e-26,6.2972976653269e-39,3.1675874290070824e-77,1.0593469275768867e-49,2.1852195415905817e-54,1.8485858649987352e-68,2.6679277250472015e-55,4.33379934802339e-81,1.8439774234953382e-21,7.952525088436746e-27,4.888099202415171e-20,3.5099999999999516e-06,5.987135174526753e-58,5.078591997859563e-50,1.0521281670367268e-19,1.7799999999998944e-06,4.962478288032434e-46,2.635897289325474e-41,4.093371656868986e-88,3.7613115675510786e-61,0.0,0.0,1.2717364296962592e-33,8.518662653637852e-23,2.4344929560670752e-49,1.064612214367005e-23,1.1768868935168555e-67,3.056990671431638e-39,1.176886893517056e-67,-1.0710566946773315e-91,2.225428624370218e-57,2.9204713322230396e-39,4.828033175245094e-27,1.0472274059346221e-35,1.0432902416525155e-54,4.9835915703559004e-48,1.5216440257540174e-51,3.9625058241397403e-44,4.720777879454341e-35,1.462846808964503e-62,9.877751558813682e-76
3.6567657748709683e-07,1.0000000605874e-10,0.0001769999999999938,2.474400704468284e-37,5.287337614231055e-31,1.6623311385891404e-46,8.400455415717814e-38,5.652862833623192e-59,8.880105119457122e-47,-1.1240950382996563e-106,-5.292400960990049e-89,-5.984709821104838e-99,6.713321154207264e-61,2.0864985573562235e-51,3.698789460309132e-75,2.137543749481457e-60,3.563351725300729e-56,7.938430783949489e-125,-6.867727540030415e-106,3.077305033950319e-87,-2.1387399499818282e-104,-6.39913958316202e-118,-1.2740651656122402e-103,5.788135501954668e-27,1.7793785516643862e-20,2.8829942220291e-27,1.179852039266065e-19,-9.306895763186583e-88,-2.270627010529941e-84,3.12866278031751e-41,2.7212052108548326e-28,9.276195269838767e-117,-1.823911293494061e-111,-1.7271839554905487e-84,-4.0915541793686684e-76,-2.270627010484684e-84,-8.80614870141554e-75,1.0426650801316118e-54,2.7833747926180866e-53,1.429200071155895e-43,3.298204699692136e-22,3.3899999902266175e-08,6.937965252528969e-32,1.0687074398388807e-25,1.711941697018417e-31,1.676108858114954e-24,1.7856866333434835e-53,4.700318082958847e-45,2.4097595828212066e-33,0.0001823239000020839,0.4999999999999994,9.471296743647425e-16,0.24999999999999892,9.281035452818777e-16,1.831473216942335e-25,3.888767690249328e-55,4.866675621982375e-54,1.397494952724504e-41,5.453955255086746e-58,-6.804635790376903e-69,8.560732668304488e-56,1.087539429357765e-62,-1.9124489367820127e-71,5.82457406630526e-36,2.0425062457923113e-35,1.761131525900409e-35,1.049511313269116e-22,0.0,1.527169096585788e-64,-2.0915692702458078e-81,2.782745767208786e-24,1.2861527028761346e-44,8.320245640514887e-37,2.972451761728845e-93,6.959439014818964e-36,9.773350089464954e-17,4.001034797180526e-41,9.403430368542726e-33,8.133010392065929e-42,2.7816883876287334e-40,1.7222755609588335e-31,1.306350842712783e-60,-1.980192555545985e-85,1.802114033452902e-54,1.256770369194515e-40,0.10000000149011591,2.0108910546784522e-16,6.956894646610702e-26,3.934071780923951e-41,1.5507466737188487e-72,-1.3711256104962718e-68,4.435427347077981e-49,-1.0576517933423325e-64,1.8120794988239015e-33,-2.550918437190951e-86,1.8129522409651667e-32,6.885619054725303e-32,-1.4111381892697736e-74,4.9196457424219e-50,-1.7246301383906465e-63,2.2559999999937693e-06,6.230928958551908e-18,6.179999999999948e-05,5.16211193906924e-19,2.390650503559199e-45,2.4176176589584806e-38,4.626135831243265e-47,1.40925623542256e-81,1.6491160643687542e-42,1.1580057411015922e-27,-1.6263912438603613e-56,1.2241253803849732e-36,-4.903461362934893e-120,-3.9112193004319225e-60,1.7033432666583846e-46,-4.085678573227587e-59,5.648049943153903e-35,3.739942354897513e-39,6.184786541587819e-83,4.306826082235087e-46,2.954448648787883e-35,0.0003339999999999928,7.167923124184238e-18,4.725920342528553e-26,1.7844957395188701e-38,-4.4441269243796106e-77,3.203457198073185e-49,6.608109859904746e-54,8.223215440006806e-68,8.067794447112531e-55,-1.3810017195741056e-79,2.6665465586786293e-21,1.6629997745777317e-26,7.068602869327912e-20,3.5099999999999295e-06,1.8117786296043385e-57,1.5357624276081778e-49,1.5214658852897964e-19,1.7799999999998479e-06,1.0377333563530527e-45,5.515368953514108e-41,-1.3300476331122004e-86,1.137417824070342e-60,0.0,0.0,2.659403616427598e-33,1.231870317616889e-22,7.361888513870525e-49,1.539518868220612e-23,5.235248078382714e-67,6.392654836313473e-39,5.23524807837984e-67,-5.684880860593257e-89,6.729679536150019e-57,6.107172025585621e-39,6.981742371993825e-27,2.189919457123544e-35,3.1549022357869987e-54,1.5070343681615926e-47,4.601440170650198e-51,8.412890445300817e-44,9.871899138890254e-35,4.471603041084991e-62,4.1596825465847796e-75
5.287991093946486e-07,1.0000000876144796e-10,0.00017699999999999105,3.578191782827442e-37,7.645935408054354e-31,3.476199514744518e-46,1.7566691789070427e-37,1.3416010402680586e-58,2.6853339072181045e-46,-1.806446544316736e-104,-8.815719637471904e-87,-9.801169076981522e-97,2.0301027646976677e-60,6.309555227490498e-51,-6.6783122638077885e-74,-2.6684830636113045e-59,1.077554532724216e-55,1.3614818305707334e-122,-1.1315949200831538e-103,-5.556204301439383e-86,-4.744974820733993e-102,-1.0584459013856388e-115,-2.1485219348048058e-101,8.384417741751429e-27,2.5731311478035924e-20,4.169052356483742e-27,1.7061653527009331e-19,-1.5503530901959768e-85,-3.7893185727133215e-82,9.456764741753002e-41,5.690473909108588e-28,2.3009339761596265e-114,-2.89699234117031e-109,-2.872558909346211e-82,-1.0387723875126748e-73,-3.789318572623315e-82,-2.5391341957483547e-72,-1.3016412787658883e-53,-3.474706852988424e-52,4.321890383920014e-43,4.769626805158934e-22,3.389999985866866e-08,1.004560289810452e-31,1.5454409145772332e-25,2.498993439561468e-31,2.4237944882345194e-24,5.399611402857928e-53,9.829132044917525e-45,3.484715307570186e-33,0.00018232390000301352,0.49999999999999906,1.3696292284669775e-15,0.2499999999999984,1.3421158403468625e-15,3.8299024683960015e-25,-4.841548341366932e-54,-6.061267342705581e-53,4.2260143401887037e-41,-6.808603595273717e-57,-1.9799699675505658e-66,-1.0658183810683098e-54,-1.3576743778638643e-61,-5.51428835552082e-69,1.2180112935471705e-35,6.176523738739014e-35,3.682806782033292e-35,1.5176816938656922e-22,0.0,-1.9064860050762834e-63,-6.030757825338004e-79,5.8191650203938076e-24,-1.6056060586330867e-43,1.739896005380147e-36,-4.126724231120627e-92,1.9458976874391496e-35,1.4133086812537297e-16,8.429181735451126e-41,1.9664071985537856e-32,2.45941629556665e-41,5.816994333920105e-40,3.601552763976886e-31,-1.6308210762085263e-59,-3.3009434851931374e-83,5.449578284086839e-54,2.6281078224076137e-40,0.10000000149011583,2.907917718194897e-16,1.4547975743133586e-25,8.226771327234349e-41,-1.9359212888844673e-71,-2.291598996977424e-66,-5.537094505222084e-48,-3.0495962975364773e-62,3.7893471184848026e-33,-6.290586404165037e-84,3.791172158456164e-32,1.3864880035674068e-31,-4.0688265528564736e-72,1.487697203270564e-49,-4.972738442047468e-61,2.2559999999909898e-06,9.01044772029726e-18,6.179999999999925e-05,7.464848346274584e-19,5.003902020179329e-45,5.088984180312029e-38,1.324162902751415e-46,-1.8890207471693678e-80,2.671208139826964e-42,2.421574612259585e-27,-4.6894797344498663e-54,3.701746056304176e-36,-8.175002150396675e-118,-1.1277472851827201e-57,-2.1264180606335417e-45,-1.1780503001556355e-56,1.1810972852223396e-34,1.1100689609424603e-38,1.1253488000125206e-80,1.3023809942974706e-45,6.178223126387075e-35,0.0003339999999999896,1.0365420132936504e-17,6.834078599808603e-26,5.145775992492934e-38,-4.1943357734856855e-74,9.687230673146424e-49,1.9981795645241602e-53,-1.0265906572082116e-66,2.439690519055084e-54,-3.0682715116027943e-77,3.85605076233567e-21,3.4775976411649776e-26,1.0221794700810511e-19,3.5099999999998978e-06,5.417132064510496e-57,4.644134125617506e-49,2.2001677292005613e-19,1.7799999999997799e-06,2.1700659871673624e-45,1.154345713382352e-40,-2.950823566501355e-84,3.439542286512602e-60,0.0,0.0,5.561236927362922e-33,1.7813881590731528e-22,2.2262296204034068e-48,2.2262738614438004e-23,-6.535574011840363e-66,1.3368060365848567e-38,-6.53557401192329e-66,-9.476115325928234e-87,2.035050096633595e-56,1.2771072992949165e-38,1.0096187181044379e-26,4.579470707271359e-35,9.540384554550011e-54,4.557260742042652e-47,1.391472075497841e-50,1.797571116627619e-43,2.064371489036104e-34,1.119909818909876e-61,-1.0565630329014834e-73
7.646880202668737e-07,1.0000001266979117e-10,0.00017699999999998704,5.174366693602571e-37,1.1056666546568188e-30,7.2692876467531e-46,3.673475395064712e-37,3.5502521599147605e-58,8.120425206091548e-46,-8.544630476300299e-104,-4.292026843969399e-86,-4.813021174988517e-96,6.139014816786679e-60,1.9080046750094952e-50,-3.162869944518372e-73,-1.2636315321687013e-58,3.2585163533991474e-55,7.228508309498055e-122,-5.631450147463388e-103,-2.631436056518791e-85,-2.2729032307161983e-101,-5.066389256288552e-115,-1.0425389457157793e-100,1.215444937467517e-26,3.72096420507184e-20,6.0288007240902556e-27,2.4672587004615967e-19,-7.548035687775217e-85,-1.819981952830928e-81,2.8588218719814813e-40,1.1899688111258478e-27,1.7933092593663637e-113,-1.3499351571829664e-108,-1.3791969481156943e-81,-4.9420741052447935e-73,-1.8199819527715985e-81,-1.2029284019731837e-71,-6.163782640999089e-53,-1.645410155033856e-51,1.3069364304844235e-42,6.897585458857936e-22,3.3899999795622986e-08,1.4553389341167978e-31,2.2348376507102836e-25,3.6626496173658855e-31,3.505010845444322e-24,1.6327982771518144e-52,2.0554335307963997e-44,5.039191900067611e-33,0.00018232390000435782,0.49999999999999867,1.9805991459499826e-15,0.24999999999999767,1.9408124624626017e-15,8.008936616638838e-25,-2.293100717405153e-53,-2.8707216352373857e-52,1.277943586129837e-40,-3.2241411926900896e-56,-9.380211987665557e-66,-5.0480315839584014e-54,-6.429121397493824e-61,-2.612423595622649e-68,2.547055792095105e-35,1.8677761806858435e-34,7.701336097082899e-35,2.1946954685956936e-22,0.0,-9.02795995733212e-63,-2.857103768519301e-78,1.2168801732194106e-23,-7.603175247834285e-43,3.638399922028803e-36,-1.9542532768545116e-91,5.552656364668964e-35,2.043763304100736e-16,1.7815399828334042e-40,4.1120709324068063e-32,7.437256548773402e-41,1.2164384840130738e-39,7.531420989009409e-31,-7.72257825877208e-59,-1.6061009154152856e-82,1.6479482525942478e-53,5.495794321054678e-40,0.1000000014901157,4.2050937747812776e-16,3.0422136412900526e-25,1.720349054418647e-40,-9.167347589673976e-71,-1.082797960507667e-65,-2.6220317032794164e-47,-1.4447625516517323e-61,7.924128934086418e-33,-2.9783672356469746e-83,7.92794537460592e-32,2.8221397415816513e-31,-1.9276283366585957e-71,4.4987852397601985e-49,-2.355861424554349e-60,2.25599999998697e-06,1.3029865796943903e-17,6.179999999999891e-05,1.0794799004600544e-18,1.0478081061352897e-44,1.0742758315036527e-37,3.901239795643743e-46,-8.945524021434e-80,4.4627801274960914e-42,5.0638985549250266e-27,-2.2216661006295085e-53,1.1194052497063164e-35,-4.149069135034984e-117,-5.342763067883478e-57,-1.0069424612843471e-44,-5.581076291858199e-56,2.4698627158029995e-34,3.313162579737415e-38,6.5972967448411104e-80,3.938390405776913e-45,1.2919649496014273e-34,0.00033399999999998497,1.4989269917783037e-17,9.882652893071738e-26,1.503689875112868e-37,-1.9870628821141436e-73,2.929411325631556e-48,6.042331398997888e-53,-4.861309973699913e-66,7.377599715907953e-54,-1.4671130996112786e-76,5.576173959277148e-21,7.272211055052649e-26,1.4781575487701842e-19,3.5099999999998525e-06,1.629640128093798e-56,1.4043826934225517e-48,3.1816277206129385e-19,1.7799999999996816e-06,4.537954242777217e-45,2.4169271811605703e-40,-1.4134819615281921e-83,1.04011491959857e-59,0.0,0.0,1.1629432993506565e-32,2.5760372048078526e-22,6.732101791207839e-48,3.219379383967725e-23,-3.094850962377276e-65,2.7954745309607665e-38,-3.0948509624165634e-65,-4.6106953978397585e-86,6.153976337540004e-56,2.6706357694262026e-38,1.4599936588909718e-26,9.57640332140649e-35,2.8850029268175705e-53,1.3781122544941177e-46,4.2078011712475364e-50,3.8748315434515715e-43,4.3169298880781345e-34,3.0665644264620053e-61,-5.004353642461141e-73
1.1058032397389417e-06,1.0000001832158442e-10,0.00017699999999998126,7.482570186491328e-37,1.598887128665566e-30,1.5201240203017844e-45,7.68182295749024e-37,1.2291603955001897e-57,2.4556118931728978e-45,-2.2158076928424009e-103,-1.1805829526718983e-85,-1.346820280542235e-95,1.8564337001015424e-59,5.769792240591309e-50,-6.676153461522382e-73,-2.4192128692884975e-58,9.853730677823298e-55,2.314202457876088e-121,-1.6159353396874348e-102,-5.554409803016005e-85,-6.019904579162398e-101,-1.3465553478762736e-114,-2.8480219122098525e-100,1.7638831495567913e-26,5.3808274054596017e-20,8.718153520791663e-27,3.5678637363408802e-19,-2.0761799820669774e-84,-4.870508601019814e-81,8.64318074820013e-40,2.4884144856173342e-27,8.579897129592977e-113,-3.387439966614893e-108,-3.688562777356077e-81,-1.2877649011659178e-72,-4.870508600772518e-81,-3.1010940258919245e-71,-1.1800487878179743e-52,-3.1501179836051e-51,3.952165989334678e-42,9.975124106524142e-22,3.3899999704453634e-08,2.110105500723251e-31,3.231763368693811e-25,5.398746381999765e-31,5.068540711827665e-24,4.937693145142494e-52,4.2982552890124967e-44,7.287096178314826e-33,0.0001823239000063018,0.49999999999999806,2.864113073421903e-15,0.2499999999999966,2.806578162523301e-15,1.6747963220713185e-24,-4.389256225299579e-53,-5.49503383202062e-52,3.864491845493053e-40,-6.172579588940372e-56,-2.4179414898341706e-65,-9.66250799611228e-54,-1.2308514607283445e-60,-6.734707744200942e-68,5.326299716930631e-35,5.648141179645979e-34,1.6104721528988326e-34,3.173714368475716e-22,0.0,-1.7283921106798055e-62,-7.365481960421509e-78,2.544690431314744e-23,-1.4556187517436185e-42,7.608474269783969e-36,-3.8667259404475163e-91,1.6097504113627708e-34,2.9554537478829787e-16,3.782527814978337e-40,8.598995849774382e-32,2.2490208157617112e-40,2.5438037903726925e-39,1.5749401941787454e-30,-1.4784783396389725e-58,-4.412298841494583e-82,4.9833836729881755e-53,1.149258778094005e-39,0.10000000149011551,6.080919533610652e-16,6.361753679942965e-25,3.597524186744533e-40,-1.7550781666702262e-70,-2.7992253139868356e-65,-5.019848153155932e-47,-3.7245313244944386e-61,1.6570616895319357e-32,-7.683104798014398e-83,1.6578597653618285e-31,5.789866338224116e-31,-4.969337093420128e-71,1.3604292953230946e-48,-6.073302256206777e-60,2.255999999981158e-06,1.8842282643065503e-17,6.179999999999844e-05,1.56101879247787e-18,2.1954050001824908e-44,2.2769883943531823e-37,1.2113584604936184e-45,-1.7516960098493716e-79,7.716620099065057e-42,1.0589419141099518e-26,-5.727352911288768e-53,3.3850730964829426e-35,-1.233338040304747e-116,-1.377339718403068e-56,-1.9277792406102686e-44,-1.4387757700628898e-55,5.1648766881731466e-34,9.927641830895044e-38,2.4214558055293913e-79,1.1909663165506068e-44,2.7017046756903675e-34,0.00033399999999997825,2.1675745851395706e-17,1.4291147942025257e-25,4.43759328182284e-37,-5.0845775531925885e-73,8.858517962755688e-48,1.8272421480570373e-52,-9.306984788749391e-66,2.230982547145128e-53,-3.871077532528739e-76,8.063616881762579e-21,1.5207352612856428e-25,2.137540229421927e-19,3.5099999999997864e-06,4.954103734451985e-56,4.246842772858502e-48,4.60090147591548e-19,1.7799999999995395e-06,9.489586701644455e-45,5.063270974799668e-40,-3.7436817003317704e-83,3.1453000531964022e-59,0.0,0.0,2.4318998363525397e-32,3.7251665987838147e-22,2.035782541516709e-47,4.655493556158323e-23,-5.925054959328986e-65,5.845782881212805e-38,-5.925054959430265e-65,-1.2666645240124681e-85,1.86095783644464e-55,5.58472759463281e-38,2.111273746564153e-26,2.0025786048651153e-34,8.724234179836098e-53,4.167401139004928e-46,1.272435930491481e-49,8.453140693431221e-43,9.027388605132668e-34,1.0255762819636833e-60,-1.1199464242500388e-72
1.5990845581579638e-06,1.0000002649455313e-10,0.00017699999999997291,1.0820427185238338e-36,2.312125539351122e-30,3.1788219259213475e-45,1.6063917284529607e-36,4.644071325896535e-57,7.425760219958576e-45,-3.544356242992731e-103,-2.2325372959940076e-85,-2.6575164312738642e-95,5.61384292227499e-59,1.7447810742231316e-49,-1.9394712498674308e-73,1.0395288978270666e-58,2.9797617269837045e-54,5.943281257365967e-121,-3.377984304729206e-102,-1.6136073487366054e-85,-1.024917500946316e-100,-2.3203576769762007e-114,-5.290942567249537e-100,2.5637879490756173e-26,7.781129276925937e-20,1.260718428529986e-26,5.159431244034359e-19,-3.926082253320807e-84,-8.558065883941386e-81,2.6132992486488214e-39,5.20367138079575e-27,3.3755671068179256e-112,-4.841411706416792e-108,-6.469806990305262e-81,-2.0850895145115536e-72,-8.558065883069446e-81,-4.8482269950539865e-71,5.070842722241111e-53,1.3536519573141714e-51,1.1951320337087786e-41,1.442619688150606e-21,3.389999957261508e-08,3.0630230872347777e-31,4.673401891952779e-25,8.02085594557089e-31,7.329536518637585e-24,1.4932282289652482e-51,8.988385717278388e-44,1.0537755570895434e-32,0.00018232390000911297,0.49999999999999717,4.141748581652898e-15,0.2499999999999951,4.058548220656782e-15,3.502266095416387e-24,1.8942002919219884e-53,2.3700347357612445e-52,1.1686194386698153e-39,2.6524481619123865e-56,-3.7788458748769646e-65,4.169892365525038e-54,5.288848274700644e-61,-1.0528991341069574e-67,1.1138141835204862e-34,1.7079936491109835e-33,3.3677540129433155e-34,4.589458097000794e-22,0.0,7.427153345517346e-63,-1.1515138977992499e-77,5.321353346708092e-23,6.255009045677293e-43,1.5910532632987534e-35,6.909768475903853e-92,4.722812132333788e-34,4.27383485429152e-16,8.082368383291425e-40,1.798187111859979e-31,6.801022087198845e-40,5.3196111322029564e-39,3.293451020254111e-30,6.3532381287790396e-59,-8.317312179361864e-82,1.506971777514389e-52,2.4032850476103338e-39,0.10000000149011525,8.7935214658013e-16,1.3303441029132586e-24,7.522996759602802e-40,7.541791534586819e-71,-4.431713468499133e-65,2.1571029114656955e-47,-5.8229041473744934e-61,3.4651801693344365e-32,-1.2047216278211605e-82,3.4668490648847695e-31,1.194603807770956e-30,-7.769024148677672e-71,4.1139280194562873e-48,-9.494954859220571e-60,2.2559999999727527e-06,2.724752662337889e-17,6.179999999999773e-05,2.257364558978968e-18,4.603858080377696e-44,4.853796759247949e-37,3.85161650009387e-45,4.500310149663974e-80,1.3830958946200014e-41,2.2144163509284793e-26,-8.954100370791574e-53,1.0236435648729624e-34,-2.775230154965399e-116,-2.15332253488655e-56,8.283951273519696e-45,-2.24937119373898e-55,1.0800580547787451e-33,2.98301141575785e-37,7.49614409066947e-79,3.601473240434614e-44,5.6496951838009766e-34,0.0003339999999999686,3.134495276387511e-17,2.066620289616702e-25,1.319015465899925e-36,-7.730761925546881e-73,2.678809210283344e-47,5.525838632395973e-52,3.9988429557516554e-66,6.746485898842275e-53,-6.517408905936753e-76,1.1660668711315396e-20,3.1800998540476955e-25,3.0910630847179287e-19,3.5099999999996907e-06,1.5136620962147219e-55,1.284242080186467e-47,6.653290783783429e-19,1.7799999999993341e-06,1.9844241456853926e-44,1.0615597703541193e-39,-6.3737961913257546e-83,9.511365684270546e-59,0.0,0.0,5.085490252552721e-32,5.386904400998429e-22,6.156191125597184e-47,6.732235521591607e-23,2.54608347402673e-65,1.2224463882027743e-37,2.546083473868394e-65,-2.3877437118236748e-85,5.627522525407888e-55,1.1678563116448407e-37,3.053079603963541e-26,4.187711122525794e-34,2.6382059968081665e-52,1.2602189759013564e-45,3.84783674247882e-49,1.873601880064592e-42,1.8877708725917966e-33,3.6868518521398197e-60,-7.723185123848719e-73
2.312410863204668e-06,1.000000383133538e-10,0.00017699999999996085,1.5647250333396972e-36,3.343528505304972e-30,6.647424204910255e-45,3.359221449315009e-36,1.7076165060227386e-56,2.2455470249953684e-44,2.5542266937621037e-104,-1.943977967842818e-85,-2.886893999617903e-95,1.697622329136516e-58,5.276205623755673e-49,5.452738595063495e-72,3.0473293959112754e-57,9.010780247361643e-54,1.3285360236356194e-120,-4.609204935120132e-102,4.5365494561176205e-84,-3.032921771667422e-101,-8.506313743730417e-115,-4.1160359817085617e-100,3.734773015677546e-26,1.1252167761956354e-19,1.8231050652813045e-26,7.460971798324743e-19,-3.418262232297992e-84,-4.075699305134648e-81,7.901777332459239e-39,1.0881706387562794e-26,1.201187494485561e-111,3.879145909639725e-108,-3.017632256648449e-81,2.1666918623526678e-75,-4.0756993022830536e-81,1.0540779572021415e-71,1.4864455052019072e-51,3.9680382765910505e-50,3.614070311939595e-41,2.0864271632678957e-21,3.389999938196543e-08,4.453715504460636e-31,6.758132590246827e-25,1.2045952550717854e-30,1.0599126802128399e-23,4.5157514608534716e-51,1.879629466547429e-43,1.523848392401292e-32,0.00018232390001317816,0.4999999999999959,5.989317073966995e-15,0.24999999999999287,5.8690022712956245e-15,7.323796703858045e-24,5.5339972593899835e-52,6.92730624342336e-51,3.533896424448802e-39,7.775274555678774e-55,8.301456123718497e-66,1.2182540814958324e-52,1.5504204561439897e-59,2.2891616187981626e-68,2.3291630237505214e-34,5.164959955825399e-33,7.042510525298742e-34,6.636742682843948e-22,0.0,2.1771647355573857e-61,2.503565123428841e-78,1.1127798114711233e-22,1.8335666301134583e-41,3.327146015691444e-35,4.273836206881741e-90,1.397840271023114e-33,6.180324877649711e-16,1.742315861148261e-39,3.760295899921808e-31,2.056623979194659e-39,1.1124493231072637e-38,6.88713111469329e-30,1.8623615348457876e-57,-7.10481488669068e-82,4.557072305285527e-52,5.025657389452358e-39,0.10000000149011484,1.271617217463675e-15,2.7819615695297853e-24,1.5731786044964364e-39,2.210777563442681e-69,6.014239540429093e-66,6.3232395029349386e-46,1.2659876222169975e-61,7.246244174075083e-32,2.3872715459790134e-83,7.249734075809633e-31,2.4747534017165994e-30,1.6891032184921092e-71,1.2440487575323155e-47,2.0643472714349295e-60,2.255999999960598e-06,3.940221687340634e-17,6.179999999999673e-05,3.264339144117238e-18,9.666460023397518e-44,1.0429029230084438e-36,1.2263766624168482e-44,2.0203757364550134e-78,2.5687058579036684e-41,4.630697586297651e-26,1.9467566487103282e-53,3.095490457821864e-34,-4.7091533320758554e-116,4.681648326309953e-57,2.428322369693771e-43,4.89047269665471e-56,2.2585735771038014e-33,8.980662932284804e-37,2.1624288619521523e-78,1.0890828161194718e-43,1.1814413303274385e-33,0.0003339999999999546,4.532743963967541e-17,2.9885069058521423e-25,3.9407856341861415e-36,3.071494160614137e-73,8.100699026380952e-47,1.6710984538717725e-51,1.1723209622642825e-64,2.04013600589958e-52,-1.5070724167811968e-76,1.6862308414282155e-20,6.650095725019384e-25,4.469937389810175e-19,3.509999999999553e-06,4.628149754400258e-55,3.8835384505749877e-47,9.621218468816497e-19,1.7799999999990372e-06,4.149748101058229e-44,2.2282039431962765e-39,-1.8861211256028383e-83,2.8762304728974344e-58,0.0,0.0,1.063457084717044e-31,7.7899170832360745e-22,1.861627573800349e-46,9.73537919357396e-23,7.463480944560146e-64,2.556330261942217e-37,7.46348094456359e-64,-2.0398882353107845e-85,1.701758584687464e-54,2.44217596386532e-37,4.415010214017567e-26,8.757171585361597e-34,7.97792863027891e-52,3.810892718350796e-45,1.1635829544655496e-48,4.238287600907037e-42,3.947629843586455e-33,1.3064228677846596e-59,6.398538713069411e-72
3.34394073971087e-06,1.0000005540433434e-10,0.0001769999999999434,2.2627244940566355e-36,4.8350244076421e-30,1.3900826132601317e-44,7.024668343774423e-36,5.978502838284508e-56,6.790524633913858e-44,3.0966282165590202e-102,7.511742901635952e-85,5.6768735423227646e-95,5.133598383531884e-58,1.595520824514085e-48,3.279023616113078e-71,1.655719470851607e-56,2.724854033737862e-53,2.6217533122400925e-120,1.8615449015572428e-102,2.728071138126393e-83,6.807813894175663e-100,1.4473091522134818e-113,2.06008233887744e-99,5.457926295892807e-26,1.6271581457361944e-19,2.6363635920924754e-26,1.078919311198254e-18,1.3212049436713231e-83,4.803399548988206e-80,2.389320069253109e-38,2.2755382692455863e-26,4.034009703944299e-111,6.241410916834902e-107,3.667514784490449e-80,1.738020126776375e-71,4.8033995498871024e-80,4.639435676190789e-70,8.076359011882519e-51,2.1559688214338236e-49,1.092892154576737e-40,3.0177299442541916e-21,3.389999910626999e-08,6.491317679311664e-31,9.772828759952451e-25,1.8354460011766642e-30,1.5327229637252413e-23,1.365624465344547e-50,3.9306493776344185e-43,2.203613544655154e-32,0.00018232390001905673,0.49999999999999406,8.661056643624207e-15,0.24999999999998965,8.487071149493199e-15,1.5315226362698242e-23,3.0062921046396355e-51,3.763281337465132e-50,1.0686476313860486e-38,4.2245684980803e-54,3.621006240400203e-64,6.6180510223651096e-52,8.423976268376587e-59,1.0075554768832113e-66,4.870651201479937e-34,1.5618800109853965e-32,1.4727012211027044e-33,9.59728849723271e-22,0.0,1.182926927002021e-60,1.1019233508783446e-76,2.3269999651805837e-22,9.962384865160295e-41,6.957592719250747e-35,2.385981449470246e-89,4.163624068221489e-33,8.93726987066154e-16,3.801203114484193e-39,7.86337813611067e-31,6.219215498061101e-39,2.326411182683506e-38,1.4402089070267746e-29,1.0118837405933411e-56,2.876839249873339e-81,1.3780555048529378e-51,1.0509466583160639e-38,0.10000000149011427,1.8388655262156874e-15,5.817525040076464e-24,3.2897674099665595e-39,1.201190143296038e-68,4.032780600303403e-64,3.435628931181095e-45,5.572137923478069e-60,1.5153051822523993e-31,1.139509242857874e-81,1.5160349688061208e-30,5.1413326049213324e-30,7.434447089603491e-70,3.7619941435476686e-47,9.08605006418175e-59,2.255999999943021e-06,5.697892201371028e-17,6.179999999999527e-05,4.7205091423610806e-18,2.033222293601936e-43,2.2652355052962245e-36,3.8741773927139763e-44,1.117654486741342e-77,4.934022678940801e-41,9.683526797610363e-26,8.568487363988905e-52,9.36073992609965e-34,-3.726577955333341e-116,2.0605885719531434e-55,1.319389313343347e-42,2.152500849790969e-54,4.723037415081936e-33,2.7073933921511894e-36,6.080481871336591e-78,3.293378296840392e-43,2.4705821661146813e-33,0.0003339999999999344,6.554729220937946e-17,4.321632571918588e-25,1.1816724531497577e-35,8.192954134935203e-72,2.4496453306291592e-46,5.053628283088178e-51,6.36964780549209e-64,6.169366008755593e-52,4.569303117497336e-75,2.438431723748219e-20,1.390641018962935e-24,6.463905692393325e-19,3.5099999999993536e-06,1.4132089524255156e-54,1.174379124793202e-46,1.3913091706352045e-18,1.7799999999986078e-06,8.677787416336958e-44,4.6846688080284315e-39,4.233671576833888e-82,8.697701064139537e-58,0.0,0.0,2.2238582997861214e-31,1.1264875584364237e-21,5.629547813173401e-46,1.407817770057359e-22,4.0551605108990114e-63,5.3456940510631224e-37,4.055160510914165e-63,8.257554223658521e-85,5.1461051860645386e-54,5.106986033751651e-37,6.384476654085129e-26,1.8312641917391604e-33,2.4125232593130394e-51,1.152411097726588e-44,3.5186661569906756e-48,9.831481683317703e-42,8.255123332996342e-33,4.465132395134186e-59,4.301342787107009e-71
4.835619763177152e-06,1.0000008011933075e-10,0.0001769999999999181,3.272090898550352e-36,6.991853861634509e-30,2.9068850287835507e-44,1.4689703690581686e-35,-2.8602972089566226e-56,2.0534310769905034e-43,-1.2061832169258674e-97,-6.991812126113721e-81,-5.523567282418303e-90,1.5523871659555146e-57,4.824838320000669e-48,-1.3611991977351765e-69,-1.3864234702363234e-55,8.2399172840619075e-53,1.2019559233432772e-114,-6.3644358854960615e-96,-1.132496070835251e-81,-1.2578920096216829e-96,-1.8728035997876878e-109,-2.9636676546349597e-95,8.012089094092971e-26,2.353007591628675e-19,3.812404113241204e-26,1.5602081169103788e-18,-1.2294653028414393e-79,-2.1434729208214905e-76,7.224927870342183e-38,4.7585132477171764e-26,1.2440901398617881e-105,-1.6463805637581665e-101,-3.304420334022308e-76,-1.5701349298028272e-68,-2.1434729203434553e-76,-1.4356684626348174e-67,-6.762305327714203e-50,-1.8051845393955726e-48,3.3048979472735114e-40,4.365105739162687e-21,3.3899998707591186e-08,9.493369433637203e-31,1.4132333396952455e-24,2.8497325622344805e-30,2.2164464480203538e-23,4.1279778398564936e-50,8.219749068875748e-43,3.1866117335860435e-32,0.00018232390002755766,0.4999999999999915,1.2524616985462942e-14,0.24999999999998507,1.2273018976490246e-14,3.202657955019538e-23,-2.5164206891637503e-50,-3.1501843143807615e-49,3.231582676843644e-38,-3.537215071394398e-53,-1.119125570985735e-61,-5.539647869584679e-51,-7.054044166845331e-58,-3.117871159847285e-64,1.0185308148835894e-33,4.7231140782509915e-32,3.0796530259552202e-33,1.3878486901435685e-21,0.0,-9.904605512507502e-60,-3.409890490217026e-74,4.8661278355084545e-22,-8.341463751894093e-40,1.4549435510600278e-34,-4.196912633561757e-88,1.2458117405379848e-32,1.292404428018065e-15,8.425935089498222e-39,1.64435770844108e-30,1.880686271126991e-38,4.865205998307774e-38,3.0117064104872707e-29,-8.472465218444418e-56,-1.863092142234297e-77,4.1672230747067667e-51,2.1977017769125076e-38,0.10000000149011345,2.6591543249537517e-15,1.2165371975694289e-23,6.879428516948493e-39,-1.0057605248524086e-67,-1.2996571340255507e-60,-2.876638107592592e-44,-1.7242920820840827e-57,3.1687447225931284e-31,-1.1052159227733417e-78,3.1702707998332444e-30,1.0702509970412778e-29,-2.3005823278286238e-67,1.1376242446851397e-46,-2.8116680879725626e-56,2.2559999999176033e-06,8.239631704679177e-17,6.179999999999317e-05,6.826253508156922e-18,4.287504560427099e-43,4.992070378747536e-36,7.458730323916629e-44,-1.619991865955343e-76,9.220979496327935e-41,2.0249798029388826e-25,-2.6515096689006418e-49,2.830681030296919e-33,-4.5815163226800104e-108,-6.37647266934012e-53,-1.1047195051731884e-41,-6.660891637717885e-52,9.876624188971381e-33,8.169672133450293e-36,6.135880633663844e-74,9.959151549514215e-43,5.1663811648484595e-33,0.00033399999999990507,9.478690019623632e-17,6.249444545049768e-25,3.552419420974141e-35,-2.3094782893309794e-69,7.407709341776495e-46,1.5275990054199194e-50,-5.334424448197391e-63,1.8655860554676772e-51,-8.104496205431355e-72,3.526177510981361e-20,2.9080520264513954e-24,9.34735168673714e-19,3.5099999999990643e-06,3.9224542264966024e-54,3.551313774539273e-46,2.011950164670579e-18,1.7799999999979865e-06,1.814664470879668e-43,9.872409873517132e-39,-7.822570869608545e-79,2.630173835510308e-57,0.0,0.0,4.6504422286922715e-31,1.6289957860053097e-21,1.7023712319428352e-45,2.0358229842329061e-22,-3.395369770862139e-62,1.1178698295678547e-36,-3.3953697713310204e-62,-5.349005690517368e-81,1.5561785368628694e-53,1.0679542395744343e-36,9.23249119958068e-26,3.8294653831509774e-33,7.295359827177257e-51,3.4848829302696255e-44,1.0640420405181854e-47,2.3488073522328536e-41,1.726277891189833e-32,2.7865948084940076e-60,-3.193148900384365e-69
6.992713183084506e-06,1.0000011585929576e-10,0.00017699999999988157,4.731720591849562e-36,1.0110812555456541e-29,6.078762026920286e-44,3.071851922740754e-35,-6.829664016483014e-55,6.20950753977504e-43,-7.387948935727123e-97,-4.427615039760622e-80,-3.512063890978085e-89,4.694379207359386e-57,1.4590261546354872e-47,-8.597240846544061e-69,-9.568131238787041e-55,2.491738860960596e-52,8.15522586126809e-114,-4.0939977636959024e-95,-7.152766995458332e-81,-7.916815417783209e-96,-1.1573172929879358e-108,-1.877304004239604e-94,1.1835982429887691e-25,3.402646937890805e-19,5.513058196948325e-26,2.2561922197660972e-18,-7.785675303271932e-79,-1.3373299983264658e-75,2.1847379236820683e-37,9.950809680075433e-26,1.2102141028442745e-104,-1.0006591751302631e-100,-2.0584342142420105e-75,-9.823274998124758e-68,-1.33732999792648e-75,-8.883716865353045e-67,-4.666907401247411e-49,-1.2458220595148762e-47,9.993987377018982e-40,6.314849477301996e-21,3.3899998131068083e-08,1.3950664020090355e-30,2.043654452311233e-24,4.529823286435682e-30,3.2051681932787735e-23,1.247824450667226e-49,1.7189212702531628e-42,4.608111048023012e-32,0.00018232390003985072,0.49999999999998773,1.8111650530277684e-14,0.24999999999997838,1.774781792089574e-14,6.697268250341767e-23,-1.736747186188408e-49,-2.1741362447494512e-48,9.772282508699151e-38,-2.441157947714648e-52,-6.925021097757212e-61,-3.823274838078042e-50,-4.8681968676069096e-57,-1.9292953415609267e-63,2.1299103095797774e-33,1.4282663378870632e-31,6.440045417046572e-33,2.0069460077718162e-21,0.0,-6.835520335526872e-59,-2.1099928461966516e-73,1.0175848871152945e-21,-5.756741084291158e-39,3.042518897792852e-34,-2.7352597536945624e-87,3.7395860911805564e-32,1.8689255432094784e-15,1.9062458508793095e-38,3.438614056881378e-30,5.687181663513344e-38,1.0174856775792797e-37,6.297958191507022e-29,-5.847149537265016e-55,-1.1754124204500144e-76,1.260163292063323e-50,4.59575920195956e-38,0.10000000149011226,3.8453609701800335e-15,2.543973124979865e-23,1.438598294211547e-38,-6.941104868358995e-67,-7.996416141715714e-60,-1.985270351061252e-43,-1.0669679670782322e-56,6.626350424029422e-31,-6.809661035400087e-78,6.629541625919072e-30,2.2310033314891097e-29,-1.423568369184071e-66,3.440167291797157e-46,-1.7398211172137563e-55,2.255999999880848e-06,1.1915200960192694e-16,6.179999999999013e-05,9.871337066687037e-18,9.073846717576858e-43,1.1210641058896287e-35,1.0429488887577406e-43,-1.0678416687954751e-75,1.6702724137749263e-40,4.234555512507113e-25,-1.640717333433971e-48,8.559959057488349e-33,-2.9984918312832435e-107,-3.945672660571087e-52,-7.624062373886814e-41,-4.121667175741726e-51,2.0653595725971822e-32,2.46685054804159e-35,4.581214966929367e-73,3.011640040922792e-42,1.0803726622287807e-32,0.0003339999999998628,1.3706983293143768e-16,9.037223029913633e-25,1.0698681824073688e-34,-1.429521160038859e-68,2.2400858173207486e-45,4.617697768312894e-50,-3.6813922733915358e-62,5.641445318715172e-51,-5.084620842033529e-71,5.099149472922153e-20,6.0812002653632396e-24,1.3517057289165105e-18,3.5099999999986467e-06,1.0861399138666257e-53,1.0739146536626776e-45,2.909449280197366e-18,1.7799999999970882e-06,3.794755062374677e-43,2.0874668515279913e-38,-4.923303659121279e-78,7.953613183553623e-57,0.0,0.0,9.724816059358038e-31,2.355664936884062e-21,5.1479583974602165e-45,2.943971376785511e-22,-2.3432655069677482e-61,2.3376439705284088e-36,-2.343265507257886e-61,-3.3746528473316724e-80,4.705872763126806e-53,2.2332687495434073e-36,1.3350960585978968e-25,8.008022661519069e-33,2.206085016534937e-50,1.053826102996003e-43,3.2176552480727698e-47,5.797421148383562e-41,3.609922269705498e-32,-3.682643999799572e-58,-1.995951315507768e-68
1.0112051826993984e-05,1.0000016754229333e-10,0.00017699999999982872,6.842469917081769e-36,1.4621093052980392e-29,1.2711666944809125e-43,6.423734193691063e-35,-1.3497160140996427e-54,1.8777567658346563e-42,-2.120563564355201e-96,-1.3565745120308168e-79,-1.0847987721237614e-88,1.4195781494185311e-56,4.412085811672458e-47,-2.392421437181662e-68,-2.248508498226208e-54,7.535006872283184e-52,2.813132250025145e-113,-1.2917292803068806e-94,-1.990457749220696e-80,-2.392965697398054e-95,-3.3817557614372037e-108,-5.756242050029871e-94,1.7638255399079092e-25,4.920513682761428e-19,7.972348202505585e-26,3.2626437716140374e-18,-2.3854475163561004e-78,-3.980111064576167e-75,6.606474215964215e-37,2.0808729019857214e-25,6.141522794817948e-104,-2.8263124594550987e-100,-6.110793007351027e-75,-2.9280589212617805e-67,-3.980111062789529e-75,-2.5659554765712765e-66,-1.0967061087542086e-48,-2.927636066764422e-47,3.0221742405764476e-39,9.137113674149224e-21,3.389999729736717e-08,2.0639018707550866e-30,2.9552965448985663e-24,7.405518545152159e-30,4.63494313779937e-23,3.7739791957742684e-49,3.594661489786883e-42,6.663721252189495e-32,0.00018232390005762755,0.49999999999998224,2.6190971499029302e-14,0.24999999999996875,2.5664837434127102e-14,1.4005055278782218e-22,-4.0812523495260105e-49,-5.1090973314201445e-48,2.9551308585070155e-37,-5.7366314334957284e-52,-2.0001952570874113e-60,-8.984467842751337e-50,-1.1440316867682737e-56,-5.572539191539569e-63,4.453982010802661e-33,4.319066539696829e-31,1.346716157853967e-32,2.902212825451359e-21,0.0,-1.6063222702911114e-58,-6.094462331748311e-73,2.1279321638624356e-21,-1.3528128869090746e-38,6.3623920074163255e-34,-7.18143256190984e-87,1.1250472307896364e-31,2.702623557880651e-15,4.4224702819985814e-38,7.190690008109827e-30,1.71979943755194e-37,2.1280076453779356e-37,1.3170034476358897e-28,-1.374058690003658e-54,-3.575095387163502e-76,3.810726531299869e-50,9.610508795156326e-38,0.10000000149011055,5.560715620082848e-15,5.319853073939596e-23,3.008338777105229e-38,-1.6311370896390407e-66,-2.3135552198778037e-59,-4.66531204068681e-43,-3.081809475281349e-56,1.3856755249287826e-30,-1.9693792767364288e-77,1.386342835280523e-29,4.655171189640706e-29,-4.1118072038513575e-66,1.0403040117088424e-45,-5.02526536324608e-55,2.255999999827696e-06,1.723038346986344e-16,6.179999999998573e-05,1.427478412640564e-17,1.9301467633963994e-42,2.577602323944231e-35,4.608598541780789e-43,-2.7436837212396866e-75,3.3513411380577716e-40,8.855130411469536e-25,-4.7390160609388573e-48,2.58852513601174e-32,-9.751963323052874e-107,-1.1396604241010562e-51,-1.7916265856793724e-40,-1.1904943369897805e-50,4.318996129117279e-32,7.45209953631709e-35,1.80520537252043e-72,9.107176936367527e-42,2.2592314635523502e-32,0.00033399999999980163,1.9821450949348077e-16,1.3068585593939806e-24,3.226112137793669e-34,-4.126667577842857e-68,6.77400273178287e-45,1.3965983149433686e-49,-8.65152778923543e-62,1.705977601997317e-50,-1.5274310943628714e-70,7.373799324083018e-20,1.271675884174049e-23,1.9546802547153934e-18,3.5099999999980428e-06,3.4044588445929233e-53,3.247509869443618e-45,4.207308541949292e-18,1.779999999995789e-06,7.935444929096198e-43,4.434743214613042e-38,-1.488135521741614e-77,2.4051681089481155e-56,0.0,0.0,2.033614066004004e-30,3.4064896049095605e-21,1.5567387148379049e-44,4.257230378719428e-22,-5.5065875774568356e-61,4.8883860449068784e-36,-5.506587578294863e-61,-1.0264238201637759e-79,1.4230523510569258e-52,4.670139673707667e-36,1.9306615303993628e-25,1.6746052175713655e-32,6.671216226222611e-50,3.1867621378158152e-43,9.73016536773904e-47,1.4801653231633896e-40,7.548922945124822e-32,-6.61708495911762e-58,-5.660517592433062e-68
1.462287805528269e-05,1.000002422802579e-10,0.0001769999999997523,9.894795202190834e-36,2.114334607411396e-29,2.6582142609396795e-43,1.3433058644356972e-34,2.4892443572802343e-54,5.678380496476416e-42,-3.785580558084786e-96,-2.863390174329875e-79,-2.3322614031024558e-88,4.292815769921169e-56,1.3342129402547317e-46,-3.767317192461142e-68,-8.77705310531252e-55,2.2785870302957368e-51,7.457804561041298e-113,-2.9074589713646266e-94,-3.1343578838510453e-80,-4.890783032827154e-95,-6.345488612188132e-108,-1.2171858144640358e-93,2.6598883397208633e-25,7.115476551023305e-19,1.152869077132017e-25,4.718057341867406e-18,-5.0350782673492845e-78,-7.833178945584661e-75,1.99775994845659e-36,4.351436854646578e-25,2.472127943030638e-103,-4.809031066520648e-100,-1.1951529037264412e-74,-5.779090957994072e-67,-7.833178939102003e-75,-4.643893291159038e-66,-4.2797748685214294e-49,-1.142477417973244e-47,9.139031606133857e-39,1.3224139108228061e-20,3.389999609176552e-08,3.0818533123272325e-30,4.2736079560411824e-24,1.2496971666273594e-29,6.702518220508839e-23,1.1417695008252952e-48,7.517382451456028e-42,9.636312106967359e-32,0.00018232390008333433,0.49999999999997435,3.787435008580568e-14,0.2499999999999548,3.7113512831305804e-14,2.9286802322887024e-22,-1.5921934458990652e-49,-1.9932600808495426e-48,8.936292961244456e-37,-2.238656223303039e-52,-3.6198855478746575e-60,-3.505053483056426e-50,-4.4662315277707434e-57,-1.0085240768862938e-62,9.313986445390518e-33,1.3060823119792355e-30,2.8161981602986424e-32,4.196843971880805e-21,0.0,-6.2685021007732025e-59,-1.1029822694227666e-72,4.449845211234732e-21,-5.2791929480630715e-39,1.3304775835726288e-33,-8.541403647867404e-87,3.390003800853155e-31,3.908220968779941e-15,1.0567174859099494e-37,1.5036878631565798e-29,5.200660190968703e-37,4.450858717782391e-37,2.7540641276950022e-28,-5.3621136650604896e-55,-7.418858110823855e-76,1.1523628651002744e-49,2.009723803012234e-37,0.10000000149010807,8.041262822194164e-15,1.112465998607358e-22,6.290917296926249e-38,-6.3655554527385e-67,-4.223106206992851e-59,-1.8205835311963863e-43,-5.5774911985653895e-56,2.897668468328346e-30,-3.5872744347847e-77,2.899063857643517e-29,9.719936973731735e-29,-7.441592335426911e-66,3.1458714853117554e-45,-9.094777927120555e-55,2.255999999750834e-06,2.491658474844723e-16,6.179999999997936e-05,2.0642539068751334e-17,4.135021624976951e-42,6.095609725059623e-35,2.729430669141664e-42,-2.854933540414304e-75,8.046656002848976e-40,1.851748864921438e-24,-8.576721631935227e-48,7.827679845955632e-32,-2.331598502480784e-106,-2.0625695541409192e-51,-6.991618910911499e-41,-2.154569301948132e-50,9.031709446941235e-32,2.25191189053085e-34,5.750980446036154e-72,2.754003451004144e-41,4.724413136683879e-32,0.00033399999999971316,2.8663485185793314e-16,1.889827566044505e-24,9.736580564025834e-34,-7.454028471150755e-68,2.0484533194913024e-44,4.225230882194653e-49,-3.3791416991532396e-62,5.158943903987067e-50,-3.075364637605937e-70,1.0663134461969667e-19,2.659276889144323e-23,2.826632170349427e-18,3.5099999999971695e-06,1.1396764500876024e-52,9.820445374158933e-45,6.084122272519687e-18,1.7799999999939106e-06,1.659430198241602e-42,9.483974695024132e-38,-3.0414745116969197e-77,7.273224025287735e-56,0.0,0.0,4.252611194129816e-30,4.926070339832e-21,4.707565693940452e-44,6.156313407327643e-22,-2.148882514342755e-61,1.0222394024976578e-35,-2.148882515859431e-61,-2.1299861600820496e-79,4.3032991458250896e-52,9.76606308864334e-36,2.7918996107426558e-25,3.501866520132727e-32,2.0173998304808304e-49,9.636743728529894e-43,2.9423946721251565e-46,3.905184005078007e-40,1.578600127793416e-31,2.1487240757447303e-57,-9.59669472022655e-68
2.1145912449623337e-05,1.0000035035764529e-10,0.00017699999999964177,1.430872322798283e-35,3.0575089349627505e-29,5.5587561839745315e-43,2.809068639125916e-34,3.084192181333487e-53,1.717158622240929e-41,-1.4044025048867603e-96,-3.6213870471468505e-79,-3.158350767448352e-88,1.2981525327385454e-55,4.0346552401361614e-46,1.6241596073818348e-68,1.8357493767338375e-53,6.890453507894496e-51,1.688265079650018e-112,-4.5643320457100624e-94,1.3512252152874658e-80,-5.398260857560455e-95,-4.141162457648471e-108,-1.5501838133972521e-93,4.0748777288287603e-25,1.0289577184397127e-18,1.6671466147008663e-25,6.8227076863672165e-18,-6.367935066859867e-78,-7.122699685158574e-75,6.041142133741465e-36,9.09954781476551e-25,8.889615958505171e-103,-4.140953758137198e-101,-1.047489853364759e-74,-5.3359102168856626e-67,-7.122699663669365e-75,-2.0711841643510583e-66,8.954605164177395e-48,2.3904150005602325e-46,2.7636360743122136e-38,1.9146437769536734e-20,3.3899994348364134e-08,4.6600421262341374e-30,6.179997663919022e-24,2.1810601516282724e-29,9.692406172475515e-23,3.454551102133403e-48,1.5721170726729847e-41,1.3934940596503295e-31,0.00018232390012050848,0.499999999999963,5.476949981969848e-14,0.2499999999999346,5.366925860184066e-14,6.1243369662719925e-22,3.332651602313654e-48,4.171912355728903e-47,2.7023280743401853e-36,4.683960115444508e-51,-1.6139525788163665e-60,7.336498828359735e-49,9.339897396811639e-56,-4.498037405080069e-63,1.947703050862579e-32,3.949582504035389e-30,5.889119251244089e-32,6.06898952424061e-21,0.0,1.311561706831595e-57,-4.91932205150251e-73,9.305335188539112e-21,1.1045723550651238e-37,2.7822406874024028e-33,2.2364834907839103e-86,1.022597872611743e-30,5.651616111408901e-15,2.608654851827391e-37,3.1444508829191965e-29,1.5726755929302074e-36,9.310042186598194e-37,5.759187027044779e-28,1.1219188381056375e-53,-8.75850983154676e-76,3.484743839344472e-49,4.202692796308617e-37,0.10000000149010448,1.1628342859693665e-14,2.32634348475787e-22,1.3155315173527603e-37,1.3318093396859484e-65,-2.1042040557815716e-59,3.809229174130792e-42,-2.4875698084541535e-56,6.0594868364480266e-30,-1.7413241661014517e-77,6.062404627407498e-29,2.030458165215748e-28,-3.31896422091851e-66,9.513091604195793e-45,-4.056284185803536e-55,2.255999999639685e-06,3.6031478731455577e-16,6.179999999997014e-05,2.985084839292672e-17,8.94571147981181e-42,1.48801133204876e-34,1.299343942058894e-41,1.1125168552381391e-74,2.2630173997180363e-39,3.872301861481967e-24,-3.8252342963373894e-48,2.36708424359361e-31,-4.288133509260355e-106,-9.199100176545144e-52,1.4628634909914706e-39,-9.609420326283711e-51,1.8886744302209415e-31,6.806423860253158e-34,1.6785564501527145e-71,8.328085679391938e-41,9.879500970059026e-32,0.0003339999999995852,4.14498095752022e-16,2.7328499188192142e-24,2.9403282032946877e-33,-3.2395775944099347e-68,6.194507370496372e-44,1.2783907624230438e-48,7.06208993930609e-61,1.5600893039212238e-49,-3.159394411164241e-70,1.5419789928577425e-19,5.560971566772608e-23,4.087548031071045e-18,3.5099999999959066e-06,3.837280340748315e-52,2.9696952695257885e-44,8.798152894099181e-18,1.7799999999911941e-06,3.470139611577982e-42,2.046820569988355e-37,-3.3570562164766727e-77,2.1994223742650106e-55,0.0,0.0,8.892887904869994e-30,7.123511604256322e-21,1.4235641536008533e-43,8.902547261323761e-22,4.4961303393943964e-60,2.1376654036720617e-35,4.49613033932675e-60,-2.5146213784427985e-79,1.3013142576033621e-51,2.0422565724964828e-35,4.037322950222951e-25,7.322961293626998e-32,6.100705010218275e-49,2.914143688859285e-42,8.89777927092101e-46,1.0615561369934825e-39,3.3011045115244975e-31,2.1221774864496563e-56,-4.749216663490974e-69
3.0578769216063876e-05,1.0000050664664419e-10,0.00017699999999948196,2.0691653502834351e-35,4.4214218753991267e-29,1.1624264992057748e-42,5.874216171247364e-34,1.5810061681428098e-52,5.192732138316122e-41,2.442845946851695e-95,3.723226273013808e-79,1.8290479022591495e-88,3.925626948114814e-55,1.2200781979607783e-45,4.18474956961782e-67,1.1394399908140632e-52,2.0836744870078287e-50,3.326084766326768e-112,-1.3351910405631043e-94,3.4816248232081466e-79,1.0900594355658071e-94,3.0644661253910403e-107,1.5204351039966844e-93,6.370352682555544e-25,1.4879592979838964e-18,2.4108362108412936e-25,9.866208857675531e-18,6.547212301512564e-78,2.6238297013018004e-74,1.8268224025967584e-35,1.9028604052540146e-24,3.001319690751628e-102,3.893144322621911e-99,4.2295051572607174e-74,1.8896946032411802e-66,2.6238297081216847e-74,2.797878551633051e-65,5.557939867643594e-47,1.4836815533572204e-45,8.357214131610359e-38,2.773591635235595e-20,3.3899991827259155e-08,7.164203032115115e-30,8.936798574604323e-24,3.935866557424189e-29,1.4016036553726654e-22,1.0451677649441688e-47,3.2878878100102726e-41,2.0151145482232092e-31,0.00018232390017426547,0.49999999999994643,7.920131031063898e-14,0.24999999999990544,7.761025529180342e-14,1.2806964058042142e-21,2.068456556471961e-47,2.589364242104702e-46,8.171819238800002e-36,2.9072379111771317e-50,2.1812314562005513e-59,4.553499925780425e-48,5.7972817069956984e-55,6.0762098843758315e-62,4.072957585687138e-32,1.1943506179478886e-29,1.231508701136691e-31,8.776269458998709e-21,0.0,8.140595362784467e-57,6.645307107115266e-72,1.945893768872741e-20,6.855853015569557e-37,5.818108685372891e-33,2.0314940605789607e-85,3.08702352717089e-30,8.172711836070648e-15,6.661353878750844e-37,6.575547607969168e-29,4.7557587896296165e-36,1.947660576685202e-36,1.2043377845651867e-27,6.9635203477806315e-53,1.3246439229300558e-75,1.0537859222480732e-48,8.788621402824096e-37,0.10000000149009927,1.6815562512060423e-14,4.864754281256585e-22,2.7509874309354493e-37,8.266292512569311e-65,2.415455120692267e-58,2.3643101122638014e-41,3.360358125629187e-55,1.267135334565316e-29,2.0786934738261142e-76,1.2677454335475424e-28,4.242923390505118e-28,4.48345083855516e-65,2.876751720591343e-44,5.479473310773092e-54,2.255999999478954e-06,5.210455095232361e-16,6.179999999995682e-05,4.316683812657401e-17,1.961027741956848e-41,3.7567534528655252e-34,5.247251201882179e-41,8.905354331078106e-74,6.926617021489033e-39,8.097599844057573e-24,5.167349528720667e-47,7.15804425193987e-31,-4.690515454026579e-106,1.242668010670765e-50,9.079693077927827e-39,1.2980965437760824e-49,3.949519328823223e-31,2.0575587991958957e-33,4.736616113244647e-71,2.5184068373761623e-40,2.0659611315811633e-31,0.00033399999999940026,5.993990805320068e-16,3.951931409279842e-24,8.88315206986173e-33,4.540164818669318e-67,1.8732143556012868e-43,3.867746522604682e-48,4.383628328469133e-60,4.7177777166179044e-49,8.209835498338874e-70,2.22983140919627e-19,1.1628877012809527e-22,5.9109384948704924e-18,3.50999999999408e-06,1.2690974834225e-51,8.98033610144539e-44,1.2722869606149694e-17,1.7799999999872658e-06,7.25663485354963e-42,4.472464136717474e-37,6.778895299972371e-77,6.65105037860351e-55,0.0,0.0,1.859644614569031e-29,1.0301195835450847e-20,4.304846822579036e-43,1.2873832459834336e-21,2.790655637127947e-59,4.470198683457235e-35,2.790655637219323e-59,3.8030207758525874e-79,3.935164067407373e-51,4.270735748470224e-35,5.838311150487999e-25,1.5313479886854573e-31,1.844877279108624e-48,8.812347590262472e-42,2.6906817389288302e-45,2.960519066926141e-39,6.903135744579165e-31,1.0512036097921171e-55,7.987112129949335e-67
4.4219474047143965e-05,1.000007326536913e-10,0.00017699999999925092,2.992194891273474e-35,6.393762176887035e-29,2.430822973199328e-42,1.2283940054341984e-33,-4.705617778439167e-52,1.5701944794649948e-40,-1.4547886656934228e-90,-1.2947519204765174e-74,-2.6347927123335793e-83,1.1867736793931622e-54,3.6894851089501564e-45,-5.406773144287815e-65,-5.105061015061031e-52,6.300920750044496e-50,2.668157986770315e-106,-3.0308792316590253e-88,-4.4989015749749356e-77,-5.327996386074537e-91,-7.00525170508556e-103,-9.938368844467449e-89,1.0211089471108319e-24,2.1517140315751546e-18,3.486276065068491e-25,1.4267366940567393e-17,-2.276713933106247e-73,-1.0252871204458034e-70,5.524269190992725e-35,3.979184134041444e-24,5.449623360033419e-97,-7.912808199053145e-94,-9.625990066100065e-70,-5.44523006303191e-63,-1.0252871182883343e-70,-6.834475580125285e-63,-2.4878942656151015e-46,-6.641380672171632e-45,2.5272163666827946e-37,4.0210007480913285e-20,3.389998818152948e-08,1.1249599555777091e-29,1.292336668310012e-23,7.326610400166964e-29,2.0268371563892935e-22,3.153053079354096e-47,6.876526558815635e-41,2.914036003843376e-31,0.00018232390025200247,0.4999999999999226,1.1453176872153732e-13,0.24999999999986325,1.1223094078220024e-13,2.6781400860676447e-21,-9.25864484125911e-47,-1.1590352189256555e-45,2.471153029120151e-35,-1.3013616520538908e-49,-5.327417111924261e-57,-2.0381965473106006e-47,-2.5982977505687784e-54,-1.4842635998227305e-59,8.517203618231804e-32,3.611710012759383e-29,2.5752809639607373e-31,1.2691223883414102e-20,0.0,-3.64397691796886e-56,-1.6232738736158186e-69,4.069173585651816e-20,-3.068858430479039e-36,1.216659236620514e-32,-1.2233114488093485e-83,9.324047262545207e-30,1.1818427634418498e-14,1.7577619345985156e-36,1.3750516876240048e-28,1.4381385794266145e-35,4.075233665769873e-36,2.5184621940951262e-27,-3.117074265456868e-52,-8.895902126015605e-72,3.186599862015177e-48,1.837877261992854e-36,0.10000000149009179,2.431671872841862e-14,1.0172974285167625e-21,5.75275489150213e-37,-3.700727327739243e-64,-6.230230081615687e-55,-1.0583276497275344e-40,-8.208458340357651e-53,2.6497821014495725e-29,-4.1209998992415114e-73,2.6510577414306206e-28,8.868163065997636e-28,-1.0951907035079338e-62,8.699276846493223e-44,-1.3384875719780086e-51,2.255999999246524e-06,7.534756622679107e-16,6.179999999993757e-05,6.242287881798223e-17,4.3737553997578375e-41,9.806707036541182e-34,-3.410427766554327e-41,-3.6901422696308136e-72,-5.116159472725526e-39,1.6933370159462357e-23,-1.262247948805737e-44,2.1645884436676184e-30,-2.1745235661449318e-98,-3.035523352476243e-48,-4.064320424550659e-38,-3.1709080591806305e-47,8.259074554466468e-31,6.220585552047748e-33,2.8399551178842502e-67,7.615644250635559e-40,4.320254018920543e-31,0.0003339999999991328,8.667814089407579e-16,5.714826297103351e-24,2.6845081959630585e-32,-1.0966704485397876e-64,5.6645869209211085e-43,1.1668184883925105e-47,-1.9677711936195226e-59,1.4265356138861298e-48,-3.430510616958936e-66,3.22452389841818e-19,2.4317832485394485e-22,8.547714577369226e-18,3.5099999999914397e-06,2.2477562002833604e-51,2.7156472505353502e-43,1.8398340304255286e-17,1.7799999999815852e-06,1.517483994639073e-41,9.93395531965644e-37,-3.3129861978289464e-73,2.0112345823095468e-54,0.0,0.0,3.888813301612568e-29,1.489639303782441e-20,1.3017832659533473e-42,1.861664490379843e-21,-1.249173066464115e-58,9.347896685200506e-35,-1.2491730686962064e-58,-2.5540852502372236e-75,1.1899914513020295e-50,8.930945564061388e-35,8.442694238449485e-25,3.20229289031799e-31,5.578476223546766e-48,2.6648490339321555e-41,8.136602487725551e-45,8.43059577890297e-39,1.4435557180394362e-30,-2.8100628130116847e-55,-1.3965051045568528e-64
6.394508134679367e-05,1.0000105947890439e-10,0.00017699999999891677,4.3269823537004614e-35,9.245948079373262e-29,5.0832424086463585e-42,2.5687729951509233e-33,-7.348667343741523e-51,4.747732674689818e-40,-1.3015753526622648e-89,-1.2165217467105308e-73,-2.471510931310805e-82,3.586750104251385e-54,1.1156836524315984e-44,-5.032389828596482e-64,-6.884875865325649e-51,1.9053341811545254e-49,2.6378537876210413e-105,-2.8720738298216044e-87,-4.187383484947137e-76,-4.965485860875554e-90,-6.395570645617146e-102,-9.318368934182434e-88,1.6855212147610444e-24,3.1115588590973187e-18,5.041457103539511e-25,2.0631810341448357e-17,-2.1391526315915904e-72,-9.465733203669521e-70,1.6705297776641333e-34,8.32110739308647e-24,7.69175830927686e-96,-7.1380380998964595e-93,-8.862622470393329e-69,-5.058477582379376e-62,-9.465733177528135e-70,-6.312902238077358e-62,-3.356238151248715e-45,-8.959408792577718e-44,7.642290004030485e-37,5.835938727035563e-20,3.389998290949822e-08,1.81280801552459e-29,1.8688283801918112e-23,1.4013978408568475e-28,2.9309777512504605e-22,9.487796323623433e-47,1.4383023774792515e-40,4.213965692141454e-31,0.0001823239003644168,0.4999999999998881,1.6562259377342777e-13,0.24999999999980224,1.6229534338998407e-13,5.6004170594814216e-21,-1.2490321225495783e-45,-1.5635869725497781e-44,7.472754512498643e-35,-1.7555736852115312e-48,-4.920861211816668e-56,-2.7496178497970665e-46,-3.50375989683271e-53,-1.370991967161845e-58,1.7810830515254439e-31,1.092180074065753e-28,5.385322872033842e-31,1.8352577018699465e-20,0.0,-4.915820618879654e-55,-1.4993937188953629e-68,8.509289162041518e-20,-4.139983197164006e-35,2.544228296384798e-32,-1.1613978754776972e-82,2.8172676624915875e-29,1.7090437826571984e-14,4.7788133156573476e-36,2.8754518513701745e-28,4.348924527078084e-35,8.529111557414513e-36,5.266505609814353e-27,-4.205018666285524e-51,-8.291661343582907e-71,9.636000117663272e-48,3.843404104727143e-36,0.10000000149008094,3.5164021976204806e-14,2.1273303571476917e-21,1.2029923954667774e-36,-4.992169755235834e-63,-5.684025026325942e-54,-1.4277157658239815e-39,-7.58202928797176e-52,5.54111713363758e-29,-3.7611921743166726e-72,5.5437841732556035e-28,1.8538283796330073e-27,-1.0116111902659974e-61,2.6306555250015752e-43,-1.2363407883169043e-50,2.2559999989104104e-06,1.089589226393835e-15,6.179999999990972e-05,9.02687317975503e-17,9.97067912413351e-41,2.6406422127988354e-33,-1.3073259551904065e-39,-3.552026090333988e-71,-1.655092045425663e-37,3.541037035900015e-23,-1.165919486461652e-43,6.545706829308403e-30,-2.0922712785763332e-97,-2.803867219746176e-47,-5.4828859127599945e-37,-2.9289202004701336e-46,1.7271041565906794e-30,1.8807972887477462e-32,3.081877106479402e-66,2.3029656217763748e-39,9.03433969567145e-31,0.000333999999998746,1.2534386388532244e-15,8.264121614552389e-24,8.114278691503013e-32,-1.0130762883679146e-63,1.7129672905621538e-42,3.51105328130539e-47,-2.6521804160318456e-58,4.3131032790158534e-48,-3.1873771276623426e-65,4.662932959082375e-19,5.085245470930681e-22,1.2360714726065106e-17,3.5099999999876213e-06,-3.1345590028682406e-51,8.212099001560949e-43,2.6605548619733214e-17,1.7799999999733705e-06,3.1733189760556323e-41,2.2531389260808462e-36,-3.087569801489158e-72,6.081722617254548e-54,0.0,0.0,8.132128408295663e-29,2.1541431499143017e-20,3.936587880981176e-42,2.6921234622822483e-21,-1.685171138250885e-57,1.9547937967241855e-34,-1.685171140312634e-57,-2.380603018846644e-74,3.5985301087318444e-50,1.8676503508541888e-34,1.2208856752506938e-24,6.696505299201485e-31,1.6866653855401912e-47,8.05849421732023e-41,2.460503141837805e-44,2.440249378999645e-38,3.0187050888404126e-30,-4.590691910503e-54,-1.2943337446140242e-63
9.246996977143298e-05,1.0000153209567146e-10,0.00017699999999843356,6.257217773864266e-35,1.3370483128875706e-28,1.0629908797471182e-41,5.3717299177795e-33,-2.0948444796474962e-50,1.4357220660973147e-39,-4.117250423374879e-89,-4.2283328418235697e-73,-8.566836750787443e-82,1.0845568333605169e-53,3.373821704995994e-44,-1.645413067172528e-63,-1.9672064984475517e-50,5.761728997068965e-49,9.98911375287458e-105,-1.0137902213219997e-86,-1.3691345572426893e-75,-1.6979467793371733e-89,-2.1066653415715213e-101,-3.227165530123218e-87,2.8742733761983966e-24,4.499574464479903e-18,7.290389456417629e-25,2.983532778563812e-17,-7.435172531750005e-72,-3.180103851144818e-69,5.051656208831003e-34,1.7400759101982842e-23,4.2799497615251856e-95,-2.2965666591321536e-92,-2.9670079175090706e-68,-1.7180889518933355e-61,-3.180103838382231e-69,-2.0705263123024494e-61,-9.58884311988235e-45,-2.5597217286153436e-43,2.311022648901476e-36,8.483660616725318e-20,3.389997528569872e-08,3.0104738469589296e-29,2.702484773469008e-23,2.741525168989596e-28,4.238441836385769e-22,2.8701114760132265e-46,3.008660580284684e-40,6.093805651864874e-31,0.0001823239005269774,0.49999999999983824,2.3950424477177623e-13,0.249999999999714,2.3469263618908765e-13,1.1711362437735656e-20,-3.5685106221529163e-45,-4.467200585557193e-44,2.2597552509796033e-34,-5.0157102443137285e-48,-1.6139595038986973e-55,-7.855714550905211e-46,-1.0011615651856039e-52,-4.4966249199100666e-58,3.7245285958727336e-31,3.302744030508858e-28,1.1261568120881743e-30,2.653936916049965e-20,0.0,-1.40446076789365e-54,-4.917761109145753e-68,1.7794275606749956e-19,-1.1828011587339346e-34,5.320386582146937e-32,-3.782273596355376e-82,8.514545106009266e-29,2.471420473330861e-14,1.3328879728905637e-35,6.0130268986237205e-28,1.3151114391295315e-34,1.785735929935019e-35,1.1013101810919218e-26,-1.2013827580028614e-50,-2.8369565758333814e-70,2.9139200467499025e-47,8.037503886502499e-36,0.10000000149006526,5.0850135470615704e-14,4.44858466615357e-21,2.515650727467518e-36,-1.4262942312254899e-62,-1.8653623406112076e-53,-4.079011727340995e-39,-2.486778609803676e-51,1.1587360289062287e-28,-1.2343156210859755e-71,1.1592935900620772e-27,3.87571650846859e-27,-3.31791577978703e-61,7.955082512762783e-43,-4.0549904842871116e-50,2.255999998424362e-06,1.5756377302517051e-15,6.179999999986946e-05,1.3053617349043308e-16,2.3346501849959845e-40,7.3058600555636e-33,-3.6941812453703556e-39,-1.1458330639563244e-70,-4.825124052965364e-37,7.404871088207462e-23,-3.82402129474311e-43,1.9794166951173353e-29,-7.581541823296998e-97,-9.196216459929376e-47,-1.5664715732174624e-36,-9.606369338885716e-46,3.611650128432612e-30,5.686877770864021e-32,1.3302672163597391e-65,6.964150738696078e-39,1.8892243968689507e-30,0.00033399999999818666,1.8125772823072695e-15,1.1950619157862633e-23,2.4529855384986283e-31,-3.322589585421581e-63,5.180000201850173e-42,1.0621132546174546e-46,-7.579536549239173e-58,1.3042945847724725e-47,-1.0836406276173091e-64,6.742993528613725e-19,1.0634056012564594e-21,1.7874633875873135e-17,3.509999999982099e-06,-7.341446810592101e-51,2.483332563010806e-42,3.847386261276254e-17,1.7799999999614915e-06,6.635970379160316e-41,5.2432624566113796e-36,-1.0557905655394841e-71,1.8391062496743607e-53,0.0,0.0,1.7005576436073035e-28,3.115070917382034e-20,1.1904211279535732e-41,3.893036942469107e-21,-4.8145674923843177e-57,4.087784177653744e-34,-4.814567499146508e-57,-8.145133099868439e-74,1.0881927134930657e-49,3.905697525843747e-34,1.7655055953016457e-24,1.4003461209334608e-30,5.100519843413203e-47,2.436882404935671e-40,7.440542993259808e-44,7.151031197273486e-38,6.31259343171067e-30,-1.3077124237947185e-53,-4.2392942987385805e-63
0.00013371935932267675,1.0000221553929737e-10,0.0001769999999977348,9.048547749885233e-35,1.933498272706207e-28,2.222903158331514e-41,1.1233192362887919e-32,-1.8557033234212572e-50,4.342008627666044e-39,-7.672175139831232e-89,-9.923384038429931e-73,-1.9990920181864037e-81,3.280687492369137e-53,1.0202515159610177e-43,-3.3264849157638535e-63,-1.9118105372915418e-50,1.742387492013717e-48,2.7461539123079736e-104,-2.4553923889100495e-86,-2.767988345308744e-75,-3.8471041072859216e-89,-4.3749267087159864e-101,-7.516833942226047e-87,5.070001795371795e-24,6.5067601761143005e-18,1.0542556011447258e-24,4.314438154918745e-17,-1.7449446589601353e-71,-6.923029501732178e-69,1.5276134387661803e-33,3.638775220306254e-23,1.790917188400415e-94,-4.4871864036558736e-92,-6.408006104963479e-68,-3.8342071234611345e-61,-6.923029453778356e-69,-4.232708191229388e-61,-9.311399895466754e-45,-2.4856568184300978e-43,6.988510257162252e-36,1.2360939003960712e-19,3.3899964261046e-08,5.166863894308255e-29,3.908023874745055e-23,5.459629212928472e-28,6.129146382983486e-22,8.714723488199764e-46,6.294435790723849e-40,8.812291235039912e-31,0.00018232390076205367,0.4999999999997661,3.463433677193185e-13,0.24999999999958644,3.393851164179441e-13,2.449031845919472e-20,-3.46523377141143e-45,-4.3379203495487153e-44,6.8334783139647765e-34,-4.8705794857068004e-48,-3.299358847972654e-55,-7.628356468299374e-46,-9.732760782452078e-53,-9.192304599390548e-58,7.788583087063054e-31,9.98746071279943e-28,2.354973264104637e-30,3.837815757860839e-20,0.0,-1.3638279709102255e-54,-1.005321878916962e-67,3.721065318874356e-19,-1.1485716714008387e-34,1.1125775346847072e-31,-7.511044989609203e-82,2.5737759112126543e-28,3.573880590051511e-14,3.795968638514861e-35,1.257419382429481e-27,3.97688399523367e-34,3.740801973839909e-35,2.303014854680915e-26,-1.1666225303272763e-50,-6.436257528159263e-70,8.811842758877135e-47,1.6808713497510276e-35,0.10000000149004258,7.353357585555597e-14,9.302692924247877e-21,5.2606413808151595e-36,-1.3851971539944377e-62,-3.836392938561895e-53,-3.960970608061863e-39,-5.0836381914919144e-51,2.42310206302731e-28,-2.5380893243620958e-71,2.424267530433635e-27,8.103389730051273e-27,-6.78270685124132e-61,2.405610480516589e-42,-8.289480001058347e-50,2.255999997721495e-06,2.2785047767740067e-15,6.179999999981122e-05,1.8876627201729494e-16,5.637927064764376e-40,2.0672063272916593e-32,-2.0675876754789465e-39,-2.203236565098436e-70,-3.990941443998107e-37,1.548476028203176e-22,-7.817322146169575e-43,5.985735605862483e-29,-1.9308197441988963e-96,-1.879952611953119e-46,-1.5211433025342485e-36,-1.9637987775296542e-45,7.552536191474813e-30,1.7195723004033784e-31,4.390590354856607e-65,2.1059536148341056e-38,3.9506692144342336e-30,0.0003339999999973778,2.6211382886765116e-15,1.7281608957948766e-23,7.416200884478248e-31,-6.79130741073652e-63,1.5664278637658272e-41,3.224969681589196e-46,-7.378555753694691e-58,3.944727229326977e-47,-2.423927598048867e-64,9.75093618606132e-19,2.2237497454061927e-21,2.5848225066084776e-17,3.5099999999741137e-06,5.288237812905979e-50,7.509577619372136e-42,5.563644354541371e-17,1.7799999999443132e-06,1.3877036806356858e-40,1.2572023021456246e-35,-2.3921295739014826e-71,5.5615881367722015e-53,0.0,0.0,3.5561369864265314e-28,4.504651834417192e-20,3.5998208177697136e-41,5.6296587223565e-21,-4.675246669134493e-57,8.548204502750464e-34,-4.6752466829582055e-57,-1.8479025853184905e-73,3.2906829763940903e-49,8.167868303082343e-34,2.5530741844048074e-24,2.9283473051762012e-30,1.5425912028887277e-46,7.369106153852729e-40,2.2500141724232577e-43,2.1147323722389374e-37,1.3200638758191905e-29,-1.1264151163329144e-53,-8.623434037165346e-63
0.00019336944850166022,1.0000320385630759e-10,0.00017699999999672432,1.308515770914443e-34,2.796031749942811e-28,4.648520685515505e-41,2.3490543712239684e-32,1.2083351475200357e-49,1.3131765416390632e-38,-2.9361102836556092e-89,-1.5906663004213978e-72,-3.1506971699341566e-81,9.925157730558046e-53,3.085273981162391e-43,-2.792551454685391e-63,1.0167372211610964e-49,5.2691443801819693e-48,6.292064825023028e-104,-4.2941559300167084e-86,-2.32396323254082e-75,-5.517823466810869e-89,-4.3357847907796294e-101,-1.178149045942094e-86,9.24205099311824e-24,9.409316142084352e-18,1.5245509249942198e-24,6.239037863413144e-17,-2.7970540835306296e-71,-8.554282127308414e-69,4.6194824034517e-33,7.609256322315289e-23,6.569923374933229e-94,-2.9477302856395693e-92,-7.660348760902566e-68,-5.21369250252935e-61,-8.554281965767116e-69,-3.819996890039323e-61,4.960783190688252e-44,1.3242720756484837e-42,2.113318317462835e-35,1.8069125905219453e-19,3.389994831847659e-08,9.172813253241007e-29,5.65133862480888e-23,1.1021697346893313e-27,8.863267290314e-22,2.6493620547259104e-45,1.3171280112063687e-39,1.2743649429757034e-30,0.00018232390110199377,0.4999999999996617,5.008418095772667e-13,0.24999999999940195,4.907790481904409e-13,5.121313767875898e-20,1.8461852114075893e-44,2.311122588296762e-43,2.0664368863095632e-33,2.5948793630460473e-47,-2.9776257741076134e-55,4.064192658253583e-45,5.1724278201001586e-52,-8.296026096713147e-58,1.6287169065068747e-30,3.020195694727629e-27,4.924624033854271e-30,5.549803771738755e-20,0.0,7.265945788753935e-54,-9.07299358343428e-68,7.781336597577524e-19,6.119257491336966e-34,2.3265766367990715e-31,-5.518209175430699e-82,7.7809508136416845e-28,5.168129151174786e-14,1.098823602517282e-34,2.6294631706859156e-27,1.2026054956811363e-33,7.842407342012261e-35,4.8159702842650017e-26,6.215344184982853e-50,-9.27289679596482e-70,2.6647637256322335e-46,3.515276628906682e-35,0.10000000149000979,1.0633573987645464e-13,1.9453393351928757e-20,1.1000902071018981e-35,7.377807202947849e-62,-3.6017838627072483e-53,2.1102871987185147e-38,-4.5879526703828024e-51,5.067093612871379e-28,-2.3800824932376113e-71,5.069529333894517e-27,1.6943524181194644e-26,-6.12136701297095e-61,7.274546031731452e-42,-7.4811990530292035e-50,2.2559999967050898e-06,3.2949096853345746e-15,6.179999999972702e-05,2.729718717716812e-16,1.4077211874461712e-39,5.954099459046578e-32,2.9710926498248335e-38,-1.203908732644424e-70,3.03098479462763e-36,3.2381085239872325e-22,-7.05510506709885e-43,1.8100797259952719e-28,-3.807785875485692e-96,-1.6966507161528976e-46,8.104159276408565e-36,-1.7723212689180928e-45,1.5793557207401913e-29,5.199687664394277e-31,1.3005089933929163e-64,6.36838655082346e-38,8.261478597241774e-30,0.0003339999999962081,3.790384442828956e-15,2.4990677412533287e-23,2.2423158121854202e-30,-6.123751046264023e-63,4.736864862457385e-41,9.804225365160137e-46,3.9092852444553195e-57,1.1931000272500545e-46,-3.3239497788425136e-64,1.4100674439623685e-18,4.650212519957808e-21,3.737870905600843e-17,3.509999999962566e-06,4.565273522857353e-49,2.2708900689644867e-41,8.045498004232162e-17,1.7799999999194718e-06,2.90195947053404e-40,3.11512526797147e-35,-3.4309039391324925e-71,1.6818799625911724e-52,0.0,0.0,7.436448904105687e-28,6.514099632355008e-20,1.0885816323649351e-40,8.140959584577779e-21,2.4908247493051817e-56,1.787564660887715e-33,2.490824748057602e-56,-2.6623284838074813e-73,9.950986276119874e-49,1.7081621496703193e-33,3.691969556297268e-24,6.123642027300833e-30,4.6655657217140204e-46,2.228409021318867e-39,6.804024188582556e-43,6.29511458410628e-37,2.760463868530416e-29,7.766000488886138e-53,-7.541248004773084e-63
0.0002796284980965741,1.0000463304589541e-10,0.0001769999999952631,1.8922709904260833e-34,4.04336556055001e-28,9.721054545761971e-41,4.9122918852484134e-32,8.78232649712669e-49,3.9714892620580733e-38,5.11659691431451e-88,-4.5665018409497644e-73,-6.060226550838747e-82,3.0026734614833883e-52,9.329964465143628e-43,1.3331364751162832e-62,7.696839256026119e-49,1.593436807210108e-47,1.2306806173054034e-103,-3.223343524446969e-86,1.1091563261361522e-74,2.021677615425465e-89,1.362690359146629e-100,-1.8958276815483505e-87,1.735974068931153e-23,1.360664902288574e-17,2.2046480871819535e-24,9.02216792529273e-17,-8.029785890765607e-72,1.1673246406961604e-68,1.3969258175614655e-32,1.591215969539523e-22,2.2436451565695256e-93,2.273597809197923e-91,1.2307820266770408e-67,3.684192597884566e-61,1.1673246923735401e-68,1.5393173268103235e-60,3.753898906511938e-43,1.0020961024528537e-41,6.390653114122502e-35,2.6535512550945074e-19,3.389992526419261e-08,1.6821939717203204e-28,8.172326309223879e-23,2.247658222114381e-27,1.2817042512887183e-21,8.052331102188778e-45,2.7569291585811048e-39,1.8429245204862876e-30,0.00018232390159357575,0.4999999999995108,7.242597226716258e-13,0.2499999999991352,7.097069844384143e-13,1.0709476731143741e-19,1.3970307801943493e-43,1.748855702431919e-42,6.248884343022101e-33,1.963582787524134e-46,1.1999009772133661e-54,3.075423054353757e-44,3.9162108118660966e-51,3.342972097018763e-57,3.405906768944669e-30,9.133034833361693e-27,1.0298172449395816e-29,8.025481622298011e-20,0.0,5.498257565399084e-53,3.656064249248758e-67,1.6272002630760249e-18,4.6305210670032373e-33,4.865241574207369e-31,3.475152453328339e-81,2.3525080755873263e-27,7.473543493914641e-14,3.2202113444113137e-34,5.498623000574611e-27,3.6366664020703676e-33,1.6459592510336544e-34,1.0070958830306436e-25,4.70324506032918e-49,3.1394768633979026e-70,8.05842743728771e-46,7.351932556969373e-35,0.10000000148996237,1.5377042994926488e-13,4.068008448724795e-20,2.3004859135864384e-35,5.5832385200861074e-61,1.312115660670416e-52,1.5968820982515997e-37,1.8487790971492463e-50,1.0596103283206733e-27,8.697379549934098e-71,1.060119235785783e-26,3.5428777981737043e-26,2.466674665554306e-60,2.199816679862702e-41,3.0146591664516776e-49,2.2559999952352826e-06,4.764716732565399e-15,6.179999999960525e-05,3.9474020660024595e-16,3.635800440544141e-39,1.7383825520232071e-31,1.940727651451363e-37,1.2631173244162952e-69,2.1493149270014716e-35,6.771395972520214e-22,2.8429333872366194e-42,5.473661049847088e-28,-5.053019991131684e-96,6.836840982401507e-46,6.132530592014305e-35,7.141767018081001e-45,3.3026845935629777e-29,1.5723212807914353e-30,3.68838520092384e-64,1.92579491592703e-37,1.7276067135316654e-29,0.00033399999999451663,5.481210460953074e-15,3.6138657039087346e-23,6.78003762763378e-30,2.472968597618029e-62,1.4324240203206605e-40,2.979844147299833e-45,2.96186799230256e-56,3.608555922733282e-46,2.1656428729863697e-64,2.039076205921132e-18,9.724327524239187e-21,5.405275941806547e-17,3.5099999999458677e-06,2.2401608676433145e-48,6.867152885269981e-41,1.1634467259076126e-16,1.7799999998835494e-06,6.068610618614873e-40,7.98423179737339e-35,1.2575411305941256e-71,5.0861685609557004e-52,0.0,0.0,1.5550798799394254e-27,9.41992365786172e-20,3.2918583952506435e-40,1.1772511166897343e-20,1.8848411256035967e-55,3.7380791216519894e-33,1.8848411261063285e-55,9.013498991961812e-74,3.009166625001011e-48,3.5724345303048935e-33,5.338918377461677e-24,1.2805514654293798e-29,1.4110900645803205e-45,6.738683033211213e-39,2.0575312926903815e-42,1.8827638165397215e-36,5.772569595749206e-29,5.58632886054205e-52,3.278193455359355e-62
0.0004043663440818802,1.0000669977434454e-10,0.00017699999999315006,2.7364998033245693e-34,5.847203430296201e-28,2.0328355679803853e-40,1.0272519377459929e-31,1.1890286761992979e-49,1.2007505196320473e-37,-3.5103449675840936e-83,-3.71101288617973e-68,-8.970537718986832e-77,8.971213898851718e-52,2.8212881035877846e-42,-1.774620936767862e-60,3.707081045581605e-50,4.818274118358854e-47,7.991540686338247e-98,-1.0332903958543252e-80,-1.4858777521124564e-72,-1.8037447399967617e-85,-2.32665188676969e-96,-3.243778784752303e-82,3.345774622924827e-23,1.9676330282738738e-17,3.1881502269119643e-24,1.304680174919856e-16,-6.525520222955967e-67,-3.494917490056329e-65,4.2242957187697214e-32,3.327483740139352e-22,1.7552407703064836e-88,-2.712244331337199e-86,-3.076391756402448e-63,-1.7846129110299935e-57,-3.4949174202388173e-65,-2.2810563366989687e-58,2.572707675119177e-44,6.869866685440947e-43,1.9325315343022455e-34,3.922166990853502e-19,3.389989192578528e-08,3.176484820821698e-28,1.1817903049338415e-22,4.617571238464862e-27,1.853454736689522e-21,2.4147482903449207e-44,5.773043027345596e-39,2.6652500007288377e-30,0.00018232390230444467,0.49999999999929273,1.0473411691066763e-12,0.24999999999874942,1.0262943043746084e-12,2.2395202586848724e-19,9.573143962416472e-45,1.1982810188208743e-43,1.8896606029928755e-32,1.3463834213100571e-47,-1.7780744434342505e-52,2.1078999189894016e-45,1.5726295260931548e-52,-4.95401217828033e-55,7.12229381061562e-30,2.7618299998898645e-26,2.1535115816433561e-29,1.160551825943421e-19,0.0,3.764270421664783e-54,-5.417793126802886e-65,3.4027313180768462e-18,3.1800295291041715e-34,1.0173992490641878e-30,-2.3042298628714906e-78,7.113049407607236e-27,1.0807359855390913e-13,9.523305663393525e-34,1.1498486157427214e-26,1.0997269946882997e-32,3.4600385483813655e-34,2.1059971963951226e-25,3.222785122903361e-50,-3.028593892704627e-66,2.4363585027450177e-45,1.5376837481354481e-34,0.10000000148989376,2.2236498428544033e-13,8.506835354193169e-20,4.8106715339953366e-35,3.3559268812546546e-62,-2.127007209880412e-49,1.0963782061515654e-38,-2.739593235059705e-48,2.215814948258491e-27,-1.3676879932695991e-67,2.2168778223878354e-26,7.408311425570993e-26,-3.655329590721458e-58,6.652232206905978e-41,-4.46718558150745e-47,2.255999993109818e-06,6.890181434863608e-15,6.179999999942917e-05,5.708273635382474e-16,9.685567695483576e-39,5.126945888560988e-31,7.382676218169471e-38,-1.1391430176908314e-67,3.4958588933999025e-36,1.4160052834321756e-21,-4.212852256018495e-40,1.6552342263480377e-27,-7.371089490877577e-89,-1.013168559386135e-43,4.207036340079456e-36,-1.0583111952566457e-42,6.906439998606277e-29,4.754575427176027e-30,9.410681214202044e-61,5.823591521113388e-37,3.6127005509271095e-29,0.00033399999999207073,7.926282315906662e-15,5.2259611071030187e-23,2.050135810128745e-29,-3.6596129524552507e-60,4.331641397170034e-40,8.936014150520812e-45,-1.3179766286589174e-59,1.0908855282343382e-45,-1.1533552902220294e-60,2.9486758172584447e-18,2.0335094326243896e-20,7.816483969245593e-17,3.5099999999217196e-06,2.5424399217867823e-48,2.0766227543827822e-40,1.6824418845659626e-16,1.7799999998316025e-06,1.2690888038160296e-39,2.1141579609321053e-34,-1.1154468296857625e-67,1.537340611936277e-51,0.0,0.0,3.2519195220464015e-27,1.362197592924827e-19,9.954576532521571e-40,1.7024038667579945e-20,1.293437303168092e-56,7.816908606367273e-33,1.2934365581903046e-56,-8.695752614470273e-70,9.099718050553661e-48,7.471725076745579e-33,7.720566437580635e-24,2.6778381491550724e-29,4.2660109249311765e-45,2.03777724965577e-38,6.221961929495044e-42,5.649815430577731e-36,1.2071361993935547e-28,9.533614289530546e-53,-4.6263512131241745e-60
0.0005847477683396706,1.0000968843766166e-10,0.00017699999999009442,3.95750831715958e-34,8.455916876749766e-28,4.250110819587362e-40,2.1481864304338776e-31,-5.149338458487159e-47,3.6264679932030363e-37,-6.184684845765144e-82,-6.882492069680609e-67,-1.6590692229219014e-75,2.5452667743323573e-51,8.529939040872579e-42,-3.331278716522623e-59,-4.668301222716598e-47,1.4565035334566841e-46,1.5468835425661651e-96,-1.9280456317475095e-79,-2.788980650001613e-71,-3.3222157797115693e-84,-4.2008472468680836e-95,-5.999103166535491e-81,6.585249619333144e-23,2.8453568122273805e-17,4.6104352628785805e-24,1.8866747419264938e-16,-1.2102313817286763e-65,-6.385818210880318e-64,1.2774335491374704e-31,6.958291333576657e-22,4.772419452281297e-87,-4.8479854384584374e-85,-5.597221760195131e-62,-3.278505371947716e-56,-6.385818047107482e-64,-4.2712240053628966e-57,-2.2628210856237062e-41,-6.040519467913174e-40,5.844018328399774e-34,5.849340879935696e-19,3.389984371570023e-08,6.149079294296821e-28,1.7089748071306021e-22,9.536601759869512e-27,2.6802568011814124e-21,6.888642763231257e-44,1.209598922715211e-38,3.854790997436058e-30,0.00018232390333242093,0.49999999999897726,1.5145448436046023e-12,0.24999999999819156,1.4841043280081085e-12,4.683187665356224e-19,-8.421211095778961e-42,-1.0542012114302651e-40,5.71437366150787e-32,-1.1836204314395647e-44,-3.329403252234397e-51,-1.8538365307908907e-42,-2.3810091288158895e-49,-9.27626163838624e-54,1.4893845801249625e-29,8.351898321400955e-26,4.50333466470469e-29,1.678254857175105e-19,0.0,-3.3143787186493085e-51,-1.0144692058243156e-63,7.115642033731084e-18,-2.791122455450472e-31,2.127543037684857e-30,-4.2858307131075335e-77,2.1508076230748784e-26,1.56283246522254e-13,2.8349815571846095e-33,2.4045133986241924e-26,3.3256028597581037e-32,7.289780016678971e-34,4.403973315161937e-25,-2.8350896414014854e-47,-5.577599094586121e-65,7.359395492232127e-45,3.2163370274781223e-34,0.10000000148979456,3.215584833316421e-13,1.7789091922496735e-19,1.0058847308985514e-34,-3.374164146305827e-59,-3.84860684610719e-48,-9.625521118435944e-36,-5.129823916416649e-47,4.63362480688907e-27,-2.4750041693271077e-66,4.6358434160583234e-26,1.5491362178442273e-25,-6.84451577824533e-57,2.0116361784179897e-40,-8.364701627606213e-46,2.2559999900362173e-06,9.963782292969659e-15,6.179999999917453e-05,8.254639954135674e-16,2.642030354299567e-38,1.5232433405126684e-30,-1.0276938387416651e-35,-2.1636054732421383e-66,-1.2436142094327226e-33,2.9610880564902788e-21,-7.888467584902485e-39,5.005481680952828e-27,-1.3940815401848734e-87,-1.8971317860295383e-42,-3.696565785112452e-33,-1.9816633315190438e-41,1.4442467055268504e-28,1.4377744731559355e-29,1.9857307273304465e-59,1.7610539753867813e-36,7.554731267707651e-29,0.0003339999999885336,1.1462051808440415e-14,7.557194523576511e-23,6.199370671963937e-29,-6.852745252141683e-59,1.3098889221989767e-39,2.5492127645216083e-44,-1.8227588766181093e-54,3.292044967196716e-45,-2.1187081913893127e-59,4.2640334125332464e-18,4.2523849107999435e-20,1.1303293729383017e-16,3.5099999998867994e-06,-7.891877206481747e-47,6.279709092916346e-40,2.4329525599671155e-16,1.7799999997564832e-06,2.6540047789936317e-39,5.76526961242693e-34,-2.054336981421453e-66,4.6376882946155043e-51,0.0,0.0,6.800280876051116e-27,1.9698468235645593e-19,3.010300156764808e-39,2.4618185788711755e-20,-1.1361369137624518e-53,1.6346369517698473e-32,-1.1361369277119883e-53,-1.601450905141083e-68,2.7517901991822295e-47,1.5628181780794985e-32,1.1164674834152709e-23,5.599789158734484e-29,1.2877567959612707e-44,6.162315945642443e-38,1.8815220943374236e-41,1.6993760869536446e-35,2.524313842477127e-28,-3.2333507328127994e-50,-8.672346285950505e-59
0.0008455944902006664,1.0001401029642475e-10,0.0001769999999856757,5.723683256116594e-34,1.2228863110048384e-27,8.886606044733697e-40,4.492320705626247e-31,-1.8186899344837607e-46,1.0964090902209398e-36,-2.2523804325152185e-81,-2.759859617721638e-66,-6.620683863104746e-75,7.539404022036019e-51,2.579346263477005e-41,-1.2699802243892704e-58,-1.6479945204315968e-46,4.404175259632508e-46,6.658762054876982e-96,-7.815718116020786e-79,-1.0635377483256052e-70,-1.3113692351639875e-83,-1.6039976035040179e-94,-2.393852220784755e-80,1.3176041793379329e-22,4.114612560051039e-17,6.66732234154546e-24,2.7282850303128546e-16,-4.852993451417482e-65,-2.481645777936376e-63,3.8629535457708677e-31,1.4550873377929251e-21,2.977404708687379e-86,-1.8168719324254672e-84,-2.1680865127712315e-61,-1.2873676892260887e-55,-2.481645688048455e-63,-1.6286084186976583e-56,-7.984118944136124e-41,-2.1313307197753577e-39,1.7672296639808605e-33,8.829939882247945e-19,3.389977399998074e-08,1.2145187630582376e-27,2.4713351241191963e-22,1.9769870722521747e-26,3.8758879053032155e-21,2.06215769650737e-43,2.5366372254192383e-38,5.576069589701354e-30,0.0001823239048189611,0.4999999999985211,2.1901621648484555e-12,0.24999999999738484,2.146132208014226e-12,9.793273190084417e-19,-2.971334526667709e-41,-3.7196370637264336e-40,1.7280250481054745e-31,-4.1762729109418286e-44,-1.2694947192067276e-50,-6.541062000841307e-42,-8.407051957377637e-49,-3.537020926842934e-53,3.1145397182940935e-29,2.5256151057699204e-25,9.417186573589968e-29,2.426896180044514e-19,0.0,-1.169444696346685e-50,-3.8681510835678186e-63,1.4879906737770292e-17,-9.848138258707876e-31,4.449028681870353e-30,-1.7045182151279357e-76,6.503630999384262e-26,2.2599815693818707e-13,8.479129098660912e-33,5.028210664437079e-26,1.0056616632809232e-31,1.5408916122709406e-33,9.209402537210359e-25,-1.0003309448075345e-46,-2.201344057527106e-64,2.2247774825413074e-44,6.72835559730553e-34,0.10000000148965112,4.650006318811033e-13,3.7199654884390437e-19,2.1033295984232694e-34,-1.1908550237308352e-58,-1.466501116662891e-47,-3.3962503257011537e-35,-1.95598894534144e-46,9.68965573406482e-27,-9.431254807080238e-66,9.69428301361987e-26,3.2394031287690964e-25,-2.6097999385422863e-56,6.083175861884868e-40,-3.189438286129814e-45,2.2559999855915317e-06,1.440846783748482e-14,6.179999999880629e-05,1.1936895415453846e-15,7.411504563399749e-38,4.5494755773494954e-30,-3.635533517563365e-35,-8.246206142508173e-66,-4.391921782913913e-33,6.192092875257219e-21,-3.0078571461554977e-38,1.513657227188194e-26,-5.781435886691132e-87,-7.23372587095598e-42,-1.3042909612213838e-32,-7.556043212834648e-41,3.0201501000882894e-28,4.347775892192419e-29,9.66083583003122e-59,5.3254162068213e-36,1.5798142851182893e-28,0.00033399999998341863,1.657505074951902e-14,1.092837052094621e-22,1.8746251042544756e-28,-2.6129338164996182e-58,3.9610962289322845e-39,7.631226664255973e-44,-6.442290034972229e-54,9.951503040360724e-45,-8.320214531803554e-59,6.166151202215723e-18,8.892392096575842e-20,1.634551413234102e-16,3.5099999998363027e-06,-2.8218570803633976e-46,1.898980214690213e-39,3.5182541512776537e-16,1.7799999996478542e-06,5.5503638089404983e-39,1.6121070387563258e-33,-8.107851051722043e-66,1.4014217731805208e-50,0.0,0.0,1.42204675807478e-26,2.8485527004276775e-19,9.103147135094543e-39,3.5599954065216834e-20,-4.008727038170679e-53,3.418276616013864e-32,-4.0087270913599866e-53,-6.320547564841505e-68,8.321414254511068e-47,3.2691946797826337e-32,1.614523923246014e-23,1.1710059973198866e-28,3.893019951866571e-44,1.8634844030999008e-37,5.689711504667457e-41,5.119814610009506e-35,5.27874148321332e-28,-1.1417475016832186e-49,-3.306480827183529e-58
0.0012228008050171417,1.0002026006807654e-10,0.00017699999997928588,8.27909245215357e-34,1.7686215708611152e-27,1.8586738654763968e-39,9.394534958891678e-31,-2.613615146639404e-46,3.318086681275312e-36,-4.612400874770242e-81,-7.062569483409661e-66,-1.678003832063047e-74,2.336520906687697e-50,7.800724845152276e-41,-2.896957970685068e-58,-2.380358587093828e-46,1.3321149094055589e-45,1.9346216289497344e-95,-2.0427745333984477e-78,-2.427730715727087e-70,-3.2494007618095633e-83,-3.697215334718121e-94,-6.066411757307298e-80,2.6693145669570174e-22,5.95004914943567e-17,9.642118900565151e-24,3.945318403297652e-16,-1.2418967544976337e-64,-5.948148320105937e-63,1.1681483510406005e-30,3.0428126096076393e-21,1.3000179879947747e-85,-4.0063221632005943e-84,-5.161716493590296e-61,-3.1550928177917552e-55,-5.94814796754655e-63,-3.718123298890597e-56,-1.1486470630379913e-40,-3.0662579251799215e-39,5.344057310567338e-33,1.3545285233537013e-18,3.389967318543609e-08,2.4365906799034123e-27,3.5737872702479087e-22,4.109250275519709e-26,5.604883094795326e-21,6.465593563032772e-43,5.326311237498992e-38,8.068360405429775e-30,0.00018232390696862322,0.49999999999786143,3.1671647805870266e-12,0.24999999999621825,3.1034719899993568e-12,2.0479238590842157e-18,-4.2747672428081025e-41,-5.351333440431771e-40,5.225504679329475e-31,-6.008217168724127e-44,-2.898267126386992e-50,-9.410395722741506e-42,-1.2161892920710771e-48,-8.075056551211441e-53,6.513000338270003e-29,7.63736037623224e-25,1.9692825911751356e-28,3.5094927997871e-19,0.0,-1.6824625090969156e-50,-8.831024464291186e-63,3.111615090169663e-17,-1.4167775764115108e-30,9.303619214758136e-30,-4.285890181364768e-76,1.966596756428664e-25,3.2681116145899806e-13,2.544448987709781e-32,1.0514759310573852e-25,3.041092935579786e-31,3.272367124589928e-33,1.92583054374643e-24,-1.4391442018229724e-46,-5.453196272642015e-64,6.730789432007351e-44,1.4077893493487123e-33,0.10000000148944369,6.724300519293967e-13,7.778988780658813e-19,4.398724839416172e-34,-1.7165066420331408e-58,-3.3624417784693545e-47,-4.885947193179385e-35,-4.4655253341527295e-46,2.0262637746602335e-26,-2.1625584860950045e-65,2.0272277279990232e-25,6.773978015447591e-25,-5.9581954381876595e-56,1.839544423082366e-39,-7.281483865542421e-45,2.2559999791641424e-06,2.083585724485787e-14,6.179999999827381e-05,1.7261737208405584e-15,2.129703041496855e-37,1.3638616088882616e-29,-5.140409195290416e-35,-1.8764434288871184e-65,-6.294705296578026e-33,1.2948610076489047e-20,-6.86696562864951e-38,4.577251505186142e-26,-1.5762576418291391e-86,-1.6514665555477147e-41,-1.8764124441564334e-32,-1.7250515830774305e-40,6.3156153204919215e-28,1.3147418907557964e-28,3.331510062138e-58,1.6103995163322317e-35,3.3036421305539815e-28,0.00033399999997602204,2.3968832935709048e-14,1.5803408764160788e-22,5.6686728478393985e-28,-5.9652992937684076e-58,1.197830424561837e-38,2.39265768823705e-43,-9.391417123427367e-54,3.0130056516003217e-44,-2.0395212326194393e-58,8.916773614776277e-18,1.8595340949289763e-19,2.3636989253204314e-16,3.5099999997632796e-06,-3.705423751357876e-46,5.742492295098395e-39,5.087691569960419e-16,1.7799999994907675e-06,1.1607956096765737e-38,4.6004326003684404e-33,-2.008409663992071e-65,4.2418897002977303e-50,0.0,0.0,2.973725314074395e-26,4.11922269478888e-19,2.752760565218343e-38,5.148049931887805e-20,-5.767113428711266e-53,7.148131576219156e-32,-5.767113550142942e-53,-1.5657370797204673e-67,2.5163659012653563e-46,6.839711663016672e-32,2.3347750649003332e-23,2.4487626778764377e-28,1.1785182564788596e-43,5.635111211082323e-37,1.7205614706973095e-40,1.5442342200651387e-34,1.1038686383581682e-27,-1.6341582520185713e-49,-7.545923130371284e-58
0.0017682728850275922,1.0002929776416226e-10,0.00017699999997004566,1.1978322081984384e-33,2.558160413924224e-27,3.8892087615993424e-39,1.9646633216431353e-30,5.339295004613265e-46,1.0045590678448963e-35,-3.0134146674748515e-81,-1.2824307650638138e-65,-2.971277399062342e-74,7.37510558401898e-50,2.3593141871514467e-40,-3.60179275589729e-58,4.748368740707955e-46,4.02966783962501e-45,4.586834171870701e-95,-3.9082066505335966e-78,-3.027318329148677e-70,-5.4038654185902964e-83,-4.816043369367656e-94,-1.0738269421306338e-79,5.457597285998224e-22,8.604215556400006e-17,1.3944885118766516e-23,5.705238672945672e-16,-2.2550532549585228e-64,-8.924701116556224e-63,3.532445326593851e-30,6.3629851311655515e-21,4.866190948591344e-85,-4.280221527555813e-84,-7.572995950685534e-61,-5.0793811219081015e-55,-8.924699905778608e-63,-4.640067943765255e-56,2.3317395957899408e-40,6.224577078979482e-39,1.6160242649824774e-32,2.121130148657692e-18,3.38995273996494e-08,4.946176419877399e-27,5.168057150681098e-22,8.557105725665477e-26,8.105180714131227e-21,2.060634565406486e-42,1.1204309346063652e-37,1.1681704156053473e-29,0.00018232391007721543,0.4999999999969076,4.5799992858028995e-12,0.24999999999453126,4.487848631645648e-12,4.282518063634126e-18,8.677612172950127e-41,1.0862942606005897e-39,1.58017487916445e-30,1.2196958295076907e-43,-3.616934444453822e-50,1.9102989489883356e-41,2.4094983954550173e-48,-1.0077427096435359e-52,1.361973407156327e-28,2.309494996215435e-24,4.118080059347837e-28,5.075014983234865e-19,0.0,3.4151690692765223e-50,-1.102082060324954e-62,6.506851078220324e-17,2.8763903000535907e-30,1.94553236685072e-29,-7.424777361339361e-76,5.946743427385725e-25,4.725939469554997e-13,7.653314942845432e-32,2.1987944878030834e-25,9.196148652317987e-31,6.995171334107422e-33,4.02721159610978e-24,2.921415880470773e-46,-9.061923047522786e-64,2.0369948206742034e-43,2.9463474251759703e-33,0.10000000148914373,9.72390452232536e-13,1.6266948138216322e-18,9.200973650647824e-34,3.455667198368773e-58,-4.2862760130128835e-47,9.91946373855893e-35,-5.572744139781239e-46,4.2372474968957854e-26,-2.75736610986404e-65,4.239252135738381e-25,1.4165268609956141e-24,-7.435617882535258e-56,5.5627529359076185e-39,-9.086872538788831e-45,2.255999969869596e-06,3.013040332809505e-14,6.179999999750377e-05,2.4961886688475254e-15,6.2266371372173885e-37,4.0993913368939965e-29,1.1301557972607425e-34,-2.306360248749991e-65,1.3013086025234808e-32,2.7077477085010132e-20,-8.569742175090115e-38,1.3841406293689576e-25,-3.312827290476683e-86,-2.0609763915117011e-41,3.8093161484119505e-32,-2.152806031814154e-40,1.3206958432487045e-27,3.9756952863674387e-28,1.0050735448842961e-57,4.869825251456181e-35,6.908438144977832e-28,0.0003339999999653259,3.4660770961002094e-14,2.285319549728813e-22,1.714153551227165e-27,-7.444196140616431e-58,3.622220548785131e-38,7.625577357746647e-43,1.7973205869896293e-53,9.128318211297348e-44,-3.285369668923368e-58,1.2894405119110329e-17,3.8885615090474123e-19,3.418107603751887e-16,3.509999999657682e-06,1.0937465423100654e-45,1.736520935883527e-38,7.357230110857554e-16,1.779999999263607e-06,2.4277899403561074e-38,1.3337542113530871e-32,-3.3371206824672776e-65,1.2848840675912336e-49,0.0,0.0,6.218530193829937e-26,5.956691977281887e-19,8.324215802084007e-38,7.444507095515587e-20,1.1708064792928377e-52,1.4947792655139954e-31,1.1708064641385754e-52,-2.6019010161600533e-67,7.60936365980593e-46,1.4312920036216745e-31,3.3763598433136766e-23,5.120760565217393e-28,3.5696640353892627e-43,1.7040297065495474e-36,5.2029510982482305e-40,4.661395188525158e-34,2.308364213703873e-27,3.398654936574045e-49,-9.401402008794507e-58
0.0025570714241392473,1.0004236703390151e-10,0.0001769999999566835,1.7338958610898708e-33,3.7008833592499454e-27,8.142730065290615e-39,4.108780334050253e-30,5.65048221115807e-45,3.0413515844764567e-35,2.491742781481177e-80,-1.053661640990488e-65,-2.05467998739221e-74,2.3287414175705773e-49,7.1357202724546775e-40,5.529640352257809e-58,5.076890535566417e-45,1.2189842210435698e-44,9.255263280802861e-95,-4.227301121914794e-78,4.581017371175876e-70,-1.902725287323961e-83,5.736917693760779e-94,-7.406501399845313e-80,1.1232883789858512e-21,1.2442302125859566e-16,2.0169651472341735e-23,8.250205533489048e-16,-1.8527838869744516e-64,2.2539406271677135e-63,1.0682007801956707e-29,1.330595242337405e-20,1.679913573082838e-84,1.1782024439470197e-83,2.9726646759623353e-61,-8.531331452583003e-56,2.253944537130381e-63,6.993188110221389e-56,2.474095320177912e-39,6.604544503152662e-38,4.8868005916284714e-32,3.4068699996524867e-18,3.389931658224016e-08,1.012777216907899e-26,7.473571006009322e-22,1.7842469182483388e-25,1.1720873896456462e-20,6.552754175292839e-42,2.3630410143413306e-37,1.693428858911232e-29,0.00018232391457250111,0.4999999999955282,6.623090468123064e-12,0.24999999999209174,6.489737681688394e-12,8.955375957381982e-18,9.207444096411579e-40,1.1526231414342451e-38,4.778394880357792e-30,1.2941436768968063e-42,5.451088649984417e-50,2.0269251834795254e-40,2.5839821585538207e-47,1.5187385614671343e-52,2.848108613844091e-28,6.983782636854844e-24,8.611550469296695e-28,7.338884197239213e-19,0.0,3.623766172033839e-49,1.6609382461539627e-62,1.360676576536881e-16,3.051836642110154e-29,4.0684100812554485e-29,-4.269637298098356e-76,1.7982374985601287e-24,6.83405397601643e-13,2.30576217268262e-31,4.598001650078226e-25,2.7808799403213e-30,1.5089070968946134e-32,8.421520032435064e-24,3.0997856608001196e-45,-3.1521040724910725e-64,6.164926803018078e-43,6.168766304168058e-33,0.10000000148870997,1.406158438094996e-12,3.401630546516983e-18,1.9251101778289557e-33,3.679947607678396e-57,5.7745610276611e-47,1.0524575342396182e-33,8.399235632422623e-46,8.860780930746019e-26,3.7101369711538148e-65,8.86493926062063e-25,2.962151390085314e-24,1.1206221417797756e-55,1.682167561072994e-38,1.3696039181410857e-44,2.2559999564288997e-06,4.357109930800177e-14,6.179999999639024e-05,3.609690925739847e-15,1.841728778175384e-36,1.2344357494918688e-28,1.1598149979804238e-33,3.7422314087056113e-65,1.3701358204767446e-31,5.662292556452771e-20,1.2915378009477024e-37,4.185579710428592e-25,-5.0241860803401634e-86,3.106065466853369e-41,4.041777575609615e-31,3.244476272872825e-40,2.7617855411292857e-27,1.2022268554995822e-27,2.8700634667897315e-57,1.472628210139249e-34,1.444663274838315e-27,0.00033399999994985846,5.012201808568355e-14,3.304792918402988e-22,5.183465358428265e-27,1.1221307319128136e-57,1.0953538301190017e-37,2.4249079080036365e-42,1.9573927940516233e-52,2.76559224642332e-43,-5.630517435704086e-59,1.8646395024339607e-17,8.131539339257239e-19,4.942871310723309e-16,3.5099999995049794e-06,1.0054816784960072e-44,5.251212794882354e-38,1.063917373169732e-15,1.7799999989351137e-06,5.078048894677544e-38,3.913208259891189e-32,-1.1586455972141012e-65,3.8922576658127425e-49,0.0,0.0,1.3003927377223213e-25,8.613771844653196e-19,2.517202638358043e-37,1.0765370450475636e-19,1.2422444642977776e-51,3.1257945174387625e-31,1.2422444665816641e-51,-9.051367245791817e-68,2.301032968009939e-45,2.9960815068415327e-31,4.882664848388763e-23,1.0708349139640236e-27,1.0812413698880456e-42,5.1529008411731574e-36,1.5733642787305997e-39,1.4078537247999269e-33,4.827154279019356e-27,3.5692299316761715e-48,1.428625365089864e-57
0.0036977405034673127,1.0006126629903323e-10,0.00017699999993736067,2.5123759431777208e-33,5.356112002774084e-27,1.7055890423947146e-38,8.593189344014305e-30,2.4811107651308994e-44,9.203824258654768e-35,-1.2452661769651156e-76,-1.3971794099601534e-62,-3.464736902231312e-71,6.63850163416629e-49,2.157905344999144e-39,-4.904694538293156e-57,2.2297812416277983e-44,3.6869244861588314e-44,1.7699132849749217e-90,-3.2772042939317187e-74,-7.344018196400585e-69,-1.114104221583303e-80,-9.588810517333865e-91,-1.2573184412025163e-76,2.3229773500759677e-21,1.7992369847923426e-16,2.917843792340358e-23,1.1930387494155187e-15,-2.4568842795604423e-61,-1.614647168142089e-60,3.230215619824263e-29,2.7824674591147445e-20,-2.9917129068931247e-81,-9.408837053640657e-80,-1.224945232522175e-57,-8.171756997834161e-53,-1.614647057250406e-60,-6.352634531230259e-55,1.0898692722306904e-38,2.9093912570210247e-37,1.4777562120033892e-31,5.63664769453937e-18,3.389901172484102e-08,2.086772085603689e-26,1.0807674892224958e-21,3.723727365282608e-25,1.6949580091576574e-20,2.0422342310860717e-41,5.002043583810754e-37,2.46113545914615e-29,0.00018232392107306187,0.4999999999935334,9.577600661712091e-12,0.24999999998856395,9.384562266254381e-12,1.872696143988152e-17,4.0559814185625714e-39,5.077428838058643e-38,1.4449749010918795e-29,5.700888397542118e-42,-4.946180834962349e-49,8.92884996762478e-40,1.1336858024540305e-46,-1.3787311657699325e-51,5.955863026518922e-28,2.1118688289490486e-23,1.800809028673417e-27,1.0612613670049947e-18,0.0,1.5962971601648498e-48,-1.5068731754900483e-61,2.8453622580466955e-16,1.3443983841789925e-28,8.507669101097882e-29,-7.308758952914886e-73,5.437747946617423e-24,9.88250795376971e-13,6.954637104904202e-31,9.615069317643222e-25,8.409305036014922e-30,3.294735757593283e-32,1.7610676126982857e-23,1.3654912529429155e-44,-1.3895813853482232e-61,1.8629406174169055e-42,1.2922445059139744e-32,0.10000000148808269,2.033423454902882e-12,7.113207704350258e-18,4.028718807630944e-33,1.605167212207755e-56,-9.909293467083592e-45,4.636285472596768e-33,-7.617942718650251e-45,1.852936874635819e-25,-6.381311726746633e-63,1.8537962599375193e-24,6.1942744623676544e-24,-1.0169252478601962e-54,5.086852924637193e-38,-1.2419455434015757e-43,2.255999936992522e-06,6.300747705415003e-14,6.179999999477998e-05,5.2199001933030705e-15,5.4694744480258394e-36,3.722018094297922e-28,5.087621350268184e-33,-4.9661833509508275e-64,6.029791731673548e-31,1.1840636751097962e-19,-1.1717819107829374e-36,1.2657062854903076e-24,-1.441490708453128e-80,-2.8199502869402153e-40,1.780469634150253e-30,-2.943420370067305e-39,5.775333810771489e-27,3.63548479015941e-27,2.4169665982053785e-55,4.4532103187137995e-34,3.021017357483891e-27,0.0003339999999274914,7.247987462497187e-14,4.779068312854397e-22,1.5674515182919572e-26,-1.0185839746528388e-56,3.312336088461563e-37,7.557472048836394e-42,8.460419791370415e-52,8.37152417364141e-43,-5.295829209160183e-56,2.6964256477975226e-17,1.7004155506289527e-18,7.147807989098955e-16,3.509999999284158e-06,4.343832160688341e-44,1.5879602111227193e-37,1.538514016608221e-15,1.7799999984600847e-06,1.0622496642453311e-37,1.1582456589637487e-31,-5.184132894266048e-63,1.1746961908156207e-48,0.0,0.0,2.719325311946236e-25,1.2456017186622452e-18,7.611936294978784e-37,1.55676037508016e-19,5.472308081740138e-51,6.536452321161064e-31,5.472308061019769e-51,-3.991306138237316e-65,6.958242919341611e-45,6.274421811273004e-31,7.061087975116212e-23,2.239293304555205e-27,3.27309936552395e-42,1.5582194065816733e-35,4.757833624767835e-39,4.2536828506014776e-33,1.0094339186197977e-26,1.57022230148348e-47,-1.2825861766250518e-56
0.005347244000266954,1.0008859622937212e-10,0.00017699999990941826,3.647798299350497e-33,7.757586265139907e-27,3.528739087056977e-38,1.7972160930567174e-29,-1.481062214018492e-43,2.7631219443527023e-34,-1.1914883927566006e-74,-1.4058716958477864e-60,-3.476652908218722e-69,-4.175585167113049e-48,6.504210599402671e-39,-1.0313371675587657e-54,-1.3606203167515138e-43,1.1119561020334858e-43,1.8704039659548975e-88,-3.313234522151294e-72,-1.185668303109609e-66,-1.1415152015388647e-78,-9.342165694950494e-89,-1.2617537716932083e-74,4.820139451381177e-21,2.6017966202264486e-16,4.222652269859557e-23,1.7252126763340918e-15,-2.472169862405784e-59,-1.6664124571326463e-58,9.768573508188134e-29,5.81852461688634e-20,-6.411202237686595e-80,-9.113449105794077e-78,-1.2111588573870115e-55,-8.421938432265544e-51,-1.6664122790279297e-58,-1.3251398063459547e-52,-6.184769659167499e-38,-1.6508923113974985e-36,4.468963431495645e-31,9.635847571173941e-18,3.389857088023139e-08,4.3189490288033133e-26,1.5629355790339366e-21,7.776404554639804e-25,2.4510958360416353e-20,4.319916415509539e-41,1.0632516571554223e-36,3.5956156492297184e-29,0.00018232393047341855,0.4999999999906489,1.3850130423959416e-11,0.24999999998346245,1.3570564437968068e-11,3.916058591329563e-17,-2.3018244044426227e-38,-2.8815707346361364e-37,4.3698192522985487e-29,-3.2347383832429265e-41,-1.032368201822303e-46,-5.066964129081345e-39,-7.09588253559217e-46,-2.876969263868694e-49,1.2454361565884019e-27,6.386881048336224e-23,3.7657682998261574e-27,1.534666866436334e-18,0.0,-9.060974458016946e-48,-3.145402637490888e-59,5.950017214597613e-16,-7.625271403625358e-28,1.7790816880037447e-28,-7.366874430844657e-71,1.6444414212248188e-23,1.4290709721699797e-12,2.0993946554887794e-30,2.010638525373015e-24,2.5431205574748653e-29,7.292673331755426e-32,3.682653523253049e-23,-7.749192124739726e-44,-1.4305694363608264e-59,5.3865395095506237e-42,2.706923258600673e-32,0.10000000148717561,2.9405014645079025e-12,1.4874415521312926e-17,8.383809031388102e-33,-1.0864794037841508e-55,-1.0257932866552595e-42,-2.6298184232215145e-32,-1.5903519024254275e-42,3.8748055491504123e-25,-6.606110986357121e-61,3.876571824247913e-24,1.2953103997895428e-23,-2.1224167990802198e-52,1.5382861118421441e-37,-2.5930023294686134e-41,2.255999908885884e-06,9.111411536713549e-14,6.179999999245136e-05,7.548380093280391e-15,1.4587344109609767e-35,1.1233796891697244e-27,-2.8442993921287456e-32,-8.534869046011746e-62,-3.410826495721025e-30,2.476029712468792e-19,-2.4458938525836413e-34,3.827760832281443e-24,-1.4798026583666723e-78,-5.884062449807606e-38,-1.0101301770320142e-29,-6.144125572602455e-37,1.2077143575215124e-26,1.0994490656210317e-26,2.888664673496668e-53,1.3466652162195808e-33,6.317417234916844e-27,0.000333999999895147,1.048103635176824e-13,6.911059647243055e-22,4.740276912935739e-26,-2.125458182186207e-54,1.0016638301957273e-36,1.5986086834683095e-41,-6.821056125469264e-51,2.4880564263109068e-42,-5.456981947209224e-54,3.899258406360428e-17,3.555782654553255e-18,1.0336332056471827e-15,3.509999998964832e-06,-2.303355864978245e-43,4.80205244838475e-37,2.22482065111113e-15,1.779999997773153e-06,2.222385135738098e-37,3.4499239406109766e-31,-5.335598408894443e-61,3.1703974947333046e-48,0.0,0.0,5.68653302917421e-25,1.801198522405664e-18,2.3020260678170035e-36,2.251200672145482e-19,-3.1044168262507243e-50,1.36685148128449e-30,-3.1044172587616894e-50,-4.108999170315988e-63,2.1043438715286075e-44,1.314844719859731e-30,1.0211646114702164e-22,4.6827398185830915e-27,9.802537847099392e-42,4.712431100619126e-35,1.4387881087852365e-38,1.285564300915611e-32,2.1108842362731012e-26,-8.87557691994934e-47,-2.686569188428227e-54
0.007732564892420054,1.0012811761363962e-10,0.0001769999998690112,5.318528655892162e-33,1.1253176912403556e-26,7.32065740510276e-38,3.759101254960147e-29,-6.24110601953076e-43,8.339557058763295e-34,-5.0227027981879074e-74,-6.515107679238943e-60,-1.601876451703675e-68,-2.1008117306642788e-47,1.964268669150522e-38,-4.4965455966472103e-54,-5.735312896226072e-43,3.3597877408679505e-43,9.463762123058135e-88,-1.5560404156685149e-71,-5.250169651319284e-66,-5.229467469402222e-78,-4.039117613862937e-88,-5.814555549112367e-74,1.0025396780313793e-20,3.762309213633897e-16,6.115477310462456e-23,2.494757211748278e-15,-1.1456565643723751e-58,-7.439090863021429e-58,2.954042059022545e-28,1.2167285903080991e-19,1.6885612385046087e-78,-3.941427497279992e-77,-5.401350011940717e-55,-3.803741795170337e-50,-7.43908937719583e-58,-5.7776230882757955e-52,-2.600466318203175e-37,-6.941371366657529e-36,1.3514296663232408e-30,1.7039162786225846e-17,3.389793339196031e-08,8.967270967658528e-26,2.2602510328232164e-21,1.6247188056984121e-24,3.54458266254996e-20,1.1548703328705675e-40,2.276702820250145e-36,5.309066831942518e-29,0.00018232394406712265,0.49999999998647776,2.002869216850434e-11,0.24999999997608516,1.9623545874844272e-11,8.188958902633165e-17,-9.67834027418394e-38,-1.2115973363746744e-36,1.3214474823299254e-28,-1.3600816414350367e-40,-4.5009666764238685e-46,-2.1304711947831916e-38,-2.9935661647212987e-45,-1.254318710152755e-48,2.6043533205287974e-27,1.9314346910248273e-22,7.874790208208111e-27,2.2192440867263e-18,0.0,-3.8098391131473014e-47,-1.371348240758554e-58,1.2442165811593736e-15,-3.206085027635536e-27,3.7203205979752633e-28,-3.414370826437572e-70,4.972811458780486e-23,2.066509110895386e-12,6.340760499676246e-30,4.2044878205166454e-24,7.690495419965192e-29,1.6491222373648848e-31,7.700956321925529e-23,-3.2582529210852465e-43,-6.497677202132316e-59,1.5957822751934247e-41,5.67731321556634e-32,0.10000000148586388,4.252212612534479e-12,3.110345651923532e-17,1.746964838421953e-32,-4.619039204273956e-55,-4.483371112442545e-42,-1.1057234241968627e-31,-6.933601942594628e-42,8.102893993905982e-25,-2.888108210543803e-60,8.106494342581495e-24,2.708675379492755e-23,-9.253407808496271e-52,4.651785425948774e-37,-1.1304899902228963e-40,2.255999868241319e-06,1.3175868040208717e-13,6.179999998908395e-05,1.0915519892507892e-14,4.1574885334119433e-35,3.3924302342215566e-27,-1.1975876571667195e-31,-3.766089622398259e-61,-1.4345582779188958e-29,5.177663409645277e-19,-1.0663730168346439e-33,1.1575331569458824e-23,-7.139562645413876e-78,-2.5653649980590937e-37,-4.247185468376403e-29,-2.6787461525752062e-36,2.5255232164974018e-26,3.3247854670913795e-26,1.7934088296052226e-52,4.072319225227903e-33,1.321069126610798e-26,0.0003339999998483749,1.515611869448898e-13,9.99423454423991e-22,1.433477093380122e-25,-9.26673924916431e-54,3.029036174053956e-36,4.2736271992949215e-41,-2.900353135651589e-50,7.480351071471901e-42,-2.464663455356861e-53,5.638655778751734e-17,7.435535003025554e-18,1.4947206324062319e-15,3.50999999850306e-06,-9.7516344996664e-43,1.4521426695814282e-36,3.2172776888061207e-15,1.7799999967797922e-06,4.65054536683008e-37,1.0322670359916092e-30,-2.424220281865078e-60,9.071969837644678e-48,0.0,0.0,1.1891417735492552e-24,2.604587635368403e-18,6.961449968224283e-36,3.2554133973903496e-19,-1.3052770824603319e-49,2.8582290507888244e-30,-1.3052772710286061e-49,-1.8663352001909548e-62,6.363656009825547e-44,2.757905681209343e-30,1.476840238787696e-22,9.792417553706693e-27,2.95693944915192e-41,1.4250654689444274e-34,4.350902041207105e-38,3.885953820398662e-32,4.414186346985105e-26,-3.733503579475313e-46,-1.171301017277983e-53
0.011181939670698044,1.0018526887153344e-10,0.00017699999981057922,7.820866432822013e-33,1.6375216934626383e-26,1.5503056022068603e-37,7.86406624878312e-29,-3.3956945734544296e-43,2.535694239559748e-33,-1.0293317400962818e-73,-1.69109782585451e-59,-4.106826520629821e-68,-4.1004528990776293e-47,5.949343277780171e-38,-9.893539985131329e-54,-3.307838201616671e-43,1.0178134132651336e-42,2.894656892357537e-87,-4.152818222742859e-71,-1.2098169629684736e-65,-1.322886856383655e-77,-8.885926440997533e-88,-1.4912627907377133e-73,2.0886372770370436e-20,5.440390607923235e-16,8.870117732443936e-23,3.6075337073623605e-15,-2.9737336623555735e-58,-1.7719500034190754e-57,8.932700575533041e-28,2.5443200364040583e-19,1.5308301614951217e-77,-8.680291017987832e-77,-1.2855564535230343e-54,-9.314306228741946e-50,-1.7719492539604509e-57,-1.271475692345664e-51,-1.1794795831487936e-37,-3.1474444265023826e-36,4.0865442383104815e-30,3.113294810823707e-17,3.389701155146708e-08,1.8660401477533527e-25,3.2687529318636875e-21,3.395651216501742e-24,5.1259567708800885e-20,4.751064797026311e-40,4.930067305872437e-36,8.006007646403712e-29,0.00018232396372475703,0.49999999998044614,2.8963671979025064e-11,0.24999999996541683,2.837597639906803e-11,1.7123983410898252e-16,-4.390821979335785e-38,-5.497167666096332e-37,3.9958880251907714e-28,-6.165950066162863e-41,-9.90411180055435e-46,-9.663347335718094e-39,-1.8489629926933132e-45,-2.760093589907275e-48,5.4462212221817366e-27,5.840217167114514e-22,1.646734602656134e-26,3.209185775848653e-18,0.0,-1.7297413815978381e-47,-3.0175723724908376e-58,2.601773973905173e-15,-1.4512786493899639e-27,7.779714417900294e-28,-8.864290601209785e-70,1.5037062369527262e-22,2.9882461599913984e-12,1.91575073167529e-29,8.792018853590489e-24,2.325492207035238e-28,3.838859610795318e-31,1.6103748089690874e-22,-1.4780715963236574e-43,-1.6119457559580818e-58,4.917797221875619e-41,1.194033422745592e-31,0.100000001483967,6.149057334871674e-12,6.503830278751026e-17,3.6746178426935133e-32,-3.586063135485655e-55,-1.012620899141066e-41,-5.006479632034912e-32,-1.525639829688704e-41,1.6944617866363683e-24,-6.527917011214861e-60,1.6951865122857993e-23,5.664208260150845e-23,-2.0361580286544288e-51,1.406678402047773e-36,-2.4874476437601447e-40,2.255999809465856e-06,1.9053414315245878e-13,6.17999999842143e-05,1.5784607734156176e-14,1.326211752996602e-34,1.0247929666177084e-26,-5.308422432746115e-32,-8.58926938222159e-61,-6.475783640316518e-30,1.0826988700349133e-18,-2.346493482447728e-33,3.500178096922188e-23,-2.0084698567279717e-77,-5.644992084671093e-37,-1.9245389312269775e-29,-5.89442246940205e-36,5.281271547410061e-26,1.0053529655366808e-25,7.159914722803667e-52,1.2314537859693809e-32,2.762555474686848e-26,0.0003339999997807398,2.1916308061958312e-13,1.4453049309728793e-21,4.334572507499389e-25,-2.0391421981944146e-53,9.159670920862715e-36,1.7581531202623068e-40,-2.8287452534513994e-50,2.2868799752254245e-41,-6.035511134023072e-53,8.153970704342212e-17,1.5548364818975216e-17,2.161491880016494e-15,3.5099999978352987e-06,-3.990505580570382e-43,4.391217389516639e-36,4.65245384561432e-15,1.779999995343309e-06,9.7346809810686e-37,3.098673968331119e-30,-6.0184970235447e-60,2.8838354440519293e-47,0.0,0.0,2.4866761376680457e-24,3.766250047804784e-18,2.10500879041084e-35,4.707576149878701e-19,-5.91287360105434e-50,5.976784947737651e-30,-5.912877750389886e-50,-4.630118919657212e-62,1.924240438546769e-43,5.792489442033851e-30,2.1359494890532507e-22,2.0477693837770217e-26,9.008939910330534e-41,4.309114283703149e-34,1.3156934739534125e-37,1.174763699661699e-31,9.230739815285067e-26,-1.685685015969076e-46,-2.5772057017076107e-53
0.016170025927839105,1.0026791442125635e-10,0.00017699999972608165,1.16987927456475e-32,2.3980917751267383e-26,3.3834197861013875e-37,1.6456116963187245e-28,6.477185624646495e-42,7.735103016843655e-33,-3.0902680473980504e-74,-2.774727550795698e-59,-6.48142994429643e-68,1.4492211245655883e-47,1.8044085660188642e-37,-7.146031256204985e-54,5.816149814751163e-42,3.0870134216831806e-42,6.953462157530784e-87,-7.386879381603904e-71,-1.2037377675461313e-65,-1.9962449330883246e-77,-6.541194150322488e-88,-2.356326942779099e-73,4.3563971125980027e-20,7.866791867655911e-16,1.2905147619622284e-22,5.2165983100470626e-15,-4.879273701214452e-58,-2.1058042386413335e-57,2.7010970144168098e-27,5.320417290980953e-19,8.006400509379658e-77,-6.44635270321103e-77,-1.5235992224808778e-54,-1.2462973942776596e-49,-2.1058011791089154e-57,-9.199919126063846e-52,2.8685698651988455e-36,7.657676650993723e-35,1.2356863900278095e-29,5.859854991967876e-17,3.389567853686181e-08,3.889380748606343e-25,4.727393033458292e-21,7.098724710474327e-24,7.412966149123895e-20,2.0511056642026194e-39,1.0838954816687723e-35,1.2565999800033458e-28,0.00018232399215133843,0.49999999997172434,4.188494740718432e-11,0.24999999994998914,4.1031284641718535e-11,3.580766346151576e-16,1.0675388038804269e-36,1.33638155617893e-35,1.2082766931256892e-27,1.5005131790148612e-39,-7.159495025371871e-46,2.3500986283061793e-37,2.9473020707267516e-44,-1.9954617986092138e-48,1.1389813334553938e-26,1.7658713218839572e-21,3.443555637238564e-26,4.640694268262036e-18,0.0,4.2013747114655435e-46,-2.18135136696841e-58,5.440478487916626e-15,3.5387135857982144e-26,1.626841429656917e-27,-1.4552929141593866e-69,4.546886580135361e-22,4.321046462563413e-12,5.789545442301234e-29,1.8384801079591132e-23,7.0317506028818755e-28,9.241217232037487e-31,3.3674962434645707e-22,3.593997356800943e-42,-2.268133416900304e-58,1.5432062471696204e-40,2.5214562484609543e-31,0.10000000148122393,8.892054453016231e-12,1.359934166083792e-16,7.838621727212638e-32,4.025714951004895e-54,-8.999972938588479e-42,1.2203495226847432e-30,-1.1025042885002672e-41,3.5434425227591106e-24,-5.82961021931562e-60,3.544872921616475e-23,1.184458742440723e-22,-1.4719026458256146e-51,4.253697949448493e-36,-1.7973510720956904e-40,2.2559997244715885e-06,2.755284108405799e-13,6.179999997717218e-05,2.2825551883904453e-14,4.430910140646508e-34,3.0964935578212034e-26,1.3306677721741302e-30,-8.03198468595888e-61,1.5848677278204182e-28,2.2639958861845935e-18,-1.696249021503061e-33,1.0583578653240102e-22,-4.076582503072408e-77,-4.081022548784818e-37,4.686388176540191e-28,-4.260956055034524e-36,1.1043980392824343e-25,3.0398944679054586e-25,2.434706333863451e-51,3.723846704137217e-32,5.776911624753511e-26,0.0003339999996829362,3.1691330528243673e-13,2.0901465391258595e-21,1.3106531923335114e-24,-1.4743670503767658e-53,2.7698236712595105e-35,7.590257018450066e-40,2.106555587764577e-49,7.043555607343647e-41,-8.077075032186511e-53,1.1791327635742193e-16,3.2512524435536833e-17,3.125699266013502e-15,3.50999999686966e-06,1.1096906496360897e-41,1.327876154211734e-35,6.727838835428427e-15,1.7799999932660344e-06,2.0385997051254403e-36,9.322675964108145e-30,-8.492165242116377e-60,9.580696441770036e-47,0.0,0.0,5.200009363894787e-24,5.445890316134606e-18,6.364910939771693e-35,6.807497755319476e-19,1.4403836726884322e-48,1.2497721826201015e-29,1.4403836426936027e-48,-6.515512974012676e-62,5.8182885511327936e-43,1.2189434888036684e-29,3.089419726833297e-22,4.2822689580603484e-26,2.7567114091794636e-40,1.3029411936976794e-33,3.978569773616191e-37,3.5517205282395915e-31,1.9302865214416147e-25,4.124640158052032e-45,-1.861880878540107e-53
0.023383218494029506,1.0038742688512603e-10,0.0001769999996038911,1.808727570005979e-32,3.55718382859234e-26,7.651711920484304e-37,3.444856518021488e-28,4.294661597797881e-41,2.3600182031007818e-32,8.145192717212204e-73,-2.9308609134917235e-60,8.384583644440647e-69,4.990563996216954e-46,5.4737488498953095e-37,5.3243268125791975e-53,3.881654302282353e-41,9.363885802743932e-42,1.3796449813452285e-86,-4.176454799680468e-71,4.515213982605709e-65,8.231040268888851e-78,4.6951364990942575e-87,2.875519995803906e-74,9.093767825406626e-20,1.137505862854341e-15,1.889363457438295e-22,7.543223964483845e-15,-5.154825723358564e-59,4.530184405918873e-57,8.167646535976212e-27,1.1125352319048742e-18,3.3409795696480516e-76,4.552236732338975e-76,3.310435412493959e-54,1.540410645012796e-49,4.530195573865739e-57,6.832746514316242e-51,1.8701704471152848e-35,4.992322714572701e-34,3.73645292242634e-29,1.1313163263328806e-16,3.389375097825829e-08,8.11612085217006e-25,6.83725601692013e-21,1.484335955195947e-23,1.0720611761357482e-19,8.118455846625474e-39,2.4299274400701144e-35,2.11502710657233e-28,0.00018232403325854174,0.49999999995911265,6.057133370027979e-11,0.24999999992767866,5.93289084799129e-11,7.487555409329518e-16,6.95997865018945e-36,8.712796609312145e-35,3.653580735743569e-27,9.782260209040166e-39,5.3264220916040995e-45,1.5321555824934964e-36,1.983934134709261e-43,1.4842286084496859e-47,2.3821678111076002e-26,5.339341282515279e-21,7.200936295703495e-26,6.7107122326818205e-18,0.0,2.7393157907789106e-45,1.6228446534615682e-57,1.1376165006698531e-14,2.306705012326258e-25,3.401921641575047e-27,-1.5874693271551297e-70,1.3748802840301495e-21,6.24815985317192e-12,1.7499623541931177e-28,3.844339708215172e-23,2.1262343199130095e-27,2.305451242387062e-30,7.041807569583395e-22,2.3431454206595616e-41,1.9944831190850186e-58,4.8505574493444864e-40,5.354038291946787e-31,0.10000000147725716,1.2858659149833662e-11,2.8434750107233653e-16,1.701967029363692e-31,2.8144617613813613e-53,4.419466980136952e-41,7.95499092838316e-30,8.207004687002708e-41,7.41006277102172e-24,2.8323056403982823e-59,7.412796659698112e-23,2.4768417031604486e-22,1.095042227355906e-50,1.2862880246267758e-35,1.3382174489495551e-39,2.2559996015627206e-06,3.984372789238188e-13,6.179999996698824e-05,3.3007001179381347e-14,1.4777364555665658e-33,9.358200381331038e-26,8.659937370288098e-30,3.5166981947046824e-60,1.0328735476621616e-27,4.734073781562359e-18,1.2619341662997387e-32,3.2001759748145566e-22,-5.060051678463966e-77,3.0356493453004565e-36,3.0550679550942406e-27,3.1700219244520764e-35,2.309472256615161e-25,9.19173288427006e-25,7.724270667288343e-51,1.1260697001326248e-31,1.208034554641417e-25,0.0003339999995415094,4.582520408579692e-13,3.0227661284010836e-21,3.9630400693323584e-24,1.0964611439768112e-52,8.375758285884353e-35,3.004301628004966e-39,1.565743722561971e-48,2.1704586182373423e-40,9.973844745121079e-53,1.7051251573088922e-16,6.798407868946634e-17,4.520024387527335e-15,3.5099999954732644e-06,7.180888461189383e-41,4.0154107658979935e-35,9.729019105609542e-15,1.7799999902621218e-06,4.2718838913519506e-36,2.809230303283352e-29,7.303910940565348e-60,3.1796446411767325e-46,0.0,0.0,1.0873967320290043e-23,7.874328703057232e-18,1.9245515842298818e-34,9.844102674293813e-19,9.389672278704728e-48,2.613264745598422e-29,9.389672501855238e-48,5.725443916099154e-62,1.7592595246299477e-42,2.5721138051899457e-29,4.468934646507451e-22,8.955078564636305e-26,8.437051846091492e-40,3.939674842742773e-33,1.2030924441660985e-36,1.0738736014096053e-30,4.0365116504074206e-25,2.6881183863436803e-44,1.3867120183963241e-52
0.0338141020663529,1.0056025205661029e-10,0.00017699999942719324,2.9678849588812435e-32,5.410655019342386e-26,1.8003714486906996e-36,7.215157246065557e-28,1.921503939895278e-40,7.192436953232877e-32,-9.276500530915722e-72,-5.019802124467804e-59,-1.0377285990954345e-67,2.6404159246287453e-45,1.6596546655568347e-36,3.4819574073519534e-52,1.739459781698302e-40,2.8392114323668444e-41,2.7161863133194885e-86,-1.2202498280716443e-69,2.8041494544590215e-64,2.17332715881081e-77,-2.49322756532801e-86,-4.2254902992287926e-73,1.899362406800504e-19,1.644723364339775e-15,2.8012410894434354e-22,1.0907266352827097e-14,-8.829014590290677e-58,3.1545903088408835e-56,2.4697698680437457e-26,2.326340836646731e-18,-8.71755720356744e-75,-5.570240489124256e-75,6.507022432828574e-55,1.3545869096220554e-48,3.15459208215191e-56,4.469272403054933e-50,8.333150938886108e-35,2.2244783425455097e-33,1.129832878046092e-28,2.229728375562145e-16,3.389096376014494e-08,1.6951245460577756e-24,9.889438090391212e-21,3.104372757149459e-23,1.5504660247661973e-19,2.96484860333491e-38,5.580347656701563e-35,3.9570179570643572e-28,0.00018232409270296326,0.4999999999408768,8.759579294046112e-11,0.24999999989541438,8.578250478111736e-11,1.565646891244986e-15,3.1012593101019564e-35,3.8822943930463906e-34,1.1047762714882142e-26,4.358762306344441e-38,3.4844980308306647e-44,6.827020085345484e-36,8.909477250004615e-43,9.709604270856788e-47,4.982802270640572e-26,1.6144417941347745e-20,1.5058041125086448e-25,9.703999021497819e-18,0.0,1.2206154806738063e-44,1.061668400739563e-56,2.3787128402811748e-14,1.0277864080967719e-24,7.113769555041425e-27,-2.9332423289399236e-69,4.157376285707736e-21,9.034451231181286e-12,5.290174151286065e-28,8.038476182825998e-23,6.429284587723682e-27,5.959509089263481e-30,1.4725046539279838e-21,1.0440678700095292e-40,2.0992504592985714e-57,1.512921022372834e-39,1.1454398985084257e-30,0.10000000147152081,1.859470338423227e-11,5.945058504977612e-16,3.7774329901906303e-31,1.2675222284759569e-52,2.469654901678654e-40,3.5444813664465265e-29,5.3686071398896945e-40,1.54961049088345e-23,1.5817809612466282e-58,1.5501043986784313e-22,5.179322316483013e-22,7.163600350825151e-50,3.889653121022377e-35,8.75379145015788e-39,2.2559994238261453e-06,5.761738538668198e-13,6.179999995226058e-05,4.772950493302256e-14,4.823673755137124e-33,2.828676228075397e-25,3.856830365212822e-29,2.30810139912959e-59,4.601832136558288e-27,9.898788136041802e-18,8.25558226033737e-32,9.676532981099473e-22,-2.6647178035975983e-75,1.985838111167708e-35,1.3612586819986303e-26,2.073839483537404e-34,4.829474341832301e-25,2.7793369797080876e-24,1.2620644931441363e-50,3.4051762596369732e-31,2.5261633188066593e-25,0.0003339999993370055,6.626056328222618e-13,4.371672584367401e-21,1.1983230615330178e-23,7.172960567379798e-52,2.5327782381953924e-34,1.0971687548104469e-38,7.137769174784452e-48,6.669453248891206e-40,8.772667911720535e-52,2.4657543605259874e-16,1.4215105300791264e-16,6.536336050398491e-15,3.509999993453959e-06,3.193006961189343e-40,1.2142367055395688e-34,1.406897606630451e-14,1.7799999859182148e-06,8.959958506699445e-36,8.474363842055206e-29,7.674648595279954e-59,1.0318218396699084e-45,0.0,0.0,2.2738953503701697e-23,1.1385087419298702e-17,5.819314925297484e-34,1.4235166707280961e-18,4.183768383621939e-47,5.464123850649196e-29,4.1837685296074733e-47,6.0264061970066474e-61,5.319489375124819e-42,5.448581265585643e-29,6.46532772343356e-22,1.872701543906542e-25,2.5782705571796514e-39,1.1912453462910897e-32,3.638078250240283e-36,3.247032261731371e-30,8.440913178122091e-25,1.197656145978988e-43,9.070167919203516e-52
0.048898037660883895,1.0081017198825072e-10,0.0001769999991716735,5.356065379508716e-32,8.62335320415166e-26,4.6434411029899266e-36,1.5127260016877818e-27,8.51345971371031e-40,2.1993511009686166e-31,7.952823141737226e-71,2.501103386460202e-57,6.82616436059074e-66,1.5855958786595054e-44,5.0452885776270267e-36,2.3305641234425246e-51,7.72665362474602e-40,8.622080229172474e-41,5.736519827151551e-85,3.98312662142546e-69,2.5813977366318383e-63,1.9938927302426035e-75,4.376914531858182e-85,2.4672473417438513e-71,3.968699315386461e-19,2.377978030121106e-15,4.257559120851383e-22,1.577100527116864e-14,4.398040417714445e-56,3.871845088478676e-55,7.468050450995709e-26,4.8643029708709356e-18,2.9995744270232706e-74,4.650651463713762e-74,3.696912209034694e-52,1.7296376327967308e-47,3.871849191903401e-55,2.993119585040959e-49,3.6663006546809224e-34,9.786848781497582e-33,3.416316368932728e-28,4.466008506759547e-16,3.3886933613528793e-08,3.542971071399941e-24,1.4305538252367244e-20,6.494006870149349e-23,2.2424708034129613e-19,1.121655692148848e-37,1.3251186565842087e-34,8.434589697742059e-28,0.00018232417866448632,0.4999999999145097,1.2668039408098003e-10,0.2499999998487542,1.2402344479011235e-10,3.2736534586295952e-15,1.3644586245878582e-34,1.70809461166346e-33,3.340561991608439e-26,1.9176764805445746e-37,2.3321563653831146e-43,3.003657630806364e-35,3.969782392403778e-42,6.499375275780678e-46,1.042599936095728e-25,4.881327801864064e-20,3.1487964282982707e-25,1.403226467586248e-17,0.0,5.370465663851844e-44,7.10537032088054e-56,4.97358862317486e-14,4.521614270141488e-24,1.4875448856731778e-26,1.3018300481582326e-67,1.257081263873973e-20,1.3062666204343588e-11,1.5993460130309223e-27,1.680776673814852e-22,1.9440258612870978e-26,1.6011905914053237e-29,3.079092089169989e-21,4.593565311120453e-40,2.7507600569297316e-56,4.885098395215202e-39,2.4859979798465133e-30,0.10000000146322535,2.6889506099526122e-11,1.242873636396734e-15,8.84687320885483e-31,5.796388990623885e-52,2.8756798982825704e-39,1.5593619430511342e-28,3.59291838466086e-39,3.2406282712194865e-23,1.848716817626835e-57,3.241426034839708e-22,1.0830344861140504e-21,4.794696032171843e-49,1.1761972611573282e-34,5.858195664829821e-38,2.2559991668040844e-06,8.331959149719868e-13,6.179999993096132e-05,6.901796041236639e-14,1.6712422107458798e-32,8.550591579277365e-25,1.6962517177538604e-28,1.8584794999454764e-58,2.024493719969453e-26,2.0697177991988008e-17,5.5252255045486675e-31,2.9258444585111832e-21,-7.044768232813099e-75,1.3293113299445537e-34,5.988885023121629e-26,1.3879336131648293e-33,1.0099199805745294e-24,8.40368505710836e-24,2.2892567710937605e-49,1.0297013058107201e-30,5.282520952173609e-25,0.0003339999990412992,9.580468002445554e-13,6.322848624962969e-21,3.623305708798553e-23,4.8015895575487324e-51,7.6589105719524695e-34,4.1508064574243737e-38,3.3709365234118145e-47,2.0702312027135452e-39,1.120670801078937e-50,3.565688063767098e-16,2.9721669160026206e-16,9.452092799210417e-15,3.5099999905338735e-06,1.4029171616478201e-39,3.671754910175228e-34,2.0344914278968757e-14,1.7799999796365666e-06,1.8817802804786236e-35,2.558365762859447e-28,1.0247960209308443e-57,3.6056468076291344e-45,0.0,0.0,4.755003385091711e-23,1.645991732460224e-17,1.7595361578651125e-33,2.0584759219031602e-18,1.840639416218586e-46,1.142445131635459e-28,1.8406395139215187e-46,7.90047552013579e-60,1.6083963071482682e-41,1.1605181310290361e-28,9.355412462290166e-22,3.9162742307768907e-25,7.911894584013938e-39,3.6018487805636083e-32,1.1001246088727022e-35,9.818156412240145e-30,1.7651064725224475e-24,5.269091198108016e-43,6.069986644716433e-51
0.07071067811865467,1.0117157763626554e-10,0.00017699999880217072,1.0969132591986253e-31,1.487127709867844e-25,1.3634556481412005e-35,3.1773455780443042e-27,3.787153681322193e-39,6.7609844157683835e-31,1.9077275293176105e-69,4.263934854479768e-56,1.1429853935884046e-64,9.898050012371864e-44,1.541484783243918e-35,1.5226906978520878e-50,3.449445386798921e-39,2.62542522226938e-40,5.323335786112622e-84,1.588167332343825e-67,2.339393239656863e-62,3.029614094310524e-74,8.290030036347026e-84,4.1682779049670105e-70,8.295022972308731e-19,3.4378566371406313e-15,6.77745857293349e-22,2.2802395973574882e-14,7.498033306800752e-55,3.850671281860018e-54,2.2581054807661353e-25,1.0170682701695486e-17,9.822921570431347e-73,1.1379353364167898e-72,5.754424443115368e-51,1.7378082784744239e-46,3.8506766570419524e-54,1.9570118989496967e-48,1.61467175679617e-33,4.3101583258207446e-32,1.0329635927024722e-27,9.0547028185118e-16,3.388110652990139e-08,7.409970308729816e-24,2.0696580196192595e-20,1.358843901847191e-22,3.2435671509433616e-19,4.421767429853078e-37,3.2880194500118342e-34,2.0389874548062866e-27,0.00018232430297184603,0.4999999998763884,1.8321038156786118e-10,0.24999999978127285,1.7929549887353265e-10,6.844631340100656e-15,6.00926598161017e-34,7.522715302250696e-33,1.0100628585793609e-25,8.44543657193422e-37,1.523419307188409e-42,1.3228396238865244e-34,1.7793308192136943e-41,4.2461419596379445e-45,2.1832295679824856e-25,1.4757867467199137e-19,6.584393323091611e-25,2.02907177651657e-17,0.0,2.3653107258276805e-43,4.641146066181879e-55,1.039851350411014e-13,1.991177302525446e-23,3.11051891582427e-26,2.246620947361833e-66,3.800938642535655e-20,1.888571995899636e-11,4.835379496456128e-27,3.5141768077708943e-22,5.877903110822649e-26,4.47032264946259e-29,6.438419205667315e-21,2.0230627939794213e-39,2.782669823029572e-55,1.6741263372691093e-38,5.53013413079684e-30,0.10000000145122902,3.888448890037264e-11,2.5980406862488794e-15,2.2670434853120325e-30,2.7405307731581933e-51,2.8164948801348517e-38,6.867021701324169e-28,2.346793372503151e-38,6.777110177020936e-23,1.8147949960302656e-56,6.778068311753038e-22,2.264664352487993e-21,3.132112824620216e-48,3.556675161850801e-34,3.826230731515945e-37,2.2559987951285216e-06,1.2048714776565299e-12,6.179999990015703e-05,9.979967196081358e-14,6.308808231799655e-32,2.584675404242638e-24,7.468167806469254e-28,1.4892713360302245e-57,8.915487223145799e-26,4.3272736115906267e-17,3.609057173066601e-30,8.846266925086177e-21,5.603210730277251e-74,8.684905167036846e-34,2.637443043733057e-25,9.065717702866616e-33,2.111903402436183e-24,2.5408230563076128e-23,2.93842457859704e-48,3.1137143603240643e-30,1.1046323504789496e-24,0.0003339999986137321,1.385130485576809e-12,9.145550516517922e-21,1.0955025834003586e-22,3.1370921399663607e-50,2.3159641004715506e-33,1.6363351281343043e-37,1.6637450507133847e-46,6.538752317110445e-39,1.1261830448126716e-49,5.156284477880961e-16,6.2139499661901e-16,1.3668523256090709e-14,3.509999986311183e-06,6.173042346998692e-39,1.1102971756580736e-33,2.942043904991639e-14,1.7799999705527887e-06,3.959697492144151e-35,7.72780575256594e-28,1.047166022086e-56,1.4037777178183995e-44,0.0,0.0,9.943245450614997e-23,2.3794320817747727e-17,5.3198517671279964e-33,2.9766269808469737e-18,8.105874412165471e-46,2.388459679125892e-28,8.105875050349674e-46,7.99418833781081e-59,4.862836982488573e-41,2.490738269963919e-28,1.3541265219771188e-21,8.190027554195152e-25,2.443414630722216e-38,1.0889897174532936e-31,3.3266470411334435e-35,2.9687784853184325e-29,3.691049361063784e-24,2.320589480898811e-42,3.9648564657259438e-50
0.1022535921518125,1.0169420144064971e-10,0.00017699999826783925,2.5662953784032706e-31,2.873447063073855e-25,4.597317713465679e-35,6.695721708081552e-27,1.6823907032723422e-38,2.0937904803868717e-30,4.247043979501278e-68,6.091282155606174e-55,1.6299844844193785e-63,6.247391676123606e-43,4.7550681152709105e-35,9.715698424031368e-50,1.5400714841016866e-38,8.030778074481653e-40,1.5499506320477777e-82,3.7584863810879796e-66,2.3404048547216823e-61,4.758074802128515e-73,1.9121000959002554e-82,6.014129487076831e-69,1.7341482891637019e-18,4.969549349196704e-15,1.1668101733897958e-21,3.296622886313381e-14,1.0711618514336404e-53,3.622989968452758e-53,6.82751048089762e-25,2.126443651819071e-17,3.8870178984235975e-71,2.532809588873701e-71,8.140082024292141e-50,1.6347005653629643e-45,3.622997400787131e-53,1.2509207781433054e-47,7.071299967173225e-33,1.8875569911798368e-31,3.1231208355276207e-27,1.8523587906173872e-15,3.387268184864761e-08,1.5508023104272688e-23,2.9948985595265136e-20,2.8443373656660737e-22,4.692070206576779e-19,1.805109165348544e-36,8.643020228379694e-34,5.424125870717351e-27,0.000182324482730253,0.4999999998212773,2.649791621046848e-10,0.24999999968367503,2.591659366530021e-10,1.4309889812737635e-14,2.6317418168964298e-33,3.2945703638603174e-32,3.053900903845235e-25,3.698485644318112e-36,9.716345960589114e-42,5.793260275074668e-34,7.982588192090678e-41,2.7087141069441867e-44,4.580144869585298e-25,4.461370523892264e-19,1.3768284391570883e-24,2.933974795864632e-17,0.0,1.0359322262141485e-42,2.9598907345092e-54,2.1738742826666713e-13,8.719052030009988e-23,6.504063028877564e-26,3.259356688212384e-65,1.1492001913028898e-19,2.7301988988884024e-11,1.4619158761113045e-26,7.34690455082783e-22,1.7771202974078753e-25,1.294723407211343e-28,1.3462390612717428e-20,8.85990348154003e-39,2.6210021791797676e-54,6.285454233785573e-38,1.28099130858191e-29,0.10000000143388044,5.623024345054697e-11,5.429876046146755e-15,6.555398644882821e-30,1.3672090195839108e-50,2.639419360607472e-37,3.0070098696357066e-27,1.4966285365649154e-37,1.4173344717413987e-22,1.7056083068109245e-55,1.417320413898299e-21,4.735371906194283e-21,1.9977517978664515e-47,1.0754768304251426e-33,2.439962473497078e-36,2.2559982576543135e-06,1.7423456858029264e-12,6.179999985560353e-05,1.4430595426791254e-13,2.6446471601210594e-31,7.812527713246935e-24,3.2696936310327795e-27,1.2763474466279614e-56,3.9042245383855044e-25,9.046490960506232e-17,2.3017149088233531e-29,2.674470931889619e-20,7.846993942049485e-72,5.540592072407326e-33,1.1549718800102963e-24,5.781566480013544e-32,4.4163259164707894e-24,7.6815059304215e-23,4.0399611706128087e-47,9.415439294703488e-30,2.3098807153908605e-24,0.00033399999799553666,2.0024177682669923e-12,1.3229792910427421e-20,3.3120038918517027e-22,2.0013485206009044e-49,7.003091428603617e-33,6.680129114106282e-37,8.757424895053441e-46,2.1241522219926267e-38,1.0595303063370813e-48,7.456420159113255e-16,1.2990354842035804e-15,1.9765838225725258e-14,3.509999980204816e-06,2.701919530097477e-38,3.357362656704243e-33,4.254439057853906e-14,1.7799999574169114e-06,8.355030868792326e-35,2.335182592424695e-27,9.993222438139214e-56,6.236510650762821e-44,0.0,0.0,2.0792232008728815e-22,3.439165111712741e-17,1.6082986334410895e-32,4.304238902284515e-18,3.549603512374047e-45,4.9929112173038185e-28,3.5496039193758724e-45,7.532161684203248e-58,1.47011110998477e-40,5.401810822830674e-28,1.9608041707800314e-21,1.7128085104500365e-24,7.6089045778322e-38,3.292202973842705e-31,1.0059229923068485e-34,8.976890285774205e-29,7.718361977397972e-24,1.0163461014442728e-41,2.5287529238688455e-49
0.14786730075483182,1.0244996116077336e-10,0.0001769999974951522,6.708198431051419e-31,6.334794331000898e-25,1.7489705298629016e-34,1.4197049074601763e-26,7.512863185534115e-38,6.556695709148936e-30,8.376657565545362e-67,8.181733747795642e-54,2.1886472497022263e-62,3.9993521289807675e-42,1.4946843187856992e-34,6.158502546665664e-49,6.927126932580903e-38,2.476925170584535e-39,4.444389722198133e-81,7.691749286226052e-65,2.5812081790740566e-60,7.903952272648614e-72,4.488243290526829e-81,8.21654363148152e-68,3.626083959169106e-18,7.182456207022558e-15,2.2498861144884e-21,4.7655312763327056e-14,1.438810722812023e-52,3.344348769866936e-52,2.0642051068481275e-24,4.4454985091825513e-17,1.1779487470252014e-69,4.994683726530341e-70,1.0915990031011399e-48,1.5033113794849436e-44,3.344358728408175e-52,7.964997549688985e-47,3.0926879422393234e-32,8.255155072865884e-31,9.441880919281194e-27,3.8141313855006104e-15,3.386050275529999e-08,3.2481420052539193e-23,4.3350495394066e-20,5.956690304754935e-22,6.788466551262875e-19,7.640927760691309e-36,2.4559682737358678e-33,1.5326322703200795e-26,0.00018232474267499768,0.4999999997416148,3.8326895656597213e-10,0.24999999954251073,3.745449600912562e-10,2.991420763368177e-14,1.1510386647624907e-32,1.4409493633965015e-31,9.232698666794266e-25,1.617491196067023e-35,6.154821936000072e-41,2.5337343246182648e-33,3.610249745763954e-40,1.7163098113266309e-43,9.652246706461705e-25,1.3485057432487983e-18,2.8789465056716847e-24,4.242285701878778e-17,0.0,4.531149879926418e-42,1.874741999173253e-53,4.5440417726236705e-13,3.812645778065473e-22,1.3599436473904974e-25,4.469575675950837e-64,3.474298378928477e-19,3.946351601358002e-11,4.419829219216299e-26,1.5358109076387538e-21,5.372458172389348e-25,3.8864340804464488e-28,2.814786179027423e-20,3.875006519554244e-38,2.411599770299362e-53,2.6676886628019354e-37,3.162178636845071e-29,0.10000000140879112,8.131366412288358e-11,1.1345546939136412e-14,2.1626462739511956e-29,7.480763968667344e-50,2.42620357886022e-36,1.314928680689559e-26,9.47905033777489e-37,2.964272214542327e-22,1.5739532753547984e-54,2.9635958186771218e-21,9.901202830021365e-21,1.265561347642141e-46,3.251976203171875e-33,1.5452397375192051e-35,2.255997480421242e-06,2.5195787573671663e-12,6.179999979115894e-05,2.0865185277539485e-13,1.2427706278083808e-30,2.3611600875366047e-23,1.4295967153300802e-26,1.2054341056325712e-55,1.7074367973494332e-24,1.891001375101167e-16,1.4578995874931802e-28,8.084817484310571e-20,3.585135139116266e-70,3.5109166233907956e-32,5.0509151370687836e-24,3.661855630446469e-31,9.2352395674907e-24,2.322042876125011e-22,5.393765986072327e-46,2.847043120352075e-29,4.830081977193892e-24,0.00033399999710178864,2.894415795602056e-12,1.9140923692410202e-20,1.0012042235908236e-21,1.268216100807331e-48,2.1175695819465273e-32,2.8277053669313154e-36,5.0719177113951194e-45,7.230041486206999e-38,9.745220489789093e-48,1.0782608747099166e-15,2.7152796836294692e-15,2.858307230045862e-14,3.5099999713744926e-06,1.1813388457597987e-37,1.0151908091964873e-32,6.152268485694229e-14,1.7799999384213899e-06,1.769881609032816e-34,7.05851864827342e-27,9.361735113727288e-55,3.172771434657093e-43,0.0,0.0,4.347781749192551e-22,4.9697827416931926e-17,4.861649389700809e-32,6.223843738782813e-18,1.55226753095139e-44,1.0435718556010805e-27,1.5522677887389225e-44,6.933380764165455e-57,4.443829807366298e-40,1.1880600137704453e-27,2.8409691232536238e-21,3.582188221472246e-24,2.3968985025358473e-37,9.951700274530049e-31,3.0416742377392175e-34,2.7143744522714855e-28,1.6139688351763527e-23,4.4456204585255494e-41,1.6018772802645783e-48
0.21382856261966862,1.0354285690154621e-10,0.0001769999963777844,1.896194113331629e-30,1.5737986125396175e-24,7.269668219760869e-34,3.045297352551025e-26,3.387154442967429e-37,2.0875385188901333e-29,1.6058491960847205e-65,1.0836228888706313e-52,2.897724344193502e-61,2.600953284331472e-41,4.868613249160727e-34,3.898528198901314e-48,3.1559721343076476e-37,7.757997163036001e-39,1.2396319268751624e-79,1.5444692762604133e-63,3.096279088261465e-59,1.4177033412068716e-70,1.1307265451746086e-79,1.1202616117082976e-66,7.583462434278257e-18,1.03782243865418e-14,4.9499601173659405e-21,6.887883838830622e-14,1.9056938935180622e-51,3.087450114547847e-51,6.240266737754562e-24,9.292515544706096e-17,3.4072757351309827e-68,9.572813302350063e-69,1.4448626075071858e-47,1.374888322514202e-43,3.087463379330887e-51,5.1013072996580794e-46,1.3520965873209812e-31,3.608942887898743e-30,2.854163486475155e-26,7.890060176088672e-15,3.384289850571569e-08,6.809964493855261e-23,6.277557810020606e-20,1.2483242519317931e-21,9.823656812363881e-19,3.353578261606102e-35,7.753680189374488e-33,4.4784861629870434e-26,0.00018232511857479704,0.49999999962648434,5.544204702745641e-10,0.24999999933831352,5.411413905601498e-10,6.252498934095119e-14,5.032405732496973e-32,6.299980660811949e-31,2.790967342201554e-24,7.071089934744033e-35,3.892259593597733e-40,1.1077312623331149e-32,1.6534022856063447e-39,1.0858108794547912e-42,2.0575284691798153e-24,4.075209784966189e-18,6.019667123910596e-24,6.133680222172612e-17,0.0,1.981244505647505e-41,1.1853892012451053e-52,9.496647272219345e-13,1.666415174491338e-21,2.843376358877565e-25,6.10157220427587e-63,1.050243498350591e-18,5.703107818456323e-11,1.3361844980048598e-25,3.2099812844747625e-21,1.6239544165740961e-24,1.2088706237723625e-27,5.884914099087491e-20,1.6941567351428692e-37,2.2066099031049955e-52,1.2897142358016554e-36,8.541681804781422e-29,0.10000000137250602,1.1758640087130594e-10,2.3697589370614267e-14,7.979264229315027e-29,4.633508299011778e-49,2.2194060155600697e-35,5.747428808859325e-26,5.993254823858986e-36,6.199968976114559e-22,1.4477879826905689e-53,6.19660413920743e-21,2.0701323211703505e-20,8.004079226629172e-46,9.832825646672804e-33,9.768753394271329e-35,2.2559963564765323e-06,3.643523466415517e-12,6.179999969793219e-05,3.016723122409102e-13,6.462860533747206e-30,7.134663066833366e-23,6.247812456526936e-26,1.2627925613369317e-54,7.46420835024819e-24,3.9520762970652437e-16,9.21852758593201e-28,2.443636081579497e-19,1.4471845418194194e-68,2.2213896453441554e-31,2.207936821115514e-23,2.315292568832381e-30,1.9312354489440904e-23,7.018176895627245e-22,7.135665072155733e-45,8.608656277821705e-29,1.0099725027571372e-23,0.000333999995809802,4.182959232170185e-12,2.769931465148793e-20,3.0261350774608705e-21,8.024289843166012e-48,6.402814732457881e-32,1.2410930618236665e-35,3.292773448692768e-44,2.6440200198010373e-37,8.914338829110987e-47,1.5592555202358596e-15,5.674424245675999e-15,4.1333542072834384e-14,3.509999958605095e-06,5.164152599008614e-37,3.069609766887293e-32,8.896680321336742e-14,1.779999910952399e-06,3.7703558145718417e-34,2.1340700246720203e-26,8.792761298238929e-54,1.8047846789962025e-42,0.0,0.0,9.091283581132342e-22,7.179331118243917e-17,1.4693583251014357e-31,8.999265176917533e-18,6.785251511074695e-44,2.1806874642682812e-27,6.785253141048942e-44,6.3479141106365575e-56,1.3430355292000904e-39,2.661224015460895e-27,4.119729449924692e-21,7.492232918022257e-24,7.667567317962976e-37,3.0076848263191356e-30,9.196997818600984e-34,8.207373970965417e-28,3.3748735269355814e-23,1.9439769536906647e-40,1.0130760250025439e-47
0.3092140991185264,1.0512328359636325e-10,0.00017699999476198205,5.658900390426703e-30,4.2620764162259385e-24,3.216936394895125e-33,6.675652676694703e-26,1.550045707184047e-36,6.811686185782693e-29,3.080440130797589e-64,1.435198231017022e-51,3.835520370775269e-60,1.7247074896469638e-40,1.6884202925324413e-33,2.4687812460309255e-47,1.4663683833362804e-36,2.500979812778581e-38,3.4925233117183883e-78,3.170156026351464e-62,3.9612722006801456e-58,2.744974624751429e-69,3.103578762463713e-78,1.5637942244844647e-65,1.586284177632427e-17,1.499063589355564e-14,1.227619961536498e-20,9.953197616594564e-14,2.5241257285600297e-50,2.889395916909237e-50,1.8862328455914757e-23,1.9420857143137482e-16,1.0069591600852169e-66,1.8354153576463472e-67,1.9123382450178975e-46,1.2570695657480527e-42,2.889413777405497e-50,3.330781727516404e-45,5.910425191569506e-31,1.577490153476052e-29,8.626361184945834e-26,1.6375361977786637e-14,3.3817457465253983e-08,1.4296680129140726e-22,9.096040848897505e-20,2.618627841255877e-21,1.4220341476403297e-18,1.5267083191509359e-34,2.799751646001718e-32,1.3316708618402166e-25,0.00018232566215297956,0.499999999460139,8.021172423539022e-10,0.24999999904289819,7.815292277758063e-10,1.3065788591241603e-13,2.199920974135555e-31,2.7540862347805374e-30,8.4355205090494e-24,3.0907087427847253e-34,2.4611186939230376e-39,4.8422578475465086e-32,7.701905473112826e-39,6.869639199534585e-42,4.514966133648623e-24,1.2311775448625167e-17,1.2586061020965454e-23,8.867681341253701e-17,0.0,8.662295652272802e-41,7.49368875255826e-52,1.9841880556366865e-12,7.2816216902907e-21,5.944494195308651e-25,8.459850363039904e-62,3.1742605580015082e-18,8.239549832387218e-11,4.039138552538289e-25,6.707614007515998e-21,4.907884923098768e-24,3.899178721333308e-27,1.2302507446111511e-19,7.405909542222464e-37,2.0187072042650304e-51,6.948117633937489e-36,2.5738048525569836e-28,0.10000000132002684,1.7003982960958945e-10,4.9471632787149676e-14,3.1777167135789755e-28,3.269531942445716e-48,2.0301029442371225e-34,2.5115376495389134e-25,3.7884861429730753e-35,1.296873570088813e-21,1.3348986475519043e-52,1.2955828123623714e-20,4.327867417565091e-20,5.0617736489151556e-45,2.972946763990934e-32,6.173949211068204e-34,2.255994731157316e-06,5.268842681779183e-12,6.179999956304661e-05,4.361268431780973e-13,3.623211780026928e-29,2.1552110539211075e-22,2.72981426270309e-25,1.4445002457016227e-53,3.262512907808608e-23,8.25744606086205e-16,5.827960119975364e-27,7.384264651941474e-19,5.843061100007357e-67,1.405628533933489e-30,9.649794631558001e-23,1.4635868780359055e-29,4.0385214273059424e-23,2.1206907387105785e-21,9.446905354533156e-44,2.6029098098182547e-28,2.1117878242439438e-23,0.0003339999939424167,6.043459692425525e-12,4.0097212852954946e-20,9.14446049544311e-21,5.07768573162639e-47,1.9359000488353523e-31,5.650143693807246e-35,2.3876344875893536e-43,1.0662561928972826e-36,8.15236154307638e-46,2.254813940792383e-15,1.185507319917486e-14,5.977180954010645e-14,3.5099999401394577e-06,2.2575862005715133e-36,9.281079352722181e-32,1.286531147581692e-13,1.779999871230201e-06,8.096332365090852e-34,6.453486188257412e-26,8.363263559255674e-53,1.1129785357309e-41,0.0,0.0,1.9009445082705642e-21,1.0366483008694483e-16,4.4398300862005085e-31,1.3011736394588692e-17,2.9653266888324493e-43,4.555370144796142e-27,2.965327719251572e-43,5.812487737025554e-55,4.057942468271311e-39,6.0998324789174106e-27,5.981377323566542e-21,1.567139568449781e-23,2.5020166363776446e-36,9.08778144110339e-30,2.7807269988017118e-33,2.481549413816196e-27,7.056816256988356e-23,8.50030680226067e-40,6.406476897244987e-47
0.44714961332713477,1.0740872920741236e-10,0.00017699999242540748,1.7691623737612414e-29,1.216431225089928e-23,1.4971876777977218e-32,1.5222354923131471e-25,7.253831791665631e-36,2.3036898501396383e-28,5.88272508497544e-63,1.8965831819344834e-50,5.063536956899798e-59,1.1728917798456496e-39,6.451905030687679e-33,1.563709332535946e-46,7.012926630664383e-36,8.502261533004573e-38,9.821487226788316e-77,6.681271266749539e-61,5.311054964143424e-57,5.662680352716727e-68,9.058002786120951e-77,2.2736056797843577e-64,3.318908336913435e-17,2.1641924521732146e-14,3.3196865862257134e-20,1.4377992255337403e-13,3.3358435220141717e-49,2.7957105187930537e-49,5.700375002197089e-23,4.057804497353789e-16,3.0344920107751086e-65,3.502196396426243e-66,2.524562423054947e-45,1.1478057248351012e-41,2.79573512951128e-49,2.2812549415639735e-44,2.582970304769374e-30,6.893378698045623e-29,2.606592046014872e-25,3.4064762483478204e-14,3.3780701400641076e-08,3.00697302117664e-22,1.3191464877353932e-19,5.5007839301642886e-21,2.0593985737423384e-18,7.214255316811183e-34,1.173497203066875e-31,3.9945346612084217e-25,0.0001823264482032162,0.499999999219887,1.1607190534122594e-09,0.24999999861543393,1.1280561792507601e-09,2.729490144500344e-13,9.614734269893353e-31,1.2036984289783412e-29,2.5489972677554557e-23,1.350523216795077e-33,1.555460019615244e-38,2.1161780225106725e-31,3.665490448569452e-38,4.3452967460979745e-41,1.0631057422201382e-23,3.7179940573781085e-17,2.631334553883834e-23,1.2818947537271362e-16,0.0,3.786648039882313e-40,4.7346187283963636e-51,4.14408373265235e-12,3.18045156233658e-20,1.2426474361451647e-24,1.1977497450560837e-60,9.591654107797652e-18,1.189915759903452e-10,1.2208177906531191e-24,1.4011679827738776e-20,1.4828558479432123e-23,1.305675157794267e-26,2.571506194126032e-19,3.236675097087204e-36,1.844742770134794e-50,4.024069404910776e-35,8.655767147284451e-28,0.100000001244121,2.4589189910660043e-10,1.0320023792684322e-13,1.3229315682346858e-27,2.5628815098921733e-47,1.8548146806234405e-33,1.0970615755259725e-24,2.39335747305698e-34,2.7130502272405117e-21,1.2335986451544002e-51,2.7085872840856434e-20,9.046907988541526e-20,3.199753014784415e-44,8.988016606887383e-32,3.899336873949056e-33,2.2559923808077403e-06,7.619192258218552e-12,6.179999936784084e-05,6.304321672888342e-13,2.131565980891219e-28,6.507448776287072e-22,1.1922054135934934e-24,1.7518699669804487e-52,1.4255899239857916e-22,1.7246572802755288e-15,3.682421904349807e-26,2.2306935365743103e-18,2.3254630074863704e-65,8.893058650239676e-30,4.216031262255314e-22,9.246434204101399e-29,8.445201061446818e-23,6.405962310440917e-21,1.2477862835108158e-42,7.869687405694101e-28,4.4154026263521416e-23,0.0003339999912439735,8.727968830158241e-12,5.807108844181797e-20,2.762417833159673e-20,3.212668297935976e-46,5.852806084669388e-31,2.6699249894158053e-34,1.8868748242128782e-42,4.810397564538956e-36,7.446150457943203e-45,3.260649897275465e-15,2.4757471504521518e-14,8.643512756383183e-14,3.5099999134365657e-06,9.868819080892895e-36,2.805980523318926e-31,1.8604245687483667e-13,1.7799998137891331e-06,1.7582493327602774e-33,1.9519613886451195e-25,8.098685462368701e-52,7.279456993253993e-41,0.0,0.0,3.974610143580584e-21,1.495861011488262e-16,1.3410738941704012e-30,1.8811971443641138e-17,1.2954554502411956e-42,9.51153162526091e-27,1.295456101268789e-42,5.318317394480293e-54,1.2256400910135576e-38,1.4373544997886945e-26,8.699437278068247e-21,3.2783273462262927e-23,8.367469676752012e-36,2.744892316419666e-29,8.406981866970538e-33,7.502696169381372e-27,1.4755167623458114e-22,3.716474915741358e-39,4.04965712310132e-46
0.646615976660124,1.107137084453257e-10,0.00017699998904654814,5.846792234520058e-29,3.5728084259825145e-23,7.336121545904046e-32,3.7103340929066373e-25,3.5104509128410984e-35,8.194961900170339e-28,1.1256414647693605e-61,2.508767243782317e-49,6.687811390381683e-58,8.271530151116632e-39,2.7926408667356136e-32,9.913225726664364e-46,3.4978206643161007e-35,3.170962591136842e-37,2.7948372294522587e-75,1.477224285240017e-59,7.505700986962984e-56,1.2710434974573737e-66,2.8677673729849127e-75,3.5774484888753214e-63,6.946097467226561e-17,3.122138940736869e-14,9.460607954112085e-20,2.0760117256630064e-13,4.413106762783824e-48,2.94065600001116e-48,1.722225528568474e-22,8.475228438175495e-16,9.571270518368864e-64,6.692684590614745e-65,3.3344018175799345e-44,1.0478914154953234e-40,2.940692161156756e-48,1.7461280238489302e-43,1.1285281612702796e-29,3.0114398334537426e-28,7.873520710372645e-25,7.097816707960605e-14,3.372761968269586e-08,6.340892281423448e-22,1.9154584862461587e-19,1.1578076730901864e-20,2.9843252414993516e-18,3.542680876730495e-33,5.641805940764592e-31,1.2034685844773067e-24,0.00018232758487795507,0.4999999988730825,1.6801444801651758e-09,0.24999999799672445,1.626884363830282e-09,5.69941985750683e-13,4.201196279825114e-30,5.259782452121462e-29,7.69985797916895e-23,5.899472591308464e-33,9.829925788172585e-38,9.245925571667719e-31,1.7908495167071373e-37,2.7493545286718238e-40,2.908049406787446e-23,1.1221022304233747e-16,5.50069178854914e-23,1.852794312468671e-16,0.0,1.6550962628913795e-39,2.9907714459733627e-50,8.650341723770503e-12,1.388464155148094e-19,2.5972407737672644e-24,1.7602185011014551e-59,2.897326236516627e-17,1.717393681780571e-10,3.689121166081533e-24,2.925532875767688e-20,4.478532421783554e-23,4.543162839815288e-26,5.373972190575579e-19,1.4142338440565641e-35,1.6861114298267368e-49,2.4307921915808e-34,3.18939164942418e-27,0.1000000011343207,3.555803688849773e-10,2.1504616205413689e-13,5.637079864895305e-27,2.155244018702781e-46,1.6948761751770555e-32,4.789842480598132e-24,1.5115838227923145e-33,5.6766390411864594e-21,1.1456853655703817e-50,5.662023549400179e-20,1.8908394419870818e-19,2.0227133339495816e-43,2.7170286442778457e-31,2.4617851668024644e-32,2.2559889820019136e-06,1.1017998084528938e-11,6.179999908524473e-05,9.111481472282201e-13,1.2908179912706046e-27,1.963566487537476e-21,5.204099129823323e-24,2.2094335553805473e-51,6.227382492104492e-22,3.600177142687589e-15,2.326305981387637e-25,6.735548111629603e-18,9.305530406209886e-64,5.628578854556191e-29,1.8413260524074077e-21,5.840082781931897e-28,1.7660339612243158e-22,1.9341060607553694e-20,1.6493314727962388e-41,2.3791351428575816e-27,9.231247830341244e-23,0.0003339999873458706,1.2597626885820684e-11,8.415791328113689e-20,8.341042952381502e-20,2.0334887481011173e-45,1.7692965253807814e-30,1.3110975905560624e-33,1.58137858079941e-41,2.413643140646784e-35,6.801041640659148e-44,4.715175876529092e-15,5.167109135124701e-14,1.2499259518507421e-13,3.5099998748218795e-06,4.3140072125753836e-35,8.482593286924504e-31,2.6903142957602326e-13,1.779999730725712e-06,3.8786565361935405e-33,5.905437138639391e-25,8.074475418151571e-51,5.017823218001535e-40,0.0,0.0,8.309826642453363e-21,2.1564316318130565e-16,4.0487317741858095e-30,2.7195134683010214e-17,5.6571500751754645e-42,1.9846476370924262e-26,5.65715418749858e-42,4.8698454592359175e-53,3.699873562632792e-38,3.4952381953266786e-26,1.2684026065050746e-20,6.859084587272891e-23,2.880619445568383e-35,8.286368362436216e-29,2.5414274763710305e-32,2.2681701811859678e-26,3.085008927473333e-22,1.6248401288545747e-38,2.559874900662293e-45
0.9350611267692971,1.1549305437837265e-10,0.00017699998416048353,2.091123602438563e-28,1.0650090221516727e-22,3.822344086028538e-31,9.986737925625718e-25,1.7832990358675894e-34,3.117785190183885e-27,2.1538632384040213e-60,3.31857139257341e-48,8.826722564880585e-57,6.136538725829217e-38,1.3715587699738023e-31,6.291158167190727e-45,1.8488419487930124e-34,1.3656752202994842e-36,8.04159048158844e-74,3.475009517238237e-58,1.1377998092584773e-54,3.203609905738599e-65,1.0095733767941536e-73,6.390600581559641e-62,1.4543390495173997e-16,4.499324882838534e-14,2.773607419873887e-19,2.9954806154927707e-13,5.838590099016056e-47,3.6651721507306166e-47,5.201169498919796e-22,1.7692001087626391e-15,3.1977198074809696e-62,1.2781418191196234e-63,4.400932815020182e-43,9.559105430086038e-40,3.6652331700509673e-47,1.6410155092189496e-42,4.92870643272185e-29,1.3149858154416927e-27,2.377107277545223e-24,1.4806066961822598e-13,3.3651006538331376e-08,1.3419979127720582e-21,2.7862097296072566e-19,2.4438246760704143e-20,4.32853363174539e-18,1.808506701503552e-32,3.0100365970937975e-30,3.633926093297751e-24,0.00018232922856317217,0.49999999837286374,2.433059487063416e-09,0.249999997100854,2.343493244332368e-09,1.1893105141002617e-12,1.8350811583289961e-29,2.2975814727535165e-28,2.3248114581239286e-22,2.5758223015439527e-32,6.210210999720725e-37,4.0381130131837006e-30,9.017318088705349e-37,1.7399693235349464e-39,1.0113855803748781e-22,3.3835629031741477e-16,1.1497237753062562e-22,2.677346237177503e-16,0.0,7.232646545351307e-39,1.8883137268244874e-49,1.8042229845259902e-11,6.056942229314046e-19,5.4272160829123576e-24,2.7337529826452364e-58,8.747596192403029e-17,2.4765600300894896e-10,1.1144566242567764e-23,6.104076484864667e-20,1.3518546199395182e-22,1.6421573573005844e-25,1.1227390927401018e-18,6.177097458347923e-35,1.5406639004526807e-48,1.5011335125046764e-33,1.2539152090395899e-26,0.1000000009754696,5.14199113729005e-10,4.4740278312750585e-13,2.4287835191314465e-26,1.8863316741228434e-45,1.5480912679450684e-31,2.089797293676043e-23,9.541199174967532e-33,1.188027285876768e-20,1.0708027690747749e-49,1.1833955390982318e-19,3.950985164921042e-19,1.2784192368492933e-42,8.212162143745658e-31,1.55303671551102e-31,2.2559840670372885e-06,1.5932962709965162e-11,6.179999867593819e-05,1.3165317490907811e-12,7.945340917181877e-27,5.919222719119937e-21,2.2698504345614928e-23,2.8538771262282836e-50,2.7190000510530616e-21,7.509381529129607e-15,1.4689078023256612e-24,2.03243967999044e-17,3.7208528683369332e-62,3.563701900473824e-28,8.03732121480883e-21,3.686536877581993e-27,3.693113603001525e-22,5.835406823622587e-20,2.1793007788286913e-40,7.191635147317659e-27,1.9297775222959372e-22,0.0003339999817173681,1.8167719362471932e-11,1.2208050342116157e-19,2.5168768956879453e-19,1.2876130220158583e-44,5.347762675688835e-30,6.69270566663623e-33,1.3733618691149637e-40,1.3166428872895132e-34,6.208045124384569e-43,6.818559773158569e-15,1.0774876772928544e-13,1.807500757564322e-13,3.5099998189816754e-06,1.8856330439372652e-34,2.5639625082249902e-30,3.8903869908836006e-13,1.779999610611515e-06,8.742261467712561e-33,1.787160467938361e-24,8.397192020312496e-50,3.663169746280997e-39,0.0,0.0,1.737198260053049e-20,3.1044223923252113e-16,1.221427451156618e-29,3.9308563660491495e-17,2.468902475822256e-41,4.137064343649072e-26,2.4689050720896426e-41,4.461370339969446e-52,1.1160258020184488e-37,8.790530318300782e-26,1.8558366285394646e-20,1.4354198037718959e-22,1.024179603272292e-34,2.4996160207346864e-28,7.681596776637235e-32,6.856159824192081e-26,6.449639668413956e-22,7.103092195411999e-38,1.6178392387221013e-44
1.3521770917433409,1.2240453191801207e-10,0.0001769999770949276,8.333731383704551e-28,3.1983543618257526e-22,2.1476867515052813e-30,3.0383007821545095e-24,9.679638125137047e-34,1.2870304076221941e-26,4.118254476444149e-59,4.388203336088287e-47,1.163356769424399e-55,4.869924757735862e-37,7.450054351149744e-31,3.9981452845218867e-44,1.0528572978861613e-33,7.094943754634015e-36,2.3447914927140807e-72,8.823072180986966e-57,1.90239933898368e-53,9.486575836944959e-64,4.123756703007881e-72,1.3606881004012935e-60,3.046775812453593e-16,6.47406595050647e-14,8.246873201515704e-19,4.3179475889023414e-13,7.722336323961165e-46,5.874573359179298e-46,1.5698504741949034e-21,3.6903140753884555e-15,1.1479177329038807e-60,2.436947696242743e-62,5.800716819463543e-42,8.708733138226715e-39,5.8747030927689224e-46,2.0025935383670635e-41,2.1512978467144523e-28,5.738284840947583e-27,7.171604010813068e-24,3.0910410975869116e-13,3.3540525170657405e-08,2.8546876538037854e-21,4.062737151159671e-19,5.178755104920973e-20,6.286063787344351e-18,9.587080682821495e-32,1.719096908441806e-29,1.0986470347054197e-23,0.00018233160538173453,0.49999999765218184,3.5255344644105712e-09,0.24999999580293497,3.369941761487715e-09,2.479411102320701e-12,8.011469274060822e-29,1.003131709052904e-27,7.014419257664666e-22,1.1238663506539407e-31,3.921455299000143e-36,1.7626128724207302e-29,4.690808518003068e-36,1.1015162065764515e-38,4.53063169710833e-22,1.0189767898510706e-15,2.4025680788094135e-22,3.86759446802215e-16,0.0,3.159592259543692e-38,1.1914410655268635e-48,3.758768214308578e-11,2.6393427798245138e-18,1.1337004827357496e-23,4.6071399396280574e-57,2.639203156259949e-16,3.5668605021021143e-10,3.36521177357559e-23,1.272335293487422e-19,4.0773098423125554e-22,6.153526916519594e-25,2.344674536032012e-18,2.6965930498739818e-34,1.4069649714402598e-47,9.370995951331782e-33,5.137120853580067e-26,0.10000000074561229,7.435751386091628e-10,9.287052047697183e-13,1.0511916017601491e-25,1.6852899805094563e-44,1.4129779776537216e-30,9.108343939844505e-23,6.017102632187999e-32,2.4871379518172164e-20,1.0093593894260164e-48,2.4727838884924016e-19,8.252892361296877e-19,8.077525847490113e-42,2.481554894705692e-30,9.786336418910616e-31,2.2559769595733956e-06,2.304042660218724e-11,6.179999808270112e-05,1.9015912331227768e-12,4.9337493810974664e-26,1.781892762534381e-20,9.88889882521712e-23,3.743396159205936e-49,1.1863409357614211e-20,1.5645619057711396e-14,9.268419458256538e-24,6.12697592128737e-17,1.4828212276705538e-60,2.2573839186084668e-27,3.5053599543504584e-20,2.325115015539102e-26,7.7232517947656185e-22,1.7588198821387698e-19,2.8770559206447905e-39,2.1734989540150345e-26,4.0335882603472693e-22,0.00033399997359571015,2.616899184281122e-11,1.7733559040055497e-19,7.587272127903354e-19,8.157342343572555e-44,1.6160283609699517e-29,3.5474674659975956e-32,1.2171736880524353e-39,7.6021134647946675e-34,5.660970241166415e-42,9.860316046507754e-15,2.2440523207359858e-13,2.613803722969633e-13,3.5099997382317935e-06,8.240666488745333e-34,7.748302523669312e-30,5.625756096173742e-13,1.7799994369214939e-06,2.0282042056238127e-32,5.410650029503071e-24,9.263624386609156e-49,2.867034697170435e-38,0.0,0.0,3.631190000714478e-20,4.460278114279254e-16,3.680935756683912e-29,5.680610782504617e-17,1.0765106077323724e-40,8.611713294301721e-26,1.0765122455529367e-40,4.089347738632304e-51,3.3626064285392813e-37,2.286735942317681e-25,2.7285788887437165e-20,3.0049165470490924e-22,3.7658581904347576e-34,7.531934642666831e-28,2.3213093398745162e-31,2.0720925712076977e-25,1.3482383766311046e-21,3.104689557590093e-37,1.02213969570985e-43
1.9553618850060341,1.3239940305692564e-10,0.0001769999668777558,3.765716960977399e-27,9.641089334040953e-22,1.3166006825355034e-29,1.042790077725914e-23,5.7072136283341784e-33,5.80329355798628e-26,7.873723521698415e-58,5.8024495142292295e-46,1.5310094432656942e-54,4.196187906850487e-36,4.320864312489068e-30,2.5459534958403608e-43,6.53642918230386e-33,4.502332549639268e-35,6.9679582551974945e-71,2.443096422360191e-55,3.592709738850119e-52,3.4420176972977662e-62,2.0490262525697e-70,3.54189389434298e-59,6.388035245329805e-16,9.294971585472499e-14,2.4676691745606457e-18,6.215462758871863e-13,1.021469560209495e-44,1.1990103838444432e-44,4.7342276972399205e-21,7.688822721876401e-15,4.487229639592143e-59,4.640169578702994e-61,7.634600614266971e-41,7.920862045458899e-38,1.1990460770944712e-44,3.0227963714580035e-40,9.38228650291339e-28,2.5017050058189026e-26,2.1613872844158022e-23,6.456837871453001e-13,3.338140102882026e-08,6.115141064979687e-21,5.944118581401846e-19,1.103523505597249e-19,9.144582238346852e-18,5.262658525032152e-31,1.022519515267431e-28,3.324291309155904e-23,0.00018233504227460262,0.49999999661554967,5.112984844893357e-09,0.24999999392104527,4.833962879592288e-09,5.161872102742756e-12,3.4950185296817184e-28,4.376620537578242e-27,2.114271432486154e-21,4.89872789988514e-31,2.4746172038953004e-35,7.687423435875315e-29,2.5219096817943347e-35,6.978135541535449e-38,2.4128213079577456e-21,3.063072268343313e-15,5.019055999873545e-22,5.584363258492138e-16,0.0,1.3796478266023464e-37,7.51203490818767e-48,7.817687027134579e-11,1.1483014825581675e-17,2.3670740419414516e-23,8.72774480884909e-56,7.954499897743159e-16,5.127906198398741e-10,1.0155155907631403e-22,2.648236715703134e-19,1.2283179182529635e-21,2.381446654822499e-24,4.8935816037868575e-18,1.1763056994444957e-33,1.2841050686996066e-46,5.878633227187562e-32,2.156686452672897e-25,0.10000000041292254,1.07527211230313e-09,1.921460622604301e-12,4.553369351002709e-25,1.5206861880317326e-43,1.2885633004212612e-29,3.964004125710077e-22,3.790050661281939e-31,5.2090137630021125e-20,9.625115990717122e-48,5.165292891672343e-19,1.7230195152490394e-18,5.101767643608373e-41,7.496354942704692e-30,6.157107786935986e-30,2.255966681557984e-06,3.3318442014820614e-11,6.179999722205168e-05,2.7452180845992896e-12,3.077008676821585e-25,5.353378008338707e-20,4.301102313499829e-22,4.967891089846338e-48,5.171039952447613e-20,3.2544115247347144e-14,5.842389921852528e-23,1.8444809375445444e-16,5.899663887521395e-59,1.4309566859221342e-26,1.5270079325638321e-19,1.4647424030884365e-25,1.6152869336868657e-21,5.293407916191158e-19,3.795356001252935e-38,6.567200896135819e-26,8.429186394130969e-22,0.00033399996188765733,3.762847105318814e-11,2.58108734434796e-19,2.284051997836961e-18,5.171964066948217e-43,4.8818856442903276e-29,1.9469029732329976e-31,1.0910300089297263e-38,4.54591661833777e-33,5.155600341285054e-41,1.4259353401227348e-14,4.665179818565853e-13,3.7797916690950723e-13,3.509999621460152e-06,3.600505781107541e-33,2.3408526590708287e-29,8.13516845507115e-13,1.7799991857619724e-06,4.886161608520341e-32,1.638987198148933e-23,1.1037436229726292e-47,2.438455977487868e-37,0.0,0.0,7.588657720796904e-20,6.389977794259538e-16,1.107614760529086e-28,8.206831995845516e-17,4.687850292389698e-40,1.788982096242082e-25,4.6878606132497986e-40,3.751861499900475e-50,1.0115282104786884e-36,6.140388813552584e-25,4.0386326336057395e-20,6.293388028630668e-22,1.4308150558029964e-33,2.265969495538557e-27,7.0126331621509944e-31,6.260739437006297e-25,2.8179265802343365e-21,1.3567474779122784e-36,6.455216150751897e-43
2.8276178650570496,1.4685343424487216e-10,0.00017699995210331254,1.912809169053012e-26,2.9118592808536563e-21,8.830206546342428e-29,3.9344025733539784e-23,3.687409229613444e-32,2.8458210303649927e-25,1.5053604881355226e-56,7.672409253488935e-45,2.0106159143225187e-53,3.953127060977794e-35,2.599009246965537e-29,1.6255157481285863e-42,4.4320606727800507e-32,3.4250397158081172e-34,2.120603535938455e-69,7.369172988638958e-54,7.667588480040752e-51,1.5473483814688102e-60,1.264740811449207e-68,1.1156543031398047e-57,1.340878957633264e-15,1.3302690505343073e-13,7.39961853258274e-18,8.928589327465353e-13,1.3513438396731282e-43,2.8485679817393104e-43,1.4259722565534673e-20,1.5993712612825127e-14,1.91401577682575e-57,8.819375838711296e-60,1.0027697843834438e-39,7.187229566491081e-37,2.8486860022388872e-43,5.13356051408458e-39,4.0869407235205615e-27,1.08918761330062e-25,6.504249140107247e-23,1.3493232088623391e-12,3.315262835849654e-08,1.3224307142165522e-20,8.736258019564695e-19,2.369385881565983e-19,1.333374103586477e-17,2.9780935985005968e-30,6.223495936406729e-28,1.0065804108849378e-22,0.00018234001191572602,0.4999999951278816,7.42427808860433e-09,0.24999999118942082,6.909312235641253e-09,1.0725229289694474e-11,1.5230913804876929e-27,1.9075614177083505e-26,6.36358096679346e-21,2.1322608158070746e-30,1.5601537622767147e-34,3.348830432705538e-28,1.3985314290149915e-34,4.428188095771596e-37,1.4009405785656017e-20,9.183313011606802e-15,1.0480261679954108e-21,8.057720235154376e-16,0.0,6.020351901035791e-37,4.73397243952194e-47,1.6220784495642864e-10,4.9846138603875243e-17,4.93884207242524e-23,1.93042877295207e-54,2.3939296694562396e-15,7.352946950752405e-10,3.0617307263030854e-22,5.500560039209101e-19,3.69416064399658e-21,9.469879707362187e-24,1.020461882625625e-17,5.125836408256818e-33,1.1710263518562658e-45,3.6940551768288025e-31,9.180181059307221e-25,0.0999999999312257,1.5549337198206486e-09,3.956667159389915e-12,1.9692189485260218e-24,1.3779671720437651e-42,1.1736914942093792e-28,1.721490831172079e-21,2.383120806977893e-30,1.0915369008833794e-19,9.317062771644665e-47,1.0784268947035113e-18,3.594685917650572e-18,3.2205568212333044e-40,2.2634655619080423e-29,3.865023232941678e-29,2.2559518186296597e-06,4.8181370337808624e-11,6.179999597177204e-05,3.9601341143088335e-12,1.9217919132194203e-24,1.6036798633684467e-19,1.8662682210728758e-21,6.660821830380149e-47,2.2507346397416425e-19,6.753543349613411e-14,3.677593475744757e-22,5.541619200626173e-16,2.3425103452442824e-57,9.080257778936131e-26,6.640661501403946e-19,9.211844108869585e-25,3.3792861208203708e-21,1.5897592141166946e-18,5.00156626312439e-37,1.9835396770191288e-25,1.7609612505957197e-21,0.000333999945032295,5.397048698945998e-11,3.7673247757233376e-19,6.86208260432382e-18,3.2828526111101e-42,1.4740890805816203e-28,1.1013391916065605e-30,9.83828785646778e-38,2.7740949419974693e-32,4.686904446668429e-40,2.0622539042174033e-14,9.673223833343468e-13,5.465920908473391e-13,3.5099994525974526e-06,1.5725702722544007e-32,7.068991994261628e-29,1.1763827972546947e-12,1.7799988225867726e-06,1.2341971429241323e-31,4.968631937346217e-23,1.4384342847988424e-46,2.270334677250611e-36,0.0,0.0,1.5854777138152557e-19,9.11696068677064e-16,3.3255981762266625e-28,1.1851464096101486e-16,2.0376284645423635e-39,3.7055783926094227e-25,2.037634958291398e-39,3.446589900364986e-49,3.035797347440242e-36,1.6957982349281903e-24,6.031508768772211e-20,1.3189060718409235e-21,5.6011453223216066e-33,6.8016597884674e-27,2.117563112334685e-30,1.8909515499742418e-24,5.8883903483583965e-21,5.927209823961821e-36,4.0743909424908984e-42
4.088973428448061,1.6775642918133469e-10,0.00017699993073914098,1.0608915675299172e-25,8.804165522019541e-21,6.425025274866108e-28,1.5787886009324545e-22,2.6018893835701517e-31,1.4973786437778933e-24,2.8775531977629196e-55,1.0143818999091838e-43,2.6323064734359647e-52,4.053509843466018e-34,1.5907122268111812e-28,1.0413281857666709e-41,3.2520310199308473e-31,3.0261831795424997e-33,6.637804669333624e-68,2.3925269456950024e-52,1.804672302762258e-49,8.397442925741578e-59,9.521482058435277e-67,4.1243326043898795e-56,2.8190644262289263e-15,1.8951807793051823e-13,2.2180141269389973e-17,1.2788355549253703e-12,1.787944299527514e-42,7.263291077022517e-42,4.287559787547168e-20,3.319089352204061e-14,8.823275907296838e-56,1.671859230149691e-58,1.3131373323526416e-38,6.499216561246642e-36,7.263719171316836e-42,9.173943693309828e-38,1.7772103263112745e-26,4.732824009784291e-25,1.9530843919962906e-22,2.8206126786152995e-12,3.2824573927116806e-08,2.8958425155578274e-20,1.291594222271193e-18,5.139559638583417e-19,1.9500191743110554e-17,1.7277764907309473e-29,3.8355273591608314e-27,3.0502305433471286e-22,0.0001823471975951042,0.4999999929998576,1.0798650187859744e-08,0.24999998721835473,9.825278242652074e-09,2.2221031452099638e-11,6.627301327649312e-27,8.301962582784036e-26,1.9113300808693692e-20,9.262757049636227e-30,9.822990031584865e-34,1.4563522562675944e-27,7.968344940845307e-34,2.825384184593803e-36,8.437593507594511e-20,2.7427186577173317e-14,2.186949877736732e-21,1.1615178715965371e-15,0.0,2.6246107859696087e-36,2.9858296048940763e-46,3.354090273832531e-10,2.1566798007725118e-16,1.0294484553068917e-22,5.135897192224304e-53,7.189246238852312e-15,1.0503772395062585e-09,9.219067211331955e-22,1.1390678029955673e-18,1.1083154136704786e-20,3.8470694575384825e-23,2.12533448281822e-17,2.230359697784963e-32,1.066719780644506e-44,2.3208179790492176e-30,3.9361222170789976e-24,0.09999999923345937,2.2485644946833956e-09,8.092216177179863e-12,8.485466481949864e-24,1.2502606550050773e-41,1.0671816301102092e-27,7.453183608947466e-21,1.494699370914333e-29,2.2886426510534075e-19,9.187928676182735e-46,2.249980677642887e-18,7.491678328751017e-18,2.0314312157744553e-39,6.829753778463621e-29,2.4182878895630706e-28,2.2559303254678816e-06,6.9674532115371e-11,6.17999941521302e-05,5.706520547728025e-12,1.1993694447390784e-23,4.784056093936678e-19,8.069962901286334e-21,9.021974598004277e-46,9.776310538456518e-19,1.3967693983378432e-13,2.3102124892304495e-21,1.6601742378564538e-15,9.270548080146765e-56,5.770254794972882e-25,2.88082467185162e-18,5.779276058622561e-24,7.075800653107904e-21,4.759968753603772e-18,6.58086776939045e-36,5.987837186599371e-25,3.677287864813324e-21,0.00033399992081298,7.713123991352032e-11,5.520787316136178e-19,2.0556622643203272e-17,2.0870305894248902e-41,4.447975139293867e-28,6.385917057589109e-30,8.895578757591846e-37,1.7117040503262143e-31,4.249655912766943e-39,2.9832236341302026e-14,1.9982165121327293e-12,7.904231902573481e-13,3.509999208405529e-06,6.864817392778824e-32,2.1334129589213385e-28,1.7010836216272806e-12,1.7799982974517826e-06,3.2992602957837264e-31,1.5078778901455932e-22,2.0535084616363954e-45,2.3056165746729492e-35,0.0,0.0,3.3111645728558443e-19,1.2931291631688039e-15,9.953787090516718e-28,1.7104191611513357e-16,8.833239378093495e-39,7.643460126331593e-25,8.833280145031469e-39,3.171174753568438e-48,9.080739170371922e-36,4.795325873221683e-24,9.113500379596499e-20,2.76645763287634e-21,2.2493984911588925e-32,2.0349758814824857e-26,6.390176426464384e-30,5.708229739514059e-24,1.230077468237044e-20,2.588293005308428e-35,2.5695224868439616e-41
5.912999739169831,1.9798647659796205e-10,0.00017699989984661406,6.220254122035629e-25,2.6638302069513658e-20,4.9911220432402024e-27,6.559546555844897e-22,1.9774060253323175e-30,8.308898659477665e-24,5.499140454086165e-54,1.340844151421603e-42,3.431001131393699e-51,4.461665341075271e-33,9.793326538666098e-28,6.697455106158277e-41,2.5406587521152014e-30,3.006186116782892e-32,2.1445974085192916e-66,8.216623334868396e-51,4.530014745417781e-48,5.257691843743695e-57,8.372633820137618e-65,1.729435647815181e-54,5.939890805869088e-15,2.682432410384946e-13,6.633505029039456e-17,1.8239341800775055e-12,2.365874042823546e-41,1.902408791603237e-40,1.2859096289908775e-19,6.864668815328075e-14,4.3240987544786335e-54,3.1587723778547836e-57,1.7122166725641184e-37,5.848315425747905e-35,1.9025700015453802e-40,1.6687309723808165e-36,7.709020768963119e-26,2.0507528512195566e-24,5.846392994280336e-22,5.8973922800033965e-12,3.2355912440929824e-08,6.44318529563703e-20,1.92353280080735e-18,1.1298284295366961e-18,2.862292282188964e-17,1.0216176157420115e-28,2.3785758703868006e-26,9.251862505681929e-22,0.00018235758689647086,0.4999999899696108,1.574295596106314e-08,0.24999998143370816,1.3870188225124165e-08,4.584883050057831e-11,2.8773198187580165e-26,3.6054942446164303e-25,5.723506437682443e-20,4.013124792164623e-29,6.172784037610112e-33,6.3179201047448706e-27,4.6403686041007024e-33,1.8396383895073682e-35,5.15226284910703e-19,8.14648632587583e-14,4.559283612714459e-21,1.6719628609904732e-15,0.0,1.142654613589015e-35,1.8943319034269105e-45,6.901555316304659e-10,9.287329964676742e-16,2.1426802304890484e-22,1.6552872461325505e-51,2.1523751976040987e-14,1.4923198125376396e-09,2.7708670905900165e-21,2.3485762941704995e-18,3.313481348398151e-20,1.5873135914064012e-22,4.4185683141587487e-17,9.686413252784303e-32,9.704011657471232e-44,1.4557540360711217e-29,1.6928346463548865e-23,0.09999999822211471,3.251612387341814e-09,1.638895007938021e-11,3.6349813152769706e-23,1.134697154525568e-40,9.67897317980013e-27,3.2126111365981805e-20,9.340968819928645e-29,4.801187460765772e-19,9.260061970853725e-45,4.68945896701072e-18,1.5589913152073144e-17,1.279926879350498e-38,2.0587973230228683e-28,1.5059820568550733e-27,2.2558992442867055e-06,1.007557132908858e-10,6.179999149734281e-05,8.210179400079794e-12,7.464266196792543e-23,1.4186290382285373e-18,3.4722803283786054e-20,1.2353251007799917e-44,4.233896204517154e-18,2.8748632436605797e-13,1.447001916578127e-20,4.953156429128021e-15,3.652151089541046e-54,3.674108192147914e-24,1.2453518595164356e-17,3.61308239199974e-23,1.4853837913773752e-20,1.4189667598364404e-17,8.639723718220231e-35,1.8061959951295162e-24,7.674337605012662e-21,0.00033399988610539845,1.0966329536953159e-10,8.136192876981414e-19,6.132581629190306e-17,1.3296940338422061e-40,1.3407988916531659e-27,3.7726647279247917e-29,8.047134166280143e-36,1.0618198192125506e-30,3.838703098536065e-38,4.318529993084463e-14,4.10551377837915e-12,1.1430289585283194e-12,3.5099988552787565e-06,2.994450583040642e-31,6.43292168940107e-28,2.4597742802072265e-12,1.7799975381594506e-06,9.402826792661364e-31,4.582943356872121e-22,3.178029014339683e-44,2.519728963610011e-34,0.0,0.0,6.911133779123066e-19,1.818800692815139e-15,2.965913502338895e-27,2.4663178963666886e-16,3.814683527000527e-38,1.5672192176773106e-24,3.8147090384802866e-38,2.9232399136101684e-47,2.7033297163845646e-35,1.3822073467959826e-23,1.397223775504678e-19,5.809579232188095e-21,9.221395873870586e-32,6.060056048902441e-26,1.9265776050985417e-29,1.721808888105919e-23,2.5686359038544112e-20,1.1295492028786837e-34,1.6185383738171428e-40
8.550695309529694,2.417068553198007e-10,0.00017699985517715953,3.761720605052375e-24,8.063741227098021e-20,4.06558797774497e-26,2.7723691074876658e-21,1.5890336967207903e-29,4.7830663868455046e-23,1.0503725983951034e-52,1.771539134739532e-41,4.443589695275067e-50,5.178549540525163e-32,6.02075605997357e-27,4.325464672683142e-40,2.076445084645631e-29,3.25703161782996e-31,7.16324366531472e-65,2.9311474061699497e-49,1.1786487657015288e-46,3.627833660370468e-55,8.198299788485529e-63,7.961750206266993e-53,1.2553093816461336e-14,3.7616131776083965e-13,1.9758592106731834e-16,2.5856382706923112e-12,3.130626579266934e-40,5.0130505521185793e-39,3.8426477582033814e-19,1.4128883888790005e-13,2.211626039234831e-52,5.9499200481363425e-56,2.2189255202990366e-36,5.225851848556983e-34,5.0136643208061225e-39,3.040354843866779e-35,3.3319888079291113e-25,8.849943281108538e-24,1.7422092615706734e-21,1.233145777987632e-11,3.168999795820673e-08,1.4616268022824838e-19,2.888742723043797e-18,2.5257202806654263e-18,4.218466903663664e-17,6.1208948297348225e-28,1.478255394430412e-25,2.8096505677134532e-21,0.00018237260683238527,0.49999998568137916,2.3021335875115635e-08,0.24999997298502916,1.937828283998862e-08,9.403790090980789e-11,1.2452551069828988e-25,1.5610882029566798e-24,1.7064954505325898e-19,1.7329457877436677e-28,3.8682039642254545e-32,2.731156862271548e-26,2.7459835643993146e-32,1.2917190004210015e-34,3.1557372666835053e-18,2.400579639531954e-13,9.492155979148279e-21,2.4018380301491183e-15,0.0,4.964874668814577e-35,1.2280038443639952e-44,1.4102294802143328e-09,3.972335829496309e-15,4.45046291377723e-22,6.309470707110208e-50,6.415402542923506e-14,2.1035685290781873e-09,8.3069036409306e-21,4.81212531690452e-18,9.856074808074643e-20,6.61478033008005e-22,9.16266003554447e-17,4.198018176217419e-31,8.817214742055498e-43,9.104593978863074e-29,7.280652457257441e-23,0.09999999675528383,4.702102832162595e-09,3.272939081195599e-11,1.5435541494482812e-22,1.0315916695679473e-39,8.746769213797839e-26,1.3759790915970233e-19,5.8073563741583225e-28,1.0073773692607332e-18,9.556269721519993e-44,9.759467536643554e-18,3.237165688854073e-17,8.051230691053722e-38,6.197436417426336e-28,9.315128010830347e-27,2.2558542976901946e-06,1.4570230980089988e-10,6.1799987611881e-05,1.1785655384327171e-11,4.621946148133397e-22,4.170621089142861e-18,1.4834193903408164e-19,1.71067668609872e-43,1.8258535540503887e-17,5.876418925894357e-13,9.025297937944366e-20,1.4690944980652955e-14,1.4292612236426152e-52,2.3456348163614998e-23,5.3563946328352654e-17,2.2474650780583443e-22,3.141646785799909e-20,4.203437306174038e-17,1.1306567893102879e-33,5.442239960488904e-24,1.6002440185759532e-20,0.00033399983655048944,1.547722609289077e-10,1.2086000568893789e-18,1.8186337296434172e-16,8.496998438243514e-40,4.03577731580196e-27,2.257434858161363e-28,7.269999675077434e-35,6.596430654969725e-30,3.4487037909792937e-37,6.264793632913256e-14,8.370022299033775e-12,1.6529380213380121e-12,3.5099983446179217e-06,1.304746072068218e-30,1.937256982265513e-27,3.556756458017991e-12,1.7799964403587925e-06,2.867527998823119e-30,1.3957541646496775e-21,5.238750270136806e-43,2.9104191660447465e-33,0.0,0.0,1.441298599757343e-18,2.527902034989158e-15,8.781243942377336e-27,3.551740368944085e-16,1.6384487068355808e-37,3.186279712879608e-24,1.6384645990051516e-37,2.6997968729826082e-46,7.993294960561333e-35,4.044751300729297e-23,2.1791696559933067e-19,1.2218713616449715e-20,3.8398876339552825e-31,1.7926973809743508e-25,5.800670965446024e-29,5.187778803715106e-23,5.361721321998607e-20,4.924985603457665e-34,1.0177653516275162e-39
12.365025114423291,3.0494057523313446e-10,0.00017699979058874088,2.3099297459985213e-23,2.4417267881027397e-19,3.4174890464107082e-25,1.1790446840768561e-20,1.3267851574557906e-28,2.817978471311487e-22,2.0043805150627913e-51,2.338337860101572e-40,5.702622237803714e-49,6.232157944920063e-31,3.6756476190110065e-26,2.8026385605928155e-39,1.7480326758710448e-28,3.7471916675741144e-30,2.471794631033941e-63,1.0689519040074183e-47,3.117703280399386e-45,2.660659362453945e-53,8.596671804423921e-61,3.9083369425436136e-51,2.663380117660705e-14,5.206204905075252e-13,5.848609369631695e-16,3.633788496001748e-12,4.141467597015486e-39,1.3140354666443422e-37,1.1423108800966666e-18,2.8877961688541927e-13,1.1610098499810834e-50,1.1242852202119002e-54,2.85063091469361e-35,4.6234077276106163e-33,1.3142685763478683e-37,5.494410602269775e-34,1.4327496220385288e-24,3.796867454439142e-23,5.158240273610739e-21,2.57821104861632e-11,3.075119443264872e-08,3.389793329901131e-19,4.374990667536239e-18,5.760559965463814e-18,6.240713786085325e-17,3.695439874826901e-27,9.179130971417296e-25,8.545456883535165e-21,0.00018239431851751984,0.4999999796631534,3.379603353982305e-08,0.249999960605668,2.668133061149358e-08,1.912238643910948e-10,5.36468514822778e-25,6.729658517174683e-24,5.056382706187947e-19,7.458749540863724e-28,2.414348119138267e-31,1.1746583611051153e-25,1.6414017549300475e-31,1.1433983472529363e-33,1.9264576831194378e-17,6.993874584411671e-13,1.972351966500361e-20,3.4402405789562443e-15,0.0,2.151119859392888e-34,8.485398105971773e-44,2.8533716568820006e-09,1.6825267330890546e-14,9.216100755656902e-22,2.7163142266604446e-48,1.8999918321343297e-13,2.9316095932908235e-09,2.481658612114958e-20,9.771172419318856e-18,2.9103942213371207e-19,2.769363733583293e-21,1.8930742089902334e-16,1.817395319545372e-30,8.015234012475256e-42,5.668408939685785e-28,3.123134358815033e-22,0.09999999462641897,6.799631522593253e-09,6.406558060427096e-11,6.471788914047385e-22,9.464261549148726e-39,7.863509337394247e-25,5.839852065043102e-19,3.5838441277537915e-27,2.1119701994432472e-18,1.0093834373878219e-42,2.026780377751755e-17,6.700786236162026e-17,5.0526670789885845e-37,1.8617895133297374e-27,5.70600168717508e-26,2.255789299752457e-06,2.1070024753855675e-10,6.179998190345382e-05,1.686338426900982e-11,2.839435587845056e-21,1.2111034208813665e-17,6.273117323557669e-19,2.394132206218658e-42,7.826578164934759e-17,1.1894816491394347e-12,5.595574783183528e-19,4.320831299120345e-14,5.540747877067103e-51,1.502642778987996e-22,2.2872666102151406e-16,1.3879357632981428e-21,6.787950469122765e-20,1.2340112062831306e-16,1.472922630837127e-32,1.6371779863561502e-23,3.333057942590282e-20,0.0003339997661466378,2.1616800768246015e-10,1.8154201998844653e-18,5.347398070484414e-16,5.4517270183566115e-39,1.2122493236705077e-26,1.360327421660914e-27,6.5474193669964675e-34,4.0915032886732317e-29,3.0742445224969175e-36,9.145701810426624e-14,1.687620803671483e-11,2.3903333532035282e-12,3.5099976061389493e-06,5.67600008602178e-30,5.823268238345276e-27,5.142774423933041e-12,1.779994853256339e-06,9.348078077863502e-30,4.262393099534807e-21,9.03011758101522e-42,3.4915577523821936e-32,0.0,0.0,3.0021601973192408e-18,3.4553128751296426e-15,2.5765386129729328e-26,5.105448199855158e-16,6.983174900639507e-37,6.400944999225523e-24,6.98327326019935e-37,2.4966274764971108e-45,2.340852894113458e-34,1.1976717603157597e-22,3.4628727878452626e-19,2.5746338130072022e-20,1.6168031124250943e-30,5.2535529071735405e-25,1.7431294955321154e-28,1.560544586140238e-22,1.1191193692613304e-19,2.144568630383151e-33,6.384187399998376e-39
17.88086705766717,3.964021973180664e-10,0.00017699969720262043,1.4267072489145162e-22,7.393224762661932e-19,2.926827681352178e-24,5.009714465478823e-20,1.1349072735256653e-27,1.6811173637796935e-21,3.81805991868476e-50,3.080560638368972e-39,7.223364722438282e-48,7.669248555007885e-30,2.216281448476734e-25,1.8165674064516803e-38,1.4970604753045755e-27,4.479681428296197e-29,8.784135632167883e-62,3.93163058023961e-46,8.281053222973314e-44,2.021109221749965e-51,9.38507631311921e-59,1.9964148859983274e-49,5.678959006842195e-14,7.074675234368693e-13,1.7153972687081031e-15,5.04429355706793e-12,5.473659221015479e-38,3.3963432481985396e-36,3.3705406196737725e-18,5.843822330763245e-13,6.167775141790562e-49,2.2007132695828655e-53,3.617390831307424e-34,4.0334405205760313e-32,3.3972183594981054e-36,9.764136195579877e-33,6.115440108097312e-24,1.615316214724867e-22,1.5131098928292744e-20,5.3875970701461237e-11,2.944257642711301e-08,8.046988245599642e-19,6.669387607867936e-18,1.343723721346236e-17,9.252710234363697e-17,2.2362887116544e-26,5.678862604504632e-24,2.6037072651136903e-20,0.00018242569700271995,0.49999997130657403,4.9846190952919176e-08,0.2499999424014477,3.599895607279601e-08,3.8405921141677015e-10,2.2960844623823425e-24,2.882995662650956e-23,1.4848793527825688e-18,3.208470089192007e-27,1.4983012548340967e-30,5.0154507622232465e-25,9.851604355733786e-31,1.554590677124375e-32,1.1658241053695309e-16,2.0046720652773394e-12,4.086811144931591e-20,4.906894025573478e-15,0.0,9.28188288782064e-34,6.821388618382702e-43,5.694606867211205e-09,7.027549940141528e-14,1.900232919105403e-21,1.2560869885342983e-46,5.575515297727738e-13,4.01893083923899e-09,7.378981097727708e-20,1.9584756115391264e-17,8.504326594331959e-19,1.1587047172459275e-20,3.890865751093796e-16,7.899366127949744e-30,7.337624496763228e-41,3.505577455645118e-27,1.3325091674598893e-21,0.09999999153539407,9.832829162818262e-09,1.2189281133617303e-10,2.6645812344607713e-21,8.961698217103342e-38,7.017461089591236e-24,2.446385541901552e-18,2.1885168714429708e-26,4.415809179595191e-18,1.087293365726131e-41,4.196237699855916e-17,1.3807882289181534e-16,3.1601654027064496e-36,5.5767499316121764e-27,3.446866937911207e-25,2.2556953040080495e-06,3.0469599194519743e-10,6.179997348124621e-05,2.40166217737933e-11,1.7241089972354636e-20,3.455755187724708e-17,2.6145023596913645e-18,3.375382020921764e-41,3.326375704851916e-16,2.3747884268663736e-12,3.4396479286055742e-18,1.255780718129715e-13,2.1192500330403763e-49,9.666329287073274e-22,9.667226219651505e-16,8.483245997939003e-21,1.5523131385979265e-19,3.576410150556718e-16,1.906356896413731e-31,4.913771856686267e-23,6.932987901953683e-20,0.0003339996667623157,2.975273774655575e-10,2.770989258538378e-18,1.5533370088772049e-15,3.517772091509156e-38,3.6318786671294403e-26,8.209218033337287e-27,5.86577041639786e-33,2.5264059134107277e-28,2.709984717218179e-35,1.3598885774986549e-13,3.3495279889879206e-11,3.4567189963610387e-12,3.509996538193689e-06,2.4635439785812412e-29,1.745802173751331e-26,7.435639517413362e-12,1.77999255900635e-06,3.239602532798431e-29,1.3061994215488673e-20,1.6023987683224614e-40,4.28807046551107e-31,0.0,0.0,6.2424900744890946e-18,4.615321705592255e-15,7.465194163363292e-26,7.319389600238655e-16,2.944107534116318e-36,1.2646510106887507e-23,2.9441678566979385e-36,2.3072878430861996e-44,6.763333323957455e-34,3.5792134676132196e-22,5.605707297110547e-19,5.436570508648714e-20,6.855843033947739e-30,1.5194196595012175e-24,5.223582783389508e-28,4.683401346951895e-22,2.3390714491122948e-19,9.320994898243601e-33,3.9906539510921056e-38
25.857238766221403,5.28702172689229e-10,0.00017699956218470897,8.809184273991458e-22,2.2366550204566985e-18,2.5281205746236613e-23,2.1146276534827114e-19,9.83849824867177e-27,1.0066553979501435e-20,7.248254489312315e-49,4.0430543870728823e-38,8.981111530089734e-47,9.544639536316015e-29,1.3115420916356879e-24,1.170900138660789e-37,1.2913800277601314e-26,5.4725079184626995e-28,3.1977751543493957e-60,1.440668196841901e-44,2.1901733668147748e-42,1.5611148479228009e-49,1.0455566648129003e-56,1.0406127462492943e-47,1.2179562158863702e-13,9.374660685295095e-13,4.9652094449546265e-15,6.8818969811772e-12,7.217554850227704e-37,8.574903049367632e-35,9.840403947891215e-18,1.1659497265474004e-12,3.2745257567092164e-47,5.0190902791499934e-52,4.511990889267044e-33,3.4504979624804694e-31,8.578120827532643e-35,1.6894354184342316e-31,2.5828482099887093e-23,6.789783651926731e-22,4.380028274809969e-20,1.1242984707465975e-10,2.7648069549301865e-08,1.9532842169924965e-18,1.0187504772646874e-17,3.208772802688e-17,1.370714811197193e-16,1.349092990032266e-25,3.489729693860111e-23,7.947591644844747e-20,0.00018247103216393733,0.4999999598505638,7.38971913176493e-08,0.24999991553930206,4.7246962048337345e-08,7.577208756537669e-10,9.735933631238594e-24,1.2241335722654635e-22,4.305215476306618e-18,1.3937108063843269e-26,9.22230449804526e-30,2.1192536832303548e-24,5.900577957225795e-30,3.053848872693034e-31,6.952239158009714e-16,5.614206524761093e-12,8.434081729278793e-20,6.956770444218258e-15,0.0,3.981388083337767e-33,7.038811177070668e-42,1.1152858990344827e-08,2.8772520570463406e-13,3.8936478436741125e-21,5.973956894398967e-45,1.6146914672937767e-12,5.380165036502411e-09,2.180566849946966e-19,3.8531564844400603e-17,2.447902964245438e-18,4.817949252909499e-20,7.938317283144475e-16,3.5070375264211074e-29,6.903658413949672e-40,2.1471598603476467e-26,5.635708189370442e-21,0.09999998704818368,1.421907697413713e-08,2.2285531942154232e-10,1.0691287958064487e-20,9.241580682624106e-37,6.197285399164588e-23,1.0059734040983413e-17,1.3167488687808266e-25,9.184952935867362e-18,1.185827583222697e-40,8.649867258938643e-17,2.826900921236727e-16,1.9668932313604702e-35,1.6634428928343693e-26,2.0412301934165213e-24,2.2555593704417927e-06,4.406295582002863e-10,6.179996100596661e-05,3.397695583255048e-11,1.0294069599871711e-19,9.619070109546546e-17,1.067461243601201e-17,4.760048621437945e-40,1.3969287143778174e-15,4.651417114691165e-12,2.0889640887320187e-17,3.589197674907201e-13,7.952009412006187e-48,6.246859128431723e-21,4.027090825932014e-15,5.109527448126509e-20,4.042097968612191e-19,1.017794329656793e-15,2.44464714560823e-30,1.4699432947075473e-22,1.4405519559832962e-19,0.00033399952756039546,4.012936766240445e-10,4.3376131055959075e-18,4.435399421200798e-15,2.290785397104423e-37,1.0860655098843192e-25,4.9324201164814964e-26,5.213132523008374e-32,1.5478086801462842e-27,2.3510908993039142e-34,2.1270653375063391e-13,6.501970874089312e-11,4.9989065754300824e-12,3.509994993766649e-06,1.0657152254608085e-28,5.213964960205695e-26,1.074995314285893e-11,1.7799892430115588e-06,1.1830030945324487e-28,4.019611944942715e-20,2.8921112350185516e-39,5.329697144613043e-30,0.0,0.0,1.2947768578836105e-17,5.97592489548486e-15,2.1257115945026358e-25,1.0453453259385453e-15,1.2226256335683832e-35,2.442286185444416e-23,1.2226621594912258e-35,2.1220474603953305e-43,1.9179388640835812e-33,1.0773875534392478e-21,9.228938272234349e-19,1.1505417912264763e-19,2.917170298379343e-29,4.315188883627329e-24,1.5590468642951635e-27,1.4008704357174388e-21,4.919696345884982e-19,4.0403457892432055e-32,2.4821499097745326e-37
37.39174361383633,7.200900305163903e-10,0.00017699936698385387,5.4114014471445135e-21,6.749122285872263e-18,2.183586519951814e-22,8.816034421943144e-19,8.570863752931686e-26,6.002069204350217e-20,1.3673733677068254e-47,5.268187745727121e-37,1.0877474034896085e-45,1.1903298655250137e-27,7.557031241795272e-24,7.439060201068465e-37,1.1122707236970902e-25,6.743285181703481e-27,1.183983640784346e-58,5.195008890594405e-43,5.729423934265234e-41,1.209084462544254e-47,1.1712696037990391e-54,5.449025822311828e-46,2.6280090049994936e-13,1.2010961893314464e-12,1.4103583434833355e-14,9.165674283805353e-12,9.468769410129675e-36,2.090044540868512e-33,2.830352900061731e-17,2.2803790816792422e-12,1.716417837981316e-45,1.680468830537131e-50,5.495365360387359e-32,2.8731429633177507e-30,2.0911907900878324e-33,2.8098117683162896e-30,1.0746132965390128e-22,2.8053500176791663e-21,1.2442120160729507e-19,2.339137286106643e-10,2.524473562642895e-08,4.8324371600636165e-18,1.5500638521563435e-17,7.840225309989681e-17,2.0252448781646594e-16,8.065107086679332e-25,2.1219354428827477e-22,2.428933153442259e-19,0.00018253650013932602,0.4999999443589798,1.100871910688385e-07,0.2499998758115262,5.978839214937558e-08,1.4571452123863727e-09,4.0740102590469547e-23,5.132705304100673e-22,1.2258003687625161e-17,6.284059085790822e-26,5.610798658728872e-29,8.82315015111642e-24,3.502974051820087e-29,6.893279601407722e-30,4.05470773774691e-15,1.5215004815316647e-11,1.7306090828462821e-19,9.778622517468032e-15,0.0,1.6932808597953616e-32,9.292581884010175e-41,2.1298540935707165e-08,1.1451311419165332e-12,7.907036183392484e-21,2.8206294222478297e-43,4.588908323869402e-12,6.959616524250138e-09,6.393861067767503e-19,7.383141073960269e-17,6.896657759344016e-18,1.97805518007357e-19,1.6031612004734972e-15,1.6655173255145213e-28,7.028372078597716e-39,1.2970853389724933e-25,2.3524280228980765e-20,0.09999998054255313,2.0561936911305528e-08,3.8562593738468026e-10,4.137151961763874e-20,1.1302209982718155e-35,5.393147692023851e-22,4.029619195494262e-17,7.759786163634529e-25,1.902459794517525e-17,1.2955629283412967e-39,1.771890791980188e-16,5.733919758214905e-16,1.2156356776270798e-34,4.931933354365654e-26,1.1752867774272839e-23,2.255362780239479e-06,6.372197605137074e-10,6.179994248190882e-05,4.761435742919039e-11,6.001544193827909e-19,2.5861011618414974e-16,4.2341212688385727e-17,6.63539025638035e-39,5.770116606424932e-15,8.875524028522799e-12,1.2473488004105305e-16,1.0023053008147035e-12,2.9043935114742274e-46,4.053783126434624e-20,1.6439112542767813e-14,3.014401551001781e-19,1.3116587153104497e-18,2.8233077032643945e-15,3.0944168858304476e-29,4.376603662396574e-22,2.9956730717938954e-19,0.00033399933424304456,5.266222966103302e-10,7.121053693763376e-18,1.2364174405260549e-14,1.5213451314469975e-36,3.2630689978840613e-25,2.9313401088122615e-25,4.578964796744162e-31,9.368650300940784e-27,1.9941425109293664e-33,3.7593827335851826e-13,1.223650040240834e-10,7.229256750033429e-12,3.5099927602122316e-06,4.588375541519717e-28,1.5487023261667199e-25,1.5539875526792255e-11,1.7799844511801316e-06,4.505706678574474e-28,1.2425824346810688e-19,5.26001002324555e-38,6.640815381618835e-29,0.0,0.0,2.675919511179557e-17,7.430858207012626e-15,5.912978080955964e-25,1.484805031137003e-15,4.973546277790954e-35,4.5752292184613446e-23,4.973763599383412e-35,1.9275214179676804e-42,5.302665336102642e-33,3.261784576078219e-21,1.545967909621294e-18,2.441266486350263e-19,1.241312629333969e-28,1.1957108525752586e-23,4.626293022616739e-27,4.170265669356484e-21,1.0568364440403647e-18,1.744659779804138e-31,1.5331264739767647e-36
54.07160846228208,9.969755933238007e-10,0.00017699908478381344,3.2910489642186516e-20,2.0244658440940077e-17,1.8701911870977106e-21,3.604290489305542e-18,7.447783565210482e-25,3.5332499877843917e-19,2.5502044136232917e-46,6.774449974073337e-36,1.2700893537051478e-44,1.474793574884297e-26,4.197077984048307e-23,4.625440270234932e-36,9.482549647768644e-25,8.288825128186072e-26,4.4180151065951174e-57,1.817776652840249e-41,1.473014985453611e-39,9.273663404667642e-46,1.30276514196323e-52,2.827985054768088e-44,5.698526781927378e-13,1.4738384488121087e-12,3.900988727014401e-14,1.1815606760369452e-11,1.2296969352495487e-34,4.8424573380508146e-32,7.973311810251216e-17,4.338195869830381e-12,8.764294820025081e-44,8.69156643499137e-49,6.479415550270564e-31,2.3062527532486492e-29,4.8463570377461076e-32,4.416053499057726e-29,4.377409288068918e-22,1.1311736847704244e-20,3.441685020539824e-19,4.836638837015715e-10,2.2133966281699664e-08,1.2140582841028973e-17,2.3527722598010582e-17,1.959815816845515e-16,3.0239266736924875e-16,4.7440470723722525e-24,1.2702715546296542e-21,7.418894849028643e-19,0.00018263097240781283,0.4999999236548977,1.6456903832737376e-07,0.249999817076148,7.226945769970758e-08,2.701423219422893e-09,1.6733999151369518e-22,2.1145215146985773e-21,3.402120441505583e-17,3.09594620341514e-25,3.358056101144759e-28,3.5974485713728993e-23,2.0449191839687064e-28,1.562203036101579e-28,2.2899535304482643e-14,3.938088970861265e-11,3.5223053950779327e-19,1.3578868217749286e-14,0.0,7.11381598902244e-32,1.4049110446470214e-39,3.93690230120503e-08,4.3796270594762796e-12,1.5852420138939896e-20,1.2815605252135654e-41,1.269699117027049e-11,8.568249624005603e-09,1.8573492126959676e-18,1.3633577189673818e-16,1.885201622441823e-17,7.954898591673615e-19,3.1935618569077325e-15,9.239196308813192e-28,8.476103189364608e-38,7.683442065643154e-25,9.633849147241033e-20,0.09999997113624114,2.9734196932471185e-08,6.196778963206436e-10,1.5226648259742583e-19,1.7199031988332882e-34,4.598552204250792e-21,1.5560883932244733e-16,4.444091330770225e-24,4.015685547068397e-17,1.3991699277890158e-38,3.5974413254397964e-16,1.1476579943349654e-15,7.437870108083716e-34,1.4497164631527802e-25,6.505156249439462e-23,2.2550784491732833e-06,9.215508267126146e-10,6.17999149972993e-05,6.583764291673357e-11,3.3848012128902563e-18,6.627546695698333e-16,1.613537105345102e-16,8.99599038241702e-38,2.3302868494687347e-14,1.6354576558584614e-11,7.275397663054196e-16,2.711625307003831e-12,1.0216506037126323e-44,2.635681556699692e-19,6.52551403500748e-14,1.727565887127733e-18,5.391345305860517e-18,7.558810534202006e-15,3.846537311671716e-28,1.294380269188177e-21,6.2770305176720735e-19,0.00033399906775508206,6.668296030157556e-10,1.3022593485383113e-17,3.334321250219279e-14,1.0659906078320524e-35,1.0128953200281228e-24,1.7094609077385223e-24,3.9546026386719735e-30,5.570674287030783e-26,1.6385715932021152e-32,8.301074460001262e-13,2.2072358621816064e-10,1.0454982489145764e-11,3.5099895299269745e-06,1.962117883142702e-27,4.564338253271795e-25,2.2460526898452545e-11,1.7799775285284231e-06,1.7732101745441203e-27,3.8563385881972806e-19,9.565346994164781e-37,8.22221915359376e-28,0.0,0.0,5.502036779465252e-17,8.793465828981133e-15,1.5952761403477975e-24,2.0925949718342904e-15,1.9682098959384375e-34,8.242364793305693e-23,1.968336179789386e-34,1.708414035144924e-41,1.417748255791881e-32,9.930830877665529e-21,2.6782618325731956e-18,5.211000749615848e-19,5.2638267255743555e-28,3.207656558760105e-23,1.3614173457599512e-26,1.2330640569223853e-20,2.4116967995150507e-18,7.4929730878477305e-31,9.377633706002472e-36
78.19209694774575,1.3975712458749846e-09,0.00017699867681637932,1.9696922611339264e-19,5.999667798222522e-17,1.573567999789726e-20,1.4310689567834615e-17,6.40718796843262e-24,2.0327366872240598e-18,4.662119007946373e-45,8.512058125649571e-35,1.4104130272463774e-43,1.7984500785819074e-25,2.219365545613406e-22,2.857295019796419e-35,7.922326796582418e-24,1.005372660001757e-24,1.6421678362205995e-55,6.065522203217464e-40,3.696075575854103e-38,6.952365930848112e-44,1.4204365599306446e-50,1.4358608476926883e-42,1.2374123658132655e-12,1.7174815570661946e-12,1.0397504333512733e-13,1.459763369339759e-11,1.567492172340293e-33,1.0449830572449347e-30,2.183193255309409e-16,7.947693872982408e-12,4.2890544613607906e-42,5.413872595470078e-47,7.315376279041792e-30,1.7629457678412954e-28,1.046226655816825e-30,6.412601749536437e-28,1.731337833441073e-21,4.4074687302413596e-20,9.174521163812154e-19,9.882722537925504e-10,1.8300848915794696e-08,3.100007723471675e-17,3.7084230699802816e-17,5.042321481588044e-16,4.90709419658245e-16,2.721519712689627e-23,7.43628504633154e-21,2.2555012647533643e-18,0.00018276715285758845,0.49999989614161766,2.462100926294462e-07,0.24999973061631936,8.283369284339718e-08,4.753871526402992e-09,6.698895621105657e-22,8.502192086716916e-21,9.112790148247462e-17,1.7495086525780165e-24,1.964424558730866e-27,1.424705910655383e-22,1.1623268570117088e-27,3.368210449238891e-27,1.2360732402536668e-13,9.566751347224843e-11,7.0874671450771925e-19,1.8537031195583604e-14,0.0,2.9366745697359222e-31,2.185386821179394e-38,6.992011815580087e-08,1.5848724432746367e-11,3.120531139136087e-20,5.432469709960119e-40,3.383043886254731e-11,9.823176865147205e-09,5.338295485203394e-18,2.3951638564645027e-16,4.942838960407468e-17,3.101811188834648e-18,6.254614340671953e-15,6.472202969852103e-27,1.2937154374092112e-36,4.4276347394051654e-24,3.839859331431781e-19,0.09999995758673899,4.2997953802409995e-08,9.054231145276271e-10,5.2365015662932815e-19,3.0522629130202317e-33,3.813074889152068e-20,5.713650953372001e-16,2.4484675553446218e-23,9.534943260120541e-17,1.471847354465655e-37,7.212529553439881e-16,2.253970350601801e-15,4.485674848795549e-33,4.209413264928367e-25,3.4092555753186833e-22,2.254667176616674e-06,1.332823383321886e-09,6.179987444896994e-05,8.934885569145825e-11,1.824416318321698e-17,1.5919501143577743e-15,5.822480140884146e-16,1.1657893033216498e-36,9.133038681264347e-14,2.8801745379975905e-11,4.110028328020195e-15,7.030972756973075e-12,3.4130188802789634e-43,1.7080124105096931e-18,2.4937402644406997e-13,9.511902853406907e-18,2.567660460076819e-17,1.928430096479882e-14,4.663893832615041e-27,3.792132841625854e-21,1.3507303433023022e-18,0.00033399870149691753,8.08033090474452e-10,3.016453322028617e-17,8.598513793892422e-14,8.626443379175961e-35,3.536776675151121e-24,9.683378214069322e-24,3.3347722395253046e-29,3.228814282887493e-25,1.2885904486477287e-31,2.371983355199337e-12,3.762587996739319e-10,1.512059011826992e-11,3.5099848578865092e-06,8.30976544217025e-27,1.3303681978536202e-24,3.245584760231096e-11,1.7799675312659914e-06,7.181314045205242e-27,1.1986586641910843e-18,1.72624422808097e-35,1.0020604140235649e-26,0.0,0.0,1.1230727545556068e-16,9.849979438166909e-15,4.1425585972412385e-24,2.9166127544257753e-15,7.516507960576723e-34,1.4158348608273935e-22,7.5172194673501075e-34,1.4531162806566237e-40,3.632221781329459e-32,3.057767478748527e-20,5.1358766317400436e-18,1.1386010550476526e-18,2.2157327902995153e-27,8.260002158904056e-23,3.958859584818684e-26,3.611247145212443e-20,6.33380258297128e-18,3.194217399662829e-30,5.65953663155018e-35
113.07235347641867,1.977149624260944e-09,0.00017699808702784136,1.1507716119535638e-18,1.7389210504891053e-16,1.2856660608846096e-19,5.4442639992568717e-17,5.409489518973639e-23,1.1279365112042995e-17,8.243706658769686e-44,1.029256338736289e-33,1.464519554927732e-42,2.1342145714026475e-24,1.1023044653454026e-21,1.9203307927685076e-34,6.404516471368084e-23,1.1885443800972286e-23,5.987623714229663e-54,1.8871565632892693e-38,8.978389496714695e-37,5.014610775288045e-42,1.4955692172609438e-48,7.033581449325911e-41,2.6722986458771427e-12,1.8941278889363633e-12,2.63426906843471e-13,1.7122347156822157e-11,1.9354935366694533e-32,2.0461171121496712e-29,5.755898446092124e-16,1.3853560935794923e-11,1.9703319790978227e-40,3.3167090281359327e-45,7.804177182243975e-29,1.2647411144934784e-27,2.0497460300158504e-29,8.358815987277775e-27,6.5768707283910664e-21,1.6375649709122843e-19,2.3250756216947034e-18,1.9765587990911697e-09,1.3900888247861935e-08,8.172112097564856e-17,6.955792950099887e-17,1.3686467734084466e-15,1.0385368759763456e-15,1.505584265101684e-22,4.218984983090433e-20,6.773979450153659e-18,0.00018296316749134194,0.4999998594721492,3.6740499535898774e-07,0.24999960445764616,8.994429022738e-08,7.77199629107286e-09,2.589567618412107e-21,3.3084968657944755e-20,2.3253474597920356e-16,1.1128253694681576e-23,1.1138014875329101e-26,5.421685663515435e-22,6.352616471851192e-27,6.730181332898502e-26,6.270458865468778e-13,2.133935293324507e-10,1.4036965078069071e-18,2.4716376431301802e-14,0.0,1.1823437529033338e-30,3.2784138207102992e-37,1.1866126378379722e-07,5.318428253941585e-11,5.985551901811737e-20,2.0786010051963631e-38,8.552888943647445e-11,1.0165027772537548e-08,1.5173983170902626e-17,3.961700223878295e-16,1.2272462303256373e-16,1.1573453926962783e-17,1.2053271423335988e-14,5.527641086806877e-26,2.3679732872996512e-35,2.4557279721090738e-23,1.4736902380047964e-18,0.09999993813009624,6.217824693751161e-08,1.1817727027780238e-09,1.6485333942512859e-18,5.595337556991211e-32,3.0454215076915686e-19,1.960313431347471e-15,1.28133346433402e-22,3.0944606311138327e-16,1.4869681288801777e-36,1.420878345727294e-15,4.3098537092000774e-15,2.6502054799433414e-32,1.201248581558108e-24,1.6592962541836572e-21,2.254072200682549e-06,1.9277993174468514e-09,6.179981531086804e-05,1.181847559788176e-10,9.257057727994284e-17,3.511841636562816e-15,1.954091702947962e-15,1.429526079007718e-35,3.443221055196387e-13,4.79263474334391e-11,2.224760731999551e-14,1.7245385665292068e-11,1.0637270357145543e-41,1.0926477545612075e-17,9.059595702062274e-13,4.958838740781013e-17,1.275696998806735e-16,4.6157702723181065e-14,5.468104987795947e-26,1.0964739667491008e-20,3.11568700550462e-18,0.0003339981953221917,9.322325693955786e-10,9.964676515924337e-17,2.0912815336904777e-13,9.18845277480106e-34,1.617015557878697e-23,5.2580359737245245e-23,2.720113835779442e-28,1.8051692264537445e-24,9.548847892844481e-31,8.04111359414385e-12,5.967175154591354e-10,2.1869385418299017e-11,3.5099781001335517e-06,3.4714469223228183e-26,3.817493862403181e-24,4.688371141033373e-11,1.7799531015610938e-06,3.037970013654921e-26,3.7119179533780185e-18,3.0660284406474952e-34,1.1883877626259684e-25,0.0,0.0,2.268967587839162e-16,1.047940430740215e-14,1.028316786985069e-23,4.002013425794823e-15,2.7467313581278918e-33,2.3044731614511497e-22,2.7471169421294665e-33,1.1627001717956562e-39,8.836001134670122e-32,9.786979161509743e-20,1.2654025121284558e-17,2.714778378494153e-18,9.214466012258971e-27,2.025258906832733e-22,1.1317828990348866e-25,1.0436321726646967e-19,2.0928976084198002e-17,1.34864182556143e-29,3.3548706001094975e-34
163.5121402261457,2.8156439797809158e-09,0.00017699723437347267,6.490868470701108e-18,4.854162487080488e-16,1.0046771192603967e-18,1.948146724905901e-16,4.433511100483037e-22,5.93085075625535e-17,1.3831446321097465e-42,1.1722874546472625e-32,1.394293062303684e-41,2.4284987359076227e-23,5.0823083639571844e-21,1.6839944680192577e-33,4.926086372256331e-22,1.348529645886712e-22,2.0988638966233062e-52,5.317323308197052e-37,2.093794551775614e-35,3.40897536895967e-40,1.4914062071158704e-46,3.275769850931668e-39,5.677448534888335e-12,1.9899521740556377e-12,6.237396475864413e-13,1.8976465499790976e-11,2.27268320726068e-31,3.5207965073900108e-28,1.44570595139281e-15,2.2677926261251682e-11,8.271565596558304e-39,1.813096748245747e-43,7.752626807516828e-28,8.386363060556654e-27,3.530203683603691e-28,9.443172012652908e-26,2.3672143917775408e-20,5.70244577527656e-19,5.508639249745479e-18,3.812750190660934e-09,9.339867853304277e-09,2.322266758396956e-16,1.8277764669026149e-16,4.147001885346103e-15,3.2050172243192216e-15,7.918871124492642e-22,2.2927677725929243e-19,1.985110004829665e-17,0.00018324478866540698,0.4999998102417099,5.452981964344864e-07,0.24999942248847784,9.341433020099623e-08,1.1465252012216266e-08,9.558386513303491e-21,1.2335480018986206e-19,5.56276897652403e-16,7.253654448573871e-23,6.05655176577125e-26,1.9559785176527274e-21,3.2859462769044433e-26,1.2246851120604348e-24,2.928359879799115e-12,4.261945025837522e-10,2.720826864726055e-18,3.1924908491401367e-14,0.0,4.594540133435703e-30,4.5541237967328835e-36,1.9218301800078394e-07,1.6146308384913286e-10,1.1071298252510515e-19,6.945524476028178e-37,2.0126853678129504e-10,9.080861407037217e-09,4.278865632950058e-17,6.258235880042178e-16,2.86781947111787e-16,4.0638250563266926e-17,2.328802277425542e-14,5.1461402323274995e-25,4.574390328387787e-34,1.2928840362185734e-22,5.3702380229082165e-18,0.09999991020200001,8.991411407991811e-08,1.3740017834947848e-09,4.668194103115213e-18,9.609417338827197e-31,2.3153490347742724e-18,6.1562206348406725e-15,6.271394416974714e-22,1.4206954582191834e-15,1.4277744635125433e-35,2.732478688510369e-15,7.938462641218201e-15,1.5208893928711532e-31,3.345950523561226e-24,7.327783258604425e-21,2.2532112856709217e-06,2.7887143290719505e-09,6.179973049534619e-05,1.5106342040532538e-10,4.344050378814041e-16,6.9564911822495475e-15,5.9729603468350915e-15,1.6797142750839952e-34,1.2363066275483252e-12,7.447233784635401e-11,1.1388317119184972e-13,3.9400808319573975e-11,3.02657628693505e-40,6.795827512141102e-17,3.0808319986599212e-12,2.4023982098369335e-16,6.178068351262355e-16,1.0186982877862787e-13,6.132519710876276e-25,3.114056523836686e-20,8.232094233115002e-18,0.0003339974842546076,1.0269437431747294e-09,4.37448245697143e-16,4.726901945863241e-13,1.2879048033761474e-32,1.0304965062994697e-22,2.6902012837808814e-22,2.1202656694231282e-27,9.5991264777421e-24,6.54426050900244e-30,2.875075960051001e-11,8.683772447800129e-10,3.163267936359527e-11,3.5099683246014422e-06,1.4227037880905807e-25,1.0718320948867706e-23,6.769281351420643e-11,1.7799322905482591e-06,1.4441883110130414e-25,1.1347688649127999e-17,5.305046028750744e-33,1.3512088222235382e-24,0.0,0.0,4.518852235581087e-16,1.0749327436380652e-14,2.4294434918591284e-23,5.373149307597277e-15,9.529722562534169e-33,3.547361841534731e-22,9.531716674702696e-33,8.576154428472597e-39,2.025395757108102e-31,3.554163761404606e-19,4.398367976564751e-17,8.174413901901921e-18,3.763395043733433e-26,4.699422672078133e-22,3.158599112345572e-25,2.9615576326658878e-19,8.648697258401999e-17,5.635480753000584e-29,1.944778631925314e-33
236.45231729355083,4.0286939526542564e-09,0.00017699600170200397,3.483023024457701e-17,1.2783778591410079e-15,7.361242461452665e-18,6.399887493721294e-16,3.478650474083544e-21,2.8869847496446247e-16,2.147645305372504e-41,1.2238894004944586e-31,1.1927392408671056e-40,2.598466762906468e-22,2.1703852461475184e-20,2.0039471838084717e-32,3.524583421078799e-21,1.4393724501326774e-21,6.897028940700857e-51,1.307907595652185e-35,4.682541876766038e-34,2.1267654250687643e-38,1.3738247425941056e-44,1.439794906926806e-37,1.1694790405670798e-11,2.0264021465515858e-12,1.3534636241664441e-12,1.9978264970926574e-11,2.47987296920957e-30,5.1344224569846745e-27,3.4231777172562555e-15,3.445573061966367e-11,3.067900091078941e-37,8.310144464724958e-42,7.09473814834924e-27,5.103495348349403e-26,5.155363359136809e-27,8.888291613621082e-25,7.946722932114872e-20,1.821629707536122e-18,1.1968560452747612e-17,6.949324844914172e-09,5.255439732050621e-09,7.568169561388052e-16,6.218702815083993e-16,1.4979046989331818e-14,1.2009043575792261e-14,3.891960658250838e-21,1.1759036453454571e-18,5.575433158938769e-17,0.00018364856276868288,0.49999974426093274,8.040733576744249e-07,0.24999916280254314,9.449774060235458e-08,1.4689545393293766e-08,3.326204497749191e-20,4.359500325050284e-19,1.2246735910442974e-15,4.382299250371535e-22,3.119632624309515e-25,6.5848577250241285e-21,1.5774884494503276e-25,2.0028578116039886e-23,1.2300227507555729e-11,7.444866004201875e-10,5.126020306703387e-18,3.956834343968345e-14,0.0,1.6988591919136032e-29,5.669607475135239e-35,2.9823156049361976e-07,4.314540026622888e-10,1.947657898147108e-19,1.991009219276641e-35,4.306319520846484e-10,6.575058077656776e-09,1.2197093149493184e-16,1.0546856156989357e-15,6.513520072381094e-16,1.3158256579995472e-16,4.848601376607208e-14,4.9351310734980276e-24,8.39180964074605e-33,6.350793773553546e-22,1.8254656928109364e-17,0.09999987001031337,1.3002156880615357e-07,1.4582337161222987e-09,1.1987637429981578e-17,1.4493236249404304e-29,1.652217218366745e-17,1.7315407254304474e-14,2.8178700307886098e-21,7.29759843231226e-15,1.3006166144164858e-34,5.087697289012896e-15,1.389031325986642e-14,8.379473115255921e-31,9.013881864837815e-24,2.865467160222295e-20,2.2519652047171762e-06,4.034795282818205e-09,6.17996113695078e-05,1.8481848264691788e-10,1.8496760531989588e-15,1.2107704408073466e-14,1.6257446493192532e-14,1.991838281767723e-33,4.181802271192218e-12,1.0681326090119497e-10,5.426947114713014e-13,8.236041836035408e-11,7.667893979431654e-39,4.0213628528169887e-16,9.624621230545604e-12,1.0562182804168035e-15,2.8074049300316575e-15,2.0393985660198035e-13,6.494054066661956e-24,8.636210810839177e-20,2.5995505465810956e-17,0.0003339964595600597,1.0960784050879527e-09,2.1356262470982085e-15,9.803405693667055e-13,1.9885347300813983e-31,7.978781431562508e-22,1.2688542084327343e-21,1.5559376177288643e-26,4.7664924855771937e-23,4.063620819260505e-29,1.0004544003348918e-10,1.153801479627278e-09,4.575929978243292e-11,3.509954181647101e-06,5.678595684435641e-25,2.9208503397439025e-23,9.767007278701195e-11,1.7799023109260658e-06,9.103048989167689e-25,3.3785096605534074e-17,8.827448219385129e-32,1.4442693170313084e-23,0.0,0.0,8.824898732184973e-16,1.0856737464174415e-14,5.457931666406927e-23,7.003182348876117e-15,3.119920211662595e-32,5.177481437084802e-22,3.120897788864651e-32,5.731672982464445e-38,4.3503045230635865e-31,1.7039445389886025e-18,1.8862158717014524e-16,3.462242864925372e-17,1.4983013955569652e-25,1.0288667067498621e-21,8.522334365985645e-25,8.201620208971194e-19,3.9931107614526666e-16,2.344234186566597e-28,1.1022415475923884e-32
341.9299525782251,5.783817614805464e-09,0.00017699421971092142,1.745680593780713e-16,3.09931518285415e-15,4.9318134497727975e-17,1.8743775452488043e-15,2.5688659151641596e-20,1.2632137830590168e-15,2.996730823349225e-40,1.1354287037820592e-30,9.00924007167879e-40,2.5490500729493183e-21,8.786938947619853e-20,2.7564969092261414e-31,2.2780271911069227e-20,1.4085620857293205e-20,2.0633300332535935e-49,2.687734169275125e-34,1.0376997221201432e-32,1.1776696398879883e-36,1.1326408118204996e-42,6.139548080035279e-36,2.2957111572736506e-11,2.0399042621504054e-12,2.6364741969613383e-12,2.0322920370486312e-11,2.451228934758243e-29,6.115155100130402e-26,7.577283890351962e-15,4.82137389335283e-11,9.653924619383901e-36,3.023117559114127e-40,6.050096471832954e-26,2.935210795339073e-25,6.153799519816385e-26,6.699235090158403e-24,2.4469965413291873e-19,5.204935399140158e-18,2.3373859418431273e-17,1.1673888851171666e-08,2.2883855417028557e-09,2.8901958097171747e-15,2.206451681932169e-15,6.42269895317933e-14,4.4031299252104284e-14,1.7519860029873066e-20,5.589554161867803e-18,1.46599827767871e-16,0.00018422617024634752,0.49999965831039006,1.1787882423691757e-06,0.24999879439582634,9.468022648997674e-08,1.5590189209898348e-08,1.0770524966139622e-19,1.4459823477312843e-18,2.4328382399425333e-15,2.3000907456467954e-21,1.5017204764543361e-24,2.033663788855878e-20,6.8691651233618e-25,2.909028172532303e-22,4.5435775582929943e-11,1.1258224203148332e-09,9.316521677747034e-18,4.662850432330446e-14,0.0,5.864850656714548e-29,6.140262763685573e-34,4.4664267136313e-07,9.896537541795697e-10,3.2025641329301973e-19,5.137568590515024e-34,8.164655081625091e-10,3.5310708890646042e-09,3.7661102358804275e-16,2.4335499932252656e-15,1.662086295120374e-15,3.8373938496113476e-16,1.2538492885559105e-13,5.1759287731213357e-23,1.3677187584026963e-31,2.852190828618092e-21,5.663036271656519e-17,0.09999981199411066,1.8801834960208474e-07,1.4776556554719663e-09,3.0938793490336306e-17,1.8353264059391626e-28,1.0885112246049932e-16,4.2809285955018266e-14,1.1365108081694321e-20,3.4420307989692145e-14,1.1411034947850987e-33,9.084793733754464e-15,2.2696450114678302e-14,4.364243253337573e-30,2.321543179995503e-23,9.732773008965516e-20,2.2501609314827414e-06,5.8390685172550774e-09,6.179944809598002e-05,2.1463185037710987e-10,7.015075356758155e-15,1.8220514854830095e-14,3.854678978975732e-14,2.6412604425634137e-32,1.3167009006428147e-11,1.3991637861695673e-10,2.363293263944653e-12,1.5426362527457675e-10,1.683683642966703e-37,2.2007160123943182e-15,2.6997272966618493e-11,4.089758980742057e-15,1.1710729789191969e-14,3.664118602293395e-13,6.395183515520822e-23,2.323482833922283e-19,9.421748648700338e-17,0.0003339949343306607,1.159480712288606e-09,1.027071611438233e-14,1.853700696838215e-12,2.853362938563437e-30,6.377909117136519e-21,5.370349060785056e-21,1.0569396051766953e-25,2.158598611625398e-22,2.2400270762574483e-28,3.230676958265797e-10,1.417786259658611e-09,6.620387688135824e-11,3.5099337155621305e-06,2.1870147604970775e-24,7.64758133622068e-23,1.4078099583378228e-10,1.7798591964600273e-06,8.31893310758884e-24,9.62258838705957e-17,1.3901178370652113e-30,1.4146668799672474e-22,0.0,0.0,1.6789090507759438e-15,1.0973982020900452e-14,1.1681645168683348e-22,8.776885844547247e-15,9.595071586793952e-32,7.193074840390071e-22,9.599591178607592e-32,3.4272256381348396e-37,8.715377212310758e-31,1.1162464253666508e-17,8.252827219171808e-16,1.8168524481080985e-16,5.761735073846101e-25,2.124050782060973e-21,2.194743180163582e-24,2.2006352938235003e-18,1.8359975175592465e-15,9.94281613796398e-28,6.201208794135739e-32
494.45949106516065,8.324145096335377e-09,0.00017699164369652364,8.000832792638755e-16,6.744656476476651e-15,2.9336212457157853e-16,4.744437812791023e-15,1.751004705354274e-19,4.8004711547202954e-15,3.6426046260951215e-39,9.066174390786273e-30,5.939873097051342e-39,2.222125658766751e-20,3.6084573472140356e-19,4.2049580400005245e-30,1.2826699100209387e-19,1.2243950231411347e-19,5.448397523162757e-48,4.395206128503578e-33,2.5187474262723075e-31,5.569110233695589e-35,8.055692260586135e-41,2.793566427164546e-34,4.214060115463961e-11,2.05437299591279e-12,4.521685136444518e-12,2.0376492187608643e-11,2.1403578899279726e-28,5.757784317549903e-25,1.5605188567009144e-14,6.197134253564717e-11,2.4639643588922958e-34,8.305568271792583e-39,5.166430877589779e-25,1.778688902504229e-24,5.815051871647634e-25,3.90857292034193e-23,6.804677893415869e-19,1.293240295150115e-17,4.0278876809455726e-17,1.7639662645760835e-08,6.882603032053167e-10,1.218251049855805e-14,7.219349841709242e-15,2.983905228774033e-13,1.433868440090435e-13,7.069636192262251e-20,2.410306767953548e-17,3.5088397791320097e-16,0.00018505016942560145,0.49999955470661017,1.7206484168542945e-06,0.2499982717594445,9.469225608526697e-08,1.2987656838365285e-08,3.2056470152130603e-19,4.468511501204451e-18,4.276502662277064e-15,1.0150661321920946e-20,6.66573132003248e-24,5.666714242343312e-20,2.6454206809465844e-24,3.696447570411014e-21,1.4533157344931236e-10,1.5035930644321054e-09,1.622656356181696e-17,5.196601490037711e-14,0.0,1.8455205125640062e-28,5.645684950579605e-33,6.496059303027342e-07,1.923515357115399e-09,4.825351745060272e-19,1.4202711240218658e-32,1.3409311329573592e-09,1.2434890797111773e-09,1.4470920379754428e-15,8.001318144046271e-15,5.864385897386687e-15,9.825520240886603e-16,4.240634207847875e-13,6.331059053929641e-22,1.902021660683934e-30,1.1450399913024598e-20,1.5614294537990639e-16,0.09999972812817892,2.718824431708576e-07,1.4794938229180005e-09,1.0217062386366186e-16,1.890942784493993e-27,6.495620325153639e-16,9.204291181089267e-14,4.0054198094380605e-20,1.3675005081949294e-13,1.0062810329974785e-32,1.5407261956537117e-14,3.400362179051665e-14,2.106876514450816e-29,5.638312168668314e-23,2.8620836513699273e-19,2.247547023736189e-06,8.452976263809818e-09,6.179923005778352e-05,2.358671880688561e-10,2.3333222556051537e-14,2.3628189517676123e-14,7.812805978197259e-14,4.66564500454514e-31,3.808459448763191e-11,1.6652158208434128e-10,9.202882745128623e-12,2.5309902311030846e-10,3.116873833883238e-36,1.0758192868353202e-14,6.61293357599582e-11,1.3435005422696412e-14,4.4348463984450265e-14,5.910224301844228e-13,5.754584159669131e-22,6.025398081173567e-19,3.5640118994244936e-16,0.00033399257210789987,1.2396426821047276e-09,4.5899628433758175e-14,3.2080841177626444e-12,3.449000160956e-29,4.77757137132332e-20,1.9755423411329457e-20,6.535435406279985e-25,8.652815313066121e-22,1.0760898045987468e-27,9.418238619476162e-10,1.6657294919665495e-09,9.580115503532601e-11,3.5099040887325197e-06,8.036861029281099e-24,1.9011227672302663e-22,2.0262604018535674e-10,1.7797973445787484e-06,9.248802564002447e-23,2.565441977018445e-16,2.0333757495663257e-29,1.2304272485400344e-21,0.0,0.0,3.08863083067443e-15,1.1211142504975997e-14,2.3879835827899402e-22,1.0471678102513067e-14,2.7600810841321094e-31,9.533719569736584e-22,2.7620434074932774e-31,1.8165817235163125e-36,1.6184244650331607e-30,8.389971476464557e-17,3.304721041020603e-15,9.64441021811763e-16,2.117727112502531e-24,4.134657922294585e-21,5.308572215838062e-24,5.677707575672504e-18,7.82462672181464e-15,4.5316660686108476e-27,3.6319641801060517e-31
715.0300418577249,1.2002935042798134e-08,0.00017698791967081629,3.279264016930686e-15,1.2879594713045121e-14,1.5018797869621025e-15,1.0105202026729168e-14,1.0795376810961326e-18,1.5281612725039123e-14,3.7423134568022313e-38,6.04634014499436e-29,3.402749270578068e-38,1.660970346520066e-19,1.6303040515739032e-18,7.326999218240591e-29,6.03399201692186e-19,9.116402785983343e-19,1.2322659227593997e-46,5.444350238929907e-32,7.235476369424457e-30,2.1589156669586594e-33,4.751241013886833e-39,1.436955570566989e-32,7.087440364001178e-11,2.0796419785530345e-12,6.725098400785303e-12,2.0364249469647847e-11,1.6137139803608131e-27,4.1918173245529455e-24,2.9871812873886655e-14,7.328071561003745e-11,4.873571565981437e-33,1.654637627014056e-37,4.996168395647696e-24,1.2703146368310518e-23,4.258400761301921e-24,1.728740008859776e-22,1.6879761308061783e-18,2.712742745044854e-17,6.03772114176515e-17,2.3613589381442964e-08,1.2219790734852996e-10,5.1825010030654946e-14,2.083704892959658e-14,1.3670181758266125e-12,4.0448252287269124e-13,2.5048106683304095e-19,9.200638332920886e-17,7.411583013802696e-16,0.0001862206773986135,0.49999945088828185,2.503993155702304e-06,0.24999752809288503,9.469056627616233e-08,8.034303789863891e-09,8.673709715452038e-19,1.282056310615382e-17,6.533668269344593e-15,3.711411649100503e-20,2.694878336623239e-23,1.4042049739580558e-19,8.782772413897453e-24,4.019618527552391e-20,4.021566675566611e-10,1.8730650129919445e-09,2.6988000744042492e-17,5.49628270018549e-14,0.0,5.148250721545438e-28,4.3509732212573974e-32,9.198338038244762e-07,3.2009203075243465e-09,6.540233249194776e-19,4.6092067688691145e-31,1.8869846555879213e-09,2.4292426575666336e-10,7.320148265493559e-15,2.8238047802625067e-14,2.6255832405014103e-14,2.153861036112099e-15,1.5908066997340288e-12,7.863527795500219e-21,2.2136753290598678e-29,4.012986209268671e-20,3.7084439347101315e-16,0.09999960686225953,3.9314832696418037e-07,1.4795293783565717e-09,4.536075573643343e-16,1.5571501472635796e-26,3.4369655324849335e-15,1.7193315380260595e-13,1.1978501981274778e-19,4.4619940972644783e-13,9.473834426903321e-32,2.462321522598802e-14,4.6083711671054606e-14,9.21253530012422e-29,1.2725809962259e-22,7.448022476150234e-19,2.2437574313268855e-06,1.2242568673110849e-08,6.179894411360089e-05,2.4700503946053983e-10,6.740010107157771e-14,2.6901188020605348e-14,1.3367287748427381e-13,1.1760719859168554e-29,9.980244470254094e-11,1.8175251364800023e-10,3.128456315893005e-11,3.5712316146244397e-10,4.737616948998567e-35,4.516589556424706e-14,1.370500966677323e-10,3.582362143391604e-14,1.5222004784935483e-13,8.678248063468819e-13,4.638743879324413e-21,1.498332449767511e-18,1.292494837871755e-15,0.0003339887549296779,1.3537813890414663e-09,1.85946845370232e-13,5.150764390199618e-12,3.326232885529308e-28,3.1782220941418386e-19,6.093320235489618e-20,3.630600613045384e-24,2.956698162087265e-21,4.434543649546685e-27,2.4547085357357952e-09,1.9447058532986436e-09,1.386672449492703e-10,3.509861174783107e-06,2.783618153973666e-23,4.430941707404865e-22,2.9102752929426407e-10,1.7797089261583954e-06,1.009660250780483e-21,6.239565809675539e-16,2.707742071093195e-28,9.16451545245488e-21,0.0,0.0,5.455891130297787e-15,1.1694564049749968e-14,4.671865874980903e-22,1.1804056080440853e-14,7.383621726568604e-31,1.207628491988169e-21,7.391585768008122e-31,8.46801996611642e-36,2.759931520770044e-30,6.081987429713218e-16,1.1524301969776911e-14,4.6013202180703314e-15,7.359370731964734e-24,7.586012634692212e-21,1.1841288764834635e-23,1.399680396920533e-17,2.976148995047612e-14,2.3433312029296358e-26,2.3753951501761022e-30
1033.9936233354333,1.7332637375149917e-08,0.0001769825346181527,1.1757949420853431e-14,2.1201335544580366e-14,6.4297071298294915e-15,1.782310696653475e-14,5.9033832089962495e-18,3.939198928139949e-14,3.1630433182778757e-37,3.283789424631522e-28,1.6963335948805348e-37,1.0252289520232135e-18,7.921226396908114e-18,1.248638695575221e-27,2.266473734659583e-18,5.594246976343544e-18,2.3234732528574238e-45,4.883391333365991e-31,2.1704602829645896e-28,6.592149894965298e-32,2.235530290563265e-37,7.1112171691967315e-31,1.069676029438958e-10,2.1222085809564857e-12,8.634400809323032e-12,2.034316294304694e-11,1.0303751691345257e-26,2.347188835525461e-23,5.3270336850312405e-14,8.024872338840638e-11,7.16908648750377e-32,2.329849139903719e-36,5.451921456720092e-23,9.694548316906286e-23,2.4073576216338118e-23,5.806453292611401e-22,3.7107851144239414e-18,4.6773457300822303e-17,7.830202901446244e-17,2.808892297363266e-08,1.1654542533844179e-11,2.086231921736199e-13,5.2302246985371926e-14,5.875443516963981e-12,9.999138925293548e-13,7.684949933343035e-19,3.0292757247865753e-16,1.3398689550790486e-15,0.00018787221171802541,0.4999993972610772,3.6362765709166423e-06,0.24999646842217657,9.468775047493509e-08,3.4799548494773857e-09,2.1128523369867074e-18,3.416959719709557e-17,8.572352605825592e-15,1.1249670352089531e-19,9.826262186918338e-23,3.0647644649123737e-19,2.4588870792501008e-23,3.63263086973085e-19,9.79125993546878e-10,2.3002183109760577e-09,4.293871175509709e-17,5.59849820608103e-14,0.0,1.2393473326592423e-27,2.8223055541761816e-31,1.2660324533998e-06,4.72255310232689e-09,7.905903003725206e-19,1.3909025283653928e-29,2.29742184993852e-09,2.2045784417564935e-11,4.151134608297339e-14,8.800199099107948e-14,1.1333580140936006e-13,3.971148129688751e-15,5.570740370454423e-12,8.101014832570145e-20,2.15930221036825e-28,1.2001649118939785e-19,7.334033406725938e-16,0.0999994315197373,5.684908708072047e-07,1.4795077454259918e-09,2.049689872206807e-15,1.0239575661920896e-25,1.5785312174681282e-14,2.801529118727626e-13,2.9675961400541696e-19,1.2134925521945313e-12,9.67922453758004e-31,3.693892244721174e-14,5.670146119466862e-14,3.5636893838448705e-28,2.6350684823580076e-22,1.7841402278460625e-18,2.238258075800419e-06,1.7741924199578002e-08,6.179856695131494e-05,2.5079536932833514e-10,1.6886951484677318e-13,2.8097598919331577e-14,1.9268916498614874e-13,3.189236256535561e-28,2.341720427407107e-10,1.87190230433162e-10,9.076525511015944e-11,4.3322625092208455e-10,5.782558696212152e-34,1.566790123171514e-13,2.3341925303786156e-10,7.417204353329431e-14,4.764831821037833e-13,1.1876118706449457e-12,3.281229767551626e-20,3.560990288300263e-18,4.244533878654393e-15,0.00033398237314393174,1.5186587424731569e-09,6.80349398607558e-13,7.797695870885512e-12,2.4881069362531497e-27,1.8267191816257282e-18,1.5215180585900586e-19,1.803704567368661e-23,8.226552819013746e-21,1.5523907427618265e-26,5.768075128010215e-09,2.305479941740553e-09,2.007914495160067e-10,3.5097989527213204e-06,8.981846876397652e-23,9.57139767943684e-22,4.167316028630575e-10,1.7795831756202502e-06,9.635343783395574e-21,1.3431066809991545e-15,3.2178578589123085e-27,5.624768968755196e-20,0.0,0.0,9.212444657050453e-15,1.2636206222433747e-14,8.773754897686377e-22,1.2568693550489934e-14,1.8242971495161594e-30,1.47288377526138e-21,1.8273008331078747e-30,3.449676330814499e-35,4.281811041630678e-30,3.895602038866348e-15,3.4422460254903456e-14,1.8698290811003894e-14,2.396006147410125e-23,1.3128322674854483e-20,2.3951403042600793e-23,3.288842059381342e-17,9.950035323200823e-14,1.362343900742146e-25,1.7688313862549128e-29
1495.2418087505669,2.5052258716313695e-08,0.00017697474255430569,3.6134027630559853e-14,2.9799890370940116e-14,2.2500148069698045e-14,2.600155499657768e-14,2.81209938955054e-17,7.99364748228609e-14,2.154891459656774e-36,1.430419492580188e-27,7.414846151174531e-37,5.039626557362123e-18,3.578342128763384e-17,1.6815963508682948e-26,6.486367828138041e-18,2.7242564275946262e-17,3.574673389301311e-44,3.0576706956820034e-30,5.496331503685475e-27,1.5281775379835352e-30,8.09764863128621e-36,2.6554158883348406e-29,1.4260150209890992e-10,2.190183191607638e-12,9.740366429264141e-12,2.031797567039184e-11,5.500429716983188e-26,1.0290798941241327e-22,8.90557805444823e-14,8.268829740331334e-11,7.5934115985369175e-31,2.3134092936939126e-35,5.625339132039354e-22,6.432972939345489e-22,1.0717284275039554e-22,1.532350235653147e-21,7.248632279813037e-18,6.555040255280516e-17,8.893295917461531e-17,3.042792804846705e-08,2.411065837907766e-12,7.676903784752855e-13,1.141411311087301e-13,2.330986433819564e-11,2.2298779059179136e-12,2.0633249771784984e-18,8.414729257121765e-16,2.0273035411885576e-15,0.00019018135215033297,0.49999950731775883,5.2726121279966865e-06,0.2499949611393818,9.46838215922789e-08,9.681518753243547e-10,4.600589030544805e-18,8.499795908837065e-17,9.716085978869048e-15,2.8867448478738114e-19,3.2166260875648917e-22,5.891774642121562e-19,5.741123788665619e-23,2.6395057449656757e-18,2.1576429789510664e-09,2.840675830501859e-09,6.57932321256968e-17,5.598514287326891e-14,0.0,2.535709412771785e-27,1.5724447947272367e-30,1.6848087815478515e-06,6.442790725193394e-09,8.632607963887497e-19,3.076272905589248e-28,2.49917900751431e-09,2.330002856343565e-12,2.1890555088592405e-13,2.277419678863352e-13,4.0394948994785823e-13,6.2243950432812914e-15,1.700419662149691e-11,6.361788269949578e-19,1.7982606553440262e-27,3.01311799583465e-19,1.1755385745461254e-15,0.09999917799770727,8.22012928928169e-07,1.4794795697251464e-09,7.694788419790864e-15,5.4990768288334535e-25,6.191505822532244e-14,4.010465615135155e-13,6.06682250910397e-19,2.8638434138944746e-12,1.0057856320529507e-29,5.202606708413764e-14,6.561601451712453e-14,1.198448717575176e-27,4.968039323552484e-22,4.057286408737086e-18,2.2302677204025273e-06,2.5732279597469034e-08,6.179805316566583e-05,2.51499305678843e-10,3.706296429961194e-13,2.830539823463817e-14,2.372097854143122e-13,7.000938640699872e-27,4.893223993984543e-10,1.881758565188998e-10,2.2177587574281924e-10,4.664884182301178e-10,5.598568348274092e-33,4.373661846704736e-13,3.2260124083918563e-10,1.1617269314227212e-13,1.3773217054124273e-12,1.5527751246786652e-12,2.0000807005668298e-19,8.075820826336446e-18,1.2163697444674265e-14,0.0003339714698390385,1.7569201085836648e-09,2.272793542729401e-12,1.1253391501079913e-11,1.4387282304633583e-26,9.013805072178383e-18,3.033263701197532e-19,8.086190102577998e-23,1.7739736718261158e-20,4.6488461487966733e-26,1.247429253718914e-08,2.7815035217835635e-09,2.909231570982762e-10,3.5097085944224557e-06,2.6772195166730514e-22,1.9000300668092912e-21,5.941336247610226e-10,1.7794056483783366e-06,7.571931092412218e-20,2.4743324929867765e-15,3.3488793239489255e-26,2.739271885852845e-19,0.0,0.0,1.4878219822383178e-14,1.437325080465657e-14,1.594285617112248e-21,1.278390400160771e-14,4.146291531586532e-30,1.7670193047626984e-21,4.156762939434353e-30,1.2272599371819803e-34,6.048114177060728e-30,2.1278859598439802e-14,8.882447202961107e-14,6.338348768895338e-14,7.271969161847412e-23,2.152871634567563e-20,4.357103578988786e-23,7.39596931624525e-17,2.924309154706261e-13,8.319568387812671e-25,1.410231635005127e-28
2162.245507301719,3.621791176217212e-08,0.00017696345208741878,9.374599138342411e-14,3.605432220683963e-14,6.354335241161042e-14,3.196809937708666e-14,1.149140801847098e-16,1.2568069043942336e-13,1.1737221855037184e-35,5.015230811969769e-27,2.8836203908153737e-36,1.9140713107794502e-17,1.3047222888438755e-16,1.6159238874153433e-25,1.353673710177563e-17,1.0185916489991452e-16,4.435576340276711e-43,1.3048026772736933e-29,1.0293846301531966e-25,2.6096776446883124e-29,2.192027035142733e-34,6.36485358209943e-28,1.6802788425260667e-10,2.2958516020245232e-12,1.010480995311241e-11,2.0289308506667696e-11,2.4559040369338475e-25,3.6804486788735667e-22,1.4109763278629964e-13,8.212894556165256e-11,5.67840157428485e-30,1.66792823891516e-34,4.748087148806052e-21,3.3175432121211863e-21,3.924506638973376e-22,3.383115259613677e-21,1.2767655646886621e-17,7.684126126401774e-17,9.168189351890397e-17,3.1203553756333876e-08,2.265316154815685e-12,2.540951642475251e-12,2.1922775278578058e-13,8.521215880877577e-11,4.621498792810434e-12,5.225389031191615e-18,1.956128198996122e-15,2.5702873690706977e-15,0.00019337900540736757,0.500000001404144,7.63671825526827e-06,0.2499928233525926,9.467840009198397e-08,1.5101802481275994e-10,8.950755212668235e-18,1.9900217010539123e-16,9.873138644134462e-15,6.502010712700147e-19,9.501537033243488e-22,1.0123853073447097e-18,1.129235759119354e-22,1.496007141395815e-17,4.4239305430545215e-09,3.512125142624641e-09,9.787188047208818e-17,5.564431010272769e-14,0.0,4.463063018062167e-27,7.744751159967879e-30,2.1490416172739336e-06,8.366810963972743e-09,8.837548231065654e-19,4.5784162409053815e-27,2.541195568436165e-09,1.967334262328862e-12,9.751602519988624e-13,4.891380780158766e-13,1.1286913301382855e-12,8.945461375311136e-15,4.494820530312706e-11,3.838309443066749e-18,1.3135322326899757e-26,6.353233102370163e-19,1.525695334654548e-15,0.0999988114633555,1.1885473151060417e-06,1.479445104073514e-09,2.248465484727085e-14,2.5331710933037526e-24,2.064290529305244e-13,5.144113161156486e-13,1.0550331687239235e-18,6.123495919679808e-12,9.767081123796512e-29,6.88872132158481e-14,7.597744946643353e-14,3.498168259482492e-27,8.535388200650934e-22,8.824201843637592e-18,2.218640462662363e-06,3.7359537337633004e-08,6.179732891411731e-05,2.5155979059532137e-10,7.283135469641501e-13,2.8292220150048112e-14,2.5756551979274736e-13,1.1095434458104235e-25,9.158920246764155e-10,1.881992145353228e-10,4.5891093521114793e-10,4.714253601577148e-10,4.3213266568890476e-32,9.83350200247317e-13,3.7009997297664936e-10,1.4058423126957858e-13,3.743829646412218e-12,1.9760248199132167e-12,1.0394419204106496e-18,1.7485036763347495e-17,2.9751776669472886e-14,0.0003339526218119134,2.101123785391299e-09,7.05448415392976e-12,1.5539363008716855e-11,6.609592626974276e-26,3.846523244028547e-17,5.168802586474805e-19,3.350536642203546e-22,2.8610154975697143e-20,1.2385342193186622e-25,2.5385253280365973e-08,3.3951484059660266e-09,4.219355968932269e-10,3.5095770660610383e-06,7.351169641859337e-22,3.451705369860913e-21,8.417699881714801e-10,1.7791576918970515e-06,4.721217529715254e-19,3.788252240047365e-15,3.0002887497414434e-25,1.0241732810714042e-18,0.0,0.0,2.3129800873773924e-14,1.7361682869802213e-14,2.8506455408972225e-21,1.2657515803391702e-14,8.730554261718861e-30,2.1591149059532616e-21,8.764293550500677e-30,3.862557770173764e-34,7.992964757904889e-30,9.836123959562247e-14,2.0324439095123085e-13,1.7957035788122389e-13,2.0590020158826381e-22,3.377171657165428e-20,7.187608542147381e-23,1.6116987817043404e-16,7.617401920783335e-13,5.043106618654002e-24,1.1284240617851647e-27
3126.7889959237978,5.2328103698475095e-08,0.00017694704903621806,2.0520915743398213e-13,3.8914423590298046e-14,1.4550041797746029e-13,3.463989022625765e-14,3.9956531944463587e-16,1.5545379913159314e-13,5.162508047147769e-35,1.456434113658449e-26,1.0178615672836105e-35,5.543181570178573e-17,3.584227777523341e-16,1.1034390375395484e-24,2.016642697572181e-17,2.8718649638849664e-16,4.453626688473987e-42,3.7883257154352903e-29,1.3607941018498425e-24,3.2378027576075293e-28,4.361135500401543e-33,9.03709795599416e-27,1.7983686862105338e-10,2.456911319736214e-12,1.0146521897564954e-11,2.025889827803999e-11,9.361469919219895e-25,1.128729915577445e-21,2.1463885711513467e-13,8.023823558356435e-11,2.994271783358734e-29,9.270616616069896e-34,3.1261097835873934e-20,1.30379983129056e-20,1.2461782353611253e-21,6.6502320802490375e-21,2.0774436148193234e-17,8.165380901562748e-17,8.991114820224205e-17,3.136924991275649e-08,2.3168563381803264e-12,7.540577347457109e-12,3.7982023507460257e-13,2.8788506352337007e-10,9.091369788005119e-12,1.4739324598091413e-17,3.864387929071126e-15,2.8376052840924175e-15,0.00019777580179343652,0.5000012549453817,1.105088043235855e-05,0.24998979543247837,9.467097776477873e-08,1.6243276025345054e-11,1.5727888998335946e-17,4.4276188050994146e-16,9.49799668504238e-15,1.3307938451288916e-18,2.57610947071652e-21,1.5960355999124789e-18,1.9359241216011137e-22,6.489414957767928e-17,8.600522362164317e-09,4.311682650862096e-09,1.421047272751145e-16,5.5148555060820304e-14,0.0,7.069063392494754e-27,3.467759013508057e-29,2.5976923286575447e-06,1.046279986008659e-08,8.845395521116065e-19,4.6824594636121566e-26,2.5100890317480407e-09,2.100923131883771e-12,3.5657214943269966e-12,9.011417743882579e-13,2.481820621174173e-12,1.3380612720732198e-14,1.0438357248845872e-10,1.850031510487876e-17,8.638333984154672e-26,1.155076356829512e-18,1.6740008828743161e-15,0.09999828159197495,1.7184187353637319e-06,1.4794053642667895e-09,5.1415859876177834e-14,1.0603992459788436e-23,5.913753464447759e-13,6.126780563743055e-13,1.652378683920221e-18,1.2228805902009466e-11,8.441810421882625e-28,8.573899406568664e-14,9.222633927083453e-14,9.05146335557283e-27,1.3488799189631471e-21,1.8222263326455723e-17,2.2016909918049312e-06,5.430900819506856e-08,6.179629216953679e-05,2.5157397256848007e-10,1.3226871772472174e-12,2.825669337866225e-14,2.5869961301905697e-13,1.2477987762220624e-24,1.564821704363978e-09,1.8815748272860194e-10,8.271225251208705e-10,4.670270874035886e-10,2.727407401155687e-31,1.844261216722241e-12,3.7549668123408786e-10,1.4263658679718447e-13,9.76754434740042e-12,2.4703520189063368e-12,4.608477358222446e-18,3.631408567648384e-17,6.18196974275944e-14,0.00033391994814848785,2.5981547943796544e-09,2.0684604516440963e-11,2.053557740855911e-11,2.5498847003168465e-25,1.433796011641555e-16,9.438467024777282e-19,1.3210497233889235e-21,3.4958436265209193e-20,3.1596712662251865e-25,4.940105396522988e-08,4.1651179008469386e-09,6.129962341743173e-10,3.50938492289906e-06,1.866711121352868e-21,5.742379000352357e-21,1.182000120097282e-09,1.7788166780020422e-06,2.2865463689444325e-18,4.7841596640209495e-15,2.2843950122489785e-24,2.887326650623295e-18,0.0,0.0,3.493465643044009e-14,2.2048510701513122e-14,5.131057691107849e-21,1.2376613727697272e-14,1.7452054606058468e-29,2.7490886788418654e-21,1.7553645529538385e-29,1.1119020815115898e-33,1.0404209520565613e-29,3.888966525409597e-13,4.251128977501676e-13,4.3371913539912846e-13,5.467522819049409e-22,5.126384280638397e-20,1.1007885329704738e-22,3.479317696122466e-16,1.7770072117166502e-12,2.980974177013588e-23,8.870800112072988e-27
4521.600064384307,7.550326961979489e-08,0.00017692310247079633,3.881993085824234e-13,3.956326164536215e-14,2.7851670077126865e-13,3.5153162557079636e-14,1.1888572227978822e-15,1.6200695698330462e-13,1.8875235973875628e-34,3.6782800435835764e-26,3.3247908973665215e-35,1.2528492281411668e-16,7.501563399522476e-16,5.645559831961194e-24,2.2458010889702335e-17,6.204802790389809e-16,3.692610395066336e-41,7.801048738876459e-29,1.2908327811853389e-23,2.9649546286248786e-27,6.424321803613183e-32,7.559518421967636e-26,1.8296050653469433e-10,2.690322143781279e-12,1.0124940837431552e-11,2.022460107554557e-11,3.1638709472210376e-24,3.0809425609571688e-21,3.167584907050895e-13,7.766621686915225e-11,1.144509802695586e-28,4.27503151684891e-33,1.620037770974539e-19,4.009648711667617e-20,3.574160692780237e-21,1.2035289953740693e-20,3.199915447747689e-17,8.532608779843208e-17,8.649760623840849e-17,3.143880434690782e-08,2.372554916119146e-12,2.026182720283953e-11,6.121407562395987e-13,9.033839831598516e-10,1.7175777188722586e-11,5.246219520309954e-17,6.726340470195982e-15,2.907695088138384e-15,0.00020381749768426225,0.5000038261159743,1.5978573498554383e-05,0.24998549649490698,9.466082453644701e-08,7.98917055613152e-12,2.5483974000701098e-17,9.427794853913503e-16,8.932942369396207e-15,2.5271922640949497e-18,6.568337930289426e-21,2.3654155782927403e-18,3.0173614543431515e-22,2.1528235055208291e-16,1.6004005650371194e-08,5.233206117944505e-09,2.0165038325311938e-16,5.4482379772121636e-14,0.0,1.0613273048966295e-26,1.4409353364908562e-28,2.9408763047178868e-06,1.2636073267346365e-08,8.840434437934764e-19,3.6350174675605727e-25,2.448588976193049e-09,2.24495142684705e-12,1.0844326002128645e-11,1.4933518147548093e-12,4.495558999353233e-12,2.1868102828980187e-14,2.1686792503673631e-10,7.403076215165567e-17,5.21368405566554e-25,1.891365898798586e-18,1.6711270950789799e-15,0.09999751570898975,2.484301763889637e-06,1.4793619269587804e-09,9.682411711622656e-14,4.179832900767177e-23,1.4890022923336591e-12,7.009453109978236e-13,2.4491245768635196e-18,2.3183003009310563e-11,6.4400314904309864e-27,1.0033142256855742e-13,1.1720631348210694e-13,2.153618612582239e-26,1.9869091009175458e-21,3.548401074395086e-17,2.1769342419514563e-06,7.906575804854586e-08,6.179480562226813e-05,2.516045000998229e-10,2.2992863962233328e-12,2.8221749298249305e-14,2.5108345679318337e-13,1.0361111658171963e-23,2.5051513910740125e-09,1.8817481029198887e-10,1.3517675743619681e-09,4.6024233001273764e-10,1.4622929303991187e-30,3.0435726821393987e-12,3.610913538546315e-10,1.3359005895113466e-13,2.4855478998890382e-11,3.049696974237521e-12,1.762360549349489e-17,7.320169401536719e-17,1.1103927578635167e-13,0.00033386356091702794,3.3154005918321437e-09,5.796699503220862e-11,2.6040935936786378e-11,8.746557638121872e-25,4.695709221922473e-16,2.314052373970856e-18,5.040666077117938e-21,3.528763829359589e-20,8.334925912278758e-25,9.276692116987285e-08,5.117873657261803e-09,8.93156453483514e-10,3.5091026964305088e-06,4.423311025219923e-21,8.797767925227947e-21,1.6387725417853623e-09,1.778358034874741e-06,8.619273053860367e-18,5.1715572659080125e-15,1.4725344538419437e-23,6.237340428959141e-18,0.0,0.0,5.165683303130307e-14,2.8557388714871934e-14,9.419330245572159e-21,1.1999597396842459e-14,3.4106986804166634e-29,3.574015594189146e-21,3.439898014819679e-29,3.05190367925133e-33,1.3619218657148162e-29,1.3441023681328692e-12,8.318404881726027e-13,9.192402931875784e-13,1.3706291735080464e-21,7.598520360005685e-20,1.603518692341834e-22,7.689257243584663e-16,3.751664442506093e-12,1.7377994050348436e-22,6.931287733741656e-26
6538.614268149506,1.0873255175868104e-07,0.00017688784922994985,6.629901399017847e-13,3.95180717184338e-14,4.688473356131439e-13,3.496593947436781e-14,3.0906423466118452e-15,1.5645147108696443e-13,5.983293360088645e-34,8.510343770950396e-26,1.0177442655498287e-34,2.3621699225901125e-16,1.2866207794908213e-15,2.3269161686724404e-23,2.1261188107926805e-17,1.0897688602390526e-15,2.615169780342771e-40,1.2592574030106603e-28,9.327868564354152e-23,2.1014294665567562e-26,7.264655456046442e-31,4.0284172519649166e-25,1.8334621297240574e-10,3.0002256218552963e-12,1.009131814486346e-11,2.017077525067498e-11,9.851494547194558e-24,7.603412144837518e-21,4.55790695198836e-13,7.435455732195377e-11,3.3832079420883517e-28,1.7378056508032426e-32,6.834214146987078e-19,1.0101706499184711e-19,9.449290245332468e-21,2.0234789207354954e-20,4.741773492321441e-17,8.954455603475098e-17,8.206846400172956e-17,3.1528485554817455e-08,2.4489496354799678e-12,5.030125140699611e-11,9.41644041692753e-13,2.6511886111578072e-09,3.138600029275958e-11,2.1887870508718827e-16,1.0728853369364536e-14,2.906532513044325e-15,0.00021219168985783774,0.500008437340202,2.3084595194883242e-05,0.24997934713307166,9.464680185117845e-08,8.1147539058995e-12,3.891911906592534e-17,1.9245528178359616e-15,8.241096072041709e-15,4.48830220425299e-18,1.6113038570931e-20,3.3384421125051566e-18,4.402030848692866e-22,5.560251406286535e-16,2.8627027316630512e-08,6.302956612957085e-09,2.7892714386533363e-16,5.358720387485049e-14,0.0,1.5488273147374828e-26,5.6223391935561165e-28,3.096612694327334e-06,1.4826077995396373e-08,8.826108076179735e-19,2.4420952499730692e-24,2.35854043322446e-09,2.4103084166872746e-12,2.8446678801959922e-11,2.317877003715843e-12,7.1466884692378934e-12,3.680298951627353e-14,4.100315797438897e-10,2.536505237662049e-16,2.919418975080909e-24,2.8941399766898832e-18,1.6055994286231198e-15,0.09999640893506354,3.5910757369359344e-06,1.4793150463084742e-09,1.6095095774300323e-13,1.5668336525223396e-22,3.3739441820329756e-12,7.849043744398778e-13,3.516157384375173e-18,4.207188106115911e-11,4.448547776205919e-26,1.1108224633747681e-13,1.5118165936817638e-13,4.868000950878209e-26,2.7528486681098654e-21,6.55049887213251e-17,2.1406956785244293e-06,1.153043214755726e-07,6.179267891663605e-05,2.51672997458305e-10,3.941489011645092e-12,2.8201501175875094e-14,2.4016211159297684e-13,6.832368856739275e-23,3.844609114818605e-09,1.883526460375666e-10,2.07185985154034e-09,4.5181885739733063e-10,6.896015138083048e-30,4.617846513442552e-12,3.4001395084221857e-10,1.2094936522197015e-13,6.218082430096032e-11,3.761894203193381e-12,5.899097368496938e-17,1.4623069403686408e-16,1.784309392425013e-13,0.0003337669170126359,4.349432364144503e-09,1.563350100950277e-10,3.203218524043685e-11,2.76367996671055e-24,1.3571100694687143e-15,7.35958482994368e-18,1.859369653343231e-20,3.274309882392862e-20,2.3354293080003037e-24,1.690630014523039e-07,6.318205564523631e-09,1.3075245621773978e-09,3.5086847094757224e-06,9.87871685227621e-21,1.2511395800842051e-20,2.2316894430824664e-09,1.7777607177277665e-06,2.6116467704262944e-17,5.155882941249314e-15,8.098752612525461e-23,1.0953079760926227e-17,0.0,0.0,7.507848068969858e-14,3.633048262249407e-14,1.7420202693722284e-20,1.1516061310110188e-14,6.544536857704699e-29,4.5129141611580736e-21,6.625888460745479e-29,8.123396590369114e-33,1.7142935911467722e-29,4.161916772902722e-12,1.5456105403105008e-12,1.7571837234363493e-12,3.265929700364477e-21,1.1049617685503036e-19,2.2518687337247296e-22,1.809520983835953e-15,7.254128014187264e-12,1.0285269364009798e-21,5.541406888414922e-25
9455.38657529853,1.5618822259536827e-07,0.00017683523029854393,1.0650372565713309e-12,3.9378943079262844e-14,7.264701670953503e-13,3.4639327122941775e-14,7.207254767029396e-15,1.4735340569882488e-13,1.7249800078694278e-33,1.876543210663475e-25,2.9279425792638183e-34,4.006120565986372e-16,1.9541992321090128e-15,8.200394599950696e-23,1.9010117454888764e-17,1.6683522661502201e-15,1.6484959715909214e-39,1.7845518165823824e-28,5.509814018580426e-22,1.2230789773071083e-25,6.646924821084427e-30,1.5481621322401982e-24,1.8317839931234712e-10,3.377293125906897e-12,1.0033424972812796e-11,2.0064884056981792e-11,2.88684497111991e-23,1.6974125540319788e-20,6.392001396966917e-13,7.003473541121449e-11,8.427232946561227e-28,6.427106492110156e-32,2.436083042686524e-18,2.170644189949393e-19,2.3153478532101674e-20,3.1597259157616344e-20,6.797470694211551e-17,9.256384394670984e-17,7.617208111423134e-17,3.165768935142893e-08,2.5534667725038805e-12,1.1796204985305385e-10,1.4038485232481158e-12,7.343423852870069e-09,5.5914373324167586e-11,9.405534326577914e-16,1.609253975799374e-14,2.8843936478224146e-15,0.00022398164893362672,0.500015958068849,3.331878688946212e-05,0.24997044923314765,9.462709164534562e-08,8.274796608649174e-12,5.679444753145543e-17,3.747309104528217e-15,7.405168766326192e-15,7.471601427516273e-18,3.86248971707247e-20,4.493588135227335e-18,6.0732396063209535e-22,1.1520515274098067e-15,4.942032719948618e-08,7.630810584326573e-09,3.7360412936612363e-16,5.2376838190212755e-14,0.0,2.1978388207285452e-26,2.071625765048264e-27,3.0472977908815998e-06,1.7129670848904817e-08,8.731725041995575e-19,1.546452027086149e-23,2.22888062208788e-09,2.601763102011421e-12,6.67783394911188e-11,3.4538190911269364e-12,1.0451176770757602e-11,6.015950610067633e-14,7.167616054726517e-10,7.644298470936431e-16,1.5237435422713564e-23,4.216102195710954e-18,1.5101569225327265e-15,0.09999481007725672,5.189933597845644e-06,1.4792608825499812e-09,2.4902856457439907e-13,5.583792290551502e-22,6.9808972022564985e-12,8.716964969433934e-13,4.929963903217315e-18,7.360394676621028e-11,2.9280396955985596e-25,1.1834183034898776e-13,1.9271221277540602e-13,1.0627675385717096e-25,3.585915247639769e-21,1.170901658556395e-16,2.087527038863904e-06,1.6847296113609887e-07,6.178964739785012e-05,2.5182212986207057e-10,6.802274029513943e-12,2.8228694149192102e-14,2.267879083663007e-13,3.8489769333338254e-22,5.735182824585429e-09,1.8890271570332361e-10,3.033336967573341e-09,4.4171699886515507e-10,2.913591999582988e-29,6.5844492684350935e-12,3.1440231576270327e-10,1.061366658330393e-13,1.5326028271035895e-10,4.7527495736628275e-12,1.744686886936068e-16,2.9823352211938405e-16,2.6505239717967685e-13,0.0003336015805980097,5.83801058548203e-09,4.076923675013404e-10,3.901826578017422e-11,8.209350613937978e-24,3.5036855270018375e-15,2.6578930502834295e-17,6.562836396736015e-20,2.9292476996843996e-20,6.693413293989455e-24,3.012041815280036e-07,7.916616650858938e-09,1.9283412366309175e-09,3.508057960088794e-06,2.0930698556731555e-20,1.657724215973303e-20,2.9642569542124286e-09,1.7770179139397745e-06,6.685526190943566e-17,5.011346897471638e-15,3.8537692966269956e-22,1.6765874372376945e-17,0.0,0.0,1.0729080654924636e-13,4.417969479621868e-14,3.144989223054091e-20,1.0900330841057321e-14,1.2007521764027553e-28,5.318147380514138e-21,1.2225515365564014e-28,2.0623462533052188e-32,1.9665574225553868e-29,1.1801858714638175e-11,2.761366402636708e-12,3.0984148920821895e-12,7.467061754594182e-21,1.577301121270806e-19,3.0607981705216053e-22,4.671463274572804e-15,1.3044228911317446e-11,6.3943031415629754e-21,4.682154177969899e-24
13673.284830982668,2.2361424116249706e-07,0.00017675495262688056,1.6476344653336949e-12,3.925749339858226e-14,1.0613494440331058e-12,3.42522606069992e-14,1.5360753582955676e-14,1.3612303488371513e-13,4.7604291732077794e-33,4.0311509607503826e-25,7.852338798800987e-34,6.390474169672507e-16,2.7448890118445695e-15,2.551920312121222e-22,1.6372834821799698e-17,2.3180124304765437e-15,9.67519468053934e-39,2.3529492770532157e-28,2.799937465502605e-21,6.116685507769074e-25,5.160654401733583e-29,4.722649106359475e-24,1.8247594208079062e-10,3.8163616796630775e-12,9.928284640543563e-12,1.9866142558146484e-11,7.966289507746072e-23,3.405461857295285e-20,8.684899700029316e-13,6.445830782238014e-11,1.8957998319799486e-27,2.175890294760158e-31,7.516406791655989e-18,4.0516067868806007e-19,5.237844375981613e-20,4.5653945934467103e-20,9.389871311894423e-17,9.222000625921827e-17,6.834274148580327e-17,3.184213638696539e-08,2.6923539683509613e-12,2.658794190106466e-10,2.0421156388434597e-12,1.9416683183835818e-08,9.81124251697516e-11,3.911993548396893e-15,2.289773313331962e-14,2.8478267772020505e-15,0.00024081138731875298,0.5000275771282997,4.802999139140568e-05,0.2499574199811354,9.459894340269041e-08,8.299680936000495e-12,7.940644191983618e-17,6.8643512643727816e-15,6.423139364724969e-15,1.1663084313075393e-17,9.10021601265163e-20,5.724744726574352e-18,7.889373219272772e-22,1.975527014710344e-15,8.272882906414811e-08,9.432309672670299e-09,4.791999016342096e-16,5.0740325783288914e-14,0.0,3.014074625495137e-26,7.219123363100203e-27,2.8518877306749323e-06,1.977581480518698e-08,8.485197441823926e-19,9.355047967169542e-23,2.044050925980693e-09,2.8206521495121962e-12,1.4338358903014944e-10,5.009755121922148e-12,1.4390268931746807e-11,9.315008068831166e-14,1.1747338212985859e-09,2.076765047473489e-15,7.410418355216607e-23,5.8690272183272804e-18,1.3873932024797867e-15,0.09999250156645619,7.49844446847456e-06,1.4791908115541165e-09,3.691506701644226e-13,1.8840386809202285e-21,1.3207534453208017e-11,9.735376736408881e-13,6.782324664406198e-18,1.2508795776377423e-10,1.93361817132121e-24,1.2420006821992973e-13,2.413784247017103e-13,2.247162067892451e-25,4.3475146484576265e-21,2.0818852469891855e-16,2.009358175910458e-06,2.466418240895439e-07,6.178535026633568e-05,2.521403427871888e-10,1.1977526583676134e-11,2.8378898677973468e-14,2.1103952995674157e-13,1.9516761864799976e-21,8.368644744012598e-09,1.9025951220227818e-10,4.266405151899773e-09,4.3024421885238827e-10,1.1002129430355353e-28,8.860232221255856e-12,2.843765506416405e-10,8.955302962280267e-14,3.7228300275130566e-10,6.3639215327224935e-12,4.548905132497888e-16,6.403430630291633e-16,3.7050816268002604e-13,0.00033331656192533136,7.976208978672998e-09,1.0330421751159524e-09,4.828534383465842e-11,2.3338479396002908e-23,8.271559516601413e-15,1.0031500679333496e-16,2.188421502844244e-19,2.556301879191895e-20,1.857256470408159e-23,5.299057867234435e-07,1.0185540886101296e-08,2.8758350237574526e-09,3.507101143664668e-06,4.209281743185002e-20,2.0358504630013356e-20,3.8059204495116795e-09,1.7761527234348976e-06,1.5057214920333288e-16,4.801875335518927e-15,1.6006337822091948e-21,2.3293150262076607e-17,0.0,0.0,1.5022152355575198e-13,5.084154722308755e-14,5.3699013537758395e-20,1.0128952081806548e-14,2.0415515764075255e-28,5.762965197848133e-21,2.0962065515404906e-28,4.867058928878952e-32,2.0159547091319751e-29,3.119987772589357e-11,4.806715819359148e-12,5.13335398319637e-12,1.6599886734338485e-20,2.202202421205288e-19,4.023907813989113e-22,1.3256025570118723e-14,2.2192747903916444e-11,4.25716805810243e-20,4.247298969420877e-23
19772.720721709713,3.188246556309838e-07,0.00017662834172897527,2.4743535719792962e-12,3.928759038323318e-14,1.4706890846395478e-12,3.387933936677109e-14,3.00741956884158e-14,1.2301004521630716e-13,1.3232538064261145e-32,8.448515514309924e-25,1.921859093941529e-33,9.709619165363149e-16,3.6332259862831564e-15,7.043799520351726e-22,1.3501875161053066e-17,2.954193832010334e-15,5.546445762371324e-38,2.920793632938007e-28,1.2503770355394828e-20,2.6825236437283755e-24,3.498839923280717e-28,1.2040133056151217e-23,1.809335953483141e-10,4.3207701708856615e-12,9.75241576840507e-12,1.952970403135911e-11,2.0385851467562276e-22,6.079848862348377e-20,1.1289596548984366e-12,5.7552896836436326e-11,4.001147830471895e-27,6.675914387286341e-31,2.0131438613551068e-17,6.538108443335221e-19,1.0791509904764172e-19,6.046249153829102e-20,1.233271633614543e-16,8.691003290209569e-17,5.852410900926579e-17,3.210007794920251e-08,2.86859805104336e-12,5.820382637020527e-10,2.9000357330046888e-12,4.956014969200047e-08,1.7101586523836585e-10,1.5496087144015183e-14,3.072812880001149e-14,2.799368523357106e-15,0.0002649547585398345,0.5000453231059588,6.911476817247848e-05,0.2499381468364081,9.455848584365224e-08,8.10268909227432e-12,1.0554813364789369e-16,1.1529952249442201e-14,5.338751795447453e-15,1.6986747784852274e-17,2.0945483271976863e-19,6.7954737587905774e-18,9.50005719928413e-22,2.8421588612264415e-15,1.3435250455288163e-07,1.2005172149359989e-08,5.791378770127024e-16,4.85605376380901e-14,0.0,3.978362844193271e-26,2.3664305763749282e-26,2.5814122605645275e-06,2.2941724903641035e-08,8.043462586162896e-19,5.270880241033633e-22,1.7859029670870223e-09,3.047796567096252e-12,2.824209758890849e-10,7.13290560124686e-12,1.88455960222246e-11,1.348430066316863e-13,1.819427180153723e-09,5.164269575248048e-15,3.3283272503517497e-22,7.749758281798989e-18,1.2396101863765528e-15,0.09998917131322772,1.0828697793272922e-05,1.4790945933200578e-09,5.323564823522313e-13,5.9648935111248574e-21,2.2572458876512504e-11,1.1018505042110209e-12,9.212512819858521e-18,2.073606512873159e-10,1.3051004631019625e-23,1.3070004164019387e-13,2.988976135328587e-13,4.578387947909868e-25,4.819850289870524e-21,3.7464059191747217e-16,1.894421743396743e-06,3.61578256603259e-07,6.177931536135772e-05,2.528087911799291e-10,2.169060593187306e-11,2.882221323576062e-14,1.937220491712643e-13,9.191103312780883e-21,1.1952300869172494e-08,1.9327249998760327e-10,5.744260482088366e-09,4.1851085646389975e-10,3.6227186482526673e-28,1.1150412239523196e-11,2.5099773403704224e-10,7.217552015989991e-14,8.900517226194802e-10,9.342372305616905e-12,1.0279701994675108e-15,1.4686744978536773e-15,4.89510047009985e-13,0.00033281941304278377,1.1036891607971922e-08,2.5533958943466943e-09,6.238458271799988e-11,6.439007145345703e-23,1.8232172311802276e-14,3.811252343315971e-16,6.774855602679556e-19,2.261606477828181e-20,4.785269144837861e-23,9.286675842833494e-07,1.3539883215286933e-08,4.35882625218499e-09,3.505603926492038e-06,7.978257376204828e-20,2.287963890185016e-20,4.674936112466764e-09,1.7752306541928387e-06,3.035077916089673e-16,4.51221881500929e-15,5.771378388261462e-21,2.9691044799160424e-17,0.0,0.0,2.0427106094802962e-13,5.5165811473791245e-14,8.456536481033697e-20,9.19647863622637e-15,3.143129020940709e-28,5.716966501782258e-21,3.266999596633382e-28,1.0436395710802765e-31,1.8431790351595246e-29,7.780619128516845e-11,8.240142183641457e-12,8.089882025388092e-12,3.63534865738942e-20,2.9799139368675306e-19,5.110250628551457e-22,4.0371509769136595e-14,3.620200013965591e-11,3.0048350347715257e-19,4.072824207738831e-22
28593.018398390996,4.5250077871393773e-07,0.00017641937657287762,3.5894656751376177e-12,3.972727979510958e-14,1.919986970213944e-12,3.366033398121845e-14,5.358861403717922e-14,1.086581882313489e-13,3.7995045336804445e-32,1.6763480185429275e-24,4.129578562103159e-33,1.3882011181218125e-15,4.55457642135335e-15,1.6827778165408708e-21,1.0612620260923984e-17,3.4313572731952408e-15,3.227233687567938e-37,3.3553682767228963e-28,4.8551128837337947e-20,1.0254233272020802e-23,2.0840414067426907e-27,2.662333553128993e-23,1.7817535844941143e-10,4.881594303156975e-12,9.478274726759933e-12,1.899957093196052e-11,4.695219126986859e-22,9.514336198045554e-20,1.3734393477155544e-12,4.9494795360395934e-11,8.02905887795977e-27,1.8092774260036857e-30,4.5747447122901655e-17,8.880824984335736e-19,1.9641647279184676e-19,7.189994778180478e-20,1.5003281851163294e-16,7.537822575025132e-17,4.7153960642202796e-17,3.2445966371383184e-08,3.07685059455531e-12,1.2408160350742923e-09,3.997249959093371e-12,1.228845671310725e-07,2.9627169073973194e-10,5.794159670004689e-14,3.8108253737713966e-14,2.744986294900958e-15,0.00029949534230157493,0.500072894678425,9.919476889065226e-05,0.24990934765992065,9.450042875192987e-08,7.536726023800477e-12,1.3083614051053855e-16,1.7024759316343423e-14,4.235996460936719e-15,2.2694726651932737e-17,4.604486506891579e-19,7.330883062424914e-18,1.0310199903723039e-21,3.374900442952099e-15,2.0940882885555733e-07,1.5733525665969376e-08,6.466559172878829e-16,4.5741993911426385e-14,0.0,5.0395690255138506e-26,7.148097092518432e-26,2.271430022958318e-06,2.665122154788411e-08,7.388760117569547e-19,2.6612800742661743e-21,1.4401974259124882e-09,3.2226260858680487e-12,5.012051874335257e-10,9.982448673431064e-12,2.349444232170594e-11,1.7857375328822187e-13,2.6538976510488003e-09,1.1706241741263461e-14,1.3463384007895565e-21,9.527030877943719e-18,1.0744461499749336e-15,0.09998437439131093,1.5625619840721532e-05,1.4789638967180516e-09,7.506237300508766e-13,1.7382879341274206e-20,3.3970749948300074e-11,1.262372665748865e-12,1.2464515316084298e-17,3.334324300639457e-10,8.788747727548743e-23,1.387008129030707e-13,3.6655019828819133e-13,8.882032930042121e-25,4.78205504239489e-21,6.859978381940273e-16,1.7264372201338748e-06,5.29562779866127e-07,6.177098516003675e-05,2.541917273435022e-10,4.052830307029264e-11,2.992944539145229e-14,1.76801533449846e-13,4.073872611628436e-20,1.6620762896902714e-08,1.9946620506612977e-10,7.310761884506156e-09,4.0850515150413936e-10,9.881474498668927e-28,1.283017687311742e-11,2.1639199282137686e-10,5.545301097518642e-14,2.0789612519171338e-09,1.5339182679593e-11,1.9485115482633826e-15,3.5445851648636095e-15,6.084245141617011e-13,0.0003319499575042999,1.539373078389201e-08,6.143549970580679e-09,8.717757132200963e-11,1.707895147997638e-22,3.7609831295497257e-14,1.4265496371718555e-15,1.885376783701242e-18,2.275105876328659e-20,1.102007260555869e-22,1.623213792295761e-06,1.8615714236515628e-08,6.751119798316431e-09,3.5031907482440904e-06,1.4025131759993033e-19,2.319101002785935e-20,5.445749793713958e-09,1.7743447408169664e-06,5.437490986023477e-16,4.121479050363848e-15,1.7640854737403457e-20,3.450954158490759e-17,0.0,0.0,2.652256748232925e-13,5.602904228052938e-14,1.1948233338397999e-19,8.127065304091193e-15,4.276093877599518e-28,5.148045298398943e-21,4.51940915566544e-28,1.9766320824165985e-31,1.496440323679071e-29,1.8307797555349338e-10,1.3946346656797262e-11,1.2150984982706125e-11,7.888461199507223e-20,3.8398432262658784e-19,6.2696674237039935e-22,1.276109807413546e-13,5.679808876441468e-11,2.1646180866543106e-18,3.948813442461202e-21
41347.91122766806,6.401613578243332e-07,0.0001760566875514318,4.922913656117548e-12,4.0849192890760275e-14,2.3167111316585074e-12,3.3664006014430074e-14,8.475020025347115e-14,9.362648042859337e-14,1.0682257130446586e-31,2.9206461455642577e-24,7.309642871342667e-33,1.7947517165197594e-15,5.316499541060326e-15,3.2675819858977147e-21,7.905363850051752e-18,3.562922946333814e-15,1.887135996839986e-36,3.3483458285723323e-28,1.5589131572543267e-19,3.294981003287639e-23,1.0708292452119597e-26,5.340095867501209e-23,1.737641472682931e-10,5.478185796253604e-12,9.077231198743214e-12,1.821722011078796e-11,9.295735493167082e-22,1.2736546816159655e-19,1.5092081318586086e-12,4.0745194638217075e-11,1.5116204718472703e-26,4.12564542178238e-30,8.329858900141436e-17,9.631550385156237e-19,2.983510337150148e-19,7.434373125644438e-20,1.6154077237082298e-16,5.779638219447261e-17,3.523223958538278e-17,3.287221070904702e-08,3.2997873903666204e-12,2.5523902594335563e-09,5.265877937576699e-12,2.950156844104839e-07,5.040608978985887e-10,1.9977059324788423e-13,4.2112263974642305e-14,2.700008923864748e-15,0.0003485420108056899,0.500117076947594,0.0001417833091246296,0.2498657524051712,9.441760378915204e-08,6.481894968699486e-12,1.4617404898228912e-16,2.0760818882314788e-14,3.2062674515558637e-15,2.7016301400149695e-17,9.211434643097059e-19,6.926389281874409e-18,9.633144791557877e-22,3.1923714146813317e-15,3.0565539733201074e-07,2.1133567945478968e-08,6.570710297603332e-16,4.224574553595654e-14,0.0,6.104397014747105e-26,1.8994692388433773e-25,1.9417689318399084e-06,3.0796535584419284e-08,6.543861574398039e-19,1.1417077240959725e-20,1.014765739766543e-09,3.2418688272498536e-12,7.655386786947794e-10,1.3476386825818129e-11,2.7358678528043736e-11,2.077303951198732e-13,3.590927825653282e-09,2.354606563713531e-14,4.676109272350235e-21,1.055272079566084e-17,9.05601035344696e-16,0.09997748452285603,2.2515488464166932e-05,1.4787953230202642e-09,1.017682565151062e-12,4.481360465393849e-20,4.3373778412985034e-11,1.4530070898934495e-12,1.6885412323837288e-17,5.110579260278049e-10,5.582486499138238e-22,1.481751273815243e-13,4.430938043559639e-13,1.6045435495507278e-24,4.178687072260259e-21,1.2739610265454449e-15,1.4858943500692262e-06,7.701056499307789e-07,6.175991712983088e-05,2.5698541732065294e-10,7.791237960821479e-11,3.248385600006621e-14,1.6344759300326677e-13,1.6778262453219804e-19,2.2190670340231288e-08,2.1114050942807216e-10,8.587107627762981e-09,4.019323213354936e-10,2.0483270033939743e-27,1.2964659206738962e-11,1.8268522665663475e-10,4.0680018242457926e-14,4.6448266660456096e-09,2.7696656293588437e-11,2.9550215670863495e-15,8.590061066128442e-15,7.018851712164832e-13,0.00033046142494965244,2.1539410460521785e-08,1.4165108782731238e-08,1.3638813222812655e-10,4.114743886645619e-22,7.13638999406169e-14,5.103349967977834e-15,4.440608425398226e-18,2.916494661544005e-20,2.176026697367042e-22,2.7995201776645133e-06,2.6462789552802582e-08,1.0706761365823846e-08,3.4992065650851457e-06,2.228124346734489e-19,2.1113233985094498e-20,6.019642295122022e-09,1.7735409954661449e-06,8.390606625265689e-16,3.609506099776346e-15,4.3757277768491954e-20,3.5889542700244586e-17,0.0,0.0,3.192140635340187e-13,5.3207634238164104e-14,1.4578624128752236e-19,6.975620045133833e-15,4.9569607103626835e-28,4.1999722658784215e-21,5.344957417561198e-28,3.1655896556127633e-31,1.0818960610982083e-29,3.987005013892243e-10,2.3066212437428338e-11,1.721164231094647e-11,1.67922936729919e-19,4.569960804069928e-19,7.423803968660423e-22,4.0326527496473043e-13,8.487858842000845e-11,1.4946633044159365e-17,3.610539352286746e-20
59792.559815487155,9.082687554291308e-07,0.00017540456189130518,6.0810903741363016e-12,4.237125119092958e-14,2.4925542436166617e-12,3.3431910157155815e-14,1.1370618553879104e-13,7.752354991112405e-14,2.465345852864676e-31,3.924914043072986e-24,9.684261217730182e-33,1.946373173737291e-15,5.437218167288059e-15,4.582691149888251e-21,5.4795839511754286e-18,3.1950012123925065e-15,9.996989023928617e-36,2.535390409937462e-28,3.7173317216893497e-19,8.235703048576293e-23,4.5302828952720617e-26,9.894694268580569e-23,1.6741850777090914e-10,6.1092656075058076e-12,8.534578863445173e-12,1.7151788579958637e-11,1.490024496290546e-21,1.4158159602473053e-19,1.4258620386081552e-12,3.201477878208546e-11,2.5439828432975813e-26,7.315052675883873e-30,1.0906861962386391e-16,7.654216439566158e-19,3.4753378646288184e-19,6.467119586461861e-20,1.43532533123108e-16,3.7370889880915786e-17,2.4201636717418214e-17,3.331768076992765e-08,3.5213447734898056e-12,4.913478214058963e-09,6.423573819726678e-12,6.751744507087988e-07,8.184165484619776e-10,6.059535762726887e-13,3.9766583019094934e-14,2.7063700627014114e-15,0.0004172944731133031,0.5001907217143956,0.00020132033717887822,0.24979861055279218,9.430061194125813e-08,5.030123138006157e-12,1.4011074031880323e-16,1.9403068896598742e-14,2.3106531562595478e-15,2.7787908291054307e-17,1.5348963770811393e-18,5.46200252090621e-18,7.2407550233252405e-22,2.3168225354890437e-15,4.049311348475498e-07,2.8782353241509564e-08,6.114344527692952e-16,3.813469895112268e-14,0.0,6.98016107352724e-26,4.0966068850110774e-25,1.6142767279862357e-06,3.504947879936548e-08,5.5695064548555785e-19,3.8218208644784543e-20,5.707423071942378e-10,3.0254549664312702e-12,9.250516406679197e-10,1.6480458589288946e-11,2.799257440166562e-11,1.9892855008023643e-13,4.4070319273900425e-09,4.006341633055338e-14,1.3036364530519438e-20,1.0061510453496055e-17,7.532046283514309e-16,0.09996764371764816,3.235629386933568e-05,1.4785980511564815e-09,1.247172101912545e-12,9.478411963517758e-20,4.500078849766225e-11,1.6532987793540854e-12,2.25150928808272e-17,7.274889372619264e-10,3.0365844798150224e-21,1.5854810591265761e-13,5.205153552652234e-13,2.5940215886571665e-24,3.241824746705714e-21,2.349154838826143e-15,1.1584303645893365e-06,1.0975696354106684e-06,6.174656619202424e-05,2.623157242974172e-10,1.5204773836768101e-10,3.807133901872333e-14,1.5774550930344445e-13,6.030201950176532e-19,2.764073332695212e-08,2.303792572811488e-10,8.960148943449169e-09,3.9680146899782364e-10,2.8399316067090143e-27,1.0828126881909186e-11,1.5044512886316172e-10,2.843741190588801e-14,9.4883151773383e-09,5.121657521654385e-11,3.3972272371648366e-15,1.9247891597283158e-14,7.319392555857692e-13,0.0003280716152767058,3.008042349709178e-08,3.0120148604268357e-08,2.3494026806461283e-10,8.024029305703711e-22,1.1988980399897692e-13,1.6413122433805163e-14,8.062853815526795e-18,4.14620928655591e-20,3.541526726441911e-22,4.638419041074794e-06,3.875340753868941e-08,1.718717683510344e-08,3.49269218287847e-06,3.092896945677238e-19,1.7645946340054296e-20,6.45551242617302e-09,1.7727198626702386e-06,1.0512362046845925e-15,2.97479856684364e-15,8.268283919072582e-20,3.2287563082078206e-17,0.0,0.0,3.403452540343848e-13,4.821161978063436e-14,1.471795738138013e-19,5.819076850203366e-15,4.655263442085709e-28,3.1736413863667583e-21,5.103261942946789e-28,4.020181882171125e-31,7.11109415866486e-30,7.65597079886695e-10,3.622424675457065e-11,2.2405141621218414e-11,3.370901118130125e-19,4.79521182319689e-19,8.392824243606563e-22,1.2060458481310942e-12,1.179195290801648e-10,8.944157622229838e-17,2.795364199590447e-19
86465.07412679883,1.3108726306121618e-06,0.0001742434620780796,6.181324617345086e-12,4.220167306751202e-14,2.2495902809988532e-12,3.127874961382966e-14,1.2033176153517347e-13,5.881994777442512e-14,3.4649920528864873e-31,3.370479010365662e-24,8.533240919012407e-33,1.5887385681914497e-15,4.371580556940622e-15,3.906458368949166e-21,3.3725433600998664e-18,2.337398929033309e-15,3.952109718873988e-35,1.1692400584661572e-28,5.476871775817459e-19,1.394886476834682e-22,1.4592053227217184e-25,1.4989910716717387e-22,1.5931461654252824e-10,6.840602546403085e-12,7.868446478226063e-12,1.583757739329446e-11,1.8184175400909414e-21,1.290321650850824e-19,1.1119692652258706e-12,2.4087270280052545e-11,3.5549826753535677e-26,9.101664981833632e-30,8.614846964143386e-17,4.001166440872798e-19,2.883015605950032e-19,4.6825437895567135e-20,9.769040789869519e-17,1.9775464120086034e-17,1.539184422731317e-17,3.365949320535548e-08,3.775883820742225e-12,8.318931430925818e-09,6.8672117650704585e-12,1.4294554195068647e-06,1.206638211047852e-09,1.5007429317702742e-12,3.24147880369321e-14,2.8294109577546394e-15,0.0005116787698359022,0.5003186786724702,0.00028283040870714536,0.24969303213766914,9.413785650972152e-08,3.6197919983724363e-12,1.1046659509334902e-16,1.3337836095069075e-14,1.5714296646685712e-15,2.442200014228761e-17,1.8659949016474586e-18,3.468168814183393e-18,4.0779104006754605e-22,1.2610274021895083e-15,4.778311768242612e-07,3.8828437036638125e-08,5.393060197045518e-16,3.361198395391542e-14,0.0,7.180663858108242e-26,6.394681655417565e-25,1.3108950091861105e-06,3.856005924406827e-08,4.503923155717858e-19,8.660203915844411e-20,2.3043151477785245e-10,2.679604047335208e-12,7.878241614000009e-10,1.6324010439600907e-11,2.2610726451123648e-11,1.4198937159966952e-13,4.781317002694672e-09,5.3877949409385656e-14,2.741395530691498e-20,7.98116298825425e-18,6.345473957086342e-16,0.09995373920595618,4.6260805752722215e-05,1.4784066409618404e-09,1.2356991143202951e-12,1.4576241908412363e-19,3.65773986554468e-11,1.8055280512321305e-12,2.7634995690550858e-17,9.338831792212715e-10,1.1952678106112739e-20,1.6877084161325773e-13,5.721068231278633e-13,3.492076836973483e-24,2.3235860529949115e-21,4.0463632547418105e-15,7.585729817252878e-07,1.4974270182747182e-06,6.173428332489095e-05,2.7108922661265406e-10,2.9118210410551397e-10,4.9605992539145463e-14,1.6380599894882732e-13,1.652449004081294e-18,3.054304123310288e-08,2.5500373826280916e-10,7.91445178840749e-09,3.8279131999281466e-10,2.2611168148762426e-27,7.038551638404137e-12,1.1821175964939307e-10,1.8596246218645578e-14,1.6363215101080337e-08,8.609925432807919e-11,2.840286334508036e-15,3.485572454716809e-14,6.597121206630753e-13,0.00032473774687781547,4.1680116399551275e-08,5.4998146323131615e-08,4.006028028469419e-10,1.0611363338265965e-21,1.668361282471953e-13,4.247892194058343e-14,1.0380822854192647e-17,4.970740708969211e-20,4.607118968875249e-22,7.0427884414467375e-06,5.748450226948026e-08,2.6777241207368465e-08,3.4830720574715084e-06,3.6310378228634623e-19,1.4062318178726998e-20,6.969465582612216e-09,1.771765086552131e-06,9.809615955873395e-16,2.2756558702418714e-15,1.0947436324911548e-19,2.3764918810607936e-17,0.0,0.0,3.066058005263782e-13,4.316395305835499e-14,1.2121078299245853e-19,4.73873872537924e-15,3.3577182301289983e-28,2.3129091598136822e-21,3.66146422596772e-28,3.740788418470986e-31,4.3370485830262304e-30,1.188445930700408e-09,5.108630323842419e-11,2.555784119660296e-11,5.8939235729368e-19,4.226670630760265e-19,8.740234128844833e-22,3.0896325859826376e-12,1.4610171990914432e-10,3.915602543506734e-16,1.5371042818821212e-18
125035.77479913068,1.9583245303773208e-06,0.00017235751474617964,4.5616068351471685e-12,3.691959616863189e-14,1.5625301628162196e-12,2.5265030182758667e-14,9.037325652617165e-14,3.792133782717672e-14,2.099920243865392e-31,1.5053089005992306e-24,4.675398467999333e-33,8.833786004658012e-16,2.553238335052974e-15,1.7835573419976913e-21,1.7257339899137026e-18,1.2890017624697365e-15,9.623529533796405e-35,2.719192395078374e-29,3.8962461263363363e-19,1.2948889063090975e-22,3.2553903091512276e-25,1.390276133814159e-22,1.5035919549477154e-10,7.842861617618267e-12,7.139745332766108e-12,1.439296715881552e-11,1.6156651464588287e-21,9.858321275305714e-20,7.461594113937359e-13,1.7552557780725877e-11,3.9694838576189144e-26,7.280465359634557e-30,3.389492309915633e-17,1.3241430819184793e-19,1.7668972973499606e-19,2.878081261413549e-20,5.240105899982893e-17,8.994909528884176e-18,9.311239016132103e-18,3.381224825856974e-08,4.172015763005274e-12,1.1368334629005064e-08,6.007173961186296e-12,2.665212997105216e-06,1.5118026137049127e-09,2.732070496578759e-12,2.512885839333594e-14,2.9530945858297002e-15,0.0006374723183129122,0.5005473125247626,0.0003910515316218636,0.2495238784879548,9.39158907049601e-08,2.708327054862691e-12,7.453079896303623e-17,7.358182628815437e-15,9.945910215565895e-16,1.8601368276478417e-17,1.4978894076658674e-18,1.8641934848218233e-18,1.7686843113287535e-22,5.217035433326436e-16,5.022212489828242e-07,4.983834619055978e-08,4.661826692116164e-16,2.901111320993181e-14,0.0,5.949235777485512e-26,6.3639963998700145e-25,1.0478034405136392e-06,3.970711243568517e-08,3.3460031172111313e-19,1.0754903643282352e-19,7.836730855713913e-11,2.504090055045624e-12,4.4663898544028223e-10,1.2020999666334608e-11,1.3343624422854197e-11,6.458278564092668e-14,4.433592750207112e-09,5.2370926233099006e-14,4.303340099523007e-20,5.529752612216499e-18,5.251815595529619e-16,0.09993445353710109,6.554647472838074e-05,1.4782860702690109e-09,9.087729210238374e-13,1.4454431981072618e-19,2.3101913145831957e-11,1.8177225998442378e-12,2.753133131927977e-17,1.0414387018938506e-09,2.6361494630861716e-20,1.7765012317520706e-13,5.461313015339516e-13,3.4508450003730684e-24,1.6056301082124776e-21,5.7891939274616166e-15,3.64657603079455e-07,1.8913423969205536e-06,6.173086906926187e-05,2.813303633889804e-10,5.133598263869889e-10,7.113053907201952e-14,1.830016231210619e-13,2.8918094983796622e-18,2.8039662294229553e-08,2.728591084686785e-10,5.738012081990153e-09,3.440775635013799e-10,9.548561257696983e-28,3.6239912599702762e-12,8.516775654285759e-11,1.0945203764359358e-14,2.135175717603109e-08,1.1441791080971986e-10,1.7288791670403747e-15,4.214274837419843e-14,4.857457167903718e-13,0.0003212237010487393,5.696290290064637e-08,7.762048553803057e-08,5.757977210997178e-10,7.564685600479902e-22,1.747998774050391e-13,7.608834146669797e-14,9.741990504614071e-18,4.585133504245487e-20,4.464948022317296e-22,9.192895431988464e-06,8.30123112532121e-08,3.7181499561961326e-08,3.472658541953151e-06,3.547763212129119e-19,1.0832927777721968e-20,7.489372927549826e-09,1.7710969626645423e-06,6.214499738588418e-16,1.6445367953844025e-15,8.931290871085358e-20,1.3243159570621641e-17,0.0,0.0,2.3628058826501687e-13,3.812743817534421e-14,8.654089433878986e-20,3.798106613376453e-15,1.8473525829825883e-28,1.6372643208273482e-21,1.9227858376122237e-28,2.4675958086396796e-31,2.437042617945596e-30,1.3297998161514106e-09,5.972135314687064e-11,2.3862751948019567e-11,8.036612082527869e-19,3.1683489694303698e-19,7.804376722247311e-22,5.75949539641383e-12,1.5288242020223162e-10,9.727099420489459e-16,4.6339143275949656e-18
180812.25439872022,3.0197194259331615e-06,0.00016988740286191927,2.3926681594833582e-12,2.7958146066331973e-14,8.202952083056343e-13,1.739889485412208e-14,4.467567972216615e-14,2.0736665255645926e-14,5.31644454220971e-32,3.849835617823747e-25,1.853696182451983e-33,3.4348223633877126e-16,1.1476081805376815e-15,4.836486104090659e-22,7.436393711985018e-19,5.312588407667153e-16,1.4408107107079176e-34,4.2459418943834595e-30,1.0692142167247981e-19,5.2469864711345135e-23,4.846802561577237e-25,5.925319119601262e-23,1.4186345501145648e-10,9.293054189439387e-12,6.42465121339998e-12,1.2965745859583861e-11,1.0147735342220825e-21,6.48193385602931e-20,4.950668415940974e-13,1.2584311371459591e-11,3.7268114869682986e-26,3.673059938833869e-30,7.296413914758489e-18,3.2172785505352825e-20,9.090595281749903e-20,1.5349117892421236e-20,2.7300888877981704e-17,3.987063865232667e-18,5.515897519700231e-18,3.38451140138024e-08,4.770099006788577e-12,1.155722194420585e-08,4.214377259147481e-12,4.075094802765985e-06,1.538306579769997e-09,3.275159973717066e-12,1.7421935416545873e-14,2.610931087595188e-15,0.0007999338924493373,0.5009542587865803,0.0005297910057810067,0.24925104879004273,9.361860658062449e-08,2.2125599931209108e-12,4.939728568512769e-17,3.964160290979722e-15,5.815896834481904e-16,1.2429493274145565e-17,8.649228878528995e-19,9.846005478391731e-19,7.272603610682086e-23,1.7546080645202829e-16,4.6888821861063336e-07,5.849627650776796e-08,4.0065708417796066e-16,2.4680135029468748e-14,0.0,3.475635999522546e-26,3.838460561040037e-25,8.310949065039423e-07,3.709940903812836e-08,2.194414533323905e-19,5.920595633516356e-20,4.533204082612123e-11,2.5712863713833317e-12,1.9049327806050666e-10,6.898225237524943e-12,6.0873757900368024e-12,1.5829740431578544e-14,3.4118050888016877e-09,3.4450011788560796e-14,5.31836347935223e-20,3.791498306985745e-18,3.7010807535360203e-16,0.09990835473596157,9.16452758538409e-05,1.4783000050810956e-09,5.203707562222817e-13,9.188296332178632e-20,1.1930440982775147e-11,1.6454263501144275e-12,1.977185512483088e-17,9.736488129022336e-10,2.5639999517187946e-20,1.8442321368249358e-13,4.144143163275052e-13,2.148798122503011e-24,1.0970688746441962e-21,6.032851514284677e-15,1.0346924602855918e-07,2.1525307539714496e-06,6.174162029538558e-05,2.8701745970333153e-10,7.648395243597002e-10,1.0384880556981794e-13,2.070520198203324e-13,2.7994802225894887e-18,2.0916615617729542e-08,2.7018441011755187e-10,3.5297644722580102e-09,2.7985324529086214e-10,2.625715571173604e-28,1.659093303944128e-12,5.510615943203809e-11,5.6672759706947096e-15,1.9619279587615424e-08,1.1050286019410703e-10,8.259810662393689e-16,2.9395980551683125e-14,2.887581101866941e-13,0.0003191304865976026,7.653120780159561e-08,7.730093788160326e-08,6.166399734457065e-10,2.6117025861867926e-22,1.2738028757685232e-13,8.302257265567724e-14,6.445214955845972e-18,3.0275292642972493e-20,2.761299951556849e-22,9.85891980621216e-06,1.1175363470833816e-07,4.1563741354816326e-08,3.46829811163109e-06,2.862443114638663e-19,7.924799533001353e-21,7.419957365054251e-09,1.771496224121829e-06,2.68172424343075e-16,1.1790689385238924e-15,3.803805188263639e-20,5.537660878798605e-18,0.0,0.0,1.7491492069449283e-13,3.169577145921466e-14,5.713181144678985e-20,3.0234058924382143e-15,8.65886395080536e-29,1.0828634212900841e-21,8.487645620074783e-29,1.3206364818226068e-31,1.2520284519451161e-30,1.0112856900733845e-09,5.4859841233278003e-11,1.7461893877766957e-11,7.312168485647306e-19,2.2695176867517335e-19,5.483667969173102e-22,6.604220226735214e-12,1.3057316392478008e-10,1.0819879817311367e-15,6.034764755698232e-18
261469.73850698897,4.619220664756022e-06,0.0001676344826509564,1.2179852184145878e-12,2.1100410278575783e-14,4.089123757678373e-13,1.1786833661258964e-14,1.818199424237256e-14,1.115386226242556e-14,1.1455716487788615e-32,1.1908563760004956e-25,7.5222910690886995e-34,1.262113804084996e-16,4.6511953747317e-16,1.0652100974492014e-22,3.163973739716937e-19,2.0807367293800183e-16,1.6756515179222443e-34,8.053945562858845e-31,1.2879241525207167e-20,9.729805100224035e-24,5.4137633912813745e-25,1.2472011076251967e-23,1.3443314522324643e-10,1.1111121031478977e-11,5.760703193721998e-12,1.1629773611092288e-11,4.403602191572583e-22,3.81940417443457e-20,3.429059249195256e-13,8.97482934383643e-12,3.0791607004791926e-26,1.3012878587663966e-30,1.408350986768968e-18,7.113927603835742e-21,4.2739627940125474e-20,7.419339989652973e-21,1.5158086823317743e-17,1.81446421243713e-18,3.2437953859400068e-18,3.3853902673269864e-08,5.539980555630887e-12,8.184760720438273e-09,2.6621640584553796e-12,4.733546889396327e-06,1.3364387477005376e-09,2.562651335920603e-12,9.97326709673899e-15,1.8909594952177615e-15,0.0010042109037777722,0.5016586566950174,0.0007018483066122794,0.24881352743410592,9.322511904608857e-08,1.8513472980532484e-12,3.397210171213781e-17,2.2331051281630603e-15,3.227240135701842e-16,7.546093644500748e-18,4.1577307065817404e-19,5.435663064115737e-19,3.1609704342870513e-23,5.431476820825133e-17,3.9902529340926643e-07,6.316297962214193e-08,3.4349854357800207e-16,2.0811342029097904e-14,0.0,1.482983816568347e-26,1.740761270296719e-25,6.581129837141679e-07,3.1851197129637564e-08,1.3091652350654256e-19,1.5913611192391287e-20,3.599982662328632e-11,2.7061722529889966e-12,7.42761896499101e-11,3.5675323630790446e-12,2.5006770216103747e-12,3.3653222453246494e-15,2.2765676383665705e-09,1.6892365484548968e-14,5.46879042709349e-20,2.650253290198107e-18,2.1708965635320658e-16,0.0998738518391434,0.00012614817248243738,1.478489587186592e-09,2.684610662375541e-13,4.458830754331008e-20,5.687562812061186e-12,1.3782580529987714e-12,1.0755073771599476e-17,7.904675409105733e-10,1.219465466444256e-20,1.8858671194201448e-13,2.5235943078664696e-13,8.780372138205834e-25,7.494200162623735e-22,4.642050380105041e-15,1.6478996915026608e-08,2.2395210030849828e-06,6.175884596155753e-05,2.8623705941157553e-10,8.842804491787413e-10,1.355024079264605e-13,2.1095281016520935e-13,1.3353481126096194e-18,1.41575427651563e-08,2.5387214477720233e-10,2.0402688065919686e-09,2.1419784373312898e-10,6.856278971456265e-29,7.400959560312353e-13,3.352198749827028e-11,2.721338989567149e-15,1.4037706664605505e-08,8.536813721398007e-11,3.591162724228965e-16,1.3800774585102707e-14,1.558878500094015e-13,0.00031929980802473376,1.0105678097386536e-07,5.7867792345614204e-08,5.172548645962654e-10,7.412926390541389e-23,6.948095947215106e-14,5.409915690643621e-14,2.880456593275186e-18,1.3628309980468143e-20,1.111448768935677e-22,9.0950494712422e-06,1.4043966522451827e-07,3.7339014974349496e-08,3.472559435030326e-06,1.9191933318337497e-19,5.4284897949677325e-21,6.811496021179828e-09,1.7725386179066935e-06,1.0816339955251807e-16,8.604440587951263e-16,1.0597531365093549e-20,2.1983229242917344e-18,0.0,0.0,1.3369473813060306e-13,2.5264480732189875e-14,3.6084330124894257e-20,2.4053088221762237e-15,4.038386102073367e-29,6.860509590768963e-22,3.8131272602385854e-29,6.946836007052357e-32,6.195627878412869e-31,5.968107355629134e-10,4.2186455511487423e-11,1.0726545076385182e-11,4.266438819866754e-19,1.6679995158786548e-19,3.076693257339749e-22,4.84591496499849e-12,9.605494742202754e-11,5.978065317256837e-16,3.773420439256946e-18
378107.249324784,6.65677111119724e-06,0.0001663681159447069,7.227476161008529e-13,1.6694163349778904e-14,2.2419409363401028e-13,8.312439566025246e-15,8.31620415253072e-15,6.290322140735454e-15,2.5907521830761956e-33,5.025032774386245e-26,3.470410820888483e-34,5.3284250434185485e-17,1.9532589857398594e-16,2.5037891889641394e-23,1.4272836901801336e-19,9.09085934889844e-17,1.7859548402383015e-34,1.941100390819554e-31,1.7790830599555345e-21,1.7098137723214053e-24,5.415782349538179e-25,1.9661008783716538e-24,1.275751191834796e-10,1.2897853932707703e-11,5.141794516975738e-12,1.0379968783641182e-11,1.481549567461851e-22,2.1616614372397638e-20,2.4302175507059813e-13,6.41157132319074e-12,2.152632195654589e-26,4.297525967478567e-31,3.096303878028879e-19,1.6602960325633181e-21,1.9837481953988342e-20,3.494866957975542e-21,8.724287242985445e-18,8.487976519266009e-19,1.9143877849600136e-18,3.38597108175531e-08,6.45834724764532e-12,4.0279781320019935e-09,1.732815080203925e-12,3.967807011054958e-06,1.107884947558105e-09,1.4451658446203683e-12,5.673173432669089e-15,1.3373819295805448e-15,0.0012510483404681253,0.5028526166370698,0.0009052097047987617,0.24811567020910782,9.271406287000368e-08,1.5545076439242674e-12,2.3801927099613525e-17,1.2981086699094673e-15,1.793368590127856e-16,4.437599395109345e-18,1.9724720350516308e-19,3.09498432990729e-19,1.442285835185827e-23,1.763670898776281e-17,3.2781368922488053e-07,6.52018348609412e-08,2.936444378322549e-16,1.7481899636142193e-14,0.0,6.1143598924564086e-27,8.169257710131809e-26,5.240241888809382e-07,2.6315615032572396e-08,7.902476584521853e-20,3.1524794954508382e-21,2.9437290495159895e-11,2.839037060013716e-12,3.025756030537474e-11,1.8861914210549625e-12,1.057596495830259e-12,1.976819493970549e-15,1.458452153989484e-09,7.663260347555554e-15,4.795996796679848e-20,1.873222644987069e-18,1.2597078990179994e-16,0.09982904447735594,0.00017095553369031875,1.4790690339763796e-09,1.4153715137488214e-13,2.11000357625228e-20,2.8069525975883062e-12,1.1250078962567687e-12,5.582790177203822e-18,6.104313779205978e-10,4.709235816678115e-21,1.89480136310692e-13,1.4737616793282576e-13,3.415622862451649e-25,5.147607411639934e-22,3.265261234616246e-15,7.35579400488043e-09,2.248644205995129e-06,6.177300827822482e-05,2.833676740055935e-10,7.226377986378772e-10,1.3618541349864078e-13,1.680666713098095e-13,2.893336349818475e-19,9.891228764564617e-09,2.3711981650708043e-10,1.2101031025464653e-09,1.6329575204579111e-10,1.9567136904245144e-29,3.446582592448248e-13,2.0449635230293164e-11,1.315661038467115e-15,9.608970639824019e-09,6.385276314987598e-11,1.6239937549303252e-16,6.412766551074816e-15,8.752646879400934e-14,0.00032119307867705294,1.306564960180251e-07,4.0498229641205734e-08,4.1119343797392244e-10,2.9034979177214546e-23,3.572880743365366e-14,2.336057470857903e-14,1.204646927400176e-18,5.739510090282745e-21,4.0238534057481704e-23,8.024052061916859e-06,1.6995127434187375e-07,3.179092964753091e-08,3.4781373731172426e-06,1.2354854379226165e-19,3.669764014806244e-21,6.269650269683426e-09,1.773353497076284e-06,5.209986163106073e-17,6.400854019878397e-16,3.419247429601609e-21,9.674798815332186e-19,0.0,0.0,1.0499484733841761e-13,2.061514348123465e-14,2.3650934928082328e-20,1.9261133516485653e-15,2.0416570952830707e-29,4.479679556763945e-22,1.879604873833392e-29,3.8752409992012654e-32,3.1969091421989057e-31,3.3947230040429086e-10,3.092148125293687e-11,6.3306427390120956e-12,2.234215935440632e-19,1.2510186884526305e-19,1.665991172912622e-22,3.124501515385243e-12,6.811347810602933e-11,2.710058251839759e-16,1.876514090689285e-18
546774.9071395234,8.790820402050015e-06,0.00016572224414677705,4.670085611891279e-13,1.3457927477006656e-14,1.3050324286357402e-13,5.9737826891457434e-15,4.151946852239214e-15,3.6802852204981765e-15,6.632158278733986e-34,2.3535578298565182e-26,1.7278949217218253e-34,2.4713743346845654e-17,8.917095942532614e-17,6.809555203955203e-24,6.81857263593877e-20,4.316041712723013e-17,1.831652285596891e-34,5.403196793550643e-32,3.547689148454141e-22,4.465121393263718e-25,5.235035477894044e-25,2.987889992294238e-25,1.2037192497439707e-10,1.4217195719584283e-11,4.5546182660348235e-12,9.204797885006823e-12,5.566765843105604e-23,1.2251344824106144e-20,1.7557630670910923e-13,4.63073074780126e-12,1.1316218183617493e-26,1.5577410702503428e-31,7.995256529499103e-20,4.386444449301602e-22,9.546215307865334e-21,1.6882910184859832e-21,5.211921228457276e-18,4.1699140058683784e-19,1.1548249950821775e-18,3.386380503316903e-08,7.475924600116496e-12,1.7353202118562846e-09,1.1887466332514813e-12,2.482797070812832e-06,9.165763554846074e-10,6.434422468973849e-13,3.4947464235311427e-15,9.93060265026136e-16,0.001529181167795083,0.504847305588245,0.0011269143348875083,0.24700815595751352,9.207052059532844e-08,1.3165379027174078e-12,1.6923741808859455e-17,7.830632791588162e-16,1.0318369137981151e-16,2.630944509221703e-18,1.0325638033494876e-19,1.8303767158915958e-19,7.001364644298978e-24,6.394267189886245e-18,2.680233778543563e-07,6.537166779084493e-08,2.520404017849788e-16,1.4771697351607947e-14,0.0,2.8647125438573175e-27,4.2103402976891484e-26,4.239740800852232e-07,2.1487654367718545e-08,5.079576550862693e-20,5.878484976650071e-22,2.4450191501237602e-11,2.9523128267725854e-12,1.3535480545810347e-11,1.0608704563115744e-12,4.842976623855089e-13,1.5464529000993243e-15,9.469447333485032e-10,3.586063671428049e-15,3.5823481615513935e-20,1.3516276227968197e-18,7.79527682876461e-17,0.09977193004523073,0.00022806996426120077,1.4806234720803373e-09,7.928834159869462e-14,1.0659855418249901e-20,1.4883953736913697e-12,9.15497266179457e-13,3.1542661835206983e-18,4.6812225926367e-10,1.9618095043357724e-21,1.8716765865190183e-13,9.286653469453754e-14,1.5577878571797542e-25,3.6171045648607237e-22,2.3831168641311002e-15,7.3582992283813e-09,2.2486417007716276e-06,6.178194642708332e-05,2.817687035056713e-10,3.796303631136939e-10,9.542914557263292e-14,9.564305094312536e-14,4.0282006419930575e-20,7.279805934220236e-09,2.2268086472429023e-10,7.563457467146678e-10,1.2677531288145308e-10,6.201955761099526e-30,1.7296996926893108e-13,1.2928351569648358e-11,6.715119739362708e-16,6.8098809678200565e-09,4.943255797816143e-11,7.956559648618951e-17,3.432961744391791e-15,5.2732048518971114e-14,0.00032366172567750674,1.6355841289911669e-07,2.9239387354095287e-08,3.3489884869191555e-10,1.3224860555106322e-23,1.943864897465286e-14,8.791763151039508e-15,5.5477170800046565e-19,2.648148793863273e-21,1.595791290799252e-23,7.0693581173221e-06,1.990545252181319e-07,2.8332513146247484e-08,3.4816158671091816e-06,8.514032846239137e-20,2.570184505393784e-21,5.881353118203848e-09,1.773889587872457e-06,2.877756471321817e-17,4.861642581619261e-16,1.2964252820927536e-21,4.607765343128161e-19,0.0,0.0,8.482751147418378e-14,1.7453511528310125e-14,1.6479847618431077e-20,1.5692043175705843e-15,1.1348020092342351e-29,3.0885705085494185e-22,1.0247985132059222e-29,2.3126199928824362e-32,1.7771295003595943e-31,2.022275088841367e-10,2.2887787171290577e-11,3.839347407721499e-12,1.2906010703932742e-19,9.607127880379754e-20,9.836966285500954e-23,2.1255161349698223e-12,4.9135917169560735e-11,1.3267702521821937e-16,9.792843687500821e-19
790682.5367969447,1.074949695131534e-05,0.00016479979766870169,3.2164653351922594e-13,1.1000650338856212e-14,8.070200008356819e-14,4.39249612020436e-15,2.231340866869432e-15,2.2654204143966898e-15,2.3533132921589955e-34,1.1953301039786122e-26,9.315845996911676e-35,1.2603151226625915e-17,4.53414717457235e-17,2.2416456958375207e-24,3.534656203762064e-20,2.2401815179386968e-17,1.8466162821334242e-34,1.7288159309158804e-32,9.329796283939494e-23,1.4530194365907822e-25,4.937692220793741e-25,6.098307034111728e-26,1.1277678715080588e-10,1.5007199155545663e-11,4.020343762006601e-12,8.161698724377868e-12,2.5601845235339233e-23,7.16917091995977e-21,1.309398967901673e-13,3.437375574948823e-12,3.6007987497497145e-27,6.255322273016057e-32,2.5192368259909842e-20,1.3918218616061687e-22,4.9460956509542e-21,8.720558230395483e-22,3.2956288543315592e-18,2.2266432472236836e-19,7.310436750005785e-19,3.386661672498645e-08,8.500671801079362e-12,8.991945865656607e-10,8.621146101467844e-13,1.4479889450559073e-06,7.630905384523623e-10,2.824474763387584e-13,2.3274597091747543e-15,7.710807647783884e-16,0.0018137879451328865,0.5081016717493844,0.0013431445957408277,0.24527341181861392,9.127654543848669e-08,1.1329817840837476e-12,1.2377906479989785e-17,4.995231446749775e-16,6.3080260101922e-17,1.6228904100883552e-18,6.048836268037514e-20,1.1512201216935882e-19,3.718453992690722e-24,2.693567377654392e-18,2.2122589701432811e-07,6.394989970639384e-08,2.1953905321511985e-16,1.2695538059244513e-14,0.0,1.550667217654949e-27,2.3864589823143735e-26,3.519918082565678e-07,1.7596839916495714e-08,3.5064984150794424e-20,1.430939644972722e-22,2.0714660181173354e-11,3.0349612470468922e-12,6.864541017094955e-12,6.474409141057034e-13,2.4738803569473783e-13,1.2427912844309473e-15,6.38739300430603e-10,1.8070494793756865e-15,2.234333381947513e-20,1.0072850221220801e-18,5.1686532014478747e-17,0.09970261195567502,0.0002973880510633501,1.4833770248931886e-09,4.8084731869336786e-14,5.877873036506645e-21,8.666629771207449e-13,7.518126078490592e-13,1.982099784979681e-18,3.6206830779243924e-10,9.20058157179753e-22,1.8245454802747943e-13,6.410708680323404e-14,8.350905406454291e-26,2.65733493517552e-22,1.826747380731897e-15,7.520932672240522e-09,2.248479067327767e-06,6.178692169153736e-05,2.8249236061566364e-10,1.516156089377271e-10,5.616509595779635e-14,4.722936015326162e-14,8.49568403436498e-21,5.6570867432345114e-09,2.1106769930400304e-10,5.067321580074248e-10,1.0167858191127936e-10,2.2503015665545654e-30,9.595602249507586e-14,8.679800976088424e-12,3.746685424179705e-16,5.0577015065576105e-09,3.9811865620430004e-11,4.3177471967958117e-17,2.114620960368356e-15,3.455314141390798e-14,0.0003255131538169369,1.9590767976472507e-07,2.2007707279846812e-08,2.8040150128571086e-10,6.710987693756325e-24,1.147966465032273e-14,3.991405763752574e-15,2.849885245583601e-19,1.3559907050638535e-21,7.213894341383024e-24,6.26438790491962e-06,2.2416210642259298e-07,2.6355341703557527e-08,3.4836060807646344e-06,6.313825236438219e-20,1.8943568373871062e-21,5.5905695288607546e-09,1.774260555507421e-06,1.8020407701471432e-17,3.7995883197676496e-16,5.587819062937882e-22,2.402516135769929e-19,0.0,0.0,7.093206882500483e-14,1.5276881940008875e-14,1.2223620754686234e-20,1.3139605485816765e-15,6.95294673254782e-30,2.263044755727768e-22,6.188728319570254e-30,1.4826327655562133e-32,1.081252326437224e-31,1.288936745559587e-10,1.743173160961629e-11,2.461636244344047e-12,8.271261280194437e-20,7.631552812700524e-20,6.437668589812606e-23,1.549255658718293e-12,3.6727077923542266e-11,7.245114683643836e-17,5.558248836174785e-19
1143393.4985537303,1.2425740641030972e-05,0.0001636319505637424,2.372461049662948e-13,9.213248479251729e-15,5.3997013472213335e-14,3.363331456541279e-15,1.3188162573431505e-15,1.501642474388008e-15,1.0805322031597768e-34,6.731148004599475e-27,5.583443695573355e-35,7.231977247591861e-18,2.617214949036145e-17,9.198313633669243e-25,2.0485023007433936e-20,1.30367728923884e-17,1.8426441594345899e-34,6.682142245988618e-33,3.202880441994031e-23,5.742721453652203e-26,4.520513853608663e-25,1.7164244379731715e-26,1.053799924267507e-10,1.542555943404094e-11,3.5672404483866217e-12,7.321705693333862e-12,1.3524269488033838e-23,4.468887165446586e-21,1.0237197704087802e-13,2.668577104661678e-12,4.886361746672365e-28,2.8702027918285734e-32,9.968350553475473e-21,5.507322847229123e-23,2.851459088174246e-21,4.991930973195527e-22,2.2507459055042937e-18,1.3297315028691117e-19,4.973120780349705e-19,3.386848878306356e-08,9.433069630514056e-12,5.533456397362884e-10,6.661079385056751e-13,9.40324581202066e-07,6.464656721763439e-10,1.4569531290554884e-13,1.6790519881660557e-15,6.264919030682857e-16,0.0020731603255220174,0.5132361423771341,0.0015276081961503583,0.24261438096624746,9.028492033211495e-08,9.968315155375427e-13,9.464871882800354e-18,3.444317201051091e-16,4.197942306969586e-17,1.073319332407042e-18,3.9920452469784526e-20,7.875747048586247e-20,2.2170645911518386e-24,1.3511788116181414e-18,1.864499930733651e-07,6.150897347872048e-08,1.9550751071256203e-16,1.1179746982992597e-14,0.0,9.677156980336917e-28,1.5032038848776493e-26,3.013987528570338e-07,1.4646819770776314e-08,2.6062311330975793e-20,4.63571840823294e-23,1.799571750300929e-11,3.0855982872800292e-12,3.999691123663271e-12,4.345261222325706e-13,1.436714433468621e-13,1.026536167602064e-15,4.567124965548261e-10,1.0126862033673551e-15,1.152711620585591e-20,7.852378697014954e-19,3.6934483612131276e-17,0.09962652536718579,0.0003734746371643119,1.485765385910332e-09,3.194903116569121e-14,3.601574461954615e-21,5.631348465351693e-13,6.311346466988405e-13,1.3908924225689215e-18,2.871824687244861e-10,4.943970472597779e-22,1.7622142121436246e-13,4.8372852286645614e-14,5.203008561129762e-26,2.0708205165895737e-22,1.4746739189508837e-15,7.69084255143056e-09,2.2483091574485774e-06,6.178968629523574e-05,2.8529687819525387e-10,7.895952137519822e-11,4.1002007338435e-14,2.988153511475203e-14,2.740538205244428e-21,4.649568071613519e-09,2.024356249138466e-10,3.677532537399289e-10,8.501709303895414e-11,9.723485174963299e-31,5.976492150161197e-14,6.2803746829552865e-12,2.3325430209491663e-16,3.9659762659895415e-09,3.341197323945994e-11,2.6471647388009646e-17,1.4814561704035106e-15,2.4844054307461255e-14,0.0003266778736062508,2.2369695012249774e-07,1.7403865228677543e-08,2.4198084291798926e-10,3.84701039609984e-24,7.476440921172827e-15,2.1682318282538826e-15,1.6532420658533418e-19,7.811384772051403e-22,3.802295152332111e-24,5.6120063566083784e-06,2.426751035962664e-07,2.529510176843417e-08,3.4846746285163243e-06,5.0202524414400954e-20,1.482619109613628e-21,5.364813407858754e-09,1.774530446305897e-06,1.2778669706878723e-17,3.086060025607015e-16,2.786713665356283e-22,1.4065179851522928e-19,0.0,0.0,6.157389784180123e-14,1.3772247682798035e-14,9.646716495236847e-21,1.1372881215105268e-15,4.704912365800682e-30,1.7655090946192397e-22,4.1447607247183036e-30,1.0282692426093037e-32,7.253846776044055e-32,8.91174002366222e-11,1.3845786521692489e-11,1.700294390092267e-12,5.841916961332138e-20,6.316769797799426e-20,4.669453086700054e-23,1.2095778982232522e-12,2.879397756363521e-11,4.453477547533505e-17,3.4802521953720447e-19
1653443.236309495,1.3687052725213441e-05,0.00016263461646693638,1.8581348710533045e-13,7.91749951242527e-15,3.8971858518695884e-14,2.6887368994547237e-15,8.579081873740905e-16,1.0723609198981225e-15,5.943699719004618e-35,4.1899459768084206e-27,3.7036828082064926e-35,4.658633973330174e-18,1.713032690645589e-17,4.676861603236222e-25,1.3271690981981795e-20,8.497228584334474e-18,1.8202712906735105e-34,3.157945009618536e-33,1.4053275637744302e-23,2.7213447621446864e-26,3.9717650113456826e-25,6.4085548596520044e-27,9.804382239178602e-11,1.548381847614628e-11,3.1779745982574975e-12,6.6661463472802186e-12,8.083099617810083e-24,2.9898719016634258e-21,8.382317398114656e-14,2.168980736817063e-12,2.1433349283397895e-29,1.511637777441614e-32,4.893655100162361e-21,2.6962466237814773e-23,1.82964215073692e-21,3.1768020676102203e-22,1.6552057706335032e-18,8.857924606008547e-20,3.6357326379130613e-19,3.3869688644481996e-08,1.0236715646756878e-11,3.866917488053876e-10,5.481702893397532e-13,6.767698845875283e-07,5.610804735812569e-10,8.75122109694606e-14,1.296418979275369e-15,5.292459036296361e-16,0.0022842921579200614,0.5210419362238268,0.001667360882085834,0.23864195060294105,8.898783596507564e-08,8.985223578499168e-13,7.556970110055678e-18,2.565948844029426e-16,3.042064634271163e-17,7.650666616036825e-19,2.9206474336606525e-20,5.853138904057287e-20,1.4778817743296209e-24,7.989817772195827e-19,1.6085363057373226e-07,5.86444376717263e-08,1.7794800883617788e-16,1.0085885496485952e-14,0.0,6.812535289656083e-28,1.0451888640915554e-26,2.652688713807496e-07,1.2466300267115572e-08,2.0664142335169225e-20,1.9184028436833128e-23,1.606053752193302e-11,3.1155799913104926e-12,2.6547561697154667e-12,3.202763042056371e-13,9.452969660999716e-14,8.657866118734732e-16,3.4786679933556906e-10,6.349120747119524e-16,5.2977339734521725e-21,6.375516841691471e-19,2.81999158920049e-17,0.09955413982231336,0.00044586018404037345,1.4837618897773546e-09,2.3181786971997062e-14,2.4306183606312558e-21,4.0627036738878616e-13,5.453777339359635e-13,1.0764678683085048e-18,2.354512644311122e-10,3.021606913962126e-22,1.6888049739718981e-13,3.925597649858936e-14,3.669537132244137e-26,1.7107965775614564e-22,1.2480763992858269e-15,7.848508266704827e-09,2.2481514917332995e-06,6.179132536386843e-05,2.8999842220748607e-10,5.330448323307148e-11,3.496844387888865e-14,2.2752455892194228e-14,1.1791562910853456e-21,4.018436272264111e-09,1.9672309692892238e-10,2.8765172452495185e-10,7.412659031539428e-11,5.029937322680256e-31,4.14764938338143e-14,4.888261108020121e-12,1.6136701568479686e-16,3.2755939471844404e-09,2.914542584981884e-11,1.8257603489320405e-17,1.1527225093553899e-15,1.948323666576088e-14,0.0003274680054702143,2.4504807516106484e-07,1.445181706985018e-08,2.1530633312849356e-10,2.455949707055618e-24,5.349308302011419e-15,1.348295877092381e-15,1.0713251240038266e-19,5.024011036083136e-22,2.3119599632115932e-24,5.0898906418946095e-06,2.5443293318087063e-07,2.4747238685831175e-08,3.4852278127916304e-06,4.224733777589023e-20,1.2280536659232763e-21,5.188028994412309e-09,1.7747325088740625e-06,9.982996392525536e-18,2.597536252566428e-16,1.6007542323719534e-22,9.213926331729181e-20,0.0,0.0,5.522971996243268e-14,1.2726258343840823e-14,8.034312886603676e-21,1.0153924760265499e-15,3.4756908708945964e-30,1.4563691456296604e-22,3.0402954858877042e-30,7.687819689906533e-33,5.316309793445875e-32,6.66250204746504e-11,1.1501910551113156e-11,1.2659591875678643e-12,4.4909417470587394e-20,5.433755075559179e-20,3.697233220467917e-23,1.0012462316276942e-12,2.3705105264878683e-11,3.048564483530262e-17,2.395434229997924e-19
2391018.0870852144,1.4493987719370786e-05,0.00016197584133703186,1.5001637793193532e-13,6.889689063918993e-15,2.931834520631197e-14,2.200766059640822e-15,5.929596674751782e-16,7.997996305511878e-16,3.611551159900639e-35,2.7615222992431287e-27,2.5978525984217066e-35,3.2337569241951492e-18,1.2220208166107445e-17,2.751168181212645e-25,9.232042434914442e-21,5.945230579209362e-18,1.7757890403672318e-34,1.6817322738501574e-33,7.31997451859055e-24,1.4466454887072606e-26,3.2905438161288397e-25,2.973279136907107e-27,9.012655807698851e-11,1.517465022417996e-11,2.8089494012462026e-12,6.1154747850904935e-12,5.255429323068417e-24,2.090441161375677e-21,7.037592156471068e-14,1.8112570962275768e-12,3.0057335932373725e-30,8.726487775622998e-33,2.7641994223248732e-21,1.5183255327942974e-23,1.2524080261550954e-21,2.1612957263515737e-22,1.2690673307344437e-18,6.32140047471815e-20,2.7748336395500756e-19,3.3870367328333865e-08,1.1000168166491674e-11,2.98574818133022e-10,4.714723968248999e-13,5.288825403529918e-07,4.961754057849796e-10,5.87090143937202e-14,1.0367245566199907e-15,4.561870750196553e-16,0.002448573201620796,0.5325196865395532,0.0017751674071893023,0.2328494593432724,8.719279446193205e-08,8.262480370866528e-13,6.1623045739925845e-18,2.0046782046586438e-16,2.3307740917959527e-17,5.717806546252139e-19,2.2629007988606072e-20,4.5847099085541234e-20,1.0561989775438405e-24,5.264456378379047e-19,1.404732827542331e-07,5.572997858200672e-08,1.6389706537327014e-16,9.234343777001293e-15,0.0,5.155124589196939e-28,7.735482452285524e-27,2.3664807729074742e-07,1.078358756660739e-08,1.7026095113747435e-20,9.578828804826152e-24,1.465882849010177e-11,3.14742697231516e-12,1.919063261832733e-12,2.5184667622451744e-13,6.766041772944037e-14,7.307764442848063e-16,2.769273719724687e-10,4.30759788921003e-16,2.699511929653299e-21,5.260886635032924e-19,2.2335180821878415e-17,0.0994969959728976,0.0005030040459138714,1.4713042630010423e-09,1.7798778173126282e-14,1.727612175077319e-21,3.1397902727874656e-13,4.83082423999542e-13,8.877509147747408e-19,1.9744807883517386e-10,2.0081146140732977e-22,1.6011842130312484e-13,3.3195283254309057e-14,2.782526845262688e-26,1.4701040968603872e-22,1.0891041316535776e-15,7.95936846494202e-09,2.2480406315350606e-06,6.17924066562308e-05,2.9666819454649036e-10,4.087843179002163e-11,3.1710052861246386e-14,1.8779237873970927e-14,6.283126445043181e-22,3.586379843638701e-09,1.9335902795949467e-10,2.3608389092127224e-10,6.657487501448742e-11,2.9662020072520135e-31,3.084914931653957e-14,3.996249082292533e-12,1.1968544946857368e-16,2.8000780617126404e-09,2.619695648371274e-11,1.3585803230235411e-17,9.54208973150457e-16,1.6218474052166787e-14,0.0003280614801326558,2.617932070202671e-07,1.2399099142263443e-08,1.9644653393084913e-10,1.6614596549628608e-24,4.0713026121162874e-15,9.281532813778666e-16,7.404963955866764e-20,3.463466261085971e-22,1.5359193173580107e-24,4.649854907464894e-06,2.619291849765183e-07,2.4362853849141617e-08,3.4856158618101044e-06,3.660174287922988e-20,1.0554377914684571e-21,5.058459320067777e-09,1.7748782040561332e-06,8.210435346772304e-18,2.2260636029463205e-16,1.0113691771022175e-22,6.466981675397644e-20,0.0,0.0,5.0453191393142806e-14,1.1972904227288516e-14,6.927377854974766e-21,9.243546500090805e-16,2.7167995111730715e-30,1.2471954618199415e-22,2.3643503502782795e-30,6.0692112867006616e-33,4.129247298683722e-32,5.240964295844466e-11,9.871218894257205e-12,9.921805167611797e-13,3.66664266705282e-20,4.77855482492718e-20,3.088770804025225e-23,8.565669768420163e-13,2.020526059067412e-11,2.2305579673486736e-17,1.7555760645497919e-19
3457613.4016726078,1.5010023255235042e-05,0.00016155278288187836,1.2006775796240493e-13,5.944694510959515e-15,2.1827958746412926e-14,1.785930026358717e-15,4.106117684819757e-16,5.925414152324283e-16,2.2073319646039774e-35,1.799952783331531e-27,1.8000313163327852e-35,2.2681461826043596e-18,8.88038419726415e-18,1.6739037071364624e-25,6.463793081030416e-21,4.176975720798667e-18,1.7027914928946031e-34,8.94641199461277e-34,4.034358041611766e-24,7.799318353112824e-27,2.504865168208189e-25,1.5291839170481906e-27,8.103474938569544e-11,1.4586237685540483e-11,2.420909723245981e-12,5.5808491797653705e-12,3.491024971139701e-24,1.4482335219192372e-21,5.864023546081158e-14,1.506782688853462e-12,1.5063963300047728e-30,5.0831896016806287e-33,1.598921098549129e-21,8.764261647552565e-24,8.525655198515282e-22,1.4690872153832085e-22,9.64966102368105e-19,4.5358944917205067e-20,2.1083852811074937e-19,3.3870574985899555e-08,1.192168612742649e-11,2.446456624822895e-10,4.1033299154725553e-13,4.361153631570147e-07,4.395826636916373e-10,4.1396199187319877e-14,8.22068727982947e-16,3.9098918582392e-16,0.0025904501835306766,0.5489896719076434,0.001881689334771346,0.22456148012626964,8.46256340384861e-08,7.669391516166937e-13,4.9584305571397795e-18,1.567368942692678e-16,1.8011568277884988e-17,4.2632677566744247e-19,1.749547551544219e-20,3.611277075941816e-20,7.585797611567042e-25,3.549188906868375e-19,1.214281763225605e-07,5.277862117639047e-08,1.502793072917803e-16,8.444388960067618e-15,0.0,3.9382727419286445e-28,5.751505889874337e-27,2.0941431993833142e-07,9.309534114322645e-09,1.404002326028433e-20,5.227127533124e-24,1.3531524221850414e-11,3.204864599339059e-12,1.4087965374323344e-12,2.0115410013908524e-13,4.926263293735566e-14,6.009103550187431e-16,2.2178757220114206e-10,2.9665774081369325e-16,1.689164818999712e-21,4.2602639686727905e-19,1.7597742096815288e-17,0.09946120742465504,0.0005387926232432195,1.4422173957815261e-09,1.3719751582830372e-14,1.2112269420469176e-21,2.4592082593947846e-13,4.3214258855075686e-13,7.4474463507988e-19,1.6486652898332696e-10,1.3504462742785018e-22,1.4913832699844458e-13,2.8148617391118933e-14,2.126041171710415e-26,1.2742728107153491e-22,9.554263020185823e-16,7.993242234206195e-09,2.2480067577657967e-06,6.179327659950977e-05,3.059289183894789e-10,3.373211147380207e-11,2.955714746493502e-14,1.595512007030738e-14,3.7388872904091323e-22,3.220175348908142e-09,1.9141544493303045e-10,1.9505059851301267e-10,6.029480261042388e-11,1.8250915888067487e-31,2.3156813473301064e-14,3.2992645523981396e-12,8.982490865913953e-17,2.4083043829293176e-09,2.3930984184766026e-11,1.0220398818201104e-17,7.979544393316877e-16,1.3762908264301661e-14,0.0003285780540191704,2.784606039320641e-07,1.0696152304126056e-08,1.818817931668255e-10,1.1112295208691647e-24,3.1314168304798255e-15,6.705237915590479e-16,5.101558464117918e-20,2.4040644440775624e-22,1.0289844722707204e-24,4.2300978943369494e-06,2.686715362614151e-07,2.387856683902279e-08,3.4861031213523824e-06,3.1524932706872816e-20,9.131997123415423e-22,4.97729781438777e-09,1.774971811904312e-06,6.813549154253291e-18,1.8936553568817452e-16,6.530258764720073e-23,4.55128046260719e-20,0.0,0.0,4.5996728068961193e-14,1.1373974717641212e-14,6.02097274858486e-21,8.426769879238493e-16,2.148240292612941e-30,1.0800496057757162e-22,1.8611254872212153e-30,4.883500678011775e-33,3.249851884565603e-32,4.1502531570914345e-11,8.544279244728427e-12,7.850607950827399e-13,3.0735437338295743e-20,4.188108407592813e-20,2.6072312041181297e-23,7.318918704009464e-13,1.737727020251793e-11,1.6414367341814725e-17,1.2996200675516213e-19
4999999.999999989,1.546212998668463e-05,0.00016117341794511905,9.15297640461985e-14,4.965018332466495e-15,1.5201306173116576e-14,1.3843536521530513e-15,2.658546905301012e-16,4.1191260183793833e-16,1.2319453535115547e-35,1.0716463092028652e-27,1.1439929879915504e-35,1.496898356816954e-18,6.104538663718283e-18,9.372417303918551e-26,4.240819021440471e-21,2.7428784845748757e-18,1.5922393979924787e-34,4.1851669743803944e-34,2.0710499279750055e-24,3.799488140008128e-27,1.6871450538164245e-25,7.57709975438028e-28,7.03758909646858e-11,1.3796784035164868e-11,1.9915037749664817e-12,4.9850707447022886e-12,2.1945981781343788e-24,9.268427771302818e-22,4.6767965303438906e-14,1.2044492500091115e-12,7.170710643556463e-31,2.6932219619867627e-33,8.373684695085441e-22,4.585612934624914e-24,5.324658667669331e-22,9.206966696394064e-23,6.884479378858819e-19,3.0518791135990063e-20,1.5096934657388582e-19,3.387030305991709e-08,1.3266162098023734e-11,2.0271302151658522e-10,3.493854942503467e-13,3.63572090274704e-07,3.8061053963467105e-10,2.8422204555817025e-14,6.183649248654974e-16,3.241068043807633e-16,0.0027441880263165534,0.5722144389720515,0.0020180281166981354,0.21288123121907346,8.093982791425834e-08,7.071825783194263e-13,3.785215862320207e-18,1.165619779360394e-16,1.3315428741733658e-17,2.9855567103162025e-19,1.2762027177386233e-20,2.719183584417773e-20,5.105122560340164e-25,2.2408977769383623e-19,1.0085316347267392e-07,4.935861218456434e-08,1.3474441132037311e-16,7.572240124769035e-15,0.0,2.8608858862156857e-28,4.0237347026607336e-27,1.7927160496284709e-07,7.79101864119887e-09,1.1130017084095073e-20,2.7521102289097783e-24,1.2421284182982701e-11,3.3023112233875412e-12,9.768932996186002e-13,1.5473645856787327e-13,3.391083449012143e-14,4.670417167578539e-16,1.7038552874393204e-10,1.914741307432585e-16,1.0910947668290692e-21,3.261396495586291e-19,1.318122954499019e-17,0.09944342045948286,0.0005565796386467096,1.391986052058123e-09,1.0014102587993617e-14,7.808259598642624e-22,1.843675097926952e-13,3.812364439857172e-13,6.086650451776538e-19,1.3208507734659382e-10,8.452217090504087e-23,1.3513784036620178e-13,2.3122804860101605e-14,1.5407665309554783e-26,1.0787251097117483e-22,8.186810151359745e-16,7.949813863786887e-09,2.2480501861362157e-06,6.179414370621071e-05,3.196037523746003e-10,2.848688921330147e-11,2.7681391944360647e-14,1.3370498769988376e-14,2.198993567728348e-22,2.834396112542324e-09,1.900337472380766e-10,1.5524646748456244e-10,5.378386288297078e-11,1.0556670284658136e-31,1.6444808834749956e-14,2.6336061627089495e-12,6.398157778864914e-17,2.0168906780136165e-09,2.1817032076182205e-11,7.28032927859407e-18,6.448758129027429e-16,1.1434498037806075e-14,0.0003291157784510076,2.9984779326132747e-07,8.984966214173882e-09,1.6827752609528107e-10,6.808541933165503e-25,2.298173402248251e-15,4.747257838931713e-16,3.25281000447281e-20,1.5639507709798415e-22,6.383400443117423e-25,3.764842237263231e-06,2.7687324666551965e-07,2.3180179970290115e-08,3.486804433811601e-06,2.615718178030725e-20,7.707786662320882e-22,4.936303566252853e-09,1.7750243685472532e-06,5.520470012005038e-18,1.5554090860455872e-16,3.959058928894661e-23,2.9920884519346115e-20,0.0,0.0,4.1001058809566795e-14,1.0819053731343367e-14,5.130679445374746e-21,7.541179556529549e-16,1.6373736037836864e-30,9.193550283039582e-23,1.4114147750793893e-30,3.833285331453004e-33,2.467864704000252e-32,3.144691456710303e-11,7.231915568256759e-12,5.963209618897898e-13,2.548599837327792e-20,3.561852567322857e-20,2.137014841543044e-23,6.035207902757379e-13,1.4602863395969357e-11,1.1367596723730199e-17,9.12547816174963e-20
