time_years,C,C+,C2,C2+,C2H,C2H+,C2H2,C2H2+,C2H3,C2H4,C2H5,C2N,C2N+,C2N2+,C2NH+,C3+,C3H2,C3H5+,C3N,C4H,C4N,C4N+,CH,CH+,CH2,CH2+,CH2CO,CH2OH,CH3,CH3+,CH3CCH,CH3CHO,CH3CN,CH3CNH+,CH3OH,CH3OH2+,CH4,CH4+,CH5+,CL,CL+,CN,CN+,CO,CO+,CO2,CS,CS+,E-,H,H+,H2,H2+,H2CL+,H2CN,H2CO,H2CO+,H2COH+,H2CS,H2CS+,H2CSH+,H2NO+,H2O,H2O+,H2S,H2S+,H2S2,H2S2+,H2SIO,H3+,H3O+,H3S+,HC3N,HCL,HCL+,HCN,HCN+,HCNH+,HCO,HCO+,HCO2+,HCOOH,HCS,HCS+,HE,HE+,HEH+,HNC,HNCO,HNO,HNO+,HNS+,HOC+,HOSO+,HS,HS+,HS2,HS2+,HSO+,MG,MG+,N,N+,N2,N2+,N2H+,NCCN,NH,NH+,NH2,NH2+,NH2CHO,NH3,NH3+,NH4+,NO,NO+,NO2,NS,NS+,O,O+,O2,O2+,O2H,O2H+,OCN,OCS,OCS+,OCSH+,OH,OH+,S,S+,S2,S2+,SI,SI+,SIC,SIC+,SIC2,SIC2+,SIC3,SIC3+,SIH,SIH+,SIH2,SIH2+,SIH3,SIH3+,SIH4,SIH4+,SIH5+,SIO,SIO+,SIOH+,SIS,SIS+,SISH+,SO,SO+,SO2,SO2+
0.0,1e-10,0.000177,0.0,0.0,0.0,0.0,0.0,0.0,0.0,0.0,0.0,0.0,0.0,0.0,0.0,0.0,0.0,0.0,0.0,0.0,0.0,0.0,0.0,0.0,0.0,0.0,0.0,0.0,0.0,0.0,0.0,0.0,0.0,0.0,0.0,0.0,0.0,0.0,0.0,0.0,3.39e-08,0.0,0.0,0.0,0.0,0.0,0.0,0.0,0.0001823239,0.5,0.0,0.25,0.0,0.0,0.0,0.0,0.0,0.0,0.0,0.0,0.0,0.0,0.0,0.0,0.0,0.0,0.0,0.0,0.0,0.0,0.0,0.0,0.0,0.0,0.0,0.0,0.0,0.0,0.0,0.0,0.0,0.0,0.0,0.0,0.1000000014901161,0.0,0.0,0.0,0.0,0.0,0.0,0.0,0.0,0.0,0.0,0.0,0.0,0.0,0.0,2.256e-06,0.0,6.18e-05,0.0,0.0,0.0,0.0,0.0,0.0,0.0,0.0,0.0,0.0,0.0,0.0,0.0,0.0,0.0,0.0,0.0,0.0,0.000334,0.0,0.0,0.0,0.0,0.0,0.0,0.0,0.0,0.0,0.0,0.0,0.0,3.51e-06,0.0,0.0,0.0,1.78e-06,0.0,0.0,0.0,0.0,0.0,0.0,0.0,0.0,0.0,0.0,0.0,0.0,0.0,0.0,0.0,0.0,0.0,0.0,0.0,0.0,0.0,0.0,0.0,0.0,0.0
1e-09,1.0000000001656878e-10,0.000177,6.766636708587456e-40,1.4459053827681968e-33,1.2431491202042157e-51,6.282153262345727e-43,1.1072992680073306e-66,1.8160448635455498e-54,-1.751606091771396e-124,-8.869946415508164e-104,-1.3173561275751527e-116,1.372922351421431e-68,4.267039340266005e-59,-3.910421847674615e-85,-2.217648885353228e-70,7.287309792273714e-64,1.6227700793633005e-145,-1.254544102382806e-126,-3.253378435833555e-97,-2.7575468414576804e-116,-8.274678111905375e-133,-7.282761604444015e-117,1.5768165595416188e-29,4.8659899731033517e-23,7.88400000063647e-30,3.2264906072619045e-22,-1.732416171638263e-102,-3.8751816383247275e-99,9.82672180631831e-49,2.0350121558154115e-33,-2.1807504376279326e-138,-4.395449028680937e-132,-4.390271970169919e-99,-8.33167092580752e-88,-3.875181638324554e-99,-2.501702095615796e-86,-1.0817389716291003e-64,-2.88768181503838e-63,2.922816829004003e-51,9.018844574569518e-25,3.3899999999732734e-08,1.8919173768097261e-34,2.922548222510992e-28,4.582722886761012e-34,4.583582746796357e-27,3.6518187996148194e-61,3.515047701121473e-50,6.589865299769919e-36,0.00018232390000000258,0.5,1.1761295358061997e-18,0.25,1.1525032197789588e-18,1.3696395429499104e-30,-2.2971352048747894e-65,-3.168434346242254e-64,2.8579775837092324e-49,-5.6583423292672895e-68,-2.5689397569374145e-80,-5.056913128761696e-66,-1.1282954472319599e-72,-2.46707440174038e-83,4.355819602962812e-41,1.896770650942366e-43,1.317035570543536e-40,2.870053426577427e-25,0.0,-1.5843997891285984e-74,-5.941851899933283e-93,9.449788800168938e-30,-6.059168629801638e-55,6.222169841724193e-42,-3.0985858465875726e-103,1.2824738369063114e-41,2.6726759999740854e-19,2.942241125873222e-46,7.032213168533015e-38,1.6632590586517988e-49,2.0802112371501123e-45,1.2879777256709056e-36,-1.3553063656070013e-70,-3.8626552235235663e-100,3.6854525230926664e-62,9.398562095456411e-46,0.1000000014901161,2.497090346764361e-19,2.362457472715683e-31,2.9420360213343803e-46,-1.6088609907002996e-82,8.36820170749364e-81,-2.089565429354599e-59,-1.3643793868360195e-76,1.3551362390796816e-38,-2.158289120645887e-98,1.3557889084698615e-37,2.3092790704558176e-35,-4.008843517950062e-86,1.00610289913226e-57,-2.224786905025916e-75,2.2559999999999844e-06,1.553803604754918e-20,6.18e-05,6.410222908479192e-22,1.784077579534841e-50,1.7572437066615856e-43,9.235671203269204e-55,-1.4666650258688416e-91,3.2996679291825143e-45,3.9324144558845695e-33,-2.0965404819060113e-68,1.1367823709314053e-44,-4.849085408072361e-147,-5.045504089290125e-72,-8.024586874353702e-57,-5.270558355216642e-71,4.223808707861395e-40,1.7071096338534087e-45,-3.713896713475506e-98,8.807768757642656e-54,2.2094397288171436e-40,0.000334,8.901005183678105e-21,1.292377093486089e-28,9.278173545012578e-45,-1.044373499654003e-86,2.974886167807407e-57,1.3513916367756655e-61,-8.531388263203873e-78,1.6499213298717682e-62,-1.7897308186732954e-91,7.292090122391882e-24,5.647298734150576e-32,1.933020407784888e-22,3.51e-06,3.697043145463636e-65,3.1407444999358556e-57,4.1606872820840344e-22,1.7799999999999997e-06,7.760531105123503e-51,4.1166372066504216e-46,-1.7148754297746998e-98,2.3261010713233103e-68,0.0,0.0,1.988794764574713e-38,3.3687427647089314e-25,1.5055590952486122e-56,4.210055999993356e-26,-5.431439092766373e-77,4.780650232275611e-44,-5.431439092766448e-77,-4.5338034411901174e-104,1.3762678171922023e-64,4.567154075190796e-44,1.9092670116635293e-29,1.6376981359276932e-40,6.451999576360866e-62,3.0819935615706232e-55,9.410275735559383e-59,5.985235740583192e-49,7.382550433990468e-40,8.836852851918043e-70,-2.046105608801936e-85
1.4460841682246074e-09,1.0000000002395982e-10,0.00017699999999999997,9.785126217149572e-40,2.0909008829153835e-33,2.5996229953466832e-51,1.3136983983040992e-42,3.3490926503640364e-66,5.491706112130334e-54,-3.2828954418640267e-124,-1.8616730832267852e-103,-2.830660171403786e-116,4.151706939526841e-68,1.2903495103521943e-58,-1.8490389870608924e-85,-1.0471041080837294e-70,2.203677040228352e-63,4.380164675198202e-145,-2.8495424212037958e-126,-1.538356686243037e-97,-5.072553674005255e-116,-1.649899960402563e-132,-1.343605565808519e-116,2.2802201450978736e-29,7.036631062806773e-23,1.1400927583613763e-29,4.665776986070918e-22,-3.5912681645952614e-102,-7.726918737864752e-99,2.6509055739770605e-48,4.255534842671724e-33,-3.84589003419208e-138,-8.014477875803184e-132,-8.359855831915601e-99,-1.5325095338879087e-87,-7.726918737864121e-99,-4.601439660679516e-86,-5.107631288178975e-65,-1.3634725693441938e-63,8.838576265565347e-51,1.304200944085972e-24,3.389999999961351e-08,2.735881279540259e-34,4.226250715486214e-28,6.627177870067119e-34,6.628246443921778e-27,1.104307327903531e-60,7.350525153534006e-50,9.529499881666908e-36,0.00018232390000000374,0.5,1.700782301514478e-18,0.25,1.6666166599401926e-18,2.8641346344123143e-30,3.3264348247907566e-65,3.278753463138377e-64,8.64250287196591e-49,-2.671691359355739e-68,-3.878989592098896e-80,7.322813172756174e-66,-5.3274565519483466e-73,-4.5377481267532555e-83,9.10871320148142e-41,5.735820284794015e-43,2.754131341909013e-40,4.150338822127726e-25,0.0,-7.481037697159021e-75,-1.0928988322896089e-92,1.9761014881427763e-29,-2.8609489368409668e-55,1.3011549087238863e-41,-1.463591763062592e-103,2.691889715581251e-41,3.8649144503396775e-19,6.1528228227902015e-46,1.4705478821955125e-37,5.029682973421832e-49,4.3500534101958715e-45,2.6933667558307095e-36,-6.399330573767215e-71,-8.007193863876022e-100,1.1144780911665801e-61,1.965389168807476e-45,0.1000000014901161,3.611002817082437e-19,4.940275202135631e-31,6.15226634478894e-46,-7.596535820507535e-83,2.53442902678853e-80,-9.866271033103591e-60,-2.509535181583892e-76,2.8338059138930995e-38,-3.969801996088795e-98,2.835170749631452e-37,3.3686350122652236e-35,-7.373560420862006e-86,3.042447654191719e-57,-4.0921030202798895e-75,2.2559999999999776e-06,2.2469307933664114e-20,6.18e-05,9.269721862730852e-22,3.730800191342219e-50,3.674707713157515e-43,2.79291804367196e-54,-6.926806135199466e-92,4.773732369419746e-45,8.223305538986658e-33,-3.855833282232458e-68,3.4376214010730653e-44,-1.1655826164729094e-146,-9.280314656717475e-72,-3.7889576427550335e-57,-9.694262275360779e-71,8.832657374437607e-40,3.600296898338246e-45,-1.7739975273586836e-98,2.663462695364299e-53,4.620290705348594e-40,0.000334,1.2871602677347746e-20,1.8688860542754826e-28,1.9533461236251308e-44,-5.473773982281482e-87,8.996033557343257e-57,4.08659840273242e-61,-4.0282536052745883e-78,4.989349788908363e-62,-3.292189980882817e-91,1.0544976079257921e-23,1.1809401954399943e-31,2.795310208552804e-22,3.51e-06,1.1179936152016874e-64,9.497587915201264e-57,6.016704007555144e-22,1.7799999999999995e-06,1.6228507739104783e-50,8.608565007270221e-46,-3.154542120571827e-98,7.034112271424958e-68,0.0,0.0,4.158886909547047e-38,4.871485578832848e-25,4.552799461660003e-56,6.088095328925123e-26,-2.5645547843687236e-77,9.997101774499635e-44,-2.564554784368857e-77,-9.515772200176526e-104,4.161823602263678e-64,9.550647279652972e-44,2.760960798532695e-29,3.424687886669396e-40,1.9510798568249283e-61,9.319925516198393e-55,2.8456603555805432e-58,1.2516865404688121e-48,1.5438089895395477e-39,2.6726542803625206e-69,-9.692566750839133e-86
2.0911594215898465e-09,1.000000000346479e-10,0.00017699999999999997,1.4150116108233954e-39,3.0236186644109717e-33,5.436226119876887e-51,2.7471527829271594e-42,1.012988546528941e-65,1.6606878295303868e-53,-2.0382904070797375e-124,-2.263650514358306e-103,-3.7685791770040897e-116,1.2554730786071104e-67,3.902007284508726e-58,3.0223594269532214e-84,1.7149749818289715e-69,6.663902916598277e-63,1.0164858037927093e-144,-4.5402567874269426e-126,2.5145315135617094e-96,-2.597544955148609e-116,-1.5748069613571803e-132,-7.104291320507381e-117,3.297412589972177e-29,1.0175560777483563e-22,1.6486700882597597e-29,6.747106231990557e-22,-4.142932341006445e-102,-7.375961172411992e-99,7.345709425019632e-48,8.89900178012187e-33,-1.0458515615548539e-138,-3.7328532869771664e-132,-5.888819564097341e-99,-7.841082953621703e-88,-7.3759611724099e-99,-2.353544579330606e-86,8.365414875909664e-64,2.2331317387373473e-62,2.672778862735629e-50,1.8859845645045412e-24,3.38999999994411e-08,3.9563344984097886e-34,6.11151425069637e-28,9.583822650021951e-34,9.585002245713446e-27,3.3394172922316224e-60,1.537112003729761e-49,1.3780458911935994e-35,0.00018232390000000543,0.5,2.459474359824585e-18,0.25,2.410067966417872e-18,5.989362125424617e-30,4.693937825472326e-64,5.608304362537388e-63,2.613486414924623e-48,4.375767364116116e-67,2.9515221193339938e-80,1.0333234093105625e-64,8.725450048645058e-72,-2.3209676306261055e-83,1.904777142983749e-40,1.734507771038252e-42,5.759327703922635e-40,6.001739263437067e-25,0.0,1.2252643062636215e-73,-5.589959474183244e-93,4.1323432449233364e-29,4.685738472916714e-54,2.7209223463213054e-41,2.395889540651209e-102,5.659508650726239e-41,5.588991598143739e-19,1.286691919151588e-45,3.075150058736729e-37,1.5209723753792764e-48,9.096655423332046e-45,5.632259267240522e-36,1.0480994287342172e-69,-9.237087808945709e-100,3.370173426320219e-61,4.109942081302141e-45,0.1000000014901161,5.22181400519735e-19,1.0330903034074256e-30,1.2865369731394789e-45,1.2441808924687564e-81,7.678440810635512e-80,1.6159241840161374e-58,-1.2835771755551654e-76,5.925939935805996e-38,-2.0305350393385995e-98,5.92879402490071e-37,4.932439938361779e-35,-3.7714290394548784e-86,9.200338987668011e-57,-2.093029049876779e-75,2.255999999999968e-06,3.2492510473835105e-20,6.18e-05,1.340479802951629e-21,7.80172685552458e-50,7.684493339073461e-43,8.445971416872714e-54,1.134110179879549e-90,6.907683078790902e-45,1.7196242854365573e-32,-1.9671651075011035e-68,1.0395341447290205e-43,-2.151638739328631e-146,-4.746695787958214e-72,6.205655881617805e-56,-4.958421735873705e-71,1.8470494686230114e-39,7.620901067587454e-45,2.8589493798189954e-97,8.05429130214048e-53,9.661764438966694e-40,0.000334,1.8613420851276376e-20,2.7025665353225832e-28,4.124469586629405e-44,7.732909639457136e-86,2.7203938302102155e-56,1.2357843715827119e-60,6.597580555730633e-77,1.5087756532721689e-61,-1.6855761769128688e-91,1.524892296252198e-23,2.4695342160129184e-31,4.042253837864826e-22,3.51e-06,3.380842142378996e-64,2.872063493505466e-56,8.700660410218906e-22,1.7799999999999993e-06,3.3936396863276543e-50,1.8001943290973063e-45,-1.6153727467217068e-98,2.1271102987999177e-67,0.0,0.0,8.696895544220086e-38,7.044578171213685e-25,1.3767631575181256e-55,8.803898269791809e-26,4.200296224557933e-76,2.0905533564188522e-43,4.200296224557928e-76,-1.1570326190126387e-103,1.258532349587005e-63,1.9971926057654527e-43,3.992581699956794e-29,7.161568340225575e-40,5.900050927883189e-61,2.818338516678228e-54,8.605255666121876e-58,2.6177129699018143e-48,3.228350713608914e-39,8.083510310356612e-69,1.5803168767166814e-84
3.023992532794805e-09,1.0000000005010377e-10,0.00017699999999999997,2.0462258885865944e-39,4.372407081980891e-33,1.1368015470215452e-50,5.74473442512757e-42,3.06389967254795e-65,5.021907601368473e-53,1.6555082261551986e-123,2.991550730071926e-103,2.6616026352772953e-116,3.796541215556402e-67,1.1799640892685573e-57,1.9146729874560053e-83,1.0862602031938552e-68,2.015159266536748e-62,2.0905177611832802e-144,-1.6318674548958222e-126,1.5929626121814458e-95,2.8789073881709245e-115,5.142201342602584e-132,7.496092916561322e-116,4.7683828549483304e-29,1.4714717342961549e-22,2.3841157134374447e-29,9.756883503341505e-22,7.0643688805174146e-102,2.407811800846683e-98,2.0811019627595196e-47,1.860923141514108e-32,2.7143556194452365e-137,4.759443491554536e-131,3.8161333411827124e-98,8.701491746808938e-87,2.4078118008473467e-98,2.6131199395013623e-85,5.298629615171109e-63,1.4144591936880438e-61,8.082463322654372e-50,2.7272928951027937e-24,3.3899999999191784e-08,5.721234283719004e-34,8.83776400198646e-28,1.3859778842122889e-33,1.386072000006393e-26,1.0098373455012651e-59,3.2143462815550767e-49,1.9927703467517493e-35,0.00018232390000000784,0.5,3.5566069339131966e-18,0.25,3.485161130538235e-18,1.2524711037809058e-29,2.449912084800305e-63,2.9859270837037502e-62,7.903163403226778e-48,2.7715984105369675e-66,5.068387007806882e-79,5.393236131580859e-64,5.526674880367863e-71,2.5769500383580708e-82,3.983192668579436e-40,5.2451385476139494e-42,1.2043672390062348e-39,8.67902013064791e-25,0.0,7.760788728445524e-73,6.206483059747237e-92,8.64138850979166e-29,2.967933215565939e-53,5.689882399910516e-41,1.5176139417838146e-101,1.1926677054959658e-40,8.082152266342903e-19,2.6907945878718927e-45,6.430629018083335e-37,4.599409105689447e-48,1.9022557450005585e-44,1.1777952031491335e-35,6.638631510905168e-69,1.5751566513350065e-99,1.0191379277285389e-60,8.59454411717549e-45,0.10000000149011612,7.551182562329415e-19,2.1603565212877818e-30,2.690353912712973e-45,7.880605841493114e-81,2.3260019524160163e-79,1.0235217111046868e-57,1.4251444994444025e-75,1.2392085128570879e-37,2.2543826462601976e-97,1.2398053483815512e-36,7.260514431313335e-35,4.1873846407501797e-85,2.7821756397814355e-56,2.3238718282856677e-74,2.2559999999999535e-06,4.698690498208517e-20,6.180000000000001e-05,1.9384466208681186e-21,1.6314741967623585e-49,1.606978394318898e-42,2.554113597015957e-53,7.1836221017255414e-90,9.998426755422666e-45,3.5960085260556576e-32,2.1928880528030026e-67,3.143543491209404e-43,-2.3680180253811143e-146,5.270214772326848e-71,3.930644512503805e-55,5.5052922385076497e-70,3.862474898453531e-39,1.6215047795945183e-44,1.8132904224695283e-96,2.4356116754575025e-52,2.020428973570591e-39,0.000334,2.6916573209295008e-20,3.9081386803434824e-28,8.745010522838517e-44,4.96313761260675e-85,8.226450628795793e-56,3.7370028966212277e-60,4.178888502704272e-76,4.562526316858621e-61,1.8686326534381707e-90,2.2051226078579634e-23,5.164189742706843e-31,5.845439278881497e-22,3.51e-06,1.0223747005059686e-63,8.685098558051914e-56,1.2581887272315965e-21,1.7799999999999988e-06,7.096641605451628e-50,3.764511920361126e-45,1.7903476644179563e-97,6.432365661222912e-67,0.0,0.0,1.8186595055860917e-37,1.0187052965064387e-24,4.163321507708544e-55,1.2731177906587211e-25,2.66045549750973e-75,4.371680347566554e-43,2.660455497509739e-75,1.5291714452056175e-103,3.8057924273803e-63,4.176448139273727e-43,5.773609186880647e-29,1.497598110805945e-39,1.7841709976852297e-60,8.522634629209764e-54,2.602222887707627e-57,5.474771426859356e-48,6.750996010954165e-39,2.4448452833645523e-68,1.0013460997410993e-83
4.372947726504e-09,1.0000000007245424e-10,0.0001769999999999999,2.959014862767422e-39,6.322868659598451e-33,2.377233266058799e-50,1.2013155519338543e-41,9.256825395924704e-65,1.5186211012842446e-52,-4.31792191471917e-119,-2.0334078327284736e-99,-2.4182649397894327e-111,1.148071227663186e-66,3.5682025930236925e-57,-7.575465977529056e-83,-4.27128478945216e-68,6.0938265660071325e-62,2.9831558566205435e-139,-2.7133133071175644e-120,-6.302608535104465e-95,-6.783441229877478e-113,-1.9670279423840435e-128,-2.1541147180133706e-113,6.895580637827692e-29,2.127871978921232e-22,3.447631988792853e-29,1.4109274765248383e-21,-3.6178161987675856e-98,-9.186200782302823e-95,5.99998288223483e-47,3.891486960199868e-32,-3.3169352798772044e-132,-7.45402445300254e-126,-6.586631719468838e-95,-2.0410385490994829e-84,-9.186200782300893e-95,-6.115953120564142e-83,-2.0834744552381866e-62,-5.5617958184346264e-61,2.444130873522652e-49,3.943896070720866e-24,3.389999999883125e-08,8.273473315482062e-34,1.278015060614468e-27,2.0044005736249213e-33,2.0043767752580248e-26,3.05373992734879e-59,6.721710610466145e-49,2.88171365020195e-35,0.0001823239000000113,0.5,5.143152979764268e-18,0.25,5.0398363344912596e-18,2.6191167489144587e-29,-6.30823104318236e-63,-8.14172434421544e-62,2.3899107117693345e-47,-1.0898203721932377e-65,-4.886514726495576e-77,-1.3886938962613684e-63,-2.1731444442873792e-70,-6.03129821848683e-80,8.329490876907406e-40,1.5861259802527808e-41,2.5185238988963225e-39,1.2550593606589838e-24,0.0,-3.0516201887669845e-72,-1.4526145113763847e-89,1.8070520997648478e-28,-1.1670211916999773e-52,1.1898451188269872e-40,-5.976850826870021e-101,2.5218010875234312e-40,1.168747243738623e-18,5.627233228286675e-45,1.3447470457773253e-36,1.390857879146811e-47,3.977920252210986e-44,2.4629575357579253e-35,-2.610376683040987e-68,-8.063008276592758e-96,3.081865480850422e-60,1.797256194019692e-44,0.1000000014901161,1.091964555475829e-18,4.517649893375836e-30,5.625958932309421e-45,-3.0987335174048025e-80,4.459383008422417e-79,-4.024590313762912e-57,-3.335521196841666e-73,2.5913825569859113e-37,-5.2910427371465174e-95,2.5926306351991472e-36,1.0766546588851907e-34,-9.800487065128046e-83,8.413278359722176e-56,-5.438973903421051e-72,2.2559999999999323e-06,6.794701940846726e-20,6.18e-05,2.8031569693752648e-21,3.4116990519186267e-49,3.360533678384986e-42,7.722846436148984e-53,-2.827617302736748e-89,1.4478089210610248e-44,7.519827109288861e-32,-5.129128109782106e-65,9.506052044417526e-43,-8.955349174958902e-139,-1.2334828574719541e-68,-1.5455689571021092e-54,-1.288502251256289e-67,8.077050774555367e-39,3.475051876218504e-44,3.651214492668314e-96,7.365271519440619e-52,4.225039083728876e-39,0.000334,3.892363038032335e-20,5.651497472954284e-28,1.8650353603288488e-43,-2.9160260547185055e-84,2.4876725273163105e-55,1.1300666394369746e-59,-1.6431814826174725e-75,1.3797045410351434e-60,-4.4024824494392027e-88,3.188792892217545e-23,1.079914403519671e-30,8.452997197508822e-22,3.5099999999999994e-06,3.0915128781728257e-63,2.6263673186418392e-55,1.8194467990882368e-21,1.779999999999998e-06,1.4840208960651404e-49,7.872250781062713e-45,-4.2185164122024096e-95,1.945142571148916e-66,0.0,0.0,3.803106959764937e-37,1.4731336013334858e-24,1.2589853151643952e-54,1.8410354813527473e-25,-1.0461178606208768e-74,9.14188054685686e-43,-1.0461178606210775e-74,-1.0389222710681742e-99,1.150868788245087e-62,8.733618890336704e-43,8.349124839144879e-29,3.131716399178243e-39,5.395319737191681e-60,2.5772383479975924e-53,7.869102581184259e-57,1.1450785896356882e-47,1.4117408913405856e-38,7.387898674902619e-68,-3.9927736830188374e-83
6.3236504757711994e-09,1.0000000010477491e-10,0.00017699999999999988,4.2789845479924744e-39,9.143400269153966e-33,4.971173743228516e-50,2.5121423352433923e-41,2.7933931466355402e-64,4.5922988186162096e-52,-4.200326290823372e-118,-2.019589483595597e-98,-2.4161430378541202e-110,3.471758812815663e-66,1.0790217983580876e-56,-1.163731334883192e-81,-6.576332027491413e-67,1.8427685973057065e-61,3.169492339547987e-138,-2.7387415391731307e-119,-9.681969415862259e-94,-6.689279804609474e-112,-1.935407321873486e-127,-2.1258355709786697e-112,9.971794262334102e-29,3.0770819806547184e-22,4.985566037643164e-29,2.0403198862852088e-21,-3.592929442585042e-97,-9.038847408681995e-94,1.753066275021855e-46,8.137719620719336e-32,-2.933221731438329e-131,-7.17548110234467e-125,-6.482751476094209e-94,-2.0126251413813178e-83,-9.038847408679512e-94,-6.030754744296394e-82,-3.207845170000713e-61,-8.563282259519669e-60,7.391033511357315e-49,5.703207745516603e-24,3.389999999830989e-08,1.1964320698353942e-33,1.848117345983872e-27,2.898866307998488e-33,2.89849752191911e-26,9.234482087948165e-59,1.4056168773284654e-48,4.167200488705458e-35,0.00018232390000001635,0.5,7.437432098866504e-18,0.25,7.288027533558834e-18,5.47699066565751e-29,-1.1500993862402274e-61,-1.4471421279145312e-60,7.227072147050995e-47,-1.677954344986805e-64,-4.8844319158778325e-76,-2.5318286329390833e-62,-3.3459064224897346e-69,-5.947279128600155e-79,1.7418293324291168e-39,4.796433121103843e-41,5.266634979658899e-39,1.8149214716221032e-24,0.0,-4.6984617692142885e-71,-1.4323788432422903e-88,3.7788340236602323e-28,-1.796817466102261e-51,2.488155830455246e-40,-9.197011132305145e-100,5.357382058134817e-40,1.6901068857945944e-18,1.1768508569650198e-44,2.812080454389766e-36,4.2059438411346955e-47,8.318466105571917e-44,5.150436855843452e-35,-4.01909618206412e-67,-8.007507751501241e-95,9.319538183764176e-60,3.758349233808371e-44,0.1000000014901161,1.5790726559360105e-18,9.447126137650032e-30,1.1764777027769823e-44,-4.7710003225857106e-79,-3.7580589599109543e-79,-6.196506302439497e-56,-3.2890556689985533e-72,5.418994049016282e-37,-5.217116770386995e-94,5.421603979479713e-36,1.6128156481309615e-34,-9.663961233744872e-82,2.5441690936819503e-55,-5.36320619623236e-71,2.255999999999902e-06,9.825710904463415e-20,6.18e-05,4.053600914439838e-21,7.134486492624892e-49,7.027670724977699e-42,2.334841659320556e-52,-4.3519150807162465e-88,2.0977361342191116e-44,1.5725157308044291e-31,-5.0576993008176156e-64,2.8746230402066037e-42,-9.175517745225194e-138,-1.2162998061062808e-67,-2.379652843139019e-53,-1.2705527514118892e-66,1.6890400825870803e-38,7.521588925351016e-44,1.5985910541189167e-95,2.227252607727889e-51,8.835230286505626e-39,0.000334,5.62868456617729e-20,8.172541022574861e-28,4.009900273074861e-43,-3.946625236186928e-83,7.522703146838647e-55,3.417311358680648e-59,-2.5299428026391976e-74,4.1722161578593934e-60,-4.341278754606896e-87,4.6112629171828963e-23,2.2582731793876702e-30,1.2223745421364484e-21,3.509999999999999e-06,9.347728639580118e-63,7.942115160146664e-55,2.631073211088333e-21,1.7799999999999974e-06,3.103324280386046e-49,1.6462301371920873e-44,-4.159958888754311e-94,5.882096599007183e-66,0.0,0.0,7.952902950210105e-37,2.1302751785031582e-24,3.807162192451464e-54,2.6622922627157713e-25,-1.610667275593919e-73,1.9117129636196867e-42,-1.6106672755941166e-73,-1.0318574967714079e-98,3.4802186223593544e-62,1.8263389472804276e-42,1.207353724942325e-28,6.548918253922921e-39,1.6315406338270243e-59,7.793549520631112e-53,2.379610744591718e-56,2.3951968918792464e-47,2.95217526576552e-38,2.2303916155042984e-67,-6.116337620114914e-82
9.144530838398738e-09,1.0000000015151333e-10,0.00017699999999999986,6.187771813864009e-39,1.32221263787047e-32,1.0395516814329514e-49,5.253290114274854e-41,8.447892229273914e-64,1.3887077341974045e-51,-1.4064155061479652e-117,-7.02279846832218e-98,-8.505622577556814e-110,1.049857272640541e-65,3.262953861113765e-56,-3.410635272736863e-81,-1.9262943311364161e-66,5.572518478614102e-61,1.2356871113265886e-137,-9.819058102639783e-119,-2.837567870613398e-93,-2.2327677750924408e-111,-6.6104428546982915e-127,-7.143496821028041e-112,1.4420480975314575e-28,4.449719536403384e-22,7.209548118315888e-29,2.9504742856071993e-21,-1.2487986350289757e-96,-3.0874320795233976e-93,5.1730209218012346e-46,1.701726905483169e-31,-7.914624887310887e-131,-2.354017211230323e-124,-2.2109604019780683e-93,-6.716384097692439e-83,-3.08743207952217e-93,-2.0123717070867025e-81,-9.396201235304488e-61,-2.508298221416049e-59,2.2350430147903858e-48,8.247322771230125e-24,3.389999999755596e-08,1.7301795170442225e-33,2.6725332352089177e-27,4.192703898325496e-33,4.191471378213878e-26,2.7925005427030137e-58,2.939369067195728e-48,6.026122656281575e-35,0.00018232390000002364,0.5,1.0755152810567368e-17,0.25,1.0539101233462785e-17,1.1453260632211378e-28,-3.364646147235157e-61,-4.234381577462801e-60,2.1854612206579104e-46,-4.914949398574116e-64,-1.6223782905572692e-75,-7.406931572294565e-62,-9.800600957459511e-69,-1.984517155839569e-78,3.6424428193106085e-39,1.4504377942179498e-40,1.1013373357736031e-38,2.6245292066649278e-24,0.0,-1.3762413689536318e-70,-4.7796317048558256e-88,7.902144370999606e-28,-5.263115143950318e-51,5.20313050720245e-40,-2.6943117749194356e-99,1.1456834658083625e-39,2.4440368100881068e-18,2.4613053528908017e-44,5.880508536337051e-36,1.2718742768896562e-46,1.739524086192505e-43,1.0770384556302614e-34,-1.1772462357065386e-66,-2.783153599832271e-94,2.8182213878853227e-59,7.859307442179675e-44,0.1000000014901161,2.2834719682254462e-18,1.9755446828705267e-29,2.4602024327529274e-44,-1.3974888685715315e-78,-1.9085888000642026e-78,-1.8150383539487107e-55,-1.0975081647206068e-71,1.13319804612354e-36,-1.7408753589218823e-93,1.1337438241759295e-35,2.4491261640346503e-34,-3.2247177990054073e-81,7.693548341453362e-55,-1.7896208461581097e-70,2.255999999999858e-06,1.420880498049641e-19,6.18e-05,5.861848106625845e-21,1.491959019344094e-48,1.4696763249476948e-41,7.060607645433566e-52,-1.2748536935701308e-87,3.042040613205957e-44,3.2883810859877505e-31,-1.687678568877766e-63,8.692838608144701e-42,-3.3751101843205873e-137,-4.058608616919634e-67,-6.970316769924273e-53,-4.239642495412588e-66,3.532052082144834e-38,1.6499056840981359e-43,2.3567697868998792e-94,6.735195254411202e-51,1.847587505548388e-38,0.00033399999999999993,8.139551638861936e-20,1.1818182187276198e-27,8.717417474939903e-43,-1.1954662141128704e-82,2.274859814244907e-54,1.0333924233987061e-58,-7.410536067682445e-74,1.261675051503581e-59,-1.4489808801005196e-86,6.668274300059334e-23,4.722409235469991e-30,1.767656473024332e-21,3.509999999999998e-06,2.826757766943384e-62,2.4016896938856708e-54,3.804753315994524e-21,1.779999999999996e-06,6.489545812449363e-49,3.4425810639193157e-44,-1.3885234914726232e-93,1.7787416193916824e-65,0.0,0.0,1.663078793327254e-36,3.0805572094595768e-24,1.1512830041053414e-53,3.849898692283006e-25,-4.7178567050674816e-73,3.997696575124269e-42,-4.7178567050681426e-73,-3.5880868646215514e-98,1.052415512645153e-61,3.81916591044212e-42,1.7459351072962785e-28,1.3694832108015326e-38,4.933766696702072e-59,2.3567635554230675e-52,7.195925122596348e-56,5.010719294486983e-47,6.173469121175036e-38,6.745124764023093e-67,-1.7938204225916861e-81
1.3223761271250085e-08,1.0000000021910102e-10,0.00017699999999999978,8.948038862751476e-39,1.912030763851421e-32,2.1738682943148485e-49,1.0985467121515677e-40,2.558890235812123e-63,4.199441856033754e-51,-2.9562512751038476e-117,-1.6108015469738962e-97,-2.003233145435597e-109,3.174760557859965e-65,9.867148120453544e-56,-3.542133598832894e-81,-1.991370882731538e-66,1.6851254310769708e-60,3.5014710755788676e-137,-2.400266382288395e-118,-2.9469714109712334e-93,-4.633116302138913e-111,-1.4564108589047133e-126,-1.508561973051051e-111,2.085412250410835e-28,6.434668974317685e-22,1.0425613397383414e-28,4.266634153037222e-21,-2.8612783056954387e-96,-6.803160395752998e-93,1.5375009693310685e-45,3.5585822512857114e-31,-6.755171094168657e-131,-4.6965105789978555e-124,-4.853094818209306e-93,-1.392917173349496e-82,-6.8031603957483605e-93,-4.1725584925482194e-81,-9.71363508276519e-61,-2.5930365897934797e-59,6.758753386728585e-48,1.1926331970244818e-23,3.389999999646571e-08,2.502064760714499e-33,3.86470800082504e-27,6.064464919384387e-33,6.06122040187015e-26,8.444504161854963e-58,6.146689593653818e-48,8.714280576863636e-35,0.0001823239000000342,0.5,1.5552856206513607e-17,0.25,1.5240427440186957e-17,2.395059387825316e-28,-3.2152417064771086e-61,-4.0926676742395874e-60,6.6088184115365124e-46,-5.080992171543343e-64,-3.308034585844171e-75,-7.078032656204432e-62,-1.0131697748324952e-68,-4.114803385164309e-78,7.61692861920334e-39,4.3861130584560746e-40,2.3030719460357937e-38,3.7952901347621245e-24,0.0,-1.4227352221425696e-70,-9.910342503687346e-88,1.652464365156879e-27,-5.440920071709178e-51,1.0880575381783753e-39,-2.7886188415651256e-99,2.4725238591380264e-39,3.534282937486781e-18,5.147957404618034e-44,1.2297080829111289e-35,3.846138315666354e-46,3.6376228145681354e-43,2.2522591138761484e-34,-1.2170173939727487e-66,-6.376704004729721e-94,8.522280445354229e-59,1.6435064902488521e-43,0.1000000014901161,3.3020926618354928e-18,4.131178876057241e-29,5.144675497178198e-44,-1.4447005425803387e-78,2.136589121211467e-78,-1.876356177178116e-55,-2.2756317817232616e-71,2.3696977707073684e-36,-3.6096869672829565e-93,2.3708390795770296e-35,3.7860133476512544e-34,-6.686301338509277e-81,2.326523273474607e-54,-3.710695014038967e-70,2.2559999999997947e-06,2.054712793168673e-19,6.18e-05,8.476725743431986e-21,3.1199972033168147e-48,3.0735643935120796e-41,2.1355151862819223e-51,-1.3189469567509295e-87,4.4169011192386073e-44,6.876529089492602e-31,-3.499322446570818e-63,2.628707903736148e-41,-8.664091131131945e-137,-8.415334897315447e-67,-7.205796451767823e-53,-8.790700166298166e-66,7.386083989123065e-38,3.683128345857684e-43,1.5444334203975739e-93,2.0367180155903047e-50,3.8636000194215366e-38,0.0003339999999999999,1.1770476760950606e-19,1.7090086158976468e-27,1.9233707264205845e-42,-1.5714948582922234e-82,6.879159091289805e-54,3.124972219949947e-58,-7.660889481749196e-74,3.8152959865699125e-59,-3.0063797195582032e-86,9.64288589469466e-23,9.875310564962217e-30,2.5561800405002512e-21,3.5099999999999977e-06,8.548807645136717e-62,7.262691700257227e-54,5.501993534259338e-21,1.7799999999999944e-06,1.3570674883483478e-48,7.199141266950829e-44,-2.8812628392918264e-93,5.378901383058528e-65,0.0,0.0,3.47776288749772e-36,4.4547450096259116e-24,3.481471207188261e-53,5.567277548143225e-25,-4.8772410530054043e-73,8.359820857352083e-42,-4.877241053006782e-73,-8.229743197797324e-98,3.1824966512884064e-61,7.986484818027856e-42,2.5247691178481837e-28,2.8638077190077737e-38,1.4919673837294892e-58,7.126835392397632e-52,2.1760423836832173e-55,1.0484202627169699e-46,1.2909708116593617e-37,2.042407303994989e-66,-1.873690100847536e-81
1.912267181873642e-08,1.000000003168385e-10,0.0001769999999999997,1.2939617348915553e-38,2.764957419274269e-32,4.545905169357351e-49,2.297236308595094e-40,7.755138671212571e-63,1.2699080965409891e-50,-3.0374815708984735e-117,-2.3680028850023403e-97,-3.199363824567589e-109,9.600452240029856e-65,2.9838182274728724e-55,1.6474887929247605e-80,9.365268472174309e-66,5.095806737489258e-60,8.387744696474882e-137,-4.248183292358952e-118,1.3706716768448442e-92,-4.422282638115763e-111,-1.850537546644008e-126,-1.5820419084609929e-111,3.0158684360201913e-28,9.305072930868198e-22,1.507631448516615e-28,6.169912100035088e-21,-4.191327719086102e-96,-8.648938785474034e-93,4.593313466648011e-45,7.4415628020113494e-31,4.541031812058729e-130,-3.492845152482091e-124,-6.0736532781372526e-93,-1.3253701634305373e-82,-8.648938785458378e-93,-3.965244282769856e-81,4.568250794447162e-60,1.2194859444791986e-58,2.0438419770571497e-47,1.7246498835999236e-23,3.3899999994889115e-08,3.6183625962018237e-33,5.588693055505305e-27,8.772784380992117e-33,8.765034863825874e-26,2.55361310661506e-57,1.2853708687734746e-47,1.2601583196054934e-34,0.00018232390000004944,0.5,2.2490739131573443e-17,0.24999999999999997,2.2038940836473677e-17,5.0084510039004715e-28,1.8209664706792973e-60,2.259080915173163e-59,1.9985017525294684e-45,2.389553067729654e-63,-2.829499129886074e-75,4.008675341945952e-61,4.764861423743562e-68,-3.9103587476413786e-78,1.592821204562344e-38,1.3263573134588091e-39,4.816090598504126e-38,5.488308977616752e-24,0.0,6.691018598014674e-70,-9.417945615391545e-88,3.4555664258547676e-27,2.558824501508874e-50,2.2753017721590283e-39,1.3077636604249263e-98,5.4024334566573656e-39,5.1108706016336505e-18,1.0768149613494493e-43,2.571515643267026e-35,1.1630693545459915e-45,7.606851133985767e-43,4.709832865754046e-34,5.723542859247111e-66,-9.340264779126041e-94,2.577131247981227e-58,3.43683411104312e-43,0.1000000014901161,4.775103920290945e-18,8.63895362803532e-29,1.0758336639694559e-43,6.794319740790943e-78,4.2194178383948154e-77,8.82436443783143e-55,-2.1625666668603195e-71,4.955415819622633e-36,-3.4307227648949052e-93,4.957802478277176e-35,5.9859122130045075e-34,-6.354091430185594e-81,7.035389006157958e-54,-3.52632856161796e-70,2.255999999999703e-06,2.971287640449766e-19,6.18e-05,1.2258058895756052e-20,6.524632429722486e-48,6.428029522915035e-41,6.459358154987121e-51,6.191358105113279e-87,6.424549692935632e-44,1.4379918592577547e-30,-3.32545500005827e-63,7.949193070810064e-41,-1.721884665373247e-136,-7.997217691514695e-67,3.388832818559036e-52,-8.353932879365924e-66,1.5445479122508202e-37,8.4063342921952e-43,7.229997235604889e-93,6.159020070412691e-50,8.079403581814669e-38,0.0003339999999999998,1.7021100095516336e-19,2.471370302968446e-27,4.325743413907803e-42,3.6064453986246945e-82,2.080252572339888e-53,9.44989766791106e-58,3.6028577784423467e-73,1.1537426782536518e-58,-2.867767889113316e-86,1.3944424628313992e-22,2.065084872785578e-29,3.696451487699189e-21,3.5099999999999965e-06,2.585439326670397e-61,2.196232546899361e-53,7.956345743565715e-21,1.779999999999992e-06,2.837844468813482e-48,1.5055022138800471e-43,-2.750148656280296e-93,1.6265757650108286e-64,0.0,0.0,7.272556628201494e-36,6.4419362313042315e-24,1.0527942932233082e-52,8.050751922407271e-25,2.293730423570433e-72,1.748171814751661e-41,2.293730423570299e-72,-1.2097576443940776e-97,9.623846107744073e-61,1.670101309898208e-41,3.651028650661744e-28,5.988678493318686e-38,4.5116983029939185e-58,2.1551497005999152e-51,6.580335919122566e-55,2.194225210799261e-46,2.699625775785192e-37,6.187007496170819e-66,8.594582045590062e-81
2.76529929712296e-08,1.0000000045817513e-10,0.00017699999999999956,1.8711775817985901e-38,3.9983611550772334e-32,9.506212437877825e-49,4.803887354639444e-40,2.3501247254941967e-62,3.8401926452471394e-50,8.674200932704809e-117,5.5407488023279225e-98,-8.006774858244825e-110,2.9031695942582534e-64,9.023044050315986e-55,1.2906864501042552e-79,7.31704387579002e-65,1.540968157254599e-59,1.7761272067291893e-136,-3.3866748668121436e-118,1.0738205831925096e-91,1.5594665346945157e-110,2.2013027712790695e-126,4.2444848821321294e-111,4.361590219995027e-28,1.3455918648126478e-21,2.1801619707188013e-28,8.922212206615928e-21,1.0719654345731726e-96,1.0254944903818194e-92,1.3772877619538625e-44,1.556149416397069e-30,3.2621942456072774e-129,2.158033856212019e-123,7.87959595769423e-93,4.712825555767878e-82,1.025494490386833e-92,1.4146679133810636e-80,3.5691544965631424e-59,9.52779069887387e-58,6.180562876280391e-47,2.493992863272852e-23,3.389999999260923e-08,5.2328047460698545e-33,8.081720550099456e-27,1.269257868487741e-32,1.267497815168945e-25,7.722110911926193e-57,2.6879156541830643e-47,1.822294998864597e-34,0.0001823239000000715,0.5,3.252350179121886e-17,0.24999999999999994,3.18701634243902e-17,1.0473469503719463e-27,1.3648262625442707e-59,1.7023500561111167e-58,6.04345437590515e-45,1.8669474294187236e-62,1.3069180656052372e-74,3.0045283494406096e-60,3.722765747477284e-67,1.3950865702966927e-77,3.330843068828353e-38,4.0108946110827324e-39,1.0071213230147404e-37,7.936556722685544e-24,0.0,5.227663759877667e-69,3.3600112668583793e-87,7.22614028779777e-27,1.9991984647130138e-49,4.758018737706006e-39,1.0224585170877826e-97,1.199889137600352e-38,7.390749062255677e-18,2.2526838249609603e-43,5.377449164827397e-35,3.517113042916554e-45,1.5907144202700607e-42,9.84901137106398e-34,4.471779168058037e-65,2.392603843365525e-94,7.793225664698854e-58,7.18696812100288e-43,0.10000000149011609,6.905202180759981e-18,1.8065429269207996e-28,2.2497397033042657e-43,5.308372519896799e-77,2.3550266879603088e-76,6.894437592901674e-54,7.715322074954051e-71,1.0362564479363762e-35,1.2236022977701431e-92,1.0367555362668366e-34,9.72475351224201e-34,2.2669295055553212e-80,2.1274963819337964e-53,1.2580773123692397e-69,2.255999999999571e-06,4.2967320160958363e-19,6.18e-05,1.7726184901893367e-20,1.364471452539148e-47,1.3444200837634698e-40,1.9537645014141403e-50,4.839491183798138e-86,9.368529144029495e-44,3.007070224429093e-30,1.186415457842754e-62,2.403830048499786e-40,-2.3253893297492857e-136,2.853142568796977e-66,2.647680356770214e-51,2.9804067408762545e-65,3.2298959188001147e-37,1.9708860967077036e-42,2.8586384156394546e-92,1.862483070185029e-49,1.6895320920777093e-37,0.0003339999999999997,2.4613943371906007e-19,3.573809469276482e-27,9.964110668502226e-42,3.5416495141241577e-81,6.290668244917192e-53,2.8576434585214134e-57,2.8148974970046083e-72,3.488909304650596e-58,1.0129774549924149e-85,2.0164811690005516e-22,4.318421687748174e-29,5.3453799749721916e-21,3.5099999999999948e-06,7.819183651662542e-61,6.641390821937001e-53,1.1505545616689837e-20,1.7799999999999885e-06,5.934385212543318e-48,3.14838728186919e-43,9.698079469900107e-93,4.918752977065559e-64,0.0,0.0,1.520807531197359e-35,9.315581995560723e-24,3.1836420808552947e-52,1.1642064897140257e-24,1.792081613670039e-71,3.6557059606314836e-41,1.7920816136700838e-71,2.8354049412584046e-98,2.910243876251399e-60,3.492448127420065e-41,5.27969473137835e-28,1.2523281454459707e-37,1.3643342198315576e-57,6.51715660077459e-51,1.989888668218209e-54,4.593952082241483e-46,5.64534787575837e-37,1.874089454320704e-65,6.756470418717233e-80
3.998855533972139e-08,1.0000000066255977e-10,0.00017699999999999934,2.705880282587471e-38,5.781966776179195e-32,1.987900574338322e-48,1.0045694314921362e-39,7.087374931490724e-62,1.1612713712443792e-49,-1.381907973207501e-112,-6.492056269282346e-94,-7.524274724666492e-105,8.779163151307508e-64,2.7285617787524117e-54,6.732051641996283e-80,4.656819721726932e-65,4.6598761814093135e-59,9.443462594255325e-132,-8.61528485724237e-113,5.600903590522183e-92,-2.2384081868804145e-108,-6.435646783589705e-123,-1.8911280761212675e-108,6.3080434166582825e-28,1.945839092309362e-21,3.1526977131614966e-28,1.2902269816310024e-20,-1.14288862560498e-92,-2.923795357092419e-89,4.1403852990243567e-44,3.254156513255949e-30,2.3346234218954164e-125,-2.282474566713294e-118,-1.9990877965413424e-89,-6.46313156237807e-80,-2.9237953570865855e-89,-1.8964687331605713e-78,2.2715397017466487e-59,6.063832460381589e-58,1.8689975988494755e-46,3.606531898963288e-23,3.3899999989312316e-08,7.567803572928555e-33,1.1686848142580798e-26,1.8367908131368431e-32,1.8329085240206162e-25,2.3351590365166496e-56,5.620860905853658e-47,2.6351919548589234e-34,0.00018232390000010344,0.5,4.703172103839375e-17,0.24999999999999997,4.608693875906033e-17,2.1901694427446574e-27,9.558967209092451e-60,1.1779051973746137e-58,1.8275360907053825e-44,1.1881932340901521e-62,-1.4769754447571573e-72,2.1043109158212897e-60,2.3692942070989618e-67,-1.870218478963449e-75,6.96532386521676e-38,1.212891535621257e-38,2.1060512432625123e-37,1.1476929026534481e-23,0.0,3.3270752684435137e-69,-4.5043478101215853e-85,1.5111011342870866e-26,1.2723626210636296e-49,9.94977571113912e-39,6.208150265199965e-98,2.7213051775099943e-38,1.0687645208970414e-17,4.713418627205702e-43,1.1245103484072303e-34,1.0635723580149891e-44,3.3264391964570123e-42,2.059585292112605e-33,2.846002857394601e-65,-2.5364165862812972e-90,2.3566656158862859e-57,1.5029096368803183e-42,0.1000000014901161,9.985503551987e-18,3.777769261309588e-28,4.704564379201767e-43,3.3784401600364052e-77,-8.026836603312152e-74,4.3878708490064813e-54,-1.034296949372001e-68,2.1669774343653593e-35,-1.6874029632847072e-90,2.168021107500694e-34,1.6297468189487543e-33,-3.0389895025297365e-78,6.433533172745732e-53,-1.686547252358403e-67,2.255999999999379e-06,6.213436143579934e-19,6.179999999999998e-05,2.563355534876279e-20,2.853529320282964e-47,2.812051823892103e-40,5.906379745073061e-50,2.9867115703674956e-86,1.3711002985901203e-43,6.288263230509919e-30,-1.590477543957567e-60,7.269164117891385e-40,-2.8029400570190494e-129,-3.824852214364318e-64,1.6850800677333325e-51,-3.9954593921321044e-63,6.7542272813530665e-37,4.7655098853333574e-42,3.563645922405019e-89,5.632134896856381e-49,3.5330809523778795e-37,0.00033399999999999966,3.559383382353607e-19,5.168029294469006e-27,2.3613450764409796e-41,-2.8314838783155777e-80,1.9022933799564915e-52,8.641486792297782e-57,1.7914875555617038e-72,1.0550435447857651e-57,-1.4521010456328717e-83,2.916001494014604e-22,9.030508197643662e-29,7.729869354952324e-21,3.5099999999999927e-06,2.364190270598779e-60,2.0083516253562236e-52,1.6637987363077423e-20,1.7799999999999834e-06,1.2409745592635224e-47,6.584209566935646e-43,-1.3920310700019004e-90,1.4874272235676207e-63,0.0,0.0,3.180250997247114e-35,1.3471115638983774e-23,9.627309881237516e-52,1.683540573287021e-24,1.1405459152996095e-71,7.644663961095565e-41,1.1405459152934186e-71,-3.3029878100653545e-94,8.80055575198157e-60,7.303265921635813e-41,7.634882968124193e-28,2.6188178003573042e-37,4.1257364073758443e-57,1.9707832899281084e-50,6.017408473989764e-54,9.623249673609364e-46,1.180532239841838e-36,5.654989938646617e-65,2.545170921781945e-80
5.78268167869447e-08,1.0000000095811717e-10,0.00017699999999999904,3.9129306494964266e-38,8.361210639190069e-32,4.1570170273833383e-48,2.1007148352403746e-39,2.0929172717283896e-61,3.511675510759768e-49,-2.8277909052999916e-111,-1.354879617021693e-92,-1.5761947167660704e-103,2.654812321985101e-63,8.251150330799485e-54,-8.056300646123218e-78,-4.3922788379379093e-63,1.4091430272855795e-58,2.088902801768084e-130,-1.8204913913903467e-111,-6.702652336543153e-90,-4.774457439987575e-107,-1.3323736137512687e-121,-3.9665535263319505e-107,9.123669883470229e-28,2.8138471046987927e-21,4.5590662567664495e-28,1.8657768112981985e-20,-2.3852509996063355e-91,-6.055317136309382e-88,1.2469213552207657e-43,6.804960051284348e-30,1.9881797548177618e-123,-4.624010439745832e-117,-4.1408207786348644e-88,-1.3798872706270118e-78,-6.055317136293921e-88,-4.05136383920374e-77,-2.1424925594111355e-57,-5.719343528021219e-56,5.651834788321779e-46,5.2153660456886185e-23,3.389999998454471e-08,1.0945202199630038e-32,1.6900166081843862e-26,2.658950213103229e-32,2.6505399989035856e-25,7.061463607302011e-56,1.1754118542492712e-46,3.810709381140879e-34,0.00018232390000014957,0.5,6.801182720401582e-17,0.24999999999999994,6.664559248535159e-17,4.579993464471825e-27,-7.939936560982226e-58,-9.945176349523459e-57,5.526455496975151e-44,-1.1206914625782817e-60,-3.170248210404036e-71,-1.747897526136067e-58,-2.2347042744357657e-65,-3.995286283163645e-74,1.4565602625169982e-37,3.6677749532217743e-38,4.4040888995670025e-37,1.6596605364361102e-23,0.0,-3.138062738819094e-67,-9.622490219966632e-84,3.159953373429289e-26,-1.200079128500885e-47,2.080656722009944e-38,-6.199886170872364e-96,6.332209983221199e-38,1.545523452962043e-17,9.86466736132289e-43,2.351530409421399e-34,3.216234872292279e-44,6.956119956338242e-42,4.3069211879212245e-33,-2.684320224607845e-63,-5.293430675791408e-89,7.126539075376476e-57,3.1428237285782354e-42,0.1000000014901161,1.443987859827894e-17,7.899917780878225e-28,9.837994133631036e-43,-3.186510833108165e-75,-1.656392463593997e-72,-4.138593945805589e-52,-2.2095345873269638e-67,4.531495278487589e-35,-3.600358873866992e-89,4.5336777650071675e-34,2.824053287880134e-33,-6.4920934167006754e-77,1.945495627983856e-52,-3.6029154776248085e-66,2.255999999999102e-06,8.985151637505417e-19,6.179999999999997e-05,3.7068278563299756e-20,5.967795529047825e-47,5.882429680496732e-40,1.7814413616902963e-49,-2.9244752896687453e-84,2.016886206106517e-43,1.3149760897839577e-29,-3.3976849640958396e-59,2.19818980412326e-39,-6.002253964789756e-128,-8.170906104600103e-63,-1.5893499311315615e-49,-8.535368614077355e-62,1.4124166014959534e-36,1.1913112408578712e-41,8.493641622634532e-88,1.7031533875941723e-48,7.38823552065701e-37,0.0003339999999999995,5.147167956994611e-19,7.47340534511039e-27,5.77768356910146e-41,-8.489218746684346e-79,5.7525209778496e-52,2.6131643948113966e-56,-1.6897303026641335e-70,3.1904431862266405e-57,-3.0968241540164105e-82,4.216783595013536e-22,1.8884232295954267e-28,1.1178041696641541e-20,3.5099999999999893e-06,7.140859887081008e-60,6.0732403199975896e-52,2.4059930116859532e-20,1.779999999999976e-06,2.595075654887535e-47,1.3769931701482914e-42,-2.969160473504173e-89,4.4979687195399187e-63,0.0,0.0,6.650411835789742e-35,1.9480367048431313e-23,2.9112913234314016e-51,2.434541369525608e-24,-1.0757509984598069e-69,1.5986211063985078e-40,-1.0757509984611298e-69,-6.8930558316212256e-93,2.6612814919578786e-59,1.5272293689880192e-40,1.1040683394856687e-27,5.476365516903923e-37,1.2476193866215673e-56,5.9596339615407425e-50,1.8196598297438388e-53,2.0173837104994598e-45,2.468681115797744e-36,1.678297549712981e-64,-4.421074652057047e-78
8.362244425442554e-08,1.0000000138551806e-10,0.0001769999999999986,5.658427088140142e-38,1.2091014380531127e-31,8.69298535934428e-48,4.3929296316841824e-39,6.29936836257867e-61,1.0619280260618624e-48,-1.102830762761908e-110,-5.4568970137582395e-92,-6.416650442589883e-103,8.028132602019769e-63,2.495141692056499e-53,-2.9337637423420824e-77,-1.594963439722039e-62,4.261237962525386e-58,9.29838302430444e-130,-7.526229522524437e-111,-2.4408223382023012e-89,-1.8634502322827504e-106,-5.28246539912017e-121,-1.5769666526999169e-106,1.3197166622368851e-27,4.069059748650025e-21,6.592793549527175e-28,2.6980703077264675e-20,-9.606435348199443e-91,-2.4019523103019865e-87,3.759957259020599e-43,1.4230256322551585e-29,1.8813643648205195e-122,-1.7704501565545997e-116,-1.6422644870013591e-87,-5.377152952304939e-78,-2.4019523102933534e-87,-1.5777071469027412e-76,-7.780009584567298e-57,-2.0768589028607866e-55,1.7091106199763968e-45,7.541894581896756e-23,3.389999997765035e-08,1.583086482567665e-32,2.4439062624730642e-26,3.850912893711785e-32,3.832903930734219e-25,2.135378975127208e-55,2.4579742693157332e-46,5.510606537116205e-34,0.00018232390000021628,0.49999999999999994,9.835082658438204e-17,0.2499999999999999,9.637513614142617e-17,9.57749648223013e-27,-2.885250333778694e-57,-3.6135782250858797e-56,1.6711960158776084e-43,-4.0695545388131057e-60,-1.2342553063821673e-70,-6.351589690659356e-58,-8.114857486399978e-65,-1.5558690786067637e-73,3.045899716074983e-37,1.1091324074288072e-37,9.209651995448328e-37,2.4000088262110213e-23,0.0,-1.139521259086909e-66,-3.747249616447114e-83,6.607966267088223e-26,-4.357834092806314e-47,4.350984907036537e-38,-2.2530304510609298e-95,1.5181633487723136e-37,2.2349569963892125e-17,2.065326058816237e-42,4.917424969831758e-34,9.725870239625588e-44,1.4546371782304256e-41,9.006458819416622e-33,-9.747542405346535e-63,-2.1317317613273787e-88,2.155060086069476e-56,6.572145697224746e-42,0.10000000149011609,2.0881279832056367e-17,1.651998748970302e-27,2.0572814145048202e-42,-1.157114168234078e-74,-6.446353134472859e-72,-1.502843051405574e-51,-8.604506156369024e-67,9.476079046230595e-35,-1.402039227152945e-88,9.480642972297822e-34,5.061022178886797e-33,-2.528191144822615e-76,5.883164251959264e-52,-1.4030696140535438e-65,2.255999999998701e-06,1.2993285532093784e-18,6.179999999999996e-05,5.3603850769847476e-20,1.2481458920704283e-46,1.230708882265601e-39,5.3843330199719486e-49,-1.0624832417235061e-83,2.9880425140017715e-43,2.749824638688622e-29,-1.3231474801667184e-58,6.647309555044906e-39,-2.5377295884449968e-127,-3.1819647582324327e-62,-5.771388862568232e-49,-3.3238960013668586e-61,2.9535882834278217e-36,3.080196135260458e-41,4.2066847078324525e-87,5.150323126533429e-48,1.5449978317500167e-36,0.0003339999999999993,7.443238091986307e-19,1.0807173155337699e-26,1.4621408478784817e-40,-3.2535991363462447e-78,1.7395580482748925e-51,7.902180932572938e-56,-6.135899868970584e-70,9.647876009581097e-57,-1.208259709896915e-81,6.0978239975777095e-22,3.94899402752189e-28,1.6164389129268718e-20,3.509999999999984e-06,2.1588944248676983e-59,1.8365433378537827e-51,3.479268403056457e-20,1.7799999999999652e-06,5.426716945767244e-47,2.8799053094056765e-42,-1.1588505774164114e-88,1.3601823763157822e-62,0.0,0.0,1.390707136748908e-34,2.8170250368594066e-23,8.803723225350618e-51,3.5205517312155165e-24,-3.906362726983401e-69,3.342971587245569e-40,-3.906362726988552e-69,-2.7760291509133068e-92,8.047695361766548e-59,3.193680189569095e-40,1.5965757481257873e-27,1.1451953347528192e-36,3.7727915781662238e-56,1.8021888603209694e-49,5.502637737684897e-53,4.2338174918005784e-45,5.1624057740862004e-36,5.0564664757492625e-64,-1.6152320158898667e-77
1.2092509274456956e-07,1.0000000200357571e-10,0.00017699999999999796,8.182561880539979e-38,1.7484624573856574e-31,1.8178418347349585e-47,9.186316223656336e-39,1.932023730106418e-60,3.211262660618756e-48,-2.577378192258679e-110,-1.3671079500102403e-91,-1.6434164410071273e-102,2.427701335725276e-62,7.545289906147608e-53,-4.480192170621999e-77,-2.380902483967308e-62,1.288595205039022e-57,2.787531328237695e-129,-1.9864423892110137e-110,-3.727414635797349e-89,-4.3357892730670845e-106,-1.2800128704702303e-120,-3.8377559313080123e-106,1.909168343939085e-27,5.884202879448901e-21,9.533734405057548e-28,3.901636755646717e-20,-2.4064767263392313e-90,-5.8264736003138685e-87,1.1347657894103848e-42,2.9757734573786135e-29,1.0296240817575485e-121,-3.9623794900420444e-116,-3.982141168528476e-87,-1.2462580456325447e-77,-5.826473600279805e-87,-3.65060806267546e-76,-1.1613706481758893e-56,-3.100257066667378e-55,5.168337749517531e-45,1.0906290286916743e-22,3.389999996768053e-08,2.289941540425174e-32,3.5340941575914707e-26,5.580971358744341e-32,5.542701694805864e-25,6.4573915623159965e-55,5.140018156168055e-46,7.96880093619542e-34,0.00018232390000031277,0.49999999999999994,1.4222357328188436e-16,0.24999999999999983,1.3936655851436667e-16,2.0028071998555413e-26,-4.2915159240167055e-57,-5.377460266472999e-56,5.053684270011583e-43,-6.074878364060513e-60,-2.8522505341257984e-70,-9.447342566228165e-58,-1.2113561178326243e-64,-3.600077628904607e-73,6.3694618884856104e-37,3.3540081144903517e-37,1.925885053863457e-36,3.470614766856041e-23,0.0,-1.701034594691418e-66,-8.670645685249713e-83,1.3818310912303302e-25,-6.505211255861519e-47,9.098603080671376e-38,-3.383577485921994e-95,3.7613679518988437e-37,3.231935927972257e-17,4.326385780909202e-42,1.028311955264677e-33,2.9410958960336266e-43,3.041883078006632e-41,1.883394121311678e-32,-1.4550765678477965e-62,-5.339289739536571e-88,6.516885688452528e-56,1.3743405141174264e-41,0.10000000149011608,3.0196088177404293e-17,3.454592746076058e-27,4.302103419753729e-42,-1.727296704211846e-74,-1.4973223888302223e-71,-2.2433877308825185e-51,-1.9909702258969364e-66,1.9815991979466963e-34,-3.2445282260774085e-88,1.982553587289151e-33,9.36215220506573e-33,-5.849903765277463e-76,1.7790644763915042e-51,-3.246519643754984e-65,2.2559999999981214e-06,1.878938450118229e-18,6.179999999999993e-05,7.751567994603763e-20,2.6106305958598987e-46,2.5754200196149292e-39,1.6307199989474595e-48,-1.5923794110124675e-83,4.4704537128512075e-43,5.750321699013119e-29,-3.06159027683776e-58,2.010141444197019e-38,-6.981238515780453e-127,-7.362650430589378e-62,-8.615312800300153e-49,-7.69106077052972e-61,6.176423966386429e-36,8.222235380283359e-41,1.4603440058077496e-86,1.5574538673879032e-47,3.230836772064923e-36,0.00033399999999999896,1.076354876134897e-18,1.5628082009570573e-26,3.825467468161877e-40,-6.935125192209576e-78,5.260410547443356e-51,2.3896215645312455e-55,-9.159451750573749e-70,2.9175108323556883e-56,-2.809074759505521e-81,8.817966743515963e-22,8.257976063443444e-28,2.33750672088593e-20,3.509999999999977e-06,6.533024438211537e-59,5.55369333891123e-51,5.0313149546606353e-20,1.7799999999999495e-06,1.1348130391341855e-46,6.023529756308738e-42,-2.69635957342515e-88,4.113181401781921e-62,0.0,0.0,2.90819033157125e-34,4.0736553049219487e-23,2.6622393271328307e-50,5.0910141216268015e-24,-5.831271742812648e-69,6.990686527896755e-40,-5.831271742824566e-69,-6.953647751361517e-92,2.4336170658023825e-58,6.678494737541091e-40,2.3087829164113425e-27,2.3947860140664288e-36,1.1408894757274723e-55,5.4498056514254974e-49,1.6639935426569467e-52,8.899390356952387e-45,1.0795413472201901e-35,1.546186590652772e-63,-2.5304669662099574e-77
1.7486786215901368e-07,1.0000000289733909e-10,0.00017699999999999707,1.1832673298315257e-37,2.5284238993556653e-31,3.8013971133712843e-47,1.9210051829602118e-38,5.969591373447629e-60,9.710835430153012e-48,-3.4601517879073415e-110,-2.3080238811030267e-91,-2.9473028499223243e-102,7.34135086009565e-62,2.2816900620697128e-52,7.143906562332814e-77,4.2606230696305535e-62,3.896702405119976e-57,6.908308733287283e-129,-3.8391845027857337e-110,5.9435601760597305e-89,-5.701914556803829e-106,-1.952312188433437e-120,-5.931052237780827e-106,2.7623801544666122e-27,8.509052621084765e-21,1.3786582447258195e-27,5.642095140175571e-20,-4.061726512354181e-90,-8.917550656855983e-87,3.4268338930878604e-42,6.222816699871182e-29,4.421944983794165e-121,-4.4166578917463384e-116,-6.087015520631605e-87,-1.6134295503104827e-77,-8.917550656738691e-87,-4.6943958714160695e-76,2.078275588830174e-56,5.547917541995613e-55,1.562901474737112e-44,1.5771572507270453e-22,3.3899999953263335e-08,3.3128393328713037e-32,5.110597616172116e-26,8.096123328706807e-32,8.015213174745589e-25,1.9527204694316374e-54,1.0748603759505806e-45,1.1523557010693087e-33,0.00018232390000045228,0.4999999999999999,2.0566725772648288e-16,0.24999999999999978,2.015357737006883e-16,4.188189143941528e-26,7.826808739657138e-57,9.782240548954985e-56,1.5282303482296428e-42,1.0871009582386237e-59,-3.6473359470230865e-70,1.7229935708845527e-57,2.1677192403764332e-64,-4.629417699332212e-73,1.33195602385567e-36,1.0142495476938627e-36,4.0273326749194135e-36,5.018801067673144e-23,0.0,3.044005509035536e-66,-1.114977084571045e-82,2.889629104061022e-25,1.1641091448550282e-46,1.902662955281131e-37,5.878659477879974e-95,9.639634244712676e-37,4.673651375712393e-17,9.069720568160696e-42,2.1503642326846174e-33,8.893852018818603e-43,6.361077087289509e-41,3.9384773606621907e-32,2.6038630406658527e-62,-9.00776615475037e-88,1.970701403651502e-55,2.8739653402691075e-41,0.10000000149011606,4.366608505565797e-17,7.22410416179444e-27,8.996384119904637e-42,3.091000970692091e-74,-1.961186170422611e-71,4.014547823406562e-51,-2.5602316776657693e-66,4.143839833269903e-34,-4.1746864226142374e-88,4.1458356124555644e-33,1.781171959592622e-32,-7.522517793076697e-76,5.379877690459622e-51,-4.174769829502069e-65,2.2559999999972832e-06,2.717103145784363e-18,6.17999999999999e-05,1.1209419754216416e-19,5.4609338310765724e-46,5.39109193780266e-39,4.9430245702714384e-48,2.7945840446264483e-83,6.777474525177106e-43,1.202483939231664e-28,-3.9369651616936994e-58,6.078652709763954e-38,-1.4784911665698192e-126,-9.467791454651597e-62,1.5417123221186823e-48,-9.890101413932672e-61,1.2915887169039032e-35,2.2579899606291263e-40,4.419574372234468e-86,4.709728864102935e-47,6.756194755114158e-36,0.0003339999999999984,1.5564997449756448e-18,2.2599521987086337e-26,1.03217797228125e-39,-5.6009607247169775e-78,1.590744221066601e-50,7.226235079114132e-55,1.6390769390009266e-69,8.82253252616038e-56,-3.6825015568453496e-81,1.2751522103726865e-21,1.7268744439227807e-27,3.380231462192135e-20,3.5099999999999664e-06,1.9777139304906183e-58,1.6794327182016868e-50,7.275704901279273e-20,1.779999999999927e-06,2.3730750153907266e-46,1.2599755425280517e-41,-3.5459314503488495e-88,1.2438230091709596e-61,0.0,0.0,6.081489611298531e-34,5.890848438289931e-23,8.05059183500491e-50,7.362034920865695e-24,1.0435074993948855e-68,1.4618639987486355e-39,1.043507499393353e-68,-1.1734243192193799e-91,7.359239824266938e-58,1.3965798158851127e-39,3.33869443097547e-27,5.007879336724251e-36,3.4500418170957984e-55,1.6480171572235448e-48,5.031904046269092e-52,1.8748551980787831e-44,2.2574930591299545e-35,4.755969596473416e-63,3.494282514832516e-77
2.5287364699943266e-07,1.0000000418979618e-10,0.00017699999999999574,1.7111041748994834e-37,3.656313815326572e-31,7.949327490778794e-47,4.017128120171151e-38,1.8442226842471804e-59,2.9365497275906253e-47,3.4804362020064467e-110,-9.623543231073698e-92,-2.184158188480108e-102,2.220019063922311e-61,6.899813797839768e-52,8.516949058304498e-76,4.8052128977711494e-61,1.1783599366204184e-56,1.5049788000416871e-128,-4.284361278367065e-110,7.085900176697152e-88,6.58220623519803e-106,3.390777767541913e-121,5.603077685101802e-107,3.997900678099633e-27,1.2304806270422875e-20,1.9936558736478316e-27,8.158944452955955e-20,-1.68796000482785e-90,1.3601944407848438e-87,1.0352913859026502e-41,1.301290176458408e-28,1.667266557071114e-120,1.07157841061181e-115,9.75745249022555e-88,2.043784677033515e-77,1.360194441164088e-87,6.175881450908064e-76,2.3439173287563304e-55,6.25704315861257e-54,4.726202384762655e-44,2.280735336450769e-22,3.389999993241485e-08,4.793553575518646e-32,7.390354315175539e-26,1.1761144632466866e-31,1.1590672886763223e-24,5.905043058871155e-54,2.2477063268621528e-45,1.666403364166767e-33,0.00018232390000065402,0.4999999999999998,2.9741216543590757e-16,0.24999999999999967,2.914376913723028e-16,8.758171182720698e-26,8.750923171687274e-56,1.0950004040779296e-54,4.6213571573491125e-42,1.2260523986496289e-58,4.948128793354985e-70,1.9264281083377832e-56,2.4447963986318554e-63,6.090397036527958e-73,2.7853323884269188e-36,3.067083053641482e-36,8.421794665926997e-36,7.25760876600076e-23,0.0,3.433085256501721e-65,1.4668482264786878e-82,6.042675121590456e-25,1.3129036380145904e-45,3.9787715642475086e-37,6.722875498185283e-94,2.5522617702812353e-36,6.758493257106855e-17,1.903444738809339e-41,4.49675442230493e-33,2.689494206500903e-42,1.330207052157346e-40,8.235984037393721e-32,2.936684498849271e-61,-3.721008672256942e-88,5.959386444870935e-55,6.009920381142215e-41,0.10000000149011605,6.314483428733519e-17,1.510675345956169e-26,1.8812873476209672e-41,3.486087940825198e-73,2.3144701092793932e-71,4.527680647095757e-50,3.368204939749453e-66,8.665429710924145e-34,5.473731832431621e-88,8.669603200106717e-33,3.4693312602089125e-32,9.896518989603165e-76,1.626870995866954e-50,5.492268734236971e-65,2.255999999996071e-06,3.929159842551881e-18,6.179999999999985e-05,1.6209764438008656e-19,1.1424790950477247e-45,1.1290198429539712e-38,1.4983693626166994e-47,3.1807360287255445e-82,1.0455594260577394e-42,2.51458561709685e-28,5.179416209618053e-58,1.8381800381227276e-37,-2.2736653239335573e-126,1.2455693744228272e-61,1.7387714301504676e-47,1.3011278814509434e-60,2.7009179141717746e-35,6.350507490469274e-40,1.2640933160554322e-85,1.4242184913312087e-46,1.4128280315018223e-35,0.0003339999999999977,2.250829637393741e-18,3.268081098284592e-26,2.8606552537862737e-39,3.1675874290085524e-77,4.810398644791544e-50,2.1852195415931872e-54,1.84858586500148e-68,2.6679277250479296e-55,4.3337993480170775e-81,1.8439774234960097e-21,3.611169760558426e-27,4.888099202411576e-20,3.5099999999999516e-06,5.987135174521357e-58,5.078591997858966e-50,1.0521281670399187e-19,1.7799999999998944e-06,4.962478288045062e-46,2.635896677909429e-41,4.0933716568814034e-88,3.761311567554483e-61,0.0,0.0,1.2717364296930028e-33,8.518662653645679e-23,2.4344929560623266e-49,1.0646122143670059e-23,1.1768868935149935e-67,3.056990671433513e-39,1.176886893515195e-67,-4.863571638712489e-92,2.2254286243711265e-57,2.9204713322302037e-39,4.828033175245113e-27,1.0472274059346283e-35,1.0432902416542849e-54,4.9835915703474264e-48,1.5216440257532753e-51,3.962505824149563e-44,4.720777879454782e-35,1.462846808968319e-62,4.485397698828039e-76
3.6567657748709683e-07,1.000000060587979e-10,0.0001769999999999938,2.474400704470891e-37,5.287337614232573e-31,1.662331138592421e-46,8.400455415721648e-38,5.652862833586412e-59,8.880105119459876e-47,-1.1237557914508805e-106,-5.29235812651586e-89,-5.984709812759946e-99,6.713321154222918e-61,2.0864985573570294e-51,3.698789460298066e-75,2.1375437494806627e-60,3.563351725303229e-56,7.933646863024769e-125,-6.867727539795655e-106,3.077305033932067e-87,-2.138739949898797e-104,-6.399139582895212e-118,-1.2740651656582734e-103,5.788131586481047e-27,1.779378551664358e-20,2.8829942220324568e-27,1.1798520392661838e-19,-9.306820428256639e-88,-2.270627010362164e-84,3.128662778228034e-41,2.7212052108550196e-28,9.276195268530036e-117,-1.82391129081182e-111,-1.7271839553722294e-84,-4.091554179545983e-76,-2.2706270103167125e-84,-8.806148701581693e-75,1.0426650801375691e-54,2.783374792617483e-53,1.4292000711559633e-43,3.2982046996820233e-22,3.3899999902266175e-08,6.937965252534427e-32,1.0687074398388833e-25,1.7119416970192347e-31,1.6761088581150162e-24,1.7856866333458228e-53,4.7003180829639903e-45,2.4097595828218676e-33,0.00018232390000094575,0.4999999999999997,4.3008302411573024e-16,0.24999999999999947,4.2144343087509546e-16,1.8314732169423388e-25,3.888767687673375e-55,4.86667561946264e-54,1.3974949527245798e-41,5.453955255086368e-58,-6.804635750184235e-69,8.560732662641394e-56,1.0875394293579485e-62,-8.684257757753401e-72,5.8245740663115626e-36,9.274836241990253e-36,1.7611315258999554e-35,1.0495113132691174e-22,0.0,1.5271690965875217e-64,-2.0915692700855304e-81,1.2636196999217064e-24,5.840303169682858e-45,8.320245640514907e-37,2.9724517617079417e-93,6.959439014799313e-36,9.773350089464964e-17,4.0010347971894644e-41,9.403430368543377e-33,8.133010392066324e-42,2.7816883876328656e-40,1.7222755609589613e-31,1.306350842711945e-60,-1.980192554512493e-85,1.8021140334550014e-54,1.2567703691952455e-40,0.10000000149011602,9.131274516807966e-17,3.1590629763331756e-26,3.934071780935721e-41,1.5507466737101504e-72,-6.225878144983807e-69,2.014087466911432e-49,-4.8027011933553964e-65,1.812079498823949e-33,-1.1583490048652183e-86,1.8129522409591376e-32,6.885619054727743e-32,-1.4111381890550844e-74,4.919645742421044e-50,-7.831389570611927e-64,2.255999999994318e-06,5.681895842737814e-18,6.179999999999978e-05,2.344068371703533e-19,2.390650493915657e-45,2.36596994648522e-38,4.538068920007151e-47,1.4092562354157385e-81,1.6490844362143767e-42,5.2583993993309125e-28,-7.385295627994438e-57,5.558642704826462e-37,-2.2266174817210967e-120,-1.7760493312284043e-60,7.734727810352643e-47,-1.855269710056562e-59,5.648049943158153e-35,1.8205071513381325e-39,2.8084689500016625e-83,4.3068260822264985e-46,2.9544486487878954e-35,0.00033399999999999673,3.2548891005320254e-18,4.725920342532834e-26,8.105553587134521e-39,-4.444126924748476e-77,1.4546609579085025e-49,6.608109859916337e-54,8.22321543996769e-68,8.067794447115765e-55,-1.381001719637785e-79,2.6665465586800328e-21,7.551531659425721e-27,7.068602869320396e-20,3.5099999999999295e-06,1.8117786296019732e-57,1.5357624276079108e-49,1.5214658852964711e-19,1.7799999999998479e-06,1.0377333563568708e-45,5.51536710459655e-41,-1.3300476331264292e-86,1.1374178240718581e-60,0.0,0.0,2.6594036164177492e-33,1.2318703176185247e-22,7.361888513849395e-49,1.5395188682206138e-23,5.235248078409301e-67,6.392654836319143e-39,5.2352480784064255e-67,-2.581453013591195e-89,6.72967953615406e-57,6.107172025607287e-39,6.981742371993867e-27,2.1899194571235623e-35,3.1549022357948674e-54,1.5070343681578225e-47,4.6014401706468963e-51,8.41289044533062e-44,9.871899138891578e-35,4.471603041101461e-62,1.8888742454263829e-75
5.287991093946486e-07,1.0000000876153172e-10,0.00017699999999999105,3.578191782832895e-37,7.645935408057521e-31,3.476199514754439e-46,1.7566691789082028e-37,1.3416010403009047e-58,2.6853339072146753e-46,-1.805907787727478e-104,-8.815649327919774e-87,-9.80116906330954e-97,2.0301027646781168e-60,6.309555227480456e-51,-6.6783122641028855e-74,-2.6684830636342723e-59,1.0775545327210966e-55,1.3606661596120056e-122,-1.1315949200442824e-103,-5.556204301918075e-86,-4.744974820594263e-102,-1.0584459013414447e-115,-2.1485219348803467e-101,8.384409553871823e-27,2.573131147803534e-20,4.1690523564907614e-27,1.7061653527011816e-19,-1.550340724499914e-85,-3.7893185724362634e-82,9.456764735564456e-41,5.690473909109153e-28,2.3009339759226192e-114,-2.8969923368856355e-109,-2.872558909148906e-82,-1.0387723875421926e-73,-3.789318572345871e-82,-2.539134195776256e-72,-1.301641278594121e-53,-3.474706853005842e-52,4.321890383919157e-43,4.769626805137786e-22,3.389999985866866e-08,1.0045602898115928e-31,1.5454409145772382e-25,2.49899343956318e-31,2.4237944882346495e-24,5.399611402828722e-53,9.82913204493308e-45,3.4847153075715354e-33,0.00018232390000136764,0.4999999999999996,6.21936252700865e-16,0.24999999999999922,6.094426718475424e-16,3.8299024683960134e-25,-4.841548337883263e-54,-6.061267339345891e-53,4.2260143401877575e-41,-6.808603595284634e-57,-1.9799699561001836e-66,-1.0658183802794318e-54,-1.3576743778585884e-61,-2.503988499163471e-69,1.2180112935492993e-35,2.8047036007631697e-35,3.6828067820319205e-35,1.517681693865695e-22,0.0,-1.9064860050262992e-63,-6.030757825070661e-79,2.6424302368958357e-24,-7.290911983115346e-44,1.739896005380153e-36,-4.126724231703281e-92,1.9458976874613053e-35,1.413308681253732e-16,8.429181735477073e-41,1.966407198553983e-32,2.4594162955661614e-41,5.8169943339326e-40,3.6015527639772727e-31,-1.6308210762327202e-59,-3.300943483470686e-83,5.449578284060632e-54,2.6281078224098246e-40,0.10000000149011598,1.3204591514468366e-16,6.606104287223287e-26,8.22677132726994e-41,-1.935921289135277e-71,-1.0405944508852181e-66,-2.5143445655690028e-48,-1.3847941136910912e-62,3.789347118484946e-33,-2.856498426199594e-84,3.791172158437931e-32,1.3864880035681053e-31,-4.0688265524985886e-72,1.4876972032716358e-49,-2.258075578404722e-61,2.255999999991784e-06,8.216499623683634e-18,6.179999999999969e-05,3.389720160005036e-19,5.00390203456339e-45,4.962768929666643e-38,1.3383530318552534e-46,-1.8890207473622847e-80,2.6715998723480963e-42,1.0996151430500689e-27,-2.1294503594802366e-54,1.680929424443862e-36,-3.7121945813154346e-118,-5.120998486089716e-58,-9.655872208524458e-46,-5.349419930194453e-57,1.1810972852236246e-34,5.2963318091010825e-39,5.110087355362411e-81,1.3023809943081956e-45,6.17822312638711e-35,0.00033399999999999527,4.706843590341936e-18,6.834078599817553e-26,2.3371354591343818e-38,-4.194335773550342e-74,4.3988838867203966e-49,1.998179564509691e-53,-1.0265906573210174e-66,2.4396905190510638e-54,-3.0682715117087525e-77,3.856050762338606e-21,1.5791456551863194e-26,1.0221794700794793e-19,3.5099999999998978e-06,5.417132064548002e-57,4.644134125620847e-49,2.20016772921452e-19,1.7799999999997799e-06,2.1700659871789083e-45,1.1543451542710907e-40,-2.950823566523649e-84,3.439542286493669e-60,0.0,0.0,5.561236927333137e-33,1.7813881590765735e-22,2.226229620429792e-48,2.2262738614438036e-23,-6.535574011073858e-66,1.3368060365865708e-38,-6.535574011156792e-66,-4.3030183156242745e-87,2.0350500966285483e-56,1.2771072993014686e-38,1.0096187181044465e-26,4.5794707072714135e-35,9.540384554451773e-54,4.55726074208972e-47,1.3914720755019613e-50,1.7975711166361694e-43,2.0643714890365034e-34,1.1199098188778854e-61,-4.797757231007476e-74
7.646880202668737e-07,1.0000001266991228e-10,0.00017699999999998704,5.174366693613973e-37,1.105666654657478e-30,7.269287646783102e-46,3.67347539506822e-37,3.550252160070275e-58,8.120425206075307e-46,-8.542120717560053e-104,-4.291992165081929e-86,-4.813021168269037e-96,6.139014816694102e-60,1.9080046750047398e-50,-3.162869944658596e-73,-1.2636315321795821e-58,3.2585163533843743e-55,7.224218437902706e-122,-5.63145014726832e-103,-2.6314360567462666e-85,-2.2729032306481183e-101,-5.0663892560673285e-115,-1.0425389457528994e-100,1.2154432252513438e-26,3.7209642050717177e-20,6.028800724104937e-27,2.4672587004621163e-19,-7.547974696456564e-85,-1.8199819526926732e-81,2.8588218701279825e-40,1.1899688111260189e-27,1.7933092592304052e-113,-1.3499351551650278e-108,-1.3791969480159497e-81,-4.942074105388084e-73,-1.8199819526330888e-81,-1.2029284019865963e-71,-6.1637826401853315e-53,-1.645410155042108e-51,1.306936430484018e-42,6.897585458813711e-22,3.3899999795622986e-08,1.455338934119182e-31,2.2348376507102946e-25,3.6626496173694724e-31,3.505010845444594e-24,1.6327982771379842e-52,2.055433530801104e-44,5.0391919000703334e-33,0.0001823239000019777,0.49999999999999944,8.993721697315838e-16,0.24999999999999886,8.813053963904039e-16,8.008936616638875e-25,-2.2931007157554434e-53,-2.870721633646395e-52,1.2779435861293892e-40,-3.2241411926952604e-56,-9.380211933400293e-66,-5.0480315802225846e-54,-6.429121397468826e-61,-1.1862779413476784e-68,2.54705579210185e-35,8.481402810018049e-35,7.70133609707875e-35,2.1946954685956993e-22,0.0,-9.027959957095314e-63,-2.8571037683901935e-78,5.525742873979098e-24,-3.452533155695374e-43,3.63839992202882e-36,-1.9542532771307915e-91,5.552656364774673e-35,2.0437633041007406e-16,1.781539982841102e-40,4.1120709324074035e-32,7.43725654877109e-41,1.2164384840168523e-39,7.53142098901058e-31,-7.722578258886696e-59,-1.6061009145773495e-82,1.6479482525818378e-53,5.495794321061365e-40,0.10000000149011593,1.909495073694485e-16,1.3814417162378614e-25,1.7203490544294097e-40,-9.167347590862198e-71,-4.916889108261611e-66,-1.190640896172644e-47,-6.560536156291725e-62,7.924128934086854e-33,-1.352449640566237e-83,7.927945374550785e-32,2.8221397415836805e-31,-1.927628336484571e-71,4.4987852397652745e-49,-1.0697753784733607e-60,2.2559999999881183e-06,1.1881750024030852e-17,6.179999999999954e-05,4.901820654850696e-19,1.0478081164847382e-44,1.0423750211350344e-37,4.000389597380941e-46,-8.945524022348482e-80,4.4646361716078287e-42,2.299470561706137e-27,-1.0088384947840247e-53,5.083118056958552e-36,-1.8840547901050647e-117,-2.4261004164365083e-57,-4.572434700165187e-45,-2.534316297331074e-56,2.469862715806885e-34,1.5579291044650903e-38,2.995763424541078e-80,3.938390405827699e-45,1.291964949601438e-34,0.00033399999999999316,6.806491983112243e-18,9.882652893090456e-26,6.82913421285212e-38,-1.9870628821453805e-73,1.3302192042960089e-48,6.042331398929372e-53,-4.861309974234336e-66,7.377599715888916e-54,-1.4671130996627406e-76,5.5761739592832865e-21,3.3022453072914727e-26,1.4781575487668974e-19,3.5099999999998525e-06,1.6296401281115598e-56,1.4043826934241342e-48,3.181627720642128e-19,1.7799999999996816e-06,4.5379542428121323e-45,2.4169254904123297e-40,-1.4134819615393025e-83,1.0401149195896046e-59,0.0,0.0,1.1629432993416493e-32,2.5760372048150052e-22,6.732101791332783e-48,3.2193793839677325e-23,-3.094850962014142e-65,2.7954745309659497e-38,-3.094850962053432e-65,-2.0936751044359964e-86,6.153976337516104e-56,2.670635769446016e-38,1.45999365889099e-26,9.576403321406652e-35,2.8850029267710524e-53,1.378112254516406e-46,4.2078011712670474e-50,3.874831543476791e-43,4.31692988807934e-34,3.0665644263104914e-61,-2.2724317553210338e-73
1.1058032397389417e-06,1.0000001832175953e-10,0.00017699999999998126,7.4825701865151645e-37,1.5988871286669352e-30,1.5201240203108566e-45,7.681822957500848e-37,1.2291603955260267e-57,2.4556118931697907e-45,-2.2151783228446637e-103,-1.1805731667464016e-85,-1.3468202786589062e-95,1.8564337000838186e-59,5.769792240582209e-50,-6.676153461886575e-73,-2.4192128693165447e-58,9.85373067779502e-55,2.3128493045185124e-121,-1.615935339630601e-102,-5.554409803606996e-85,-6.019904578974895e-101,-1.3465553478121125e-114,-2.8480219123138527e-100,1.7638795690397613e-26,5.380827405459346e-20,8.718153520822366e-27,3.567863736341967e-19,-2.076162771224266e-84,-4.870508600621113e-81,8.643180742540173e-40,2.4884144856178515e-27,8.579897129107435e-113,-3.387439961430279e-108,-3.6885627770616446e-81,-1.2877649012051028e-72,-4.870508600372755e-81,-3.1010940259278766e-71,-1.1800487876081911e-52,-3.1501179836263745e-51,3.9521659893339004e-42,9.975124106431652e-22,3.3899999704453634e-08,2.1101055007282315e-31,3.2317633686938333e-25,5.3987463820072885e-31,5.068540711828234e-24,4.937693145116017e-52,4.298255289026721e-44,7.287096178320214e-33,0.0001823239000028599,0.4999999999999992,1.300567858198761e-15,0.24999999999999836,1.2744417752173573e-15,1.6747963220713295e-24,-4.389256222060515e-53,-5.495033828910178e-52,3.864491845492198e-40,-6.172579588953697e-56,-2.41794147583248e-65,-9.662507988713328e-54,-1.2308514607218994e-60,-3.0581699123231154e-68,5.326299716950086e-35,2.564769856677665e-34,1.6104721528975775e-34,3.173714368475727e-22,0.0,-1.7283921106187581e-62,-7.365481960072113e-78,1.1555209236522617e-23,-6.609833179738471e-43,7.608474269784021e-36,-3.8667259411614103e-91,1.609750411382853e-34,2.955453747882989e-16,3.782527815002072e-40,8.598995849776187e-32,2.24902081576127e-40,2.543803790384119e-39,1.5749401941790994e-30,-1.4784783396685181e-58,-4.4122988391933285e-82,4.983383672964417e-53,1.1492587780960267e-39,0.10000000149011583,2.7612905953722913e-16,2.8888148427931956e-25,3.5975241867770796e-40,-1.7550781669765445e-70,-1.2711029759085923e-65,-2.2794676724366587e-47,-1.6912760087556197e-61,1.6570616895320677e-32,-3.488828442015608e-83,1.6578597653451548e-31,5.78986633823008e-31,-4.9693370929426254e-71,1.3604292953240672e-48,-2.757831658515665e-60,2.2559999999828184e-06,1.7182010600550197e-17,6.179999999999932e-05,7.088445237671457e-19,2.1954050130644003e-44,2.1936250155980623e-37,1.2240761195706441e-45,-1.7516960100854728e-79,7.720171440650269e-42,4.808559515247305e-27,-2.6007391877878427e-53,1.5371310957652452e-35,-5.60047655757801e-117,-6.254375164940327e-57,-8.753871281579206e-45,-6.5333507223235705e-56,5.164876688184896e-34,4.6198289411705083e-38,1.0995588462630337e-79,1.1909663165603301e-44,2.7017046756903995e-34,0.0003339999999999901,9.842760266160128e-18,1.4291147942064397e-25,2.01528312698371e-37,-5.084577553277115e-73,4.022572935587375e-48,1.8272421480439197e-52,-9.306984790127107e-66,2.2309825471414883e-53,-3.871077532669615e-76,8.063616881775414e-21,6.905521363718486e-26,2.1375402294150538e-19,3.5099999999997864e-06,4.954103734488393e-56,4.246842772861533e-48,4.60090147597652e-19,1.7799999999995395e-06,9.489586701750042e-45,5.063265861989495e-40,-3.7436817003637696e-83,3.1453000531792384e-59,0.0,0.0,2.431899836325302e-32,3.7251665987987717e-22,2.0357825415406292e-47,4.655493556158339e-23,-5.925054958392844e-65,5.845782881228479e-38,-5.925054958494134e-65,-5.751809110698041e-86,1.860957836440063e-55,5.584727594692726e-38,2.1112737465641904e-26,2.0025786048651645e-34,8.724234179747045e-53,4.167401139047596e-46,1.2724359304952152e-49,8.453140693509439e-43,9.027388605136313e-34,1.0255762819312312e-60,-5.085575482026101e-73
1.5990845581579638e-06,1.0000002649480638e-10,0.00017699999999997291,1.082042718528816e-36,2.3121255393539565e-30,3.178821925948783e-45,1.606391728456168e-36,4.644071325854949e-57,7.425760219959927e-45,-3.5434589058158537e-103,-2.2325176002253235e-85,-2.6575164275434173e-95,5.613842922282608e-59,1.744781074223527e-49,-1.9394712504509095e-73,1.0395288977832351e-58,2.979761726984924e-54,5.939889721720806e-121,-3.37798430460644e-102,-1.613607349684484e-85,-1.0249175009107466e-100,-2.32035767683894e-114,-5.290942567455354e-100,2.5637804616435536e-26,7.781129276925404e-20,1.2607184285364066e-26,5.159431244036631e-19,-3.926047614187547e-84,-8.558065883098806e-81,2.6132992469044855e-39,5.203671380797314e-27,3.375567106672471e-112,-4.841411698369747e-108,-6.469806989651925e-81,-2.0850895145845537e-72,-8.558065882223128e-81,-4.848226995117444e-71,5.070842725520847e-53,1.353651957280908e-51,1.1951320337088115e-41,1.4426196881312622e-21,3.389999957261508e-08,3.0630230872451784e-31,4.673401891952827e-25,8.020855945586686e-31,7.329536518638775e-24,1.4932282289663856e-51,8.988385717321398e-44,1.0537755570905775e-32,0.00018232390000413567,0.4999999999999989,1.880730594060515e-15,0.2499999999999976,1.842950062183009e-15,3.502266095416421e-24,1.8942002911552007e-53,2.3700347349242276e-52,1.1686194386698531e-39,2.652448161891577e-56,-3.7788458529220543e-65,4.1698923642567223e-54,5.288848274801465e-61,-4.7811197975431934e-68,1.1138141835258076e-34,7.755844776728326e-34,3.367754012939519e-34,4.589458097000819e-22,0.0,7.427153346471775e-63,-1.151513897735935e-77,2.41637845554951e-23,2.8403430692038348e-43,1.5910532632987692e-35,6.909768464655868e-92,4.722812132323693e-34,4.2738348542915416e-16,8.082368383365931e-40,1.7981871118605241e-31,6.801022087199042e-40,5.319611132237511e-39,3.2934510202551806e-30,6.35323812831723e-59,-8.317312175027465e-82,1.5069717775154099e-52,2.4032850476164438e-39,0.1000000014901157,3.9930586138349985e-16,6.040972322831298e-25,7.522996759701225e-40,7.541791529797842e-71,-2.0123989691265645e-65,9.795209342408766e-48,-2.6441281406201542e-61,3.4651801693348356e-32,-5.470532018411089e-83,3.4668490648343473e-31,1.1946038077727234e-30,-7.76902414778036e-71,4.113928019455878e-48,-4.311573177525991e-60,2.2559999999751536e-06,2.4846633507716465e-17,6.1799999999999e-05,1.0250488421336341e-18,4.603858009583028e-44,4.629109985919141e-37,3.787183020688055e-45,4.500310145954374e-80,1.3829413749516406e-41,1.0055464490637327e-26,-4.0659760426717614e-53,4.648272901942251e-35,-1.260206927608121e-116,-9.778042994307526e-57,3.76166739538337e-45,-1.0214191272310929e-55,1.080058054782298e-33,1.3779327809112892e-37,3.403928032209473e-79,3.6014732404304393e-44,5.649695183801075e-34,0.0003339999999999858,1.4233459726096242e-17,2.0666202896248864e-25,5.989973601020966e-37,-7.730761925699958e-73,1.2164230488944786e-47,5.525838632401611e-52,3.998842953597771e-66,6.746485898843876e-53,-6.517408906199897e-76,1.1660668711342236e-20,1.444054599110271e-25,3.0910630847035555e-19,3.5099999999996907e-06,1.5136620962150186e-55,1.2842420801863377e-47,6.653290783911074e-19,1.7799999999993341e-06,1.9844241457173222e-44,1.061558224244071e-39,-6.373796191393215e-83,9.51136568427792e-59,0.0,0.0,5.085490252470352e-32,5.386904401029707e-22,6.156191125586907e-47,6.73223552159164e-23,2.546083475490279e-65,1.2224463882075142e-37,2.5460834753319134e-65,-1.0842528369029314e-85,5.627522525409847e-55,1.1678563116629594e-37,3.0530796039636194e-26,4.187711122525942e-34,2.638205996811997e-52,1.2602189758995209e-45,3.847836742477208e-49,1.873601880089409e-42,1.8877708725928992e-33,3.686851852127087e-60,-3.507028556207548e-73
2.312410863204668e-06,1.0000003831372002e-10,0.00017699999999996085,1.5647250333501086e-36,3.343528505310813e-30,6.647424204993221e-45,3.3592214493247066e-36,1.7076165059714473e-56,2.2455470249992924e-44,2.546888005757375e-104,-1.943954655712622e-85,-2.886893995494529e-95,1.6976223291588425e-58,5.276205623767158e-49,5.452738595067323e-72,3.047329395912239e-57,9.010780247397284e-54,1.327809750590251e-120,-4.609204934934087e-102,4.536549456123195e-84,-3.0329217713519404e-101,-8.506313741710673e-115,-4.1160359819351415e-100,3.7347573582630126e-26,1.1252167761955237e-19,1.823105065294731e-26,7.460971798329493e-19,-3.4182212354215913e-84,-4.0756993039422538e-81,7.901777327077193e-39,1.0881706387567522e-26,1.2011874944451368e-111,3.879145907554164e-108,-3.0176322555798065e-81,2.1666918044823685e-75,-4.075699301078448e-81,1.0540779571703324e-71,1.486445505194777e-51,3.9680382765917716e-50,3.6140703119405696e-41,2.086427163227437e-21,3.389999938196543e-08,4.453715504482343e-31,6.758132590246927e-25,1.2045952550751085e-30,1.0599126802130888e-23,4.515751460886822e-51,1.8796294665604334e-43,1.523848392403175e-32,0.00018232390000598052,0.4999999999999984,2.7196947464224962e-15,0.2499999999999965,2.6650608820659496e-15,7.32379670385815e-24,5.5339972556943e-52,6.927306239812519e-51,3.533896424449887e-39,7.77527455567924e-55,8.301456080055857e-66,1.2182540806813495e-52,1.550420456143774e-59,1.0394875995165687e-68,2.329163023764776e-34,2.345361630370461e-33,7.042510525287259e-34,6.636742682843998e-22,0.0,2.1771647355553116e-61,2.5035651238374255e-78,5.0530325408198137e-23,8.326060333062435e-42,3.3271460156914925e-35,4.273836206900726e-90,1.3978402709968951e-33,6.180324877649757e-16,1.7423158611716838e-39,3.760295899923455e-31,2.0566239791952202e-39,1.1124493231177136e-38,6.887131114696524e-30,1.8623615348467984e-57,-7.104814883006477e-82,4.5570723053154556e-52,5.0256573894708224e-39,0.10000000149011552,5.774298844258897e-16,1.2632636028469936e-24,1.5731786045261993e-39,2.210777563453092e-69,2.7311477946959897e-66,2.871325903136076e-46,5.74873536136969e-62,7.24624417407629e-32,1.084038430887979e-83,7.249734075657155e-31,2.474753401721869e-30,1.689103219244104e-71,1.2440487575310954e-47,9.374014365773345e-61,2.2559999999640702e-06,3.5930323349174045e-17,6.179999999999855e-05,1.4823068992995848e-18,9.666459450321513e-44,9.806883115310298e-37,1.1732363532496164e-44,2.0203757364619216e-78,2.5642203751053e-41,2.1027579175161123e-26,8.840045980596391e-54,1.4056342370611141e-34,-2.1383839612771294e-116,2.1258941879848027e-57,1.1026792387083898e-43,2.220719447045643e-56,2.2585735771145448e-33,4.12691718991902e-37,9.81939743283605e-79,1.089082816107226e-43,1.1814413303274678e-33,0.00033399999999997944,2.0582780630058452e-17,2.9885069058692563e-25,1.7895678988712257e-36,3.0714941605159076e-73,3.67845420647102e-47,1.671098453888297e-51,1.1723209622689667e-64,2.040136005904188e-52,-1.507072416993479e-76,1.6862308414338284e-20,3.0197483591643696e-25,4.469937389780118e-19,3.509999999999553e-06,4.6281497543658434e-55,3.883538450571176e-47,9.62121846908342e-19,1.7799999999990372e-06,4.149748101154786e-44,2.2281992677708064e-39,-1.8861211256975728e-83,2.8762304729190545e-58,0.0,0.0,1.063457084692136e-31,7.789917083301482e-22,1.8616275737702187e-46,9.735379193574029e-23,7.46348094452832e-64,2.5563302619565498e-37,7.463480944531757e-64,-9.262948092451859e-86,1.7017585846932241e-54,2.44217596392011e-37,4.4150102140177306e-26,8.757171585362043e-34,7.977928630391109e-52,3.810892718297038e-45,1.1635829544608415e-48,4.23828760098589e-42,3.947629843589789e-33,1.3064228678091323e-59,2.905518593847687e-72
3.34394073971087e-06,1.0000005540486394e-10,0.0001769999999999434,2.262724494078385e-36,4.8350244076540554e-30,1.390082613285221e-44,7.024668343803742e-36,5.978502838025881e-56,6.790524633935165e-44,3.095462913794568e-102,7.511711748147211e-85,5.676873534758182e-95,5.133598383653189e-58,1.5955208245203225e-48,3.279023616163861e-71,1.6557194708558075e-56,2.7248540337572245e-53,2.620438731156368e-120,1.8615449015951977e-102,2.7280711382085266e-83,6.807813894059262e-100,1.4473091522142853e-113,2.060082338919698e-99,5.457893553741585e-26,1.6271581457359607e-19,2.636363592120553e-26,1.0789193111992471e-18,1.3211994633184265e-83,4.803399548966108e-80,2.389320067596786e-38,2.2755382692470158e-26,4.0340097038350634e-111,6.241410908946454e-107,3.6675147845554004e-80,1.7380201268041825e-71,4.8033995498688514e-80,4.639435676225502e-70,8.076359011568671e-51,2.1559688214370054e-49,1.092892154577267e-40,3.0177299441695635e-21,3.389999910626999e-08,6.491317679356927e-31,9.772828759952662e-25,1.8354460011836724e-30,1.5327229637257617e-23,1.3656244653626676e-50,3.93064937767374e-43,2.2036135446582448e-32,0.00018232390000864836,0.4999999999999977,3.9329075353973e-15,0.24999999999999495,3.853902295197909e-15,1.5315226362698557e-23,3.0062921025905175e-51,3.763281335470369e-50,1.0686476313866371e-38,4.224568498082299e-54,3.621006219622931e-64,6.6180510178140056e-52,8.42397626836696e-59,4.5752183486036665e-67,4.870651201518107e-34,7.092355953074315e-33,1.4727012210992309e-33,9.597288497232814e-22,0.0,1.1829269269928882e-60,1.1019233508489081e-76,1.0566696506664823e-22,4.523828918255429e-41,6.957592719250891e-35,2.3859814495747625e-89,4.163624068079968e-33,8.937269870661636e-16,3.801203114557421e-39,7.863378136115647e-31,6.219215498064144e-39,2.3264111827151072e-38,1.4402089070277522e-29,1.0118837405977641e-56,2.8768392483636886e-81,1.378055504869199e-51,1.0509466583216442e-38,0.10000000149011526,8.350122141278813e-16,2.6416855366665296e-24,3.289767410056564e-39,1.2011901433418648e-68,1.8312553127941966e-64,1.560088043334706e-45,2.5302574650222237e-60,1.515305182252764e-31,5.174408472860835e-82,1.5160349687600112e-30,5.1413326049371096e-30,7.434447089284856e-70,3.7619941435410337e-47,4.125893206191847e-59,2.2559999999480422e-06,5.195827175440291e-17,6.179999999999788e-05,2.143540533323132e-18,2.033222023860714e-43,2.089082376443129e-36,3.623066132683275e-44,1.1176544867761804e-77,4.909663745985993e-41,4.397201990348448e-26,3.890872662120494e-52,4.250627389631709e-34,-1.6922053643245284e-116,9.356946450723676e-56,5.991227613583978e-43,9.774311796457415e-55,4.7230374151144226e-33,1.2396243212336973e-36,2.7610965181104464e-78,3.2933782967738536e-43,2.4705821661147692e-33,0.0003339999999999703,2.9764432916680846e-17,4.3216325719543755e-25,5.366061781263819e-36,8.192954135006694e-72,1.1123618025448173e-46,5.053628283177958e-51,6.369647805698212e-64,6.1693660087806044e-52,4.569303117595477e-75,2.4384317237599563e-20,6.314775168426247e-25,6.463905692330472e-19,3.5099999999993536e-06,1.413208952405592e-54,1.1743791247911306e-46,1.3913091706910228e-18,1.7799999999986078e-06,8.677787416628947e-44,4.684654669576105e-39,4.233671576836072e-82,8.697701064257004e-58,0.0,0.0,2.223858299710799e-31,1.1264875584501012e-21,5.6295478130096926e-46,1.4078177700573733e-22,4.055160510758957e-63,5.345694051106467e-37,4.055160510774108e-63,3.7496807336233434e-85,5.14610518609584e-54,5.106986033917337e-37,6.38447665408547e-26,1.8312641917392962e-33,2.4125232593739977e-51,1.1524110976973805e-44,3.518666156965098e-48,9.831481683566385e-42,8.255123333006427e-33,4.465132395284706e-59,1.9532008802619095e-71
4.835619763177152e-06,1.0000008012009655e-10,0.0001769999999999181,3.272090898595762e-36,6.991853861658717e-30,2.9068850288594197e-44,1.4689703690670416e-35,-2.8602972136780263e-56,2.0534310769727823e-43,-1.2031212685686984e-97,-6.991416094457166e-81,-5.523567271600994e-90,1.552387165853957e-57,4.8248383199486927e-48,-1.3611991980688636e-69,-1.3864234703660071e-55,8.239917283900217e-53,1.1974138706204108e-114,-6.364435883312188e-96,-1.1324960714317367e-81,-1.257892009912884e-96,-1.8728035990062863e-109,-2.963667655474708e-95,8.012020625031026e-26,2.353007591628187e-19,3.812404113299917e-26,1.5602081169124565e-18,-1.2293956628696837e-79,-2.1434729190931177e-76,7.224927866073572e-38,4.758513247721497e-26,1.2440901373331946e-105,-1.6463805591845837e-101,-3.30442033131113e-76,-1.5701349301263388e-68,-2.1434729186130357e-76,-1.4356684621711848e-67,-6.7623053180021445e-50,-1.8051845394940573e-48,3.3048979472690664e-40,4.3651057389856465e-21,3.3899998707591186e-08,9.493369433731463e-31,1.4132333396952887e-24,2.849732562249313e-30,2.2164464480214435e-23,4.1279778397044244e-50,8.219749068994785e-43,3.186611733589948e-32,0.00018232390001250617,0.4999999999999966,5.687315364254152e-15,0.24999999999999267,5.573066982649027e-15,3.202657955019634e-23,-2.5164206860354526e-50,-3.150184311581727e-49,3.231582676838723e-38,-3.5372150714561628e-53,-1.1191255635441751e-61,-5.53964786145516e-51,-7.054044166546712e-58,-1.4157971117651532e-64,1.0185308149078227e-33,2.1447234111608068e-32,3.0796530259447173e-33,1.3878486901435895e-21,0.0,-9.904605509681237e-60,-3.4098904887060115e-74,2.209664665661315e-22,-3.787783292145022e-40,1.454943551060072e-34,-4.1969126382564726e-88,1.2458117406551435e-32,1.2924044280180846e-15,8.425935089658058e-39,1.6443577084425833e-30,1.88068627112445e-38,4.865205998403309e-38,3.0117064104902263e-29,-8.472465219812598e-56,-1.863092141233662e-77,4.1672230745706174e-51,2.1977017769294776e-38,0.10000000149011488,1.2074979431241605e-15,5.524185452581513e-24,6.879428517220671e-39,-1.0057605262704952e-67,-5.90162562333407e-61,-1.3062553630419492e-44,-7.829854486763612e-58,3.168744722594231e-31,-5.018685605909698e-79,3.1702707996938075e-30,1.0702509970460164e-29,-2.3005823258082537e-67,1.1376242446907e-46,-1.2767530641853254e-56,2.2559999999248645e-06,7.513603419229361e-17,6.179999999999693e-05,3.0997400162125282e-18,4.287506230474386e-43,4.484443748313273e-36,9.023171364826038e-44,-1.6199918673084914e-76,9.424761318599116e-41,9.195250249222398e-26,-1.2040265728994113e-49,1.2853866696007952e-33,-2.0804251480428873e-108,-2.895498603144655e-53,-5.0164314187419953e-42,-3.024650685585437e-52,9.876624189069626e-33,3.7311489815174595e-36,2.786247810633143e-74,9.959151550071377e-43,5.166381164848722e-33,0.00033399999999995694,4.304187460954118e-17,6.249444545124604e-25,1.613162113758453e-35,-2.3094782896583226e-69,3.3637738544355624e-46,1.5275990053445624e-50,-5.334424454575936e-63,1.86558605544759e-51,-8.10449620675152e-72,3.5261775110059045e-20,1.3205201396135934e-24,9.347351686605702e-19,3.5099999999990643e-06,3.922454227084076e-54,3.551313774556631e-46,2.0119501647873037e-18,1.7799999999979865e-06,1.8146644709679672e-43,9.872367118958683e-39,-7.822570874373391e-79,2.630173835411959e-57,0.0,0.0,4.650442228464496e-31,1.6289957860339128e-21,1.70237123207991e-45,2.035822984232937e-22,-3.395369766528167e-62,1.1178698295809626e-36,-3.395369766997039e-62,-2.42893513382322e-81,1.556178536836657e-53,1.0679542396245388e-36,9.232491199581397e-26,3.8294653831513886e-33,7.295359826666902e-51,3.4848829305141776e-44,1.0640420405395992e-47,2.348807352281764e-41,1.7262778911928838e-32,2.786594735615752e-60,-1.4499800534997607e-69
6.992713183084506e-06,1.0000011586040317e-10,0.00017699999999988157,4.731720591944308e-36,1.0110812555504771e-29,6.078762027149715e-44,3.0718519227676064e-35,-6.829664019236384e-55,6.209507539652653e-43,-7.369343205949921e-97,-4.427362264191549e-80,-3.512063884064429e-89,4.694379206658497e-57,1.4590261545995983e-47,-8.59724084863131e-69,-9.568131239589513e-55,2.4917388608489755e-52,8.124540852285714e-114,-4.0939977622807694e-95,-7.152766999183995e-81,-7.916815419633896e-96,-1.1573172924534338e-108,-1.8773040047772382e-94,1.1835839250151814e-25,3.4026469378897842e-19,5.513058197071102e-26,2.256192219770442e-18,-7.785230811583772e-79,-1.3373299972205988e-75,2.184737922602067e-37,9.950809680088499e-26,1.2102141011409485e-104,-1.0006591722158307e-100,-2.05843421246753e-75,-9.823275000175026e-68,-1.337329996818901e-75,-8.883716862371927e-67,-4.6669073952377255e-49,-1.2458220595758168e-47,9.993987376988308e-40,6.314849476931574e-21,3.3899998131068083e-08,1.3950664020286278e-30,2.043654452311323e-24,4.5298232864672396e-30,3.205168193281052e-23,1.2478244505623033e-49,1.7189212702891963e-42,4.6081110480234374e-32,0.00018232390001808493,0.4999999999999951,8.224336796247441e-15,0.2499999999999894,8.059123697182668e-15,6.697268250342059e-23,-1.736747184133048e-49,-2.1741362429005192e-48,9.772282508665195e-38,-2.441157947752867e-52,-6.925021051616894e-61,-3.823274832784293e-50,-4.868196867422125e-57,-8.760755760236502e-64,2.129910309689211e-33,6.485628340711347e-32,6.44004541701481e-33,2.0069460077718606e-21,0.0,-6.835520333778019e-59,-2.1099928452494868e-73,4.620760993922135e-22,-2.6140840918099022e-39,3.0425188977929864e-34,-2.7352597566115886e-87,3.739586091990484e-32,1.8689255432095194e-15,1.906245850910096e-38,3.438614056885923e-30,5.687181663495803e-38,1.0174856776081624e-37,6.297958191515959e-29,-5.847149538111626e-55,-1.175412419819607e-76,1.2601632919693604e-50,4.5957592020111417e-38,0.10000000149011436,1.7461436587149142e-15,1.155195201337646e-23,1.4385982942938536e-38,-6.941104877133916e-67,-3.6311003277626827e-60,-9.014933217737118e-44,-4.845005095742723e-57,6.626350424032757e-31,-3.092205524246536e-78,6.629541625497413e-30,2.231003331503371e-29,-1.4235683679101083e-66,3.4401672918355274e-46,-7.900370431469282e-56,2.2559999998913474e-06,1.0865302950853328e-16,6.179999999999555e-05,4.482484935926997e-18,9.073858850759438e-43,9.727984478579575e-36,2.1779850876975033e-43,-1.0678416696354882e-75,1.8109274603780914e-40,1.9228733825037032e-25,-7.450349101895298e-49,3.8870000353232545e-33,-1.3615880360616028e-107,-1.7916942908084273e-52,-3.4620178109921245e-41,-1.8716118091860145e-51,2.0653595726268913e-32,1.1246443354373987e-35,2.0802882305034932e-73,3.011640041307305e-42,1.08037266222886e-32,0.00033399999999993775,6.224217217328266e-17,9.037223030070125e-25,4.858259539133459e-35,-1.4295211602445273e-68,1.0172027216579365e-45,4.617697767792965e-50,-3.681392277338493e-62,5.641445318575914e-51,-5.0846208428710126e-71,5.099149472973477e-20,2.7614180731281088e-24,1.3517057288890244e-18,3.5099999999986467e-06,1.0861399142412143e-53,1.0739146536746561e-45,2.9094492804414563e-18,1.7799999999970882e-06,3.7947550626416924e-43,2.087453922585946e-38,-4.923303662160219e-78,7.953613182874878e-57,0.0,0.0,9.724816058669246e-31,2.355664936943876e-21,5.1479583984062175e-45,2.943971376785575e-22,-2.343265504285946e-61,2.3376439705680472e-36,-2.3432655045760774e-61,-1.532399354115721e-80,4.705872762945907e-53,2.2332687496949253e-36,1.3350960585980465e-25,8.008022661520313e-33,2.2060850161827194e-50,1.0538261031647766e-43,3.2176552482205537e-47,5.797421148456576e-41,3.609922269714725e-32,-3.682644004387141e-58,-9.063434514074032e-69
1.0112051826993984e-05,1.0000016754389474e-10,0.00017699999999982872,6.84246991727925e-36,1.4621093053074013e-29,1.2711666945502912e-43,6.42373419377224e-35,-1.3497160149825018e-54,1.877756765805937e-42,-2.1153112203664733e-96,-1.35649588098165e-79,-1.0847987699678002e-88,1.4195781492538287e-56,4.412085811588206e-47,-2.3924214378024523e-68,-2.248508498457993e-54,7.535006872021026e-52,2.802618807544088e-113,-1.2917292798545246e-94,-1.9904577503263275e-80,-2.392965697969355e-95,-3.3817557595702385e-108,-5.756242051711741e-94,1.763795598738943e-25,4.9205136827592935e-19,7.972348202762332e-26,3.2626437716231228e-18,-2.3853092481397143e-78,-3.9801110611206595e-75,6.6064742124453735e-37,2.0808729019896727e-25,6.141522789008541e-104,-2.8263124504158534e-100,-6.110793001579487e-75,-2.9280589218909718e-67,-3.980111059326373e-75,-2.5659554756310727e-66,-1.0967061070183827e-48,-2.927636066940441e-47,3.0221742405692385e-39,9.137113673374004e-21,3.389999729736717e-08,2.0639018707956983e-30,2.9552965448987544e-24,7.405518545219784e-30,4.634943137804135e-23,3.7739791955275865e-49,3.594661489895804e-42,6.66372125216698e-32,0.0001823239000261523,0.49999999999999295,1.1893083419847653e-14,0.24999999999998462,1.1654170697085226e-14,1.40050552787831e-22,-4.081252344212282e-49,-5.109097326688681e-48,2.955130858499038e-37,-5.736631433606116e-52,-2.0001952436787266e-60,-8.984467828832297e-50,-1.1440316867148982e-56,-2.530439677642981e-63,4.4539820110902294e-33,1.9612490760472044e-31,1.3467161578443616e-32,2.9022128254514513e-21,0.0,-1.606322269785976e-58,-6.094462328903221e-73,9.662747614501206e-22,-6.14300104017134e-39,6.362392007416732e-34,-7.181432570444705e-87,1.1250472309798942e-31,2.7026235578807365e-15,4.422470282112732e-38,7.190690008123569e-30,1.7197994375478194e-37,2.128007645465286e-37,1.3170034476385926e-28,-1.37405869024819e-54,-3.5750953852511576e-76,3.810726531079061e-50,9.610508795311993e-38,0.10000000149011357,2.525070700311936e-15,2.4156971952715294e-23,3.0083387773541236e-38,-1.631137092173569e-66,-1.0505645225380284e-59,-2.1184760284388415e-43,-1.3994218263794768e-56,1.385675524929791e-30,-8.942773284851989e-78,1.3863428351530128e-29,4.6551711896836877e-29,-4.111807199980459e-66,1.0403040117178593e-45,-2.2819275782452685e-55,2.255999999842879e-06,1.571214258016687e-16,6.179999999999355e-05,6.4820504434156804e-18,1.9301495849330175e-42,2.1402063495186847e-35,7.246790025937897e-43,-2.743683723689189e-75,3.681865884593497e-40,4.0210346792150005e-25,-2.1519443558193336e-48,1.175425866825446e-32,-4.4282783932154447e-107,-5.175094973617836e-52,-8.13561438267194e-41,-5.405927176733489e-51,4.318996129207118e-32,3.3932781228501005e-35,8.197274201880106e-73,9.107176937271119e-42,2.2592314635525894e-32,0.00033399999999990994,9.000741711932876e-17,1.3068585594267055e-24,1.4649660999703447e-34,-4.126667578463344e-68,3.0760134107872117e-45,1.3965983148211236e-49,-8.651527800635765e-62,1.7059776019648869e-50,-1.5274310946203674e-70,7.373799324190344e-20,5.7745652445014026e-24,1.9546802546579156e-18,3.5099999999980428e-06,3.4044588456172373e-53,3.2475098694717676e-45,4.2073085424597245e-18,1.779999999995789e-06,7.935444929903652e-43,4.4347041175834364e-38,-1.4881355226856567e-77,2.405168108788615e-56,0.0,0.0,2.0336140657957127e-30,3.406489605034641e-21,1.5567387150602119e-44,4.257230378719563e-22,-5.5065875697107687e-61,4.888386045026745e-36,-5.506587570548777e-61,-4.660897787753292e-80,1.4230523510144156e-52,4.6701396741658535e-36,1.930661530399676e-25,1.6746052175717416e-32,6.671216225394926e-50,3.186762138212427e-43,9.730165368086327e-47,1.4801653231944529e-40,7.548922945152722e-32,-6.617084971962239e-58,-2.5703898745647257e-68
1.462287805528269e-05,1.0000024228257369e-10,0.00017699999999975228,9.894795202601844e-36,2.1143346074287855e-29,2.6582142611494797e-43,1.343305864460223e-34,2.4892443551397934e-54,5.67838049646552e-42,-3.776658007181259e-96,-2.863218465284502e-79,-2.3322613983690581e-88,4.292815769856923e-56,1.3342129402515084e-46,-3.767317193679033e-68,-8.77705310950733e-55,2.2785870302856178e-51,7.4302386754419e-113,-2.907458970318978e-94,-3.1343578860082445e-80,-4.8907830340539026e-95,-6.345488607139109e-108,-1.217185814835808e-93,2.6598257279524e-25,7.115476551018841e-19,1.1528690771857063e-25,4.718057341886406e-18,-5.034776327174797e-78,-7.833178937965064e-75,1.9977599471602465e-36,4.351436854658527e-25,2.4721279415189265e-103,-4.809031046908137e-100,-1.1951529023463368e-74,-5.779090959327067e-67,-7.833178931454651e-75,-4.643893289044467e-66,-4.279774837106256e-49,-1.142477418291797e-47,9.13903160613104e-39,1.3224139106605119e-20,3.389999609176552e-08,3.081853312411073e-30,4.273607956041575e-24,1.2496971666419953e-29,6.702518220518804e-23,1.1417695008155792e-48,7.517382451785002e-42,9.6363121068495e-32,0.00018232390003781839,0.4999999999999898,1.719840003094286e-14,0.24999999999997777,1.685291071171821e-14,2.92868023228897e-22,-1.5921934401418005e-49,-1.993260076059464e-48,8.936292961241355e-37,-2.2386562235028007e-52,-3.619885523174707e-60,-3.5050534663620884e-50,-4.4662315268045907e-57,-4.5796166744588126e-63,9.313986445861918e-33,5.930801723185055e-31,2.8161981602695955e-32,4.1968439718809974e-21,0.0,-6.268502091631197e-59,-1.1029822688497989e-72,2.0206344887400987e-21,-2.3972337998683803e-39,1.3304775835727516e-33,-8.541403663895399e-87,3.3900038009265477e-31,3.90822096878012e-15,1.0567174859637996e-37,1.503687863160735e-29,5.200660190967105e-37,4.450858718046621e-37,2.7540641277031746e-28,-5.362113669485988e-55,-7.41885810688017e-76,1.1523628650916578e-49,2.009723803059016e-37,0.10000000149011244,3.651464763365794e-15,5.051607545047422e-23,6.2909172976789e-38,-6.365555498608527e-67,-1.917674363956926e-59,-8.267105255560629e-44,-2.5326883385231843e-56,2.897668468331396e-30,-1.6289488955385098e-77,2.8990638572579266e-29,9.719936973861412e-29,-7.441592327413437e-66,3.1458714853152745e-45,-4.129856449240212e-55,2.25599999977279e-06,2.272108063401221e-16,6.179999999999066e-05,9.37359040521763e-18,4.135022364387774e-42,4.7958431997985786e-35,2.7979959661643395e-42,-2.8549335449704264e-75,8.175528015798398e-40,8.408624217917832e-25,-3.8946117648385225e-48,3.554478664407448e-32,-1.0587578037408758e-106,-9.365941912790915e-52,-3.17483095176223e-41,-9.783704450884272e-51,9.031709447212898e-32,1.0245274644838167e-34,2.6114681964023117e-72,2.7540034510394073e-41,4.7244131366846004e-32,0.0003339999999998698,1.3015829536416653e-16,1.8898275661129384e-24,4.421330320607005e-34,-7.45402847241361e-68,9.301841366042754e-45,4.225230882146462e-49,-3.3791417197857977e-62,5.158943903976654e-50,-3.075364638153824e-70,1.0663134462194102e-19,1.2075535984193399e-23,2.826632170229232e-18,3.5099999999971695e-06,1.139676450237271e-52,9.820445374169928e-45,6.084122273587083e-18,1.7799999999939106e-06,1.6594301984857756e-42,9.483856465848932e-38,-3.0414745137523778e-77,7.273224025225504e-56,0.0,0.0,4.2526111934999444e-30,4.926070340093564e-21,4.707565694027208e-44,6.156313407327924e-22,-2.1488825003238342e-61,1.0222394025339059e-35,-2.14888250184046e-61,-9.672074620905408e-80,4.303299145808502e-52,9.766063090028865e-36,2.791899610743311e-25,3.501866520133865e-32,2.0173998304485417e-49,9.63674372868467e-43,2.9423946721387083e-46,3.905184005254442e-40,1.5786001278018528e-31,2.1487240736716632e-57,-4.3577723301546875e-68
2.1145912449623337e-05,1.000003503609941e-10,0.00017699999999964177,1.4308723228836404e-35,3.0575089349925e-29,5.558756184608964e-43,2.8090686392000046e-34,3.084192180919261e-53,1.7171586222645754e-41,-1.4037219028514216e-96,-3.6211417366604365e-79,-3.158350760565882e-88,1.2981525328730422e-55,4.0346552402053606e-46,1.6241596062964624e-68,1.835749376715132e-53,6.890453508109252e-51,1.6821442294666145e-112,-4.5643320439422623e-94,1.3512252134272837e-80,-5.398260859214492e-95,-4.141162445830179e-108,-1.5501838139496892e-93,4.074746797606313e-25,1.0289577184387794e-18,1.6671466148131385e-25,6.822707686406949e-18,-6.36750370476845e-78,-7.122699673923731e-75,6.041142128997269e-36,9.099547814801642e-25,8.889615955193854e-103,-4.140953483947789e-101,-1.0474898508257531e-74,-5.3359102185957336e-67,-7.122699652342526e-75,-2.0711841610389538e-66,8.954605165578524e-48,2.3904150005460292e-46,2.7636360743180963e-38,1.914643776613736e-20,3.3899994348364134e-08,4.66004212640618e-30,6.179997663919842e-24,2.1810601516603728e-29,9.692406172496352e-23,3.454551102334252e-48,1.5721170727723235e-41,1.3934940596042807e-31,0.00018232390005468852,0.4999999999999852,2.4870334810992343e-14,0.24999999999996783,2.4370725220839127e-14,6.124336966272802e-22,3.332651600303181e-48,4.1719123537261665e-47,2.7023280743467065e-36,4.68396011543561e-51,-1.6139525653113892e-60,7.336498824113179e-49,9.339897396854818e-56,-2.0425181292470903e-63,1.947703050863837e-32,1.7934697151957702e-30,5.889119251156249e-32,6.068989524241011e-21,0.0,1.3115617068723694e-57,-4.9193220456073645e-73,4.225468599206244e-21,5.01576322313099e-38,2.7822406874027736e-33,2.2364834897345232e-86,1.0225978724558364e-30,5.6516161114092756e-15,2.6086548520588237e-37,3.1444508829317605e-29,1.5726755929335778e-36,9.310042187397506e-37,5.759187027069492e-28,1.1219188380859036e-53,-8.758509827014143e-76,3.484743839524763e-49,4.2026927964490505e-37,0.10000000149011082,5.2803253851267806e-15,1.0563715488635932e-22,1.3155315175803605e-37,1.3318093394813747e-65,-9.554999920990035e-60,1.7297365367155032e-42,-1.1295829647462945e-56,6.059486836457248e-30,-7.907195630356194e-78,6.062404626241476e-29,2.0304581652548987e-28,-3.318964211553851e-66,9.513091604122176e-45,-1.8419219837039532e-55,2.2559999996714347e-06,3.2856594989685207e-16,6.179999999998647e-05,1.3555000436314112e-17,8.945686060244054e-42,1.0997549581845643e-34,1.0613356805756386e-41,1.1125168549642237e-74,1.993070585996785e-39,1.7583772739658304e-24,-1.737004313097046e-48,1.074871559180155e-31,-1.947202664380502e-106,-4.177228241216257e-52,6.642730885744667e-40,-4.363550911633475e-51,1.888674430303091e-31,3.0948230127281053e-34,7.622173092491419e-72,8.328085678654164e-41,9.879500970061205e-32,0.00033399999999981166,1.882198386730784e-16,2.7328499189623185e-24,1.335184216830816e-33,-3.2395775957773932e-68,2.8128698055261474e-44,1.2783907625225499e-48,7.062089938385812e-61,1.5600893039491216e-49,-3.1593944118786425e-70,1.5419789929046752e-19,2.5251869234026248e-23,4.0875480308196975e-18,3.5099999999959066e-06,3.837280340605278e-52,2.9696952695028097e-44,8.798152896331277e-18,1.7799999999911941e-06,3.470139612316361e-42,2.046784817556454e-37,-3.357056219384422e-77,2.1994223743952512e-55,0.0,0.0,8.892887902965263e-30,7.123511604803295e-21,1.4235641534193418e-43,8.902547261324352e-22,4.4961303400196473e-60,2.1376654037816764e-35,4.496130339952011e-60,-1.1418668378998847e-79,1.3013142576380729e-51,2.042256572915454e-35,4.037322950224322e-25,7.322961293630439e-32,6.10070501089415e-49,2.914143688535452e-42,8.897779270637448e-46,1.0615561370761088e-39,3.3011045115500085e-31,2.122177486504975e-56,-2.156576365373332e-69
3.0578769216063876e-05,1.0000050665148685e-10,0.00017699999999948196,2.0691653504601418e-35,4.4214218754413344e-29,1.1624264993976256e-42,5.874216171471191e-34,1.5810061680870364e-52,5.192732138462541e-41,2.4355721445533578e-95,3.7231653074967764e-79,1.8290479012712791e-88,3.9256269489495784e-55,1.2200781980036569e-45,4.184749570038673e-67,1.1394399908393383e-52,2.0836744871409995e-50,3.314479110770154e-112,-1.3351910393548995e-94,3.481624823989468e-79,1.0900594356661712e-94,3.0644661278668507e-107,1.5204351040058259e-93,6.370078884396588e-25,1.4879592979819449e-18,2.41083621107607e-25,9.866208857758619e-18,6.547105086582237e-78,2.6238297012325904e-74,1.826822400932955e-35,1.9028604052649408e-24,3.001319690141323e-102,3.893144321579497e-99,4.229505160041718e-74,1.889694603400547e-66,2.623829708081671e-74,2.7978785517258536e-65,5.55793986575088e-47,1.483681553376415e-45,8.357214131646881e-38,2.773591634523057e-20,3.3899991827259155e-08,7.164203032464962e-30,8.936798574606036e-24,3.9358665574958363e-29,1.4016036553770225e-22,1.0451677650689321e-47,3.2878878103102765e-41,2.015114548062192e-31,0.00018232390007908418,0.4999999999999785,3.596459911713246e-14,0.24999999999995345,3.524211541844977e-14,1.2806964058044597e-21,2.0684565548111542e-47,2.589364240531649e-46,8.171819238840465e-36,2.9072379111891736e-50,2.181231442755776e-59,4.5534999218821035e-48,5.797281706937541e-55,2.759151986404739e-62,4.0729575852980194e-32,5.423438199944408e-30,1.231508701110128e-31,8.776269458999549e-21,0.0,8.140595362233679e-57,6.645307105591082e-72,8.836127717339777e-21,3.1131808850049596e-37,5.81810868537401e-33,2.0314940613515058e-85,3.0870235262041536e-30,8.172711836071432e-15,6.661353879641441e-37,6.575547608007158e-29,4.755758789650527e-36,1.9476605769269937e-36,1.2043377845726595e-27,6.963520348047283e-53,1.3246439221548798e-75,1.0537859223599761e-48,8.78862140324589e-37,0.10000000149010846,7.635794942492715e-15,2.2090409471611297e-22,2.7509874316237076e-37,8.26629251533296e-65,1.0968363727622081e-58,1.0736118512168811e-41,1.5259082508156204e-55,1.2671353345681042e-29,9.439159177744168e-77,1.2677454331949378e-28,4.242923390623378e-28,4.483450837069089e-65,2.876751720545649e-44,2.4881793018454772e-54,2.2559999995248663e-06,4.751340183611202e-16,6.179999999998043e-05,1.960167101242905e-17,1.961012363916385e-41,2.5926900711614996e-34,3.807983544364032e-41,8.90535433341495e-74,5.251235847186597e-39,3.677046895850138e-24,2.346446713178084e-47,3.2504031939932637e-31,-2.1299206679731842e-106,5.642843113370029e-51,4.123006556277354e-39,5.894539071693579e-50,3.949519329071638e-31,9.351736111716313e-34,2.1508545848003618e-71,2.51840683691824e-40,2.065961131581821e-31,0.0003339999999997276,2.7218170455971884e-16,3.951931409579096e-24,4.033775282240718e-33,4.54016481896598e-67,8.506097071589877e-44,3.86774652322284e-48,4.383628329712178e-60,4.717777716788544e-49,8.209835498927426e-70,2.229831409294414e-19,5.2805679392658187e-23,5.910938494344885e-18,3.50999999999408e-06,1.2690974832107476e-51,8.980336101302754e-44,1.2722869610817364e-17,1.7799999999872658e-06,7.256634855782484e-42,4.4723560215814195e-37,6.778895300867967e-77,6.651050379411873e-55,0.0,0.0,1.859644613993042e-29,1.0301195836594656e-20,4.304846821452428e-43,1.2873832459835571e-21,2.7906556362833296e-59,4.470198683788711e-35,2.7906556363747075e-59,1.7269173588338142e-79,3.935164067622813e-51,4.2707357497371626e-35,5.8383111504908655e-25,1.531347988686498e-31,1.8448772795281127e-48,8.812347588252507e-42,2.6906817387528303e-45,2.9605190672574065e-39,6.903135744656309e-31,1.0512036100026584e-55,3.6268754242320274e-67
4.4219474047143965e-05,1.000007326606942e-10,0.00017699999999925092,2.992194891637587e-35,6.393762176914813e-29,2.4308229737795135e-42,1.2283940055022002e-33,-4.705617811195616e-52,1.5701944794050289e-40,-1.4400717571523918e-90,-1.2945631225186712e-74,-2.6347926923716845e-83,1.186773679021967e-54,3.689485108769744e-45,-5.406773153846672e-65,-5.105061021126601e-52,6.300920749468782e-50,2.6467230324858605e-106,-3.030879221238543e-88,-4.49890159083356e-77,-5.327996402414859e-91,-7.005251676677002e-103,-9.938368868937975e-89,1.0210516915207554e-24,2.151714031571074e-18,3.4862760655594383e-25,1.4267366940741142e-17,-2.2763819527495186e-73,-1.025287103994088e-70,5.524269189313199e-35,3.9791841340744866e-24,5.449623238008694e-97,-7.912808075844397e-94,-9.625989976782379e-70,-5.445230072051962e-63,-1.0252871018273825e-70,-6.834475261174211e-63,-2.4878942193809594e-46,-6.641380676859792e-45,2.527216366666446e-37,4.0210007465962315e-20,3.389998818152948e-08,1.1249599556478675e-29,1.292336668310369e-23,7.326610400330466e-29,2.0268371563984055e-22,3.153053078778913e-47,6.876526559728735e-41,2.914036003310947e-31,0.00018232390011436235,0.499999999999969,5.2007840930775254e-14,0.24999999999993266,5.096305576880317e-14,2.6781400860683876e-21,-9.258644765975373e-47,-1.1590352127994668e-45,2.4711530291020425e-35,-1.3013616523472355e-49,-5.32741703024684e-57,-2.0381965248210002e-47,-2.598297749131462e-54,-6.739906855812935e-60,8.517203622824436e-32,1.6400448708832772e-29,2.57528096388041e-31,1.2691223883415866e-20,0.0,-3.643976904514475e-56,-1.6232738663867406e-69,1.8477749444811966e-20,-1.393540874551693e-36,1.2166592366208516e-32,-1.2233114579478306e-83,9.324047266865873e-30,1.181842763442014e-14,1.757761934588843e-36,1.375051687635492e-28,1.4381385794172585e-35,4.075233666499885e-36,2.5184621941177228e-27,-3.117074271970175e-52,-8.895902119872979e-72,3.1865998615143895e-48,1.8378772621246136e-36,0.10000000149010504,1.1042002178119784e-14,4.619455670621481e-22,5.7527548935834616e-37,-3.7007273952379265e-64,-2.8290911518069365e-55,-4.805770197932032e-41,-3.7273867326196237e-53,2.649782101458005e-29,-1.871308803109799e-73,2.6510577403643477e-28,8.868163066354975e-28,-1.0951906938601299e-62,8.699276846697758e-44,-6.077951071706932e-52,2.255999999312917e-06,6.870837817319454e-16,6.179999999997169e-05,2.8345665036922387e-17,4.3738247521689764e-41,6.307540370836361e-34,2.7613117281261906e-41,-3.690142288622555e-72,2.3824407177966104e-39,7.689290330570996e-24,-5.731753793933267e-45,9.829200467411846e-31,-9.87431490239512e-99,-1.3784037180607576e-48,-1.8455711690877454e-38,-1.4398806883816065e-47,8.259074555217704e-31,2.8264991245573358e-33,1.2895979318331109e-67,7.61564425268537e-40,4.320254018922533e-31,0.0003339999999996061,3.93597603047414e-16,5.714826297729136e-24,1.2190142988792513e-32,-1.0966704500856547e-64,2.5722377187691602e-43,1.166818488106838e-47,-1.967771223997009e-59,1.426535613851059e-48,-3.430510621030223e-66,3.224523898623414e-19,1.1042507925207903e-22,8.5477145762701e-18,3.5099999999914397e-06,2.2477562214360542e-51,2.7156472505992e-43,1.8398340314016117e-17,1.7799999999815852e-06,1.5174839953142856e-41,9.93362838100838e-37,-3.312986222214594e-73,2.0112345819478972e-54,0.0,0.0,3.88881329987078e-29,1.48963930402163e-20,1.3017832664576485e-42,1.8616644903801014e-21,-1.2491730458323078e-58,9.347896686202887e-35,-1.249173048064404e-58,-1.1597870207647999e-75,1.1899914512055942e-50,8.930945567893006e-35,8.442694238455469e-25,3.202292890321133e-31,5.57847622167047e-48,2.664849034831871e-41,8.136602488513374e-45,8.430595778714078e-39,1.4435557180627629e-30,-2.8100628429056162e-55,-6.341403463693475e-65
6.394508134679367e-05,1.0000105948903117e-10,0.00017699999999891677,4.3269823544455304e-35,9.245948079248433e-29,5.0832424104010154e-42,2.5687729953585382e-33,-7.348667373630312e-51,4.747732673856715e-40,-1.288302228655081e-89,-1.2163440550863543e-73,-2.4715109123670135e-82,3.5867500992336233e-54,1.1156836521832252e-44,-5.032389837500093e-64,-6.884875870929772e-51,1.905334180369036e-49,2.6166366444505433e-105,-2.872073819882899e-87,-4.187383499648113e-76,-4.965485876151414e-90,-6.395570616668726e-102,-9.318368957353446e-88,1.685401484103379e-24,3.1115588590887852e-18,5.04145710456614e-25,2.0631810341811695e-17,-2.1388401805766785e-72,-9.465733053286577e-70,1.6705297792499323e-34,8.321107393186387e-24,7.691758188906725e-96,-7.138037980525925e-93,-8.86262238430872e-69,-5.058477590858918e-62,-9.465733027033271e-70,-6.312901937752188e-62,-3.356238108542934e-45,-8.959408796908099e-44,7.64229000380994e-37,5.835938723893762e-20,3.389998290949822e-08,1.812808015662232e-29,1.8688283801925574e-23,1.4013978408951756e-28,2.9309777512695144e-22,9.487796315936446e-47,1.4383023777590494e-40,4.213965690436223e-31,0.00018232390016537756,0.49999999999995515,7.5207722777305e-14,0.24999999999990258,7.369684847027658e-14,5.600417059483668e-21,-1.2490321153333939e-45,-1.5635869666346585e-44,7.47275451225435e-35,-1.755573685482483e-48,-4.92086113616656e-56,-2.7496178284462465e-46,-3.503759895505066e-53,-6.225550609698722e-59,1.7810830565177704e-31,4.9594909950329714e-29,5.38532287179093e-31,1.835257701870315e-20,0.0,-4.915820606452044e-55,-1.4993937121943587e-68,3.8639912941513405e-20,-1.8799289492829358e-35,2.5442282963858183e-32,-1.1613978839417463e-82,2.81726766832312e-29,1.709043782657542e-14,4.778813313885413e-36,2.8754518514049106e-28,4.348924526951856e-35,8.529111559614809e-36,5.2665056098826804e-27,-4.2050186723017715e-51,-8.291661337912541e-71,9.636000110906998e-48,3.8434041051518785e-36,0.10000000149010012,1.5967664535221107e-14,9.660014865247902e-22,1.2029923960962007e-36,-4.992169817583274e-63,-2.5810643742913585e-54,-6.48312824436166e-40,-3.442930962468539e-52,5.541117133663078e-29,-1.7079233672968154e-72,5.5437841700312e-28,1.8538283797410098e-27,-1.0116111812776015e-61,2.630655525277499e-43,-5.614111760622451e-51,2.25599999900642e-06,9.93580978995978e-16,6.179999999995904e-05,4.099021517899564e-17,9.971612133412384e-41,1.5868771290139118e-33,-4.633122670305108e-40,-3.5520261079432945e-71,-6.434726038449104e-38,1.6079529109869596e-23,-5.294334956679493e-44,2.9723463048598594e-30,-9.50081470117874e-98,-1.2732107619831564e-47,-2.489728934909178e-37,-1.3299961890252043e-46,1.7271041568178754e-30,8.544268382282878e-33,1.3994525203146295e-66,2.302965624541618e-39,9.034339695677465e-31,0.0003339999999994304,5.691751561938696e-16,8.264121615861004e-24,3.684627702872355e-32,-1.0130762898039218e-63,7.778429627992905e-43,3.5110532774904366e-47,-2.6521804440910494e-58,4.3131032783637446e-48,-3.1873771314902737e-65,4.66293295951155e-19,2.3091640033445856e-22,1.2360714723766653e-17,3.5099999999876213e-06,-3.1345588050565353e-51,8.212099002422306e-43,2.6605548640144672e-17,1.7799999999733705e-06,3.1733189780974684e-41,2.253040060525086e-36,-3.087569824420367e-72,6.081722612374958e-54,0.0,0.0,8.132128403028507e-29,2.154143150414484e-20,3.9365878877843456e-42,2.692123462282789e-21,-1.685171119193596e-57,1.9547937970273057e-34,-1.6851711212553498e-57,-1.0810103079025606e-74,3.598530107430899e-50,1.8676503520131222e-34,1.2208856752519452e-24,6.696505299210986e-31,1.6866653830083873e-47,8.058494229457651e-41,2.460503142900599e-44,2.4402493781987975e-38,3.018705088910953e-30,-4.590691938286567e-54,-5.877452552263362e-64
9.246996977143298e-05,1.0000153211031563e-10,0.00017699999999843354,6.257217775372862e-35,1.337048312806152e-28,1.0629908802777285e-41,5.371729918406901e-33,-2.0948444895000087e-50,1.435722065861511e-39,-4.074564177092794e-89,-4.2277131984754427e-73,-8.566836683748251e-82,1.0845568319282725e-53,3.3738217042909675e-44,-1.645413070209593e-63,-1.9672065002856455e-50,5.761728994832917e-49,9.908615929722298e-105,-1.0137902177740387e-86,-1.3691345622110648e-75,-1.6979467845998172e-89,-2.1066653300972506e-101,-3.227165538291359e-87,2.874023000030267e-24,4.499574464462058e-18,7.290389458564406e-25,2.983532778639791e-17,-7.434082958149503e-72,-3.180103801478267e-69,5.051656213175853e-34,1.7400759102284988e-23,4.279949716102554e-95,-2.2965666153758868e-92,-2.967007886226876e-68,-1.7180889548437834e-61,-3.18010378866104e-69,-2.070526207482772e-61,-9.588842979814538e-45,-2.559721730035632e-43,2.3110226488384656e-36,8.483660610109e-20,3.389997528569872e-08,3.0104738472193295e-29,2.702484773470568e-23,2.7415251690822504e-28,4.238441836425612e-22,2.870111473810389e-46,3.008660581130034e-40,6.093805646509229e-31,0.00018232390023914985,0.49999999999993516,1.0875671267711387e-13,0.2499999999998591,1.0657180474776533e-13,1.171136243774245e-20,-3.568510598836834e-45,-4.4672005665004947e-44,2.259755250909807e-34,-5.015710245202304e-48,-1.613959478557142e-55,-7.855714481652541e-46,-1.001161564750013e-52,-2.041876734792924e-58,3.724528610202762e-31,1.499746211013442e-28,1.1261568120147177e-30,2.6539369160507354e-20,0.0,-1.4044607638176015e-54,-4.917761086457649e-68,8.080219713222269e-20,-5.370993150730805e-35,5.320386582150022e-32,-3.782273624854505e-82,8.514545122669936e-29,2.471420473331579e-14,1.332887972392237e-35,6.013026898728758e-28,1.3151114390934675e-34,1.785735930600545e-35,1.1013101811125837e-26,-1.2013827599760915e-50,-2.8369565739273704e-70,2.9139200448196807e-47,8.037503887781241e-36,0.100000001490093,2.3090586887780325e-14,2.0200620868067142e-21,2.5156507293708886e-36,-1.4262942516742778e-62,-8.470441736334719e-54,-1.8522423561182227e-39,-1.1292236876120309e-51,1.1587360289139392e-28,-5.604915657885777e-72,1.1592935890870197e-27,3.8757165087950675e-27,-3.317915749060048e-61,7.955082513551096e-43,-1.8413345237059737e-50,2.255999998563199e-06,1.4368017235532785e-15,6.179999999994076e-05,5.927529647826199e-17,2.3349180847338945e-40,4.128446239962724e-33,-1.2833693793011318e-39,-1.1458330698828691e-70,-1.934908209094205e-37,3.362485029469647e-23,-1.7364534895452832e-43,8.988352294058838e-30,-3.442709592506314e-97,-4.1759187753377765e-47,-7.113205826065728e-37,-4.362165486461254e-46,3.611650129119645e-30,2.5831414614748596e-32,6.040623123641333e-66,6.964150746596438e-39,1.8892243968707696e-30,0.00033399999999917626,8.230749601871644e-16,1.1950619160599154e-23,1.1138800440265198e-31,-3.322589590303304e-63,2.3521912687129244e-42,1.0621132535239461e-46,-7.579536641269592e-58,1.3042945846025992e-47,-1.0836406289496491e-64,6.742993529511199e-19,4.828828715210983e-22,1.78746338710667e-17,3.509999999982099e-06,-7.341446165058004e-51,2.4833325632568954e-42,3.847386265544615e-17,1.7799999999614915e-06,6.635970385334812e-41,5.242963487812751e-36,-1.0557905735236393e-71,1.8391062482803356e-53,0.0,0.0,1.700557642014519e-28,3.1150709184279937e-20,1.1904211298972516e-41,3.893036942470238e-21,-4.814567429879603e-57,4.087784178570377e-34,-4.81456743664181e-57,-3.6986313005329866e-74,1.0881927131213835e-49,3.905697529348297e-34,1.765505595304263e-24,1.4003461209363342e-30,5.100519836180358e-47,2.4368824084033562e-40,7.44054299629623e-44,7.151031195011785e-38,6.312593431923982e-30,-1.3077124328843347e-53,-1.9250252262754558e-63
0.00013371935932267675,1.0000221556047406e-10,0.00017699999999773477,9.048547752890317e-35,1.933498272368673e-28,2.2229031599359716e-41,1.1233192364770215e-32,-1.855703343921026e-50,4.342008627455512e-39,-7.588868260532018e-89,-9.92191981001932e-73,-1.9990920018671726e-81,3.2806874909888174e-53,1.020251515896369e-43,-3.3264849226059385e-63,-1.911810541048942e-50,1.7423874918033354e-48,2.72395557566341e-104,-2.4553923801251695e-86,-2.767988356270629e-75,-3.8471041194077794e-89,-4.3749266748710974e-101,-7.516833961957102e-87,5.069478218056365e-24,6.506760176076984e-18,1.0542556015936296e-24,4.3144381550776304e-17,-1.7446871910007118e-71,-6.92302939790653e-69,1.527613438497255e-33,3.6387752203976234e-23,1.7909171759847516e-94,-4.487186289866665e-92,-6.408006024879842e-68,-3.834207130401122e-61,-6.9230293497474e-69,-4.2327079430935654e-61,-9.311399609130781e-45,-2.4856568213335197e-43,6.988510257101062e-36,1.2360938989984898e-19,3.3899964261046e-08,5.166863894769828e-29,3.908023874748315e-23,5.459629213160013e-28,6.129146383066804e-22,8.714723486005311e-46,6.2944357932525456e-40,8.8122912184282e-31,0.0001823239003458308,0.49999999999990624,1.5727139267932043e-13,0.24999999999979625,1.5411171373441774e-13,2.4490318459215265e-20,-3.4652337262982885e-45,-4.3379203130856746e-44,6.83347831389699e-34,-4.8705794875227425e-48,-3.299358793264721e-55,-7.628356332344597e-46,-9.732760773539353e-53,-4.1741424374585756e-58,7.788583103195878e-31,4.535215633939263e-28,2.3549732638825058e-30,3.837815757862451e-20,0.0,-1.3638279625776976e-54,-1.0053218738887877e-67,1.6897021272326704e-19,-5.21556014392473e-35,1.1125775346856408e-31,-7.511045051930877e-82,2.573775912830003e-28,3.573880590053012e-14,3.7959686383253746e-35,1.2574193824612442e-27,3.976883995198648e-34,3.7408019758579513e-35,2.303014854743396e-26,-1.166622534361093e-50,-6.43625752400433e-70,8.811842757003241e-47,1.680871350117841e-35,0.1000000014900827,3.3390932133173466e-14,4.224268771461497e-21,5.2606413865707365e-36,-1.3851971957965138e-62,-1.74207134646729e-53,-1.7986409513619207e-39,-2.3084341492322606e-51,2.423102063050626e-28,-1.1525234176412242e-71,2.4242675274850687e-27,8.103389731038274e-27,-6.782706781662113e-61,2.4056104805931345e-42,-3.7641779349854614e-50,2.2559999979222647e-06,2.0777362252623972e-15,6.179999999991432e-05,8.571705788314939e-17,5.6381965825701544e-40,1.1082763241203372e-32,2.5295888377175765e-40,-2.2032365780395687e-70,-1.1844210673990658e-37,7.031489679506562e-23,-3.5497752913329547e-43,2.7180684340508845e-29,-8.767677880136475e-97,-8.536694893557016e-47,-6.907374250172799e-37,-8.917432744367621e-46,7.55253619355222e-30,7.810057025093738e-32,1.99372737630391e-65,2.1059536156012856e-38,3.950669214439732e-30,0.00033399999999880883,1.1902352046764618e-15,1.7281608963671266e-23,3.367632889194375e-31,-6.791307421654718e-63,7.113007340081516e-42,3.224969680497625e-46,-7.378555941834624e-58,3.944727229298844e-47,-2.4239276011848195e-64,9.750936187938082e-19,1.0097846591625745e-21,2.5848225056033748e-17,3.5099999999741137e-06,5.288237942509754e-50,7.509577619611094e-42,5.563644363467193e-17,1.7799999999443132e-06,1.3877036825028499e-40,1.2571118938660273e-35,-2.3921295927078043e-71,5.561588135419193e-53,0.0,0.0,3.5561369816099637e-28,4.5046518366044586e-20,3.5998208196571426e-41,5.629658722358864e-21,-4.675246541358201e-57,8.548204505522351e-34,-4.675246555181961e-57,-8.391158569977607e-74,3.2906829760331683e-49,8.16786831367815e-34,2.5530741844102822e-24,2.928347305184891e-30,1.5425912021868472e-46,7.369106157220063e-40,2.2500141727181128e-43,2.1147323721172485e-37,1.3200638758836937e-29,-1.1264151347482376e-53,-3.915823457682868e-63
0.00019336944850166022,1.0000320388693081e-10,0.0001769999999967243,1.3085157714975937e-34,2.7960317487311336e-28,4.648520690366939e-41,2.3490543717872652e-32,1.2083351454678058e-49,1.3131765417731212e-38,-2.8819286832499692e-89,-1.5904268832849518e-72,-3.150697141018535e-81,9.925157738035928e-53,3.085273981552078e-43,-2.79255146430688e-63,1.016737220822104e-49,5.269144381382953e-48,6.240929121485005e-104,-4.294155913779214e-86,-2.3239632468222557e-75,-5.517823485165262e-89,-4.335784703996521e-101,-1.1781490493690362e-86,9.240956106964653e-24,9.409316142006315e-18,1.5245509259328826e-24,6.2390378637454e-17,-2.7966330968087546e-71,-8.554282020778446e-69,4.619482396385676e-33,7.609256322591594e-23,6.56992334677394e-94,-2.9477300510342054e-92,-7.660348601165505e-68,-5.213692513727494e-61,-8.554281858545523e-69,-3.81999648222975e-61,4.960783216529919e-44,1.3242720753864652e-42,2.113318317495432e-35,1.8069125875570327e-19,3.389994831847659e-08,9.17281325395532e-29,5.651338624815696e-23,1.1021697347491724e-27,8.86326729048823e-22,2.6493620558293484e-45,1.317128011960114e-39,1.27436493786527e-30,0.00018232390050010043,0.4999999999998644,2.2742773858915547e-13,0.24999999999970535,2.2285832975884664e-13,5.121313767882113e-20,1.846185214040883e-44,2.3111225901816455e-43,2.0664368863456665e-33,2.594879362882455e-47,-2.97762570891517e-55,4.0641926673574744e-45,5.172427820908941e-52,-3.767150473579891e-58,1.6287169006364087e-30,1.3714435657509143e-27,4.9246240331825466e-30,5.549803771742125e-20,0.0,7.265945796273989e-54,-9.072993516789708e-68,3.5334346150599993e-19,2.7786995152371344e-34,2.3265766368018956e-31,-5.518209253819984e-82,7.780950805018725e-28,5.168129151177924e-14,1.098823602980434e-34,2.629463170781968e-27,1.202605495699793e-33,7.842407348136508e-35,4.8159702844539463e-26,6.215344181342311e-50,-9.27289679080213e-70,2.664763726631146e-46,3.5152766299373964e-35,0.10000000149006781,4.8286098319500207e-14,8.833610085888497e-21,1.1000902088422988e-35,7.377807165225515e-62,-1.635537480519723e-53,9.582623421608198e-39,-2.083347833462053e-51,5.067093612941886e-28,-1.0807739376674151e-71,5.0695293249780784e-27,1.6943524184178755e-26,-6.121366913367156e-61,7.274546031323586e-42,-3.3971448603413897e-50,2.2559999969954192e-06,3.00458146100289e-15,6.179999999987607e-05,1.2395405960546678e-16,1.4075886183663782e-39,3.058314666105688e-32,1.7095557080287928e-38,-1.2039087488214175e-70,1.5356843580897782e-36,1.4703958119996615e-22,-3.2036593888492018e-43,8.219408424873724e-29,-1.7290811369820903e-96,-7.704337554361562e-47,3.680025473984958e-36,-8.047950685159489e-46,1.5793557213683281e-29,2.361473011805382e-31,5.905493746486777e-65,6.36838654673623e-38,8.261478597258399e-30,0.00033399999999827746,1.7211793145775877e-15,2.4990677424499946e-23,1.0182159909353308e-30,-6.123751061229676e-63,2.1509675187204249e-41,9.804225370623149e-46,3.9092852274729425e-57,1.1931000274274179e-46,-3.323949783912207e-64,1.4100674443548287e-18,2.111619472588795e-21,3.737870903499011e-17,3.509999999962566e-06,4.565273533223291e-49,2.2708900688371642e-41,8.045498022897478e-17,1.7799999999194718e-06,2.9019594761803332e-40,3.1148518726732647e-35,-3.4309039696008107e-71,1.6818799633128166e-52,0.0,0.0,7.436448889540425e-28,6.514099636928925e-20,1.0885816313593674e-40,8.140959584582724e-21,2.4908247608369134e-56,1.7875646617259295e-33,2.4908247595893234e-56,-1.2089392936683343e-73,9.950986278042807e-49,1.7081621528737218e-33,3.691969556308721e-24,6.123642027327112e-30,4.665565725459045e-46,2.2284090195248512e-39,6.804024187011657e-43,6.295114585959426e-37,2.760463868725469e-29,7.766000473203749e-53,-3.4244125616638057e-63
0.0002796284980965741,1.0000463309017903e-10,0.00017699999999526309,1.8922709915086567e-34,4.043365556486535e-28,9.721054560431388e-41,4.912291886934695e-32,8.782326503391873e-49,3.971489263035731e-38,5.074068303426203e-88,-4.565552859099123e-73,-6.060226314671358e-82,3.002673467121136e-52,9.329964468016414e-43,1.3331364755881537e-62,7.696839257393259e-49,1.5934368081054466e-47,1.2205722695385705e-103,-3.22334350780879e-86,1.1091563275544113e-74,2.02167761613506e-89,1.362690379710631e-100,-1.8958277060624529e-87,1.7357451100202996e-23,1.3606649022722549e-17,2.2046480891446415e-24,9.022167925987531e-17,-8.028117281526798e-72,1.1673246104799607e-68,1.3969258136125492e-32,1.5912159696230788e-22,2.243645151173645e-93,2.2735978449366368e-91,1.2307820486888431e-67,3.684192594260169e-61,1.1673246623785954e-68,1.5393173441081306e-60,3.753898896098699e-43,1.0020961025584512e-41,6.390653114369174e-35,2.6535512487663456e-19,3.389992526419261e-08,1.6821939717938157e-28,8.172326309238131e-23,2.2476582222740493e-27,1.2817042513251525e-21,8.05233111064901e-45,2.7569291608287325e-39,1.8429245048502886e-30,0.00018232390072318728,0.4999999999998039,3.28879793385798e-13,0.2499999999995739,3.2227152682764407e-13,1.0709476731162543e-19,1.3970307777070404e-43,1.7488557002781802e-42,6.24888434329532e-33,1.9635827875903475e-46,1.199900966575155e-54,3.075423047545586e-44,3.9162108115445494e-51,1.5180134130252193e-57,3.405906720036909e-30,4.147228565444955e-27,1.0298172447364529e-29,8.025481622305061e-20,0.0,5.498257562368772e-53,3.6560642434086015e-67,7.388969316133633e-19,2.1026777617876184e-33,4.865241574215912e-31,3.4751524630324603e-81,2.35250806906324e-27,7.473543493921205e-14,3.2202113473202332e-34,5.498623000865076e-27,3.636666402211549e-33,1.6459592528919113e-34,1.0070958830877809e-25,4.703245061796141e-49,3.139476856560478e-70,8.058427444845673e-46,7.351932559858664e-35,0.10000000149004627,6.982576232402798e-14,1.8472458668707306e-20,2.3004859188491576e-35,5.583238535290586e-61,5.958198613619092e-53,7.25129726792942e-38,8.395138767937369e-51,1.0596103283419942e-27,3.949401465681729e-71,1.0601192330894595e-26,3.5428777990759726e-26,2.4666746617858923e-60,2.1998166795540732e-41,1.3689294777683044e-49,2.2559999956551234e-06,4.34487768269707e-15,6.179999999982078e-05,1.7924795979914423e-16,3.634778659768529e-39,8.635388645716068e-32,9.902545188111253e-38,1.2631173264906415e-69,1.01781287063803e-35,3.0748297057519813e-22,1.290950352987021e-42,2.485540007205351e-28,-2.2945306882199545e-96,3.104547694885219e-46,2.7847267107780247e-35,3.2430118496626286e-45,3.3026845954622584e-29,7.140483704950043e-31,1.6748623727435093e-64,1.9257949128341566e-37,1.7276067135366915e-29,0.0003339999999975091,2.4889681262016184e-15,3.613865706411155e-23,3.0787551593153022e-30,2.4729685985972854e-62,6.504508006456853e-41,2.979844151492992e-45,2.961867999143014e-56,3.608555923802643e-46,2.1656428712924052e-64,2.0390762067418283e-18,4.415729231792563e-21,5.405275937411279e-17,3.5099999999458677e-06,2.2401608621465527e-48,6.867152884306535e-41,1.1634467298108274e-16,1.7799999998835494e-06,6.0686106356892335e-40,7.983405048161762e-35,1.2575411200533672e-71,5.08616856641513e-52,0.0,0.0,1.5550798755349018e-27,9.41992366742649e-20,3.2918583876413816e-40,1.1772511166907687e-20,1.8848411209567242e-55,3.7380791241867386e-33,1.8848411214594542e-55,4.092948433468972e-74,3.009166626456112e-48,3.572434539989753e-33,5.33891837748564e-24,1.280551465437328e-29,1.4110900674132872e-45,6.738683019635661e-39,2.0575312915016602e-42,1.8827638177438307e-36,5.77256959633903e-29,5.5863288677910246e-52,1.488598019475119e-62
0.0004043663440818802,1.0000669983838211e-10,0.00017699999999314998,2.7364998051749795e-34,5.847203417173286e-28,2.0328355724233293e-40,1.027251938264358e-31,1.1890275789359265e-49,1.2007505198282852e-37,-3.459897810789893e-83,-3.710370237857802e-68,-8.970537148249475e-77,8.971213907528442e-52,2.8212881040001223e-42,-1.7746209671456768e-60,3.707079390223594e-50,4.818274119114692e-47,7.919243078910442e-98,-1.033290359227074e-80,-1.4858777145268704e-72,-1.8037447040453566e-85,-2.3266518020550526e-96,-3.2437788595428934e-82,3.345295831039123e-23,1.9676330282397454e-17,3.18815023101573e-24,1.3046801750651514e-16,-6.524390356478532e-67,-3.494914194999748e-65,4.224295715748609e-32,3.3274837403920167e-22,1.7552403064591926e-88,-2.712243946725125e-86,-3.0763914670765794e-63,-1.784612939540554e-57,-3.494914124886795e-65,-2.281044935990193e-58,2.5727231059361013e-44,6.86986512128739e-43,1.9325315343038175e-34,3.9221669772330676e-19,3.389989192578528e-08,3.1764848207460356e-28,1.1817903049368223e-22,4.617571238903387e-27,1.8534547367657104e-21,2.4147482898440346e-44,5.773043034329528e-39,2.665249953065467e-30,0.0001823239010457896,0.4999999999997165,4.755881577288412e-13,0.2499999999993838,4.660309673904314e-13,2.2395202586905553e-19,9.573167023801273e-45,1.1982828615749585e-43,1.8896606029946005e-32,1.3463833257146792e-47,-1.7780742583262255e-52,2.107906970387635e-45,1.57263005950447e-52,-2.24957218592935e-55,7.122293823724139e-30,1.2541220390387402e-26,2.1535115810290936e-29,1.1605518259448957e-19,0.0,3.764274912056377e-54,-5.417792878165859e-65,1.5451495353537836e-18,1.4440225381365415e-34,1.0173992490667697e-30,-2.3042299310305965e-78,7.113049407157479e-27,1.0807359855404636e-13,9.523305664765386e-34,1.1498486158305547e-26,1.0997269946892147e-32,3.4600385539722543e-34,2.105997196567901e-25,3.2227829488874015e-50,-3.0285938859307916e-66,2.4363585028398284e-45,1.5376837491214122e-34,0.10000000149001514,1.0097392942861123e-13,3.8628770438096234e-20,4.8106715499165774e-35,3.3559043910046526e-62,-9.658546966928679e-50,4.97855375724297e-39,-1.2440245105453684e-48,2.2158149483229636e-27,-6.2105474872382885e-68,2.2168778142341695e-26,7.408311428299289e-26,-3.65532926224223e-58,6.652232206884593e-41,-2.0285085666718872e-47,2.255999993716942e-06,6.283058829401653e-15,6.179999999974082e-05,2.5920754613034427e-16,9.686683950595153e-39,2.4831700057693536e-31,6.64817924700713e-38,-1.1391430669764057e-67,2.7197608553349744e-36,6.429952002600589e-22,-1.913017965732699e-40,7.516269006859007e-28,-3.3471449291386264e-89,-4.600706900052909e-44,1.910376742325217e-36,-4.805695486042879e-43,6.906440004350791e-29,2.1591592325293543e-30,4.2733047523355615e-61,5.823591520901653e-37,3.6127005509423136e-29,0.0003339999999963978,3.5992531547814876e-15,5.225961112335985e-23,9.309484240603448e-30,-3.6596130050493165e-60,1.966959205207839e-40,8.936014147789616e-45,-1.3189940871245642e-59,1.0908855296475495e-45,-1.1533553033189226e-60,2.94867581897465e-18,9.233982527473268e-21,7.816483960054388e-17,3.5099999999217196e-06,2.5424406086747125e-48,2.0766227543761215e-40,1.6824418927282068e-16,1.7799999998316025e-06,1.2690888089792969e-39,2.1139079544937694e-34,-1.1154469130235586e-67,1.537340612009532e-51,0.0,0.0,3.251919508727145e-27,1.362197594924969e-19,9.954576531998759e-40,1.7024038667601597e-20,1.2934441890041334e-56,7.816908614032356e-33,1.2934434440263083e-56,-3.948662483775839e-70,9.099718050653467e-48,7.471725106043374e-33,7.720566437630782e-24,2.677838149179099e-29,4.266010925174198e-45,2.0377772495625391e-38,6.221961929413365e-42,5.6498154310499e-36,1.2071361995719243e-28,9.53360444658006e-53,-2.1007843097103924e-60
0.0005847477683396706,1.000096885302648e-10,0.00017699999999009432,3.95750831978569e-34,8.455916835321918e-28,4.250110833130599e-40,2.148186432174017e-31,-5.14933866332027e-47,3.6264679907800986e-37,-6.094529679225627e-82,-6.881300024885241e-67,-1.6590691160853484e-75,2.5452667556436266e-51,8.529939030744798e-42,-3.3312787724748315e-59,-4.668301253975702e-47,1.4565035293312066e-46,1.5328585490415242e-96,-1.928045562994735e-79,-2.7889805797200793e-71,-3.3222157113742533e-84,-4.2008470816123656e-95,-5.999103306013592e-81,6.584248382209014e-23,2.8453568121560083e-17,4.610435271459806e-24,1.8866747422303332e-16,-1.2100218038261297e-65,-6.385812406942123e-64,1.2774335664804836e-31,6.95829133434055e-22,4.7724185576600005e-87,-4.847984702797147e-85,-5.597221212054292e-62,-3.27850542481932e-56,-6.385812242474831e-64,-4.271202853390105e-57,-2.262820796685304e-41,-6.040519497201764e-40,5.844018326910718e-34,5.849340850282185e-19,3.389984371570023e-08,6.149079293446424e-28,1.7089748071368365e-22,9.53660176110563e-27,2.6802568013407327e-21,6.888642701999714e-44,1.209598925193353e-38,3.854790852514261e-30,0.00018232390151229973,0.49999999999959005,6.877411229305631e-13,0.24999999999910888,6.739183614022069e-13,4.683187665373336e-19,-8.421210658230703e-42,-1.0542011763650536e-40,5.714373659858252e-32,-1.1836204332303352e-44,-3.329402912274341e-51,-1.8538363974938506e-42,-2.381009118853442e-49,-4.2122666263654655e-54,1.4893849094889615e-29,3.79252153436989e-26,4.5033346628471067e-29,1.6782548571781909e-19,0.0,-3.3143786345677635e-51,-1.0144691602375807e-63,3.2311487322571995e-18,-1.2674234807179142e-31,2.1275430376926348e-30,-4.2858308384180336e-77,2.1508076623957014e-26,1.5628324652254109e-13,2.8349815424038494e-33,2.404513398889762e-26,3.3256028589061213e-32,7.2897800329897735e-34,4.403973315684341e-25,-2.8350896821093364e-47,-5.57759908244634e-65,7.359395447461854e-45,3.21633703275572e-34,0.1000000014899701,1.4601680074516676e-13,8.077865853964294e-20,1.005884735724036e-34,-3.374164567440529e-59,-1.7476174869781413e-48,-4.3708621465240517e-36,-2.329406645702555e-47,4.633624807084028e-27,-1.1238770079659548e-66,4.635843391401578e-26,1.549136218669359e-25,-6.844515173531026e-57,2.011636180277937e-40,-3.798335350986078e-46,2.255999990914169e-06,9.085831900345385e-15,6.179999999962519e-05,3.748357390298875e-16,2.650356915005428e-38,7.241187371350727e-31,-4.5670019701379914e-36,-2.1636055637806417e-66,-5.615664928086151e-34,1.3446033220324503e-21,-3.5820815245406506e-39,2.2729439850901178e-27,-6.330397918224474e-88,-8.614704053634563e-43,-1.6785771182233438e-33,-8.998554082473116e-42,1.444246707266183e-28,6.529116602581144e-30,9.017022720165327e-60,1.761053994030808e-36,7.554731267753723e-29,0.0003339999999947909,5.204814121889906e-15,7.557194534519501e-23,2.815078778308094e-29,-6.852745348731618e-59,5.9480871623926015e-40,2.5492127337183374e-44,-1.8227590671154278e-54,3.2920449864914234e-45,-2.1187082156758353e-59,4.264033416122116e-18,1.9309695513624587e-20,1.1303293710162739e-16,3.5099999998867994e-06,-7.891875914999523e-47,6.279709098722808e-40,2.432952577035669e-16,1.7799999997564832e-06,2.6540047946071907e-39,5.764513633829714e-34,-2.0543371358890457e-66,4.637688262360518e-51,0.0,0.0,6.80028083577363e-27,1.96984682774716e-19,3.0103002026304335e-39,2.4618185788757077e-20,-1.136136784826786e-53,1.6346369540878082e-32,-1.1361367987763234e-53,-7.272043476635735e-69,2.7517901904111686e-47,1.562818186961344e-32,1.1164674834257694e-23,5.599789158807004e-29,1.2877567789738362e-44,6.162316027471291e-38,1.881522101502561e-41,1.6993760806107786e-35,2.524313843016662e-28,-3.233350917493022e-50,-3.9380341341027555e-59
0.0008455944902006664,1.0001401043033547e-10,0.00017699999998567554,5.723683257836272e-34,1.2228862981120059e-27,8.88660608578755e-40,4.492320710975227e-31,-1.8186900126126787e-46,1.0964090894669833e-36,-2.2186049891952735e-81,-2.759381449403089e-66,-6.620683427646776e-75,7.539403962718597e-51,2.5793462601127905e-41,-1.2699802464661723e-58,-1.6479945323562787e-46,4.404175245446265e-46,6.598183572116898e-96,-7.815717834465234e-79,-1.0635377195485485e-70,-1.3113692065742185e-83,-1.6039975315048938e-94,-2.3938522772720592e-80,1.3173948025882474e-22,4.1146125599017765e-17,6.667322359486841e-24,2.7282850309482436e-16,-4.852152768462792e-65,-2.481643665240661e-63,3.862953607392897e-31,1.4550873380239179e-21,2.97740432575237e-86,-1.816871621667944e-84,-2.1680862848010856e-61,-1.287367710425141e-55,-2.481643574970784e-63,-1.6285999303919632e-56,-7.984117842421058e-41,-2.1313307309428688e-39,1.7672296634553992e-33,8.829939816696602e-19,3.389977399998074e-08,1.2145187626708486e-27,2.4713351241322363e-22,1.976987072606685e-26,3.875887905636376e-21,2.0621576746056173e-43,2.5366372331194656e-38,5.5760691497984576e-30,0.0001823239021869126,0.49999999999940714,9.94532840875152e-13,0.24999999999871136,9.74539238502174e-13,9.793273190136129e-19,-2.9713343599911625e-41,-3.71963693017974e-40,1.7280250475233449e-31,-4.1762729177635314e-44,-1.2694945862460712e-50,-6.541061492934146e-42,-8.407051919300406e-49,-1.6061292570921336e-53,3.114540883319092e-29,1.1468589902533054e-25,9.417186567972617e-29,2.426896180050972e-19,0.0,-1.1694446642866113e-50,-3.8681509051987515e-63,6.756831158656433e-18,-4.471950575998098e-31,4.449028681893858e-30,-1.704518264513201e-76,6.503631138123517e-26,2.2599815693878774e-13,8.479129046325894e-33,5.0282106652401397e-26,1.0056616629802814e-31,1.5408916171751417e-33,9.209402538790067e-25,-1.0003309603293711e-46,-2.201344052961463e-64,2.2247774667753425e-44,6.728355614420638e-34,0.10000000148990495,2.1115258384198559e-13,1.6892027056570171e-19,2.1033296130250205e-34,-1.1908551842963301e-58,-6.659248641612334e-48,-1.542206578639332e-35,-8.88196889588505e-47,9.689655734654369e-27,-4.282647491367568e-66,9.694282939057993e-26,3.23940313126426e-25,-2.6097997000506874e-56,6.083175868447361e-40,-1.44829507692984e-45,2.2559999868611236e-06,1.3138877664407364e-14,6.179999999945798e-05,5.420436311749344e-16,7.441522013315009e-38,2.1336873883811573e-30,-1.6207249890345958e-35,-8.246206497281432e-66,-1.9853918775455525e-33,2.8117734066441803e-21,-1.36584062262264e-38,6.873380643005764e-27,-2.625297633643145e-87,-3.2847695689702284e-42,-5.9226673922092214e-33,-3.4311309302020735e-41,3.0201501053492154e-28,1.9743511307991797e-29,4.386897780359852e-59,5.325416272604849e-36,1.5798142851322259e-28,0.0003339999999924672,7.526580725186697e-15,1.092837054382981e-22,8.51250438802402e-29,-2.6129338544147458e-58,1.798697981694261e-39,7.631226553965257e-44,-6.442290761378253e-54,9.9515031159273e-45,-8.320214629174192e-59,6.166151209720636e-18,4.0379548743796137e-20,1.6345514092148347e-16,3.5099999998363027e-06,-2.821856588071662e-46,1.8989802167389278e-39,3.5182541869707175e-16,1.7799999996478542e-06,5.5503638561557235e-39,1.611878433353851e-33,-8.107851670529389e-66,1.401421761822527e-50,0.0,0.0,1.4220467458948898e-26,2.8485527091741194e-19,9.103147296925723e-39,3.559995406531175e-20,-4.0087265465425995e-53,3.418276623023383e-32,-4.0087265997319105e-53,-2.8701033866191397e-68,8.321414223563363e-47,3.269194706652435e-32,1.6145239232680048e-23,1.1710059973418099e-28,3.893019891954274e-44,1.8634844319722192e-37,5.689711529948753e-41,5.119814587568407e-35,5.278741484844949e-28,-1.1417475720910095e-49,-1.5014430849209996e-58
0.0012228008050171417,1.0002026026172018e-10,0.00017699999997928566,8.279092444293512e-34,1.7686215311084555e-27,1.8586738778535956e-39,9.394534974104992e-31,-2.6136153252393565e-46,3.318086681332668e-36,-4.537988036223007e-81,-7.061345009034288e-66,-1.6780037170602451e-74,2.3365209045627177e-50,7.80072484267903e-41,-2.8969580253406157e-58,-2.3803586143105824e-46,1.3321149077831951e-45,1.9169241892629033e-95,-2.042774458381505e-78,-2.4277306390362767e-70,-3.2494006826389766e-83,-3.6972151214676606e-94,-6.0664119046818425e-80,2.6688767204281347e-22,5.950049149123506e-17,9.642118938064536e-24,3.9453184046263885e-16,-1.2416814771964184e-64,-5.94814399943457e-63,1.1681483594978466e-30,3.0428126103062485e-21,1.3000178777585896e-85,-4.006321288217639e-84,-5.161715868875196e-61,-3.1550928720293135e-55,-5.948143645374117e-63,-3.718101544365657e-56,-1.1486468115161765e-40,-3.06625795067448e-39,5.344057309810653e-33,1.3545285085750374e-18,3.389967318543609e-08,2.4365906784586014e-27,3.5737872702751853e-22,4.1092502765494195e-26,5.604883095492006e-21,6.465593528161204e-43,5.326311258855014e-38,8.068359071642757e-30,0.00018232390316245956,0.4999999999991427,1.4381808959921637e-12,0.2499999999981365,1.409258581862503e-12,2.047923859099894e-18,-4.2747668639557833e-41,-5.351333137178313e-40,5.225504678491091e-31,-6.00821718426113e-44,-2.8982668033667205e-50,-9.410394566866005e-42,-1.2161892833239987e-48,-3.6668102516668016e-53,6.51300207483489e-29,3.4680563127878245e-25,1.9692825894764836e-28,3.5094927998006217e-19,0.0,-1.6824624359037702e-50,-8.831024030426606e-63,1.4129562889962378e-17,-6.433458934064662e-31,9.303619214829375e-30,-4.2858903033527545e-76,1.9665967763879246e-25,3.268111614602553e-13,2.5444489803546323e-32,1.0514759313002503e-25,3.0410929351469406e-31,3.272367139761423e-33,1.9258305442241744e-24,-1.4391442372595535e-46,-5.4531962624892546e-64,6.730789409634791e-44,1.4077893532451496e-33,0.10000000148981077,3.0534440855185226e-13,3.532368497105675e-19,4.3987248835312314e-34,-1.716507008535754e-58,-1.5268543262746856e-47,-2.2186644662156576e-35,-2.027754665123041e-46,2.0262637748385143e-26,-9.819982377305754e-66,2.0272277054516338e-25,6.773978022991928e-25,-5.958194848293325e-56,1.839544424026346e-39,-3.306455958270891e-45,2.2559999810000783e-06,1.8999922974908142e-14,6.179999999921617e-05,7.838398839232775e-16,2.1347404555474524e-37,6.33497772106398e-30,-2.2430759193689026e-35,-1.8764435154360855e-65,-2.832541517426923e-33,5.8798467996931226e-21,-3.1182267242225197e-38,2.0784885340730425e-26,-7.157643075141526e-87,-7.499160438825096e-42,-8.52061937235139e-33,-7.833303325871613e-41,6.315615336389143e-28,5.97026087880578e-29,1.512808473529302e-58,1.6103995257964175e-35,3.3036421305960724e-28,0.00033399999998910695,1.0884030384368677e-14,1.580340881201425e-22,2.574093360254127e-28,-5.965299386627149e-58,5.439239670087138e-39,2.392657670553039e-43,-9.391418782088813e-54,3.013005670942467e-44,-2.0395212575280857e-58,8.916773630470221e-18,8.443976245988727e-20,2.363698916915502e-16,3.5099999997632796e-06,-3.7054226289985595e-46,5.742492298045454e-39,5.087691644600304e-16,1.7799999994907675e-06,1.1607956239544912e-38,4.5997412775954805e-33,-2.0084098220426106e-65,4.241889684197372e-50,0.0,0.0,2.9737252772425824e-26,4.1192227130789545e-19,2.752760588499626e-38,5.1480499319076947e-20,-5.767112306325765e-53,7.148131597415633e-32,-5.767112427757452e-53,-7.109870219293818e-68,2.5163658968130627e-46,6.839711744146914e-32,2.3347750649464326e-23,2.4487626779428077e-28,1.1785182478889313e-43,5.635111252618744e-37,1.7205614743343121e-40,1.5442342168942995e-34,1.1038686388514925e-27,-1.6341584126512548e-49,-3.426535551429877e-58
0.0017682728850275922,1.0002929804418199e-10,0.00017699999997004533,1.1978322030799616e-33,2.5581602921101893e-27,3.889208798825472e-39,1.964663325802404e-30,5.339294780454608e-46,1.0045590688454741e-35,-2.934261589591994e-81,-1.2822080380062765e-65,-2.9712771736233624e-74,7.375105644732619e-50,2.3593141897511737e-40,-3.6017928465583805e-58,4.748368706809405e-46,4.029667846628154e-45,4.544476690996892e-95,-3.9082065005042106e-78,-3.0273181756600786e-70,-5.403865246849015e-83,-4.816042847091892e-94,-1.0738269702053452e-79,5.45668165985271e-22,8.604215555747123e-17,1.3944885197108018e-23,5.705238675724383e-16,-2.25466168074188e-64,-8.924698326810723e-63,3.532445305491632e-30,6.362985133278555e-21,4.8661906914170935e-85,-4.280219567405859e-84,-7.572994623844973e-61,-5.0793812203399934e-55,-8.924697110869093e-63,-4.640028289310263e-56,2.3317399096767628e-40,6.224577047168257e-39,1.6160242651354433e-32,2.1211301145149585e-18,3.38995273996494e-08,4.946176414934546e-27,5.168057150738168e-22,8.557105728686641e-26,8.105180715588064e-21,2.0606345695051616e-42,1.1204309401643437e-37,1.1681700115213929e-29,0.00018232390457318247,0.49999999999876027,2.0797362708693743e-12,0.24999999999730518,2.037891505063861e-12,4.28251806368172e-18,8.677612636407961e-41,1.0862942975325187e-39,1.580174879333848e-30,1.2196958275882533e-43,-3.6169339383107445e-50,1.9102990911817173e-41,2.4094984066576402e-48,-4.576068655157991e-53,1.3619731092265855e-28,1.0487208026229944e-24,4.118080054211268e-28,5.075014983263192e-19,0.0,3.4151691606175324e-50,-1.1020819920738015e-62,2.954702266286052e-17,1.3061428332604368e-30,1.9455323668723375e-29,-7.424777562387083e-76,5.9467433868625225e-25,4.72593946958132e-13,7.653314959454555e-32,2.1987944885376002e-25,9.196148653193797e-31,6.995171381538752e-33,4.027211597554669e-24,2.921415836246655e-46,-9.061923036216623e-64,2.0369948254885912e-43,2.946347431090959e-33,0.10000000148967456,4.415537150172313e-13,7.386674130323963e-19,9.200973783838075e-34,3.4556667413542035e-58,-1.9463590404229276e-47,4.5043388108866355e-35,-2.5305327013538335e-46,4.237247497434916e-26,-1.2520949552842859e-65,4.239252067555546e-25,1.4165268632766008e-24,-7.435616906601499e-56,5.562752933990085e-39,-4.1262666066453027e-45,2.2559999725245133e-06,2.7475487803490193e-14,6.179999999886652e-05,1.1334967117295292e-15,6.222782048102188e-37,1.8911504689618878e-29,5.407536936735654e-35,-2.30636038613264e-65,5.984701997992732e-33,1.2295637609305166e-20,-3.891441959108829e-38,6.285257489073284e-26,-1.5043248417691215e-86,-9.35870762337965e-42,1.7297760221530235e-32,-9.775697616946438e-41,1.3206958480505473e-27,1.8053559096944125e-28,4.56394779446299e-58,4.869825232245226e-35,6.908438145104873e-28,0.0003339999999842478,1.5739142798498827e-14,2.285319559735797e-22,7.783816879421079e-28,-7.44419628979982e-58,1.6448176137791902e-38,7.625577377541095e-43,1.7973203798504134e-53,9.128318247110323e-44,-3.285369714111863e-58,1.2894405151928636e-17,1.7657606336532567e-19,3.4181075861758387e-16,3.509999999657682e-06,1.0937466815125856e-45,1.7365209352849634e-38,7.357230266941448e-16,1.7799999992636068e-06,2.427789983532738e-38,1.33354514589046e-32,-3.3371209680415607e-65,1.2848840710716178e-49,0.0,0.0,6.218530082451195e-26,5.956692015528955e-19,8.324215754816207e-38,7.444507095557309e-20,1.1708066193596523e-52,1.4947792719236767e-31,1.1708066042053875e-52,-1.1814996737689246e-67,7.609363668844422e-46,1.4312920280986014e-31,3.376359843410419e-23,5.120760565418438e-28,3.56966405308767e-43,1.7040296981166704e-36,5.202951090864024e-40,4.6613951955181265e-34,2.3083642151953143e-27,3.398654736718367e-49,-4.2690917564720154e-58
0.0025570714241392473,1.0004236743882257e-10,0.00017699999995668305,1.733895839860101e-33,3.700882987529463e-27,8.142730177219436e-39,4.108780345283313e-30,5.650482243988054e-45,3.041351590423367e-35,2.4696531566754055e-80,-1.0534766760751534e-65,-2.0546797172788457e-74,2.3287414559334363e-49,7.135720290361841e-40,5.529640321636865e-58,5.0768905407280424e-45,1.2189842267628163e-44,9.1682365351845e-95,-4.227300928078821e-78,4.5810175700314065e-70,-1.9027250032544496e-83,5.73691881285237e-94,-7.406501697658478e-80,1.1230969011400892e-21,1.244230212449398e-16,2.0169651635904889e-23,8.250205539300116e-16,-1.8524587361754438e-64,2.2539170895987808e-63,1.0682007595909582e-29,1.3305952429765009e-20,1.6799135228287743e-84,1.1782027947154863e-83,2.972666749469624e-61,-8.53133225858607e-56,2.2539210162618353e-63,6.993221469065611e-56,2.4740952728693876e-39,6.604544507950718e-38,4.8868005932544724e-32,3.4068699184623207e-18,3.389931658224015e-08,1.0127772152928265e-26,7.473571006128748e-22,1.7842469191418252e-25,1.1720873899502842e-20,6.552754232530519e-42,2.363041028393123e-37,1.6934276353816417e-29,0.00018232390661320624,0.49999999999820727,3.0074855022071913e-12,0.24999999999610306,2.9469312350757604e-12,8.955375957526472e-18,9.207444019557492e-40,1.152623135183072e-38,4.7783948821588495e-30,1.2941436772006297e-42,5.451088654894566e-50,2.0269251605068313e-40,2.5839821570791013e-47,6.896454509667654e-53,2.848105201712034e-28,3.1712725711737094e-24,8.611550453764179e-28,7.338884197298606e-19,0.0,3.623766158266749e-49,1.660938248416527e-62,6.178709363357041e-17,1.3858114343204394e-29,4.0684100813210483e-29,-4.269637358737957e-76,1.7982374555657458e-24,6.834053976071575e-13,2.305762189543921e-31,4.598001652299687e-25,2.7808799412519007e-30,1.5089071117099706e-32,8.421520036804986e-24,3.099785667464754e-45,-3.1521040996263344e-64,6.1649268528414055e-43,6.168766304173605e-33,0.10000000148947759,6.385238366120118e-13,1.5446496890408464e-18,1.9251102180382518e-33,3.67994767682898e-57,2.6221760208860726e-47,4.779114534135413e-34,3.814016986018043e-46,8.860780932376383e-26,1.6847398685134367e-65,8.864939054437177e-25,2.9621513969817778e-24,1.1206221733085124e-55,1.6821675590389768e-38,6.21924760741938e-45,2.2559999602681333e-06,3.97318679101232e-14,6.179999999836087e-05,1.6391280217593545e-15,1.8346991598144003e-36,5.667472651888355e-29,5.34995761697195e-34,3.742231396893968e-65,6.243989701415829e-32,2.5711958737162203e-20,5.864756623851459e-38,1.9006339158284636e-25,-2.2814373439680617e-86,1.4104362608250584e-41,1.8353346651762607e-31,1.473287351130825e-40,2.761785555633316e-27,5.459263356881826e-28,1.3032698080724924e-57,1.4726281897548742e-34,1.4446632748766587e-27,0.000333999999977221,2.2759955365593914e-14,3.304792939329376e-22,2.3537648814887807e-27,1.122130729585517e-57,4.973902771477776e-38,2.4249079364357963e-42,1.957392825162079e-52,2.7655922497869303e-43,-5.630517804887006e-59,1.8646395092966972e-17,3.6924585159531953e-19,4.9428712739689905e-16,3.5099999995049794e-06,1.0054816568684509e-44,5.251212788532736e-38,1.0639174058093614e-15,1.7799999989351135e-06,5.078049025244309e-38,3.912576017105536e-32,-1.1586458246121538e-65,3.892257701762594e-49,0.0,0.0,1.3003927040415902e-25,8.613771924632723e-19,2.517202588207748e-37,1.0765370450563266e-19,1.2422444431861156e-51,3.125794536821233e-31,1.2422444454700016e-51,-4.110143633683249e-68,2.3010329776000607e-45,2.9960815806865054e-31,4.882664848592101e-23,1.0708349140249236e-27,1.0812413885465754e-42,5.152900751700777e-36,1.573364270896101e-39,1.4078537319673572e-33,4.827154283528342e-27,3.569229962252871e-48,6.487258761847874e-58
0.0036977405034673127,1.0006126688456019e-10,0.00017699999993736008,2.51237571676629e-33,5.3561108710444414e-27,1.7053871306267647e-38,8.593185867941512e-30,2.3773196604205127e-44,9.20288503119142e-35,-2.51707175317492e-76,-2.786311299612619e-62,-6.881317646418927e-71,6.283349053188896e-49,2.1577890989800218e-39,-1.071563609658075e-56,2.1348615588109586e-44,3.6867785560597074e-44,4.915339549534624e-90,-7.514759911497486e-74,-1.538971458021963e-68,-2.1216730917736985e-80,-1.7905950636336505e-90,-2.5008412650320987e-76,2.322576921800501e-21,1.799236984506687e-16,2.917843827722143e-23,1.1930387506308079e-15,-4.8996381572908764e-61,-2.84511226276581e-60,3.230217499117591e-29,2.7824674610160406e-20,6.954518038065934e-81,-2.0069255087434943e-79,-2.3785866405417172e-57,-1.4456748014148017e-52,-2.845111848056428e-60,-1.3810412061169874e-54,1.0461308630476603e-38,2.792638914931666e-37,1.4777573184857586e-31,5.636647495161136e-18,3.3899011724841005e-08,2.0867720807257155e-26,1.0807674892474889e-21,3.723727368248415e-25,1.6949580097946677e-20,2.0335118710034713e-41,5.001992265309838e-37,2.4611317502925126e-29,0.00018232390956325191,0.49999999999740763,4.349101860422373e-12,0.24999999999436462,4.261444928087288e-12,1.8726961440053426e-17,3.89319924054815e-39,4.873648510485118e-38,1.4449759442596245e-29,5.4721232012306086e-42,-1.0761162678717203e-48,8.570516732210775e-40,1.0844322099378372e-46,-1.36197970629801e-51,5.955847575832899e-28,9.58981815310526e-24,1.800809023974596e-27,1.061261367017463e-18,0.0,1.532221527133343e-48,-3.2785356509708506e-61,1.2920532882947945e-16,5.859895077573481e-29,8.507669101280597e-29,-1.461662043915317e-72,5.4377517659090076e-24,9.882507953885325e-13,6.954640414891903e-31,9.615069324207612e-25,8.409312098473354e-30,3.29465600886445e-32,1.7610676140127155e-23,1.3106896486807135e-44,-2.4628940161382245e-61,1.861536096945548e-42,1.2922351007119394e-32,0.10000000148919273,9.233592109596602e-13,3.230043337411301e-18,4.0285045621081046e-33,1.527821514855727e-56,-7.873859932380062e-45,2.0208360459490402e-33,-7.526661279167837e-45,1.852936875250443e-25,-5.074336261518331e-63,1.8537961975858423e-24,6.194274483207217e-24,-2.2124280351463787e-54,5.086854096518009e-38,-1.2271102656558983e-43,2.2559999425443763e-06,5.745562512379202e-14,6.179999999762965e-05,2.3703094956633485e-15,5.4391951243856894e-36,1.703104926845763e-28,2.2436361374322763e-33,-1.0419878602645747e-63,2.6350637123145704e-31,5.3767261365047954e-20,-1.1576819509245592e-36,5.747463596554626e-25,-1.9990223304340026e-80,-2.7856355541067785e-40,7.760551039095881e-31,-2.908049888681282e-39,5.7753338545998916e-27,1.6508550585016834e-27,2.8476905127568284e-55,4.453211051066689e-34,3.0210173575989594e-27,0.00033399999996705976,3.2912455930610925e-14,4.779068356615382e-22,7.117663048728225e-27,-2.2159141244278976e-56,1.5041022260216303e-37,7.52519319123746e-42,7.991937714385008e-52,8.369329402684776e-43,-9.368650460562208e-56,2.696425662148308e-17,7.721433322898482e-19,7.147807912239818e-16,3.509999999284158e-06,4.1769554468600814e-44,1.5879605435272496e-37,1.5385140848628864e-15,1.7799999984600843e-06,1.0622496922323086e-37,1.1580540244666547e-31,-9.207508706811922e-63,1.1725079431403745e-48,0.0,0.0,2.71932521009509e-25,1.2456017353868826e-18,7.611944489191312e-37,1.5567603750986028e-19,5.252751095041378e-51,6.536452379493548e-31,5.252751049959624e-51,-3.2125028807470967e-65,6.958251098233908e-45,6.27442202765754e-31,7.061087975544499e-23,2.239293304776042e-27,3.272659796902483e-42,1.5582211552705598e-35,4.757834642363717e-39,4.253683669123942e-33,1.0094339199829179e-26,1.5073641646363938e-47,-1.2695977630855641e-56
0.005347244000266954,1.0008859707604525e-10,0.00017699999990941742,3.647782634782087e-33,7.757582765841972e-27,3.508017445294407e-38,1.7971801193338465e-29,-2.546072080170597e-43,2.7534840678796797e-34,-2.44404664003674e-74,-2.8381891560873143e-60,-6.991381587179676e-69,-7.819226474278014e-48,6.492280558083984e-39,-1.6276704892437747e-54,-2.3345958460934968e-43,1.1104584280156634e-43,5.216589059917988e-88,-7.691508266604783e-72,-2.0121440424181284e-66,-2.1799368072115433e-78,-1.7638556781153732e-88,-2.5410730369923937e-74,4.8193020418511396e-21,2.60179661962901e-16,4.2226524704181266e-23,1.7252126788757916e-15,-4.990864907655553e-59,-2.9250875514011612e-58,9.768776048870713e-29,5.818524619485474e-20,1.2468400889545074e-78,-1.9745006039242455e-77,-2.3827667603256545e-55,-1.4877466508135402e-50,-2.9250870023956665e-58,-2.090486824837528e-52,-1.0672829049361072e-37,-2.8489056909035047e-36,4.469076891736635e-31,9.635847066213354e-18,3.3898570880231365e-08,4.318949039238076e-26,1.5629355790856241e-21,7.776404594089083e-25,2.4510958373728684e-20,3.424889841278344e-41,1.0627246899179495e-36,3.595603871672676e-29,0.00018232391382926516,0.4999999999962513,6.289218974769614e-12,0.2499999999918507,6.1622707091768614e-12,3.916058588728447e-17,-3.972156112840253e-38,-4.972590764839908e-37,4.369926207375937e-29,-5.582132472267443e-41,-1.6291165491994495e-46,-8.743873204194638e-39,-1.2149908074458667e-45,-2.0616142175830682e-49,1.2454419478713457e-27,2.900355101949459e-23,3.765768285427006e-27,1.5346668664625534e-18,0.0,-1.5635870346843635e-47,-4.963530923752466e-59,2.7018490493922398e-16,-5.975486217932833e-28,1.779081687897499e-28,-1.490258928034439e-70,1.6444826624262133e-23,1.4290709721942753e-12,2.0994278208007228e-30,2.010638525824401e-24,2.543192982024831e-29,7.284485616363881e-32,3.682653526513268e-23,-1.337246782007531e-43,-2.53516810505617e-59,5.2424018885165786e-42,2.705958616262187e-32,0.10000000148878084,1.335255136136974e-12,6.754337655310583e-18,8.361812883768982e-33,-1.8802602597190525e-55,-8.083379354621832e-43,-2.060826135782138e-32,-1.1395726362992911e-42,3.874805563118304e-25,-5.209670807919237e-61,3.876571635479486e-24,1.2953104059688257e-23,-3.3492712938229325e-52,1.538298233709865e-37,-1.8580025040080167e-41,2.2559999169143316e-06,8.308566979372269e-14,6.179999999657225e-05,3.427651171399306e-15,1.5011059468130358e-35,5.128533202902108e-28,-2.2260219582522003e-32,-1.4137588225733372e-61,-2.671990646211397e-30,1.1243427146732823e-19,-1.7526518992600029e-34,1.7382105873766495e-24,-2.0726905474434766e-78,-4.2164884187450746e-38,-7.915633586832305e-30,-4.402676891729344e-37,1.2077143708673812e-26,4.99270414837494e-27,3.2989261824388238e-53,1.346673703370389e-33,6.317417235194938e-27,0.0003339999999523659,4.75934387067745e-14,6.911059738756016e-22,2.1525902112244196e-26,-3.3541868877049834e-54,4.548498877165372e-37,1.267385627874095e-41,-1.1622213934442425e-50,2.4655345131425465e-42,-9.64031723821796e-54,3.8992584363725005e-17,1.6146487627893186e-18,1.0336331895747125e-15,3.509999998964832e-06,-4.015700924124517e-43,4.802086859791861e-37,2.2248207938425087e-15,1.7799999977731526e-06,2.2223840754574568e-37,3.4493008951138332e-31,-9.476432143189586e-61,2.9458900097261076e-48,0.0,0.0,5.686532721061887e-25,1.801198557378749e-18,2.302112542083632e-36,2.251200672184404e-19,-5.357321991136087e-50,1.3668514961449067e-30,-5.357322673650213e-50,-3.3067600198887916e-63,2.1044273389093e-44,1.3148447206155681e-30,1.0211646115602779e-22,4.682739822877586e-27,9.757424155184027e-42,4.7126148041439307e-35,1.438798924203667e-38,1.2855723597716802e-32,2.1108842403832904e-26,-1.5325548030553203e-46,-1.9251556146619776e-54
0.007732564892420054,1.0012811883789956e-10,0.00017699999986900997,5.318453536056364e-33,1.1253166183623416e-26,7.220760497286677e-38,3.7589278025872346e-29,-1.1375422509273727e-42,8.293092645226862e-34,-1.0630863776777888e-73,-1.3476954025732039e-59,-3.303636799454994e-68,-3.8568763206084326e-47,1.9585163599509248e-38,-7.371969291807972e-54,-1.04307314527087e-42,3.352567496672657e-43,2.6569012387996626e-87,-3.6914533677233744e-71,-9.241919564265305e-66,-1.0272915687067695e-77,-7.84349760856736e-88,-1.2009364315791486e-73,1.0023645471035171e-20,3.7623092123842513e-16,6.11547808191187e-23,2.494757217064389e-15,-2.369880470574765e-58,-1.347491559476607e-57,2.9541396736212265e-28,1.2167285905115038e-19,1.0391437275641883e-77,-8.8147043173552e-77,-1.0949826016582361e-54,-6.921182337008155e-50,-1.3474911835005367e-57,-9.46810665724616e-52,-4.764142586209475e-37,-1.271694684763979e-35,1.3514843653159122e-30,1.7039161463713693e-17,3.389793339196026e-08,8.967271045651091e-26,2.2602510329297158e-21,1.6247188232560643e-24,3.544582665331372e-20,7.23373938493511e-41,2.2741620902812356e-36,5.309030171000365e-29,0.00018232391999827718,0.49999999999457906,9.094847949243779e-12,0.24999999998821534,8.910874933808362e-12,8.188958889858381e-17,-1.77309447150835e-37,-2.219669965322238e-36,1.3214990452364193e-28,-2.491751116769564e-40,-7.378395219769307e-46,-3.90309485072054e-38,-5.430125325428017e-45,-9.337233270687065e-49,2.6043738235758568e-27,8.771097793602827e-23,7.874790164315998e-27,2.219244086781572e-18,0.0,-6.979570910172868e-47,-2.2480239374771126e-58,5.649875066283356e-16,-2.667322738524273e-27,3.720320597356281e-28,-7.077680714076933e-70,4.9730102147778754e-23,2.066509110946543e-12,6.340920413342132e-30,4.204487819043642e-24,7.690844577338486e-29,1.6451749490247179e-31,7.700956330464723e-23,-5.969212071803521e-43,-1.184962845205861e-58,1.5262815475846564e-41,5.672662632441423e-32,0.10000000148818519,1.93089131203803e-12,1.4123798458765532e-17,1.736360515405113e-32,-8.446845585130956e-55,-3.656912682008288e-42,-9.199072464248721e-32,-5.1611548124571916e-42,8.102894058565713e-25,-2.357488191110639e-60,8.10649377135002e-24,2.708675397945334e-23,-1.5169101692898113e-51,4.65184386187427e-37,-8.41491176321351e-41,2.25599987985113e-06,1.201488715419098e-13,6.179999999504315e-05,4.956638919104022e-15,4.319488022032583e-35,1.5462631623941612e-27,-9.956784922182858e-32,-6.4725552609135e-61,-1.1932551439432375e-29,2.3511301597875706e-19,-7.937904375357208e-34,5.2565378401097924e-24,-1.0168510969460646e-77,-1.9096813387171524e-37,-3.533373149658044e-29,-1.9940085646647254e-36,2.5255232568977272e-26,1.5098468606114734e-26,1.9294189686142847e-52,4.07236011003966e-33,1.321069126681397e-26,0.0003339999999311176,6.882256505337725e-14,9.994234735613379e-22,6.509643211650896e-26,-1.5191460895807122e-53,1.375474326911204e-36,2.676785694818636e-41,-5.210039867156836e-50,7.371764524146069e-42,-4.484840527327829e-53,5.638655841513137e-17,3.3764092308973947e-18,1.4947205987961372e-15,3.50999999850306e-06,-1.800678527091562e-42,1.452159258210329e-36,3.217277987280167e-15,1.7799999967797915e-06,4.650540040708961e-37,1.0320705475279748e-30,-4.4306657864306915e-60,7.98990390472693e-48,0.0,0.0,1.1891416803556704e-24,2.604587708500219e-18,6.961866780030599e-36,3.255413397472818e-19,-2.391393972176819e-49,2.8582290905786092e-30,-2.391394281293073e-49,-1.5456267023709644e-62,6.364058417558748e-44,2.7579055627371334e-30,1.4768402389776462e-22,9.792417573414201e-27,2.9351903412103353e-41,1.42515401791121e-34,4.350954169854002e-38,3.885992682559016e-32,4.414186359383657e-26,-6.8430093171761245e-46,-8.719179317601047e-54
0.011181939670698044,1.0018527064170586e-10,0.00017699999981057743,7.820655081663582e-33,1.6375184488357573e-26,1.5222444885411117e-37,7.863578967080726e-29,-1.7818149742895678e-42,2.522641677779258e-33,-2.3771048529543978e-73,-3.6767277857140513e-59,-8.925950670207371e-68,-9.030638094615521e-47,5.933179896498014e-38,-1.7973627737835733e-53,-1.6497258903230366e-42,1.0157851840055779e-42,8.214479147099536e-87,-1.0281820179473954e-70,-2.335017639951801e-65,-2.759340032888201e-77,-1.8540008564718744e-87,-3.2458557995502335e-73,2.08827100274195e-20,5.440390605308169e-16,8.870119787855582e-23,3.607533718482127e-15,-6.465417885822083e-58,-3.4504371392012743e-57,8.932974290560191e-28,2.5443200373594953e-19,5.235735333502334e-77,-2.1036193051618185e-76,-2.7913912353826397e-54,-1.809926431312643e-49,-3.450435494031167e-57,-2.3085749447032488e-51,-7.257437307204667e-37,-1.9371539121209805e-35,4.0866978966010745e-30,3.113294452915783e-17,3.389701155146698e-08,1.8660401683277406e-25,3.268752932084804e-21,3.395651266224991e-24,5.125956776692952e-20,3.5389137590348364e-40,4.922928998471642e-36,8.005897328255878e-29,0.00018232392891918324,0.49999999999216105,1.3152141380140865e-11,0.2499999999829582,1.2885274661450934e-11,1.7123983375117708e-16,-2.70112941369248e-37,-3.3814810529141575e-36,3.9960328743793467e-28,-3.795553148433635e-40,-1.7989852654804583e-45,-5.945790287554632e-38,-8.693645996983991e-45,-2.2766048986729265e-48,5.446182170182626e-27,2.6521660841436303e-22,1.646734589404862e-26,3.20918577596557e-18,0.0,-1.0633795775045297e-46,-5.48109381765643e-58,1.1814420552939997e-15,-4.062132720339157e-27,7.77971441620822e-28,-1.9315470281034385e-69,1.5037619628115914e-22,2.9882461600992966e-12,1.9157956938225261e-29,8.792018850782589e-24,2.3255902907019407e-28,3.8277713552984074e-31,1.610374811629519e-22,-9.093392060172702e-43,-3.1294890739448957e-58,4.722497352699338e-41,1.192726972659829e-31,0.10000000148732384,2.7922313550808233e-12,2.953330543438233e-17,3.6448293959503785e-32,-1.434409904114416e-54,-8.991705429880012e-42,-1.4009993327995832e-31,-1.2583459840567213e-41,1.6944618048968594e-24,-5.800266303988742e-60,1.6951863395720244e-23,5.664208316045731e-23,-3.6984973148607344e-51,1.4066948121783665e-36,-2.0516272681694057e-40,2.2559998262546207e-06,1.7374538064667335e-13,6.179999999283188e-05,7.167647697045796e-15,1.3368055258719708e-34,4.6656894402374525e-27,-1.5098824118279185e-31,-1.6220614192303448e-60,-1.8160044643359278e-29,4.916437724017198e-19,-1.9354067886710658e-33,1.5894791331145982e-23,-2.9495833041047454e-77,-4.656168529123344e-37,-5.381839141360493e-29,-4.8617569146690085e-36,5.281271668785841e-26,4.5654709967015137e-26,7.21395424154047e-52,1.2314652203992072e-32,2.762555474904757e-26,0.00033399999990039135,9.951997393342769e-14,1.4453049709936823e-21,1.9683894378688277e-25,-3.704013368128196e-53,4.159369874378267e-36,1.3095715893156213e-40,-9.290769620320819e-50,2.2563721511998e-41,-1.172838582461285e-52,8.153970835559842e-17,7.060371911678319e-18,2.1614918097324365e-15,3.5099999978352987e-06,-2.7179957138552124e-42,4.3912639727155765e-36,4.6524544697710695e-15,1.7799999953433082e-06,9.734666097149875e-37,3.0980843396134634e-30,-1.1708540577916988e-59,2.5800196376541096e-47,0.0,0.0,2.4866758558674237e-24,3.766250200726149e-18,2.1051257523305505e-35,4.70757615005441e-19,-3.642285220984822e-49,5.976785071017119e-30,-3.642285974666821e-49,-4.082081278064388e-62,1.9243535021238818e-43,5.792489147269739e-30,2.1359494894575347e-22,2.0477693893527573e-26,8.947845217594301e-41,4.309362803967087e-34,1.3157080979529146e-37,1.174774633888115e-31,9.230739852743959e-26,-1.0420557321131654e-45,-2.125819419687765e-53
0.016170025927839105,1.0026791698063445e-10,0.00017699999972607908,1.1698362135302266e-32,2.3980820353892722e-26,3.3266566116341843e-37,1.6455131077331265e-28,3.5596917349333583e-42,7.708696600473834e-33,-1.9778421498676416e-73,-6.930956635101187e-59,-1.641038364330736e-67,-8.51162841149316e-47,1.80113659740104e-37,-2.350473268244562e-53,3.148157079777571e-42,3.0829103703782296e-42,2.0107651383474465e-86,-2.0391860296020746e-70,-3.498037125995464e-65,-4.9937221092920586e-77,-2.1271955017828195e-87,-5.972822719691939e-73,4.355631027123729e-20,7.866791862179564e-16,1.2905151776917866e-22,5.21659833330882e-15,-1.2187914283253043e-57,-5.422210464989646e-57,2.7011521358936957e-27,5.320417298284125e-19,2.135745341059459e-76,-2.5244988451405863e-76,-4.324594809026974e-54,-3.0363897170771103e-49,-5.422204399436155e-57,-3.019924840276216e-51,1.639012696552589e-36,4.375582052664422e-35,1.2357174767791008e-29,5.859853995761316e-17,3.389567853686158e-08,3.889380774310876e-25,4.7273930339234965e-21,7.098724817831466e-24,7.412966161277847e-20,1.805871863392284e-39,1.082450879264745e-35,1.2565673829803103e-28,0.00018232394181955477,0.49999999998866457,1.9019575468007478e-11,0.24999999997535574,1.8631936034891584e-11,3.5807663390434548e-16,6.099319730745556e-37,7.635223704329527e-36,1.2083059980388866e-27,8.574177396117569e-40,-2.35297315698598e-45,1.3427663742418381e-37,1.5625576614767925e-44,-2.977783651008525e-48,1.1389248761233142e-26,8.019018641296857e-22,3.4435555974368057e-26,4.640694268510552e-18,0.0,2.400105566692835e-46,-7.169005423806989e-58,2.47047214385573e-15,9.184551500610127e-27,1.6268414293732686e-27,-3.644182624639435e-69,4.546998772291857e-22,4.321046462791498e-12,5.789636607790815e-29,1.8384801092553305e-23,7.031949035491754e-28,9.218786148397481e-31,3.36749625251422e-22,2.0534366759136743e-42,-5.403765254821565e-58,1.5036667715234359e-40,2.518813037234342e-31,0.10000000148607824,4.037801552797203e-12,6.175338168567664e-17,7.77836074956562e-32,1.8468839310939722e-54,-1.2230280461947627e-41,3.1672127451387415e-31,-1.6456501886568963e-41,3.543442561064956e-24,-7.908589000998106e-60,3.54487239964501e-23,1.1844587595022888e-22,-4.837419999493344e-51,4.2537311212233034e-36,-2.6829838359270285e-40,2.2559997487495577e-06,2.512504435861165e-13,6.17999999896341e-05,1.0364876793582352e-14,4.282099534801951e-34,1.408638176164982e-26,3.482605083327074e-31,-2.3603131285633703e-60,4.1196523612718437e-29,1.0280600757477636e-18,-2.5314209240156923e-33,4.806069062098219e-23,-6.3998499511408145e-77,-6.090142110705262e-37,1.2161047510814843e-28,-6.358937027203794e-36,1.104398075625877e-25,1.3804400842527837e-25,2.293126396925321e-51,3.7238695796970123e-32,5.776911625499941e-26,0.00033399999985595977,1.439074674175219e-13,2.0901466228203742e-21,5.951758463865503e-25,-4.844987319026834e-53,1.257761265716706e-35,6.682718640692697e-40,8.114264982004342e-50,6.981816174733258e-41,-1.967736615021027e-52,1.1791327909992238e-16,1.476364346174715e-17,3.1256991190383593e-15,3.50999999686966e-06,6.405730777888718e-42,1.327885569911705e-35,6.7278401406395036e-15,1.7799999932660327e-06,2.0385968034523315e-36,9.320953426801278e-30,-2.025282257251302e-59,8.966762737768786e-47,0.0,0.0,5.200008511905424e-24,5.445890635887215e-18,6.365146921114839e-35,6.807497755696749e-19,8.231738603127006e-49,1.249772223777958e-29,8.231737617347467e-49,-7.0490174062766335e-62,5.8185173963984776e-43,1.2189434881497271e-29,3.089419727705266e-22,4.2822689698668444e-26,2.7443523295612097e-40,1.3029913563809837e-33,3.978599259241773e-37,3.5517427367689183e-31,1.9302865327701275e-25,2.357597002350631e-45,-2.7800159020354418e-53
0.023383218494029506,1.0038743058528166e-10,0.00017699999960388735,1.8086731962114908e-32,3.557154659555767e-26,7.58217627908045e-37,3.444735658081107e-28,3.937235413547176e-41,2.3567818619192104e-32,1.118446426010072e-72,-6.055671718430862e-59,-1.2192966157745589e-67,3.776177584024628e-46,5.4697292340398315e-37,3.3136480862956906e-53,3.5548297995765787e-41,9.358858234166638e-42,4.141410007495815e-86,-2.3025580597599134e-70,1.6171886916288041e-65,-3.2899518844992072e-77,5.197007523210066e-87,-4.465903005728966e-73,9.09216536585139e-20,1.1375058617063765e-15,1.8893640126443971e-22,7.543224013153185e-15,-1.0648904883459576e-57,8.468520135415079e-58,8.16771285397091e-27,1.1125352357165828e-18,7.791844160706702e-76,5.227570243652732e-76,1.0572493467131239e-54,-7.151381500371415e-50,8.468726042672032e-58,4.250463671435291e-51,1.7195080897153744e-35,4.590156633951387e-34,3.736491024113642e-29,1.1313160427624976e-16,3.389375097825783e-08,8.116120798030768e-25,6.837256017915472e-21,1.4843359720617127e-23,1.0720611786784734e-19,7.81787315074148e-39,2.428154728518901e-35,2.114931322475052e-28,0.00018232396047455785,0.4999999999836087,2.7504893973103886e-11,0.24999999996436162,2.6940722236852088e-11,7.487555401321716e-16,6.399256551474844e-36,8.01085198646179e-35,3.6536166551680224e-27,8.994253767273905e-39,3.314282324495875e-45,1.4087234881745357e-36,1.814217423909433e-43,4.1935331604550195e-48,2.381861713087152e-26,2.424590317318325e-21,7.200936176320507e-26,6.7107122332136515e-18,0.0,2.5185998630436642e-45,1.0097628556210718e-57,5.1658138374295515e-15,9.630967819060669e-26,3.4019216415439965e-27,-3.199654033445262e-69,1.3748937674327434e-21,6.2481598536556886e-12,1.7499736267658123e-28,3.8443397199303025e-23,2.1262586402727996e-27,2.302702783593055e-30,7.041807600595177e-22,2.1543753372452135e-41,-2.1634167160626114e-58,4.801960401598892e-40,5.350798047485442e-31,0.10000000148427697,5.8390008919748255e-12,1.291196327968135e-16,1.694583224191052e-31,2.546277348353107e-53,1.366829238656245e-41,3.321360710140088e-30,2.3194482109338925e-41,7.41006282537743e-24,8.7010335110443e-60,7.412795082391656e-23,2.47684175534332e-22,6.813823359605644e-51,1.2862920768037056e-35,3.782332802900571e-40,2.255999636670714e-06,3.633292873306722e-13,6.179999998500968e-05,1.4988180890668603e-14,1.3768978378686737e-33,4.254744540420199e-26,3.622525588074401e-30,1.5447237909189229e-60,4.314103851706513e-28,2.1497001445817482e-18,3.5655171308721196e-33,1.4531908073342644e-22,-9.92288444452244e-77,8.577286269710599e-37,1.2755355028115876e-27,8.956680827146417e-36,2.309472365415922e-25,4.173948034266247e-25,6.817621663789169e-51,1.1260723780227253e-31,1.2080345548998457e-25,0.0003339999997917104,2.0808810973594036e-13,3.0227663034335304e-21,1.799605290921764e-24,6.821851197810395e-53,3.803367841131545e-35,2.8930647688995708e-39,1.4128742871252497e-48,2.162882493138855e-40,-4.642927185208479e-53,1.705125214602582e-16,3.087095572254659e-17,4.52002408017896e-15,3.5099999954732644e-06,6.606059807496869e-41,4.0154222643311196e-35,9.729021835013409e-15,1.7799999902621189e-06,4.27188092975889e-36,2.808731428235556e-29,-8.307740123664736e-60,3.1047432945515192e-46,0.0,0.0,1.0873964744500335e-23,7.87432937161296e-18,1.9245801920153025e-34,9.8441026751125e-19,8.633382320817315e-48,2.6132648841600816e-29,8.633382459665551e-48,-2.8242848997703406e-62,1.759287624666445e-42,2.5721141265014865e-29,4.468934648420661e-22,8.955078581956244e-26,8.421908960589344e-40,3.939735759602992e-33,1.2030960090604499e-36,1.0738763661299558e-30,4.0365116846823687e-25,2.471596702074663e-44,3.9190997178179475e-53
0.0338141020663529,1.0056025740542175e-10,0.0001769999994271879,2.967933038904735e-32,5.410567560240572e-26,1.806121054525057e-36,7.215250814702437e-28,1.9506923770051647e-40,7.195129601921058e-32,5.624712295841248e-72,1.9086737159932367e-58,5.637185953576788e-67,2.8519419292000375e-45,1.6602438668282294e-36,3.810199484132681e-52,1.7666042470175669e-40,2.8397469132618264e-41,6.858947722947297e-86,1.1941520621241692e-70,3.7035386267721784e-64,1.967934492600168e-76,3.725791678866215e-86,2.0297417220010495e-72,1.899027169292766e-19,1.6447233619303361e-15,2.8012409806489064e-22,1.090726645467828e-14,3.356244793653478e-57,4.804674787609662e-56,2.4697639243967637e-26,2.3263408523256716e-18,7.509652073551447e-76,3.59829306624823e-75,3.7131353774187083e-53,2.0299859737623305e-48,4.804681127491246e-56,4.891390000190259e-50,8.450234744103023e-35,2.2557307370091732e-33,1.129829923053171e-28,2.229727554642443e-16,3.389096376014399e-08,1.695124495583247e-24,9.889438092557176e-21,3.1043727677558176e-23,1.5504660300888187e-19,2.990670554891592e-38,5.582368429621135e-35,3.956735531785154e-28,0.00018232398745122075,0.49999999997629846,3.9776455375241696e-11,0.24999999994846248,3.895306247573005e-11,1.5656468923163477e-15,3.1448376692751605e-35,3.936849551543608e-34,1.1047734867854922e-26,4.4199959602034817e-38,3.8126545855415934e-44,6.922944416848629e-36,9.05210116795234e-43,4.824574298023899e-47,4.981524363302316e-26,7.331000359748265e-21,1.5058040766605936e-25,9.70399902264667e-18,0.0,1.2377721134512008e-44,1.1616208570663129e-56,1.0801520460176988e-14,4.732614759714902e-25,7.113769557089502e-27,9.902136472321604e-69,4.157364104961703e-21,9.034451232212786e-12,5.290166048463755e-28,8.038476238440977e-23,6.4292657220061854e-27,5.9616455914442175e-30,1.4725046642503245e-21,1.0587387275529666e-40,3.1177064208982143e-57,1.52075918066427e-39,1.1456908054604509e-30,0.10000000148167215,8.443686731492843e-12,2.6995974505629405e-16,3.783168124158563e-31,1.2979080141284405e-52,1.7370343494723305e-40,1.632117894934679e-29,2.667378720165584e-40,1.5496104914019932e-23,1.1153205164592229e-58,1.5501039219955528e-22,5.179322475803378e-22,7.838373188743524e-50,3.889649890307584e-35,4.3492323350622216e-39,2.255999474595274e-06,5.254047273388205e-13,6.179999997832197e-05,2.1673536772301555e-14,4.3862127390079204e-33,1.28555449122655e-25,1.7778445728152337e-29,2.7807058468242647e-59,2.119491156901722e-27,4.494950331944908e-18,4.1017435640548847e-32,4.394010850681728e-22,-2.848085013413101e-76,9.8675687717515e-36,6.2681758775607685e-27,1.0303653507858415e-34,4.829474668083944e-25,1.2620682047603228e-24,1.8920355912805872e-50,3.405173371313784e-31,2.526163319673277e-25,0.0003339999996988055,3.0088322879952734e-13,4.371672950429832e-21,5.441457668553338e-24,7.849095589791099e-52,1.150110939170335e-34,1.1067250903346447e-38,7.373879511590091e-48,6.678228219827792e-40,1.3150380072710868e-51,2.465754480142438e-16,6.454950884684281e-17,6.536335407684287e-15,3.5099999934539594e-06,3.237693267383099e-40,1.2142357865010934e-34,1.4068981773921387e-14,1.7799999859182089e-06,8.95996460513731e-36,8.472912250771861e-29,1.1557717307315652e-58,1.044743562840661e-45,0.0,0.0,2.2738945716143264e-23,1.1385088817051838e-17,5.819290713688168e-34,1.423516670908291e-18,4.242525777845832e-47,5.464124306169361e-29,4.2425259375754063e-47,4.0655785506072896e-61,5.319467920875081e-42,5.448583073483035e-29,6.465327727717045e-22,1.8727015443845077e-25,2.5794485072609404e-39,1.191240259215109e-32,3.638075168852341e-36,3.247030392207685e-30,8.440913281821288e-25,1.2144894918650692e-43,4.506493774188936e-52
0.048898037660883895,1.0081017971905673e-10,0.0001769999991716658,5.35582800108397e-32,8.623087441571993e-26,4.6242296093793315e-36,1.512695515170751e-27,8.416573347667188e-40,2.1984458668278957e-31,-4.403296764459565e-71,5.588315606443103e-58,1.7445098706456225e-66,1.4950688118108699e-44,5.04282237940942e-36,2.189548375723723e-51,7.635739052251551e-40,8.620062827418097e-41,7.044242516807964e-85,-9.798637400496956e-69,1.9860803299335464e-63,4.41783215006578e-76,-7.507724647475018e-86,5.830772987744329e-72,3.9679978773566364e-19,2.377978025064143e-15,4.2575605579879465e-22,1.5771005484396512e-14,9.824865926425145e-57,3.040518447427596e-55,7.46806451069248e-26,4.864303013082265e-18,-7.174924017020594e-74,-2.8480192313780954e-74,1.3862955049070624e-52,1.338453802217767e-47,3.0405210606379045e-55,2.8108774164502047e-49,3.628519654540708e-34,9.686014799313966e-33,3.4163259462092666e-28,4.466006107485103e-16,3.3886933613526795e-08,3.542970960630177e-24,1.4305538256864167e-20,6.494006951767009e-23,2.24247081452583e-19,1.1128222861459854e-37,1.3243339308735666e-34,8.433725816873255e-28,0.00018232402646165878,0.4999999999657289,5.752441682154755e-11,0.24999999992546945,5.631793033266671e-11,3.2736534574522096e-15,1.3503967941631662e-34,1.6904907964469195e-33,3.340571023984614e-26,1.8979202566794854e-37,2.1912513299567978e-43,2.972705385474544e-35,3.92157571791627e-42,2.7728777995056135e-46,1.0419811471549237e-25,2.216577808943226e-20,3.148796319606778e-25,1.403226467837635e-17,0.0,5.315099824069626e-44,6.676179814419318e-56,2.258461771169079e-14,2.0320863876225998e-24,1.4875448860378956e-26,2.5552978625012995e-68,1.2570840901652233e-20,1.3062666206573191e-11,1.5993490527625098e-27,1.680776688076448e-22,1.9440319728860865e-26,1.6005015826275192e-29,3.0790921192272344e-21,4.546227940100986e-40,2.108508064785208e-56,4.85152771966355e-39,2.485182286232461e-30,0.10000000147790526,1.2210281669060337e-11,5.643777156844678e-16,8.828381594538241e-31,5.665364038925844e-52,1.0466796102071203e-39,7.008015552475684e-29,1.5329841861315525e-39,3.2406282931195093e-23,6.713758887229494e-58,3.241424593057532e-22,1.0830345340030256e-21,4.504965591830266e-49,1.1761982516063845e-34,2.499545237615589e-38,2.255999240220549e-06,7.597794520109285e-13,6.179999996865017e-05,3.134043198617907e-14,1.407114287476833e-32,3.885035973826591e-25,7.629118480165018e-29,1.5720514572671256e-58,9.099824931678993e-27,9.398401765161938e-18,2.357396093590806e-31,1.3286045230253496e-21,-1.8663407684827617e-74,5.67128763037012e-35,2.691488129537294e-26,5.921810195176639e-34,1.0099200770478236e-24,3.81605479001968e-24,7.003292715933263e-50,1.0297017142761874e-30,5.282520954573861e-25,0.0003339999995644678,4.350403926397671e-13,6.322849390579405e-21,1.6453165670537758e-23,4.511226779556952e-51,3.4778454810924398e-34,4.118114917991941e-38,3.2792370762509146e-47,2.0668080769651208e-39,8.67090895908144e-51,3.565688312961782e-16,1.3496341448217798e-16,9.452091455193293e-15,3.5099999905338747e-06,1.388494375863962e-39,3.6717577132175954e-34,2.0344926214500322e-14,1.779999979636554e-06,1.8817801999996856e-35,2.557919263264241e-28,7.771841392242436e-58,3.5503712291073254e-45,0.0,0.0,4.755001030033302e-23,1.6459920246736604e-17,1.759542681099656e-33,2.058475922307191e-18,1.8216828406436103e-46,1.1424452646895124e-28,1.8216829324449374e-46,2.749168819154066e-60,1.608403474963433e-41,1.1605185563787603e-28,9.355412471906267e-22,3.9162742383911375e-25,7.908097735777758e-39,3.601862894605271e-32,1.1001254021253524e-35,9.818164263093347e-30,1.7651065037025098e-24,5.2147664607238694e-43,2.5898043697828468e-51
0.07071067811865467,1.0117158880724328e-10,0.00017699999880215958,1.0969273075798786e-31,1.487047482680903e-25,1.365174162064438e-35,3.1773702427819244e-27,3.795729197433464e-39,6.761791315640265e-31,2.3251432548931476e-69,4.630799780580438e-56,1.244125258554806e-64,1.000694668306006e-43,1.5417596954768754e-35,1.5387744516445166e-50,3.457611101157251e-39,2.6256332044440263e-40,8.65067071032691e-84,1.941120679068842e-67,2.4482318759067597e-62,3.380717239244634e-74,1.048401284936087e-83,4.5473849841718784e-70,8.293554913932304e-19,3.4378566264970087e-15,6.777457864724063e-22,2.2802396420178376e-14,8.143192139339086e-55,3.987521357301325e-54,2.258102742543519e-25,1.0170682840256511e-17,1.545220599131096e-72,1.40323401816338e-72,6.312337316823371e-51,1.7967692320989278e-46,3.9875274144087864e-54,1.9761252376737317e-48,1.617864757168238e-33,4.3186838105355136e-32,1.0329627955871214e-27,9.054695726740331e-16,3.3881106529897226e-08,7.409969883385705e-24,2.0696580205943422e-20,1.3588439156368282e-22,3.243567174181241e-19,4.429830494915288e-37,3.288832956962128e-34,2.0387279054517617e-27,0.00018232408287385324,0.4999999999504481,8.319416763136188e-11,0.24999999989221636,8.1416476042223e-11,6.8446313455988045e-15,6.021154003223956e-34,7.53759900816674e-33,1.0100621089246262e-25,8.462139590694776e-37,1.5394722400919595e-42,1.3254560592745362e-34,1.7836652651984186e-41,1.9484765051275916e-45,2.1803344180709936e-25,6.701405060191207e-20,6.584392995163737e-25,2.029071777075885e-17,0.0,2.3699925502053866e-43,4.690032227832278e-55,4.7218714066714514e-14,9.059622009735932e-24,3.110518917530781e-26,2.447405489711973e-66,3.800932908405336e-20,1.888571996385879e-11,4.8353782152567896e-27,3.514176856124195e-22,5.877898015687055e-26,4.470905875727443e-29,6.438419299118806e-21,2.0270656478128396e-39,2.8738617225686378e-55,1.6779435403734404e-38,5.5308048795474476e-30,0.10000000147245783,1.7657094938419638e-11,1.1797468972112221e-15,2.2686064962087557e-30,2.756518775217684e-51,1.3285221461111916e-38,3.1244148940663697e-28,1.0768843538649991e-38,6.777110202658536e-23,8.562488983893923e-57,6.77806395279449e-22,2.264664497412723e-21,3.165127041731752e-48,3.5566741661096284e-34,1.7557558256606162e-37,2.2559989012949773e-06,1.0987050241521272e-12,6.179999995466223e-05,4.5318128977857165e-14,4.8603945798078766e-32,1.1741504793000583e-24,3.3996874941083037e-28,1.5352050510950083e-57,4.0568927612600657e-26,1.964975934486604e-17,1.656103687400075e-30,4.0170058065052906e-21,8.545827594352174e-74,3.985357172202931e-34,1.200007016604502e-25,4.160020853497603e-33,2.111903683972746e-24,1.1537640027207577e-23,1.5056278077068323e-48,3.113712428781965e-30,1.1046323511846619e-24,0.00033399999937022657,6.289752341519277e-13,9.145552117896744e-21,4.974573110996442e-23,3.170197682154213e-50,1.0516583618862255e-33,1.6393193772427114e-37,1.6768044324277402e-46,6.542330107283587e-39,1.1644081008256153e-49,5.156284994985265e-16,2.8216985602480307e-16,1.3668520445538881e-14,3.5099999863111864e-06,6.185234201821902e-39,1.11029688923297e-33,2.942046400899983e-14,1.7799999705527631e-06,3.959701094195511e-35,7.7264693364779665e-28,1.0829441577082525e-56,1.4103960848527925e-44,0.0,0.0,9.943238329639387e-23,2.3794326925809796e-17,5.319842352518552e-33,2.976626981774134e-18,8.121892202802668e-46,2.3884600907089216e-28,8.121892847709099e-46,3.7491653216331783e-59,4.862831668913385e-41,2.490739726609228e-28,1.3541265242172804e-21,8.1900275653339e-25,2.443737165504981e-38,1.0889878284516359e-31,3.3266457608904714e-35,2.9687783715537185e-29,3.6910494547209496e-24,2.3251852323270933e-42,1.8193812152982304e-50
0.1022535921518125,1.0169421757721865e-10,0.00017699999826782306,2.5662875512480275e-31,2.873204087067819e-25,4.598377550869259e-35,6.695731021260024e-27,1.6829090080110214e-38,2.0938390742907988e-30,4.349623773751993e-68,6.1671127270427085e-55,1.651362660045854e-63,6.25787331228852e-43,4.7553034916509786e-35,9.729928665011168e-50,1.5405807095273647e-38,8.030940721649076e-40,1.7269754170283033e-82,3.874799902245476e-66,2.3620023104166748e-61,4.8621276770527595e-73,2.014953611236776e-82,6.096750334829816e-69,1.7338409224442953e-18,4.9695493267481645e-15,1.1668099414345115e-21,3.296622979922182e-14,1.0844983462476489e-53,3.637490937689178e-53,6.827504012163523e-25,2.1264436933031054e-17,4.197619019555954e-71,2.623219658206132e-71,8.263337502611434e-50,1.6428423156925397e-45,3.637498551949393e-53,1.2501870282810592e-47,7.073022384993893e-33,1.8880189611003915e-31,3.123120444803483e-27,1.8523566816119337e-15,3.3872681848638904e-08,1.5508021847969404e-23,2.9948985616122837e-20,2.8443374099872804e-22,4.692070255099596e-19,1.805624787484319e-36,8.643641943097838e-34,5.423339203057769e-27,0.00018232416445025326,0.4999999999283582,1.2032462019602987e-10,0.2499999998441229,1.1768493149252429e-10,1.430988982523657e-14,2.6323848920048758e-33,3.2953760432884075e-32,3.053900543359382e-25,3.6993905213112293e-36,9.730501400024229e-42,5.794674487605467e-34,7.985277689666362e-41,1.2318002176177656e-44,4.566072063607649e-25,2.0258675706783773e-19,1.376828340011521e-24,2.933974797136005e-17,0.0,1.0361858081843408e-42,2.9642016031775216e-54,9.871367872475733e-14,3.9602099363866623e-23,6.504063034028735e-26,3.302808831365177e-65,1.1491988040643364e-19,2.7301988999681522e-11,1.4619162214031334e-26,7.346904694613834e-22,1.7771200448321858e-25,1.294755124728425e-28,1.3462390894751503e-20,8.86207367686643e-39,2.633376791780664e-54,6.288813509071654e-38,1.281021420269151e-29,0.10000000146458002,2.5533645295110366e-11,2.4656579446884515e-15,6.556243357033147e-30,1.3690131887085765e-50,1.2058006641654615e-37,1.3657896686536278e-27,6.805961935407331e-38,1.4173344816983498e-22,7.792412000457387e-56,1.4173190958291098e-21,4.735372342814534e-21,2.0006641518779248e-47,1.0754767256083367e-33,1.1095793302779988e-36,2.255998411180087e-06,1.5888199143918108e-12,6.179999993443087e-05,6.552802950735431e-14,1.8024640260584438e-31,3.548589917630383e-24,1.4856341286101098e-27,1.2842921100463968e-56,1.7734399273139022e-25,4.1079300782622664e-17,1.0467100907978466e-29,1.2144529162156854e-20,3.9654872421129325e-72,2.5196119009460672e-33,5.245905640589967e-25,2.6291828456797814e-32,4.416326709368745e-24,3.4881028069068897e-23,1.8747741463708212e-47,9.415433141427278e-30,2.3098807172529115e-24,0.000333999999089384,9.092798103966733e-13,1.3229796260158155e-20,1.5039507964791907e-22,2.004274727653757e-49,3.1800414397111674e-33,6.682038205697367e-37,8.773209270488952e-46,2.1244312115646668e-38,1.0648098364447709e-48,7.456421222811945e-16,5.89880285597579e-16,1.9765832348420118e-14,3.509999980204822e-06,2.702577189453057e-38,3.3573623426648444e-33,4.254444277191365e-14,1.7799999574168586e-06,8.355039676070644e-35,2.334777289347049e-27,1.0043702195073772e-55,6.242840902323212e-44,0.0,0.0,2.079221047621436e-22,3.439166388249264e-17,1.6082968680832329e-32,4.30423890447214e-18,3.5504674841845175e-45,4.992912456425169e-28,3.5504678917792436e-45,3.436455575374835e-58,1.4701110623559684e-40,5.401814894145143e-28,1.9608041761175457e-21,1.7128085146083995e-24,7.609083901671443e-38,3.2921997107007537e-31,1.005922726792195e-34,8.976891995476709e-29,7.718362256607189e-24,1.016595811489574e-41,1.1499596450701246e-49
0.14786730075483182,1.0244998445879267e-10,0.00017699999749512893,6.708146661714361e-31,6.3340585457611225e-25,1.749141108520894e-34,1.4197049603036275e-26,7.513703702618647e-38,6.556770296429567e-30,8.323121341087362e-67,8.199190804682743e-54,2.1938351207397726e-62,4.0012428589144554e-42,1.4947248673763547e-34,6.1610252561688615e-49,6.927957202945391e-38,2.4769521018123366e-39,4.453891431298629e-81,7.72610771295388e-65,2.586395998038415e-60,7.933883643748313e-72,4.519486068672209e-81,8.236992252390107e-68,3.625440078985516e-18,7.182456159495667e-15,2.2498846811818354e-21,4.765531472738121e-14,1.4418820807695758e-52,3.3364556354758907e-52,2.064202497600509e-24,4.4454986351264955e-17,1.1877435391835403e-69,5.019010402458813e-70,1.09444793340044e-48,1.504990786891549e-44,3.3364656443605017e-52,7.929017701123945e-47,3.0929534224459863e-32,8.255878271602084e-31,9.441880441504402e-27,3.814125081712307e-15,3.386050275528178e-08,3.2481416199707776e-23,4.3350495439256785e-20,5.956690427890195e-22,6.788466652533835e-19,7.641777237334519e-36,2.456064929105488e-33,1.5323940169921607e-26,0.00018232428241579587,0.49999999989643024,1.7403892245905586e-10,0.2499999997745616,1.7007752735947659e-10,2.991420767298504e-14,1.1511386870488224e-32,1.4410749514532878e-31,9.232698251108186e-25,1.6176327674684096e-35,6.15731487862456e-41,2.533953764537462e-33,3.6106881385349756e-40,7.79679243794892e-44,9.582179625537008e-25,6.123442094939758e-19,2.8789462060797865e-24,4.242285704845027e-17,0.0,4.531545545615775e-42,1.875502350994244e-53,2.0634086731461417e-13,1.7314393085094916e-22,1.3599436490621644e-25,4.480468193836679e-64,3.4742927582588186e-19,3.946351603805197e-11,4.419831088057252e-26,1.535810951185805e-21,5.372457853254617e-25,3.886483718827325e-28,2.8147862645927375e-20,3.8753466338042164e-38,2.414199502509316e-53,2.6682802924081197e-37,3.162205350520328e-29,0.10000000145318717,3.692379990009512e-11,5.151911255543074e-15,2.1627772047922037e-29,7.484358131833793e-50,1.1031249187825244e-36,5.971494366960156e-27,4.30610304743102e-37,2.964272245357523e-22,7.156421456646574e-55,2.9635918333363602e-21,9.901204144194318e-21,1.2660746131721363e-46,3.251975876464412e-33,7.019648367407942e-36,2.2559977024327318e-06,2.297567268967449e-12,6.179999990516712e-05,9.474692044886818e-14,7.463170655939913e-31,1.072389010495172e-23,6.493849843133302e-27,1.2072926573067576e-55,7.754389585910566e-25,8.586867234773166e-17,6.622873834000743e-29,3.6712424823783254e-20,1.643771054575831e-70,1.5949272906650835e-32,2.29377569584123e-24,1.6634926566591739e-31,9.235241635771064e-24,1.0544188217075715e-22,2.4581331516174772e-46,2.8470405204574223e-29,4.830081981359842e-24,0.00033399999868335934,1.3143280535433465e-12,1.9140930699896714e-20,4.546377647878595e-22,1.2687345658484236e-48,9.615696471284986e-33,2.828020217939069e-36,5.074914064452068e-45,7.230490119898273e-38,9.756110833996134e-48,1.078261089443643e-15,1.232984003605855e-15,2.858306001009717e-14,3.5099999713745045e-06,1.1814399814849147e-37,1.0151907092317713e-32,6.15227940014645e-14,1.7799999384212804e-06,1.769884205899376e-34,7.057291118830778e-27,9.372552736946858e-55,3.1739125393762435e-43,0.0,0.0,4.347775238407178e-22,4.9697854088381186e-17,4.861642604805835e-32,6.223843744109672e-18,1.5524008927894405e-44,1.0435722299564808e-27,1.5524011506816954e-44,3.151780337302333e-57,4.443830502650595e-40,1.1880611476506535e-27,2.840969136396488e-21,3.58218823481974e-24,2.396927939223995e-37,9.951687990905665e-31,3.041673193858143e-34,2.714375287837252e-28,1.6139689173630897e-23,4.4460138426956185e-41,7.276949841438253e-49
0.21382856261966862,1.0354289051544394e-10,0.00017699999637775082,1.8961690962637414e-30,1.5735756943248335e-24,7.269778463130528e-34,3.045288988937946e-26,3.387216237023012e-37,2.0875405438495225e-29,1.589898325799367e-65,1.0839778226213625e-52,2.8992175371548186e-61,2.6011717024896566e-41,4.868646373515392e-34,3.898786594220218e-48,3.1560335806742353e-37,7.758013008197788e-39,1.230081456092821e-79,1.546367288854234e-63,3.097784798875927e-59,1.4192804901947323e-70,1.1333889772506887e-79,1.1209230802792791e-66,7.58211256674711e-18,1.0378224285393239e-14,4.949953016545854e-21,6.887884251522524e-14,1.9063205195090995e-51,3.06197371981948e-51,6.2402557947987684e-24,9.292515928049292e-17,3.416217256552534e-68,9.584524058993418e-69,1.445675719858688e-47,1.3751759358557486e-43,3.061986966758909e-51,5.041260963643315e-46,1.352109305375016e-31,3.608986160047594e-30,2.8541635372049686e-26,7.890041267876306e-15,3.384289850567757e-08,6.809963303544139e-23,6.277557819914659e-20,1.2483242841097512e-21,9.823657023491939e-19,3.3536442118366693e-35,7.75369205458859e-33,4.477764157090628e-26,0.00018232445300223,0.4999999998502926,2.517572272760792e-10,0.24999999967394082,2.457275111656779e-10,6.252498946909234e-14,5.032460613089761e-32,6.30005166491559e-31,2.7909674054398385e-24,7.071173909896326e-35,3.892499377184322e-40,1.1077429054316908e-32,1.653434309503757e-39,4.9308941143302305e-43,2.0215347894959836e-24,1.850515964506827e-18,6.019666218942959e-24,6.133680229305374e-17,0.0,1.981267152643304e-41,1.1854630202520512e-52,4.3123428266703215e-13,7.567130691817634e-22,2.8433763644469225e-25,6.10503861514908e-63,1.0502411352847214e-18,5.7031078241455705e-11,1.336185390305959e-25,3.209981416606427e-21,1.6239544425969717e-24,1.2088734526442944e-27,5.884914359125045e-20,1.6941773457639832e-37,2.207053716884669e-52,1.2897711598464009e-36,8.541576477292529e-29,0.10000000143671042,5.3394921800757795e-11,1.0760863972973918e-14,7.979331965397126e-29,4.634078066394343e-49,1.0080515492057826e-35,2.6098865609792655e-26,2.7216589844015783e-36,6.199969071092172e-22,6.57588737880894e-54,6.1965920897323266e-21,2.0701327158973217e-20,8.004576559844706e-46,9.832824496616589e-33,4.4361892106466244e-35,2.255996677524463e-06,3.3224755378371194e-12,6.179999986283368e-05,1.3698667038458566e-13,3.4857626691205926e-30,3.2402207113390117e-23,2.837597009657732e-26,1.2632818705735237e-54,3.389584419945886e-24,1.7946024006591894e-16,4.186311095856872e-28,1.1096331653748393e-19,6.594769188929004e-69,1.0087794959773146e-31,1.0026161605366274e-23,1.051421955025938e-30,1.9312358826759453e-23,3.1868912314438674e-22,3.2426612625739093e-45,8.608645102400449e-29,1.0099725031639388e-23,0.0003339999980964171,1.8994439844433286e-12,2.7699329311734796e-20,1.374140649807061e-21,8.024819372368604e-48,2.907462299587182e-32,1.241117753345597e-35,3.293243269578746e-44,2.644035956075564e-37,8.916203447488848e-47,1.5592559356062196e-15,2.5767048872478747e-15,4.133351637179156e-14,3.5099999586051202e-06,5.164199162017631e-37,3.069609408795627e-32,8.896703145152561e-14,1.7799999109521705e-06,3.7703634934837444e-34,2.13369803650798e-26,8.794808308003903e-54,1.804915953125798e-42,0.0,0.0,9.091263895334182e-22,7.179336688729363e-17,1.4693555563491565e-31,8.999265190330956e-18,6.785317022979343e-44,2.1806885950540077e-27,6.785318653057418e-44,2.883106201347701e-56,1.3430360232643374e-39,2.661227025815157e-27,4.1197294833538425e-21,7.492232961381068e-24,7.667592684710719e-37,3.0076798751860242e-30,9.196993502822273e-34,8.207377809856837e-28,3.374873762377581e-23,1.9440023229950608e-40,4.6005910723931197e-48
0.3092140991185264,1.0512333204384767e-10,0.0001769999947619336,5.658802271316003e-30,4.2614005781673206e-24,3.2169363304392784e-33,6.675610653705738e-26,1.5500529428425436e-36,6.81166879556644e-29,3.046769805849539e-64,1.435077943459889e-51,3.835883951061935e-60,1.7247354875113744e-40,1.6884206080681175e-33,2.468821531179361e-47,1.4663737115157326e-36,2.5009750229146277e-38,3.4553887382955647e-78,3.17082845149414e-62,3.961618021462301e-58,2.7455094723722177e-69,3.104743912193726e-78,1.563976968266912e-65,1.586000866102986e-17,1.499063567671044e-14,1.2276166484505193e-20,9.95319848556614e-14,2.52391861869315e-50,2.829873292874178e-50,1.8862280869614925e-23,1.942085831509933e-16,1.0073593028159894e-66,1.835787301127304e-67,1.9125325314100556e-46,1.2571259058407953e-42,2.8298909560007e-50,3.2348146206009206e-45,5.910422633587804e-31,1.5774953760995652e-29,8.626361542344206e-26,1.6375305121845737e-14,3.3817457465174164e-08,1.4296676406077607e-22,9.096040870758015e-20,2.6186279146639432e-21,1.4220341915688332e-18,1.526717135687641e-34,2.7997091652081247e-32,1.3314518940460652e-25,0.0001823246996810776,0.49999999978364246,3.6423398705104066e-10,0.24999999952837346,3.5488556074321994e-10,1.3065788635616773e-13,2.1999247788794805e-31,2.7540924465124574e-30,8.435520914850874e-24,3.0907183247421897e-34,2.4611436617955907e-39,4.842263486124666e-32,7.70194339141718e-39,3.119491118396147e-42,4.3237732675119004e-24,5.590666256880737e-18,1.2586058288815556e-23,8.867681358979878e-17,0.0,8.662317043161489e-41,7.49376348893126e-52,9.010022053889101e-13,3.306529230632582e-21,5.944494214492893e-25,8.460797234098531e-62,3.174250278255169e-18,8.23954984600982e-11,4.039142489142117e-25,6.707614409932214e-21,4.9078851224419555e-24,3.89918046410738e-27,1.2302508238513354e-19,7.405935589488086e-37,2.0187928212878835e-51,6.948176764222333e-36,2.573746572578341e-28,0.1000000014128801,7.721354968807627e-11,2.2464629849460833e-14,3.1777183959525647e-28,3.2696389520628536e-48,9.218934740060672e-35,1.1404702356042266e-25,1.720342647758844e-35,1.2968735988345412e-21,6.061964633143217e-53,1.2955791695694808e-20,4.327868599597441e-20,5.0618285305942067e-45,2.9729462762458315e-32,2.8035755287237774e-34,2.2559951954209653e-06,4.8045790353631085e-12,6.179999980158333e-05,1.9804125776101195e-13,1.8123620837452917e-29,9.787529303848103e-23,1.239735711987043e-25,1.4446188407087533e-53,1.481513925038219e-23,3.749632453229538e-16,2.646453967179378e-27,3.3531283751025073e-19,2.654626090085717e-67,6.382934967953494e-31,4.3818990152495626e-23,6.646118350226054e-30,4.038521598412565e-23,9.629866491239452e-22,4.2903155436188237e-44,2.6029049334438097e-28,2.1117878203966745e-23,0.00033399999724807435,2.744280433589694e-12,4.009724352179235e-20,4.152417217937601e-21,5.077767849474414e-47,8.79075593801023e-32,5.650178154886635e-35,2.387717295158747e-43,1.0662429848431906e-36,8.152725157288062e-46,2.2548146621787056e-15,5.383281969000834e-15,5.977175579531741e-14,3.509999940139511e-06,2.257583884580951e-36,9.281077829593891e-32,1.2865359203922065e-13,1.7799998712297227e-06,8.096355498062261e-34,6.452358126308268e-26,8.363712270983123e-53,1.1129959545921742e-41,0.0,0.0,1.9009385565167066e-21,1.0366494636491216e-16,4.439818087826992e-31,1.3011736429512988e-17,2.965326566843805e-43,4.5553735604108745e-27,2.9653275972766064e-43,2.63950309757608e-55,4.057944723433056e-39,6.0998397906303854e-27,5.981377411193374e-21,1.5671395826492716e-23,2.5020223175578247e-36,9.087760016919786e-30,2.780725125604034e-33,2.481551102216505e-27,7.056816890975968e-23,8.500347564351658e-40,2.9091718471556226e-47
0.44714961332713477,1.0740879892971996e-10,0.00017699999242533774,1.769119853815479e-29,1.2162261049384609e-23,1.49716809907761e-32,1.5222156841055757e-25,7.253795688954493e-36,2.3036717284714926e-28,5.816705737786828e-63,1.896140193577402e-50,5.063254852643113e-59,1.1728684829422879e-39,6.45184694833337e-33,1.5637000179646843e-46,7.012867467284014e-36,8.502182819747422e-38,9.71064665160597e-77,6.680305910596471e-61,5.310633598405806e-57,5.661771622362093e-68,9.055832801624368e-77,2.2734245229710633e-64,3.318312759994618e-17,2.1641924052192792e-14,3.3196717113337645e-20,1.4377994090494531e-13,3.3350727266442604e-49,2.6559610652404668e-49,5.700354267668181e-23,4.057804857340069e-16,3.0337808850069223e-65,3.5018346825070786e-66,2.524425945234115e-45,1.1477826922497615e-41,2.6559848552508033e-49,2.1239939411123195e-44,2.5829532365736463e-30,6.893370473889576e-29,2.6065922353131196e-25,3.4064591225174056e-14,3.378070140047385e-08,3.006971841430668e-22,1.31914649254255e-19,5.500784047365377e-21,2.0593986647531077e-18,7.2142304569124715e-34,1.173456222463387e-31,3.993869741581207e-25,0.00018232505639213724,0.4999999996874045,5.270716079106654e-10,0.24999999931774342,5.122405371955495e-10,2.7294901603978554e-13,9.614700759645162e-31,1.2036951478076022e-29,2.5489974772544263e-23,1.3505210164057782e-33,1.555437360518223e-38,2.11616892656372e-31,3.6654752567168457e-38,1.9731469596545917e-41,9.581844742132139e-24,1.6883076655775693e-17,2.6313337296368697e-23,1.2818947582832078e-16,0.0,3.786638846571734e-40,4.73453291130752e-51,1.881792004129694e-12,1.4442124319416546e-20,1.2426474429712396e-24,1.1976723953823327e-60,9.591609308114638e-18,1.1899157632727132e-10,1.220819518538508e-24,1.4011681057201346e-20,1.482855955568149e-23,1.3056730365506882e-26,2.5715064363942685e-19,3.236671824044576e-36,1.8447014636767883e-50,4.02401526245707e-35,8.655480482447505e-28,0.10000000137841192,1.1165728886631025e-10,4.686232106552863e-14,1.3229249150240778e-27,2.562830737087885e-47,8.422334076565939e-34,4.981651096731013e-25,1.0867934143904632e-34,2.713050313794501e-21,5.601548020476488e-52,2.7085762725020972e-20,9.046911512305991e-20,3.1997095197822175e-44,8.98801451375944e-32,1.7706394490337398e-33,2.255993052174817e-06,6.947825183168378e-12,6.179999971294213e-05,2.862735495493817e-13,1.0186603706013363e-28,2.9551647554141294e-22,5.414137477172869e-25,1.751782525309075e-52,6.473542355527431e-23,7.831515340395915e-16,1.6721330418348397e-26,1.012938024542039e-18,1.0556250105827018e-65,4.0382328788939465e-30,1.914459421427369e-22,4.1986934311994006e-29,8.445194686860132e-23,2.9088900776392533e-21,5.665811668160075e-43,7.869666111043565e-28,4.4154025839904126e-23,0.0003339999960221861,3.9632917826318216e-12,5.807115257326771e-20,1.2543891465082567e-20,3.2126489698575166e-46,2.65771019480166e-31,2.6699170181819123e-34,1.8868365903941346e-42,4.810248509101189e-36,7.445998084503286e-45,3.260650762245275e-15,1.1242145195320677e-14,8.64350151754823e-14,3.5099999134366767e-06,9.86874517737193e-36,2.8059798683822877e-31,1.8604345494160392e-13,1.7799998137881332e-06,1.7582562958591998e-33,1.951618879089713e-25,8.098490820813498e-52,7.279327116071408e-41,0.0,0.0,3.974592150841193e-21,1.495863436710145e-16,1.341068676827524e-30,1.881197153745277e-17,1.2954476487734565e-42,9.511541937374587e-27,1.295448299794543e-42,2.4149360489232365e-54,1.225641098241803e-38,1.437355927956047e-26,8.699437513263021e-21,3.2783273938257847e-23,8.367481272540589e-36,2.7448830069251746e-29,8.406973715044526e-33,7.502703575865192e-27,1.475516906857918e-22,3.71647835166343e-39,1.838903295478695e-46
0.646615976660124,1.1071380856506795e-10,0.00017699998904644802,5.846603252109401e-29,3.572184905112663e-23,7.33600241468248e-32,3.7102468746449856e-25,3.510435506007007e-35,8.194857625926112e-28,1.1131187693298423e-61,2.5082920482215578e-49,6.687734614799198e-58,8.271408346027125e-39,2.792613483797695e-32,9.913247449147822e-46,3.497788846297319e-35,3.1709162366170463e-37,2.7637085343896626e-75,1.4771489935547585e-59,7.505431155016325e-56,1.2709487968654873e-66,2.8674819937558865e-75,3.577345860609196e-63,6.944842544207639e-17,3.1221388376962057e-14,9.460542140672848e-20,2.076012114846532e-13,4.412286933986367e-48,2.6021263407319958e-48,1.722216466094699e-22,8.475229551527684e-16,9.570440388429379e-64,6.692555199684961e-65,3.334368273780471e-44,1.0478932639382773e-40,2.602159441849965e-48,1.4802026239737646e-43,1.1285198652374579e-29,3.011441253897064e-28,7.873521512587558e-25,7.097765060134724e-14,3.372761968234518e-08,6.340888475376902e-22,1.9154584962775656e-19,1.1578076622440864e-20,2.9843254281133215e-18,3.5426778039542946e-33,5.641569256223131e-31,1.2032663118949031e-24,0.00018232557221102585,0.49999999954853525,7.629375401963439e-10,0.24999999901288886,7.387543649515191e-10,5.699419916720582e-13,4.20118437484371e-30,5.259773329522984e-29,7.699858877013861e-23,5.899469422640326e-33,9.829823589511967e-38,9.245888496876433e-31,1.7908459418578045e-37,1.2484561509568348e-40,2.3147324339014848e-23,5.0953655020174115e-17,5.500689304591355e-23,1.8527943245614947e-16,0.0,1.6550941133650392e-39,2.990696906774507e-50,3.9280451221252546e-12,6.304892192646527e-20,2.59724079890538e-24,1.7601975552255815e-59,2.897306657025928e-17,1.7173936903947545e-10,3.689128694973686e-24,2.925533253209482e-20,4.478532872227498e-23,4.5431523127125385e-26,5.373972934818175e-19,1.4142344156528747e-35,1.686108580794494e-49,2.4307672657126885e-34,3.1892662754587617e-27,0.10000000132855258,1.6146583161108378e-10,9.765059625013478e-14,5.63704920146344e-27,2.1552344347760357e-46,7.696230561795979e-33,2.175024927422689e-24,6.863960155817669e-34,5.676639296585962e-21,5.202466654634987e-51,5.66199026881583e-20,1.8908404854791396e-19,2.0226951729316906e-43,2.7170277289562955e-31,1.1178733196054362e-32,2.2559899528610175e-06,1.004713898239342e-11,6.179999958461774e-05,4.137441395462735e-13,6.01589229030487e-28,8.916779789051413e-22,2.363270797936349e-24,2.2094142336181887e-51,2.8278095954577857e-22,1.634808659112165e-15,1.0563461648131734e-25,3.0585525964863832e-18,4.2250823552735454e-64,2.5558915838214873e-29,8.361299217304831e-22,2.6519307593045117e-28,1.766027816667748e-22,8.782602412349269e-21,7.489415196583469e-42,2.37912583163237e-27,9.231247514004158e-23,0.000333999994251298,5.7204685585642635e-12,8.415804718901152e-20,3.78759295887315e-20,2.0334928841473947e-45,8.034232413726786e-31,1.3110973076695896e-33,1.5813710323965796e-41,2.413559789025408e-35,6.80104999571912e-44,4.715174872053868e-15,2.3463379050639742e-14,1.2499236016485576e-13,3.509999874822113e-06,4.313970046335345e-35,8.482590421835274e-31,2.690335166806573e-13,1.7799997307236223e-06,3.878677569197682e-33,5.904395383889019e-25,8.074494062940101e-51,5.017759467570971e-40,0.0,0.0,8.309772255814105e-21,2.156436684208891e-16,4.048708967193325e-30,2.719513494197966e-17,5.657113220233787e-42,1.9846507485207793e-26,5.6571173325412476e-42,2.2113373989817627e-53,3.6998779289663327e-38,3.4952390973425695e-26,1.268402670397349e-20,6.85908475059302e-23,2.880625486243417e-35,8.286327648374382e-29,2.5414239140324703e-32,2.2681734180820822e-26,3.0850090751374305e-22,1.6248459021112307e-38,1.1624198747771198e-45
0.9350611267692971,1.1549319768591305e-10,0.00017699998416034022,2.09100939403795e-28,1.0648190525693455e-22,3.8221512735740897e-31,9.986324058634073e-25,1.783245891498989e-34,3.1176937978175755e-27,2.1291572361586778e-60,3.3173010168502474e-48,8.8249300652196e-57,6.136002171422728e-38,1.371511101798445e-31,6.290993687001817e-45,1.8487663089265533e-34,1.3656071788592374e-36,7.94668489333613e-74,3.472776146777075e-58,1.1373993096182842e-54,3.200993607209165e-65,1.0083774571426686e-73,6.387438256375195e-62,1.4540737511126125e-16,4.499324652755381e-14,2.7735786427081657e-19,2.9954814456520655e-13,5.836385226386544e-47,2.820602799848556e-47,5.201130076109422e-22,1.7692004559826134e-15,3.1944730030862525e-62,1.2776450542718365e-63,4.400047532383333e-43,9.55834172383952e-40,2.8206525544308504e-47,1.1789128174518386e-42,4.9286253401050286e-29,1.3149790565236213e-27,2.3771077126966218e-24,1.480591107358669e-13,3.365100653759503e-08,1.3419966591419187e-21,2.786209745835394e-19,2.443824442166183e-20,4.3285340035460084e-18,1.8084722431374733e-32,3.009809456869303e-30,3.633309121932168e-24,0.0001823263180964177,0.4999999993483408,1.1048284839051092e-09,0.24999999857149127,1.0641609317262972e-09,1.1893105366548611e-12,1.8350629328910668e-29,2.297562300728206e-28,2.3248119339634625e-22,2.5758025618823833e-32,6.209940515236981e-37,4.0380660870830845e-30,9.017145178422987e-37,7.900742350319716e-40,6.67157668925445e-23,1.536445721024204e-16,1.1497230278836463e-22,2.677346270211179e-16,0.0,7.232590534338256e-39,1.888141753100215e-49,8.192822936173992e-12,2.7503881721393344e-19,5.4272161784320624e-24,2.7328713786327873e-58,8.747511007977557e-17,2.476560052824644e-10,1.1144599286243338e-23,6.104077649568823e-20,1.3518548682675624e-22,1.6421447911061385e-25,1.122739322798821e-18,6.177058702333871e-35,1.5405304338723128e-48,1.501068798791192e-33,1.2538519156996184e-26,0.10000000125641971,2.334931700765014e-10,2.0316179367615706e-13,2.428750327794577e-26,1.886159335958615e-45,7.02909443225703e-32,9.489530783238158e-24,4.332444509311378e-33,1.1880273584191382e-20,4.861994962216035e-50,1.1833854830812108e-19,3.9509882241132345e-19,1.2783660767352021e-42,8.212158249319834e-31,7.051990193803895e-32,2.255985470993462e-06,1.4529006537284037e-11,6.179999939875525e-05,5.978251707491981e-13,3.654909662284244e-27,2.6879506399203952e-21,1.030754356232399e-23,2.853308613083759e-50,1.2346621681488698e-21,3.409944564990431e-15,6.669911626394307e-25,9.229129973220735e-18,1.6876482281947741e-62,1.618202370383902e-28,3.649656356871403e-21,1.6739773557230182e-27,3.693069002459609e-22,2.6498062065580792e-20,9.89405240408234e-41,7.191594510327084e-27,1.9297773103478494e-22,0.00033399999169429653,8.249797267373814e-12,1.2208078179942607e-19,1.1428914222378546e-19,1.2875795498796803e-44,2.4283780438866536e-30,6.692584408769989e-33,1.3732437913856605e-40,1.3165578589473573e-34,6.207543014398339e-43,6.818545377055128e-15,4.892775208856454e-14,1.807495842969707e-13,3.5099998189821654e-06,1.8855984463551808e-34,2.5639612853936934e-30,3.8904306352035205e-13,1.779999610607148e-06,8.742323919658812e-33,1.7868427762842095e-24,8.396066351779716e-50,3.662867575869548e-39,0.0,0.0,1.7371818237363034e-20,3.1044329000009986e-16,1.2214175585849592e-29,3.930856439174336e-17,2.4688649648195514e-41,4.1370737201099055e-26,2.468867560998898e-41,2.0256776604921357e-52,1.1160277603731283e-37,8.790518048415095e-26,1.8558368003711028e-20,1.4354198614242338e-22,1.0241788320254315e-34,2.499598374841357e-28,7.681581310828042e-32,6.856174038879553e-26,6.449638325835332e-22,7.103086810750487e-38,7.34628662764113e-45
1.3521770917433409,1.2240473606842066e-10,0.0001769999770947233,8.33317038790211e-28,3.1977737266985914e-22,2.1475941640887913e-30,3.0381241799290727e-24,9.679472892565745e-34,1.2869862397043687e-26,4.072680437069062e-59,4.387347355058906e-47,1.16333790270741e-55,4.869734457661367e-37,7.44990735605247e-31,3.998158975519788e-44,1.0528284855995727e-33,7.094655149693624e-36,2.31884280801622e-72,8.822652260052013e-57,1.9022926286229067e-53,9.485838551418418e-64,4.123496468339758e-72,1.3606410422580914e-60,3.0462123026137253e-16,6.474065425354317e-14,8.246747194857076e-19,4.317949373849165e-13,7.720888893522951e-46,3.723187767154619e-46,1.5698332303093221e-21,3.690315172731628e-15,1.1478490174270687e-60,2.4369134603079945e-62,5.800631979526666e-42,8.708764005601791e-39,3.723275894128405e-46,1.1830473311110965e-41,2.1512638701138125e-28,5.7382878506280945e-27,7.171605689868234e-24,3.090994018101305e-13,3.3540525169108546e-08,2.8546833968030757e-21,4.0627371418256853e-19,5.178753493680529e-20,6.286064464008165e-18,9.587029903707748e-32,1.7189851858503138e-29,1.0984581670659495e-23,0.0001823273966420189,0.4999999990601335,1.6009095116003332e-09,0.2499999979320484,1.5302638963590227e-09,2.4794111920019488e-12,8.011418399623992e-29,1.003127648760853e-27,7.014421150572214e-22,1.1238593495352757e-31,3.92136560920191e-36,1.76259736063607e-29,4.690775099043332e-36,5.001633982989442e-39,2.492056933916167e-22,4.627082880794698e-16,2.4025658349612385e-22,3.8675945604707963e-16,0.0,3.159582335746642e-38,1.1912402268144947e-48,1.7068255139833273e-11,1.1985019750794426e-18,1.1337005202041245e-23,4.6070760646410114e-57,2.6391659067096365e-16,3.5668605638105185e-10,3.3652260810191553e-23,1.272335656464693e-19,4.077310769911736e-22,6.1534760261651415e-25,2.3446752537150615e-18,2.6965817922957226e-34,1.406952492996875e-47,9.370776090060323e-33,5.1368549294489725e-26,0.10000000115204362,3.376507500250496e-10,4.2171734104709847e-13,1.0511787894217039e-25,1.6852373690283382e-44,6.4161150332252825e-31,4.1360178844741283e-23,2.7323043257661614e-32,2.487138120071732e-20,4.5834326926156e-49,2.472753514246805e-19,8.252901194126592e-19,8.077364964188429e-42,2.4815531785100526e-30,4.443872898214642e-31,2.25597898983787e-06,2.1010162128651957e-11,6.179999912937157e-05,8.634953979552179e-13,2.2547776036116472e-26,8.091595360284774e-21,4.4905864025830373e-23,3.743353283034324e-49,5.387005294804193e-21,7.10454108127314e-15,4.208631077842666e-24,2.7822064567958366e-17,6.733204136755056e-61,1.025060348154514e-27,1.5917531996727418e-20,1.0558141446006112e-26,7.722955498790868e-22,7.986644537518843e-20,1.306430956851272e-39,2.1734811777303628e-26,4.0335868971693936e-22,0.00033399998800466265,1.1883102906845365e-11,1.7733616188089293e-19,3.445313136573114e-19,8.157367307325934e-44,7.33827049757959e-30,3.547453324200881e-32,1.2171585226936179e-39,7.601745903483451e-34,5.660984096147453e-42,9.860232219197857e-15,1.0190041944872752e-13,2.6137934459297814e-13,3.509999738232821e-06,8.240514466815279e-34,7.748297134626894e-30,5.625847362301317e-13,1.7799994369123629e-06,2.0282230386684497e-32,5.409677849997492e-24,9.263636705146067e-49,2.866933462128198e-38,0.0,0.0,3.631140341873233e-20,4.460299913566489e-16,3.6808924393171553e-29,5.680610992707112e-17,1.0764954817271708e-40,8.61174151984817e-26,1.0764971195328252e-40,1.856909009601893e-51,3.362614752467531e-37,2.2867256987803305e-25,2.7285793250001007e-20,3.004916751500753e-22,3.7658635933974717e-34,7.531857270659082e-28,2.32130257494906e-31,2.072098770380611e-25,1.348236857663942e-21,3.104711278780387e-37,4.641470581433693e-44
1.9553618850060341,1.3239969181997966e-10,0.00017699996687746663,3.765369709338257e-27,9.639306451461452e-22,1.3165175687168583e-29,1.0427100772845782e-23,5.707065243658707e-33,5.8030095904217e-26,7.787042427234897e-58,5.8013286690874225e-46,1.5309886429531558e-54,4.195957005248229e-36,4.320759337343925e-30,2.545969781697424e-43,6.536171614244677e-33,4.502081609076067e-35,6.891319459761979e-71,2.44302572591021e-55,3.592513488141517e-52,3.4418626711664326e-62,2.049014517117391e-70,3.5418644579426563e-59,6.3868303038830505e-16,9.294970355247267e-14,2.467614286438384e-18,6.215466637890167e-13,1.0212835267931464e-44,6.406875086597557e-45,4.734152588865089e-21,7.688826243371822e-15,4.48709306514443e-59,4.64013883188173e-61,7.634511262830113e-41,7.920935859004704e-38,6.407076060150235e-45,1.545073469354489e-40,9.382075016682494e-28,2.5017075169437946e-26,2.1613880615400185e-23,6.456695632289804e-13,3.338140102555391e-08,6.115126121802034e-21,5.944118248275426e-19,1.1035226154590903e-19,9.144583062805929e-18,5.262613967748167e-31,1.0224403521272563e-28,3.323710067383156e-23,0.00018232895616792356,0.4999999986460302,2.321752269496506e-09,0.24999999700499625,2.195066718487324e-09,5.161872465146268e-12,3.494987462017689e-28,4.376596228646831e-27,2.114272315264569e-21,4.898640765005643e-31,2.4745388968142876e-35,7.687327942432599e-29,2.5218819873083e-35,3.167992584812797e-38,1.186534090790841e-21,1.3909140390681348e-15,5.019049285707016e-22,5.584363522258909e-16,0.0,1.3796419712217732e-37,7.50852796330215e-48,3.5499495524163487e-11,5.214336455414505e-18,2.3670741925217477e-23,8.727734594301158e-56,7.954337682478347e-16,5.127906369839337e-10,1.0155218106207022e-22,2.6482378580838784e-19,1.2283183413072852e-21,2.3814138309073358e-24,4.8935838678990446e-18,1.1762878815363281e-33,1.2840800321425255e-46,5.878440787133167e-32,2.15656150268122e-25,0.10000000100097223,4.882713483519539e-10,8.725199989967381e-13,4.553289843262208e-25,1.5205607809873661e-43,5.851154173039778e-30,1.8000197255359287e-22,1.721023238085451e-31,5.2090138342140523e-20,4.3707316151388207e-48,5.1652011931473695e-19,1.7230220048663632e-18,5.101627986106159e-41,7.496347553464351e-30,2.795878132272935e-30,2.2559696175455264e-06,3.038245447342482e-11,6.179999873855824e-05,1.246578733692401e-12,1.4016590651351476e-25,2.4309600227630978e-20,1.9531315576275621e-22,4.967857847719079e-48,2.348074014096011e-20,1.4778009227666466e-14,2.6529123501256476e-23,8.375630240224069e-17,2.679058297311253e-59,6.497878205187275e-27,6.934012803549451e-20,6.651276211650077e-26,1.615096841134547e-21,2.403689703761123e-19,1.723424719214012e-38,6.56712326022484e-26,8.429177769576608e-22,0.0003339999826857371,1.7086749098165843e-11,2.581098651728154e-19,1.03716799663337e-18,5.171993705210184e-43,2.2168337478829346e-29,1.9468901108972517e-31,1.0910140929005592e-38,4.545674142970166e-33,5.155640404171917e-41,1.4258943457402077e-14,2.118416947689248e-13,3.7797701786585153e-13,3.5099996214623005e-06,3.6004107894130005e-33,2.3408503326241822e-29,8.135359303763407e-13,1.7799991857428818e-06,4.886216837626633e-32,1.6386881389782754e-23,1.103752923618556e-47,2.438333535197198e-37,0.0,0.0,7.588507746952365e-20,6.390022856801995e-16,1.1075959195765425e-28,8.206832608293229e-17,4.687756365774633e-40,1.7889905733450875e-25,4.687766686513399e-40,1.703658346675375e-50,1.0115318329750483e-36,6.140329179470668e-25,4.0386335357285174e-20,6.293388742544004e-22,1.4308155684041031e-33,2.26593582383052e-27,7.012603745351728e-31,6.260766569730655e-25,2.817915032688561e-21,1.3567615973754246e-36,2.9312837911480857e-43
2.8276178650570496,1.4685383830372983e-10,0.00017699995210290783,1.91257507194562e-26,2.9113082843842673e-21,8.829381440412142e-29,3.9340340867019054e-23,3.687259069363882e-32,2.8456316725492e-25,1.4888436945641105e-56,7.670767058866083e-45,2.0105497050608717e-53,3.952782462150631e-35,2.598924132031108e-29,1.6255272871639258e-42,4.4318041643930085e-32,3.424761779172755e-34,2.097300509153544e-69,7.368470866470275e-54,7.666790173054901e-51,1.547108980675035e-60,1.2645544756021487e-68,1.1155753044331948e-57,1.340618887715966e-15,1.3302687537713628e-13,7.399380064753048e-18,8.928597874821212e-13,1.35107615859786e-43,1.3810316733334985e-43,1.425939611113386e-20,1.5993724139375662e-14,1.9137590719508293e-57,8.818871412124805e-60,1.0027393615193323e-39,7.187286075873727e-37,1.381090523282435e-43,2.439520107563151e-39,4.0868061838523826e-27,1.0891887288300717e-25,6.504252874292384e-23,1.349280223875367e-12,3.315262835158332e-08,1.3224252417263167e-20,8.736255232892006e-19,2.369381335574891e-19,1.3333739180973429e-17,2.9780461461979305e-30,6.22289574761498e-28,1.0064002057163777e-22,0.00018233121107485167,0.49999999805269263,3.3712811602627045e-09,0.24999999565954747,3.137472437256211e-09,1.0725230779205834e-11,1.5230712909800132e-27,1.9075454744493786e-26,6.363585235477036e-21,2.132148616310147e-30,1.5600794924135583e-34,3.3487692364095633e-28,1.3985043834505688e-34,2.008802851906872e-37,6.5514526267968926e-21,4.170062195745393e-15,1.048024168676677e-21,8.057720998750626e-16,0.0,6.0203129162578015e-37,4.727639566395895e-47,7.365737173194982e-11,2.2634693908336213e-17,4.9388426898797495e-23,1.9303370901075157e-54,2.3938591825807572e-15,7.352947435544143e-10,3.061757711612401e-22,5.500563679398945e-19,3.6941626438868744e-21,9.46966527405683e-24,1.0204626068452747e-17,5.125576724429681e-33,1.17094788942864e-45,3.6938729446279393e-31,9.179575027825526e-25,0.10000000078223806,7.060813502788998e-10,1.7966930301259728e-12,1.969168374924714e-24,1.3776254883441252e-42,5.329470862306789e-29,7.817139732138748e-22,1.0821475155736137e-30,1.0915365322632295e-19,4.2308409989362617e-47,1.0783992318643695e-18,3.594692662380894e-18,3.2204233025757387e-40,2.263462410884666e-29,1.7550608619223455e-29,2.2559560644297468e-06,4.39355702544687e-11,6.17999981708172e-05,1.7982611378556785e-12,8.740175290045522e-25,7.282254275753397e-20,8.47468066911666e-22,6.660658850666981e-47,1.0220042743198905e-19,3.066729164156014e-14,1.6699005056775986e-22,2.5164031457820285e-16,1.063668375893885e-57,4.123284092116136e-26,3.0154682404831247e-19,4.183019679843587e-25,3.3780848592154065e-21,7.2189573688557855e-19,2.271111649926231e-37,1.9835057927224491e-25,1.7609558313705222e-21,0.0003339999750283909,2.4507511351671998e-11,3.767344614381476e-19,3.1160124713473176e-18,3.282871524199638e-42,6.693761473804856e-29,1.1013245640480412e-30,9.838020294039834e-38,2.773923881944088e-32,4.686930796921538e-40,2.0620657467136717e-14,4.392526385367439e-13,5.465875970055935e-13,3.5099994526019456e-06,1.572509720593566e-32,7.068982031917846e-29,1.1764227057542382e-12,1.779998822546854e-06,1.2342126636724845e-31,4.967705270355959e-23,1.438428954979755e-46,2.270150964619636e-36,0.0,0.0,1.5854324465897573e-19,9.117053349091002e-16,3.325516470063399e-28,1.1851465898081316e-16,2.037568740430113e-39,3.7056037723468817e-25,2.0375752340567577e-39,1.5650190916281705e-49,3.0358131259395185e-36,1.6957676312366804e-24,6.031509103844215e-20,1.3189062948872048e-21,5.6011331943545594e-33,6.801513669180355e-27,2.11755035970369e-30,1.890963432925476e-24,5.888311857268785e-21,5.927296854976267e-36,1.8501666300059663e-42
4.088973428448061,1.6775698516804377e-10,0.0001769999307385836,1.0607255193523897e-25,8.802447314381551e-21,6.424187892160611e-28,1.5786163901030111e-22,2.601743908867423e-31,1.4972516273955387e-24,2.8461762995319723e-55,1.014142103609599e-43,2.632166957202667e-52,4.053000453329238e-34,1.5906433726369168e-28,1.0413373178606543e-41,3.251779622845618e-31,3.0258405699928693e-33,6.56516427107505e-68,2.392151637418979e-52,1.8043993679425904e-49,8.395224046706805e-59,9.518766756519423e-67,4.123777829515732e-56,2.8184958018114683e-15,1.8951800410896417e-13,2.217910809837967e-17,1.2788374710427366e-12,1.7875628533457573e-42,3.3773969245138656e-42,4.287418260464552e-20,3.319093215732561e-14,8.821227484443632e-56,1.671556542138965e-58,1.3130725105100336e-38,6.499275805078302e-36,3.377598743707108e-42,4.2336613440359965e-38,1.7771256222130985e-26,4.732829724563822e-25,1.9530862247325921e-22,2.820482759918066e-12,3.282457391241083e-08,2.895821334388642e-20,1.2915922964944592e-18,5.139536914085193e-19,1.9500165814401966e-17,1.727730821702496e-29,3.8350605968421646e-27,3.049666100080189e-22,0.00018233447122865558,0.4999999972058905,4.9035356448475975e-09,0.24999999370403236,4.461603182291677e-09,2.2221037652039577e-11,6.62717438013851e-27,8.301861737986835e-26,1.9113321933296888e-20,9.261328861399462e-30,9.822307006272828e-34,1.4563137262517967e-27,7.968095792176312e-34,1.27751713502392e-36,3.8709981536869904e-20,1.245445012087343e-14,2.1869439669630694e-21,1.1615180949563493e-15,0.0,2.624585996183685e-36,2.974238401524295e-46,1.5230696898350852e-10,9.793295461673351e-17,1.0294487123862701e-22,5.135340831384958e-53,7.18894078552955e-15,1.050377378236422e-09,9.219183820641243e-22,1.1390689773521496e-18,1.1083163728826645e-20,3.8469321924725584e-23,2.1253368335023573e-17,2.2300047153340696e-32,1.0665074299320512e-44,2.3206505428987198e-30,3.935821014336804e-24,0.10000000046538862,1.0210528187652816e-09,3.674620620886282e-12,8.48514940419572e-24,1.2493521632926222e-41,4.845758623451658e-28,3.3844264489292113e-21,6.787234436134083e-30,2.2886380508032965e-19,4.1722110694003694e-46,2.249897316229915e-18,7.491695356527587e-18,2.031307930082387e-39,6.829740494070144e-29,1.0981117180895977e-28,2.2559364654973027e-06,6.353450269690853e-11,6.179999734453363e-05,2.5912794664345197e-12,5.450259174316007e-24,2.172417954289705e-19,3.664538474949235e-21,9.021587334846283e-46,4.439110919113564e-19,6.342621941438619e-14,1.0489900206433253e-21,7.538718473986304e-16,4.209274845666369e-56,2.6202359855216645e-25,1.3081587403111813e-18,2.6243193859512238e-24,7.068265581959897e-21,2.1614608008142224e-18,2.9881921485580568e-36,5.9876893998689155e-25,3.677253925523044e-21,0.00033399996402558616,3.5024600959959094e-11,5.520806263849872e-19,9.334588859074096e-18,2.0870413895576657e-41,2.0198060541985806e-28,6.385772463697968e-30,8.895204463772139e-37,1.7115817941564543e-31,4.249681037457059e-39,2.982383381843497e-14,9.073729157711407e-13,7.904137933848631e-13,3.509999208414925e-06,6.864434412709976e-32,2.1334087324173935e-28,1.7011670736352263e-12,1.7799982973683115e-06,3.299299698247271e-31,1.507587839930583e-22,2.0534852926838788e-45,2.3053450735596647e-35,0.0,0.0,3.31102805490155e-19,1.293148070425397e-15,9.95343397913507e-28,1.7104196949309963e-16,8.832864141377165e-39,7.643535766521695e-25,8.832904907174742e-39,1.439937033951529e-48,9.080807700469626e-36,4.795177992576129e-24,9.113486851783828e-20,2.7664580255675804e-21,2.2493845592433947e-32,2.0349126715168032e-26,6.390121350995253e-30,5.708281789285153e-24,1.2300263915963994e-20,2.5883476084861174e-35,1.1668166142927935e-41
5.912999739169831,1.9798722123924348e-10,0.00017699989984586623,6.219025751565577e-25,2.6632877894249096e-20,4.990251400510014e-27,6.558726881757406e-22,1.977269726601458e-30,8.308038774286868e-24,5.439790376732839e-54,1.3404944786454956e-42,3.430747004569714e-51,4.460909567538981e-33,9.792768103245243e-28,6.697524972256969e-41,2.5404146492147715e-30,3.0057294715535803e-32,2.1213384750466917e-66,8.21497460810352e-51,4.5291676023071105e-48,5.255948452590655e-57,8.369624845142334e-65,1.729130661989786e-54,5.938625573943848e-15,2.682430518654765e-13,6.633059115309156e-17,1.823938563308296e-12,2.3653359051331975e-41,8.709325486346787e-41,1.2858485004751088e-19,6.864682115175078e-14,4.3227741978959775e-54,3.156777036125788e-57,1.7120985230239707e-37,5.848398938146875e-35,8.710069221869184e-41,7.619559620260693e-37,7.708491420711517e-26,2.050756043389943e-24,5.84640220590797e-22,5.8969996141926375e-12,3.23559124094286e-08,6.44309674787224e-20,1.923520310724696e-18,1.1298168337902925e-18,2.86227319487881e-17,1.021575683064269e-28,2.3782041409058596e-26,9.250069771836502e-22,0.0001823391843459644,0.4999999960040091,7.148664869177194e-09,0.24999999085630897,6.298394230290374e-09,4.584885650813114e-11,2.877240713041259e-26,3.605431817417087e-25,5.723517162028682e-20,4.011312788722569e-29,6.17216649043149e-33,6.3176803551250424e-27,4.640145544104753e-33,8.205658328286921e-36,2.3477359092159496e-19,3.699251590522581e-14,4.559266325920996e-21,1.6719635187518041e-15,0.0,1.1426392543085397e-35,1.8729520795111455e-45,3.133956428964478e-10,4.2172981198308483e-16,2.142681312325059e-22,1.6550062615740842e-51,2.152243348901597e-14,1.4923202120156154e-09,2.7709171667346407e-21,2.348580104035311e-18,3.313486007794052e-20,1.587226905262886e-22,4.418576019025886e-17,9.681679945005051e-32,9.698313068379433e-44,1.455602768289767e-29,1.6926809847936783e-23,0.10000000000614613,1.4765278072436607e-09,7.442127785834468e-12,3.634784588311039e-23,1.1322776456131301e-40,4.394854522640167e-27,1.4588199016519864e-20,4.24159668557796e-29,4.801142470810335e-19,4.2049994446977995e-45,4.68920814822236e-18,1.5589950282757464e-17,1.2798151133294942e-38,2.058791820304513e-28,6.8384326586069435e-28,2.2559081238124776e-06,9.187618752215894e-11,6.179999613901723e-05,3.728168392988657e-12,3.390559199071301e-23,6.441922266592097e-19,1.5767459482309867e-20,1.2352477560366053e-44,1.9224315543411344e-18,1.305454831095237e-13,6.570195038358461e-21,2.249191128027058e-15,1.6582058847597878e-54,1.6683917756895217e-24,5.6550454267038685e-18,1.6406710666861844e-23,1.4806803514302794e-20,6.4434090296849585e-18,3.9230007331717084e-35,1.8061315933303342e-24,7.674125578446094e-21,0.000333999948257904,4.979711532663336e-11,8.136098000698296e-19,2.78475533730257e-17,1.3296919736936715e-40,6.0884918489754445e-28,3.7725303382180596e-29,8.046650059556692e-36,1.0617310958015688e-30,3.838740640883154e-38,4.3148264760179344e-14,1.864279249300967e-12,1.1430093096247499e-12,3.509998855298404e-06,2.99420950692459e-31,6.432904011404025e-28,2.4599487825528896e-12,1.77999753798491e-06,9.402898271581606e-31,4.582022863008574e-22,3.1780112190031194e-44,2.5193276236178856e-34,0.0,0.0,6.910722561767897e-19,1.8188388318260367e-15,2.965761644201967e-27,2.466319484304371e-16,3.814449817569096e-38,1.5672416114666286e-24,3.814475328027748e-38,1.3273324072229537e-47,2.7033593576172185e-35,1.3821380200821492e-23,1.3972106640931636e-19,5.809576373057931e-21,9.221282677487049e-32,6.059783839012032e-26,1.9265539514884262e-29,1.7218316825687546e-23,2.5683098042614512e-20,1.1295837713176057e-34,7.349818761879222e-41
8.550695309529694,2.4170780756990084e-10,0.00017699985517619982,3.760779070629766e-24,8.062000608155372e-20,4.064661068712601e-26,2.771970546711033e-21,1.5889107701089741e-29,4.782477584209056e-23,1.0392180005257103e-52,1.771030294941206e-41,4.4431636896999e-50,5.177421496538831e-32,6.0203015692003525e-27,4.325491887307219e-40,2.0762102339897485e-29,3.256392415571035e-31,7.086847409788154e-65,2.9305350580356324e-49,1.1784105383886517e-46,3.6267376029254426e-55,8.195936136479315e-63,7.960465680883664e-53,1.2550212678321595e-14,3.761608201669117e-13,1.9756678076486756e-16,2.5856485199028763e-12,3.129878317157643e-40,2.282415782799367e-39,3.8423851383445224e-19,1.4128930956392338e-13,2.2108959392186813e-52,5.935019526690481e-56,2.2187281541024542e-36,5.225984184684601e-34,2.282696770480291e-39,1.3831213234097045e-35,3.3316602320621763e-25,8.849961230946746e-24,1.7422140062989e-21,1.233027124772041e-11,3.1689997890096225e-08,1.461585480902561e-19,2.888664006088309e-18,2.5256573038076023e-18,4.218342345832561e-17,6.120519914749283e-28,1.4779532931596015e-25,2.809070572850354e-21,0.00018234599705467213,0.4999999943111117,1.0453640455718595e-08,0.24999998669895265,8.799637158864457e-09,9.403801035030079e-11,1.2452063284338355e-25,1.5610501759724743e-24,1.7065010375110093e-19,1.7306604614037417e-28,3.867651747573296e-32,2.731009170574629e-26,2.7457872581903155e-32,5.469121164200278e-35,1.4345765570535961e-18,1.0900841889471709e-13,9.492106249494675e-21,2.401839974081102e-15,0.0,4.964781233550783e-35,1.1884899583432603e-44,6.403790741474633e-10,1.8038062392970428e-15,4.450467496339973e-22,6.30822495927319e-50,6.414836635185001e-14,2.103569679939434e-09,8.307116478112994e-21,4.8121374392643395e-18,9.856097487658657e-20,6.614238770853423e-22,9.162685018780572e-17,4.191791011245867e-31,8.801831391054549e-43,9.10324258598672e-29,7.279848401674156e-23,0.09999999934007142,2.135182421800989e-09,1.4862274809616358e-11,1.5434332646956604e-22,1.025151307359918e-39,3.971482079630538e-26,6.248213594285222e-20,2.637024820286009e-28,1.0073361784501047e-18,4.3395830408410647e-44,9.75871455774651e-18,3.237170862278443e-17,8.0502285469267e-38,6.197414253666649e-28,4.2298367527859656e-27,2.2558671393728946e-06,1.3286062710441821e-10,6.179999437466091e-05,5.351759868792631e-12,2.0989855404383595e-22,1.893857833203524e-18,6.73613455602756e-20,1.7105313867062556e-43,8.29014255150196e-18,2.668444542555598e-13,4.097853194627132e-20,6.67105825269004e-15,6.489422874227898e-53,1.0651419189367911e-23,2.432300930534416e-17,1.0205582348241871e-22,3.1124312614147704e-20,1.908747184943699e-17,5.133850524034262e-34,5.441959586318678e-24,1.600111968688606e-20,0.000333999925744924,7.028069264306348e-11,1.2084991745919987e-18,8.258275477720046e-17,8.496672718666185e-40,1.8325751767966907e-27,2.2573141168066695e-28,7.269400233068371e-35,6.595776836113963e-30,3.4487699441560077e-37,6.248584971919266e-14,3.800758993405258e-12,1.6528969369279606e-12,3.509998344659006e-06,1.3045948593697164e-30,1.937249750002263e-27,3.5571213428973293e-12,1.7799964399938322e-06,2.8675196295809205e-30,1.3954565948223653e-21,5.23888289139291e-43,2.909824038592219e-33,0.0,0.0,1.4411749495505853e-18,2.5279776537917216e-15,8.780595376028749e-27,3.5517451033689674e-16,1.6383043181686375e-37,3.186345365381049e-24,1.6383202094454013e-37,1.2258477603682868e-46,7.99342238818405e-35,4.0444291555784863e-23,2.179073707198815e-19,1.221866205192415e-20,3.8398064110959936e-31,1.7925809085969024e-25,5.800570211745653e-29,5.187878519303601e-23,5.3596582762540706e-20,4.925205262458768e-34,4.6217542448019984e-40
12.365025114423291,3.049416905748333e-10,0.00017699979058760754,2.309182238485876e-23,2.4411563057049457e-19,3.416463417907167e-25,1.1788460138729057e-20,1.3266737393138546e-28,2.8175656582971037e-22,1.9835599409187848e-51,2.3375691477462876e-40,5.701880138245826e-49,6.230392471888837e-31,3.675270982190083e-26,2.8025485795923582e-39,1.7478009244206334e-28,3.746229965612999e-30,2.446019187411342e-63,1.0687039271436407e-47,3.116981654304672e-45,2.659905532225485e-53,8.594736470242346e-61,3.90773215428367e-51,2.6627044182627583e-14,5.206191549371334e-13,5.847794400178536e-16,3.633812975798387e-12,4.140394951742365e-39,5.971112696745455e-38,1.142198938303793e-18,2.887813260019895e-13,1.160561870033011e-50,1.1125165400568023e-54,2.85028590287264e-35,4.623592577612028e-33,5.972177022881076e-38,2.496301978851692e-34,1.4325467746899068e-24,3.7968756072772105e-23,5.158265402624324e-21,2.5778527260223582e-11,3.075119428357083e-08,3.3895706702458785e-19,4.3745034436514174e-18,5.760182269234473e-18,6.239931756329866e-17,3.695104377772536e-27,9.176621043692422e-25,8.543535544985177e-21,0.00018235584268220587,0.4999999919509454,1.5346193297980013e-08,0.24999998061133846,1.2116013579521572e-08,1.9122432395407997e-10,5.364385619930217e-25,6.729428232933032e-24,5.056412628768006e-19,7.430259354379822e-28,2.4138542575245583e-31,1.1745679848349282e-25,1.6412285389254579e-31,4.14469642279914e-34,8.750149322490657e-18,3.1758678009169453e-13,1.972338026860591e-20,3.4402463278152175e-15,0.0,2.151063204658234e-34,7.757414108327034e-44,1.2957094377174382e-09,7.640235170761068e-15,9.216120220678119e-22,2.7156528091595594e-48,1.8997509615735807e-13,2.931612890118746e-09,2.4817474165109984e-20,9.771207224464264e-18,2.910405008998661e-19,2.769028122861163e-21,1.8930816892790576e-16,1.8092870814215245e-30,7.973620431441242e-42,5.6672025627636495e-28,3.122703382691333e-22,0.09999999837337278,3.087651270978571e-09,2.9092034576657165e-11,6.471052621728688e-22,9.293990103400425e-39,3.570310140543498e-25,2.651836180119278e-19,1.6273548060003648e-27,2.1116027821092075e-18,4.58380762520553e-43,2.026555056035113e-17,6.700776759713661e-17,5.051765936764532e-37,1.861781011312738e-27,2.590977700172162e-26,2.255807872407678e-06,1.9212759231944125e-10,6.179999178250855e-05,7.657510968535678e-12,1.2892932220155358e-21,5.499565547936429e-18,2.8485946730816157e-19,2.3938153771870354e-42,3.553423681810208e-17,5.401374194301157e-13,2.5404973722053864e-19,1.9620647625822434e-14,2.515707785707776e-51,6.823432946868228e-23,1.0386341695738729e-16,6.302544549242391e-22,6.607644894883252e-20,5.603553856061968e-17,6.687782072524891e-33,1.637056040285384e-23,3.3322393070092356e-20,0.0003339998937598982,9.815995291160911e-11,1.814716804204236e-18,2.4282158440735767e-16,5.450601652496231e-39,5.503904167238913e-27,1.3602190633003655e-27,6.546661895523029e-34,4.09100785728132e-29,3.074342475712606e-36,9.075104012038383e-14,7.663355474384907e-12,2.3902474537535602e-12,3.5099976062248477e-06,5.675052698640175e-30,5.8232397371829884e-27,5.143537374500613e-12,1.779994852493243e-06,9.347863727797973e-30,4.261407819008099e-21,9.030776054928298e-42,3.490632386965022e-32,0.0,0.0,3.0017893274006765e-18,3.4554589089940356e-15,2.5762643704306235e-26,5.105462320619577e-16,6.982289023980854e-37,6.4011346782311954e-24,6.982387375694705e-37,1.1335607632481662e-45,2.340907262581421e-34,1.197519094469935e-22,3.4622312585538947e-19,2.5745769754210632e-20,1.6167478506627754e-30,5.253059264994012e-25,1.7430871172845608e-28,1.56058807879267e-22,1.11782104991834e-19,2.1447073275421867e-33,2.899163549329668e-39
17.88086705766717,3.964032596462776e-10,0.00017699969720151273,1.426095618621751e-22,7.391305953814122e-19,2.925646686370002e-24,5.008699491030623e-20,1.1348018794795002e-27,1.6808192924404825e-21,3.7795102871600817e-50,3.079327928677398e-39,7.221999887442575e-48,7.666315588975765e-30,2.2159650049977835e-25,1.8161757816220184e-38,1.4968210426631967e-27,4.478120590250999e-29,8.694862240066393e-62,3.930356693106177e-46,8.278460653904989e-44,2.0203008783891146e-51,9.381827766094984e-59,1.9959397017184686e-49,5.677316745792633e-14,7.074638932882823e-13,1.7150543115956468e-15,5.044353031554591e-12,5.472020342644156e-38,1.542135884807066e-36,3.3700688864668985e-18,5.843885677858931e-13,6.1643032293064905e-49,2.1071120153567345e-53,3.6167467792511e-34,4.0336692208779975e-32,1.5425350334428767e-36,4.434016499335797e-33,6.114198179826885e-24,1.615318205017859e-22,1.5131235345640593e-20,5.38651641972704e-11,2.9442576095657973e-08,8.045589589778445e-19,6.6664211095787586e-18,1.3434697539816237e-17,9.247892242126672e-17,2.2359879602084296e-26,5.676742077990638e-24,2.603052124393766e-20,0.00018237006708378485,0.49999998870392814,2.263415515131697e-08,0.24999997166774698,1.634730026104569e-08,3.840611261229829e-10,2.2959018272979243e-24,2.882857608595598e-23,1.4848957633992651e-18,3.1736346414528365e-27,1.4978599383342108e-30,5.014903525364631e-25,9.850074275943765e-31,4.3456723644422865e-33,5.293472051798983e-17,9.10309503133778e-13,4.086773703866784e-20,4.906910988473767e-15,0.0,9.281541520397049e-34,5.491531675611189e-43,2.5859240189893683e-09,3.1911711767652356e-14,1.9002411796535586e-21,1.2555971133171351e-46,5.574502490432508e-13,4.018940163772793e-09,7.379337443148337e-20,1.958481565506696e-17,8.504372268153609e-19,1.1584988770698445e-20,3.8908809345218442e-16,7.794958720577057e-30,7.225727140767427e-41,3.504502826738316e-27,1.332274061152266e-21,0.09999999696976554,4.46499896603069e-09,5.535160315244828e-11,2.664138337278759e-21,8.518044449410516e-38,3.1859972918151404e-24,1.110890018524354e-18,9.93753823451337e-27,4.4125878537884164e-18,4.937752970708323e-42,4.195566575774141e-17,1.3807751787426246e-16,3.159352504835963e-36,5.576720201716721e-27,1.5651341784114253e-25,2.2557221671824017e-06,2.7783281759548306e-10,6.17999879580435e-05,1.0905732102013716e-11,7.82762257934864e-21,1.5692467985340492e-17,1.187236977279883e-18,3.3745306234603867e-41,1.5101362006492064e-16,1.078382792414063e-12,1.5615557897081511e-18,5.702449158879583e-14,9.621461279094953e-50,4.389409130400877e-22,4.389846410302166e-16,3.852218569248933e-21,1.4420594064943622e-19,1.6240255877226185e-16,8.655393393254282e-32,4.913241655722586e-23,6.927947720967041e-20,0.0003339998486082314,1.3510451769516455e-10,2.7665091323353462e-18,7.053611128247641e-16,3.514580458616025e-38,1.6480613873743633e-26,8.20824517854722e-27,5.864786778451619e-33,2.5260198812010275e-28,2.7101111374395323e-35,1.329278888663592e-13,1.520996688724493e-11,3.456539414143697e-12,3.5099965383732635e-06,2.4629515313139554e-29,1.7457916700147043e-26,7.437234724309811e-12,1.7799925574108723e-06,3.239418752842004e-29,1.3058633399917879e-20,1.6026017162438294e-40,4.286540282057736e-31,0.0,0.0,6.241381761451493e-18,4.61559226357349e-15,7.464050565663981e-26,7.319431653876057e-16,2.943569625784401e-36,1.2647046078290737e-23,2.9436299414377437e-36,1.0475396445822013e-44,6.763562849025254e-34,3.5784342930330714e-22,5.601581950614762e-19,5.436019756525619e-20,6.8554785760303e-30,1.5192132677138982e-24,5.223407975976854e-28,4.683589698963126e-22,2.3309357992178697e-19,9.321860642042715e-33,1.812265999921552e-38
25.857238766221403,5.28702548988903e-10,0.0001769995621842162,8.804080385169551e-22,2.2359902473037597e-18,2.526726547347251e-23,2.1140991726506585e-19,9.837462302199019e-27,1.006435266533672e-20,7.177720275606162e-49,4.040991586226818e-38,8.97862310294662e-47,9.539600637371078e-29,1.3112769443436086e-24,1.169763457117118e-37,1.2911245842066844e-26,5.469863273389186e-28,3.1662566752946335e-60,1.4399614271706055e-44,2.1891676398457603e-42,1.5600878641696226e-49,1.044877760764e-56,1.0401732450574456e-47,1.2175406180506154e-13,9.37456162194891e-13,4.963790200862746e-15,6.88204272473284e-12,7.214921128861739e-37,3.8918156342347817e-35,9.838448124046479e-18,1.1659734935257045e-12,3.271661636198563e-47,4.283675242403192e-52,4.5107845024681e-33,3.450762836995459e-31,3.893282561336068e-35,7.670097391863189e-32,2.5820984793735142e-23,6.789773334856725e-22,4.3801034040010336e-20,1.123973465732503e-10,2.764806879794296e-08,1.952289680934869e-18,1.0169789462566415e-17,3.206888807016058e-17,1.367794483635595e-16,1.3488266046877146e-25,3.487928340386676e-23,7.945282751317727e-20,0.00018239060816069045,0.4999999843081515,3.3554994933696246e-08,0.24999995848901022,2.1455332784042514e-08,7.577287399913132e-10,9.734837338300001e-24,1.2240527815520018e-22,4.305306724780844e-18,1.3523517294421377e-26,9.218396619857777e-30,2.118928685802199e-24,5.899243920271557e-30,7.024555801643243e-32,3.1560823078310916e-16,2.549389836793836e-12,8.433988544663919e-20,6.9568202196429656e-15,0.0,3.9811868803291916e-33,4.644939748876304e-42,5.064563791889712e-09,1.3065521117252742e-13,3.893682736503452e-21,5.970029345731902e-45,1.6142730109846436e-12,5.380190842481553e-09,2.1806959922690347e-19,3.853123541025213e-17,2.4479134199137075e-18,4.8167066951818035e-20,7.938268731653309e-16,3.37450088482322e-29,6.606366638164304e-40,2.1462127457046275e-26,5.634418121229329e-21,0.0999999949321619,6.456754583456805e-09,1.0119964954685445e-10,1.0688666423937919e-20,8.11200982547439e-37,2.8133972444518664e-23,4.56809419583855e-18,5.978961710395997e-26,9.15723615728828e-18,5.385422018014566e-41,8.647881635471163e-17,2.8268215111408873e-16,1.9661634095451863e-35,1.6634344994928842e-26,9.268562404988893e-25,2.2555982293294597e-06,4.0177067053863674e-10,6.17999822930923e-05,1.542863107772286e-11,4.672977629053115e-20,4.3680071994072836e-17,4.847331465252377e-18,4.7573841956883446e-40,6.341260784539609e-16,2.112201588414755e-12,9.482664271113346e-18,1.6298494441898965e-13,3.60970819655405e-48,2.8365996796187345e-21,1.828696222394584e-15,2.3202432737338896e-20,3.3768417292405827e-19,4.621762534668879e-16,1.1098587027095576e-30,1.4697124277543955e-22,1.4374800035389737e-19,0.00033399978536573834,1.8222386931464477e-10,4.309816896412241e-18,2.014096667170004e-15,2.282327492702194e-37,4.9174759323061875e-26,4.93155942532817e-26,5.211859103868851e-32,1.5475043733911473e-27,2.351248801065634e-34,1.995105232848061e-13,2.952503932672273e-11,4.998531195390757e-12,3.5099949941420115e-06,1.0653464715642563e-28,5.213931174017299e-26,1.0753288248493001e-11,1.7799892396759816e-06,1.1828732022442657e-28,4.018425116586053e-20,2.8926712121520887e-39,5.3270772507037105e-30,0.0,0.0,1.2944473922885307e-17,5.9763927878530736e-15,2.1252435010448635e-25,1.0453578056363625e-15,1.222304357796909e-35,2.442432535667634e-23,1.222340877677485e-35,9.633656128115277e-44,1.9180341499174163e-33,1.076917721047254e-21,9.202964390710677e-19,1.1500366307022836e-19,2.916936364537288e-29,4.3143420778406004e-24,1.5589769311504233e-27,1.4009507016271079e-21,4.868972498104517e-19,4.040875515858935e-32,1.1272514003175967e-37
37.39174361383633,7.200881282819985e-10,0.00017699936698545592,5.4071171146629754e-21,6.746748111850437e-18,2.1819413738045563e-22,8.813260402615242e-19,8.569887356030922e-26,6.000439802132147e-20,1.3547396634617355e-47,5.264767080480773e-37,1.0873311428984042e-45,1.1894766596600954e-27,7.55484612987509e-24,7.409916831035388e-37,1.1120032557318166e-25,6.738855501056821e-27,1.1728768027883499e-58,5.191740609280945e-43,5.725836095212144e-41,1.2081233239495637e-47,1.1703917003873484e-54,5.446006567169305e-46,2.6269125712988953e-13,1.2010692771532317e-12,1.4097847269006648e-14,9.166029802959382e-12,9.464605937723299e-36,9.482846371421781e-34,2.829560314879339e-17,2.280468376744112e-12,1.7144138011326316e-45,1.1170638769953083e-50,5.4932427694044e-32,2.8734360928655437e-30,9.488070433564778e-34,1.275476835524459e-30,1.0741704033699104e-22,2.805330716928636e-21,1.244253362117088e-19,2.338165183225429e-10,2.5244733888901994e-08,4.824829601348407e-18,1.5397505348082055e-17,7.825348394608525e-17,2.0078987999213306e-16,8.062817265411572e-25,2.1204184719229045e-22,2.4280910695832763e-19,0.00018242025029804017,0.4999999784590567,4.998765209405726e-08,0.24999993903953324,2.715095298170978e-08,1.4571768268631643e-09,4.073369585810554e-23,5.132252846814063e-22,1.22585109997221e-17,5.813529570657338e-26,5.607407573648497e-29,8.821279619836017e-24,3.5018471811870465e-29,1.4675566199480226e-30,1.8403841557481543e-15,6.909138531193727e-12,1.7305893182435635e-19,9.778767187601743e-15,0.0,1.693167643224155e-32,5.079600143468818e-41,9.671881842746084e-09,5.200072263960372e-13,7.907182284864039e-21,2.818030511553258e-43,4.5872220847154935e-12,6.959685543827649e-09,6.394177201433649e-19,7.382571743949713e-17,6.89654280804678e-18,1.9773223606734902e-19,1.603051998853269e-15,1.5005778911725685e-28,6.25289584369403e-39,1.2962687547446908e-25,2.3517273646669482e-20,0.09999999197800916,9.336990228313006e-09,1.7511672340025604e-10,4.135617519184348e-20,8.521763239073932e-36,2.448069866082201e-22,1.8298571452852705e-17,3.5234279609675785e-25,1.879210707872043e-17,5.884135374925067e-40,1.7713089279548665e-16,5.733530186518348e-16,1.2149907307669291e-34,4.931924563900012e-26,5.3364981742896224e-24,2.255419001780774e-06,5.809982192245779e-10,6.179997388139031e-05,2.1621254523081295e-11,2.7239369900588036e-19,1.1743537211515244e-16,1.922729019547721e-17,6.626152487269741e-39,2.618930091724341e-15,4.030387726699024e-12,5.66141920810133e-17,4.55149593367198e-13,1.3182649797315576e-46,1.8406886982549908e-20,7.465061140693158e-15,1.3688706973503902e-19,9.178091366661144e-19,1.2820639850720615e-15,1.404731154893505e-29,4.375592517572881e-22,2.9772173532737055e-19,0.0003339996975352314,2.3913446982911383e-10,6.950351157274823e-18,5.614559381975377e-15,1.4997271310557738e-36,1.4649355253458872e-25,2.930604221530294e-25,4.57738631499286e-31,9.366291911749932e-27,1.9943540487548054e-33,3.1952321623661547e-13,5.55653285777829e-11,7.228472285670549e-12,3.50999276099668e-06,4.586100072294131e-28,1.5486949258882943e-25,1.55468476151641e-11,1.7799844442073234e-06,4.5048546258671925e-28,1.2421475398030206e-19,5.261725234184395e-38,6.636401275410794e-29,0.0,0.0,2.674947564775921e-17,7.431570808964521e-15,5.911107048167534e-25,1.4848418396498141e-15,4.97167199511072e-35,4.5756078564593457e-23,4.971889265743879e-35,8.749701454364027e-43,5.303050125716045e-33,3.258151319245137e-21,1.5298691101056032e-18,2.43678234137995e-19,1.2411670072792694e-28,1.1953721550102906e-23,4.626026868643866e-27,4.1705960154449395e-21,1.0254405404627533e-18,1.744968417973772e-31,6.962922185927392e-37
54.07160846228208,9.969676825768898e-10,0.00017699908479095472,3.28744825687865e-20,2.0235959028370482e-17,1.8682441232494498e-21,3.6028409762510264e-18,7.446830473345582e-25,3.5320448833280494e-19,2.5281063033333984e-46,6.768677192233983e-36,1.2694178998430177e-44,1.473334269063277e-26,4.195270003935754e-23,4.555938369756194e-36,9.479733456736952e-25,8.281305917469045e-26,4.378923456824743e-57,1.8162120317094376e-41,1.4716013238031615e-39,9.263441827100357e-46,1.301387749101533e-52,2.825488655533476e-44,5.695524588261435e-13,1.4737663384714634e-12,3.898747099181153e-14,1.1816454853990825e-11,1.2290197183336603e-34,2.1962369916626424e-32,7.970202988724307e-17,4.338527099102175e-12,8.749822275928473e-44,4.547835453325852e-49,6.475579263815642e-31,2.3064588329215497e-29,2.1980137244885618e-32,2.00430541426335e-29,4.374867965092218e-22,1.1311557654826744e-20,3.44191028394095e-19,4.833761590331837e-10,2.2133962176327146e-08,1.2080898293927986e-17,2.294764693606627e-17,1.9477668410719552e-16,2.9237641809774035e-16,4.742126536709852e-24,1.2690114397053434e-21,7.415728591026512e-19,0.00018246298204584817,0.4999999707856747,7.472585930984913e-08,0.24999991037902264,3.281946096903832e-08,2.701546122357198e-09,1.6730378700390993e-22,2.1142826805767335e-21,3.40239977638167e-17,2.5918751934745145e-25,3.3551733358995373e-28,3.596417230732579e-23,2.043997142964681e-28,3.249560306356595e-29,1.0391675039976808e-14,1.7883186668717915e-11,3.5222802973902816e-19,1.3579282524927036e-14,0.0,7.113217538060723e-32,6.874546797362239e-40,1.787816815825813e-08,1.9888493361786726e-12,1.5853023292170974e-20,1.2797473187747745e-41,1.2690438818212766e-11,8.568425103464316e-09,1.857235999653952e-18,1.3627923896090532e-16,1.884939280445106e-17,7.950705400856216e-19,3.19237235235645e-15,7.243688824555768e-28,6.507095230302156e-38,7.676566330971412e-25,9.630147221124618e-20,0.09999998770667812,1.3502031185074671e-08,2.814068036619855e-10,1.5217506042335218e-19,1.0674339250088515e-34,2.0870526418612638e-21,7.066370117159673e-17,2.017853363848702e-24,3.827569247982755e-17,6.355071567432264e-39,3.5957594476200777e-16,1.1474879147724612e-15,7.432242610597325e-34,1.4497293631419253e-25,2.953660972275551e-23,2.255159814823766e-06,8.401851762331391e-10,6.17999614006489e-05,2.9896288995304294e-11,1.5359224446813636e-18,3.0096175059420987e-16,7.327256281205136e-17,8.96103140417147e-38,1.0574509003382437e-14,7.426696905936271e-12,3.301459581377502e-16,1.2313757712668989e-12,4.6362285312413724e-45,1.1966842655505335e-19,2.963319704690603e-14,7.84534708613693e-19,3.120955283806386e-18,3.4325163728432605e-15,1.7459373907777458e-28,1.293931310324712e-21,6.16834893719746e-19,0.0003339995764567821,3.0280131590498175e-10,1.1983552325336855e-17,1.5141306743582208e-14,1.0125708429795187e-35,4.41033886296376e-25,1.708849230316703e-24,3.952676675921078e-30,5.568891091980153e-26,1.6388393559659747e-32,5.920294698232565e-13,1.0022987394494114e-10,1.045334377337368e-11,3.5099895315658147e-06,1.9607282275197362e-27,4.564350303771052e-25,2.2475100311087666e-11,1.7799775139542336e-06,1.7726669284285253e-27,3.854689016508864e-19,9.570159812480373e-37,8.214700166791419e-28,0.0,0.0,5.499200904537307e-17,8.794270528743923e-15,1.5945500018797608e-24,2.092702512340773e-15,1.9671480707529897e-34,8.243259119153785e-23,1.967274312757208e-34,7.754034507610832e-42,1.417897485986421e-32,9.895622190000903e-21,2.5801310337737166e-18,5.17229216779661e-19,5.262943281381096e-28,3.206348255641279e-23,1.361324862740639e-26,1.2331903835191701e-20,2.2195448278119552e-18,7.494489706206925e-31,4.2591940942041897e-36
78.19209694774575,1.3975489437374858e-09,0.00017699867683676354,1.9667007050378273e-19,5.9964387612754e-17,1.5713020451748933e-20,1.430330180499014e-17,6.4062716489290934e-24,2.0318693342986477e-18,4.624816254239265e-45,8.502531383577304e-35,1.4094172197832047e-43,1.796003511959036e-25,2.2177970036064207e-22,2.702845036844285e-35,7.919473833814948e-24,1.0041207872393303e-24,1.628724046543498e-55,6.0587416452824444e-40,3.6899482148993095e-38,6.94265355675744e-44,1.4186059225470562e-50,1.4336671465262776e-42,1.2365691265105957e-12,1.7172925190195228e-12,1.0389145732232553e-13,1.4599568564818415e-11,1.566415147703903e-33,4.737133518818895e-31,2.1820280290263477e-16,7.948887704605977e-12,4.279440807695351e-42,2.552627389099614e-47,7.308032753624098e-30,1.7627209479042075e-28,4.74279753314608e-31,2.910038280310191e-28,1.729939029228791e-21,4.407354662608453e-20,9.175715395590449e-19,9.87436885612608e-10,1.830083908135026e-08,3.0536663507215406e-17,3.3969692803493594e-17,4.94522549228034e-16,4.351516743093798e-16,2.719970756148121e-23,7.426105501387101e-21,2.2542874483858717e-18,0.0001825244952794991,0.49999996075637215,1.1179594508031827e-07,0.24999986840993757,3.761778104033183e-08,4.754326946366842e-09,6.696948780544095e-22,8.501051240766522e-21,9.114289171094546e-17,1.2522392615159887e-24,1.962051052228836e-27,1.4241734179480614e-22,1.161610558251301e-27,6.959935883509085e-28,5.607697900993773e-14,4.344488536707044e-11,7.087530249578043e-19,1.8538192078890303e-14,0.0,2.9363941113102614e-31,1.0192058783781079e-38,3.1752685219487275e-08,7.197480555496038e-12,3.1207750314701897e-20,5.4202240516640335e-40,3.3806272706263645e-11,9.823590813964087e-09,5.335144098397464e-18,2.3904109485020856e-16,4.939202438280236e-17,3.0995095986343146e-18,6.24367636190531e-15,4.1518115521962514e-27,8.132413727046815e-37,4.4220513596817755e-24,3.838008351304872e-19,0.09999998155395398,1.9524984526175993e-08,4.1117753134548814e-10,5.230520340056087e-19,1.6196098465470127e-33,1.7301846484621515e-20,2.594737804142577e-16,1.1117111570609982e-23,8.088474729621006e-17,6.685184107969363e-38,7.207761684704957e-16,2.253289892593525e-15,4.480872901964431e-33,4.209567284868166e-25,1.5479364345160213e-22,2.2547849849065893e-06,1.2150150934085024e-09,6.179994298746018e-05,4.057252827872409e-11,8.276093309641164e-18,7.229299137203609e-16,2.644141470291457e-16,1.1526500328405474e-36,4.143247638935598e-14,1.307915769449864e-11,1.864536718533095e-15,3.1929220746187962e-12,1.5484945361444501e-43,7.753891690573091e-19,1.1324827116384617e-13,4.319938727131949e-18,1.3059102442580577e-17,8.757467392921913e-15,2.1165749397221785e-27,3.79008652105633e-21,1.2884449806087085e-18,0.0003339994100400763,3.669204260105441e-10,2.3926953118330028e-17,3.904714766949849e-14,7.365086552659238e-35,1.4029733451422618e-24,9.678514634684674e-24,3.3325079987495204e-29,3.227545740112613e-25,1.288915208163244e-31,1.3875168096224403e-12,1.7085900648426808e-10,1.5117169065572232e-11,3.509984861308775e-06,8.301410787726096e-27,1.3303995029917529e-24,3.248630428834879e-11,1.7799675008096607e-06,7.177822115726541e-27,1.1980173356817272e-18,1.7275914878998974e-35,1.0008059266498428e-26,0.0,0.0,1.122258373712951e-16,9.85001936239322e-15,4.1398318848160445e-24,2.916922550599131e-15,7.5107112050040454e-34,1.4160126065247716e-22,7.511422381864767e-34,6.594085843220162e-41,3.6327648023539824e-32,3.0192256109039156e-20,4.550964366828704e-18,1.106217684363315e-18,2.2152152265103824e-27,8.255174015534701e-23,3.958595705117127e-26,3.6116542896171903e-20,5.1784142777699466e-18,3.194471283709281e-30,2.5704321439831223e-35
113.07235347641867,1.977094611861307e-09,0.000176998087078375,1.1483422058590793e-18,1.7377351461016905e-16,1.2831024874034075e-19,5.4406906040350565e-17,5.408586947565073e-23,1.1273458142960658e-17,8.183346111943516e-44,1.027737312877673e-33,1.4631759773142632e-42,2.130208093346927e-24,1.1007322551141727e-21,1.6042886882400016e-34,6.401794445841853e-23,1.1865073936854565e-23,5.942532591782626e-54,1.8843532194296803e-38,8.945464609755041e-37,5.0048912937089386e-42,1.4928670690922845e-48,7.008570440470453e-41,2.6699166497120746e-12,1.893647080405082e-12,2.6313475127321254e-13,1.712646333980733e-11,1.933826350157171e-32,9.269605725865842e-30,5.751797444557011e-16,1.3857665057982169e-11,1.964170954542818e-40,1.5170944855178815e-45,7.787729781804394e-29,1.2631479423796769e-27,9.286126246666191e-30,3.7926796563363185e-27,6.5696054361358244e-21,1.6375240754233662e-19,2.325680975569574e-18,1.9742141288195483e-09,1.3900864511280478e-08,7.825309393352127e-17,5.383063300464607e-17,1.2926977743887914e-15,7.473873148768874e-16,1.5043936462374961e-22,4.2110980146984707e-20,6.769332363917265e-18,0.00018261288192324298,0.4999999474637342,1.6682593137850943e-07,0.24999980767516802,4.084783197631945e-08,7.77357114783978e-09,2.588592002782807e-21,3.308042808138297e-20,2.326118511043075e-16,6.730125864744416e-24,1.1119283880189219e-26,5.419203611967254e-22,6.347443979090404e-27,1.3877984375338454e-26,2.84369241722797e-13,9.691356618853152e-11,1.4037690817208342e-18,2.4719528969010168e-14,0.0,1.1822437649870837e-30,1.501057846496353e-37,5.388912592970491e-08,2.415535309871036e-11,5.986509185018576e-20,2.0695865308543134e-38,8.544623134160912e-11,1.016590398071864e-08,1.5132058042381498e-17,3.92567479004649e-16,1.2230048240374856e-16,1.1561493406363336e-17,1.1961208917526161e-14,2.9654077322468043e-26,1.260966033720046e-35,2.4514105584128454e-23,1.4728511491871818e-18,0.09999997271884244,2.823458486679718e-08,5.366887647495323e-10,1.6437870165365846e-18,2.720975554454692e-32,1.3814420264475464e-19,8.903089984296576e-16,5.817742506074108e-23,2.05865175231762e-16,6.751394477380647e-37,1.4195630831637341e-15,4.30733622024269e-15,2.6462263137009596e-32,1.2013708723197279e-24,7.533776722711743e-22,2.2542428906209902e-06,1.757109379009481e-09,6.179991613195175e-05,5.3666668485588995e-11,4.197479763748292e-17,1.594833356999908e-15,8.874606278264532e-16,1.3837483872274722e-35,1.5614032199717384e-13,2.1764122979328323e-11,1.0088797534250966e-14,7.83191671100049e-12,4.8246476565795086e-42,4.959246962500588e-18,4.114542637040871e-13,2.2524526457229984e-17,6.080250475984313e-17,2.096286995751514e-14,2.4809473978920102e-26,1.0955030334394972e-20,2.771321976347171e-18,0.00033399918003324284,4.233179971570586e-10,6.305732640943756e-17,9.497251481579384e-14,6.3976495552263e-34,5.273023341589829e-24,5.2543760915541993e-23,2.7175321090099854e-28,1.8043600535644482e-24,9.552419241754435e-31,4.096973728433191e-12,2.7097203499069547e-10,2.186225047765751e-11,3.5099781072762777e-06,3.466533070929907e-26,3.817778607762924e-24,4.694734624202916e-11,1.7799530379327384e-06,3.0354847240132606e-26,3.709411419506571e-18,3.069595934421368e-34,1.1863438249648054e-25,0.0,0.0,2.2666817788474475e-16,1.0475927918205462e-14,1.0273252836025452e-23,4.002887803718137e-15,2.7437014609577455e-33,2.3046946140005626e-22,2.744086796457617e-33,5.27484456009718e-40,8.837787225416191e-32,9.351238455672997e-20,9.28058419805554e-18,2.4545658151102905e-18,9.211570377788861e-27,2.0235782332647047e-22,1.1317475193810769e-25,1.0437052661134695e-19,1.417097004634394e-17,1.3476862682038128e-29,1.5230953706463481e-34
163.5121402261457,2.8155170738458743e-09,0.00017699723449140635,6.471906736350745e-18,4.850004784831378e-16,1.0019226082332452e-18,1.9465695917026961e-16,4.432639370715539e-22,5.927243028934637e-17,1.373935361188631e-42,1.1700534303284352e-32,1.3927238565389648e-41,2.4222673889871187e-23,5.062926126741002e-21,1.097520531793724e-33,4.923829957799781e-22,1.345385339799568e-22,2.0844334156801487e-52,5.3072289213571196e-37,2.0725319962488104e-35,3.3999868878348166e-40,1.4877436190340273e-46,3.242244151025636e-39,5.670863248922371e-12,1.988774457911089e-12,6.228035425287583e-13,1.8984427360069948e-11,2.2703139052329446e-31,1.5938098281924136e-28,1.4443809332920614e-15,2.2691129548678203e-11,8.236114003279176e-39,8.223860398975926e-44,7.708904118275055e-28,8.335777256867459e-27,1.598090192077325e-28,4.2844635647652644e-26,2.3637323300962554e-20,5.702570907039336e-19,5.5115099860269145e-18,3.80653106116137e-09,9.339811366615277e-09,2.0773992801482168e-16,1.093571455092721e-16,3.583151549397031e-15,1.7943506760112837e-15,7.910272820609686e-22,2.287026994013874e-19,1.9833894599540248e-17,0.00018273962287410872,0.49999992932113063,2.4760064276451814e-07,0.24999972116303207,4.242445215914003e-08,1.1470197252032871e-08,9.553974280397772e-21,1.2334361022871847e-19,5.566493195973716e-16,3.8651847047991324e-23,6.042618420430836e-26,1.9550072590018026e-21,3.2826080332302743e-26,2.523239555017462e-25,1.3274149405221913e-12,1.9358352600177877e-10,2.7212401103762002e-18,3.1933101610247656e-14,0.0,4.5944817862847994e-30,2.0703163079171862e-36,8.72826520728726e-08,7.334890045534178e-11,1.1074901509898432e-19,6.871108884336876e-37,2.0101495448877062e-10,9.082445365701761e-09,4.2315636572642304e-17,6.010513504117401e-16,2.823873690736911e-16,4.058015526914018e-17,2.257145254808945e-14,2.460682237233864e-25,2.2225064782954785e-34,1.2897667285084385e-22,5.367071238934284e-18,0.09999996003691618,4.0829196891555504e-08,6.240030188902838e-10,4.6226891545461306e-18,4.489925123066471e-31,1.0498468925781935e-18,2.796412333993532e-15,2.847516266895127e-22,7.477687522986818e-16,6.47047033372543e-36,2.728984381131125e-15,7.929822171303103e-15,1.517733189814924e-31,3.346777199679031e-24,3.3271522999085953e-21,2.2534588423833486e-06,2.5411576166511838e-09,6.179987761397239e-05,6.859660468843967e-11,1.9686034520051715e-16,3.1593202710062128e-15,2.712990313054778e-15,1.5392960207087724e-34,5.603180842364073e-13,3.3819707269990975e-11,5.16163444417859e-14,1.7895480536185174e-11,1.3722447649182808e-40,3.083517202151445e-17,1.3994126181379682e-12,1.091576151499017e-16,2.862059606767581e-16,4.627206193502559e-14,2.781518904012442e-25,3.1092268234396006e-20,6.414190709660392e-18,0.000333998856882943,4.663249543060836e-10,2.3055455014649185e-16,2.1468480981700255e-13,7.248183280178364e-33,2.681517538254432e-23,2.6876379034725042e-22,2.1173961100510394e-27,9.595029710433458e-24,6.547721819817011e-30,1.3682840402130851e-11,3.9434085958533856e-10,3.16178203486773e-11,3.5099683395041386e-06,1.4199034653358786e-25,1.072036278454733e-23,6.782572109446784e-11,1.779932157673538e-06,1.44181613096109e-25,1.1338145489791639e-17,5.314199984265348e-33,1.3480511636107997e-24,0.0,0.0,4.512643109916137e-16,1.0735259745093746e-14,2.4259247674754394e-23,5.375546133467847e-15,9.514614880244752e-33,3.5470672699941785e-22,9.516607217558581e-33,3.889361681598028e-39,2.025888154558647e-31,3.071467831107118e-19,2.545938066368526e-17,6.193855640187097e-18,3.761885209416443e-26,4.693979690631402e-22,3.158877071651633e-25,2.9612071269635956e-19,4.858523065438149e-17,5.612728944952162e-29,8.811547841557796e-34
236.45231729355083,4.0284127286908156e-09,0.00017699600197271616,3.469083506771435e-17,1.277055466202944e-15,7.333866103093838e-18,6.393901324428233e-16,3.477852378449182e-21,2.885195094966914e-16,2.1346819635488514e-41,1.221000454555417e-31,1.191241299615356e-40,2.5895039204570567e-22,2.1433728858031963e-20,1.0183348892848893e-32,3.5232280092835965e-21,1.4348956623053975e-21,6.853726102135328e-51,1.3049040459074246e-35,4.533662703338706e-34,2.1191323945922667e-38,1.3691959417043267e-44,1.3924748052071136e-37,1.1677566948841887e-11,2.0236463140620066e-12,1.350787414966994e-12,1.9992033008728718e-11,2.476963714717094e-30,2.3222881456897233e-27,3.4193636882830467e-15,3.449477626866734e-11,3.050151954233794e-37,3.758220555366156e-42,6.969168737943777e-27,4.980807094640115e-26,2.3318114589400253e-27,4.0336052784223988e-25,7.931775277905356e-20,1.8219872066542785e-18,1.198100241935318e-17,6.934240495346963e-09,5.255310757638843e-09,5.96648521025197e-16,3.1064214064253955e-16,1.109197384660195e-14,5.850381820882821e-15,3.886167036870878e-21,1.1720796120087796e-18,5.569556211421983e-17,0.00018292103568125556,0.4999999039108774,3.651011762907902e-07,0.2499995997811545,4.2916962124385605e-08,1.4703146070652345e-08,3.32449519440383e-20,4.359786737693897e-19,1.2263252257025773e-15,2.1667055020205006e-22,3.110057201247981e-25,6.5822688325168646e-21,1.5756885482505136e-25,4.124472166674614e-24,5.572563099123505e-12,3.3824159053762347e-10,5.127910685354697e-18,3.9588394700789524e-14,0.0,1.6992057741941872e-29,2.569183782632904e-35,1.3545694068200431e-07,1.9608310340104244e-10,1.9489368497668014e-19,1.9238007593117955e-35,4.299684922304054e-10,6.57733418413149e-09,1.1708058338512443e-16,9.020594501838237e-16,6.108126416447842e-16,1.3132005679015746e-16,4.3404357871093225e-14,2.133294202713371e-24,3.9152105737364415e-33,6.330283784561838e-22,1.8247036879542583e-17,0.09999994178620442,5.904164105478131e-08,6.62270596657858e-10,1.1527743940179922e-17,6.654954892214362e-30,7.487758024665596e-18,7.868014338834551e-15,1.2796000353854843e-21,3.455356730257754e-15,5.85109749637332e-35,5.078871513222185e-15,1.3862678249186577e-14,8.355955567112708e-31,9.018918952724518e-24,1.301209345225317e-20,2.25232475366453e-06,3.6752463354706315e-09,6.179982350756025e-05,8.392452388009035e-11,8.375792487267134e-16,5.4992601184598636e-15,7.386203763811914e-15,1.6176739241691783e-33,1.8938575453135e-12,4.850786938051221e-11,2.4580390705221303e-13,3.741473488155379e-11,3.475308833649628e-39,1.8239836449292838e-16,4.373150481596372e-12,4.802137266238861e-16,1.284644508609732e-15,9.266489610430354e-14,2.9443112186538144e-24,8.611298187804515e-20,1.694043213671813e-17,0.0003339983910942311,4.977176588104916e-10,1.0278094037228057e-15,4.453305578659825e-13,9.871419588089995e-32,1.8055548039961096e-22,1.2671977607134142e-21,1.5526916805920358e-26,4.7655521484242017e-23,4.066447159977233e-29,4.6258786821547675e-11,5.239720484772506e-10,4.572841720779133e-11,3.509954212755139e-06,5.663333255200093e-25,2.9221406467538176e-23,9.794751522582663e-11,1.7799020336288688e-06,9.06944355847401e-25,3.3751383118747264e-17,8.849884273210287e-32,1.4397711801195962e-23,0.0,0.0,8.808801087559769e-16,1.0816076353064117e-14,5.445578094097544e-23,7.0094880528780965e-15,3.1127267973305645e-32,5.174030344140763e-22,3.113703171953198e-32,2.5980312543670396e-38,4.351199364328555e-31,1.196962731221626e-18,9.39027448120338e-17,2.0610485529409776e-17,1.4976000539144627e-25,1.0272512854216535e-21,8.525714444748502e-25,8.196426235449606e-19,1.9939347711194503e-16,2.3069978857022168e-28,4.954741054228646e-33
341.9299525782251,5.783210933303616e-09,0.0001769942203471109,1.7362696452881272e-16,3.0957708401427866e-15,4.9075061182478865e-17,1.8726171137232994e-15,2.5682379749574938e-20,1.2626839294193003e-15,2.9805956371028022e-40,1.1323602177795521e-30,8.99882902312212e-40,2.537583327973955e-21,8.422132179337115e-20,1.1751803257220461e-31,2.2779504665821292e-20,1.402923476964285e-20,2.0516064809034423e-49,2.68110110477607e-34,9.375813096447742e-33,1.1720845695587247e-36,1.1275777483360909e-42,5.5205636318546386e-36,2.29162101485012e-11,2.0337929750333264e-12,2.6298617278591955e-12,2.0344261194481735e-11,2.4484753435803415e-29,2.7638135919903917e-26,7.5679278887118e-15,4.831843927784334e-11,9.580859226438691e-36,1.3652246640484264e-40,5.706896824098663e-26,2.693366081857753e-25,2.78138197449058e-26,3.0428837425925832e-24,2.4414811980755465e-19,5.20838683694934e-18,2.3421967580200583e-17,1.164187654001611e-08,2.288114793315257e-09,1.9343017952639146e-15,1.028521832645043e-15,3.984137603984093e-14,2.0429179486176166e-14,1.748296808609563e-20,5.5670624131473134e-18,1.4642748562024714e-16,0.00018318040980052573,0.499999868508758,5.352461901928663e-07,0.24999943081193443,4.300019982254499e-08,1.5621508355551755e-08,1.0765447998787779e-19,1.4466181446882182e-18,2.4394042712449477e-15,1.0929453696179494e-21,1.4957935413753488e-24,2.0337715021938274e-20,6.862285929204905e-25,5.988634951095564e-23,2.0572467033509625e-11,5.117273642265676e-10,9.324073732721567e-18,4.6673839489533354e-14,0.0,5.869189403822043e-29,2.7773712919375598e-34,2.028955771039082e-07,4.501572963409474e-10,3.2067483497807903e-19,4.562794904022319e-34,8.151054509589622e-10,3.533394860157967e-09,3.298828763086086e-16,1.6078383784846647e-15,1.3343904845121973e-15,3.8261619725695766e-16,9.343823850352692e-14,1.8871246231112204e-23,6.275395966153295e-32,2.8402724965752817e-21,5.664169476330038e-17,0.09999991544153494,8.537747935796727e-08,6.711017946263957e-10,2.6660884030320465e-17,8.360872106746233e-29,4.930047205178441e-17,1.9465370028744692e-14,5.162715889348592e-21,1.5786959892219865e-14,5.010474552042971e-34,9.063908160085941e-15,2.261336052527418e-14,4.348223715693402e-30,2.3243467164101622e-23,4.421078320660923e-20,2.250684169283942e-06,5.315830716058643e-09,6.179974932647815e-05,9.746257596068455e-11,3.1735261627665183e-15,8.276902779717265e-15,1.7521990479889038e-14,1.710766831443238e-32,5.957341751875679e-12,6.354413589768102e-11,1.0695403985011745e-12,7.010683463872288e-11,7.62899518234878e-38,9.97893043182152e-16,1.22745327058326e-11,1.861784963003916e-15,5.328079529682066e-15,1.6659885150361087e-13,2.8981190063904955e-23,2.310573864764097e-19,5.2236390892516454e-17,0.00033399769749383986,5.265073303504665e-10,4.7668354376987776e-15,8.42387759379512e-13,1.3434269297237033e-30,1.3610892401612052e-21,5.3603405501316e-21,1.052956964952241e-25,2.159707859548415e-22,2.2418808141544995e-28,1.4759055814423582e-10,6.438917203744739e-10,6.613985280128312e-11,3.509933780656087e-06,2.179201003759891e-24,7.654979316544385e-23,1.4135968805967564e-10,1.7798586183908254e-06,8.26070872052928e-24,9.612433612091522e-17,1.3953316777393828e-30,1.4089996236649688e-22,0.0,0.0,1.6750020973887604e-15,1.087299025269745e-14,1.163816005386015e-22,8.792561739132877e-15,9.562169047507622e-32,7.1769061377075025e-22,9.566680839619622e-32,1.5522912536216229e-37,8.714516162571844e-31,6.248448613662014e-18,3.8648124981267166e-16,9.170655554432309e-17,5.759132301649694e-25,2.1197354128674175e-21,2.1971761460021388e-24,2.1967183709853926e-18,8.669753886119459e-16,9.434015681519703e-28,2.7142168617783925e-32
494.45949106516065,8.322862716464187e-09,0.0001769916452839072,7.944201180145255e-16,6.737660312458844e-15,2.9151491293299434e-16,4.741439354261731e-15,1.75069143965088e-19,4.801841332671143e-15,3.626260175519872e-39,9.042132128984438e-30,5.93658398237246e-39,2.2097317873582562e-20,3.181270668167011e-19,1.4533372778506358e-30,1.2838955988235856e-19,1.218461444853767e-19,5.421531068162287e-48,4.386462019451759e-33,1.927411414994223e-31,5.535526030796981e-35,8.009614720512288e-41,2.1121753932536696e-34,4.2057070678072353e-11,2.0416085418723646e-12,4.508108291348693e-12,2.040691178737786e-11,2.1389403064864334e-28,2.6017249602920368e-25,1.5587321555049465e-14,6.222358722502089e-11,2.440608578048616e-34,3.7488076798764956e-39,4.349665758590067e-25,1.3926181820978692e-24,2.6277654846724512e-25,1.7794072869258367e-23,6.78830563802748e-19,1.2954730723520305e-17,4.044097107476215e-17,1.7583348703165527e-08,6.877601775467446e-10,7.036822624671661e-15,3.2944612036757117e-15,1.6121067210810758e-13,6.548939838855307e-14,7.046177124601583e-20,2.3992139457198042e-17,3.5050677005385035e-16,0.0001835509138791275,0.4999998221203586,7.812866973558789e-07,0.24999919483602817,4.300608797770256e-08,1.3044906635565041e-08,3.2049295263852926e-19,4.4739327972674696e-18,4.29932409189945e-15,4.727364734097884e-21,6.6337498224186e-24,5.673647433812199e-20,2.64487620523163e-24,7.609691949454541e-22,6.577286433249632e-11,6.839568350420948e-10,1.6253485564103544e-17,5.205891667963521e-14,0.0,1.8490969141160404e-28,2.5505703877733787e-33,2.9518223190489993e-07,8.764243985201394e-10,4.8376012802262985e-19,1.0193529992409768e-32,1.339144583822071e-09,1.2448398999006763e-09,1.0399497036038195e-15,4.169110481627542e-15,3.599053551181679e-15,9.777804505568605e-16,2.5157073144777667e-13,1.8175506723044181e-22,8.667775069839763e-31,1.1391629861437654e-20,1.5641305128172944e-16,0.09999987735871006,1.2345945833713369e-07,6.719476673855969e-10,6.838351378493497e-17,8.579245868573075e-28,2.9401248194322574e-16,4.190766607262379e-14,1.821073970119449e-20,6.21650979040689e-14,4.139091348654389e-33,1.536156399276826e-14,3.3766149060259226e-14,2.097281341212372e-29,5.65250843143358e-23,1.301027346916856e-19,2.2483105452190543e-06,7.689454780945034e-09,6.179965019432316e-05,1.0710543690673452e-10,1.0543675401220891e-14,1.073592174424806e-14,3.555218091680852e-14,2.0926508897086125e-31,1.7211193179821238e-11,7.563266337227166e-11,4.161343196999046e-12,1.1511424886523684e-10,1.412466449774902e-36,4.878543522001087e-15,3.0105330110165664e-11,6.131545641793843e-15,2.01168383574158e-14,2.690816410991636e-13,2.6065903106761452e-22,5.961110836349449e-19,1.7813997413876833e-16,0.00033399662257022555,5.629076696240085e-10,2.1003814468884426e-14,1.4590089531218294e-12,1.5930616213069985e-29,9.979224228663963e-21,1.9695788479484192e-20,6.482261147905174e-25,8.672232284942294e-22,1.0769675039200507e-27,4.279479025230085e-10,7.565773362157928e-10,9.566875814894445e-11,3.5099042257143287e-06,8.000193193508032e-24,1.9049857710359488e-22,2.038315956036584e-10,1.779796141568263e-06,9.149886072042605e-23,2.5633564685355184e-16,2.0446922509681192e-29,1.22446256948797e-21,0.0,0.0,3.0799869826605793e-15,1.098154381021028e-14,2.3725334304806563e-22,1.0507803152801408e-14,2.745483873037109e-31,9.474846415422448e-22,2.7474412597552657e-31,8.217644764590738e-37,1.6165159306047146e-30,4.11024777040563e-17,1.5151573345527948e-15,4.541987144753172e-16,2.1172592032306063e-24,4.124537717028731e-21,5.322567584723563e-24,5.65474597762943e-18,3.608622376858177e-15,3.936919370365105e-27,1.4785649690950384e-31
715.0300418577249,1.2000279174964857e-08,0.0001769879239244752,3.2499134999993876e-15,1.2873605135062902e-14,1.4904803627442773e-15,1.0108377732373077e-14,1.079689393516887e-18,1.5313236694520687e-14,3.731466227403492e-38,6.036049702208175e-29,3.4061306620012426e-38,1.650476305557402e-19,1.2240254133109755e-18,1.9662692588232518e-29,6.054008280863683e-19,9.068772573524235e-19,1.2277375182796405e-46,5.44427266814481e-32,4.3717892146431015e-30,2.143393765179494e-33,4.7183733450825795e-39,8.565027666913095e-33,7.074036214346038e-11,2.054590943194233e-12,6.703180510383577e-12,2.0405387806073965e-11,1.61467242448654e-27,1.896155698935874e-24,2.9853120278798243e-14,7.382234437607188e-11,4.8195332457385954e-33,7.475502797748877e-38,3.3986052090508864e-24,7.838187531455101e-24,1.9264765766103844e-24,7.909542274878728e-23,1.6846213406234043e-18,2.7232507125193808e-17,6.084246833742918e-17,2.353621158903621e-08,1.2141411948031147e-10,2.7032259962795e-14,9.44207519552142e-15,6.788175066572567e-13,1.837223291071412e-13,2.4884976519298086e-19,9.158593076866225e-17,7.408141307101873e-16,0.00018407883118185008,0.4999997700332557,1.1369784505676402e-06,0.24999886190511508,4.300591385260742e-08,8.112464190557957e-09,8.677230753644082e-19,1.2854909693956667e-17,6.601197046676947e-15,1.7131072944825494e-20,2.680523049264585e-23,1.4095092240734513e-19,8.80019866914805e-24,8.281705337738665e-21,1.8199100470002982e-10,8.530096034567055e-10,2.7074060594307444e-17,5.513330909264412e-14,0.0,5.171028646470226e-28,1.9645138307467821e-32,4.182217093421111e-07,1.4630845890204706e-09,6.571209614351e-19,2.5553712072171697e-31,1.886945047418115e-09,2.42965053507465e-10,4.165573050535582e-15,1.3334026391210514e-14,1.3246808750141254e-14,2.132960533318946e-15,8.115676001638766e-13,1.88160906235408e-21,1.0064708561380856e-29,3.9897012743079786e-20,3.7268120674655427e-16,0.09999982229282416,1.785253131033433e-07,6.719788512470021e-10,2.3722438079837756e-16,7.045174465570561e-27,1.5550058887178006e-15,7.848417244316218e-14,5.456584214824999e-20,2.0231802046346645e-13,3.4219563996338026e-32,2.453128881495273e-14,4.543458217378223e-14,9.164832620603957e-29,1.2790382411683354e-22,3.3905309405111103e-19,2.2448757165022493e-06,1.1124283497751993e-08,6.179952001173648e-05,1.1216311006247962e-10,3.042093548781699e-14,1.2227229987304703e-14,6.095896291392772e-14,3.555443452860813e-30,4.5046916189172534e-11,8.255932368805773e-11,1.4137361111698336e-11,1.626681002600288e-10,2.1490652629321043e-35,2.0502664900439813e-14,6.255616605597208e-11,1.6430168775641743e-14,6.893260559931343e-14,3.960924481764678e-13,2.100538287319819e-21,1.4689057139286056e-18,6.123702281900376e-16,0.000333994883890448,6.147372776859547e-10,8.459807392595958e-14,2.3461425637962488e-12,1.5290100970809734e-28,6.589787026880523e-20,6.056122604592609e-20,3.560944553948183e-24,2.974411670911257e-21,4.4356543048433406e-27,1.1125004238984284e-09,8.834736791796499e-10,1.383937801942687e-10,3.509861465663608e-06,2.7683692914375535e-23,4.449185451296784e-22,2.935341632174914e-10,1.7797064290452974e-06,9.950356361705636e-22,6.24038933894156e-16,2.730370772821233e-28,9.116633662497544e-21,0.0,0.0,5.4390860904192e-15,1.1203668705216248e-14,4.616607096766752e-22,1.1879637338774266e-14,7.320095329631879e-31,1.189034470437924e-21,7.328028062400723e-31,3.822055457924737e-36,2.7478240173018234e-30,2.820125185824035e-16,5.245964723538725e-15,2.117059782516359e-15,7.362788687453446e-24,7.565991005551847e-21,1.1909021347435047e-23,1.3880869276977984e-17,1.3595891725472495e-14,1.749490549269498e-26,8.39193289072024e-31
1033.9936233354333,1.7327288135490112e-08,0.0001769825465703784,1.1631998175110033e-14,2.1220867811612687e-14,6.3763200593283325e-15,1.786534408142914e-14,5.9100247923463816e-18,3.9627581102377186e-14,3.1633888533669434e-37,3.2868760274858443e-28,1.7033564203186754e-37,1.0191585306801713e-18,4.923477449501519e-18,2.8291402996270386e-28,2.2856825623569787e-18,5.570412135079587e-18,2.320413441077949e-45,4.90782833465603e-31,1.0998530631717546e-28,6.542151015733138e-32,2.2186415480607346e-37,3.5865497178816303e-31,1.0683328597161247e-10,2.0759012286359652e-12,8.609019888868643e-12,2.0396928957278748e-11,1.0336881309156473e-26,1.0654852132694031e-23,5.330353205107692e-14,8.127667783979176e-11,7.086477745235199e-32,1.0563805813437735e-36,2.9956995057184747e-23,5.0223883643429356e-23,1.0929875914804217e-23,2.6819879672839144e-22,3.7091517681393885e-18,4.7130574955991135e-17,7.941637764997508e-17,2.8010056966433112e-08,1.0622275537272188e-11,1.0223585458829193e-13,2.3635127822662043e-14,2.78435892282919e-12,4.5334167208181875e-13,7.557065105509914e-19,3.0193856503606543e-16,1.3413439062185782e-15,0.00018482642815139088,0.4999997319200965,1.651114580317674e-06,0.2499983886791752,4.300547153687661e-08,3.5538590668890636e-09,2.116379642960172e-18,3.434989450323428e-17,8.737941032814472e-15,5.185868810304468e-20,9.776974498749981e-23,3.0914331619469953e-19,2.475593665934885e-23,7.50409426821391e-20,4.4340797708007035e-10,1.0493679888247627e-09,4.3186479573307834e-17,5.62666808920686e-14,0.0,1.2507410178514692e-27,1.2748718817928964e-31,5.763098967937645e-07,2.170478824726489e-09,7.971142116956072e-19,6.69668642818745e-30,2.304126231054752e-09,2.1335460085862595e-11,2.0459337693100258e-14,4.0376450295550716e-14,5.3187939160571486e-14,3.880150168946391e-15,2.6576711651125585e-12,1.7827633314168256e-20,9.822506807181278e-29,1.193364100474649e-19,7.414688821946883e-16,0.09999974267109843,2.5814702748550725e-07,6.719902259092056e-10,9.607741260770027e-16,4.6166449501237416e-26,7.143160680177194e-15,1.2850194315278821e-13,1.3571860864515512e-19,5.501345742493606e-13,2.9367062276048553e-31,3.676727913020075e-14,5.50166863248216e-14,3.545791223706973e-28,2.6610324745716396e-22,8.143567645102433e-19,2.2399041103487042e-06,1.6095889651298848e-08,6.179934793704756e-05,1.1388425164830963e-10,7.614984739235712e-14,1.2776900669125573e-14,8.823760715873756e-14,7.67689570977761e-29,1.0558614482910371e-10,8.504137383366031e-11,4.1021906873478744e-11,1.9783995589252493e-10,2.6302316936381384e-34,7.133662532395528e-14,1.0709082540761631e-10,3.433171157195003e-14,2.156243095346663e-13,5.443949502374646e-13,1.4861630534396253e-20,3.441381269910556e-18,1.96280855798603e-15,0.0003339919726596993,6.896087554951251e-10,3.0882229412150043e-13,3.562204765743253e-12,1.1472994217295454e-27,3.7826645857931124e-19,1.4978748186883952e-19,1.7241503141049274e-23,8.337457223569655e-21,1.5484719562003748e-26,2.611498121468619e-09,1.0478114272245568e-09,2.0022514716905934e-10,3.5097995770461005e-06,8.928398039584259e-23,9.648484515939242e-22,4.2192784893041307e-10,1.7795780113043155e-06,9.460340175411857e-21,1.3465060791118229e-15,3.2590055576414515e-27,5.600810545554832e-20,0.0,0.0,9.18525780870493e-15,1.1639609751620742e-14,8.577164166139322e-22,1.2709875670917876e-14,1.7969617267929578e-30,1.4203540167817821e-21,1.7999450797832686e-30,1.549845654442314e-35,4.225479714102218e-30,1.7690145365804547e-15,1.5641853012147314e-14,8.554557580863653e-15,2.4007555471162642e-23,1.3097382100837313e-20,2.422782905558876e-23,3.235551419967633e-17,4.5327335756562145e-14,8.533811206085117e-26,5.210368267455801e-30
1495.2418087505669,2.504191898686384e-08,0.00017697477651134138,3.570642275827066e-14,2.990211139499667e-14,2.233023865771848e-14,2.6157382609515045e-14,2.8222226914561404e-17,8.103358031670836e-14,2.166745369177908e-36,1.439404147323667e-27,7.4868907779388e-37,5.0250352512868925e-18,1.9295978874301907e-17,3.555450945784056e-27,6.609710265713752e-18,2.7233888748710102e-17,3.585292926059473e-44,3.1055151903499542e-30,2.5694855734216124e-27,1.5190431961325786e-30,8.044145659574204e-36,1.2505205754605989e-29,1.4261935748450957e-10,2.108912821337331e-12,9.723302863925458e-12,2.0386299611779255e-11,5.543943925846322e-26,4.7055829489467293e-23,8.931538742465502e-14,8.44117016300957e-11,7.522891043983985e-31,1.0569581637655128e-35,2.7567250504535813e-22,3.11689549900288e-22,4.901955815695105e-23,7.19139537505776e-22,7.269858935088237e-18,6.638202342422114e-17,9.113490229699962e-17,3.0367359181678325e-08,1.2333038099047802e-12,3.6253270171400236e-13,5.153871326907086e-14,1.0769919170846947e-11,1.0112097095791947e-12,1.9602678898351606e-18,8.415924666934588e-16,2.035627941982926e-15,0.00018587503230383713,0.4999997550003948,2.394130967908672e-06,0.2499977155855018,4.300485782719868e-08,1.0110221086013056e-09,4.618344119197361e-18,8.58138112623076e-17,1.0046872981103036e-14,1.3378406552157713e-19,3.206481988480699e-22,5.992940041108284e-19,5.832332738583327e-23,5.487082708950642e-19,9.790825523569377e-10,1.2994576016136946e-09,6.644332107958665e-17,5.64155592464852e-14,0.0,2.5798222261111186e-27,7.117707599734115e-31,7.687291053204381e-07,2.987238799343315e-09,8.743954309015042e-19,1.4128705516190111e-28,2.519021943022349e-09,1.3634628881928914e-12,1.0179116104413648e-13,1.0377360079427768e-13,1.8639189215048938e-13,5.86394182223173e-15,7.926479986087566e-12,1.3660325716359926e-19,8.206849720724635e-28,3.001051999249651e-19,1.2003384963404756e-15,0.0999996275484371,3.7326967189250896e-07,6.720071379837327e-10,3.486935190113506e-15,2.462031763450919e-25,2.805969069999121e-14,1.8551816651473229e-13,2.7947708532232445e-19,1.3004577294589767e-12,2.603246345193555e-30,5.172083158069527e-14,6.155192341526096e-14,1.1943987579744516e-27,5.05905888973255e-22,1.8607977632753813e-18,2.2327063017785348e-06,2.3293698221469383e-08,6.17991129076698e-05,1.1420357341988941e-10,1.6709011718432115e-13,1.2879083956565922e-14,1.09425559036146e-13,1.5310330098543078e-27,2.205379125957228e-10,8.550348188525516e-11,1.0040466977500208e-10,2.138531284035756e-10,2.561247225499106e-33,2.0039279358270352e-13,1.4938683951955465e-10,5.4632197537276923e-14,6.23534431572696e-13,7.166615147239594e-13,9.071155091641252e-20,7.650313047642676e-18,5.576707014424705e-15,0.0003339869865219454,7.978079467335815e-10,1.031369257107736e-12,5.168061273517397e-12,6.698440813611011e-27,1.8718734223283357e-18,2.894937919490426e-19,7.34437774626365e-23,1.82254129426279e-20,4.5883606413888645e-26,5.649496387656771e-09,1.2652054447059089e-09,2.897396257477714e-10,3.509709947430018e-06,2.6628586517879806e-22,1.9288748267176595e-21,6.048560320769668e-10,1.7793950220668885e-06,7.413095205095768e-20,2.493274836734152e-15,3.415898661387592e-26,2.738402949635201e-19,0.0,0.0,1.484553019882321e-14,1.2453385909060095e-14,1.5261228843551777e-21,1.3018833902027508e-14,4.030713383755166e-30,1.6340709261571173e-21,4.041050276108277e-30,5.457676140728871e-35,5.836083031074333e-30,9.588374982160557e-15,4.0418295516826416e-14,2.9082968529106935e-14,7.306957932316306e-23,2.1499589559687815e-20,4.451427747558838e-23,7.165988990779938e-17,1.3345193496055046e-13,4.500924089724945e-25,3.5464023406302977e-29
2162.245507301719,3.619898468299423e-08,0.00017696354724859573,9.265102989279014e-14,3.63053537124435e-14,6.328098110577633e-14,3.2326249195568425e-14,1.1594043194005957e-16,1.2913630466189338e-13,1.1904009779280763e-35,5.0915203503071244e-27,2.9373859334640363e-36,1.9238159886457297e-17,6.511247176139505e-17,3.350439836413384e-26,1.4065734477078318e-17,1.0279768692283307e-16,4.4802047467106244e-43,1.3514938608328113e-29,4.681048601003287e-26,2.608491342433493e-29,2.1866254424227643e-34,2.961170161959549e-28,1.6838025069450091e-10,2.1589710438122955e-12,1.0105720355453696e-11,2.03735509222724e-11,2.493621846581974e-25,1.7035186271810632e-22,1.4201324496390398e-13,8.472974923962285e-11,5.665776227178735e-30,7.719101850513977e-35,2.2431242759585955e-21,1.5970550668726915e-21,1.817277108778255e-22,1.6257040973685997e-21,1.2878682027412283e-17,7.803237458309108e-17,9.531538239386316e-17,3.11562292019269e-08,1.0281158820150844e-12,1.1739364495372762e-12,9.906589977803524e-14,3.88596142931361e-11,2.100188685391467e-12,4.46029564084505e-18,1.9686188357353894e-15,2.592537016615576e-15,0.00018733085928601947,0.49999993265977566,3.4676197282218545e-06,0.24999676042427546,4.3004020604980014e-08,1.6217953081448905e-10,9.015463231957438e-18,2.0226413924586463e-16,1.0419542014175987e-14,3.0497996471074633e-19,9.510701607733613e-22,1.0429423035979409e-18,1.1640779047112683e-22,3.150710797087535e-18,2.015438029539771e-09,1.613468853431608e-09,9.945596499001851e-17,5.627206237124604e-14,0.0,4.5941355567061795e-27,3.521293040657862e-30,9.849286170672587e-07,3.93075152296169e-09,8.991144151473846e-19,2.0863089834281218e-27,2.5796638414512556e-09,8.993099254101004e-13,4.4525155872290015e-13,2.2314281956686997e-13,5.229229885540861e-13,7.735463607950924e-15,2.0914323632639184e-11,8.292024562732166e-19,6.0347016502319646e-27,6.3520339064463775e-19,1.580441631727367e-15,0.0999994611071134,5.397109698793452e-07,6.720327983714593e-10,1.0110162006562341e-14,1.1190327359099715e-24,9.389915016304346e-14,2.411942485412144e-13,4.916718987407121e-19,2.7912141474613606e-12,2.2615141988826826e-29,6.835523069093251e-14,6.708189280858647e-14,3.4990013065859826e-27,8.811883995402948e-22,4.080573608842806e-18,2.222282791919178e-06,3.3717208080823894e-08,6.179878054270982e-05,1.1422984718686903e-10,3.285842227395645e-13,1.2882815152763494e-14,1.2018024258745812e-13,2.331393154942632e-26,4.13021867069287e-10,8.552900503500145e-11,2.0862825048007965e-10,2.1720963112742833e-10,1.9975960888543363e-32,4.554576168584924e-13,1.7394980782766514e-10,6.77555630784618e-14,1.697912708166535e-12,9.211509159293152e-13,4.729829625606454e-19,1.6143058206526454e-17,1.365846279231382e-14,0.00033397833265617286,9.541256192491678e-10,3.2059838076397987e-12,7.200688589176829e-12,3.12591478047839e-26,8.048536112960884e-18,4.4724914205343935e-19,2.796883398821175e-22,3.006652028580953e-20,1.1828711694565542e-25,1.1517831596084723e-08,1.5467065027631888e-09,4.194193864181229e-10,3.50958001889142e-06,7.330098245001038e-22,3.54659197336861e-21,8.637451485985856e-10,1.779135980610487e-06,4.619850668810744e-19,3.853781186334381e-15,3.0960063381453288e-25,1.0336085323764556e-18,0.0,0.0,2.311419568642294e-14,1.3880800644114595e-14,2.6264929298804755e-21,1.3012948437628691e-14,8.26515862817782e-30,1.8617107651858594e-21,8.298029198841926e-30,1.6798931138451113e-34,7.345952398277168e-30,4.4270306546846595e-14,9.288126224605413e-14,8.322608776898945e-14,2.0783382818407687e-22,3.379012986237081e-20,7.457121871429092e-23,1.517521399699587e-16,3.499383338375642e-13,2.4551002728402703e-24,2.5381831661023847e-28
3126.7889959237978,5.2295535573227596e-08,0.00017694730944291516,2.0315367587681826e-13,3.9331122689877026e-14,1.4593799895145178e-13,3.523684070843016e-14,4.071331320831512e-16,1.630198452861489e-13,5.299813912568395e-35,1.497212641940717e-26,1.0504203732022181e-35,5.657958709751205e-17,1.73857085597614e-16,2.2939681719225647e-25,2.164776061330163e-17,2.950958166121857e-16,4.544859407971548e-42,4.0547158917710603e-29,6.168101334700577e-25,3.2742426388999968e-28,4.391049368078835e-33,4.295641409471557e-27,1.8054728588264172e-10,2.2348159938895523e-12,1.0166236961514202e-11,2.0359673792707663e-11,9.60575273915209e-25,5.3193986792839e-22,2.1712312318623144e-13,8.389624026979659e-11,3.030619507168495e-29,4.372096276062546e-34,1.4792922035656922e-20,6.4235072400561555e-21,5.877073305209775e-22,3.3018866652755423e-21,2.1130927966527776e-17,8.236904714592521e-17,9.514609601151373e-17,3.131086172266698e-08,1.0509823946556e-12,3.439969281281007e-12,1.7200296396875166e-13,1.3064399461025404e-10,4.149464164758366e-12,9.748713187904521e-18,3.925821831023973e-15,2.877402000163417e-15,0.00018933746103511927,0.5000004242950017,5.017940962296013e-06,0.2499954065150127,4.300289190588075e-08,1.4272889987856461e-11,1.5916099121375177e-17,4.545793146423399e-16,1.028790334819488e-14,6.364929719591855e-19,2.5962175492966574e-21,1.6734469257321064e-18,2.037839017335524e-22,1.3998377040080382e-17,3.944904765207086e-09,1.9935931980442685e-09,1.4575733099085287e-16,5.6038864286538606e-14,0.0,7.376391071713106e-27,1.5889529080578035e-29,1.200355259104308e-06,5.008686452623915e-09,9.022825408973372e-19,2.1582382012765698e-26,2.5728515358760357e-09,9.628690745495755e-13,1.6272707202827067e-12,4.1338192890257386e-13,1.1684262972036566e-12,1.003952399537948e-14,4.9140940788326935e-11,4.105038128526844e-18,4.013362287085068e-26,1.1619259147621484e-18,1.7657627037643687e-15,0.09999922049391431,7.8032412989705e-07,6.720718746598143e-10,2.319547489615238e-14,4.600020129435987e-24,2.7082966681926753e-13,2.9286512251202e-13,7.824296850870131e-19,5.611392510292131e-12,1.8163390187656517e-28,8.481627560794485e-14,7.481510473602977e-14,9.100240966198681e-27,1.4221036650882863e-21,8.53986120832986e-18,2.2071852187393354e-06,4.881478126066725e-08,6.179830271211767e-05,1.1423308776008773e-10,5.977244974939533e-13,1.287831346613485e-14,1.2257822083378618e-13,2.5832845475671565e-25,7.067279502616264e-10,8.552087202049803e-11,3.786888269221425e-10,2.165346990566565e-10,1.2820606144084306e-31,8.679697320700648e-13,1.801274766553524e-10,7.106848121528675e-14,4.445299536126314e-12,1.1673539208478616e-12,2.1100545032087094e-18,3.2424627240174853e-17,2.8656284788896203e-14,0.00033396323574715476,1.1798661192795024e-09,9.433797993590132e-12,9.651207041914113e-12,1.230024276584777e-25,3.0430538286924786e-17,6.389828839049461e-19,9.875052530444466e-22,3.796204939353125e-20,2.7828355444989035e-25,2.249953301036264e-08,1.902352676375497e-09,6.075236584237382e-10,3.5093913959214457e-06,1.8714335087958305e-21,6.0159197364050545e-21,1.2265946796942393e-09,1.7787727600594457e-06,2.246002212746743e-18,4.94230605414197e-15,2.4013272474114696e-24,2.9668160495110403e-18,0.0,0.0,3.499655950337193e-14,1.6193221372737758e-14,4.4529073545543256e-21,1.2881975889966663e-14,1.5759922581748606e-29,2.173121242712053e-21,1.5856387826803564e-29,4.636565357764162e-34,8.845995577588866e-30,1.7577076475969436e-13,1.9576808887483806e-13,2.0470267404917563e-13,5.554797719745532e-22,5.1444449685059836e-20,1.166780430466771e-22,3.112832307553398e-16,8.270219732117416e-13,1.3360198332753157e-23,1.8371980702140885e-27
4521.600064384307,7.545069245539453e-08,0.0001769237965837173,3.85251686986736e-13,4.0106852996041935e-14,2.824171056732488e-13,3.596929576358484e-14,1.2311732471382188e-15,1.7429662715439354e-13,1.966175908406332e-34,3.8402564958999234e-26,3.495417687993295e-35,1.3096316763368878e-16,3.655060637781447e-16,1.1925702141579545e-24,2.5225806199704397e-17,6.557678038902223e-16,3.817668044914475e-41,8.763657457989097e-29,5.9134067867621444e-24,3.057287640512026e-27,6.573372982150683e-32,3.7788142183462686e-26,1.8387306850869366e-10,2.346740184740654e-12,1.0161841386493852e-11,2.0344858117235604e-11,3.2933596210876494e-24,1.4895199914529329e-21,3.226648712526911e-13,8.261030713808272e-11,1.1851746241370803e-28,2.0692442778143803e-33,7.84361274781567e-20,2.0632067058622444e-20,1.7300641801485246e-21,6.246709648497988e-21,3.2919295865056984e-17,8.452240816180837e-17,9.350045179096099e-17,3.1349058075866945e-08,1.0762231983610843e-12,9.178544060177451e-12,2.7807912454642716e-13,4.106535177980232e-10,7.895857356339685e-12,2.3889424270728123e-17,6.922829019010684e-15,2.9638038744109464e-15,0.00019210096397921279,0.5000014674337558,7.255595390015067e-06,0.24999348268472787,4.300137415513098e-08,4.0344062842929164e-12,2.5952279679327698e-17,9.825341411108067e-16,9.995662098668013e-15,1.2438275287045494e-18,6.6846848519241936e-21,2.538986524995414e-18,3.265554733178355e-22,4.832288686120801e-17,7.420524392746784e-09,2.4416455869246882e-09,2.0972179201886605e-16,5.5720326448828413e-14,0.0,1.1228840336317367e-26,6.685142391904524e-29,1.378368045614946e-06,6.205770659800539e-09,9.027143855731643e-19,1.7169257889379128e-25,2.544795550218556e-09,1.0357444319429184e-12,4.99992246824786e-12,6.907745732027827e-13,2.17077827575783e-12,1.4231690614175876e-14,1.0451758320744928e-10,1.71969304326159e-17,2.4649184508156664e-25,1.9184188428456216e-18,1.8005630105126113e-15,0.09999887270456295,1.1281134220150546e-06,6.721311232188505e-10,4.409535846935375e-14,1.788186319103142e-23,6.892537224378054e-13,3.4370624125682034e-13,1.1831054679148026e-18,1.0750980625655437e-11,1.3076066172746295e-27,9.874170184058242e-14,8.687208740971175e-14,2.1769338862520693e-26,2.1591009016927024e-21,1.6960548992890666e-17,2.1853173022903997e-06,7.068269770960278e-08,6.179761329677245e-05,1.1423938966871212e-10,1.0413101985582557e-12,1.2875055057862796e-14,1.2124984194513825e-13,2.1435818057478335e-24,1.1338584353318475e-09,8.552449314458787e-11,6.251720291060549e-10,2.1506648591051892e-10,7.0476205680552285e-31,1.4636792094981656e-12,1.7766748188783754e-10,6.93728438961476e-14,1.1377041020492438e-11,1.4657419730147323e-12,8.151441463532822e-18,6.241068588150431e-17,5.2384280694355286e-14,0.0003339369320440451,1.505662057319494e-09,2.6604896142304126e-11,1.2487406300278804e-11,4.306975617031103e-25,1.0207831013502183e-16,1.0756180836959204e-18,3.3769943322479666e-21,3.9913650545857604e-20,6.335277877535927e-25,4.2519214952517435e-08,2.346003011113303e-09,8.809875507432775e-10,3.5091169226403596e-06,4.4759623643644935e-21,9.491271836708624e-21,1.7279990358803644e-09,1.778270463955772e-06,8.54769376135857e-18,5.454171617973388e-15,1.5925744450961595e-23,6.5918585663234434e-18,0.0,0.0,5.1941603780541173e-14,1.9586110371061895e-14,7.585501402124094e-21,1.269104628079491e-14,2.8854803272676106e-29,2.6290604269985197e-21,2.9120874754035603e-29,1.19840817997922e-33,1.0747575966986101e-29,6.136409830796151e-13,3.8761728662640535e-13,4.4606191948750464e-13,1.4042908947674846e-21,7.659308413830478e-20,1.747205818739871e-22,6.332276058308553e-16,1.7834742765621186e-12,7.167270142359961e-23,1.3263306185897047e-26
6538.614268149506,1.0865252471439878e-07,0.00017688965096447623,6.593310614457619e-13,4.015355243802126e-14,4.822312025844443e-13,3.5994836185518357e-14,3.2792952523539404e-15,1.7328631562621033e-13,6.318464275892803e-34,9.040271091776893e-26,1.0985687294439054e-34,2.547468764738985e-16,6.427464826228667e-16,5.051029337966016e-24,2.5182578220298925e-17,1.1960652133266458e-15,2.741091852621055e-40,1.5055768928169472e-28,4.3637929571497326e-23,2.2298249865549437e-26,7.61468358437682e-31,2.1770236105923024e-25,1.843507139107515e-10,2.5016168549818396e-12,1.0149696164297966e-11,2.0324272194526796e-11,1.046166560370718e-23,3.810432664317891e-21,4.688907555260804e-13,8.089341354491385e-11,3.612085733953523e-28,8.718732948489674e-33,3.4444319888835943e-19,5.537766206230646e-20,4.745787711764096e-21,1.1154360345891977e-20,4.955113864262477e-17,8.70353766695051e-17,9.120157177715706e-17,3.139154757009636e-08,1.111391124898997e-12,2.2695031136813567e-11,4.2950206455417175e-13,1.214578188717036e-09,1.458203899139953e-11,7.33527405063383e-17,1.1243342868790399e-14,2.9786097645551327e-15,0.00019593605672753054,0.5000033741575376,1.0482586616863108e-05,0.2499907293367687,4.299931125639695e-08,4.089811763309759e-12,3.998103227039702e-17,2.0509758093280578e-15,9.612767394387507e-15,2.301102028690478e-18,1.6618781174991415e-20,3.69703557865121e-18,4.941917940201981e-22,1.3259871625275412e-16,1.349072900291885e-08,2.9736845029460213e-09,2.9611083268312557e-16,5.528498625233417e-14,0.0,1.665739689949826e-26,2.658894706302753e-28,1.4844347474282646e-06,7.524335891676624e-09,9.035903912426547e-19,1.1939841479120577e-24,2.5021269481518177e-09,1.124278863727363e-12,1.3370615576002429e-11,1.0832695073407118e-12,3.566759243216786e-12,2.1984060742695073e-14,2.047734501063225e-10,6.29652694786202e-17,1.416806259074754e-24,2.968215871994171e-18,1.7753199047962268e-15,0.0999983701042741,1.6307136220869413e-06,6.722199309438509e-10,7.421721001888952e-14,6.706128356870257e-23,1.5869471395836746e-12,3.974185105628281e-13,1.7398191586962832e-18,1.9819464419446813e-11,8.515637558733105e-27,1.0840135189385502e-13,1.0403291787694379e-13,4.94795193700265e-26,3.120747020337791e-21,3.212299512789855e-17,2.153651295604488e-06,1.0234870439551424e-07,6.179661799212076e-05,1.1425364188786726e-10,1.7893489026221684e-12,1.287660067050495e-14,1.1872979698524337e-13,1.4245466798574736e-23,1.7448226097120318e-09,8.556173242982705e-11,9.714847138776154e-10,2.1319216067758463e-10,3.4462318723516146e-30,2.285636764226582e-12,1.7265061115433938e-10,6.614389688563017e-14,2.871655219439451e-11,1.840856820913499e-12,2.7711429162206675e-17,1.1671712523945333e-16,8.630428930688084e-14,0.00033389123926324724,1.9754422481102044e-09,7.247538215299696e-11,1.5754208810700942e-11,1.3857090173981487e-24,3.062260430592064e-16,2.4235467242697575e-18,1.1515287282688025e-20,3.8857595788476586e-20,1.4819031832079848e-24,7.821913130007096e-08,2.907515198246678e-09,1.2800635201412361e-09,3.508716007548489e-06,1.014244175388198e-20,1.4076940805830083e-20,2.40665261175375e-09,1.7775896780873051e-06,2.630000370136024e-17,5.571071619619716e-15,9.134205992592715e-23,1.2020499754824279e-17,0.0,0.0,7.592717227342192e-14,2.403192754301862e-14,1.3089746782350634e-20,1.2435997037632571e-14,5.207794236648706e-29,3.22454928736158e-21,5.278430559473975e-29,3.0162359712957555e-33,1.3194091759849502e-29,1.932515224877652e-12,7.323820238295266e-13,8.863990719483393e-13,3.380519344453595e-21,1.121338673518629e-19,2.5395024716102314e-22,1.3293840668788815e-15,3.5571266663935245e-12,3.844718647478253e-22,9.672304806714752e-26
9455.38657529853,1.5606840424467288e-07,0.00017683978855960765,1.061299629733338e-12,4.0106682127587217e-14,7.612251888682555e-13,3.5923911055329274e-14,7.91843487100947e-15,1.6911315387478876e-13,1.833138394854539e-33,2.0320533566279356e-25,3.2832082124295886e-34,4.493389853913015e-16,1.0142428774333986e-15,1.8534870205509783e-23,2.3979761147224225e-17,1.9215236956552794e-15,1.7450008590438522e-39,2.298683350080527e-28,2.661230789544273e-22,1.351484519253778e-25,7.208839509885435e-30,9.304409355116066e-25,1.8439731204034116e-10,2.7022691175007865e-12,1.0129559237266166e-11,2.028598861204388e-11,3.1569692750553597e-23,8.948669303953122e-21,6.672552503044503e-13,7.856562177389393e-11,9.33124022333354e-28,3.3930176188330773e-32,1.3034256661692976e-18,1.2993858165151723e-19,1.2257126354575975e-20,1.8901766905206822e-20,7.269747722746326e-17,8.96111558491031e-17,8.80387759690293e-17,3.1454267513626824e-08,1.1608918693529965e-12,5.3082594081721707e-11,6.438554383161314e-13,3.411034772285836e-09,2.6351077648636456e-11,2.717388397976251e-16,1.7312187033719927e-14,2.976929804011576e-15,0.00020133224264187323,0.5000065302067707,1.5130615714225198e-05,0.24998674554446226,4.299644644002677e-08,4.367335710926737e-12,5.909922903398286e-17,4.130604732509158e-15,9.11868717270567e-15,4.0560029808581945e-18,4.057452871685329e-20,5.191513529429188e-18,7.168810332316857e-22,2.993790029376856e-16,2.383749306978318e-08,3.6415484433204533e-09,4.087885162161756e-16,5.468427064827965e-14,0.0,2.4240422423991536e-26,1.008257926752995e-27,1.5082143089809068e-06,9.044084935079726e-09,9.024550720339186e-19,7.917063906659979e-24,2.438969071187611e-09,1.2351876054143593e-12,3.232506368507263e-11,1.633522487141972e-12,5.433774462950594e-12,3.513804955031488e-14,3.7598195784775165e-10,2.0755263555247616e-16,7.683087198594378e-24,4.39222984779165e-18,1.727247775888425e-15,0.09999764400693584,2.3568108290916018e-06,6.723510785127689e-10,1.1644854122174567e-13,2.4406819468603663e-22,3.3628403258437004e-12,4.585402354966341e-13,2.5089573978341568e-18,3.544825884350461e-11,5.297080775068828e-26,1.140011119102325e-13,1.2644895921781154e-13,1.0894640683747239e-25,4.310985463111159e-21,5.910761182244085e-17,2.1078287505845263e-06,1.481712494154749e-07,6.179517973150638e-05,1.1428499622284599e-10,3.096363173120176e-12,1.2890712995014085e-14,1.1544780828544354e-13,8.130775660361352e-23,2.6123391012086468e-09,8.567782877535911e-11,1.4497709638115906e-09,2.108920634754262e-10,1.535020270038045e-29,3.3897339471419502e-12,1.6612088545032817e-10,6.199820382556775e-14,7.173237335628384e-11,2.3578656536671803e-12,8.389545448545434e-17,2.1744912870202473e-16,1.3248217514536745e-13,0.0003338116960556754,2.6519514997580776e-09,1.9183302866110114e-10,1.9720278874892658e-11,4.172855213686208e-24,8.338494995156575e-16,7.022069523087208e-18,3.9408092957507747e-20,3.6848509657684376e-20,3.724426684718764e-24,1.4111231273386884e-07,3.6513922286757934e-09,1.8661012486084076e-09,3.508126775820665e-06,2.1963156709771188e-20,1.9772983794675798e-20,3.297599920447322e-09,1.7766936406004268e-06,6.877098840317494e-17,5.579063337175764e-15,4.616421797219919e-22,1.930671564032784e-17,0.0,0.0,1.094954571202207e-13,2.925841753829353e-14,2.2672493421060555e-20,1.2095340977394353e-14,9.281955800019856e-29,3.88581945469487e-21,9.465030283781565e-29,7.486561048376157e-33,1.577849074818162e-29,5.619640783093101e-12,1.337904345543961e-12,1.6454174447186849e-12,7.820838659683772e-21,1.6175869214925504e-19,3.6022040690054176e-22,3.036047697962684e-15,6.669563073260489e-12,2.145586638638445e-21,7.399153714064068e-25
13673.284830982668,2.2340754020167554e-07,0.00017676622005155765,1.6487874432042185e-12,4.0085281502271027e-14,1.1414920652226395e-12,3.586284189956383e-14,1.773983334417502e-14,1.6353882026565007e-13,5.011270774238204e-33,4.4814277638535185e-25,9.31629886044327e-34,7.552207808552347e-16,1.4969745459091718e-15,6.123778679127532e-23,2.2378014020308917e-17,2.8442376664250463e-15,1.0229494812915443e-38,3.3222260428842137e-28,1.4189775740241635e-21,7.165968300271035e-25,5.874787777619842e-29,3.2696005876794577e-24,1.8428290019773026e-10,2.954724224127533e-12,1.0092558020612715e-11,2.02137046012381e-11,9.111538042559017e-23,1.928298952600824e-20,9.273947074326785e-13,7.539509163545705e-11,2.1913227919524874e-27,1.236952465327422e-31,4.3866223354570505e-18,2.739387842078069e-19,2.991271384211418e-20,3.0491489937408285e-20,1.0414468535281322e-16,9.130637197417996e-17,8.360298202402753e-17,3.154757191178523e-08,1.2295695068144249e-12,1.1944177034280914e-10,9.44219123291008e-13,9.202299455692702e-09,4.7082130543534134e-11,1.0992832325821614e-15,2.563577939127618e-14,2.9698209961439142e-15,0.00020902105281427597,0.5000114681524148,2.1813396194197884e-05,0.2499809139954848,4.299238410044397e-08,4.672284696925991e-12,8.432475698247483e-17,7.969702342049822e-15,8.486753304275534e-15,6.848538791144809e-18,9.814614185996236e-20,7.012173406088827e-18,9.998528890945376e-22,5.764495696414896e-16,4.1218546321428073e-08,4.544973175674461e-09,5.478649054040554e-16,5.385022809899534e-14,0.0,3.459595317249367e-26,3.666688378536719e-27,1.4699880076390456e-06,1.0929202284233234e-08,8.95966104609196e-19,5.1071897414847613e-23,2.345149017342242e-09,1.3772166689355768e-12,7.253553324604027e-11,2.4009970697689767e-12,7.866528853735442e-12,5.597000773150809e-14,6.574957115468141e-10,6.335433111304001e-16,3.949324004753032e-23,6.260220739088807e-18,1.6602045349899566e-15,0.09999659551848246,3.405299091231591e-06,6.725423676559612e-10,1.7525805346878e-13,8.623691632672956e-22,6.598830536494855e-12,5.347870154836956e-13,3.563423922054897e-18,6.20815428223348e-11,3.4147050332679483e-25,1.1754986322832764e-13,1.5488142255940204e-13,2.3434223663960696e-25,5.666328854303819e-21,1.0821944952830799e-16,2.0416178163357498e-06,2.1438218366425192e-07,6.179309717454523e-05,1.1435291075333232e-10,5.470009091338625e-12,1.2935008872683781e-14,1.1132376214221245e-13,4.1964339817700216e-22,3.833058983128812e-09,8.596753585932509e-11,2.0956984187864066e-09,2.0821872195342493e-10,6.268732166239415e-29,4.820154304044891e-12,1.57897744305147e-10,5.685596699407796e-14,1.7770640464041547e-10,3.164333676715491e-12,2.2669781910261793e-16,4.1821266226107406e-16,1.9331884433218858e-13,0.00033367159669755585,3.6242580457311333e-09,4.964676207675947e-10,2.4979384652566324e-11,1.199321840211544e-23,2.1125431156508963e-15,2.3779671070838825e-17,1.3431611784270083e-19,3.43129623529484e-20,1.0107459077045875e-23,2.521625340781809e-07,4.691169143079076e-09,2.7354465470662656e-09,3.5072520238679326e-06,4.562635717671057e-20,2.6293961375621753e-20,4.415359644014967e-09,1.7755637301664243e-06,1.5959299357411715e-16,5.5668041678389705e-15,2.0889870328014085e-21,2.857086966262193e-17,0.0,0.0,1.5560927157429495e-13,3.490633147868193e-14,3.8695373674850286e-20,1.1642042560795222e-14,1.6092309785587045e-28,4.516918023820468e-21,1.6554171397680375e-28,1.8169786152704263e-32,1.791984205843791e-29,1.539525998881391e-11,2.395430159380088e-12,2.911586505912088e-12,1.7618989163651248e-20,2.2969596160913066e-19,4.99197918457215e-22,7.848404879717112e-15,1.197077771842509e-11,1.3094441909494126e-20,6.2271744317735e-24
19772.720721709713,3.1830424066013715e-07,0.0001766556255395987,2.502828994127921e-12,4.017223120514696e-14,1.6436848257295875e-12,3.587173861877065e-14,3.732613286608337e-14,1.564831761947649e-13,1.3569932453820504e-32,9.883001242410245e-25,2.4838624370266738e-33,1.2351208341066076e-15,2.10706829923894e-15,1.8517086588224513e-22,2.0404525061118562e-17,3.945496557570493e-15,5.760742880784756e-38,4.656661831947695e-28,6.83261621469802e-21,3.428759331340864e-24,4.275123017328321e-28,1.0040139507628201e-23,1.8389740567318763e-10,3.2710734219295315e-12,1.0028176334919705e-11,2.0087615477692715e-11,2.4994056215561297e-22,3.8051002615963763e-20,1.250007494623081e-12,7.116149768290197e-11,4.882160084169918e-27,4.230808533755488e-31,1.333875772089247e-17,5.230083655993788e-19,6.881761068798189e-20,4.6751957239623084e-20,1.450785384981929e-16,9.111402255341972e-17,7.753037203666949e-17,3.168657623961615e-08,1.322593372912551e-12,2.615705810570998e-10,1.3584347662263297e-12,2.414233048440457e-08,8.398193385585146e-11,4.564685936630842e-15,3.6620295885497657e-14,2.962909897902939e-15,0.00022003290143600985,0.5000190836257141,3.1395998191800985e-05,0.24997228870920613,4.298656591578077e-08,4.990523772860961e-12,1.1589565094371508e-16,1.451328749243033e-14,7.707021205293123e-15,1.10925918351065e-17,2.3518243810243393e-19,9.028852431893554e-18,1.3336331132639017e-21,9.671714436097847e-16,7.007063439143399e-08,5.826337728258785e-09,7.045744760534699e-16,5.269751227488195e-14,0.0,4.8379091740494984e-26,1.2816184079871272e-26,1.397055743043037e-06,1.3359728127431163e-08,8.811007633783615e-19,3.1589730725414675e-22,2.205554674399293e-09,1.5559688389194385e-12,1.528549387010538e-10,3.4705173365142254e-12,1.095157071428195e-11,8.698921671223618e-14,1.1075066662782502e-09,1.827982453976702e-15,1.9229975929565035e-22,8.578657702880836e-18,1.5735386882643236e-15,0.09999508260061137,4.9182166849364675e-06,6.728196652353936e-10,2.570582530699151e-13,2.9489752668836463e-21,1.193915221654478e-11,6.353231159798299e-13,5.007869386847999e-18,1.0722720816609941e-10,2.4116261850491775e-24,1.2111163712861977e-13,1.9146425331396062e-13,4.934057734201794e-25,7.002484605968e-21,2.0038208063498396e-16,1.9462508259312345e-06,3.09749174068767e-07,6.179006961652353e-05,1.1449896647409989e-10,9.953626417955821e-12,1.3049477864991803e-14,1.0639595614723372e-13,2.024335537163953e-21,5.5261360556725926e-09,8.662313106954186e-11,2.937648476129399e-09,2.0545639039668504e-10,2.3233206322375314e-28,6.566987300941716e-12,1.4791895100138567e-10,5.0733961702460096e-14,4.37439990021389e-10,4.583953000867259e-12,5.417831698783498e-16,8.591384312706404e-16,2.701688893758e-13,0.00033342035219623584,5.017557584747479e-09,1.2644213700914673e-09,3.259608188527428e-11,3.367099310447899e-23,5.098541061897131e-15,8.699054728429396e-17,4.498539027255471e-19,3.1679646649029855e-20,2.8645676964445346e-23,4.506177262519702e-07,6.195497110811399e-09,4.046191079400953e-09,3.505932233050201e-06,9.074449956577564e-20,3.2818983096968874e-20,5.725063212146144e-09,1.774225051416897e-06,3.3653351453645348e-16,5.5270314590967534e-15,8.505898284348624e-21,3.962714947138041e-17,0.0,0.0,2.1698262144280866e-13,4.0503429626349013e-14,6.383995887539057e-20,1.105002586635127e-14,2.667115183402068e-28,5.015184060875373e-21,2.778822770822963e-28,4.2446908184728665e-32,1.911600391828287e-29,4.0372691313602796e-11,4.2541793285888786e-12,4.984060609230424e-12,3.918231660809639e-20,3.196452384217283e-19,6.755605022945006e-22,2.2923477442510074e-14,2.087455886375291e-11,8.964523801718775e-20,5.89478091929806e-23
28593.018398390996,4.5066260985631016e-07,0.00017648396986956263,3.7236727016541285e-12,4.054440286579812e-14,2.2739215410253635e-12,3.607538663513028e-14,7.385122218688127e-14,1.4800166253954377e-13,3.847814006587864e-32,2.195708284032132e-24,6.0909956362000406e-33,1.9682069357497486e-15,2.857704225004583e-15,5.108188819210087e-22,1.810006012610833e-17,5.133943941193397e-15,3.276492535739087e-37,6.39881398162572e-28,2.999484617224305e-20,1.4970652155740109e-23,2.8306351479122804e-27,2.809612739099082e-23,1.8305554527521707e-10,3.658788570876006e-12,9.921489089696454e-12,1.987786891801642e-11,6.406816289567586e-22,6.842311852751115e-20,1.6129233688859077e-12,6.57008996504707e-11,1.0584906481948349e-26,1.3462160256673018e-30,3.6579071369933675e-17,8.95944942541605e-19,1.4736848773107654e-19,6.73580383078939e-20,1.9430439990287458e-16,8.759094665575605e-17,6.95611115577829e-17,3.189244931974203e-08,1.443635759125158e-12,5.614519347796247e-10,1.9148803453678966e-12,6.215324348831854e-08,1.5017120113781591e-10,1.891925359212983e-14,5.013425690113687e-14,2.9661568187475806e-15,0.0002357743521324055,0.5000309956665692,4.508105734516021e-05,0.24995939727740102,4.297823453581951e-08,5.253963064526327e-12,1.5192919397045264e-16,2.430405606898905e-14,6.798083631007132e-15,1.7086188862445678e-17,5.523013863661184e-19,1.0908058207085953e-17,1.6781436231306887e-21,1.4083766566382602e-15,1.1671818346669341e-07,7.676213977294014e-09,8.547378033420907e-16,5.112901933699172e-14,0.0,6.622784972305344e-26,4.2761536952025857e-26,1.3017240751597665e-06,1.6473731787783713e-08,8.544936837812377e-19,1.8322515532092515e-21,1.9990893373956313e-09,1.7637440387927363e-12,3.018077615851429e-10,4.969538788152603e-12,1.4761759295471138e-11,1.292122646682438e-13,1.7994857678017524e-09,5.004816383110961e-15,8.76489382807976e-22,1.119256026826865e-17,1.4691266047253033e-15,0.0999929021416986,7.098675196176935e-06,6.732210829848837e-10,3.7148168232654604e-13,9.671677842797397e-21,1.9653888086880017e-11,7.689002725576227e-13,7.016519187282614e-18,1.8265209057172283e-10,1.852533566396477e-23,1.256960977442933e-13,2.3898100358825015e-13,1.014235301799581e-24,7.982743221554274e-21,3.7770710999629995e-16,1.8098559489120638e-06,4.4614405108793766e-07,6.178563754379284e-05,1.1481329318617363e-10,1.8761181199851878e-11,1.332506414644123e-14,1.0106838037210682e-13,9.318325753243234e-21,7.818347579779359e-09,8.801748739088337e-11,3.972832766264573e-09,2.032943226284397e-10,7.5950766048444045e-28,8.490182855630258e-12,1.3650406384320198e-10,4.3885387460824546e-14,1.0689103810434875e-09,7.379772146105565e-12,1.1228250419718224e-15,1.9099643220244e-15,3.613685306719131e-13,0.00033296293798965715,7.004954425960144e-09,3.179194252922777e-09,4.4890010198685506e-11,9.383411002062372e-23,1.1825002640722719e-14,3.280948946999767e-16,1.4509117992982728e-18,3.0423811509698096e-20,8.0682162929357e-23,8.087942219829044e-07,8.410332053797111e-09,6.07258817377798e-09,3.503890921387716e-06,1.7119100658349696e-19,3.786928422194586e-20,7.107489573988191e-09,1.772774107750016e-06,6.476381373805383e-16,5.431406123571118e-15,3.086064214450688e-20,5.157011597534762e-17,0.0,0.0,2.9418308907544543e-13,4.51363975491966e-14,9.962520016295913e-20,1.0302566906550169e-14,4.1449218159078645e-28,5.2394556785332625e-21,4.398045770856941e-28,9.347701123768993e-32,1.8874187701896296e-29,1.0220653867741751e-10,7.539871634334801e-12,8.300512359379937e-12,8.680226420693252e-20,4.318715568046479e-19,8.92824716227166e-22,7.29872446187502e-14,3.558253102730843e-11,6.741402361009559e-19,6.117025006158004e-22
41347.91122766806,6.330116132958965e-07,0.00017620432848137771,5.3959911554495e-12,4.151339969056375e-14,2.9989808712351697e-12,3.6672067203189286e-14,1.3606226307455743e-13,1.3835254469934792e-13,1.181674089323491e-31,4.8219197360221104e-24,1.3249725309289574e-32,3.0036846291623002e-15,3.749393907925254e-15,1.2536548244359192e-21,1.556445675128287e-17,6.206996619722515e-15,1.968908754581579e-36,8.538954999650007e-28,1.1833315158963385e-19,5.9146648798187e-23,1.7072707271791253e-26,7.48219963682008e-23,1.8144675535233207e-10,4.111944668538095e-12,9.750283524500472e-12,1.9539920429316645e-11,1.4906647218965725e-21,1.1070769721657955e-19,1.9502370513716633e-12,5.89714201337274e-11,2.260901451799875e-26,3.894286968945948e-30,8.843444317435452e-17,1.3401931483712944e-18,2.849614414677351e-19,8.904646644201185e-20,2.446436348251664e-16,7.897623407601472e-17,5.96717041395475e-17,3.219018740492833e-08,1.5907925219928095e-12,1.183860026653052e-09,2.628919112724823e-12,1.5733967359819215e-07,2.6808120128062147e-10,7.650565473777545e-14,6.46234510114789e-14,3.003324251534934e-15,0.00025813690755808615,0.5000501534690484,6.450080154080943e-05,0.2499398745194832,4.296636902337835e-08,5.322970597639401e-12,1.8632886883320707e-16,3.589602885224598e-14,5.808280242663615e-15,2.4516068563164305e-17,1.2396892520976117e-18,1.2065161993133437e-17,1.9432049294199387e-21,1.7410267478187047e-15,1.877533284759283e-07,1.0373738680111726e-08,9.5702364824264e-16,4.904630778302059e-14,0.0,8.873494830694178e-26,1.3308760692661831e-25,1.1867620267912312e-06,2.0375829299513012e-08,8.131150543923699e-19,9.705282733171537e-21,1.7009337531411284e-09,1.9650788110023827e-12,5.480577928848189e-10,7.077270491541216e-12,1.9305645454138776e-11,1.7777083950603462e-13,2.7931014755888544e-09,1.2796744161099848e-14,3.631248299585626e-21,1.3639808175977576e-17,1.3553607886198984e-15,0.09998976618756021,1.0234628753422525e-05,6.738022118688396e-10,5.321094855157092e-13,2.9781204154520465e-20,2.883782846516465e-11,9.44552865889746e-13,9.910787091638283e-18,3.039031397097692e-10,1.4704803271507236e-22,1.316320094679816e-13,3.005180019713147e-13,2.0187031072607474e-24,8.191932385920893e-21,7.274916094290146e-16,1.6177358466505874e-06,6.382641533494146e-07,6.177909224580863e-05,1.1549490352071225e-10,3.673801671141885e-11,1.3972009973866317e-14,9.640864227723213e-14,4.134978737128173e-20,1.0792717358048131e-08,9.08247005009586e-11,5.121753372324153e-09,2.0289528041336268e-10,2.079013356449133e-27,1.0208063476419095e-11,1.2435624636622947e-10,3.677723320843655e-14,2.5706473664381968e-09,1.3403280397298568e-11,1.96324053717414e-15,4.510393783208901e-15,4.593934719236988e-13,0.0003321275820372957,9.81889139737664e-09,7.853305996728523e-09,6.802590904905094e-11,2.5655719490818127e-22,2.616189274654043e-14,1.239228722653954e-15,4.351368881754215e-18,3.4735456725915193e-20,2.148982281367729e-22,1.452873341316023e-06,1.1726304333490033e-08,9.315200753663965e-09,3.5006245022105624e-06,3.0080743428256753e-19,3.9688942381621386e-20,8.349440965190429e-09,1.771374580618551e-06,1.1230663451311016e-15,5.230774644758502e-15,9.714577900568921e-20,6.239710257568174e-17,0.0,0.0,3.8141526388900896e-13,4.7532592295843054e-14,1.4259386439785368e-19,9.401001874876598e-15,5.874350204094363e-28,5.0518244914215975e-21,6.393217508302913e-28,1.8818290688730028e-31,1.694319290461791e-29,2.4882879846699097e-10,1.331062250896838e-11,1.33942291912671e-11,1.920485546666045e-19,5.569315511682417e-19,1.1541777604246437e-21,2.427971147359953e-13,5.90384230383424e-11,5.275955106731363e-18,6.55499235265785e-21
59792.559815487155,8.816661191133074e-07,0.00017572082594404084,7.465991995809357e-12,4.3470000325778195e-14,3.7072770931279235e-12,3.784255196117937e-14,2.2817086593475695e-13,1.2767722198288788e-13,3.7798883438754103e-31,9.826757493334759e-24,2.4159758038808118e-32,4.211706005279759e-15,4.699002749560321e-15,2.5863231963045308e-21,1.2906841187488377e-17,6.841836469822713e-15,1.2500592728218773e-35,1.0492928885093753e-27,4.0047588033953714e-19,2.0475273305487652e-22,9.210707256037084e-26,1.9685035985281484e-22,1.786611132873836e-10,4.614608018668226e-12,9.487650043545119e-12,1.9019834774555634e-11,3.0152952996512264e-21,1.5750053345791292e-19,2.1390153601524966e-12,5.115434929890083e-11,4.7072765757926126e-26,9.797256851337308e-30,1.7894879275318163e-16,1.6651605970436668e-18,4.711908933958238e-19,1.04516743806456e-19,2.78253986790469e-16,6.443261973728272e-17,4.8331218695203106e-17,3.2595271381719466e-08,1.7507991284164392e-12,2.437256780978826e-09,3.4682405900543932e-12,3.8894251213175036e-07,4.711668542625416e-10,2.920295816143809e-13,7.613703802940408e-14,3.1383320090083035e-15,0.00028956138081624033,0.5000821013215149,9.177235725913817e-05,0.24990978421355134,4.294963189183159e-08,5.007844847445943e-12,2.072104879364834e-16,4.400782434709183e-14,4.800923714816351e-15,3.1829826819892456e-17,2.5393222202789697e-18,1.1797990107977517e-17,1.9865909391394993e-21,1.777613407580047e-15,2.8456809789624264e-07,1.4339785102560927e-08,9.702316309219635e-16,4.637296676859891e-14,0.0,1.165426824704118e-25,3.6894668585397314e-25,1.0559459537986712e-06,2.514180610669522e-08,7.570722562645114e-19,4.5137065996947896e-20,1.2958880296330156e-09,2.0819446717115315e-12,8.775827672157587e-10,9.906019015675002e-12,2.4170042163916418e-11,2.1616835924725662e-13,4.067136021191894e-09,2.956058461971372e-14,1.3003981149886968e-20,1.506194707278876e-17,1.2544950912860853e-15,0.09998527399154675,1.472682392601191e-05,6.746430801616139e-10,7.475073067343511e-13,8.253591943758654e-20,3.677091135426922e-11,1.1703424972042599e-12,1.4252630066594496e-17,4.84975305471601e-10,1.1233461732885006e-21,1.389753423849813e-13,3.7973830357640664e-13,3.827611728178855e-24,7.407710066168726e-21,1.4340609408294438e-15,1.355555430367597e-06,9.004445696324069e-07,6.176941912498333e-05,1.1698267226722815e-10,7.470003975370381e-11,1.5493457796210667e-14,9.465866274065138e-14,1.75355442952255e-19,1.4355344383776306e-08,9.611501641239373e-11,6.163980685558609e-09,2.055268707497483e-10,4.3831131132353054e-27,1.102400778738597e-11,1.1223397731286478e-10,2.9925955023291e-14,5.951581564791905e-09,2.6786253426459764e-11,2.810681663381695e-15,1.0797083937750618e-14,5.474071094958138e-13,0.0003306284146405245,1.3754515413584793e-08,1.8716917753382468e-08,1.1798395053680538e-10,6.495609424691403e-22,5.403522315853022e-14,4.544494219560603e-15,1.1438273449296241e-17,5.341663370987309e-20,5.168534170005902e-22,2.578619349027106e-06,1.679990120298635e-08,1.4694868256361939e-08,3.495209094476366e-06,4.786092970446429e-19,3.746025084200855e-20,9.23213127885537e-09,1.7701532058099153e-06,1.7034176164609073e-15,4.8550101277790575e-15,2.5362638879715198e-19,6.891970344156194e-17,0.0,0.0,4.597589131440429e-13,4.6890055305534114e-14,1.7944598745016681e-19,8.372852126104022e-15,7.2971582075965e-28,4.445707506689563e-21,8.206001416172386e-28,3.311665621731776e-31,1.373122701094374e-29,5.703219557374281e-10,2.314606015979628e-11,2.0673244637512396e-11,4.216069276186759e-19,6.660116081878755e-19,1.4619256800425228e-21,8.111630120392149e-13,9.401978116265761e-11,4.002878530863802e-17,6.715071792921122e-20
86465.07412679883,1.2221984939852438e-06,0.00017484134035714922,9.45542163771352e-12,4.6385137274562473e-14,4.172659441909118e-12,3.931780565677732e-14,3.3455482673192277e-13,1.15087496632099e-13,1.0806231398946938e-30,1.651976735595765e-23,3.4080302021412587e-32,5.041742529796432e-15,5.334957258801274e-15,4.0429198116316126e-21,1.0167690592974656e-17,6.67497658585151e-15,7.649854004231745e-35,1.050179097558156e-27,1.0576318120859288e-18,5.815248165652565e-22,4.260195163963619e-25,4.976830181876266e-22,1.7431218606626032e-10,5.158432986886807e-12,9.111182416091843e-12,1.8272462547363717e-11,5.023102340858576e-21,1.919387052521267e-19,2.0419842451318444e-12,4.2728246984377964e-11,9.081663214348671e-26,1.9995781338003408e-29,2.750573366527339e-16,1.5863828250192377e-18,6.174917526566981e-19,1.056478910416852e-19,2.684043222836201e-16,4.5789467456579695e-17,3.665692874619829e-17,3.3077742707326354e-08,1.9004531773526893e-12,4.784000652233646e-09,4.283737377376388e-12,9.233464564831804e-07,7.937109570362546e-10,1.0017942002508844e-12,7.98657548585208e-14,3.5389755227242954e-15,0.00033290291379137893,0.5001376938945563,0.0001293972245093542,0.2498623364122645,4.292638392720408e-08,4.19881547301887e-12,2.0057099315344905e-16,4.1776838391830273e-14,3.828134357294882e-15,3.641318306000528e-17,4.392980998912099e-18,9.784505355413027e-18,1.6841776593411992e-21,1.4632582185368119e-15,3.95650510477618e-07,2.013321546056608e-08,8.933354693746053e-16,4.3097000260568297e-14,0.0,1.4950430215082755e-25,8.45895133719665e-25,9.167413297727008e-07,3.072490708487846e-08,6.902642753192361e-19,1.7209955111615238e-19,8.141441370233772e-10,2.013886999954027e-12,1.1480428915468411e-09,1.2929081326722136e-11,2.7489677032568625e-11,2.1738506344567905e-13,5.436384180794216e-09,5.887455651088077e-14,3.769388065966024e-20,1.4512254998620327e-17,1.2134782910964223e-15,0.09997889101423967,2.1109800020680065e-05,6.758554979603748e-10,9.777021669489879e-13,1.9126972998616201e-19,3.965095298056049e-11,1.4432492829657254e-12,2.0708428420688756e-17,7.254500075829145e-10,7.489166373715861e-21,1.4746963778212738e-13,4.778845095935238e-13,6.714080937539626e-24,5.919972061342217e-21,2.857452265762485e-15,1.0197047872212665e-06,1.2362952127787391e-06,6.17556812958726e-05,1.2016043424170415e-10,1.562600505589074e-10,1.913588702915508e-14,1.0021435373495415e-13,6.753013586981645e-19,1.7969913707398557e-08,1.0512252436897455e-10,6.712076256774608e-09,2.1117590072565774e-10,6.318485274138106e-27,1.0159984757529445e-11,1.0024813183793501e-10,2.3649399328125936e-14,1.2703012486482958e-08,5.45816340909595e-11,3.210538975079967e-15,2.4358181278593725e-14,5.974169923596945e-13,0.00032807186581692156,1.91454949382822e-08,4.143711118280797e-08,2.2819323843014675e-10,1.3640868712928438e-21,1.0020303480937628e-13,1.5334995465826583e-14,2.426280354525425e-17,9.504534522751259e-20,1.0757517957339121e-21,4.409964889415882e-06,2.4694147534559482e-08,2.3724946044722544e-08,3.4861308642832543e-06,6.654395197886692e-19,3.2475909870359634e-20,9.779500608657807e-09,1.7689756503957525e-06,2.156878081999558e-15,4.24357721339352e-15,5.166015735468299e-19,6.753206747962e-17,0.0,0.0,4.940619970894599e-13,4.395418897894472e-14,1.8965291536762272e-19,7.275115437263668e-15,7.553008995580013e-28,3.622546792231087e-21,8.791055734884521e-28,4.784728149982682e-31,1.0201182545885663e-29,1.1758214456031318e-09,3.8667981469029306e-11,2.980780691267357e-11,8.960442536014652e-19,7.076129854995378e-19,1.8040213862927642e-21,2.590930981583505e-12,1.402198002164271e-10,2.6744646197298257e-16,5.933291720651208e-19
125035.77479913068,1.708545563711926e-06,0.00017322553459069327,1.0166245127781002e-11,4.8487430356216004e-14,4.08306317768259e-12,3.9479957939601036e-14,4.022533961471237e-13,9.777368010286902e-14,2.100786763881108e-30,1.917173411568783e-23,3.395415675871624e-32,4.649249676888576e-15,4.950423742032422e-15,4.113780947592305e-21,7.334962662423754e-18,5.515997465859482e-15,3.736934364795263e-34,6.956755334231266e-28,1.859668509901086e-18,1.2093925013090942e-21,1.5724480359772728e-24,1.036405217059027e-21,1.6830202784633604e-10,5.785209454246749e-12,8.621235904434082e-12,1.729735721560008e-11,6.54909313634165e-21,1.9885296508076599e-19,1.6533335495250297e-12,3.443510330364004e-11,1.478476244276729e-25,3.038506160060788e-29,2.7371490637006056e-16,1.0462637780573193e-18,6.034130010386017e-19,9.132525806543383e-20,2.0414063956435194e-16,2.7906718028562124e-17,2.6155606330313117e-17,3.351898578335311e-08,2.0383195222816586e-12,8.484654447510252e-09,4.743905360460654e-12,2.0473742385974335e-06,1.2266669423364873e-09,2.8824974453511844e-12,7.794105408990205e-14,4.523245051862959e-15,0.000390830891362389,0.5002385556857839,0.00017975895891717434,0.249785521522463,4.2894807453360504e-08,3.119483629711333e-12,1.645472394160724e-16,2.985210850101047e-14,2.92591873572113e-15,3.6493679063808553e-17,5.769498184950399e-18,6.7318155739220284e-18,1.1042498236572801e-21,9.610133101607823e-16,4.981364185324277e-07,2.8183210861924136e-08,7.777001407922338e-16,3.932988194353377e-14,0.0,1.812297793352776e-25,1.4507977639520557e-24,7.794405705670792e-07,3.6642899259679e-08,6.141651810538789e-19,4.765023707914847e-19,3.74094161175058e-10,1.7622523199064411e-12,1.101773167194324e-09,1.4175356863319755e-11,2.5684188067295937e-11,1.6432900735438785e-13,6.524894411677908e-09,9.529017992774416e-14,8.370482411343023e-20,1.1973902048982332e-17,1.2926583436647948e-15,0.09996997200732266,3.002880521078698e-05,6.77582221208393e-10,1.0727344815571956e-12,3.3253991880702316e-19,3.532818037998986e-11,1.7252707199741643e-12,2.8880920238493034e-17,9.92828555421719e-10,3.7412315375010115e-20,1.564363844841119e-13,5.807966351058886e-13,1.0318808804434947e-23,4.370085463092677e-21,5.4754128446118235e-15,6.388322271402419e-07,1.6171677728597632e-06,6.173900955221269e-05,1.2624925197232107e-10,3.262917755830742e-10,2.791575626250997e-14,1.2116348120587095e-13,2.0949736445085806e-18,2.037831129178622e-08,1.1792408895462572e-10,6.3832976939121e-09,2.1611199958161784e-10,5.4730849339680545e-27,7.61203169843213e-12,8.732534736960076e-11,1.7951803693110075e-14,2.3249722851947764e-08,1.011556079700799e-10,2.879777070365741e-15,4.640539677987672e-14,5.771619179241509e-13,0.00032415696336194017,2.6278154091471804e-08,7.980391819072671e-08,4.370114707167153e-10,2.0281369005515865e-21,1.5682557237113155e-13,4.321961503619999e-14,3.937570921109758e-17,1.5137177555041607e-19,1.8583187000907216e-21,6.974741717643138e-06,3.6746785486805954e-08,3.789833389304783e-08,3.4719041740286202e-06,7.848297189136635e-19,2.702513394369873e-20,1.0455595868147552e-08,1.7674273902733333e-06,2.1517852279546378e-15,3.4315097243114842e-15,7.693963151164938e-19,5.627804986373471e-17,0.0,0.0,4.5366520031158964e-13,4.094430662068228e-14,1.6621290281614124e-19,6.1879521338038e-15,6.207021210638392e-28,2.87076257077592e-21,7.334788942452326e-28,5.255163867406694e-31,7.161100635069461e-30,2.0187629000163396e-09,5.919080638829327e-11,3.8553711742158765e-11,1.757754901024976e-18,6.398783237663023e-19,2.1091542347819806e-21,7.261071233719728e-12,1.8873940977370098e-10,1.3556034075876359e-15,3.866828755919628e-18
180812.25439872022,2.4650354055759037e-06,0.0001704523078469767,8.391128327625887e-12,4.588425629653898e-14,3.2564464942267247e-12,3.554042634695064e-14,3.616827461506291e-13,7.357930815547023e-14,1.9529504726759557e-30,1.2236675011000891e-23,2.2787533852900867e-32,3.0317644044892833e-15,3.461574948407311e-15,2.4444514069621764e-21,4.596810995715067e-18,3.641982786606513e-15,1.1695108162163813e-33,2.444881448761325e-28,1.773789997616355e-18,1.5555735466165819e-21,4.216626756374689e-24,1.3792459023230054e-21,1.612635947766306e-10,6.650276474682395e-12,8.064274221498383e-12,1.6184034859015167e-11,6.490586664721966e-21,1.7900720203169357e-19,1.1931589552412493e-12,2.7082683989078308e-11,1.8626140556212292e-25,3.205076535601007e-29,1.4597569085419754e-16,4.586870556781374e-19,4.554729784337109e-19,6.901776791710221e-20,1.2316859447997394e-16,1.5349193499208638e-17,1.797007492619584e-17,3.3768114458609954e-08,2.2311483330814614e-12,1.2562710282553239e-08,4.483806650394541e-12,4.05948872074018e-06,1.6416301533372741e-09,6.335960391455909e-12,7.911768473069979e-14,6.055584437270763e-15,0.00046463145404368906,0.5004260546017645,0.00024402133398987102,0.2496583922216404,4.285298213681541e-08,2.314479332925238e-12,1.2011537315601943e-16,1.777089492766507e-14,2.128905472895684e-15,3.25685396552491e-17,5.373680627739767e-18,4.073791718278762e-18,5.657021443096454e-22,5.159597558673912e-16,5.690702572645879e-07,3.792640528463019e-08,6.702561822232235e-16,3.535383967988793e-14,0.0,1.8883721315796533e-25,1.6711266704347653e-24,6.544233607571601e-07,4.1469391352232935e-08,5.201849440752563e-19,7.939693645511139e-19,1.2578135166316958e-10,1.5585620609615226e-12,7.308531766307104e-10,1.197458309269048e-11,1.8233529268070324e-11,8.102608787204491e-14,6.841229498634399e-09,1.1643364453159462e-13,1.4232458220620266e-19,8.962186453892308e-18,1.4274580088775431e-15,0.09995790279285649,4.2098017295073206e-05,6.799640937419173e-10,9.055767566218567e-13,3.9074430903204425e-19,2.603763458084342e-11,1.9240747175800843e-12,3.4710103438565777e-17,1.2044818468426499e-09,1.1188924908342375e-19,1.6496237285392925e-13,6.372413361427867e-13,1.2546907105573508e-23,3.1498942756997523e-21,9.063513056891153e-15,2.9378584572582677e-07,1.9622141542741764e-06,6.172623323011668e-05,1.3507829336516863e-10,6.387782390814411e-10,4.7816065582431134e-14,1.6863432394879214e-13,4.4359184131803745e-18,2.002309487024928e-08,1.3084777396065338e-10,5.223756713128437e-09,2.1223876496244707e-10,2.7672360950329255e-27,4.731782118712703e-12,7.207290189286088e-11,1.2755429068884407e-14,3.3178885257404454e-08,1.5029972605297686e-10,2.0522320005227066e-15,6.423397903594861e-14,4.765058717255706e-13,0.0003192546783738918,3.523816945248668e-08,1.2185957954430974e-07,7.070742536492059e-10,1.7837649767957698e-21,1.9071945268378286e-13,8.888228609279958e-14,5.2188072756342816e-17,2.047027282284896e-19,2.4588023556857223e-21,9.657580249186838e-06,5.339149853130647e-08,5.53794218701428e-08,3.4543845036670445e-06,7.874173275114645e-19,2.2170774295843054e-20,1.1582268294362382e-08,1.7656862779857405e-06,1.6025827986129323e-15,2.6122876974307705e-15,7.797986694385563e-19,3.7724976037290625e-17,0.0,0.0,3.6056807177909733e-13,3.890840777290341e-14,1.3064419701048404e-19,5.196118031172117e-15,4.054057621966807e-28,2.2920832708792982e-21,4.613023998849224e-28,4.211525912954936e-31,4.804237663173646e-30,2.6114908121969447e-09,7.738076345156921e-11,4.21732146626026e-11,2.9748405413964544e-18,4.994738707002644e-19,2.195306941640652e-21,1.5449301905074036e-11,2.1914622384159936e-10,4.17912287467729e-15,1.479927162233823e-17
261469.73850698897,3.718489174585289e-06,0.0001664931753715965,5.180678402233189e-12,3.803086339185454e-14,2.062449138058717e-12,2.7849164382620847e-14,2.2406934216809692e-13,4.8210878185656985e-14,6.944372650459716e-31,3.82571796306748e-24,1.1384227263030182e-32,1.450166408159306e-15,1.9429499317424704e-15,9.575512477619745e-22,2.5018016442777947e-18,1.891007419956828e-15,2.130246217439851e-33,5.248672749471125e-29,7.809260365154476e-19,1.03022595629885e-21,7.665028156048729e-24,9.17983235857185e-22,1.5478001685125285e-10,8.01412141512937e-12,7.533714655853604e-12,1.5113364540310056e-11,4.8226105526917084e-21,1.4330858348467303e-19,8.657887495315097e-13,2.1211089083030725e-11,1.8422953900528964e-25,2.2942262462444734e-29,4.370710417841965e-17,1.5684412733887273e-19,2.9720364464642095e-19,4.6769130925461893e-20,7.131625431992452e-17,8.426895970113616e-18,1.227692540875896e-17,3.383444049130534e-08,2.5420157354816463e-12,1.4478743251856184e-08,3.5827752347965293e-12,6.764138798713192e-06,1.8218689853344034e-09,9.62755570537029e-12,7.142884373253931e-14,6.61803190996741e-15,0.0005534726288405252,0.5007701529897232,0.00032116755822715517,0.2494471155345901,4.279812774416366e-08,1.9709770069964496e-12,8.802228839724272e-17,1.0643945982856032e-14,1.4707062878808692e-15,2.6227427557256397e-17,3.813016359477331e-18,2.4764075351304228e-18,2.7447374562612856e-22,2.4176315998317787e-16,5.865729778171536e-07,4.7029413002660206e-08,5.833713937860311e-16,3.155649028040324e-14,0.0,1.471469494481082e-25,1.2358476181894245e-24,5.482218725089022e-07,4.3137105421617924e-08,4.0119242775507043e-19,6.497737528804319e-19,5.946289630485338e-11,1.583619647418865e-12,3.81086007095126e-10,8.213574020245373e-12,1.0480280461118003e-11,2.28038688751999e-14,6.106810596505961e-09,1.0135216707251274e-13,1.962764817767107e-19,6.7774492017304826e-18,1.2999288686153332e-15,0.09994238178629256,5.761902077416381e-05,6.830490054643326e-10,6.202159651218335e-13,3.0979925071444356e-19,1.6652908798351113e-11,1.9452677064208535e-12,3.177222041150852e-17,1.2525907834036992e-09,1.600363810945216e-19,1.7252864558131184e-13,5.764446793003389e-13,1.0410481504825325e-23,2.292214437161938e-21,1.1309933629761383e-14,8.266201821010606e-08,2.173337981789892e-06,6.172690522440336e-05,1.4265385439779758e-10,1.0769492756761433e-09,8.498512652429197e-14,2.444241110409704e-13,5.669755215345262e-18,1.6848114756129646e-08,1.3725551252630017e-10,3.796876358222308e-09,1.9375611542522155e-10,1.0377300308302128e-27,2.709427067721607e-12,5.516799950011933e-11,8.301747357931115e-15,3.469616135184159e-08,1.6567258908332764e-10,1.2411594276163816e-15,5.704147472467263e-14,3.3654456355564685e-13,0.0003149046842739054,4.585226850551825e-08,1.362588505331478e-07,8.590530129940461e-10,9.031288777288185e-22,1.6873962815715365e-13,1.1903823086198293e-13,5.09472793437707e-17,2.0485639910425014e-19,2.147735057584024e-21,1.1215200358710114e-05,7.231129927235491e-08,6.662684318235409e-08,3.4431375705298973e-06,6.890400830497644e-19,1.7638271821979934e-20,1.2255712732584876e-08,1.7652222630338576e-06,8.91208853499995e-16,1.981780344564842e-15,4.708832999001535e-19,2.0045898090678507e-17,0.0,0.0,2.766278185336554e-13,3.5765291822126347e-14,9.939559702622296e-20,4.356629053888917e-15,2.3223502568511077e-28,1.7667593729938753e-21,2.4512867838317625e-28,2.7446174655069377e-31,3.034797768342967e-30,2.4025571503779483e-09,8.178729758216556e-11,3.736013822123552e-11,3.6450708131542335e-18,3.7624149588538374e-19,1.861554326360304e-21,2.116515579148615e-11,2.1314937580652885e-10,6.2716750159835765e-15,2.6517507141645102e-17
378107.249324784,5.7111680215502466e-06,0.00016239105918340927,3.0123040746055733e-12,3.0860464866966906e-14,1.2212040667394454e-12,2.1268563764083214e-14,1.0915855545899061e-13,3.0964432115203623e-14,1.55652050274704e-31,1.022790005318336e-24,5.5869878361720935e-33,6.516785991363132e-16,1.0058015209692093e-15,3.2094771561759683e-22,1.347174238926236e-18,9.21775263146377e-16,2.6885061315143457e-33,1.2831473471634205e-29,1.711693877332271e-19,3.3653224733776733e-22,9.836063880638287e-24,3.069823333979497e-22,1.5053151680226215e-10,1.003234775295548e-11,7.117273361974581e-12,1.4257248623406776e-11,2.6519215583530726e-21,1.0565673501608445e-19,6.653489685275675e-13,1.686950392648453e-11,1.53887285766175e-25,1.1800870389166178e-29,1.2045521451212322e-17,5.1827562513082656e-20,1.8163834177965695e-19,2.9568197538904784e-20,4.5347960777653586e-17,4.853571178198618e-18,8.5431545164782e-18,3.3846552302511406e-08,2.9313867835462906e-12,1.2410274716251095e-08,2.6043125609977836e-12,8.877393795795065e-06,1.7295488880407238e-09,9.870181260858458e-12,4.7123392424511196e-14,5.277449573850517e-15,0.0006555556424688256,0.5013738102450602,0.0004085176724179496,0.24910177842544892,4.272481287112368e-08,1.7931962080451335e-12,6.808001906891463e-17,6.87716688106894e-15,9.859946805639095e-16,1.9635239764335327e-17,2.25984896523871e-18,1.6077020704441808e-18,1.4540136232573953e-22,1.0679943700250431e-16,5.523384991833369e-07,5.338046770631268e-08,5.14945510997686e-16,2.8180338429086663e-14,0.0,8.253166584838283e-26,6.931205232508228e-25,4.615637270320216e-07,4.128035408623587e-08,2.803985117443478e-19,2.643972639496242e-19,4.701393668689793e-11,1.7091778101883835e-12,1.878697312240033e-10,5.174829455757372e-12,5.562521804645563e-12,5.754569600940958e-15,4.779070396424135e-09,6.68421374846221e-14,2.322150006324589e-19,5.2961010098374754e-18,8.800984655163746e-16,0.09992356499586814,7.643580753431062e-05,6.867133101165834e-10,3.9009337623658204e-13,1.92077625524742e-19,9.991721271901634e-12,1.8122917428933175e-12,2.1733895875641782e-17,1.1400650852885722e-09,1.1147676114317654e-19,1.790386070565763e-13,4.1703377767990337e-13,5.63389979474641e-24,1.708536709387975e-21,1.0249511362616559e-14,1.508307640724267e-08,2.240916923592754e-06,6.173974479285766e-05,1.452326685234077e-10,1.4477761707835355e-09,1.3280825454745578e-13,3.164745634663244e-13,4.0793463086828255e-18,1.2952459858530938e-08,1.3571925375775255e-10,2.607685654398289e-09,1.6616019300813992e-10,3.9216867795973256e-28,1.5214923989141312e-12,3.9875537484177484e-11,5.057463974221925e-15,2.854160978906902e-08,1.4444893532506928e-10,7.027979116599839e-16,3.4399471190301004e-14,2.1894376957474618e-13,0.0003128612974304091,5.791014863622097e-08,1.1625473055460412e-07,8.041587339529044e-10,3.97332863409137e-22,1.143832934813807e-13,1.0165500001645603e-13,2.9725735309071606e-17,1.2271003678374309e-19,1.2094463637172941e-21,1.1193625171406662e-05,9.026517984420597e-08,6.334293545244646e-08,3.4464580335805853e-06,5.1787004256118705e-19,1.3142480866846355e-20,1.1685211006036315e-08,1.7664882283302001e-06,4.549923574377843e-16,1.5563293668691238e-15,1.7839526041786675e-19,1.0021811031495172e-17,0.0,0.0,2.2082389432165477e-13,3.0735047533764883e-14,7.151473100739946e-20,3.675551664315372e-15,1.2992542706612837e-28,1.2797758805916953e-21,1.30177163643831e-28,1.720107428049886e-31,1.8214215825558847e-30,1.7258242520834325e-09,7.249517532633539e-11,2.7983977258957083e-11,2.706416648043748e-18,2.9430895608974365e-19,1.2448647415783198e-21,1.8284371823243033e-11,1.7980020188454734e-10,4.664024803604697e-15,2.2666855822584422e-17
546774.9071395234,8.464894091171443e-06,0.00015967512385447146,2.0517181885838383e-12,2.6748609535026362e-14,8.111092509792732e-13,1.7356158475219858e-14,5.957747749291878e-14,2.1496480285844506e-14,4.4625682613622963e-32,4.53023665997754e-25,3.248313293344789e-33,3.465660678804738e-16,5.361106099682882e-16,1.1274594295975893e-22,7.962072377325346e-19,5.144044447748298e-16,2.9826997741730955e-33,4.3785512880362496e-30,3.590403058181227e-20,8.11667489627561e-23,1.035244995026583e-23,7.924422575817802e-23,1.4894426082711832e-10,1.2537549213596069e-11,6.835485697020785e-12,1.3664434004439737e-11,1.1791865964409215e-21,7.656302064399962e-20,5.364899302097826e-13,1.3782193028880787e-11,1.0858346083998781e-25,5.499184525625889e-30,3.943485552771012e-18,1.8577670274464236e-20,1.121093286132815e-19,1.866521747766217e-20,3.114623719320561e-17,2.959877282768631e-18,6.1445593853495385e-18,3.385293112286801e-08,3.350581423876997e-12,7.877136029336265e-09,1.9065679339883215e-12,8.845760805700807e-06,1.5519290383328577e-09,7.465344500233075e-12,2.8027146552228124e-14,3.7544158713424605e-15,0.0007673264434273576,0.5023885979360653,0.0005010760910662244,0.24854860521918717,4.262595242346898e-08,1.6417319901725667e-12,5.4962044974662656e-17,4.761971034373405e-15,6.749828028819482e-16,1.4526876153401092e-17,1.2784024836853178e-18,1.1093722128804302e-18,8.422513633488916e-23,4.8831525470730866e-17,4.995760720252564e-07,5.738206181338629e-08,4.595836137370403e-16,2.5243607019598642e-14,0.0,4.1289066041493765e-26,3.9472743043833902e-25,3.9272448508643405e-07,3.782498043683037e-08,1.933131422568996e-19,8.130192758431926e-20,4.0240740562413064e-11,1.8358231556023206e-12,9.656868350069834e-11,3.289196332584506e-12,3.0122809312045936e-12,3.637775059690159e-15,3.59074146587952e-09,4.023987049913448e-14,2.432093946868574e-19,4.254842607833694e-18,5.421249214126997e-16,0.09990161515882631,9.83856404644742e-05,6.908250124308255e-10,2.4745495715140296e-13,1.1566804094043038e-19,6.111141017888538e-12,1.6342601799115392e-12,1.3217007239282532e-17,9.865292284958279e-10,5.67556409688053e-20,1.838443015098132e-13,2.751129968106894e-13,2.6171443318576028e-24,1.3055383139900226e-21,7.96445743188078e-15,7.389772641745172e-09,2.2486102273582554e-06,6.175480072799848e-05,1.4447380801295954e-10,1.4556685676072199e-09,1.610297518344672e-13,3.2404410151917267e-13,1.574649197619826e-18,9.965156314424017e-09,1.3094362566337921e-10,1.804585090324579e-09,1.3974132756048548e-10,1.639012434336558e-28,8.792251606227862e-13,2.858049315649231e-11,3.0709134720608394e-15,2.1965019840180925e-08,1.1745171446643736e-10,4.09481544163052e-16,1.8552284067320383e-14,1.4433226187212826e-13,0.000313670510712708,7.10925390303731e-08,9.094382520599349e-08,6.86301585719526e-10,2.0887917996350231e-22,7.203075013671993e-14,6.029260151115287e-14,1.4236292715495818e-17,5.999161031252831e-20,5.78545570289393e-22,1.0498076907791938e-05,1.0687303026798245e-07,5.382495041901647e-08,3.4560171197471343e-06,3.6121326352977667e-19,9.653760604254695e-21,1.0661324942465192e-08,1.7680877196388995e-06,2.7229463299119123e-16,1.274079345056416e-15,7.15378455668321e-20,5.68962445443995e-18,0.0,0.0,1.82722477478661e-13,2.6057440498608268e-14,5.128461519004581e-20,3.1359705377310754e-15,7.598601862529128e-29,9.247226546092902e-22,7.382454594110673e-29,1.1094731933719628e-31,1.1083435406486752e-30,1.1705687627512408e-09,6.027158766816995e-11,1.9901598344138835e-11,1.553462364438025e-18,2.3797301229182777e-19,7.596617212855716e-22,1.2813368025353787e-11,1.444260122542194e-10,2.5695899777580932e-15,1.3856139086288197e-17
790682.5367969447,1.1608229445972972e-05,0.00015852143550118121,1.5753847735616628e-12,2.425470665998122e-14,5.949740649294487e-13,1.4882046031636888e-14,3.796011202861751e-14,1.5995049644327943e-14,1.5562444293262154e-32,2.660892080520818e-25,2.1713713237194098e-33,2.1296927106912886e-16,3.1383615214565546e-16,4.647387815067744e-23,5.156254829891013e-19,3.2684401474610514e-16,3.157070967119601e-33,1.9097702725994556e-30,1.0683113970243961e-20,2.906483108755653e-23,1.009712254347854e-23,2.106890890947885e-23,1.485311737281671e-10,1.505105167446162e-11,6.62517514671137e-12,1.3231611960222822e-11,5.832697529084734e-22,5.678312065244459e-20,4.5001996755027713e-13,1.1596407923513093e-11,5.984021589349366e-26,2.899404889674394e-30,1.5753551477420075e-18,7.75297200573416e-21,7.334301342049334e-20,1.2332061908817726e-20,2.2838697842501402e-17,1.9337694373986066e-18,4.60931599575605e-18,3.385750753479636e-08,3.757593305491854e-12,4.293096823237932e-09,1.4743671005824073e-12,6.860874808142048e-06,1.394268835402378e-09,4.609932659942698e-12,1.851787041426536e-14,2.8495644244666165e-15,0.0008799817498559517,0.5040449194890995,0.0005891306084501286,0.24767691043076806,4.249643961319084e-08,1.5088524208130821e-12,4.590734249113628e-17,3.525831736011988e-15,4.867807032270079e-16,1.103954484213849e-17,8.005933876575469e-19,8.124276401902759e-19,5.344738470604611e-23,2.4917810416750893e-17,4.498962430298142e-07,5.9702305397298e-08,4.152857006814358e-16,2.2792286498946443e-14,0.0,2.2911613737644778e-26,2.4946109179753165e-25,3.403756169297582e-07,3.4194520159135066e-08,1.4123128092625747e-19,2.4966514340137627e-20,3.5284184727187684e-11,1.9418347501910944e-12,5.4956453218100784e-11,2.2294958981041588e-12,1.773593379415606e-12,3.1308149818731683e-15,2.7525818237498656e-09,2.5015369635025687e-14,2.292261320109927e-19,3.549431124145333e-18,3.635364413153074e-16,0.09987584187384237,0.00012415892067690806,6.955965245675536e-10,1.6725213139852253e-13,7.538967154533674e-20,4.020757905314998e-12,1.4676184864697525e-12,8.552063982486544e-18,8.549860850234348e-10,3.010165036946933e-20,1.8634718466862743e-13,1.9189075599419827e-13,1.3869598394908766e-24,1.0303777371502582e-21,6.2796546479343694e-15,7.337895386096589e-09,2.2486621046139082e-06,6.176634323071797e-05,1.43608754323992e-10,1.036968126320815e-09,1.4173870914743284e-13,2.467967897184558e-13,3.977406424389865e-19,8.01276012349105e-09,1.2646262355693116e-10,1.3133202241289367e-09,1.1927106812816997e-10,7.797267917173745e-29,5.478582188157103e-13,2.1193367869476795e-11,1.9660405439859313e-15,1.738844913378865e-08,9.711068798031885e-11,2.5989453107665718e-16,1.1148669374983993e-14,1.0137877376971334e-13,0.0003164545358494169,8.425697260242603e-08,7.321428329383698e-08,5.915650895001319e-10,1.2456822406122653e-22,4.788811523971142e-14,3.0392898005884176e-14,7.681613819771721e-18,3.2671220692438323e-20,3.0277764961833637e-22,9.763673399833355e-06,1.217321153804628e-07,4.689759673541667e-08,3.4629752627808004e-06,2.6714914029617473e-19,7.427964581907701e-21,9.750395013224583e-09,1.7693562276451688e-06,1.880891729358142e-16,1.0835538798720496e-15,3.5597419329500273e-20,3.641154866774498e-18,0.0,0.0,1.5640131535068456e-13,2.2627053937979536e-14,3.8670832263307143e-20,2.7268668782723613e-15,4.852768260500777e-29,6.97653906650402e-22,4.618786099470438e-29,7.609185749745733e-32,7.199132939583742e-31,8.284187236069407e-10,5.0294013737612434e-11,1.4481572525377317e-11,9.369726968483192e-19,1.9885167456025583e-19,4.970427006106382e-22,9.258968304796385e-12,1.1733801586564242e-10,1.4841544018246091e-15,8.586363318182555e-18
1143393.4985537303,1.4549434842977433e-05,0.00015770464555632833,1.289446150827119e-12,2.2316559841869257e-14,4.638469948036005e-13,1.3044499496220198e-14,2.630537875760275e-14,1.2480123658289136e-14,7.099972057599499e-33,1.7682432908789865e-25,1.58231212083065e-33,1.4404220840661744e-16,2.0531060696335855e-16,2.3374068632603857e-23,3.5997186012883927e-19,2.2723532966355967e-16,3.258447985238701e-33,9.877410419339073e-31,4.2382367412309645e-21,1.4474689438405356e-23,9.45291234459951e-24,7.070385546799717e-24,1.4699141294012875e-10,1.7045473728349412e-11,6.393339197620558e-12,1.280323757037437e-11,3.590393997125398e-22,4.3303282068804353e-20,3.891439606856762e-13,9.996340839170791e-12,2.2309869704022352e-26,1.703096950135036e-30,7.715814491206527e-19,3.874124543081402e-21,5.1310518800038297e-20,8.629022597814348e-21,1.7718567344548186e-17,1.3594227653315871e-18,3.606628946054834e-18,3.3860931834181534e-08,4.109534994171306e-12,2.6182771993404067e-09,1.2127696170208131e-12,4.738972554248765e-06,1.2593860199988413e-09,2.674721911126852e-12,1.3624957253539141e-14,2.3205307330940637e-15,0.0009824323185324722,0.5066639921299891,0.0006620018422850749,0.24633137824753215,4.232718268263173e-08,1.3963540943402165e-12,3.935040824756428e-17,2.7628695986227995e-15,3.698910035463386e-16,8.668111181792042e-18,5.620997950936695e-19,6.297247642559052e-19,3.698731432803908e-23,1.460317947009162e-17,4.0771817844368667e-07,6.037329679784579e-08,3.815459238873223e-16,2.0867169590959085e-14,0.0,1.4585953787943412e-26,1.7319472989122579e-25,3.021518009109045e-07,3.080376826969457e-08,1.1025259872716447e-19,9.398149699209643e-21,3.15449992450733e-11,2.0172774849558096e-12,3.5576035122656655e-11,1.6437296155971705e-12,1.1646821351384273e-12,2.773008907480321e-15,2.18200458236239e-09,1.65242103688176e-14,1.9503773863502941e-19,3.0528018739835736e-18,2.675481375195646e-16,0.0998454314290977,0.0001545693597601102,7.012580920323709e-10,1.2274164046537139e-13,5.339994157658284e-20,2.8993499408913506e-12,1.3218501109190183e-12,6.140088717108447e-18,7.476518209300991e-10,1.7774925189004388e-20,1.866420490705434e-13,1.4543449959855988e-13,8.644013941790305e-25,8.488082316698186e-22,5.17189931211558e-15,7.494959639655747e-09,2.248505040360352e-06,6.177357397281426e-05,1.4430277147959395e-10,5.570203307019397e-10,9.725953874143464e-14,1.5081786974359905e-13,1.2382961062417326e-19,6.811392831281452e-09,1.2360542707054194e-10,1.0241293016296941e-09,1.0511648193683337e-10,4.2345158101610714e-29,3.76332538103944e-13,1.6638236282474256e-11,1.3670498255789052e-15,1.434115884375261e-08,8.244774945767931e-11,1.824532336216359e-16,7.718744865806721e-15,7.724244716684271e-14,0.00031930691689172915,9.559252460056615e-08,6.12769774829377e-08,5.192070174378037e-10,8.124961524152722e-23,3.426456869848281e-14,1.7114898793709898e-14,4.763578249020951e-18,2.0219955371745248e-20,1.7996700637194356e-22,9.083526899949247e-06,1.3310013234848762e-07,4.2703408117060125e-08,3.467191061312696e-06,2.1335641708272677e-19,6.033550220048391e-21,8.984394004251645e-09,1.7703394807125428e-06,1.4243861972662018e-16,9.4710050015635e-16,2.026477837560125e-20,2.543831619785385e-18,0.0,0.0,1.38638159336823e-13,2.017274427966683e-14,3.0848549848635636e-20,2.430600280467097e-15,3.392285448668858e-29,5.5406135878649e-22,3.1823495510159654e-29,5.555633643094509e-32,5.0556080478694565e-31,6.221605328511777e-10,4.27897438212565e-11,1.1012672092770668e-11,6.238878943001579e-19,1.7219049238984657e-19,3.592367500418127e-22,7.1826009477661e-12,9.788732180173503e-11,9.53819684623304e-16,5.745679741995982e-18
1653443.236309495,1.6832983512675446e-05,0.00015675387300500003,1.0895658106212422e-12,2.0519471719829452e-14,3.7507973858431196e-13,1.1512640259532159e-14,1.918049926813115e-14,1.0038578960522547e-14,3.976023005936321e-33,1.2516743881434514e-25,1.215121749603562e-33,1.0410543780174455e-16,1.475539375454953e-16,1.3917793336782e-23,2.6598893311503166e-19,1.6801453819802566e-16,3.3064092462987864e-33,5.752289654439734e-31,2.0721454669970863e-21,8.177962392028328e-24,8.46749130347324e-24,3.0211016499630884e-24,1.4312713638080423e-10,1.8223416436739334e-11,6.091248193168858e-12,1.2308543612054766e-11,2.414556553309925e-22,3.375814852002259e-20,3.432918285154387e-13,8.761434956355142e-12,4.7957103043491846e-27,1.0676958117274306e-30,4.449129101860366e-19,2.252354733520053e-21,3.797130987539093e-20,6.3503948160342766e-21,1.433415826156676e-17,1.0171007502453419e-18,2.9189672092709434e-18,3.3863555356468004e-08,4.394058083736709e-12,1.8514494931709312e-09,1.0490467922002158e-12,3.407578740511357e-06,1.1430689625423313e-09,1.6782373877254409e-12,1.0763555493485789e-14,1.976366889476618e-15,0.0010687424057413775,0.5106635041802431,0.0007160608462110328,0.24430498367022513,4.2089485451447206e-08,1.3032424756431325e-12,3.4268495225855814e-17,2.2567554120887404e-15,2.930157887573261e-16,6.99565110771443e-18,4.2933864717861786e-19,5.108815415743203e-19,2.7440153811304935e-23,9.665376951222337e-18,3.724265732122408e-07,5.973297646131102e-08,3.560671423367172e-16,1.9379060190665895e-14,0.0,1.0375164149528429e-26,1.2970138213236462e-25,2.740269536767023e-07,2.7784825229391846e-08,9.079171570755825e-20,4.392869132443716e-21,2.8682157356859878e-11,2.0651856158497655e-12,2.5676055453653225e-11,1.3024326619451981e-12,8.412679466838713e-13,2.476666084044859e-15,1.787700726657542e-09,1.1592640128781613e-14,1.4996536342351838e-19,2.673141331809333e-18,2.1011587174962121e-16,0.09981221605908018,0.00018778472411485722,7.069208944092728e-10,9.653246326345028e-14,4.02152265821843e-20,2.263402970784018e-12,1.1982703337119646e-12,4.816314701036982e-18,6.599294289520636e-10,1.1523354829268649e-20,1.8498220667431732e-13,1.1791353529595057e-13,6.095915809520515e-25,7.286159086387351e-22,4.416592259859323e-15,7.673848862551803e-09,2.2483261511374534e-06,6.177787120650143e-05,1.4632154707186422e-10,3.142638467721884e-10,6.997071451370053e-14,9.903771888803688e-14,5.559952684972174e-20,6.064194863537602e-09,1.221477073505257e-10,8.487746064578255e-10,9.551551600598636e-11,2.5721347322454974e-29,2.8180202549274325e-13,1.3782721874502302e-11,1.0271289433346405e-15,1.2253282683870466e-08,7.166802671502253e-11,1.3940932280345239e-16,5.970335496508405e-15,6.321213324911727e-14,0.00032130289702305,1.0421935709879657e-07,5.2878880321746816e-08,4.62287088522618e-10,5.660320121324254e-23,2.6118895191497064e-14,1.1161066135958866e-14,3.2603044733262297e-18,1.3710461965650283e-20,1.1845559421003866e-22,8.46163375685427e-06,1.4049338931668145e-07,4.0129722320802837e-08,3.4697800927948604e-06,1.8055244046921748e-19,5.128222925758131e-21,8.34307570423598e-09,1.7711180934282096e-06,1.1418484353098784e-16,8.411190000856933e-16,1.263479811676535e-20,1.8916336436068105e-18,0.0,0.0,1.265382156054858e-13,1.837512426496487e-14,2.5788571959093516e-20,2.216924013582742e-15,2.555451294303206e-29,4.60101439548059e-22,2.3725074493238796e-29,4.281441209540578e-32,3.8041523558870124e-31,4.927435364475405e-10,3.7187297822974735e-11,8.751945174325762e-12,4.512208121980293e-19,1.5370196210704375e-19,2.819998071372805e-22,5.896888391496448e-12,8.387812922644156e-11,6.698495519662292e-16,4.110267347260559e-18
2391018.0870852144,1.8266380554912348e-05,0.00015609312521675992,9.30602329351133e-13,1.875204696485745e-14,3.080329899276937e-13,1.0142856430163455e-14,1.440667464020693e-14,8.187616044220945e-15,2.4629321243868e-33,9.09960515849991e-26,9.525787556129162e-34,7.83345558560726e-17,1.1309357044280247e-16,9.2353874648073e-24,2.032142448559987e-19,1.2883832032283706e-16,3.296595820762261e-33,3.5805582564650056e-31,1.1588746914924601e-21,4.9178402769078195e-24,7.150672809097942e-24,1.5087413245684571e-24,1.366944710986302e-10,1.8530363337333465e-11,5.701707404411899e-12,1.173138432762524e-11,1.6934353195162092e-22,2.6594060562008202e-20,3.049740383940901e-13,7.730000083031043e-12,8.421932363069566e-28,6.973165372303965e-31,2.8354914760502852e-19,1.4395065034427807e-21,2.902128217674892e-20,4.81974125022648e-21,1.1836923724840996e-17,7.904048448363658e-19,2.4040577714593955e-18,3.3865563758819565e-08,4.640628206627413e-12,1.428551217186239e-09,9.37201123439732e-13,2.6358205961483294e-06,1.0456179930952984e-09,1.1564548902382475e-12,8.824019453820866e-15,1.7237405583787745e-15,0.001140438597761906,0.5165991767290931,0.0007569055690562106,0.2413170740419018,4.173006803539288e-08,1.2268793328302792e-12,2.9906723047946144e-17,1.8851472912263343e-15,2.3809546626693383e-16,5.7349504570835125e-18,3.43387330210943e-19,4.2544634903855974e-19,2.1202136956227034e-23,6.9176969593776475e-18,3.4186989678937507e-07,5.8442004813581276e-08,3.352852440832593e-16,1.8160744822499667e-14,0.0,7.909127370734471e-27,1.0204589871116639e-25,2.5158075520551134e-07,2.516345531014941e-08,7.722937856596436e-20,2.349775463690154e-21,2.646842660473571e-11,2.100307036269327e-12,1.9849321660720124e-11,1.0824168556192725e-12,6.471540476306938e-13,2.204582783476214e-15,1.5043871121935645e-09,8.534844774264978e-15,1.0619165919312446e-19,2.3474505314382448e-18,1.7110892396031954e-16,0.09978069023008727,0.00021931054956457748,7.104641251019555e-10,7.92927497656346e-14,3.123775287249183e-20,1.8564287005811825e-12,1.0963243306324745e-12,3.995813305983929e-18,5.880176788217452e-10,7.975849555063132e-21,1.81407631358448e-13,9.963687693974887e-14,4.633339923941827e-25,6.432369232208655e-22,3.8705377068380755e-15,7.840819133017572e-09,2.248159180866987e-06,6.178066406314346e-05,1.488614815208578e-10,2.19834959817578e-10,5.912014460350335e-14,7.749544818129341e-14,3.047906848559005e-20,5.544982840798702e-09,1.2141086256463924e-10,7.299038860546296e-10,8.845942902970423e-11,1.687028400225955e-29,2.2272544774607036e-13,1.1815512793728748e-11,8.115162199623589e-16,1.0732577129009967e-08,6.359231358511128e-11,1.1213010769338283e-16,4.9294059524627525e-15,5.414957590340724e-14,0.00032267442998522934,1.1083898486280637e-07,4.6628039480849184e-08,4.176318795912765e-10,4.0990950797335236e-23,2.0796826154235702e-14,7.9326929605885e-15,2.362958267215898e-18,9.83501552002349e-21,8.30652770762716e-23,7.899579052795027e-06,1.4530171768760707e-07,3.8377612348434385e-08,3.471543577213333e-06,1.5789965582332187e-19,4.490051758453815e-21,7.82458678978989e-09,1.7717302827792655e-06,9.400830397061144e-17,7.50339272302369e-16,8.372236227767158e-21,1.4562994762049795e-18,0.0,0.0,1.1751952199476543e-13,1.7011902205243303e-14,2.2248760718060762e-20,2.052871103930215e-15,2.023791946182868e-29,3.943004104214782e-22,1.8644838837855222e-29,3.437554612231651e-32,3.002781192108298e-31,4.0489608315909083e-10,3.290831278240318e-11,7.188604380991791e-12,3.473936675070789e-19,1.3961556917325917e-19,2.3346339003708836e-22,5.018972129043423e-12,7.341774442538733e-11,4.992741413746379e-16,3.086047162666194e-18
3457613.4016726078,1.8982282110017596e-05,0.00015584994820056744,7.892893605896519e-13,1.6950904057959552e-14,2.5144260104983045e-13,8.842822229600268e-15,1.0897932301215265e-14,6.648324835345953e-15,1.583147448107539e-33,6.587705717014297e-26,7.398647586079894e-34,5.971135276011132e-17,8.920723718951024e-17,6.395431975311128e-24,1.5637439551618512e-19,9.959137276621137e-17,3.2137817549512763e-33,2.2517782545957e-31,6.963869683359292e-22,3.0136430064061062e-24,5.559197165071909e-24,8.320896101586502e-25,1.2784237146347537e-10,1.8156735156454386e-11,5.222298720862025e-12,1.107274763754939e-11,1.2103723822218467e-22,2.0823074230818792e-20,2.692658270982286e-13,6.792257353775968e-12,3.551808940674689e-28,4.61671572897719e-31,1.8730576383873497e-19,9.519666249728942e-22,2.225545654131089e-20,3.678452539299966e-21,9.751041882865957e-18,6.206467075301367e-19,1.97722194476037e-18,3.386707837806451e-08,4.901864703694864e-12,1.167031891488217e-09,8.479168224609324e-13,2.163741747663282e-06,9.619104197571837e-10,8.487071924813721e-13,7.284066981466775e-15,1.5116803856669224e-15,0.001202986706083876,0.5252487095785568,0.0007942013697733922,0.23697398279329077,4.117667638600736e-08,1.1640387689036723e-12,2.579282747331994e-17,1.5779614932828833e-15,1.9485984234308556e-16,4.701062902341595e-18,2.771064369714883e-19,3.5619367523757595e-19,1.653781774442923e-23,5.104027824371316e-18,3.1322608180317737e-07,5.701259063405837e-08,3.1574983137034224e-16,1.7047385835391028e-14,0.0,6.1916842502275986e-27,8.187863356730308e-26,2.3117279831961876e-07,2.2852607764890508e-08,6.637533481581461e-20,1.368784809954778e-21,2.4715157834005007e-11,2.140560628927565e-12,1.5759499713071752e-11,9.183456291939062e-13,5.111259158761088e-13,1.932994613025563e-15,1.2829966385467203e-09,6.446249569098011e-15,7.27947933405578e-20,2.035909159314392e-18,1.4066360142365766e-16,0.09975518155936222,0.0002448192212637957,7.09489903444888e-10,6.609144482455048e-14,2.4230482291313235e-20,1.5487808197024493e-12,1.012223028548051e-12,3.39298877226438e-18,5.255008709524895e-10,5.69132628112472e-21,1.7566480859834726e-13,8.541256501966087e-14,3.6208493513649713e-25,5.7448050626928425e-22,3.4379255186934257e-15,7.958538104969726e-09,2.2480414618950384e-06,6.178278654476899e-05,1.5142248655747678e-10,1.7194287676049937e-10,5.3165280373521316e-14,6.489066256118268e-14,1.8823712739773165e-20,5.111579490030219e-09,1.209097450906972e-10,6.350566136047087e-10,8.249103086459206e-11,1.1482992037886638e-29,1.7938722121124407e-13,1.0257303409403864e-11,6.534293670974582e-16,9.51233117870564e-09,5.735190639130389e-11,9.151840677356146e-17,4.164278737845015e-15,4.730923944506682e-14,0.0003237006306061536,1.1682730710390979e-07,4.153587770037783e-08,3.823651673868665e-10,2.9922147442817356e-23,1.6878294965203756e-14,5.9467094494806945e-15,1.7421093234309797e-18,7.214627172951959e-21,5.951065819604289e-23,7.379697310339076e-06,1.4938787555289664e-07,3.6875012088798886e-08,3.4730552696902417e-06,1.3911304369430992e-19,3.9795830807267305e-21,7.41906737838504e-09,1.7722072028329769e-06,7.758956218213439e-17,6.650886308530179e-16,5.711032499986318e-21,1.127233446937267e-18,0.0,0.0,1.0963237928482215e-13,1.592313684414846e-14,1.9486024254803224e-20,1.911638302671826e-15,1.6406079588249686e-29,3.4357650798927964e-22,1.5020404260267612e-29,2.831097419450649e-32,2.4259199012787494e-31,3.381534654968577e-10,2.9445616342842326e-11,6.0024954012471045e-12,2.782785472979333e-19,1.2714239710843368e-19,1.9769216255100284e-22,4.329238730234359e-12,6.504630116471407e-11,3.817449398520906e-16,2.3735267607773516e-18
4999999.999999989,1.9331504343270077e-05,0.00015582263892009824,6.540615605260979e-13,1.505690644563786e-14,1.9953697963662874e-13,7.54718801354455e-15,8.07330535859962e-15,5.262965042278329e-15,9.993662425297862e-34,4.5984105134730616e-26,5.539276679306022e-34,4.4757623422864185e-17,6.971987051534273e-17,4.3453918315862e-24,1.1779591315156205e-19,7.525062476825642e-17,3.0375060472210473e-33,1.3536115284292864e-31,4.2102201658627416e-22,1.7951379278233872e-24,3.841173552795021e-24,4.746236861207019e-25,1.1678988908307504e-10,1.7398610841216745e-11,4.655524556422879e-12,1.0331006447466849e-11,8.562382887923601e-23,1.582225009151453e-20,2.3322833900372444e-13,5.8732775342281755e-12,2.037636970713316e-28,2.9818455553325803e-31,1.207222571740858e-19,6.143324984430049e-22,1.6587017462538853e-20,2.7389966585449226e-21,7.829660804760881e-18,4.785706891909572e-19,1.589996560953385e-18,3.3868250099945596e-08,5.2370144679344525e-12,9.824449542343929e-10,7.630142228331253e-13,1.842369474744858e-06,8.818333070648584e-10,6.373657032269233e-13,5.897209535146991e-15,1.3107463230026487e-15,0.0012637860997288738,0.5377125462900993,0.0008367760396843516,0.23072110420010636,4.034045875856171e-08,1.1087195975067136e-12,2.1674850890261383e-17,1.2969332950327398e-15,1.5737186369518202e-16,3.7766007321190705e-18,2.1867040349225315e-19,2.937675618298869e-19,1.2626178049762482e-23,3.709871222303527e-18,2.833552814038953e-07,5.5561363691487976e-08,2.9462925707947857e-16,1.5891889231121818e-14,0.0,4.788687082325694e-27,6.49021576201886e-26,2.0995266243356315e-07,2.063994473615317e-08,5.639164792836427e-20,8.204181963272204e-22,2.3204229077627637e-11,2.199936911410308e-12,1.2356655050464962e-11,7.744269556312889e-13,3.9945142982615423e-13,1.6475756484126855e-15,1.086413521401201e-09,4.8274468892776296e-15,5.071859453267557e-20,1.7176615809459932e-18,1.1377263717599463e-16,0.09973691676896546,0.00026308401886852915,7.022818651129619e-10,5.428399281748488e-14,1.817281803662078e-20,1.2765743478418752e-12,9.375677147873344e-13,2.8686735845281484e-18,4.645033631793576e-10,4.01260974149386e-21,1.6730219662632588e-13,7.24921417224361e-14,2.7922519323371735e-25,5.104759348927938e-22,3.04885054054422e-15,8.011713653919347e-09,2.247988286346093e-06,6.178467689797416e-05,1.5412011637298507e-10,1.4175302695796503e-10,4.876798916489643e-14,5.517663117966146e-14,1.2229341936903634e-20,4.681737624803488e-09,1.2046879566457172e-10,5.465869959738775e-10,7.663711588992984e-11,7.760789777574529e-30,1.424198219046471e-13,8.83152454010898e-12,5.196817637759288e-16,8.399701197536623e-09,5.210536219265635e-11,7.333182098610298e-17,3.4842423291175683e-15,4.12411297979261e-14,0.0003245784926002602,1.2351481810553303e-07,3.684167873845075e-08,3.525419353137363e-10,2.1247528457226093e-23,1.3576737604886799e-14,4.540413222637198e-15,1.2555631529008543e-18,5.218076677041078e-21,4.174781885260259e-23,6.856315844403195e-06,1.541013627007507e-07,3.526559358614713e-08,3.474672843779875e-06,1.2075898241512805e-19,3.5087238672203356e-21,7.091765439105901e-09,1.7725965921635147e-06,6.305430175288782e-17,5.792847875139289e-16,3.855860283245164e-21,8.516813584540112e-19,0.0,0.0,1.0152144942853763e-13,1.4971576141203182e-14,1.7031134791887966e-20,1.7720593307508768e-15,1.3238794809151326e-29,2.9938785160951736e-22,1.2049129079264462e-29,2.3418256419530603e-32,1.9521406489598696e-31,2.802138463550787e-10,2.6324768086030682e-11,4.9848742948913604e-12,2.256787420884568e-19,1.1440406497158276e-19,1.6660527198259339e-22,3.700132598752997e-12,5.7551127269714506e-11,2.8847428580169577e-16,1.811808199115586e-18
