time_years,C,C+,C2,C2+,C2H,C2H+,C2H2,C2H2+,C2H3,C2H4,C2H5,C2N,C2N+,C2N2+,C2NH+,C3+,C3H2,C3H5+,C3N,C4H,C4N,C4N+,CH,CH+,CH2,CH2+,CH2CO,CH2OH,CH3,CH3+,CH3CCH,CH3CHO,CH3CN,CH3CNH+,CH3OH,CH3OH2+,CH4,CH4+,CH5+,CL,CL+,CN,CN+,CO,CO+,CO2,CS,CS+,E-,H,H+,H2,H2+,H2CL+,H2CN,H2CO,H2CO+,H2COH+,H2CS,H2CS+,H2CSH+,H2NO+,H2O,H2O+,H2S,H2S+,H2S2,H2S2+,H2SIO,H3+,H3O+,H3S+,HC3N,HCL,HCL+,HCN,HCN+,HCNH+,HCO,HCO+,HCO2+,HCOOH,HCS,HCS+,HE,HE+,HEH+,HNC,HNCO,HNO,HNO+,HNS+,HOC+,HOSO+,HS,HS+,HS2,HS2+,HSO+,MG,MG+,N,N+,N2,N2+,N2H+,NCCN,NH,NH+,NH2,NH2+,NH2CHO,NH3,NH3+,NH4+,NO,NO+,NO2,NS,NS+,O,O+,O2,O2+,O2H,O2H+,OCN,OCS,OCS+,OCSH+,OH,OH+,S,S+,S2,S2+,SI,SI+,SIC,SIC+,SIC2,SIC2+,SIC3,SIC3+,SIH,SIH+,SIH2,SIH2+,SIH3,SIH3+,SIH4,SIH4+,SIH5+,SIO,SIO+,SIOH+,SIS,SIS+,SISH+,SO,SO+,SO2,SO2+
0.0,1e-10,0.000177,0.0,0.0,0.0,0.0,0.0,0.0,0.0,0.0,0.0,0.0,0.0,0.0,0.0,0.0,0.0,0.0,0.0,0.0,0.0,0.0,0.0,0.0,0.0,0.0,0.0,0.0,0.0,0.0,0.0,0.0,0.0,0.0,0.0,0.0,0.0,0.0,0.0,0.0,3.39e-08,0.0,0.0,0.0,0.0,0.0,0.0,0.0,0.0001823239,0.5,0.0,0.25,0.0,0.0,0.0,0.0,0.0,0.0,0.0,0.0,0.0,0.0,0.0,0.0,0.0,0.0,0.0,0.0,0.0,0.0,0.0,0.0,0.0,0.0,0.0,0.0,0.0,0.0,0.0,0.0,0.0,0.0,0.0,0.0,0.1000000014901161,0.0,0.0,0.0,0.0,0.0,0.0,0.0,0.0,0.0,0.0,0.0,0.0,0.0,0.0,2.256e-06,0.0,6.18e-05,0.0,0.0,0.0,0.0,0.0,0.0,0.0,0.0,0.0,0.0,0.0,0.0,0.0,0.0,0.0,0.0,0.0,0.0,0.000334,0.0,0.0,0.0,0.0,0.0,0.0,0.0,0.0,0.0,0.0,0.0,0.0,3.51e-06,0.0,0.0,0.0,1.78e-06,0.0,0.0,0.0,0.0,0.0,0.0,0.0,0.0,0.0,0.0,0.0,0.0,0.0,0.0,0.0,0.0,0.0,0.0,0.0,0.0,0.0,0.0,0.0,0.0,0.0
1e-09,1.0000000001649598e-10,0.000177,6.766636708578486e-40,1.44590538276767e-33,1.243149120201133e-51,6.282153262342121e-43,1.1072992679900169e-66,1.8160448635468593e-54,-1.7519797923710514e-124,-8.869981512475537e-104,-1.317356849358166e-116,1.3729223514288916e-68,4.2670393402698395e-59,-3.91042184755593e-85,-2.2176488853428324e-70,7.28730979228562e-64,1.6233110438538885e-145,-1.2545441024029684e-126,-3.2533784356463785e-97,-2.757546841561917e-116,-8.274678112066425e-133,-7.282761604279474e-117,1.5768179044227772e-29,4.8659899731034475e-23,7.884000000624936e-30,3.2264906072614964e-22,-1.7324234834027368e-102,-3.875181638465295e-99,9.826723761040888e-49,2.0350121558152357e-33,-2.1807515303909863e-138,-4.395451173356465e-132,-4.390272492156863e-99,-8.33167092568083e-88,-3.8751816384654595e-99,-2.5017020955965528e-86,-1.0817389717068334e-64,-2.8876818150305115e-63,2.9228168290043235e-51,9.018844574604254e-25,3.3899999999732734e-08,1.891917376807849e-34,2.9225482225109834e-28,4.582722886758211e-34,4.583582746796142e-27,3.651818799625963e-61,3.515047701116639e-50,6.589865299767519e-36,0.00018232390000143226,0.4999999999999995,6.505973639186674e-16,0.24999999999999925,6.375280391039164e-16,1.3696395429499063e-30,-2.297136436702081e-65,-3.168435550405835e-64,2.857977583709594e-49,-5.6583423292623775e-68,-2.5689448525470673e-80,-5.056915840612276e-66,-1.1282954472343454e-72,-1.3647069081129991e-80,4.3558196029567553e-41,1.0492330546011733e-40,1.317035570543963e-40,2.870053426577423e-25,0.0,-1.5843997891512144e-74,-5.941851900060467e-93,5.227321902731863e-27,-3.3517389182474415e-52,6.222169841724175e-42,-3.098585846336326e-103,1.282473836907667e-41,2.672675999974082e-19,2.9422411258648898e-46,7.032213168532406e-38,1.6632590586519834e-49,2.08021123714623e-45,1.2879777256707856e-36,-1.3553063655960526e-70,-3.862656054398762e-100,3.6854525231026623e-62,9.39856209544954e-46,0.10000000149011598,1.3813107719947872e-16,1.306836158198424e-28,2.9420360213233227e-46,-1.6088609905867982e-82,2.713261470703793e-81,-1.1558809796735758e-56,-7.54731180061927e-74,1.355136239079637e-38,-1.1938967347511093e-95,1.3557889084755254e-37,2.3092790704543486e-35,-4.00884351812302e-86,1.0061028991318505e-57,-1.2306811891315944e-72,2.255999999999295e-06,7.051349307585677e-19,6.179999999999963e-05,3.545930953536943e-19,1.7840775859428887e-50,1.2809750071732662e-42,6.710582835751915e-54,-1.4666650257838762e-91,3.2996679295649416e-45,2.175286310684762e-30,-1.160577183996656e-65,6.2883176670666e-42,-2.681969798125082e-144,-2.7910120103085366e-69,-4.438945633138786e-54,-2.9155048554474413e-68,4.223808707857404e-40,1.9736287635501012e-44,6.464989233829985e-99,8.807768757601706e-54,2.209439728817133e-40,0.0003339999999999951,4.9237523014445245e-18,1.2923770934846192e-28,5.114843144188355e-42,-1.0443734996199877e-86,1.645612187955274e-54,1.3513916367811865e-61,-8.531388262693413e-78,1.6499213298733083e-62,-1.7897308186293268e-91,7.292090122387064e-24,3.1239056225024947e-29,1.9330204077874696e-22,3.51e-06,3.6970431454522403e-65,3.1407444999345765e-57,4.160687282061108e-22,1.7799999999999997e-06,7.760531105087632e-51,4.1166389433312584e-46,-1.7148754298088156e-98,2.326101071330528e-68,0.0,0.0,1.9887947645839648e-38,3.368742764703314e-25,1.5055590952385423e-56,4.2100559999933503e-26,-5.431439093113258e-77,4.780650232270285e-44,-5.431439093113342e-77,-2.50795552498564e-101,1.3762678171941267e-64,4.567154075170445e-44,1.909267011663516e-29,1.6376981359276767e-40,6.451999576398367e-62,3.081993561552655e-55,9.41027573554366e-59,5.985235740555482e-49,7.382550433989228e-40,8.836852851998356e-70,-1.131840392389035e-82
1.4460841682246074e-09,1.0000000002385457e-10,0.00017699999999999997,9.785126217130818e-40,2.0909008829142826e-33,2.5996229953373622e-51,1.3136983983030092e-42,3.3490926503558646e-66,5.491706112130948e-54,-3.283575978195376e-124,-1.861680823582172e-103,-2.830661731138867e-116,4.151706939530359e-68,1.2903495103523747e-58,-1.8490389868426044e-85,-1.0471041080646145e-70,2.2036770402289125e-63,4.3816003752297664e-145,-2.8495424212507973e-126,-1.5383566858987537e-97,-5.0725536742268864e-116,-1.649899960436063e-132,-1.343605565777488e-116,2.28022295745878e-29,7.036631062806974e-23,1.1400927583589641e-29,4.665776986070063e-22,-3.5912841430466334e-102,-7.726918738187891e-99,2.6509061650939028e-48,4.255534842671193e-33,-3.8458919843394616e-138,-8.014481703236536e-132,-8.359856792073957e-99,-1.5325095338617388e-87,-7.726918738188489e-99,-4.601439660639769e-86,-5.1076312896087305e-65,-1.363472569329733e-63,8.838576265565484e-51,1.3042009440932356e-24,3.389999999961351e-08,2.7358812795363338e-34,4.226250715486196e-28,6.627177870061261e-34,6.62824644392133e-27,1.1043073279040562e-60,7.35052515351939e-50,9.529499881661891e-36,0.00018232390000207116,0.49999999999999933,9.408185478538854e-16,0.24999999999999895,9.219192041415463e-16,2.8641346344123027e-30,3.326434243001759e-65,3.2787528944431636e-64,8.64250287196608e-49,-2.6716913593467365e-68,-3.878998964592813e-80,7.322811891819798e-66,-5.327456551992183e-73,-2.510137599207653e-80,9.108713201463107e-41,3.1728729222307286e-40,2.7541313419103047e-40,4.150338822127718e-25,0.0,-7.481037697574971e-75,-1.0928988323155402e-92,1.093116344653383e-26,-1.5825857441127827e-52,1.301154908723881e-41,-1.4635917626004734e-103,2.6918897155855696e-41,3.8649144503396708e-19,6.1528228227650045e-46,1.4705478821953281e-37,5.029682973421913e-49,4.350053410184131e-45,2.6933667558303466e-36,-6.399330573565849e-71,-8.007195607757209e-100,1.1144780911670504e-61,1.9653891688053985e-45,0.10000000149011591,1.9974916387797712e-16,2.7328027446685897e-28,6.152266344755502e-46,-7.596535818419868e-83,1.485752857054005e-80,-5.457706596411986e-57,-1.3881948578812831e-73,2.833805913892965e-38,-2.1959679059679913e-95,2.8351707496485797e-37,3.3686350122621344e-35,-7.373560421224179e-86,3.042447654191524e-57,-2.2636209336158018e-72,2.2559999999989803e-06,1.019684459832065e-18,6.179999999999947e-05,5.127714613520934e-19,3.730800210754243e-50,2.6804366659669512e-42,2.0324818571316428e-53,-6.926806133636715e-92,4.773732374399352e-45,4.5488704632252234e-30,-2.1346766007090877e-65,1.9015825668843654e-41,-6.446778153007276e-144,-5.133574209426131e-69,-2.0959305750774607e-54,-5.362556835334253e-68,8.832657374425537e-40,5.812039654713442e-44,1.2173006184746402e-97,2.663462695362362e-53,4.620290705348561e-40,0.00033399999999999294,7.120160251348326e-18,1.8688860542724094e-28,1.076859513909702e-41,-5.47377398165522e-87,4.9763189682308586e-54,4.0865984027350236e-61,-4.028253604335706e-78,4.9893497889090885e-62,-3.292189980791996e-91,1.0544976079247844e-23,6.532584674624816e-29,2.7953102085582027e-22,3.51e-06,1.1179936152011504e-64,9.497587915200653e-57,6.0167040075072e-22,1.7799999999999995e-06,1.6228507738996315e-50,8.608570258980102e-46,-3.154542120645746e-98,7.034112271428347e-68,0.0,0.0,4.1588869095750246e-38,4.871485578821098e-25,4.55279946165525e-56,6.088095328925112e-26,-2.5645547850067654e-77,9.997101774483527e-44,-2.5645547850069257e-77,-5.263821816168414e-101,4.161823602264584e-64,9.550647279591432e-44,2.760960798532667e-29,3.424687886669346e-40,1.9510798568266994e-61,9.319925516189908e-55,2.8456603555798032e-58,1.251686540460432e-48,1.543808989539173e-39,2.6726542803663154e-69,-5.361618924015591e-83
2.0911594215898465e-09,1.0000000003449572e-10,0.00017699999999999997,1.4150116108194737e-39,3.0236186644086703e-33,5.436226119848699e-51,2.7471527829238643e-42,1.0129885465423324e-65,1.6606878295293719e-53,-2.038602496118944e-124,-2.2636617849046304e-103,-3.7685812963532645e-116,1.2554730786013382e-67,3.902007284505756e-58,3.0223594269643806e-84,1.7149749818299457e-69,6.66390291658906e-63,1.0168095327100701e-144,-4.540256787507359e-126,2.514531513579321e-96,-2.5975449554322655e-116,-1.57480696139642e-132,-7.10429132030412e-117,3.2974184710671844e-29,1.0175560777483984e-22,1.6486700882547155e-29,6.747106231988769e-22,-4.1429549113289815e-102,-7.375961172944552e-99,7.345711212589147e-48,8.899001780120264e-33,-1.0458522277907387e-138,-3.732854594794297e-132,-5.888820055514538e-99,-7.841082953324416e-88,-7.37596117294654e-99,-2.3535445792854598e-86,8.36541487583654e-64,2.2331317387380806e-62,2.6727788627353723e-50,1.88598456451973e-24,3.38999999994411e-08,3.956334498401581e-34,6.111514250696332e-28,9.583822650009702e-34,9.585002245712508e-27,3.3394172922229995e-60,1.5371120037253415e-49,1.3780458911925508e-35,0.00018232390000299506,0.499999999999999,1.3605028072286605e-15,0.24999999999999847,1.3331727654789656e-15,5.989362125424582e-30,4.6939387779808485e-64,5.608305293672936e-63,2.613486414924343e-48,4.375767364116559e-67,2.951517325382482e-80,1.0333236189953536e-64,8.725450048642837e-72,-1.2838853002374115e-80,1.9047771429782116e-40,9.594744024171957e-40,5.759327703926541e-40,6.00173926343705e-25,0.0,1.2252643062614957e-73,-5.589959474460664e-93,2.285880543001582e-26,2.5920011407467423e-51,2.7209223463212886e-41,2.395889540674841e-102,5.659508650740089e-41,5.588991598143723e-19,1.2866919191439683e-45,3.075150058736172e-37,1.5209723753791303e-48,9.096655423296545e-45,5.632259267239425e-36,1.0480994287352467e-69,-9.237089929343946e-100,3.370173426312478e-61,4.1099420812958586e-45,0.10000000149011583,2.888541035000441e-16,5.714726206792755e-28,1.2865369731293677e-45,1.244180892479435e-81,7.089894791660428e-80,8.938777425498513e-56,-7.100339727805398e-74,5.925939935805589e-38,-1.1232272498017352e-95,5.928794024952505e-37,4.932439938355266e-35,-3.7714290398910824e-86,9.200338987671163e-57,-1.1577969441454195e-72,2.2559999999985254e-06,1.4745495539476902e-18,6.179999999999925e-05,7.41510692177312e-19,7.8017269143489415e-50,5.610402636962707e-42,6.157721831094948e-53,1.13411017988754e-90,6.907683107571995e-45,9.51241332670876e-30,-1.0918394740141788e-65,5.750371482676576e-41,-1.1900965819752113e-143,-2.6257207840837807e-69,3.4327709959239216e-53,-2.742840828616563e-68,1.847049468619362e-39,1.7248927529056755e-43,6.93644760631424e-97,8.054291302172131e-53,9.661764438966593e-40,0.0003339999999999898,1.029635101463403e-17,2.702566535316156e-28,2.2738520189483423e-41,7.73290963948952e-86,1.504835140065607e-53,1.2357843715784399e-60,6.597580555778648e-77,1.5087756532709764e-61,-1.6855761768096981e-91,1.5248922962500902e-23,1.3660675989588002e-28,4.042253837876115e-22,3.51e-06,3.3808421423878136e-64,2.8720634935064503e-56,8.700660410118648e-22,1.7799999999999993e-06,3.3936396862948537e-50,1.8001959172104536e-45,-1.615372746823085e-98,2.1271102987943234e-67,0.0,0.0,8.696895544304692e-38,7.044578171189115e-25,1.3767631575259142e-55,8.803898269791784e-26,4.200296224525293e-76,2.0905533564139818e-43,4.200296224525283e-76,-6.400335583783224e-101,1.258532349585515e-63,1.997192605746843e-43,3.992581699956735e-29,7.1615683402254234e-40,5.900050927854191e-61,2.818338516692123e-54,8.605255666134052e-58,2.6177129698764716e-48,3.22835071360778e-39,8.083510310294523e-69,8.74180915327276e-82
3.023992532794805e-09,1.0000000004988374e-10,0.00017699999999999997,2.0462258885783944e-39,4.37240708197608e-33,1.1368015470130218e-50,5.744734425117604e-42,3.0638996726327654e-65,5.0219076013620495e-53,1.655915184599053e-123,2.9915524322712464e-103,2.661603854579377e-116,3.796541215519847e-67,1.1799640892666767e-57,1.9146729874436055e-83,1.0862602031927676e-68,2.0151592665309114e-62,2.0911484197321003e-144,-1.631867454954659e-126,1.5929626121618958e-95,2.878907388198356e-115,5.142201342665035e-132,7.496092916410946e-116,4.768395153255567e-29,1.471471734296243e-22,2.384115713426898e-29,9.756883503337764e-22,7.0643764112532876e-102,2.407811800817961e-98,2.0811025033294323e-47,1.8609231415136233e-32,2.714356917334954e-137,4.759446038705198e-131,3.816133886266564e-98,8.701491746754805e-87,2.4078118008173284e-98,2.613119939493136e-85,5.298629615252307e-63,1.414459193687219e-61,8.082463322652763e-50,2.7272928951345563e-24,3.3899999999191784e-08,5.721234283701842e-34,8.83776400198638e-28,1.3859778842097276e-33,1.3860720000061973e-26,1.009837345495804e-59,3.2143462815417134e-49,1.9927703467495565e-35,0.0001823239000043311,0.49999999999999856,1.967401570369159e-15,0.2499999999999978,1.9278800296415247e-15,1.2524711037808951e-29,2.4499126881355155e-63,2.985927673497558e-62,7.903163403225006e-48,2.7715984105364457e-66,5.0683923303071336e-79,5.3932374597765576e-64,5.526674880370364e-71,1.4254866074343247e-79,3.983192668562692e-40,2.9014434282725165e-39,1.2043672390074155e-39,8.679020130647872e-25,0.0,7.760788728469156e-73,6.206483059810785e-92,4.7801406340837947e-26,1.641766036424949e-50,5.689882399910466e-41,1.5176139417575694e-101,1.192667705500375e-40,8.08215226634287e-19,2.690794587848851e-45,6.43062901808165e-37,4.599409105688529e-48,1.9022557449898236e-44,1.1777952031488016e-35,6.638631510893728e-69,1.575156931577192e-99,1.019137927723638e-60,8.594544117156497e-45,0.1000000014901157,4.1770734599812556e-16,1.1950403548936892e-27,2.690353912682398e-45,7.880605841374561e-81,2.8909962379665015e-79,5.661795804669121e-55,7.883445031483077e-73,1.2392085128569642e-37,1.2470526096364563e-94,1.239805348397214e-36,7.260514431299551e-35,4.1873846408107866e-85,2.782175639783435e-56,1.285491809823457e-71,2.255999999997867e-06,2.132322765226173e-18,6.179999999999891e-05,1.0722868725240718e-18,1.6314742145850414e-49,1.174791741532801e-41,1.8653070074714147e-52,7.183622101636781e-90,9.99842688079687e-45,1.9891972750033365e-29,1.212268569825622e-64,1.7389080424202127e-40,-1.3099474289643962e-143,2.9153147963375045e-68,2.1743072344322005e-52,3.04535215631193e-67,3.8624748984424947e-39,5.1477578033409205e-43,2.964512708243735e-96,2.435611675477553e-52,2.0204289735705613e-39,0.00033399999999998524,1.4889390192614132e-17,3.908138680330041e-28,4.821415421230672e-41,4.9631376125713865e-85,4.550610226623543e-53,3.737002896594173e-60,4.17888850265095e-76,4.562526316851072e-61,1.8686326534193835e-90,2.2051226078535562e-23,2.8566651300649948e-28,5.845439278905103e-22,3.51e-06,1.0223747005115527e-63,8.685098558058153e-56,1.2581887272106312e-21,1.7799999999999988e-06,7.096641605352442e-50,3.764516722803425e-45,1.7903476644231943e-97,6.432365661187503e-67,0.0,0.0,1.818659505611677e-37,1.0187052965013005e-24,4.163321507757875e-55,1.2731177906587156e-25,2.660455497545961e-75,4.3716803475518284e-43,2.660455497545969e-75,8.458888931446201e-101,3.8057924273708657e-63,4.17644813921745e-43,5.773609186880522e-29,1.497598110805899e-39,1.7841709976668616e-60,8.522634629297777e-54,2.6022228877153345e-57,5.474771426782716e-48,6.750996010950738e-39,2.444845283325222e-68,5.539127392176389e-81
4.372947726504e-09,1.000000000721361e-10,0.0001769999999999999,2.959014862750276e-39,6.322868659588393e-33,2.3772332660330257e-50,1.2013155519308414e-41,9.256825395592536e-65,1.5186211012867682e-52,-4.3242859625398903e-119,-2.0334854962670334e-99,-2.4182664023507073e-111,1.1480712276775566e-66,3.5682025930310786e-57,-7.575465974624166e-83,-4.27128478919796e-68,6.093826566030067e-62,2.992093614532781e-139,-2.713313307544425e-120,-6.302608530522379e-95,-6.783441232237328e-113,-1.9670279427568207e-128,-2.1541147175467004e-113,6.895606355548738e-29,2.127871978921415e-22,3.447631988770797e-29,1.4109274765240578e-21,-3.617955395575182e-98,-9.186200785313791e-95,5.999984516778089e-47,3.8914869601983996e-32,-3.316937549427751e-132,-7.454028907752755e-126,-6.586631848930279e-95,-2.04103854880573e-84,-9.18620078531564e-95,-6.115953120119585e-83,-2.0834744571384662e-62,-5.561795818241941e-61,2.4441308735232785e-49,3.943896070787286e-24,3.389999999883125e-08,8.273473315446174e-34,1.2780150606144515e-27,2.0044005736195662e-33,2.0043767752576155e-26,3.053739927370257e-59,6.72171061042574e-49,2.8817136501973676e-35,0.0001823239000062631,0.49999999999999795,2.845028263473359e-15,0.24999999999999684,2.7878767890469906e-15,2.6191167489144256e-29,-6.308233418350116e-63,-8.141726665576055e-62,2.3899107117700297e-47,-1.089820372181153e-65,-4.8865271857099684e-77,-1.3886944193752313e-63,-2.1731444443457355e-70,-3.3363218950113073e-77,8.329490876856754e-40,8.773943262019723e-39,2.5185238988998916e-39,1.2550593606589759e-24,0.0,-3.051620189319978e-72,-1.4526145116735404e-89,9.996036123359105e-26,-6.455589183231016e-50,1.1898451188269723e-40,-5.976850820725209e-101,2.5218010875338224e-40,1.168747243738616e-18,5.627233228217014e-45,1.3447470457768148e-36,1.3908578791471706e-47,3.9779202521785263e-44,2.462957535756922e-35,-2.6103766827732967e-68,-8.063010180602418e-96,3.081865480869687e-60,1.7972561940139498e-44,0.10000000149011552,6.040399799990072e-16,2.499019897254262e-27,5.625958932216967e-45,-3.0987335146301205e-80,-1.395482917167274e-76,-2.2262750566362164e-54,-1.8451039889796948e-70,2.591382556985537e-37,-2.926836162022295e-92,2.5926306352465123e-36,1.076654658882259e-34,-9.800487069097514e-83,8.413278359714309e-56,-3.0086669677718396e-69,2.255999999996916e-06,3.0835181923379846e-18,6.179999999999844e-05,1.5506170701462632e-18,3.4116991053585163e-49,2.4614157422480737e-41,5.597858761175085e-52,-2.8276173006590848e-89,1.4478089079494878e-44,4.159728622972517e-29,-2.837286211247831e-62,5.258444935772589e-40,-4.953814036481148e-136,-6.823233929918894e-66,-8.549594739327859e-52,-7.127583676307861e-65,8.077050774521995e-39,1.5423944511843375e-42,6.3594468691422605e-93,7.365271519361774e-52,4.225039083728787e-39,0.0003339999999999786,2.1531311431783024e-17,5.6514974729261765e-28,1.0283227113391599e-40,-2.916026053830116e-84,1.3761011345263448e-52,1.1300666394476106e-59,-1.6431814813695041e-75,1.37970454103811e-60,-4.402482448419206e-88,3.1887928922083267e-23,5.9737422009829985e-28,8.452997197558193e-22,3.5099999999999994e-06,3.09151287815079e-63,2.6263673186393826e-55,1.8194467990443937e-21,1.779999999999998e-06,1.484020896035147e-49,7.872265303612361e-45,-4.2185164129576074e-95,1.945142571162831e-66,0.0,0.0,3.803106959842307e-37,1.4731336013227421e-24,1.2589853151449982e-54,1.8410354813527356e-25,-1.0461178614688683e-74,9.141880546812331e-43,-1.0461178614690682e-74,-5.746986793845895e-97,1.150868788248796e-62,8.733618890166518e-43,8.349124839144615e-29,3.131716399178103e-39,5.395319737263908e-60,2.5772383479629865e-53,7.869102581153958e-57,1.145078589612517e-47,1.4117408913395497e-38,7.387898675058456e-68,-2.2086751092573533e-80
6.3236504757711994e-09,1.0000000010431488e-10,0.00017699999999999988,4.278984547956621e-39,9.143400269132934e-33,4.97117374315058e-50,2.512142335234282e-41,2.7933931461233584e-64,4.592298818655076e-52,-4.206451253581686e-118,-2.019667352019485e-98,-2.416144499302317e-110,3.4717588130369426e-66,1.0790217983694645e-56,-1.163731334596747e-81,-6.576332027240755e-67,1.842768597341027e-61,3.1789121330607e-138,-2.738741539606738e-119,-9.681969411343967e-94,-6.689279806959197e-112,-1.9354073222428486e-127,-2.12583557052206e-112,9.971848042188775e-29,3.077081980655101e-22,4.985566037597044e-29,2.0403198862835766e-21,-3.5930689764310033e-97,-9.038847411730061e-94,1.7530667692113156e-46,8.137719620714895e-32,-2.933223915256898e-131,-7.175485388938403e-125,-6.4827516038156e-94,-2.0126251410904394e-83,-9.038847411732442e-94,-6.030754743856211e-82,-3.2078451718745234e-61,-8.563282259329666e-60,7.39103351136698e-49,5.703207745655496e-24,3.389999999830989e-08,1.19643206982789e-33,1.848117345983838e-27,2.8988663079872908e-33,2.898497521918254e-26,9.234482088278704e-59,1.4056168773162473e-48,4.16720048869588e-35,0.00018232390000905691,0.499999999999997,4.114150330006961e-15,0.24999999999999542,4.031504487488759e-15,5.47699066565741e-29,-1.1500997517783738e-61,-1.447142485199787e-60,7.227072147061709e-47,-1.6779543449748884e-64,-4.884444201534349e-76,-2.531829437876479e-62,-3.3459064225472787e-69,-3.2898452130367395e-76,1.741829332413784e-39,2.6532338911688364e-38,5.2666349796696906e-39,1.814921471622087e-24,0.0,-4.69846176975958e-71,-1.4323788435358308e-88,2.090330511752247e-25,-9.939421392656472e-49,2.4881558304552006e-40,-9.197011126245922e-100,5.3573820581456636e-40,1.690106885794579e-18,1.1768508569439626e-44,2.8120804543882225e-36,4.2059438411402354e-47,8.318466105473761e-44,5.150436855840417e-35,-4.019096181800159e-67,-8.007509642561089e-95,9.319538184060818e-60,3.7583492337910074e-44,0.10000000149011525,8.7349265205126775e-16,5.225849002696956e-27,1.176477702749024e-44,-4.77100031984968e-79,-1.3619372211031034e-75,-3.427709740373411e-53,-1.8194007403079572e-69,5.41899404901515e-37,-2.885942674001164e-91,5.4216039796229427e-36,1.612815648124683e-34,-9.663961237685586e-82,2.5441690936698356e-55,-2.9667546876457724e-68,2.255999999995541e-06,4.459026840371456e-18,6.179999999999775e-05,2.242322796105042e-18,7.134486651039089e-49,5.161543189243045e-41,1.6628433305664384e-51,-4.351915078667522e-88,2.0977357377004059e-44,8.698655701029937e-29,-2.7977613759246658e-61,1.5901498221826205e-39,-5.0756042972419125e-135,-6.728182767768817e-65,-1.3163480888957845e-50,-7.028292765513413e-64,1.6890400825769893e-38,4.6343198835855315e-42,7.336669647857911e-92,2.2272526076064944e-51,8.835230286505357e-39,0.000333999999999969,3.113608858203972e-17,8.172541022516084e-28,2.211132334425633e-40,-3.946625235310668e-83,4.161319555383799e-52,3.4173113588444132e-59,-2.5299428014086136e-74,4.1722161579050797e-60,-4.341278753596875e-87,4.6112629171636194e-23,1.2492047285493626e-27,1.2223745421467726e-21,3.509999999999999e-06,9.34772863924131e-63,7.942115160108841e-55,2.63107321099665e-21,1.7799999999999974e-06,3.1033242802953464e-49,1.646234528800255e-44,-4.1599588895091244e-94,5.882096599221459e-66,0.0,0.0,7.95290295044407e-37,2.1302751784806912e-24,3.8071621921528125e-54,2.662292262715747e-25,-1.6106672764300977e-73,1.911712963606222e-42,-1.6106672764302947e-73,-5.707906714702641e-96,3.4802186224164624e-62,1.8263389472289634e-42,1.207353724942269e-28,6.548918253922501e-39,1.6315406339382274e-59,7.793549520098291e-53,2.379610744545063e-56,2.3951968918092112e-47,2.952175265762387e-38,2.230391615743565e-67,-3.3833629795570864e-79
9.144530838398738e-09,1.0000000015084812e-10,0.00017699999999999986,6.187771813789038e-39,1.3222126378660725e-32,1.0395516814093841e-49,5.253290114247305e-41,8.44789222777422e-64,1.3887077342087888e-51,-1.4084240496000481e-117,-7.023074337187746e-98,-8.505627723537436e-110,1.0498572727053563e-65,3.262953861147089e-56,-3.4106352717809884e-81,-1.9262943310527775e-66,5.572518478717558e-61,1.2393141251798808e-137,-9.819058104211596e-119,-2.8375678691056314e-93,-2.2327677759133896e-111,-6.610442855979012e-127,-7.143496819485128e-112,1.442059343756438e-28,4.449719536404185e-22,7.209548118219446e-29,2.9504742856037864e-21,-1.2488480478998456e-96,-3.0874320806217098e-93,5.173022416237709e-46,1.7017269054818259e-31,-7.914632045607929e-131,-2.3540186164043614e-124,-2.2109604446566293e-93,-6.716384096686716e-83,-3.087432080622887e-93,-2.0123717069345234e-81,-9.396201241557115e-61,-2.508298221352649e-59,2.2350430147932156e-48,8.247322771520574e-24,3.389999999755596e-08,1.7301795170285307e-33,2.672533235208847e-27,4.192703898302082e-33,4.1914713782120885e-26,2.7925005427998327e-58,2.9393690671587814e-48,6.026122656261556e-35,0.00018232390001309706,0.4999999999999956,5.9494076580165696e-15,0.2499999999999934,5.829894813247795e-15,1.145326063221108e-28,-3.36464721805877e-61,-4.2343826240896714e-60,2.1854612206610476e-46,-4.9149493985343536e-64,-1.6223823901181666e-75,-7.406933930411465e-62,-9.800600957651523e-69,-1.0977716236513439e-75,3.6424428192642436e-39,8.023359474603404e-38,1.1013373357768662e-38,2.624529206664893e-24,0.0,-1.3762413691355874e-70,-4.779631705866098e-88,4.3712143437688285e-25,-2.9113875082264107e-48,5.203130507202313e-40,-2.6943117728975353e-99,1.1456834658118853e-39,2.444036810088075e-18,2.4613053528271243e-44,5.8805085363323835e-36,1.2718742768912792e-46,1.7395240861628234e-43,1.0770384556293435e-34,-1.1772462356184586e-66,-2.7831542574106445e-94,2.818221387972213e-59,7.85930744212717e-44,0.10000000149011486,1.263143895191861e-15,1.0928083377230919e-26,2.460202432668383e-44,-1.3974888676585598e-78,-4.547255323574427e-75,-1.0040213535363033e-52,-6.071065279349168e-69,1.1331980461231973e-36,-9.629967488837734e-91,1.1337438242192415e-35,2.4491261640210744e-34,-3.224717800374561e-81,7.693548341417875e-55,-9.899611986183867e-68,2.2559999999935516e-06,6.44812811954757e-18,6.179999999999675e-05,3.2425874954709446e-18,1.4919590672860575e-48,1.0836944902541772e-40,5.031960689917791e-51,-1.274853692886496e-87,3.0420394562701175e-44,1.819027582390342e-28,-9.335706855168242e-61,4.808601188282378e-39,-1.8670035120489005e-134,-2.245092897356887e-64,-3.8557570216656333e-50,-2.345235067631713e-63,3.5320520821143194e-38,1.3951687003437104e-41,3.2103307891994265e-91,6.735195254055617e-51,1.847587505548307e-38,0.00033399999999995505,4.502540475772398e-17,1.1818182187153285e-27,4.807524478981828e-40,-1.1954662138197289e-82,1.2583799262029373e-51,1.0333924234466752e-58,-7.410536063576169e-74,1.2616750515169632e-59,-1.4489808797512967e-86,6.668274300019023e-23,2.612286237527783e-27,1.7676564730459212e-21,3.509999999999998e-06,2.826757766844109e-62,2.401689693874592e-54,3.804753315802799e-21,1.779999999999996e-06,6.489545812175089e-49,3.442594344109622e-44,-1.3885234917382062e-93,1.778741619454446e-65,0.0,0.0,1.6630787933980044e-36,3.080557209412595e-24,1.1512830040178623e-53,3.849898692282955e-25,-4.717856707857682e-73,3.997696575083551e-42,-4.71785670785834e-73,-1.9848152648644287e-95,1.0524155126618807e-61,3.819165910286492e-42,1.7459351072961614e-28,1.3694832108014055e-38,4.9337666970278e-59,2.3567635552669967e-52,7.195925122459693e-56,5.010719294275195e-47,6.173469121165563e-38,6.745124764724425e-67,-9.922842698247396e-79
1.3223761271250085e-08,1.0000000021813909e-10,0.00017699999999999978,8.948038862594703e-39,1.912030763842227e-32,2.173868294243582e-49,1.0985467121432371e-40,2.5588902356575567e-63,4.1994418560455176e-51,-2.9602541050047914e-117,-1.6108673806142094e-97,-2.0032343580060708e-109,3.174760557926965e-65,9.86714812048798e-56,-3.54213359685066e-81,-1.9913708825581305e-66,1.685125431087663e-60,3.511546262445241e-137,-2.4002663826809625e-118,-2.9469714078444972e-93,-4.6331163040412504e-111,-1.4564108591967062e-126,-1.5085619727195825e-111,2.085435768060164e-28,6.43466897431936e-22,1.042561339718174e-28,4.266634153030086e-21,-2.8613961237595748e-96,-6.803160398464437e-93,1.5375014213166034e-45,3.5585822512816502e-31,-6.755185343862349e-131,-4.696513376635256e-124,-4.853094907020104e-93,-1.3929171731216944e-82,-6.803160398468883e-93,-4.172558492203608e-81,-9.713635095729743e-61,-2.5930365896620295e-59,6.7587533867315e-48,1.192633197085219e-23,3.389999999646571e-08,2.5020647606816864e-33,3.8647080008248926e-27,6.0644649193354245e-33,6.061220401866408e-26,8.44450416195505e-58,6.146689593542093e-48,8.714280576821799e-35,0.00018232390001893942,0.49999999999999367,8.603344224775789e-15,0.24999999999999045,8.43051859135853e-15,2.395059387825225e-28,-3.215242814448382e-61,-4.0926687570014933e-60,6.608818411539751e-46,-5.080992171460912e-64,-3.308043086218578e-75,-7.078035096957312e-62,-1.0131697748723085e-68,-2.276178051580443e-75,7.61692861906325e-39,2.426257913609991e-37,2.303071946045661e-38,3.795290134762052e-24,0.0,-1.4227352225198473e-70,-9.910342505952253e-88,9.14090605840214e-25,-3.0097435257681393e-48,1.0880575381783339e-39,-2.788618837372649e-99,2.4725238591636052e-39,3.534282937486713e-18,5.147957404425418e-44,1.2297080829097174e-35,3.846138315668032e-46,3.637622814478379e-43,2.252259113873373e-34,-1.2170173937901198e-66,-6.376705512963757e-94,8.522280445444055e-59,1.6435064902329748e-43,0.10000000149011429,1.826612389026503e-15,2.2852364512507968e-26,5.144675496922539e-44,-1.4447005406873345e-78,-9.477108571828787e-75,-1.0379404185061293e-52,-1.2588069540410123e-68,2.3696977707063327e-36,-1.9967637523066017e-90,2.3708390797080038e-35,3.7860133476215127e-34,-6.68630134164384e-81,2.326523273470937e-54,-2.0526381840670458e-67,2.255999999990675e-06,9.324535988357058e-18,6.17999999999953e-05,4.689054441229879e-18,3.1199973506053876e-48,2.2792824853367936e-40,1.5433844238256221e-50,-1.3189469553334115e-87,4.4169002095816225e-44,3.8038766669047417e-28,-1.9357150961562183e-60,1.4541174085148656e-38,-4.792699455933039e-134,-4.655094982069083e-64,-3.986016874409022e-50,-4.862735082343491e-63,7.386083989030791e-38,4.205917990185243e-41,1.0656070089899232e-90,2.0367180155535424e-50,3.863600019421293e-38,0.000333999999999935,6.511052498553457e-17,1.7090086158719432e-27,1.0608790195665996e-39,-1.5714948576803052e-82,3.805331500107324e-51,3.124972219999535e-58,-7.660889473235026e-74,3.8152959865837437e-59,-3.0063797187671777e-86,9.642885894610363e-23,5.462706977275527e-27,2.5561800405453985e-21,3.5099999999999977e-06,8.548807645033804e-62,7.262691700245768e-54,5.5019935338584115e-21,1.7799999999999944e-06,1.357067488265408e-48,7.199181426147163e-44,-2.881262839916529e-93,5.378901383123404e-65,0.0,0.0,3.4777628877116694e-36,4.454745009527665e-24,3.4814712070978284e-53,5.567277548143119e-25,-4.877241058790752e-73,8.359820857228952e-42,-4.8772410587921155e-73,-4.5524315718385775e-95,3.182496651305698e-61,7.986484817557235e-42,2.524769117847939e-28,2.86380771900739e-38,1.4919673837631622e-58,7.126835392236289e-52,2.1760423836690915e-55,1.0484202626529006e-46,1.2909708116564969e-37,2.0424073040679078e-66,-1.0364656290020463e-78
1.912267181873642e-08,1.0000000031544749e-10,0.0001769999999999997,1.2939617348587727e-38,2.7649574192550455e-32,4.545905169141845e-49,2.2972363085699033e-40,7.75513867194478e-63,1.2699080965354508e-50,-3.040433821901527e-117,-2.368112101376536e-97,-3.199365763985159e-109,9.600452239714699e-65,2.983818227456663e-55,1.6474887931132822e-80,9.365268472339027e-66,5.095806737438941e-60,8.411084252726038e-137,-4.248183293091734e-118,1.3706716771422274e-92,-4.422282641006317e-111,-1.8505375470647632e-126,-1.5820419080826217e-111,3.0159176151741705e-28,9.305072930871702e-22,1.5076314484744422e-28,6.169912100020165e-21,-4.1915227029371746e-96,-8.648938790394197e-93,4.593314833726081e-45,7.4415628019990714e-31,4.541030770075024e-130,-3.492847200565189e-124,-6.073653364255359e-93,-1.3253701631096353e-82,-8.6489387904092e-93,-3.9652442822848003e-81,4.568250793215109e-60,1.2194859444916871e-58,2.0438419770557677e-47,1.7246498837269348e-23,3.3899999994889115e-08,3.618362596133209e-33,5.5886930555049976e-27,8.772784380889725e-33,8.765034863818049e-26,2.5536131065679857e-57,1.2853708687396897e-47,1.2601583195967521e-34,0.00018232390002738798,0.4999999999999908,1.2441159877661043e-14,0.24999999999998618,1.2191239463854058e-14,5.008451003900196e-28,1.820966990654345e-60,2.259081423512489e-59,1.998501752527939e-45,2.3895530677374807e-63,-2.8295072086060714e-75,4.008676486464099e-61,4.764861423705728e-68,-2.1630857957708406e-75,1.5928212045200287e-38,7.336985812175104e-37,4.816090598533964e-38,5.488308977616599e-24,0.0,6.691018597656135e-70,-9.417945618466958e-88,1.9115091824810573e-24,1.415460138298899e-47,2.2753017721589027e-39,1.307763660823431e-98,5.402433456794623e-39,5.1108706016335095e-18,1.07681496129118e-43,2.571515643262758e-35,1.1630693545452021e-45,7.606851133714346e-43,4.7098328657456535e-34,5.723542859420663e-66,-9.340266996167562e-94,2.5771312479389824e-58,3.4368341109951088e-43,0.10000000149011347,2.641435257254135e-15,4.778793735077199e-26,1.075833663892145e-43,6.794319742589893e-78,-9.296766999710281e-75,4.8813570841928755e-52,-1.196262937071146e-68,4.9554158196195006e-36,-1.8977664609730928e-90,4.957802478673242e-35,5.9859122129382255e-34,-6.354091434765312e-81,7.035389006175204e-54,-1.9506525402914035e-67,2.2559999999865153e-06,1.3484063868794152e-17,6.17999999999932e-05,6.780767391293454e-18,6.524632884403273e-48,4.80597108056743e-40,4.754372080144372e-50,6.19135810646055e-87,6.424557333027195e-44,7.954512530132348e-28,-1.8395387919254147e-60,4.3972401845917857e-38,-9.524918156238582e-134,-4.423805873457751e-64,1.8745942784482245e-49,-4.621129343457806e-63,1.5445479122229165e-37,1.2691350410965962e-40,3.1655531630547385e-90,6.159020070585552e-50,8.079403581813931e-38,0.00033399999999990593,9.415529936111514e-17,2.471370302914696e-27,2.386446944389184e-39,3.606445399228445e-82,1.1507294040534441e-50,9.44989766767783e-58,3.60285777925146e-73,1.1537426782471441e-58,-2.8677678879989147e-86,1.3944424628137713e-22,1.1423391162248469e-26,3.696451487793598e-21,3.5099999999999965e-06,2.5854393267184757e-61,2.196232546904743e-53,7.956345742727313e-21,1.779999999999992e-06,2.8378444685626733e-48,1.5055143579910367e-43,-2.750148657274141e-93,1.6265757649803085e-64,0.0,0.0,7.272556628848476e-36,6.441936231098782e-24,1.0527942932658398e-52,8.050751922407048e-25,2.293730423020645e-72,1.7481718147144268e-41,2.293730423020515e-72,-6.691993616761174e-95,9.623846107662738e-61,1.6701013097558923e-41,3.6510286506612316e-28,5.988678493317526e-38,4.5116983028355544e-58,2.155149700675794e-51,6.580335919189015e-55,2.1942252106054175e-46,2.699625775776529e-37,6.18700749583258e-66,4.75424879134225e-78
2.76529929712296e-08,1.0000000045616364e-10,0.00017699999999999956,1.871177581730038e-38,3.9983611550370413e-32,9.506212437226143e-49,4.803887354563271e-40,2.350124726065255e-62,3.8401926452038823e-50,8.692738369634468e-117,5.540247254386945e-98,-8.006779869957104e-110,2.903169594012035e-64,9.023044050189368e-55,1.2906864500371356e-79,7.317043875731183e-65,1.5409681572152924e-59,1.780772292099861e-136,-3.386674867588359e-118,1.0738205830866439e-91,1.559466534704948e-110,2.201302771429169e-126,4.24448488138064e-111,4.3616930614462485e-28,1.3455918648133805e-21,2.1801619706306124e-28,8.92221220658472e-21,1.0718784470686353e-96,1.0254944899282906e-92,1.3772881754380438e-44,1.5561494163933566e-30,3.262194910783638e-129,2.158035160769131e-123,7.879596248724864e-93,4.7128255556076714e-82,1.025494489923487e-92,1.4146679133565958e-80,3.569154497002687e-59,9.527790698829283e-58,6.180562876269614e-47,2.4939928635384534e-23,3.389999999260923e-08,5.232804745926376e-33,8.081720550098813e-27,1.2692578684663281e-32,1.2674978151673088e-25,7.722110911558411e-57,2.6879156540808985e-47,1.8222949988463405e-34,0.0001823239000396053,0.4999999999999867,1.7990964334328053e-14,0.24999999999998004,1.7629558377554847e-14,1.047346950371863e-27,1.364826669008125e-59,1.702350453441933e-58,6.043454375893215e-45,1.8669474294159246e-62,1.3069209471763035e-74,3.00452924428853e-60,3.722765747490783e-67,7.717174149844073e-75,3.33084306870053e-38,2.2186990305695246e-36,1.0071213230237633e-37,7.936556722685223e-24,0.0,5.227663760005576e-69,3.360011267085058e-87,3.997270436072748e-24,1.1058928557486634e-46,4.7580187377056266e-39,1.0224585169456919e-97,1.19988913765932e-38,7.390749062255383e-18,2.252683824784688e-43,5.377449164814492e-35,3.5171130429103874e-45,1.590714420187983e-42,9.849011371038598e-34,4.471779167996115e-65,2.3926043632087006e-94,7.793225664368798e-58,7.186968120857698e-43,0.10000000149011229,3.8197377069054695e-15,9.993219541379508e-26,2.2497397030704795e-43,5.308372519254992e-77,3.0398755822777064e-74,3.813783080070876e-51,4.2678702056182935e-68,1.036256447935429e-35,6.76857782292932e-90,1.0367555363866062e-34,9.724753512091043e-34,2.2669295056797235e-80,2.127496381947273e-53,6.959282614086068e-67,2.2559999999804997e-06,1.949909128397268e-17,6.179999999999017e-05,9.8055603727282e-18,1.364471592739542e-47,1.0169886592644194e-39,1.4631321335051809e-49,4.8394911833176474e-86,9.368582534570186e-44,1.6634153820236594e-27,6.5628655598827e-60,1.3297221481466655e-37,-1.2863314960847809e-133,1.5782675101405297e-63,1.464612364677806e-48,1.6486659929642826e-62,3.229895918715735e-37,3.832143055736449e-40,8.992594430016088e-90,1.86248307032009e-49,1.6895320920774863e-37,0.0003339999999998639,1.3615648774955974e-16,3.573809469164082e-27,5.4984106347527625e-39,3.541649513929728e-81,3.479797124950465e-50,2.857643458339198e-57,2.8148974967159424e-72,3.488909304599757e-58,1.0129774549368377e-85,2.0164811689636886e-22,2.3888132053428643e-26,5.345379975169616e-21,3.5099999999999948e-06,7.819183652038791e-61,6.641390821979068e-53,1.1505545614936601e-20,1.7799999999999885e-06,5.934385211784877e-48,3.1484240055701567e-43,9.698079469673171e-93,4.918752976827125e-64,0.0,0.0,1.5208075313930066e-35,9.315581995131094e-24,3.183642081187588e-52,1.1642064897139793e-24,1.792081613866187e-71,3.6557059605188884e-41,1.7920816138662333e-71,1.5684556196660877e-95,2.9102438761878544e-60,3.492448126989703e-41,5.279694731377278e-28,1.2523281454456193e-37,1.364334219707829e-57,6.517156601367425e-51,1.9898886682701216e-54,4.5939520816550145e-46,5.645347875732172e-37,1.8740894540555413e-65,3.737464037374615e-77
3.998855533972139e-08,1.0000000065965103e-10,0.00017699999999999934,2.705880282444121e-38,5.78196677609517e-32,1.9879005741412546e-48,1.0045694314691014e-39,7.0873749318973185e-62,1.1612713712416244e-49,-1.4014054097004757e-112,-6.494524891346316e-94,-7.524279344776555e-105,8.779163151150789e-64,2.728561778744349e-54,6.732051733117134e-80,4.6568197296099e-65,4.659876181384289e-59,9.721361737611864e-132,-8.615284870780954e-113,5.6009037346859136e-92,-2.238408194145702e-108,-6.435646795784096e-123,-1.891128072596782e-108,6.308258474528036e-28,1.9458390923108947e-21,3.15269771297708e-28,1.2902269816244765e-20,-1.1433235485742268e-92,-2.92379536665835e-89,4.14038654908273e-44,3.254156513244725e-30,2.334616396337978e-125,-2.2824759745780953e-118,-1.99908780633116e-89,-6.4631315529378225e-80,-2.9237953666639377e-89,-1.896468731785419e-78,2.2715396428219525e-59,6.0638324663568025e-58,1.8689975988487882e-46,3.6065318995187046e-23,3.3899999989312316e-08,7.56780357262853e-33,1.1686848142579456e-26,1.8367908130920613e-32,1.832908524017194e-25,2.3351590364932452e-56,5.620860905544708e-47,2.6351919548208128e-34,0.00018232390005727255,0.49999999999998074,2.601644869682901e-14,0.2499999999999711,2.5493825258057527e-14,2.1901694427444048e-27,9.558969707470738e-60,1.1779054431776558e-58,1.8275360907046228e-44,1.188193234464944e-62,-1.4769793142478655e-72,2.104311458274961e-60,2.3692942052893715e-67,-1.034545238816346e-72,6.965323864829683e-38,6.709329302341664e-36,2.106051243289798e-37,1.1476929026533819e-23,0.0,3.3270752512960893e-69,-4.5043478195749985e-85,8.3589297320441e-24,7.038304390138329e-47,9.949775711137972e-39,6.208150456618505e-98,2.7213051776202996e-38,1.0687645208969796e-17,4.713418626672918e-43,1.1245103484033283e-34,1.0635723580145964e-44,3.326439196208812e-42,2.0595852921049306e-33,2.846002865695579e-65,-2.5364171917925804e-90,2.3566656158652787e-57,1.5029096368364155e-42,0.1000000014901106,5.523662224726493e-15,2.0897415191248803e-25,4.704564378494804e-43,3.3784402460750834e-77,-4.469929422434529e-71,2.4272302685192567e-51,-5.721400990692578e-66,2.1669774343624951e-35,-9.33417523014546e-88,2.168021107862878e-34,1.6297468189134468e-33,-3.0389895151503523e-78,6.43353317275431e-53,-9.329441730595229e-65,2.2559999999718015e-06,2.819732720047748e-17,6.179999999998581e-05,1.4179665615081518e-17,2.853529733709985e-47,2.1629233970473674e-39,4.325510252689877e-49,2.986711634957215e-86,1.3711046465715149e-43,3.478466747741856e-27,-8.798014897502695e-58,4.021069847327821e-37,-1.550497454633642e-126,-2.1157863066975852e-61,9.321325736299233e-49,-2.2101607593578657e-60,6.754227281097902e-37,1.1576427637505188e-39,1.9721546027347698e-86,5.6321348969423375e-49,3.5330809523772038e-37,0.0003339999999998032,1.9689374131270847e-16,5.1680292942339584e-27,1.3034149550280152e-38,-2.8314838737374173e-80,1.0522880522171022e-49,8.641486792181815e-57,1.7914875942593665e-72,1.0550435447825236e-57,-1.4521010423438645e-83,2.916001493937517e-22,4.9953892401620844e-26,7.72986935536517e-21,3.5099999999999927e-06,2.3641902706200895e-60,2.0083516253589012e-52,1.6637987359411144e-20,1.7799999999999834e-06,1.24097455903417e-47,6.584320619133083e-43,-1.392031072111705e-90,1.487427223552444e-63,0.0,0.0,3.180250997838752e-35,1.347111563808535e-23,9.627309881448997e-52,1.683540573286924e-24,1.1405458890046546e-71,7.644663960755081e-41,1.140545888998466e-71,-1.827107560281875e-91,8.800555751941126e-60,7.303265920334401e-41,7.634882968121948e-28,2.618817800356238e-37,4.125736407297099e-57,1.9707832899658383e-50,6.017408474022802e-54,9.623249671836998e-46,1.1805322398339149e-36,5.654989938515625e-65,1.407907464050146e-77
5.78268167869447e-08,1.0000000095391092e-10,0.00017699999999999904,3.9129306491966676e-38,8.361210639014421e-32,4.1570170267874105e-48,2.100714835170718e-39,2.092917268390249e-61,3.511675511019381e-49,-2.8672832239538765e-111,-1.3553982454984274e-92,-1.5761956846548355e-103,2.6548123234630555e-63,8.251150331559439e-54,-8.056300626663073e-78,-4.3922788362538867e-63,1.4091430275214997e-58,2.149922688527895e-130,-1.8204913942672782e-111,-6.702652305758551e-90,-4.774457455180738e-107,-1.3323736162928001e-121,-3.96655351899558e-107,9.124119603761051e-28,2.8138471047019975e-21,4.559066256380806e-28,1.8657768112845515e-20,-2.386164707018401e-91,-6.055317156575009e-88,1.2469217324208888e-43,6.804960051250406e-30,1.9881783331876016e-123,-4.624013293846428e-117,-4.140820799538322e-88,-1.3798872686615733e-78,-6.055317156589818e-88,-4.051363836341824e-77,-2.1424925719990238e-57,-5.719343526744743e-56,5.651834788386432e-46,5.215366046850087e-23,3.389999998454471e-08,1.0945202199002679e-32,1.6900166081841058e-26,2.658950213009569e-32,2.6505399988964293e-25,7.061463609509757e-56,1.1754118541558435e-46,3.8107093810613857e-34,0.0001823239000828209,0.49999999999997213,3.762197457780945e-14,0.24999999999995823,3.686621708371798e-14,4.579993464471061e-27,-7.939939019327383e-58,-9.94517874934411e-57,5.526455497046773e-44,-1.120691462498215e-60,-3.1702564762851773e-71,-1.747898068928348e-58,-2.234704274822342e-65,-2.2100649996355957e-71,1.4565602623985469e-37,2.0288961746160483e-35,4.404088899649513e-37,1.6596605364359718e-23,0.0,-3.138062742482241e-67,-9.622490239607925e-84,1.7479854660571857e-23,-6.638455150177217e-45,2.0806567220095968e-38,-6.1998861299859985e-96,6.332209981789901e-38,1.5455234529619142e-17,9.864667359718559e-43,2.3515304094096e-34,3.2162348723292867e-44,6.956119955587691e-42,4.306921187898018e-33,-2.684320222834535e-63,-5.293431939427686e-89,7.126539077357721e-57,3.1428237284454646e-42,0.10000000149010813,7.987680493797173e-15,4.3699826649773445e-25,9.837994131493191e-43,-3.1865108147280004e-75,-9.170430913146181e-70,-2.289338231198525e-49,-1.2222440938648136e-64,4.531495278478929e-35,-1.9916037457215773e-86,4.533677766102408e-34,2.824053287794998e-33,-6.4920934430292114e-77,1.9454956279029534e-52,-1.9930179816318083e-63,2.2559999999592235e-06,4.077570845077218e-17,6.179999999997948e-05,2.0504989955660873e-17,5.967796505812449e-47,4.632601023220036e-39,1.0511696142593221e-48,-2.9244752758716645e-84,2.0165932368887506e-43,7.274028511034763e-27,-1.8794910133289402e-56,1.2159685208784121e-36,-3.3202563398829483e-125,-4.5198847643851737e-60,-8.791777128522293e-47,-4.721493807369035e-59,1.412416601418792e-36,3.4982053242501515e-39,4.705198211357609e-85,1.7031533867834128e-48,7.388235520654968e-37,0.0003339999999997154,2.8472492208672827e-16,7.473405344618865e-27,3.1901628538118034e-38,-8.489218737015255e-79,3.1821112140182285e-49,2.6131643959052077e-56,-1.6897302943972796e-70,3.1904431865316907e-57,-3.0968241471685505e-82,4.216783594852335e-22,1.0446155272232264e-25,1.1178041697504866e-20,3.5099999999999893e-06,7.140859884767622e-60,6.0732403197450305e-52,2.405993010919276e-20,1.779999999999976e-06,2.595075654193977e-47,1.3770267522497045e-42,-2.9691604779296237e-89,4.4979687209711256e-63,0.0,0.0,6.650411837578851e-35,1.948036704655257e-23,2.911291321436718e-51,2.434541369525405e-24,-1.0757510040771118e-69,1.5986211062955458e-40,-1.0757510040784337e-69,-3.8130187417365154e-90,2.6612814923393115e-59,1.5272293685944734e-40,1.1040683394851993e-27,5.4763655169006986e-37,1.2476193873642826e-56,5.95963395798206e-50,1.8196598294322274e-53,2.0173837099663982e-45,2.4686811157737843e-36,1.6782975513833233e-64,-2.445597541764863e-75
8.362244425442554e-08,1.0000000137943549e-10,0.0001769999999999986,5.658427087513318e-38,1.209101438016401e-31,8.692985357542206e-48,4.392929631473542e-39,6.29936835048105e-61,1.0619280261561351e-48,-1.1179464292862872e-110,-5.459019170542486e-92,-6.416654383314385e-103,8.028132607386652e-63,2.4951416923324605e-53,-2.9337637347605793e-77,-1.5949634390662368e-62,4.2612379633820816e-58,9.566933139814877e-130,-7.526229534532486e-111,-2.440822326208593e-89,-1.8634502384252822e-106,-5.282465409372995e-121,-1.5769666497539544e-106,1.3198107059192985e-27,4.069059748656727e-21,6.592793548720736e-28,2.6980703076979297e-20,-9.610173978163033e-91,-2.4019523187157895e-87,3.759958399190445e-43,1.423025632244895e-29,1.8813638217311897e-122,-1.7704512507756093e-116,-1.6422644955288298e-87,-5.377152944426155e-78,-2.4019523187240597e-87,-1.5777071457565317e-76,-7.780009633587825e-57,-2.076858902363693e-55,1.7091106199998753e-45,7.541894584325586e-23,3.389999997765035e-08,1.583086482436484e-32,2.4439062624724785e-26,3.8509128935158863e-32,3.8329039307192538e-25,2.135378975928906e-55,2.4579742690332087e-46,5.510606536950581e-34,0.000182323900119766,0.4999999999999597,5.440454182246865e-14,0.2499999999999396,5.331165284734787e-14,9.57749648222782e-27,-2.8852512269697145e-57,-3.613579096925558e-56,1.6711960159036176e-43,-4.0695545385013043e-60,-1.2342585254768129e-70,-6.351591663207974e-58,-8.114857487905404e-65,-8.60657172193824e-71,3.0458997157159635e-37,6.135366883962492e-35,9.209651995697841e-37,2.400008826210732e-23,0.0,-1.1395212605134346e-66,-3.747249624288266e-83,3.6553162752404856e-23,-2.410614891116803e-44,4.3509849070354877e-38,-2.2530304351367933e-95,1.5181633482356396e-37,2.234956996388943e-17,2.06532605833149e-42,4.91742496979608e-34,9.725870239759975e-44,1.45463717800346e-41,9.006458819346446e-33,-9.7475423984408e-63,-2.1317322702197308e-88,2.155060086788923e-56,6.572145696823245e-42,0.10000000149010456,1.1550858302916321e-14,9.138330417732975e-25,2.0572814138583387e-42,-1.1571141610763608e-74,-3.5682037980724214e-69,-8.313248649417398e-49,-4.759738494577298e-64,9.476079046204408e-35,-7.755634019515646e-86,9.480642975609823e-34,5.061022178674584e-33,-2.528191155418255e-76,5.8831642516654835e-52,-7.761333807870191e-63,2.255999999941034e-06,5.896510643862109e-17,6.179999999997033e-05,2.965194134233736e-17,1.2481461713531796e-46,1.0018886607966552e-38,3.027583935232923e-48,-1.0624832363501501e-83,2.9869764484338406e-43,1.5211153250156965e-26,-7.319230073314053e-56,3.6770797282277305e-36,-1.403791443115885e-124,-1.7601614615756417e-59,-3.1925483247603017e-46,-1.8386733012220048e-58,2.9535882831944863e-36,1.0573323579999765e-38,2.3295405841231355e-84,5.1503231235893284e-48,1.5449978317493996e-36,0.00033399999999958837,4.117362020280361e-16,1.0807173154309839e-26,8.075827152934052e-38,-3.2535991325339065e-78,9.622680550752007e-49,7.90218093654489e-56,-6.135899836777291e-70,9.647876010688794e-57,-1.2082597071516298e-81,6.097823997240611e-22,2.1844576011350965e-25,1.616438913107407e-20,3.509999999999984e-06,2.158894424026167e-59,1.8365433377620703e-51,3.4792684014532136e-20,1.7799999999999652e-06,5.426716943669931e-47,2.880006861429488e-42,-1.1588505792155916e-88,1.3601823768354954e-62,0.0,0.0,1.3907071372899335e-34,2.8170250364665323e-23,8.803723218107344e-51,3.520551731215092e-24,-3.906362748858658e-69,3.342971586934213e-40,-3.906362748863805e-69,-1.5356108290508872e-89,8.04769536315164e-59,3.193680188379016e-40,1.5965757481248054e-27,1.1451953347518437e-36,3.7727915808632377e-56,1.802188859028708e-49,5.502637736553344e-53,4.233817490190311e-45,5.162405774013746e-36,5.056466481835872e-64,-8.934948529875074e-75
1.2092509274456956e-07,1.0000000199477984e-10,0.000176999999999998,8.182561879229247e-38,1.7484624573089446e-31,1.8178418341900136e-47,9.186316223019368e-39,1.9320237283298724e-60,3.211262660759475e-48,-2.6111795974189195e-110,-1.3676570090554763e-91,-1.643417450537804e-102,2.4277013365264216e-62,7.545289906559541e-53,-4.480192153060809e-77,-2.3809024824498726e-62,1.2885952051669033e-57,2.8666046441662206e-129,-1.9864423924378916e-110,-3.727414608013971e-89,-4.335789288576698e-106,-1.2800128730482687e-120,-3.8377559239720147e-106,1.9093650042718763e-27,5.884202879462918e-21,9.533734403371158e-28,3.901636755587039e-20,-2.4074439408111408e-90,-5.826473622699934e-87,1.1347661346368443e-42,2.975773457347577e-29,1.0296239608774496e-121,-3.96238194678772e-116,-3.982141190408856e-87,-1.2462580436779517e-77,-5.826473622732565e-87,-3.6506080598373376e-76,-1.1613706595185957e-56,-3.1002570655171636e-55,5.168337749552577e-45,1.0906290291995861e-22,3.389999996768053e-08,2.2899415401508836e-32,3.5340941575902464e-26,5.580971358334558e-32,5.54270169477457e-25,6.45739156351276e-55,5.1400181553137124e-46,7.968800935850914e-34,0.0001823239001731917,0.4999999999999417,7.867354662602809e-14,0.24999999999991268,7.709313712313955e-14,2.0028071998548425e-26,-4.291517263355944e-57,-5.377461572731074e-56,5.053684270050415e-43,-6.074878363339048e-60,-2.8522579835405824e-70,-9.447345529171979e-58,-1.2113561181809584e-64,-1.9914481714507903e-70,6.369461887407477e-37,1.855330362376195e-34,1.9258850539389092e-36,3.470614766855435e-23,0.0,-1.7010345979922118e-66,-8.67064570453363e-83,7.643849065116761e-23,-3.598475478524576e-44,9.098603080668203e-38,-3.3835774490642326e-95,3.761367951226783e-37,3.2319359279716935e-17,4.32638577943967e-42,1.028311955253888e-33,2.9410958960536872e-43,3.041883077320288e-41,1.883394121290456e-32,-1.4550765662498985e-62,-5.339291014205292e-88,6.5168856895264845e-56,1.3743405139960185e-41,0.10000000149009941,1.6703513321252502e-14,1.9109705737583734e-24,4.302103417798776e-42,-1.7272966876498254e-74,-8.290268972523555e-69,-1.2409705727545171e-48,-1.1013412569991923e-63,1.9815991979387776e-34,-1.7947695756460647e-85,1.9825535882906984e-33,9.3621522045186e-33,-5.849903791778951e-76,1.7790644763476507e-51,-1.7958711683100355e-62,2.2559999999147305e-06,8.526850689818661e-17,6.17999999999571e-05,4.28792029277862e-17,2.6106315877233433e-46,2.1953177744346297e-38,1.0539259254866028e-47,-1.5923793985768055e-83,4.468879178825569e-43,3.1808946421406725e-26,-1.693574145644232e-55,1.1119461631698518e-35,-3.861799513990858e-124,-4.072783493045206e-59,-4.765716381141876e-46,-4.254449625086719e-58,6.176423965680824e-36,3.196272897888982e-38,8.082823788666116e-84,1.5574538669484195e-47,3.230836772063057e-36,0.0003339999999994047,5.954052030273728e-16,1.562808200742115e-26,2.1135608182847893e-37,-6.935125183113165e-78,2.909891412143752e-48,2.3896215651241693e-55,-9.159451676082696e-70,2.9175108325210047e-56,-2.809074752693851e-81,8.817966742811033e-22,4.568049091993477e-25,2.337506721263458e-20,3.509999999999977e-06,6.5330244369374085e-59,5.553693338774322e-51,5.031314951307998e-20,1.7799999999999495e-06,1.1348130384999603e-46,6.023836848871338e-42,-2.6963595780194334e-88,4.113181402557726e-62,0.0,0.0,2.908190333207306e-34,4.0736553041003857e-23,2.6622393260515813e-50,5.091014121625914e-24,-5.83127179342914e-69,6.990686526955219e-40,-5.831271793441047e-69,-3.8465362604034366e-89,2.4336170660091417e-58,6.678494733942303e-40,2.3087829164092895e-27,2.3947860140634784e-36,1.140889476130072e-55,5.449805649496455e-49,1.6639935424880313e-52,8.899390352067321e-45,1.0795413471982798e-35,1.5461865915870338e-63,-1.3997736440494638e-74
1.7486786215901368e-07,1.0000000288461955e-10,0.00017699999999999707,1.1832673295574469e-37,2.5284238991954193e-31,3.801397111723378e-47,1.9210051827675958e-38,5.96959137688105e-60,9.710835429901132e-48,-3.497675579945153e-110,-2.3090346004696222e-91,-2.9473046615536254e-102,7.341350858661972e-62,2.2816900619959868e-52,7.143906585012982e-77,4.260623071581829e-62,3.8967024048911055e-57,7.098513507111142e-129,-3.839184509284736e-110,5.943560211953172e-89,-5.701914583568889e-106,-1.9523121928317224e-120,-5.931052225608715e-106,2.762791402575201e-27,8.509052621114076e-21,1.3786582443731689e-27,5.642095140050776e-20,-4.063506656237749e-90,-8.91755070093784e-87,3.426834939114589e-42,6.222816699777328e-29,4.421944852642647e-121,-4.416660672172516e-116,-6.087015560022418e-87,-1.6134295471032883e-77,-8.917550701050205e-87,-4.694395866785525e-76,2.0782755742443567e-56,5.547917543474716e-55,1.5629014747308397e-44,1.577157251789184e-22,3.3899999953263335e-08,3.312839332297805e-32,5.1105976161695564e-26,8.096123327849499e-32,8.015213174680149e-25,1.952720469217493e-54,1.074860375692232e-45,1.1523557009978234e-33,0.00018232390025044976,0.4999999999999157,1.1376857026961811e-13,0.2499999999998737,1.1148316498618279e-13,4.188189143939416e-26,7.826811084259952e-57,9.782242844834014e-56,1.5282303482226985e-42,1.0871009583313973e-59,-3.647345530877956e-70,1.7229940851600917e-57,2.1677192399285103e-64,-2.5608462818156987e-70,1.331956023533182e-36,5.610505152637688e-34,4.02733267514758e-36,5.018801067671877e-23,0.0,3.044005504790971e-66,-1.1149770876533395e-82,1.5984506981434429e-22,6.439480669202791e-44,1.902662955280171e-37,5.878659525336369e-95,9.639634247142245e-37,4.673651375711215e-17,9.069720563699663e-42,2.1503642326519917e-33,8.89385201878271e-43,6.361077085214005e-41,3.9384773605980156e-32,2.603863042720632e-62,-9.007768305503528e-88,1.9707014034593115e-55,2.8739653399019985e-41,0.10000000149009196,2.4154686167590832e-14,3.996144115746509e-24,8.996384113992878e-42,3.0910009919895447e-74,-1.0874537292302405e-68,2.2207198714685947e-48,-1.4162385443264617e-63,4.143839833245957e-34,-2.3093034355676085e-85,4.1458356154842336e-33,1.7811719594469524e-32,-7.522517837608188e-76,5.379877690538105e-51,-2.309349578992305e-62,2.2559999998766933e-06,1.233054378728186e-16,6.179999999993798e-05,6.200693649056692e-17,5.460937521750443e-46,4.893790296902097e-38,3.8364539446573367e-47,2.7945840606304967e-83,6.780452321862411e-43,6.65175779669909e-26,-2.1778036315686796e-55,3.362516890094024e-35,-8.17854375865717e-124,-5.237280394226232e-59,8.528261066660936e-46,-5.4708888029743846e-58,1.291588716690529e-35,9.663221284754684e-38,2.444694904559278e-83,4.709728864889399e-47,6.756194755108515e-36,0.00033399999999913913,8.6100603733667e-16,2.2599521982591552e-26,5.704313925719822e-37,-5.600960711568207e-78,8.799489897105393e-48,7.22623507805314e-55,1.6390769485798853e-69,8.82253252586423e-56,-3.682501545663152e-81,1.2751522102252746e-21,9.552518891915407e-25,3.380231462981606e-20,3.5099999999999664e-06,1.9777139307030925e-58,1.6794327182261837e-50,7.275704894268377e-20,1.779999999999927e-06,2.3730750134728353e-46,1.260068407090093e-41,-3.545931458522573e-88,1.2438230090321267e-61,0.0,0.0,6.081489616245954e-34,5.890848436571911e-23,8.050591836939802e-50,7.362034920863839e-24,1.0435074928859976e-68,1.4618639984639161e-39,1.0435074928844675e-68,-6.491009258372614e-89,7.359239823896924e-58,1.3965798147968415e-39,3.3386944309711756e-27,5.0078793367153286e-36,3.450041816375342e-55,1.648017157568745e-48,5.031904046571357e-52,1.8748551965942097e-44,2.2574930590636977e-35,4.755969595024068e-63,1.932925701211384e-74
2.5287364699943266e-07,1.0000000417140266e-10,0.00017699999999999576,1.7111041743263877e-37,3.6563138149919927e-31,7.949327485795543e-47,4.0171281195886886e-38,1.8442226879855522e-59,2.936549727306582e-47,3.5727565170362176e-110,-9.632387662788364e-92,-2.1841595369513757e-102,2.220019062305396e-61,6.899813797008327e-52,8.516949055391869e-76,4.8052128975144224e-61,1.178359936362308e-56,1.5442463184570098e-128,-4.284361286886315e-110,7.085900172095913e-88,6.582206220828093e-106,3.3907777466594535e-121,5.603077724099848e-107,3.9987606634589975e-27,1.230480627048417e-20,1.9936558729103836e-27,8.158944452694987e-20,-1.6895160969130905e-90,1.3601943876511334e-87,1.035291702853871e-41,1.301290176430027e-28,1.667266591893384e-120,1.0715790500394387e-115,9.757452190869756e-88,2.043784677858791e-77,1.3601943872878018e-87,6.175881451949533e-76,2.3439173306752306e-55,6.257043158417995e-54,4.726202384691919e-44,2.2807353386719143e-22,3.389999993241485e-08,4.793553574319629e-32,7.390354315170188e-26,1.1761144630672928e-31,1.1590672886626378e-24,5.905043056455904e-54,2.247706326080921e-45,1.6664033640189612e-33,0.00018232390036217142,0.49999999999987804,1.6451892838297014e-13,0.2499999999998174,1.6121403972950331e-13,8.758171182714314e-26,8.75092584343348e-56,1.0950006652057965e-54,4.621357157270771e-42,1.226052398637423e-58,4.94814136907627e-70,1.9264286967429639e-56,2.4447963986907897e-63,3.3690134780060976e-70,2.785332387462576e-36,1.6966125658995563e-33,8.42179466661697e-36,7.257608765998113e-23,0.0,3.433085257060128e-65,1.4668482261512546e-82,3.342615234861093e-22,7.262564368567343e-43,3.978771564244608e-37,6.722875491985775e-94,2.5522617723851244e-36,6.75849325710439e-17,1.9034447374550525e-41,4.496754422206271e-33,2.6894942064604168e-42,1.3302070515297134e-40,8.235984037199653e-32,2.936684498578953e-61,-3.7210095623485094e-88,5.959386442703406e-55,6.009920380032161e-41,0.10000000149008118,3.4929709255384635e-14,8.356574405731664e-24,1.8812873458332563e-41,3.48608793802333e-73,1.2715370899922795e-68,2.5045685903958655e-47,1.8631835932804802e-63,8.665429710851733e-34,3.027893941111059e-85,8.669603209265391e-33,3.469331259809776e-32,9.896518972194248e-76,1.6268709959554645e-50,3.0381479684821826e-62,2.2559999998216886e-06,1.783100415622145e-16,6.179999999991032e-05,8.966724915947177e-17,1.1424804232359825e-45,1.115005871105412e-37,1.3594153187431393e-46,3.1807360266293543e-82,1.048834785816019e-42,1.3909885976727916e-25,2.865087913768154e-55,1.0168225954148147e-34,-1.2577194757961958e-123,6.890092687231665e-59,9.618329226819711e-45,7.197424637045947e-58,2.7009179135265317e-35,2.9216732596743478e-37,6.987726726011933e-83,1.4242184922181931e-46,1.4128280315001155e-35,0.00033399999999875505,1.245087198418738e-15,3.2680810973446604e-26,1.5813012646425152e-36,3.16758742833423e-77,2.6609591727561023e-47,2.1852195403965567e-54,1.8485858637412803e-68,2.6679277247140916e-55,4.333799350924442e-81,1.8439774231877477e-21,1.9975839865346856e-24,4.8880992040624866e-20,3.5099999999999516e-06,5.987135176999466e-58,5.0785919981352625e-50,1.0521281655738285e-19,1.7799999999998944e-06,4.962478282245376e-46,2.6361774996529e-41,4.0933716511668186e-88,3.76131156598871e-61,0.0,0.0,1.2717364311890998e-33,8.518662650053027e-23,2.4344929582445365e-49,1.0646122143666176e-23,1.176886894371291e-67,3.0569906705725244e-39,1.176886894371493e-67,-2.6903727899742915e-89,2.2254286239538275e-57,2.9204713289392796e-39,4.828033175236134e-27,1.04722740593193e-35,1.0432902408417427e-54,4.983591574240669e-48,1.52164402609418e-51,3.96250581963772e-44,4.720777879254425e-35,1.462846807216545e-62,2.481179009794377e-73
3.6567657748709683e-07,1.0000000603219937e-10,0.00017699999999999387,2.4744007032725993e-37,5.287337613534489e-31,1.6623311370854907e-46,8.400455413960296e-38,5.652862850477821e-59,8.880105118196304e-47,-1.279571061505751e-106,-5.3120318853967185e-89,-5.984713645548269e-99,6.713321147030264e-61,2.086498556987163e-51,3.6987894653804727e-75,2.1375437498465887e-60,3.563351724155042e-56,1.013089018576901e-124,-6.867727647623532e-106,3.077305042313859e-87,-2.1387399880357835e-104,-6.399139705441281e-118,-1.2740651445154366e-103,5.789929952975198e-27,1.7793785516771755e-20,2.8829942204903376e-27,1.1798520392116111e-19,-9.341421566929596e-88,-2.2706270874218217e-84,3.1286637379191374e-41,2.7212052107691964e-28,9.276195869737503e-117,-1.823912522760753e-111,-1.7271840097169458e-84,-4.0915540981076895e-76,-2.2706270874653687e-84,-8.806148625265466e-75,1.0426650774014355e-54,2.7833747928949394e-53,1.429200071124497e-43,3.2982047043269216e-22,3.3899999902266175e-08,6.937965250027873e-32,1.068707439837764e-25,1.7119416966437397e-31,1.6761088580863995e-24,1.785686632271437e-53,4.700318080601573e-45,2.4097595825178662e-33,0.00018232390052373034,0.4999999999998237,2.379082178637377e-13,0.24999999999973596,2.3312907017072986e-13,1.8314732169404082e-25,3.8887688708030846e-55,4.866676776771979e-54,1.3974949526897278e-41,5.453955255260399e-58,-6.804654210573265e-69,8.560735263687916e-56,1.0875394292739043e-62,-4.803854477995914e-69,5.8245740634165274e-36,5.130543724917954e-33,1.7611315261086037e-35,1.0495113132685642e-22,0.0,1.5271690957912892e-64,-2.0915693436976153e-81,6.989941333543998e-22,3.2306695233213973e-42,8.320245640506137e-37,2.9724517713080107e-93,6.959439023826222e-36,9.773350089459814e-17,4.0010347930838514e-41,9.403430368245031e-33,8.133010391886222e-42,2.781688385734907e-40,1.7222755609002747e-31,1.3063508430973974e-60,-1.98019302919294e-85,1.8021140324908034e-54,1.2567703688595818e-40,0.10000000149006559,5.051129955489515e-14,1.747492926464828e-23,3.9340717755296977e-41,1.5507466777052985e-72,-3.444239914440511e-66,1.1141289771635596e-46,-2.656701213060974e-62,1.8120794988020503e-33,-6.407617307625883e-84,1.8129522437287137e-32,6.885619053607265e-32,-1.4111382876616278e-74,4.919645742814768e-50,-4.332075089369864e-61,2.255999999742147e-06,2.578513281350945e-16,6.179999999987033e-05,1.2966638937668065e-16,2.3906549231686403e-45,2.6087625268805473e-37,4.4986964209485035e-46,1.4092562385485901e-81,1.66361116234784e-42,2.908778908331628e-25,-4.0853103707524214e-54,3.0748639332022185e-34,-1.2316941304875992e-117,-9.824538607318576e-58,4.278604840145848e-44,-1.0262760558358468e-56,5.648049941206941e-35,8.834119297369088e-37,1.5535421387429887e-80,4.3068260861721446e-46,2.9544486487827316e-35,0.0003339999999981996,1.80050088376938e-15,4.725920340567288e-26,4.481387507503102e-36,-4.444126755323779e-77,8.046720665822048e-47,6.608109854593345e-54,8.223215457936867e-68,8.067794445630396e-55,-1.3810016903904067e-79,2.6665465580354086e-21,4.17726656920293e-24,7.068602872772714e-20,3.5099999999999295e-06,1.8117786306883516e-57,1.5357624277308195e-49,1.521465882230643e-19,1.7799999999998479e-06,1.0377333546030504e-45,5.516216307454381e-41,-1.3300476265909328e-86,1.1374178233753423e-60,0.0,0.0,2.6594036209419347e-33,1.2318703168672442e-22,7.361888523556711e-49,1.5395188682198024e-23,5.235248066199381e-67,6.392654833715524e-39,5.2352480661965045e-67,-1.4279775400100353e-86,6.729679534297759e-57,6.107172015655555e-39,6.981742371975087e-27,2.1899194571154023e-35,3.1549022321803666e-54,1.5070343698896884e-47,4.6014401721633765e-51,8.412890431643044e-44,9.87189913828571e-35,4.471603033537877e-62,1.0448650177935628e-72
5.287991093946486e-07,1.0000000872306801e-10,0.0001769999999999911,3.578191780327502e-37,7.645935406602467e-31,3.476199510197494e-46,1.756669178375515e-37,1.341601025214186e-58,2.6853339087910658e-46,-2.053357407814195e-104,-8.847942316264414e-87,-9.801175342818838e-97,2.0301027736572443e-60,6.309555232095656e-51,-6.6783121285678465e-74,-2.6684830530817107e-59,1.0775545341540911e-55,1.7353018601780427e-122,-1.131594937898364e-103,-5.556204082058677e-86,-4.744974884771964e-102,-1.0584459216398473e-115,-2.1485219001847624e-101,8.388170224932185e-27,2.5731311478303378e-20,4.169052353265947e-27,1.706165352587061e-19,-1.556020256751076e-85,-3.789318699688539e-82,9.45676757794912e-41,5.690473908849625e-28,2.3009340847978847e-114,-2.8969943048302373e-109,-2.872558999772347e-82,-1.0387723739849035e-73,-3.7893186997751443e-82,-2.539134182960807e-72,-1.3016413574869052e-53,-3.474706845005741e-52,4.321890384311977e-43,4.769626814851407e-22,3.389999985866866e-08,1.0045602892876684e-31,1.5454409145748978e-25,2.4989934387768874e-31,2.423794488174807e-24,5.399611416244165e-53,9.829132037788123e-45,3.484715306951194e-33,0.00018232390075735816,0.4999999999997451,3.4403530766918206e-13,0.2499999999996182,3.371242567371155e-13,3.8299024683901763e-25,-4.841549937921645e-54,-6.061268882434904e-53,4.226014340622859e-41,-6.808603590266615e-57,-1.979975215231025e-66,-1.0658187426087017e-54,-1.357674380281687e-61,-1.385126600418534e-66,1.2180112925714847e-35,1.5514726175249214e-32,3.6828067826628715e-35,1.5176816938645383e-22,0.0,-1.906486027984566e-63,-6.030757947857429e-79,1.4617081653062228e-21,-4.0331000694377143e-41,1.7398960053775008e-36,-4.1267239640949815e-92,1.9458976772853718e-35,1.413308681252655e-16,8.429181723558765e-41,1.9664071984637631e-32,2.45941629579099e-41,5.8169943281933985e-40,3.601552763799804e-31,-1.6308210651187416e-59,-3.300944274588605e-83,5.449578296097458e-54,2.628107821394031e-40,0.10000000149004307,7.304359060277393e-14,3.654286286417672e-23,8.226771310922164e-41,-1.9359211739404007e-71,-5.7562362943277674e-64,-1.3908552541394154e-45,-7.660239601559218e-60,3.789347118418725e-33,-1.5801238464985468e-81,3.7911721668131083e-32,1.3864880032473636e-31,-4.0688267168747725e-72,1.4876972027801183e-49,-1.2490954295689645e-58,2.255999999627124e-06,3.7287472336453877e-16,6.179999999981249e-05,1.8750851274255497e-16,5.003895428003392e-45,6.293309383715636e-37,-5.179135036271032e-46,-1.889020658758535e-80,2.4916781678803264e-42,6.082720410359518e-25,-1.1779440969708759e-51,9.298365694886612e-34,-2.053468238283008e-115,-2.83277308977966e-55,-5.341320662012573e-43,-2.959128562383893e-54,1.181097284633579e-34,2.6712222466927445e-36,2.826757618183029e-78,1.3023809893825312e-45,6.178223126371493e-35,0.00033399999999739644,2.6036758188718336e-15,6.834078595707281e-26,1.2923381728020428e-35,-4.194335743853365e-74,2.433322333596206e-46,1.9981795711564204e-53,-1.0265906055094634e-66,2.4396905208978723e-54,-3.0682714630430895e-77,3.8560507609905926e-21,8.735330328601044e-24,1.0221794708014141e-19,3.5099999999998978e-06,5.417132047321769e-57,4.644134124086479e-49,2.2001677228033847e-19,1.7799999999997799e-06,2.1700659818753697e-45,1.1546019525689571e-40,-2.950823556282546e-84,3.439542295188783e-60,0.0,0.0,5.5612369410142395e-33,1.7813881575055258e-22,2.226229608311378e-48,2.226273861442107e-23,-6.535574363130328e-66,1.3368060357992385e-38,-6.535574363213257e-66,-2.3802926004695955e-84,2.0350500989459104e-56,1.2771072962920648e-38,1.009618718100519e-26,4.579470707246737e-35,9.540384599574152e-54,4.557260720469475e-47,1.3914720736088178e-50,1.7975711127091735e-43,2.06437148885329e-34,1.119909833570402e-61,-2.6539662685763496e-71
7.646880202668737e-07,1.0000001261429056e-10,0.00017699999999998712,5.174366688376085e-37,1.1056666543546402e-30,7.269287633002937e-46,3.6734753934572993e-37,3.5502520886411724e-58,8.12042521354014e-46,-9.694846948077663e-104,-4.307920084906014e-86,-4.8130242545097526e-96,6.139014859213805e-60,1.9080046771902193e-50,-3.162869880255043e-73,-1.2636315271802465e-58,3.2585163601701684e-55,9.194546095795973e-122,-5.631450236865218e-103,-2.6314359522686843e-85,-2.272903261917495e-101,-5.066389357676112e-115,-1.0425389287038195e-100,1.2162296415301284e-26,3.720964205127769e-20,6.0288007173613404e-27,2.467258700223473e-19,-7.575987851524709e-85,-1.8199820161930335e-81,2.858822721436294e-40,1.189968811047538e-27,1.793309321685292e-113,-1.3499360820013135e-108,-1.379196993829078e-81,-4.9420740395767655e-73,-1.8199820162501217e-81,-1.2029283958260875e-71,-6.163783013944116e-53,-1.6454101512520174e-51,1.3069364306700337e-42,6.897585479127641e-22,3.3899999795622986e-08,1.4553389330242855e-31,2.2348376507054003e-25,3.662649615721963e-31,3.505010845319453e-24,1.6327982834907236e-52,2.055433528640333e-44,5.039191898819588e-33,0.00018232390109520366,0.4999999999996314,4.975040124121968e-13,0.24999999999944786,4.875100487406425e-13,8.008936616621224e-25,-2.293101473461939e-53,-2.8707223643800087e-52,1.2779435863354267e-40,-3.22414119031795e-56,-9.380236857294016e-66,-5.0480332960718884e-54,-6.42912140894841e-61,-6.562111336900951e-66,2.547055789003927e-35,4.6916416463152005e-32,7.701336098986741e-35,2.1946954685932806e-22,0.0,-9.027960065861333e-63,-2.8571038276870587e-78,3.0566647945583145e-21,-1.909831272440569e-40,3.6383999220208004e-36,-1.9542531502380778e-91,5.552656316222851e-35,2.0437633040984884e-16,1.78153997930549e-40,4.11207093213458e-32,7.437256549835742e-41,1.2164384822813512e-39,7.5314209884739125e-31,-7.722578206233627e-59,-1.6061012994394662e-82,1.6479482582817484e-53,5.4957943179885815e-40,0.10000000149001048,1.0562717996092922e-13,7.641695164004304e-23,1.7203490494858548e-40,-9.16734704512033e-71,-2.7198649129145354e-63,-6.586245850752521e-45,-3.6290794697028406e-59,7.924128933886599e-33,-7.481320169327056e-81,7.927945399877257e-32,2.8221397406515884e-31,-1.9276284164141537e-71,4.498785237437745e-49,-5.917656383504214e-58,2.2559999994607903e-06,5.392082341733056e-16,6.179999999972884e-05,2.711530915046994e-16,1.0478033630110583e-44,1.5694331363046427e-36,-4.153884730199777e-45,-8.945523602340168e-80,3.612160050442582e-42,1.2719938067441422e-24,-5.580573154770391e-51,2.8118188595952492e-33,-1.0421993208032535e-114,-1.3420413989997428e-54,-2.5293251000265846e-42,-1.4019029800275e-53,2.4698627140225906e-34,8.07731940024577e-36,1.6571704032512407e-77,3.9383903825027446e-45,1.291964949596716e-34,0.000333999999996235,3.765134372450253e-15,9.882652884495219e-26,3.776633295328762e-35,-1.9870628677980906e-73,7.358348584454074e-46,6.042331430404253e-53,-4.861309728774315e-66,7.377599724634263e-54,-1.467113076026861e-76,5.5761739564643766e-21,1.8266968274775994e-23,1.4781575502765782e-19,3.5099999999998525e-06,1.629640119953504e-56,1.40438269269755e-48,3.181627707235423e-19,1.7799999999996816e-06,4.537954226774273e-45,2.417702046530672e-40,-1.4134819564355074e-83,1.0401149237070834e-59,0.0,0.0,1.1629433034788043e-32,2.576037201529694e-22,6.732101733947336e-48,3.2193793839641843e-23,-3.0948511288027764e-65,2.7954745285850634e-38,-3.0948511288420646e-65,-1.1581543452380497e-83,6.153976348489728e-56,2.670635760345591e-38,1.4599936588827764e-26,9.576403321332029e-35,2.885002948138271e-53,1.3781122442783707e-46,4.207801162302271e-50,3.874831531893814e-43,4.316929887525304e-34,3.0665644958962e-61,-1.2570367644511312e-70
1.1058032397389417e-06,1.0000001824132587e-10,0.00017699999999998137,7.482570175565797e-37,1.598887128037998e-30,1.5201240161437473e-45,7.681822952629678e-37,1.2291603836587243e-57,2.4556118945986177e-45,-2.504246474300285e-103,-1.1850678160316416e-85,-1.3468211436673384e-95,1.8564337082241604e-59,5.769792244765651e-50,-6.676153294614998e-73,-2.4192128564284905e-58,9.853730690785221e-55,2.9343493714999274e-121,-1.6159353657349997e-102,-5.554409532169922e-85,-6.019904665095624e-101,-1.3465553772814906e-114,-2.848021864546648e-100,1.76552409087114e-26,5.380827405576558e-20,8.718153506720439e-27,3.567863735842925e-19,-2.0840676668122256e-84,-4.8705087837445855e-81,8.643183342145796e-40,2.4884144853805256e-27,8.57989735214524e-113,-3.38744234271706e-108,-3.6885629122961536e-81,-1.28776488320792e-72,-4.870508783982536e-81,-3.1010940094146413e-71,-1.180048883961484e-52,-3.1501179738556916e-51,3.952165989690027e-42,9.975124148914951e-22,3.3899999704453634e-08,2.1101054984407847e-31,3.231763368683599e-25,5.398746378552266e-31,5.068540711566543e-24,4.937693157279174e-52,4.2982552824930035e-44,7.287096175845287e-33,0.00018232390158375668,0.49999999999946704,7.194326774026426e-13,0.24999999999920158,7.049805598809322e-13,1.674796322065992e-24,-4.389257709750771e-53,-5.4950352575149e-52,3.864491845886655e-40,-6.1725795828251145e-56,-2.417947906772721e-65,-9.662511387026633e-54,-1.2308514636813006e-60,-1.6916820876502269e-65,5.3262997080149e-35,1.4187489194228982e-31,1.6104721534745528e-34,3.1737143684706696e-22,0.0,-1.7283921386581373e-62,-7.365482120542799e-78,6.3919733628063406e-21,-3.656348987571037e-40,7.608474269759771e-36,-3.866725613277822e-91,1.6097504021591789e-34,2.955453747878279e-16,3.782527804100194e-40,8.598995848951171e-32,2.249020815965095e-40,2.543803785135889e-39,1.5749401940168113e-30,-1.4784783260947987e-58,-4.4122998961533244e-82,4.983383683876826e-53,1.1492587771671367e-39,0.10000000148996337,1.527457926756652e-13,1.598000273925898e-22,3.5975241718278105e-40,-1.7550780262868174e-70,-7.031335986939998e-63,-1.2609288444292863e-44,-9.355599750624519e-59,1.6570616894715105e-32,-1.92990865054683e-80,1.6578597730038613e-31,5.789866335490549e-31,-4.969337312259359e-71,1.3604292948784645e-48,-1.5255445631601967e-57,2.255999999220258e-06,7.797404907824008e-16,6.179999999960788e-05,3.921101924144235e-16,2.1953990964385665e-44,4.0482200503864546e-36,-4.6171104208720123e-45,-1.751695901647853e-79,6.08904966400463e-42,2.6599418248371406e-24,-1.4386460676381694e-50,8.502919183590292e-33,-3.0980059056165577e-114,-3.459720932560277e-54,-4.8423625025227926e-42,-3.6140413320964794e-53,5.164876682789205e-34,2.4424840028670943e-35,6.082432996954751e-77,1.190966312094795e-44,2.7017046756761206e-34,0.0003339999999945554,5.4447011896528895e-15,1.4291147924090382e-25,1.1145758174543167e-34,-5.08457751445363e-73,2.2251591118517715e-45,1.827242154070239e-52,-9.306984157342382e-66,2.2309825488135164e-53,-3.871077467966965e-76,8.063616875880624e-21,3.819914268292604e-23,2.137540232572037e-19,3.5099999999997864e-06,4.954103717765985e-56,4.2468427714704934e-48,4.600901447940963e-19,1.7799999999995395e-06,9.48958665325168e-45,5.065614161944362e-40,-3.743681685663849e-83,3.145300061062096e-59,0.0,0.0,2.4318998488360278e-32,3.725166591928662e-22,2.0357825305542543e-47,4.6554935561509194e-23,-5.925055388366263e-65,5.845782874028697e-38,-5.92505538846755e-65,-3.1817174991153753e-83,1.8609578385409507e-55,5.58472756717314e-38,2.111273746547014e-26,2.0025786048425978e-34,8.724234220654242e-53,4.1674011194470015e-46,1.2724359287789198e-49,8.45314065758547e-43,9.027388603460913e-34,1.0255762968351216e-60,-2.81317813206379e-70
1.5990845581579638e-06,1.0000002637849256e-10,0.00017699999999997305,1.0820427162403045e-36,2.312125538051889e-30,3.178821913347481e-45,1.6063917269832722e-36,4.644071344954137e-57,7.425760219343569e-45,-3.9556037794486783e-103,-2.241563813867058e-85,-2.65751814092897e-95,5.613842918784546e-59,1.7447810740432677e-49,-1.9394709824549835e-73,1.0395289179322893e-58,2.9797617264258463e-54,7.497613845343956e-121,-3.3779843609940548e-102,-1.613606914336182e-85,-1.0249175172480903e-100,-2.320357739883168e-114,-5.290942472924188e-100,2.567219419027865e-26,7.781129277170515e-20,1.260718425587471e-26,5.159431242993054e-19,-3.941957278592102e-84,-8.558066270094509e-81,2.6133000480743615e-39,5.2036713800796416e-27,3.3755671734861864e-112,-4.8414153943719676e-108,-6.469807289732689e-81,-2.0850894810565448e-72,-8.558066270933502e-81,-4.848226965970455e-71,5.070841219140781e-53,1.3536519725563354e-51,1.1951320336935091e-41,1.4426196970162972e-21,3.389999957261508e-08,3.06302308246828e-31,4.673401891931426e-25,8.020855938331994e-31,7.329536518091537e-24,1.4932282284444246e-51,8.988385697566088e-44,1.0537755566155416e-32,0.00018232390229024544,0.49999999999922934,1.0403602078756134e-12,0.24999999999884542,1.0194612193285014e-12,3.50226609540028e-24,1.8942006433509617e-53,2.370035119396933e-52,1.1686194386529036e-39,2.6524481714728803e-56,-3.7788559367554443e-65,4.169892946809579e-54,5.2888482285334945e-61,-2.644763025307859e-65,1.1138141810818078e-34,4.290286072227951e-31,3.3677540146842885e-34,4.589458096990241e-22,0.0,7.427152908106187e-63,-1.151513926814764e-77,1.336663525675178e-20,1.5711872419201822e-40,1.5910532632914362e-35,6.909773630665206e-92,4.7228121369604145e-34,4.2738348542816926e-16,8.082368349145956e-40,1.798187111611041e-31,6.80102208711145e-40,5.319611116366378e-39,3.293451019764421e-30,6.353238340527783e-59,-8.317314165804752e-82,1.506971777046487e-52,2.4032850448093782e-39,0.10000000148989523,2.2088327255110192e-13,3.34167329832385e-22,7.522996714494765e-40,7.54179372932975e-71,-1.1131970724073134e-62,5.4183975657260976e-45,-1.4626474016808917e-58,3.4651801691517105e-32,-3.0261238874609356e-80,3.4668490879942196e-31,1.1946038069608342e-30,-7.769024559914439e-71,4.11392801964736e-48,-2.3850248462407432e-57,2.255999998872428e-06,1.1275703789772782e-15,6.179999999943297e-05,5.67024340664396e-16,4.603890525384397e-44,1.0782714020117104e-35,3.338130674792594e-44,4.500311849713552e-80,1.453911819987861e-41,5.562362382669585e-24,-2.2491684388408393e-50,2.571276381183299e-32,-6.971064812482353e-114,-5.408901628231309e-54,2.0808345036373162e-42,-5.650164976670382e-53,1.0800580531506469e-33,7.38586229496771e-35,1.8829478143364668e-76,3.6014732423493404e-44,5.649695183757895e-34,0.00033399999999212657,7.873496154296222e-15,2.0666202858662327e-25,3.3130137531454406e-34,-7.730761855388111e-73,6.728864505997625e-45,5.525838629815814e-52,3.998843942889127e-66,6.746485898107893e-53,-6.517408785339527e-76,1.1660668699015287e-20,7.988049672870298e-23,3.0910630913053106e-19,3.5099999999996907e-06,1.5136620960786955e-55,1.2842420802461107e-47,6.653290725284257e-19,1.7799999999993341e-06,1.984424131051455e-44,1.062268348427711e-39,-6.373796160401296e-83,9.51136568089049e-59,0.0,0.0,5.085490290302693e-32,5.386904386663213e-22,6.156191130307915e-47,6.732235521576125e-23,2.546082803273081e-65,1.2224463860303058e-37,2.5460828031147187e-65,-5.997741166027614e-83,5.62752252450707e-55,1.1678563033410757e-37,3.0530796039276997e-26,4.1877111224577004e-34,2.638205995054088e-52,1.2602189767417885e-45,3.847836743214728e-49,1.873601868691382e-42,1.887770872086259e-33,3.686851857972664e-60,-1.939976243220152e-70
2.312410863204668e-06,1.0000003814552048e-10,0.00017699999999996102,1.56472502856802e-36,3.343528502627714e-30,6.647424166886998e-45,3.359221444871147e-36,1.7076165295291106e-56,2.245547023198016e-44,5.917528202194741e-104,-1.9546618545253163e-85,-2.8868958893512613e-95,1.697622318904858e-58,5.276205618494479e-49,5.45273859331352e-72,3.0473293954741465e-57,9.010780231028867e-54,1.6613852039979186e-120,-4.609205020386941e-102,4.5365494535605e-84,-3.032921916261941e-101,-8.506314669383262e-115,-4.1160358778670623e-100,3.741948766587005e-26,1.1252167762467804e-19,1.823105059128042e-26,7.460971796147208e-19,-3.4370509948199807e-84,-4.075699851606792e-81,7.901779799040744e-39,1.0881706385397289e-26,1.2011875130131958e-111,3.879146865423518e-108,-3.017632746410287e-81,2.1667183828039699e-75,-4.0756998543506304e-81,1.0540779717806838e-71,1.486445508469878e-51,3.9680382762596703e-50,3.614070311491983e-41,2.086427181810788e-21,3.389999938196543e-08,4.453715494512793e-31,6.758132590202177e-25,1.2045952535490583e-30,1.0599126800986524e-23,4.5157514455698835e-51,1.879629460587294e-43,1.523848391538351e-32,0.00018232390331188772,0.49999999999888556,1.504448432091879e-12,0.24999999999833042,1.474226714288726e-12,7.32379670380934e-24,5.53399895311634e-52,6.92730789826973e-51,3.533896423953015e-39,7.77527455547088e-55,8.301476134192126e-66,1.2182544547718497e-52,1.55042045624431e-59,5.750114188338244e-66,2.3291630172180347e-34,1.2973792830028313e-30,7.04251053056343e-34,6.6367426828218795e-22,0.0,2.177164736508382e-61,2.5035649362098914e-78,2.7951765060293344e-20,4.6057111392922175e-39,3.3271460156693176e-35,4.2738361981772815e-90,1.397840283039234e-33,6.1803248776291615e-16,1.7423158504138065e-39,3.7602958991690207e-31,2.0566239789384677e-39,1.1124493183181233e-38,6.887131113212471e-30,1.8623615343854237e-57,-7.104816575142866e-82,4.5570722915696606e-52,5.0256573809884616e-39,0.10000000148979671,3.194158034615887e-13,6.987971510342197e-22,1.5731785908558055e-39,2.2107775586709342e-69,1.5106460440522844e-63,1.5883259509932578e-43,3.1800170616759888e-59,7.246244173522521e-32,5.996554562767564e-81,7.249734145692438e-31,2.4747533993013154e-30,1.689102873859701e-71,1.2440487580923976e-47,5.1854057666891395e-58,2.2559999983694367e-06,1.6305616734582926e-15,6.179999999918003e-05,8.199649203899497e-16,9.666722662589692e-44,2.9555691894489544e-35,2.5580437318857703e-43,2.0203757332888888e-78,4.624390556130558e-41,1.1631786426552835e-23,4.890030564423923e-51,7.77552047625908e-32,-1.1828861502296662e-113,1.1759768980641068e-54,6.09967001125809e-41,1.2284312005893363e-53,2.2585735721804497e-33,2.233439271885142e-34,5.431774290689695e-76,1.089082821732223e-43,1.1814413303144108e-33,0.0003339999999886143,1.1385738060403717e-14,2.988506898009311e-25,9.898380831747087e-34,3.0714942056452374e-73,2.0348035913944274e-44,1.6710984462995958e-51,1.1723209601181288e-64,2.040136003787268e-52,-1.5070723194928163e-76,1.6862308388560663e-20,1.6704285215810367e-22,4.469937403585442e-19,3.509999999999553e-06,4.628149770172935e-55,3.8835384523233833e-47,9.621218346485402e-19,1.7799999999990372e-06,4.149748056805313e-44,2.230346678100276e-39,-1.8861210821677125e-83,2.876230462989402e-58,0.0,0.0,1.0634570961326078e-31,7.789917053258853e-22,1.861627587609179e-46,9.735379193541585e-23,7.46348095914334e-64,2.5563302553726888e-37,7.463480959146775e-64,-5.123967727290548e-83,1.7017585820468493e-54,2.4421759387548565e-37,4.415010213942616e-26,8.757171585155682e-34,7.97792857886205e-52,3.810892742986883e-45,1.1635829566227705e-48,4.238287564769527e-42,3.9476298420577135e-33,1.3064228565685933e-59,1.6072402544299073e-69
3.34394073971087e-06,1.0000005516163327e-10,0.00017699999999994364,2.2627244840890216e-36,4.835024402163417e-30,1.3900826017619319e-44,7.024668330337464e-36,5.978502956811416e-56,6.790524624149786e-44,3.630683637647814e-102,7.526020461577108e-85,5.676877009148752e-95,5.133598327939864e-58,1.5955208216558212e-48,3.279023592840746e-71,1.6557194689276626e-56,2.7248540248642836e-53,3.224222640994055e-120,1.8615448841617374e-102,2.728071100484656e-83,6.807813947518847e-100,1.4473091518455378e-113,2.060082319511268e-99,5.47293193558537e-26,1.6271581458431468e-19,2.6363635792250395e-26,1.0789193107428967e-18,1.3237165752453957e-83,4.803399559116056e-80,2.389320828342761e-38,2.275538268590738e-26,4.0340097540087784e-111,6.241414532088926e-107,3.667514754724105e-80,1.7380201140323924e-71,4.803399558251128e-80,4.63943566028153e-70,8.076359155719393e-51,2.1559688199752524e-49,1.0928921543335344e-40,3.017729983040371e-21,3.389999910626999e-08,6.491317658568599e-31,9.772828759859082e-25,1.8354459979653075e-30,1.5327229634864566e-23,1.3656244570399934e-50,3.930649359613298e-43,2.2036135432385001e-32,0.0001823239047892684,0.49999999999838846,2.1755590725907055e-12,0.24999999999758565,2.131855880327754e-12,1.5315226362550956e-23,3.006293043746187e-51,3.7632822516608917e-50,1.0686476311166694e-38,4.224568497165404e-54,3.621015762569918e-64,6.6180531081261474e-52,8.423976272794174e-59,2.530864922063309e-64,4.870651183987921e-34,3.923265205990682e-30,1.4727012226947414e-33,9.597288497186563e-22,0.0,1.1829269311877579e-60,1.1019233643697271e-76,5.845159627584189e-20,2.5024379361671406e-38,6.95759271918384e-35,2.385981401569891e-89,4.163624133080612e-33,8.937269870618568e-16,3.801203080924808e-39,7.863378133834245e-31,6.219215496669126e-39,2.32641116820072e-38,1.4402089065789751e-29,1.0118837385670499e-56,2.8768399417459063e-81,1.378055497400646e-51,1.050946655758246e-38,0.10000000148965424,4.619021364661277e-13,1.4612962185493696e-21,3.289767368717408e-39,1.201190122293761e-68,1.0129859065430812e-61,8.629909692964637e-43,1.39965776859476e-57,1.515305182085305e-31,2.862317761208201e-79,1.5160349899386286e-30,5.141332597689717e-30,7.434447235636236e-70,3.7619941465907765e-47,2.2823125948663616e-56,2.2559999976420687e-06,2.357929421009585e-15,6.179999999881426e-05,1.1857382864400416e-15,2.0333459152781378e-43,8.299574026393656e-35,1.1895779190534821e-42,1.1176544707752412e-77,1.6097656304725587e-40,2.4323919545186358e-23,2.1523067517999685e-49,2.3513115589639763e-31,-9.360743178483495e-114,5.1759644541299045e-53,3.314156111834959e-40,5.406837674556641e-52,4.7230374001937715e-33,6.753820077321889e-34,1.5273458832289121e-75,3.2933783273363605e-43,2.470582166075286e-33,0.0003339999999835352,1.6464735391889168e-14,4.321632555517976e-25,2.968138098743904e-33,8.192954102175221e-72,6.153230837501897e-44,5.053628241943489e-51,6.369647711029686e-64,6.1693659972901714e-52,4.569303072520609e-75,2.4384317183694448e-20,3.493132305392097e-22,6.463905721199604e-19,3.5099999999993536e-06,1.413208961556612e-54,1.174379125743165e-46,1.3913091450538234e-18,1.7799999999986078e-06,8.677787282516477e-44,4.6911484226480267e-39,4.2336715758371213e-82,8.69770101030589e-58,0.0,0.0,2.223858334306702e-31,1.1264875521677085e-21,5.629547888201425e-46,1.4078177700505888e-22,4.0551605750857403e-63,5.3456940311969226e-37,4.05516057510089e-63,2.074203869182296e-82,5.146105171717191e-54,5.10698595781796e-37,6.384476653928391e-26,1.8312641916768923e-33,2.4125232313765687e-51,1.1524111111122049e-44,3.5186661687115845e-48,9.831481569350211e-42,8.25512332837344e-33,4.465132326151082e-59,1.0804484442813627e-68
4.835619763177152e-06,1.000000797683646e-10,0.00017699999999991843,3.2720908777389056e-36,6.991853850540244e-30,2.9068849940129656e-44,1.468970364991639e-35,-2.860295045141527e-56,2.0534310851127643e-43,-2.609467840827399e-97,-7.173312384948226e-81,-5.5235722399683945e-90,1.5523872124998452e-57,4.824838343822966e-48,-1.3611990448083467e-69,-1.386423410803413e-55,8.239917358165502e-53,3.283567728632597e-114,-6.364436886360106e-96,-1.1324957974678337e-81,-1.2578918761651073e-96,-1.8728039579029174e-109,-2.96366726978118e-95,8.043468280640575e-26,2.3530075918523285e-19,3.8124040863333883e-26,1.560208115958154e-18,-1.2613811208714036e-79,-2.1434737129313796e-76,7.224929826636114e-38,4.758513245736924e-26,1.2440912986815311e-105,-1.646382659819425e-101,-3.3044215765504886e-76,-1.5701347815398923e-68,-2.143473713391349e-76,-1.4356686751170737e-67,-6.762309778730446e-50,-1.805184494260371e-48,3.3048979493098696e-40,4.36510582030112e-21,3.3899998707591186e-08,9.493369390439939e-31,1.4132333396757197e-24,2.8497325554370885e-30,2.2164464475210185e-23,4.127977909549939e-50,8.219749014321324e-43,3.1866117317965794e-32,0.00018232390692568515,0.4999999999976696,3.1460415591634453e-12,0.24999999999650863,3.082842971441858e-12,3.2026579549750024e-23,-2.5164221228580936e-50,-3.15018559717775e-49,3.2315826790991946e-38,-3.5372150430898205e-53,-1.1191289814336028e-61,-5.539651595327293e-51,-7.054044303703491e-58,-7.831737722366667e-62,1.0185308037777752e-33,1.186392617809314e-29,3.0796530307695306e-33,1.3878486901339185e-21,0.0,-9.904606807779429e-60,-3.409891182715078e-74,1.2223160450510468e-19,-2.0952809414631986e-37,1.4549435510397956e-34,-4.196910481988523e-88,1.2458116868446565e-32,1.2924044280090788e-15,8.425935016247262e-39,1.6443577077526904e-30,1.880686272292502e-38,4.865205954523756e-38,3.0117064091331276e-29,-8.472464591409261e-56,-1.8630926008237812e-77,4.1672231371044415e-51,2.1977017691350964e-38,0.10000000148944817,6.679493668119119e-13,3.055803271642537e-21,6.879428392211036e-39,-1.0057598749481577e-67,-3.2645918975080526e-58,-7.225788138890892e-42,-4.331226112031978e-55,3.168744722087836e-31,-2.776176883238492e-76,3.1702708637377905e-30,1.070250994869535e-29,-2.30058325375956e-67,1.1376242421371677e-46,-7.062591347506799e-54,2.2559999965902342e-06,3.4097644049017703e-15,6.179999999828532e-05,1.7146773564947094e-15,4.286739182281247e-43,2.3763598925261326e-34,-7.095203681705738e-42,-1.6199912458114494e-76,-8.41717484692236e-40,5.0865192829514485e-23,-6.660293721643037e-47,7.1103492883620485e-31,-1.1508254278262558e-105,-1.6016974383809734e-50,-2.7749298666325744e-39,-1.673140320105467e-49,9.876624143949316e-33,2.0423328874408223e-33,1.541264423634843e-71,9.959151294172558e-43,5.166381164729328e-33,0.00033399999997619064,2.3809392847932606e-14,6.249444510753467e-25,8.9230882466349e-33,-2.3094781393109167e-69,1.8607324839686975e-43,1.5275990399558814e-50,-5.334421524941581e-63,1.865586064673475e-51,-8.104495600410266e-72,3.526177499733485e-20,7.304696423612743e-22,9.347351746975661e-19,3.5099999999990643e-06,3.922453957258851e-54,3.551313766585284e-46,2.0119501111758344e-18,1.7799999999979865e-06,1.814664430412458e-43,9.892004172799208e-39,-7.822568685896993e-79,2.630173880583977e-57,0.0,0.0,4.650442333082254e-31,1.628995772896429e-21,1.7023711691222032e-45,2.0358229842187503e-22,-3.3953717571131297e-62,1.1178698235603303e-36,-3.3953717575820157e-62,-1.3436097600932886e-78,1.556178548875844e-53,1.067954216611729e-36,9.232491199252914e-26,3.8294653829626814e-33,7.295360061074501e-51,3.4848828181924114e-44,1.0640420307043156e-47,2.348807329817807e-41,1.7262778897918678e-32,2.786628208331398e-60,-8.020826388677182e-67
6.992713183084506e-06,1.000001153517692e-10,0.00017699999999988206,4.731720548427553e-36,1.0110812533352962e-29,6.07876192177396e-44,3.0718519104344704e-35,-6.829662754613942e-55,6.2095075958686374e-43,-1.5914917195024944e-96,-4.543461413513584e-80,-3.512067059492286e-89,4.694379528579941e-57,1.459026171084157e-47,-8.597239889970266e-69,-9.568130871019778e-55,2.4917389121163893e-52,2.2218091388480303e-113,-4.093998412248094e-95,-7.152765287998671e-81,-7.916814569618614e-96,-1.1573175379494451e-108,-1.8773037578437717e-94,1.1901601316702511e-25,3.4026469383584997e-19,5.513058140679929e-26,2.256192217774843e-18,-7.989384688501247e-79,-1.3373305051429804e-75,2.1847384186439827e-37,9.950809674087174e-26,1.2102148834556966e-104,-1.0006605108069788e-100,-2.0584350274833254e-75,-9.823274058501607e-68,-1.3373305055278499e-75,-8.88371823159483e-67,-4.666910155474382e-49,-1.2458220315858434e-47,9.993987391072593e-40,6.3148496470671725e-21,3.3899998131068083e-08,1.3950663930301681e-30,2.043654452270401e-24,4.5298232719734855e-30,3.2051681922345824e-23,1.2478244987534373e-49,1.718921253739223e-42,4.60811104782805e-32,0.00018232391001512364,0.4999999999966301,4.549440948272506e-12,0.24999999999495118,4.458050276031464e-12,6.697268250207098e-23,-1.7367481281568025e-49,-2.1741370921145012e-48,9.772282524265473e-38,-2.4411579302002554e-52,-6.92504224374722e-61,-3.823277264192995e-50,-4.8681969522938867e-57,-4.846170451623035e-61,2.1299102594272534e-33,3.5876428419410027e-29,6.440045431605014e-33,2.006946007751637e-21,0.0,-6.83552113702313e-59,-2.109993280282277e-73,2.5560576607254636e-19,-1.4460279693926109e-36,3.042518897731673e-34,-2.735258416830832e-87,3.7395857199931855e-32,1.8689255431906866e-15,1.9062458367704588e-38,3.438614054799695e-30,5.687181671556941e-38,1.017485664342393e-37,6.297958187412105e-29,-5.8471491492643666e-55,-1.1754127093648961e-76,1.2601633351261824e-50,4.5957591783194e-38,0.10000000148915021,9.659110045205267e-13,6.3901715494849956e-21,1.4385982564909373e-38,-6.941100846842891e-67,-2.0086094090415847e-57,-4.986773600821328e-41,-2.6801025019840664e-54,6.626350422501421e-31,-1.7105095322191086e-75,6.62954181916595e-30,2.2310033249533337e-29,-1.4235689530380992e-66,3.4401672742126894e-46,-4.370233326192997e-53,2.255999995069192e-06,4.930806322026149e-15,6.179999999752043e-05,2.479567763817327e-15,9.068286112844137e-43,6.9070816440620485e-34,-5.191410738257006e-41,-1.0678412838198585e-75,-6.279159851239449e-39,1.0636722510750596e-22,-4.121297226272893e-46,2.1501645124155675e-30,-7.531874617046423e-105,-9.911081126005303e-50,-1.9150778402764222e-38,-1.0353159776689356e-48,2.0653595589824375e-32,6.175963461709258e-33,1.1507497759588114e-70,3.011639864702434e-42,1.0803726621927549e-32,0.00033399999996556963,3.443038534920874e-14,9.037222958194593e-25,2.6873485024926475e-32,-1.4295210657818048e-68,5.626841346282836e-43,4.617698006595031e-50,-3.6813904645208994e-62,5.641445382536707e-51,-5.084620458221927e-71,5.09914944940105e-20,1.5275284422504934e-21,1.3517057415133456e-18,3.5099999999986467e-06,1.0861397421935997e-53,1.073914648173346e-45,2.9094491683313285e-18,1.7799999999970882e-06,3.79475494000214e-43,2.093392151021674e-38,-4.923302266385764e-78,7.953613494623806e-57,0.0,0.0,9.724816375032577e-31,2.3556649094713042e-21,5.147957963912656e-45,2.943971376755909e-22,-2.3432667360322367e-61,2.3376439523616976e-36,-2.343266736322377e-61,-8.476746469591446e-78,4.7058728460326245e-53,2.23326868010318e-36,1.3350960585293542e-25,8.008022660949671e-33,2.206085177956755e-50,1.0538260256475273e-43,3.217655180343762e-47,5.797421114922015e-41,3.609922265478055e-32,-3.6826418973343506e-58,-5.013602405847816e-66
1.0112051826993984e-05,1.0000016680836733e-10,0.00017699999999982945,6.842469826575916e-36,1.4621093010073485e-29,1.271166662684778e-43,6.423734156487904e-35,-1.3497156094850058e-54,1.8777567789982438e-42,-4.527702552661233e-96,-1.392610913714967e-79,-1.0847997601963627e-88,1.4195782249030189e-56,4.412085850288619e-47,-2.3924211526770495e-68,-2.248508392000983e-54,7.535006992430809e-52,7.631417520498673e-113,-1.2917294876204984e-94,-1.99045724251318e-80,-2.3929654355724707e-95,-3.381756617064121e-108,-5.756241279235141e-94,1.7775474968273387e-25,4.920513683739453e-19,7.972348084839813e-26,3.2626437674500062e-18,-2.448815480486294e-78,-3.9801126482276525e-75,6.606475828641347e-37,2.080872900174876e-25,6.141525457194757e-104,-2.8263166021171806e-100,-6.110795652436661e-75,-2.9280586329080952e-67,-3.9801126499467704e-75,-2.5659559074653146e-66,-1.0967069042797582e-48,-2.9276359860947667e-47,3.022174243879006e-39,9.137114029432808e-21,3.389999729736717e-08,2.0639018521432576e-30,2.9552965448131795e-24,7.40551851416021e-30,4.634943135615799e-23,3.773979308829796e-49,3.59466143986889e-42,6.663721262508189e-32,0.00018232391448271175,0.49999999999512684,6.57887464874391e-12,0.249999999992699,6.44671563654373e-12,1.4005055278374975e-22,-4.08125478480115e-49,-5.109099499851346e-48,2.955130862165059e-37,-5.736631382908189e-52,-2.0002014022534166e-60,-8.984474221819652e-50,-1.1440317112301274e-56,-1.3997584558310865e-60,4.453981879012597e-33,1.0849004654819682e-28,1.3467161622564284e-32,2.9022128254091606e-21,0.0,-1.6063225017937266e-58,-6.094463635652343e-73,5.345123898949911e-19,-3.3981122987741825e-36,6.36239200723132e-34,-7.181428650408164e-87,1.125047143595124e-31,2.702623557841355e-15,4.4224702296852217e-38,7.190690001814832e-30,1.7197994394421608e-37,2.1280076053456475e-37,1.3170034463975896e-28,-1.374058577934297e-54,-3.5750962635879946e-76,3.8107266324959726e-50,9.610508723814222e-38,0.10000000148871933,1.396788611547231e-12,1.3362866677616103e-20,3.0083386630384985e-38,-1.6311359280730204e-66,-5.811389459543869e-57,-1.1718733849446144e-40,-7.741155835510366e-54,1.385675524466716e-30,-4.94685721821339e-75,1.3863428937182329e-29,4.6551711699425845e-29,-4.111808977873843e-66,1.0403040075765591e-45,-1.2622896691554432e-52,2.2559999928696373e-06,7.130360956191091e-15,6.179999999641434e-05,3.585663655881056e-15,1.9288536608123595e-42,2.0303500088353057e-33,-1.204467422476428e-40,-2.743682598639332e-75,-1.4812738087594123e-38,2.2243081855457857e-22,-1.1903875079846955e-45,6.502081193411655e-30,-2.4495836355123524e-104,-2.8626974107197667e-49,-4.5003623875126235e-38,-2.9903865494934164e-48,4.318996087946518e-32,1.8675990311001679e-32,4.5344729577728563e-70,9.107176522256138e-42,2.2592314634434097e-32,0.00033399999995021077,4.978923368880382e-14,1.3068585443963847e-24,8.103546027321645e-32,-4.126667293476168e-68,1.7015525963361603e-42,1.3965983709681298e-49,-8.65152256452195e-62,1.7059776168601757e-50,-1.5274309763544197e-70,7.37379927489664e-20,3.1943053953014693e-21,1.954680281057384e-18,3.5099999999980428e-06,3.404458375152694e-53,3.247509856543898e-45,4.207308308019579e-18,1.779999999995789e-06,7.935444559042562e-43,4.4526612784092434e-38,-1.4881350890901553e-77,2.4051681820481067e-56,0.0,0.0,2.0336141614637475e-30,3.406489547585118e-21,1.556738612955838e-44,4.257230378657526e-22,-5.5065911274626814e-61,4.888385989970884e-36,-5.506591128300723e-61,-2.5782606143276286e-77,1.4230523705394876e-52,4.6701394637223517e-36,1.930661530256026e-25,1.674605217399179e-32,6.671216605553239e-50,3.1867619560497577e-43,9.730165208578378e-47,1.4801653089270688e-40,7.548922932341071e-32,-6.617079072474711e-58,-1.421857553854053e-65
1.462287805528269e-05,1.0000024121893932e-10,0.00017699999999975336,9.894795013825277e-36,2.1143345994413924e-29,2.658214164788757e-43,1.3433058531955472e-34,2.4892453382483855e-54,5.6783805014747424e-42,-7.874770198231797e-96,-2.942083975898019e-79,-2.332263572408823e-88,4.292815799369538e-56,1.334212941733043e-46,-3.767316634309396e-68,-8.777051182848988e-55,2.2785870349336377e-51,2.0091183138843658e-112,-2.907459450582252e-94,-3.1343568952126386e-80,-4.890782470611742e-95,-6.345490926144817e-108,-1.2171856440819432e-93,2.6885831439926544e-25,7.115476553068514e-19,1.1528690525263532e-25,4.718057333159751e-18,-5.173456664341624e-78,-7.833182437627935e-75,1.9977605425679576e-36,4.351436849170585e-25,2.4721286358302915e-103,-4.809040054880465e-100,-1.1951535362254314e-74,-5.779090347092707e-67,-7.833182443865606e-75,-4.643894260262578e-66,-4.2797892660265204e-49,-1.142477271976547e-47,9.13903160742273e-39,1.3224139852021939e-20,3.389999609176552e-08,3.081853273904123e-30,4.2736079558626234e-24,1.2496971599199078e-29,6.702518215942643e-23,1.1417695052788163e-48,7.517382300688496e-42,9.636312160981952e-32,0.00018232392094322014,0.4999999999929531,9.513606723495234e-12,0.24999999998944214,9.322492815178008e-12,2.9286802321655496e-22,-1.5921960844507223e-49,-1.9932622761579372e-48,8.93629296267208e-37,-2.2386561317528143e-52,-3.619896867799351e-60,-3.5050611340388335e-50,-4.466231970539079e-57,-2.533297734494202e-60,9.313986229352496e-33,3.280730438557478e-28,2.8161981736116494e-32,4.1968439717925596e-21,0.0,-6.268506290531801e-59,-1.1029825320139484e-72,1.117750571579667e-18,-1.3260732480075968e-36,1.3304775835166816e-33,-8.541396302285182e-87,3.3900037672182164e-31,3.908220968697766e-15,1.0567174612309477e-37,1.5036878612529758e-29,5.200660191706378e-37,4.4508585966879466e-37,2.754064123950386e-28,-5.3621116368168804e-55,-7.418859918208824e-76,1.1523628690493149e-49,2.0097237815720932e-37,0.10000000148809625,2.0198738975068754e-12,2.7943882243030034e-20,6.290916951990351e-38,-6.365534430639425e-67,-1.0607966333728073e-56,-4.5730987720659156e-41,-1.401002533769732e-53,2.897668466931059e-30,-9.0108266695565e-75,2.8990640343587063e-29,9.719936914302881e-29,-7.441596007977945e-66,3.1458714836991935e-45,-2.284505092564227e-52,2.2559999896888965e-06,1.0311102086885723e-14,6.179999999481483e-05,5.185171379653624e-15,4.1346827550837536e-42,6.0177511008202686e-33,-2.8693854040727185e-41,-2.854931452352213e-75,-5.1015258419845056e-39,4.65138282587293e-22,-2.1543761013386752e-45,1.9662242805653788e-29,-5.85671354114074e-104,-5.180940199944013e-49,-1.7562150443528968e-38,-5.412033354311986e-48,9.031709322442314e-32,5.647588907989405e-32,1.4445815217626494e-69,2.754003434843889e-41,4.7244131363544485e-32,0.00033399999992800056,7.199941951024057e-14,1.8898275346821392e-24,2.445701461090208e-31,-7.454027892386343e-68,5.145482114981997e-42,4.2252309042810875e-49,-3.3791322433752054e-62,5.158943908759294e-50,-3.0753643865136146e-70,1.0663134359113106e-19,6.6798015250864444e-21,2.826632225434729e-18,3.5099999999971695e-06,1.1396763814952093e-52,9.820445369125023e-45,6.0841217833353725e-18,1.7799999999939106e-06,1.6594300863376573e-42,9.538158807933422e-38,-3.0414735696871612e-77,7.273224053811462e-56,0.0,0.0,4.2526114827993576e-30,4.9260702199574636e-21,4.707565654182238e-44,6.1563134071981915e-22,-2.148888939180344e-61,1.0222393858850572e-35,-2.1488889406970603e-61,-5.350284513579409e-77,4.303299153427934e-52,9.766062453662296e-36,2.791899610442906e-25,3.501866519612029e-32,2.0173998452801977e-49,9.63674365759785e-43,2.9423946659141007e-46,3.905183924218157e-40,1.5786001239276275e-31,2.1487250258256368e-57,-2.410580398440251e-65
2.1145912449623337e-05,1.0000034882288965e-10,0.00017699999999964334,1.4308722836791826e-35,3.0575089213278014e-29,5.5587558932161135e-43,2.8090686051714706e-34,3.0841923711750915e-53,1.7171586114052486e-41,-1.716333379337178e-96,-3.733812197487431e-79,-3.1583539216701374e-88,1.2981524711000313e-55,4.034655208425041e-46,1.6241601047988998e-68,1.8357493853072528e-53,6.890453409473345e-51,4.493435830332771e-112,-4.564332855886932e-94,1.3512260678073782e-80,-5.398260099519238e-95,-4.141167873939461e-108,-1.5501835602165526e-93,4.1348831535782345e-25,1.0289577188673992e-18,1.66714656324688e-25,6.822707668158113e-18,-6.56562719164661e-78,-7.122704834050964e-75,6.041144307996491e-36,9.099547798206118e-25,8.889617476049268e-103,-4.141079418303818e-101,-1.047491016984866e-74,-5.335909433175457e-67,-7.122704854728077e-75,-2.0711856822768928e-66,8.954604522046394e-48,2.3904150070716538e-46,2.7636360716157276e-38,1.9146439327466244e-20,3.3899994348364134e-08,4.6600420473888076e-30,6.179997663545624e-24,2.1810601369168887e-29,9.692406162926871e-23,3.4545510100868304e-48,1.5721170271463267e-41,1.3934940807544384e-31,0.00018232393028565908,0.4999999999898096,1.3757476586704571e-11,0.24999999998473246,1.3481108005620141e-11,6.124336965899565e-22,3.3326525237077516e-48,4.171913273574283e-47,2.7023280713534643e-36,4.683960119525573e-51,-1.6139587681155897e-60,7.33650077454754e-49,9.33989737703236e-56,-1.1298556786500703e-60,1.947703050286848e-32,9.920902688159658e-28,5.889119291502511e-32,6.0689895240560704e-21,0.0,1.3115616881452106e-57,-4.91932475324959e-73,2.3373944920652684e-18,2.774560314226174e-35,2.782240687233213e-33,2.2364839717159982e-86,1.022597944063531e-30,5.6516161112370586e-15,2.6086547457630806e-37,3.1444508771627044e-29,1.572675591386866e-36,9.310041820277846e-37,5.75918701572107e-28,1.1219188471516662e-53,-8.758511908836771e-76,3.48474375671769e-49,4.202692731948038e-37,0.10000000148719522,2.9209076649780915e-12,5.843510564495734e-20,1.3155314130447726e-37,1.331809433442258e-65,-5.285525612190524e-57,9.568351090272665e-40,-6.248493790201022e-54,6.059486832222638e-30,-4.3740114135611427e-75,6.062405161792881e-29,2.0304581472734013e-28,-3.3189685127000785e-66,9.513091637935987e-45,-1.0188927011533806e-52,2.255999985089277e-06,1.4910721473105528e-14,6.179999999250182e-05,7.498194104271144e-15,8.957361199335434e-42,1.794248617961011e-32,1.1037788983601069e-39,1.1125169807747661e-74,1.2597890582205265e-37,9.726782436566863e-22,-9.608566672475132e-46,5.945846771969478e-29,-1.0771309836234049e-103,-2.310709283906333e-49,3.6745469641317857e-37,-2.413777231969037e-48,1.8886743925729716e-31,1.7078230999774257e-31,4.2163443946412936e-69,8.328086017513794e-41,9.879500969062847e-32,0.00033399999989588264,1.0411721424444269e-13,2.732849853235501e-24,7.385734952302632e-31,-3.2395769676988454e-68,1.555989867548878e-41,1.2783907168200163e-48,7.06209036105639e-61,1.5600892911360697e-49,-3.159394083759331e-70,1.5419789713487958e-19,1.396852899319104e-20,4.087548146263193e-18,3.5099999999959066e-06,3.837280406303647e-52,2.969695280058448e-44,8.798151871136823e-18,1.7799999999911941e-06,3.470139273181281e-42,2.0632058130023495e-37,-3.3570548838639216e-77,2.199422314577137e-55,0.0,0.0,8.892888777804493e-30,7.123511353579589e-21,1.423564236787648e-43,8.90254726105305e-22,4.49613005284582e-60,2.1376653534356925e-35,4.496130052778163e-60,-6.316444925420146e-77,1.3013142416958436e-51,2.0422563804832932e-35,4.037322949596098e-25,7.322961292052381e-32,6.100704700472116e-49,2.9141438372713665e-42,8.897779400875776e-46,1.061556099126027e-39,3.301104499834408e-31,2.1221774610981854e-56,-1.19294772056474e-66
3.0578769216063876e-05,1.0000050442725911e-10,0.00017699999999948424,2.0691652692990958e-35,4.421421856053809e-29,1.162426411280996e-42,5.874216068668608e-34,1.5810061937046959e-52,5.192732071216671e-41,5.7764099551208234e-95,3.7511665914981024e-79,1.8290483549970172e-88,3.925626565546869e-55,1.2200781783104445e-45,4.1847493767419695e-67,1.1394399792310203e-52,2.0836744259767057e-50,8.64492825583052e-112,-1.33519159427332e-94,3.481624465133005e-79,1.0900593895698123e-94,3.064464990736875e-107,1.5204350998097276e-93,6.495833635551027e-25,1.48795929887826e-18,2.4108361032439523e-25,9.866208819597368e-18,6.596348626891502e-78,2.623829733025941e-74,1.826823165114577e-35,1.902860400246457e-24,3.0013199704507327e-102,3.893144800362233e-99,4.2295038827399036e-74,1.88969453020348e-66,2.6238297264637855e-74,2.7978785091044532e-65,5.557940735072532e-47,1.4836815445610985e-45,8.357214114873733e-38,2.773591961790963e-20,3.3899991827259155e-08,7.164202871783605e-30,8.93679857382348e-24,3.9358665245888497e-29,1.4016036533758922e-22,1.0451677077660534e-47,3.2878876725196823e-41,2.015114622017004e-31,0.0001823239437956121,0.49999999998526384,1.9894470176546926e-11,0.24999999997792188,1.9494814216345007e-11,1.2806964056915891e-21,2.068457317616242e-47,2.589364963031042e-46,8.171819220261911e-36,2.907237905660157e-50,2.181237617905329e-59,4.5535017123730875e-48,5.797281733653527e-55,1.5262748707450047e-59,4.072957764021018e-32,3.00007310308919e-27,1.2315087133108037e-31,8.776269458612795e-21,0.0,8.140595615211416e-57,6.645307805647904e-72,4.887864070492291e-18,1.722112412670663e-34,5.818108684861246e-33,2.031493706524497e-85,3.0870239702245628e-30,8.17271183571129e-15,6.661353470595539e-37,6.575547590561555e-29,4.75575878005037e-36,1.947660465873593e-36,1.2043377811409008e-27,6.96352022558205e-53,1.3246442781927755e-75,1.0537858709633532e-48,8.788621209517016e-37,0.10000000148589225,4.2238783311357194e-12,1.221971006034477e-19,2.7509871155099047e-37,8.266291246003219e-65,6.067349348692497e-56,5.938878472959892e-39,8.44083818938599e-53,1.2671353332875612e-29,5.221440872129175e-74,1.2677455951452742e-28,4.242923336308041e-28,4.483451519625331e-65,2.876751741533172e-44,1.3763815041914398e-51,2.255999978437841e-06,2.156215823462386e-14,6.179999998915699e-05,1.0843019497183723e-14,1.9680754564504698e-41,5.372438641020558e-32,6.648597408475038e-39,8.905353260116025e-74,7.747494309156981e-37,2.034025097045396e-21,1.2979796801008591e-44,1.7980194097573846e-28,-1.178204868482308e-103,3.121440796463444e-48,2.2807157710178915e-36,3.260671072129245e-47,3.949519214977186e-31,5.1644366813922136e-31,1.1897844099684493e-68,2.518407047241483e-40,2.0659611312799245e-31,0.00033399999984943754,1.5056224171096604e-13,3.951931272133828e-24,2.2313394717597444e-30,4.540164682714655e-67,4.70530151313867e-41,3.8677462393056135e-48,4.383627758784319e-60,4.7177776384153156e-49,8.209835228613588e-70,2.229831364217633e-19,2.9210418287229756e-20,5.910938735755638e-18,3.50999999999408e-06,1.2690975804689526e-51,8.98033616681938e-44,1.2722867466972401e-17,1.7799999999872658e-06,7.256633830240514e-42,4.522013010737763e-37,6.778894889530138e-77,6.65105000813619e-55,0.0,0.0,1.859644878543761e-29,1.0301195311245933e-20,4.304847338902261e-43,1.2873832459268208e-21,2.790656024215267e-59,4.4701985315428604e-35,2.79065602430664e-59,9.552757162540809e-77,3.93516396867268e-51,4.270735167836579e-35,5.838311149177067e-25,1.5313479882092864e-31,1.84487708685956e-48,8.812348511425665e-42,2.690681819589074e-45,2.9605189151082976e-39,6.903135709228498e-31,1.0512035133022547e-55,2.0062716680115433e-64
4.4219474047143965e-05,1.0000072944427523e-10,0.00017699999999925417,2.9921947244010846e-35,6.393762164155263e-29,2.43082270730205e-42,1.2283939742693101e-33,-4.7056027662531714e-52,1.5701945069473916e-40,-8.199563629121144e-90,-1.3812775952168102e-74,-2.634801860821651e-83,1.186773849510816e-54,3.6894851916336976e-45,-5.406768763496069e-65,-5.1050582352287335e-52,6.300921013892796e-50,1.2491746678665902e-105,-3.0308840073367504e-88,-4.498894307014906e-77,-5.327988897349368e-91,-7.005264724580003e-103,-9.938357629704792e-89,1.0473490280295167e-24,2.1517140334454174e-18,3.486275840068636e-25,1.4267366860939804e-17,-2.42885961583135e-73,-1.0252946602629001e-70,5.524269960718893e-35,3.979184118898765e-24,5.44967928200396e-97,-7.912864665418949e-94,-9.626031000129657e-70,-5.445225929172693e-63,-1.025294662339261e-70,-6.834621754487199e-63,-2.487915454589458e-46,-6.641378523591652e-45,2.527216374176208e-37,4.0210014332914854e-20,3.389998818152948e-08,1.1249599234245893e-29,1.2923366681467238e-23,7.326610325235986e-29,2.026837152213724e-22,3.1530533429592744e-47,6.876526140346169e-41,2.914036247854116e-31,0.00018232396333214132,0.49999999997869027,2.876908063645105e-11,0.24999999996807318,2.8191136678595815e-11,2.6781400857271275e-21,-9.258679343562882e-47,-1.1590380265398984e-45,2.4711530374203336e-35,-1.3013615176145839e-49,-5.327454544481523e-57,-2.0382068542346813e-47,-2.5982984092866715e-54,-3.728299021137206e-57,8.51720151344526e-32,9.072205414092322e-27,2.575281000775218e-31,1.269122388260707e-20,0.0,-3.643983084077326e-56,-1.6232771866812428e-69,1.022130166112907e-17,-7.70862288704443e-34,1.2166592364658175e-32,-1.2233072606723571e-83,9.324045282404624e-30,1.1818427633667005e-14,1.7577619390318668e-36,1.3750516823599859e-28,1.4381385837152836e-35,4.075233331208522e-36,2.5184621837401736e-27,-3.117071280428144e-52,-8.895904941164905e-72,3.18660009152446e-48,1.837877201607701e-36,0.10000000148400803,6.108083583089156e-12,2.555335543582076e-19,5.752753937635007e-37,-3.7006963933158165e-64,-1.564966873229511e-52,-2.6583984257794003e-38,-2.06187259794825e-50,2.6497820975856545e-29,-1.0351488341149452e-70,2.651058230101086e-28,8.86816290223108e-28,-1.0951951250724128e-62,8.699276752755054e-44,-3.3621308129197558e-49,2.255999968819303e-06,3.1180695604734024e-14,6.179999998432009e-05,1.5679918229884378e-14,4.3419713845149685e-41,1.6134653892811774e-31,-2.8319010896227196e-38,-3.6901335657784906e-72,-3.44173649174861e-36,4.253470212146348e-21,-3.170635722603111e-42,5.437200401889832e-28,-5.462171045732912e-96,-7.624886114627098e-46,-1.0209108041258336e-35,-7.964960327917936e-45,8.259074210180012e-31,1.5617212655098262e-30,7.133684208021938e-65,7.615643311216204e-40,4.320254018009528e-31,0.00033399999978227403,2.1772564594962224e-13,5.7148260103091234e-24,6.743164208048813e-30,-1.0966697400737492e-64,1.422879996681611e-40,1.1668186193157296e-47,-1.9677572717167831e-59,1.4265356299591686e-48,-3.430508751103442e-66,3.224523804360678e-19,6.108363317668677e-20,8.547715081098462e-18,3.5099999999914397e-06,2.247746506061193e-51,2.715647221272975e-43,1.8398335830894778e-17,1.7799999999815852e-06,1.517483685191195e-41,1.0083790430264296e-36,-3.312975021974371e-73,2.0112347480524392e-54,0.0,0.0,3.8888140998703334e-29,1.489639194162867e-20,1.3017830348346842e-42,1.861664490261448e-21,-1.2491825219542226e-58,9.347896225812155e-35,-1.2491825241863198e-58,-6.415585368553602e-73,1.1899914954983833e-50,8.930943808042279e-35,8.44269423570787e-25,3.202292888878165e-31,5.578477083447302e-48,2.6648486215957696e-41,8.136602126670219e-45,8.430595865473079e-39,1.4435557073493072e-30,-2.8100491127167685e-55,-3.50785901945217e-62
6.394508134679367e-05,1.0000105483782182e-10,0.00017699999999892146,4.326982012236918e-35,9.24594813658063e-29,5.0832416044922146e-42,2.5687729000018678e-33,-7.348653645797737e-51,4.747733056497761e-40,-7.384666180639318e-89,-1.2979574153765066e-73,-2.4715196132045955e-82,3.5867524038750594e-54,1.1156837662604155e-44,-5.032385748101745e-64,-6.884873296973875e-51,1.9053345411420243e-49,1.2361619771059806e-104,-2.8720783847025155e-87,-4.187376747533831e-76,-4.965478859990903e-90,-6.395583912529684e-102,-9.318358314982256e-88,1.7403934471443864e-24,3.1115588630083585e-18,5.0414566330385755e-25,2.0631810174934136e-17,-2.282348070649849e-72,-9.465802124159732e-70,1.670529050898249e-34,8.32110734729597e-24,7.691813472970071e-96,-7.13809280721474e-93,-8.862661922713443e-69,-5.058473696233957e-62,-9.465802149317412e-70,-6.313039876239785e-62,-3.356257723185179e-45,-8.959406807967514e-44,7.642290105111699e-37,5.835940166916484e-20,3.389998290949822e-08,1.812807952444006e-29,1.8688283798503434e-23,1.4013978232913877e-28,2.930977742518685e-22,9.487799846542685e-47,1.4383022492490034e-40,4.213966473644693e-31,0.00018232399158360683,0.49999999996918437,4.160251680835316e-11,0.24999999995383115,4.076674488750051e-11,5.600417058452082e-21,-1.2490354297049561e-45,-1.5635896834321938e-44,7.472754624461738e-35,-1.7555735610349113e-48,-4.920895882072068e-56,-2.7496276348215743e-46,-3.5037605052884995e-53,-3.4437737249540274e-56,1.781080763558115e-31,2.7434323607403765e-26,5.385322983360898e-31,1.8352577017011718e-20,0.0,-4.915826314421115e-55,-1.4993967899460815e-68,2.13743672133963e-17,-1.0399166728548165e-32,2.544228295917152e-32,-1.1613939964310773e-82,2.817264989920815e-29,1.7090437825000425e-14,4.778814127729604e-36,2.8754518354520145e-28,4.348924584930287e-35,8.529110549027787e-36,5.2665055785014525e-27,-4.205015909059128e-51,-8.29166394229605e-71,9.636003214042491e-48,3.8434039100720456e-36,0.10000000148128331,8.832802967544807e-12,5.343612066167249e-19,1.202992107004024e-36,-4.992141181610028e-63,-1.4277661033322056e-51,-3.586259455963119e-37,-1.9045206566575727e-49,5.541117121953145e-29,-9.447692684820348e-70,5.543785650992251e-28,1.853828330135754e-27,-1.0116153096255051e-61,2.630655398544675e-43,-3.105549547969138e-48,2.2559999549100888e-06,4.508991016135851e-14,6.179999997732552e-05,2.2674480255041287e-14,9.543083557271688e-41,4.855783677563273e-31,-3.881164409645414e-37,-3.552018020046965e-71,-4.6528051948422637e-35,8.894682695912081e-21,-2.9286687501012895e-41,1.644207298451295e-27,-5.25556215176414e-95,-7.04299252767244e-45,-1.3772383694106418e-34,-7.357114361478443e-44,1.7271040524681642e-30,4.7226362001716065e-30,7.74136463816298e-64,2.3029643544743897e-39,9.034339692916092e-31,0.0003339999996851499,3.148495508187172e-13,8.264121014819809e-24,2.0382114598636905e-29,-1.0130756302501936e-63,4.302780562931457e-40,3.511055029686043e-47,-2.6521675565902548e-58,4.313103577877785e-48,-3.1873753733365057e-65,4.662932762393138e-19,1.277355901250781e-19,1.2360715779443229e-17,3.5099999999876213e-06,-3.1346496594480987e-51,8.212098606799502e-43,2.6605539265223976e-17,1.7799999999733705e-06,3.1733180402877713e-41,2.29844875523178e-36,-3.087559292199144e-72,6.08172485355423e-54,0.0,0.0,8.132130822222141e-29,2.154142920682387e-20,3.9365847631156334e-42,2.6921234620346377e-21,-1.6851798721443085e-57,1.954793657805233e-34,-1.685179874206063e-57,-5.979816886039429e-72,3.598530704953496e-50,1.8676498197183258e-34,1.2208856746773042e-24,6.696505294848169e-31,1.6866665458565157e-47,8.058488654776067e-41,2.460502654762791e-44,2.440249746025798e-38,3.0187050565128343e-30,-4.590679177382827e-54,-3.2512164454865534e-61
9.246996977143298e-05,1.0000152538428213e-10,0.00017699999999844031,6.257217082477898e-35,1.3370483502013777e-28,1.0629906365700151e-41,5.371729630244561e-33,-2.0948399642701006e-50,1.435722174164877e-39,-2.368044043098099e-88,-4.512313992692251e-73,-8.566867474686037e-82,1.0845574897533299e-53,3.3738220281078447e-44,-1.6454116752957938e-63,-1.967205656055116e-50,5.7617300218431065e-49,4.688107130636532e-104,-1.0137918473425329e-86,-1.3691322802511232e-75,-1.6979443674817344e-89,-2.1066706001722425e-101,-3.2271617866907005e-87,2.989020082730013e-24,4.499574472658578e-18,7.2903884725559e-25,2.9835327437429604e-17,-7.934521109334337e-72,-3.180126613335288e-69,5.0516542176023255e-34,1.7400758963512528e-23,4.2799705779827546e-95,-2.2965867125565338e-92,-2.9670222540451914e-68,-1.718087599713097e-61,-3.1801266256171553e-69,-2.07057435085892e-61,-9.58890731255644e-45,-2.5597210776975487e-43,2.311022677781235e-36,8.483663648968726e-20,3.389997528569872e-08,3.0104737276190975e-29,2.7024847727549256e-23,2.741525126526958e-28,4.238441818126253e-22,2.8701124855652634e-46,3.0086601928636965e-40,6.093808106343125e-31,0.0001823240324376038,0.49999999995543803,6.016075088049131e-11,0.24999999993323596,5.895212022385225e-11,1.1711362434622859e-20,-3.568521307842145e-45,-4.4672093191878894e-44,2.259755282968489e-34,-5.015709837080506e-48,-1.613971117870353e-55,-7.855746289221858e-46,-1.0011617648155426e-52,-1.1295002968002943e-55,3.7245220284666293e-31,8.296118065349005e-26,1.1261568457533857e-30,2.6539369156969957e-20,0.0,-1.4044626359357674e-54,-4.91777150703661e-68,4.4697197112972647e-17,-2.971061889536765e-32,5.320386580732747e-32,-3.7822605352948113e-82,8.514537470485383e-29,2.471420473002201e-14,1.3328882012719398e-35,6.013026850487281e-28,1.315111455658316e-34,1.7857356249267634e-35,1.1013101716229152e-26,-1.2013818536782174e-50,-2.836957449353203e-70,2.913920931363996e-47,8.037503300459324e-36,0.10000000147734314,1.277297653209385e-11,1.1174338877823931e-18,2.5156498551583486e-36,-1.4262848596130935e-62,-4.685590564689653e-51,-1.0246012885961692e-36,-6.246508870083929e-49,1.1587360253728638e-28,-3.100462911247899e-69,1.1592940369285184e-27,3.875716358844628e-27,-3.317929861886921e-61,7.955082151474152e-43,-1.0185682027208933e-47,2.255999934796194e-06,6.520380500751175e-14,6.17999999672108e-05,3.2789204292516045e-14,2.2118724796905823e-40,1.4635061278665917e-30,-1.1085624867361431e-36,-1.145830347840508e-70,-1.3294129750843964e-34,1.8600194644920288e-20,-9.605546349282588e-41,4.972070171711412e-27,-1.9044024345230483e-94,-2.3099839710277063e-44,-3.9347976944607385e-34,-2.413010699464115e-43,3.611649813569104e-30,1.4281208967265222e-29,3.341495261344501e-63,6.964147117986962e-39,1.8892243960357428e-30,0.0003339999995447003,4.552988278399245e-13,1.1950617903725807e-23,6.16161445295382e-29,-3.3225873481425145e-63,1.3011575845373371e-39,1.0621137557685147e-46,-7.579494371997874e-58,1.304294662625928e-47,-1.0836400170109602e-64,6.742993117305172e-19,2.6711540747335383e-19,1.787463607865467e-17,3.509999999982099e-06,-7.341742657156987e-51,2.4833324502269883e-42,3.847384305099461e-17,1.7799999999614915e-06,6.635967549405248e-41,5.380279083895827e-36,-1.055786906430073e-71,1.8391068885514496e-53,0.0,0.0,1.7005583735768476e-28,3.1150704380218286e-20,1.1904202371738164e-41,3.89303694195123e-21,-4.814596138088174e-57,4.087783757563924e-34,-4.8145961448503846e-57,-2.0459692544178473e-71,1.0881928838347912e-49,3.905695919718043e-34,1.7655055941023722e-24,1.4003461196170062e-30,5.100523158198126e-47,2.4368808157062138e-40,7.440541601677507e-44,7.151032233803723e-38,6.312593333952462e-30,-1.3077082580524785e-53,-1.0648616227106602e-60
0.00013371935932267675,1.0000220583407749e-10,0.00017699999999774455,9.048546372662396e-35,1.933498427396803e-28,2.222902423013052e-41,1.1233191500238546e-32,-1.8556939284365487e-50,4.3420087241504533e-39,-4.585201357912827e-88,-1.0594436663651441e-72,-1.9990994972503588e-81,3.2806881249643357e-53,1.020251545589507e-43,-3.3264817800599125e-63,-1.9118088152863043e-50,1.7423875884310548e-48,1.291959683749635e-103,-2.4553964149961343e-86,-2.7679833215093355e-75,-3.8470985518705034e-89,-4.374942219663714e-101,-7.516824899548717e-87,5.309955817129356e-24,6.5067601932174166e-18,1.0542553954133448e-24,4.314438082102572e-17,-1.8629415146364697e-71,-6.923077085124839e-69,1.5276135620148272e-33,3.638775178432293e-23,1.790922878297066e-94,-4.4872385530603095e-92,-6.408042807053072e-68,-3.83420394288873e-61,-6.923077131270829e-69,-4.232821911161067e-61,-9.311531122403359e-45,-2.48565548778667e-43,6.988510285211761e-36,1.2360945409042842e-19,3.3899964261046006e-08,5.166863682772145e-29,3.9080238732517373e-23,5.459629106814634e-28,6.129146344799989e-22,8.714724493905442e-46,6.294434631830465e-40,8.812298848143746e-31,0.00018232409151592194,0.4999999999355597,8.69975302364976e-11,0.2499999999034536,8.524967724167368e-11,2.449031844977877e-20,-3.4652544466188367e-45,-4.337937060459632e-44,6.833478345034707e-34,-4.8705786534590166e-48,-3.299383920483828e-55,-7.628418776017821e-46,-9.732764867115551e-53,-2.3090006886944223e-55,7.788575693448497e-31,2.508736719379524e-25,2.3549733659077277e-30,3.8378157571226206e-20,0.0,-1.363831789685683e-54,-1.005324183313985e-67,9.346892776973687e-17,-2.8850809995528465e-32,1.112577534256941e-31,-7.511016427780038e-82,2.5737751699899453e-28,3.573880589364168e-14,3.795968725355053e-35,1.2574193678729105e-27,3.976884011286607e-34,3.7408010489779284e-35,2.3030148260464074e-26,-1.1666206816436154e-50,-6.436259432354721e-70,8.811843617673634e-47,1.6808711816417848e-35,0.10000000147164533,1.847079914349607e-11,2.3367306365372706e-18,5.2606387430510216e-36,-1.38517799623766e-62,-9.636611075240232e-51,-9.949505615467936e-37,-1.2769529434285711e-48,2.4231020523424204e-28,-6.375399764128791e-69,2.4242688817538056e-27,8.10338927771074e-27,-6.782738739222141e-61,2.4056104454342413e-42,-2.0822246767857577e-47,2.2559999057098094e-06,9.429018966199554e-14,6.179999995258403e-05,4.7415943722571415e-14,5.5144078230328704e-40,4.415422523592216e-30,-1.0655672497096151e-36,-2.2032306342205294e-70,-1.290231524034743e-34,3.889595752809749e-20,-1.963631473809612e-40,1.5035488277173412e-26,-4.850013442627813e-94,-4.722224981943989e-44,-3.8209371866408745e-34,-4.93283913153127e-43,7.552535239409335e-30,4.3186212003170367e-29,1.1028706672372385e-62,2.1059532632388073e-38,3.950669211914963e-30,0.0003339999993415984,6.584001695973228e-13,1.7281606335347554e-23,1.8628640313977214e-28,-6.79130240695925e-63,3.93468924876301e-39,3.224970181852003e-46,-7.378469529769583e-58,3.9447272422233474e-47,-2.4239261608541048e-64,9.750935325949605e-19,5.585806733167364e-19,2.584822967245199e-17,3.5099999999741137e-06,5.288178415842632e-50,7.509577509854596e-42,5.563640263864503e-17,1.7799999999443132e-06,1.3877028249197065e-40,1.298636176408104e-35,-2.3921209550326677e-71,5.561588756849619e-53,0.0,0.0,3.5561391938482584e-28,4.504650831999408e-20,3.599819952772057e-41,5.629658721273281e-21,-4.675305228567384e-57,8.548203232403945e-34,-4.6753052423911505e-57,-4.641731529892722e-71,3.2906831418066837e-49,8.167863447054682e-34,2.553074181896258e-24,2.9283473011947185e-30,1.5425915245570636e-46,7.369104610615387e-40,2.250014037292491e-43,2.1147324280086704e-37,1.3200638462577134e-29,-1.1264066766483642e-53,-2.1661067207829267e-60
0.00019336944850166022,1.0000318982177197e-10,0.0001769999999967384,1.3085155036580244e-34,2.7960323052507113e-28,4.648518462117251e-41,2.3490541130671489e-32,1.2083360880516595e-49,1.313176480200158e-38,-2.776848238714307e-88,-1.700390661581424e-72,-3.150710421892915e-81,9.925154303467203e-53,3.0852738025704854e-43,-2.792547045192442e-63,1.016737376520657e-49,5.26914382977516e-48,2.9727427447147166e-103,-4.2941633716145804e-86,-2.32395668739938e-75,-5.517815055038466e-89,-4.3358245630736737e-101,-1.1781474753859747e-86,9.743834211123458e-24,9.409316177850302e-18,1.524550494807697e-24,6.239037711142247e-17,-2.9899911352127025e-71,-8.5543309504996e-69,4.6194856417924736e-33,7.609256195686209e-23,6.56993627987183e-94,-2.9478378048830934e-92,-7.660421967909447e-68,-5.21368737045916e-61,-8.554331105946189e-69,-3.820183787981866e-61,4.960771347534688e-44,1.3242721957349774e-42,2.1133183025254095e-35,1.8069139493340357e-19,3.38999483184766e-08,9.172812925876316e-29,5.651338621685942e-23,1.1021697072645895e-27,8.863267210466404e-22,2.6493615490220715e-45,1.3171276657673037e-39,1.2743672850732675e-30,0.00018232417694814227,0.499999999906814,1.2580579472876465e-10,0.24999999986038574,1.2327810300761366e-10,5.121313765027384e-20,1.8461840045813626e-44,2.311121724458549e-43,2.066436869764452e-33,2.594879438022386e-47,-2.9776556516512594e-55,4.064188485963091e-45,5.172427449444613e-52,-2.0838649946086358e-55,1.6287195969274202e-30,7.586388509338618e-25,4.924624341705037e-30,5.549803770194707e-20,0.0,7.265942342334697e-54,-9.073024126417453e-68,1.954583167667211e-16,1.5370880402580441e-31,2.3265766355050503e-31,-5.518173249847466e-82,7.780954765528098e-28,5.1681291497372454e-14,1.098823390255949e-34,2.6294631266663763e-27,1.2026054871315451e-33,7.842404535289219e-35,4.8159701976732704e-26,6.215345853425475e-50,-9.272899162015514e-70,2.6647632678328825e-46,3.5152761565337625e-35,0.10000000146340579,2.6710330214466818e-11,4.8864709462501314e-18,1.1000894094815841e-35,7.377824490985306e-62,-9.047311950468854e-51,5.300802025677579e-36,-1.1524426457223188e-48,5.0670935805602725e-28,-5.9785201871486e-69,5.0695334202742096e-27,1.6943522813584473e-26,-6.121412661154321e-61,7.274546218651554e-42,-1.8791942188380268e-47,2.2559998636484496e-06,1.363515495117597e-13,6.17999999314325e-05,6.856743405081924e-14,1.4684772411729951e-39,1.333084440272325e-29,5.811301298464276e-36,-1.2039013187839417e-70,6.883213588044086e-34,8.133760345179735e-20,-1.7721753788272776e-40,4.5467145831659817e-26,-9.564753231176493e-94,-4.261791144646021e-44,2.035672956213622e-33,-4.451869393155316e-43,1.5793554328677016e-29,1.3059458119537625e-28,3.266740934775777e-62,6.368388423992027e-38,8.261478589624876e-30,0.000333999999047896,9.521015238630784e-13,2.499067192825252e-23,5.632439607588855e-28,-6.123744187546489e-63,1.189846470148594e-38,9.80422286147679e-46,3.909293027427343e-57,1.1930999459656143e-46,-3.323947455422185e-64,1.410067264099316e-18,1.1680805492439605e-18,3.7378718688656185e-17,3.509999999962566e-06,4.565268772177249e-49,2.2708901273150964e-41,8.045489449976693e-17,1.779999999919472e-06,2.9019568828546777e-40,3.240421580928582e-35,-3.4308899756138857e-71,1.6818796318631305e-52,0.0,0.0,7.4364555793296475e-28,6.514097536142111e-20,1.0885820932148332e-40,8.140959582311826e-21,2.490819464362549e-56,1.78756427673665e-33,2.4908194631149597e-56,-6.687482767187612e-71,9.950985394854724e-49,1.708160681560588e-33,3.6919695510494415e-24,6.123642015258752e-30,4.665564005378385e-46,2.228409843512086e-39,6.804024908523923e-43,6.295113734815046e-37,2.760463779138836e-29,7.766007676077354e-53,-1.8942740023754123e-60
0.0002796284980965741,1.0000461275083661e-10,0.00017699999999528344,1.892270494285763e-34,4.043367422827563e-28,9.72104782281172e-41,4.9122911124314805e-32,8.782323625815677e-49,3.9714888139992463e-38,2.46071706644608e-87,-5.0014192708744174e-73,-6.060334785760495e-82,3.002670877720802e-52,9.329963148556235e-43,1.3331362588585542e-62,7.69683862947206e-49,1.5934363968792336e-47,5.863309028704115e-103,-3.223351149677005e-86,1.1091556761532247e-74,2.0216772902364503e-89,1.362680934754038e-100,-1.895816446828442e-87,1.840905273372035e-23,1.3606649097679884e-17,2.2046471876875523e-24,9.022167606867977e-17,-8.794504796286129e-72,1.1673384885718494e-68,1.3969276273390888e-32,1.5912159312462494e-22,2.2436476294106827e-93,2.2735814302072207e-91,1.2307719387386446e-67,3.684194258928135e-61,1.1673384388454183e-68,1.539309399280159e-60,3.753903678872752e-43,1.002096054059107e-41,6.390653001078088e-35,2.65355415527476e-19,3.3899925264192645e-08,1.6821939380382812e-28,8.172326302692796e-23,2.2476581489391302e-27,1.2817042345913686e-21,8.05232722488637e-45,2.7569281285000126e-39,1.8429316864199225e-30,0.00018232430049032312,0.4999999998652453,1.819258591589498e-10,0.249999999798106,1.7827029222648925e-10,1.0709476722526565e-19,1.3970319201223227e-43,1.748856689483669e-42,6.248884217809591e-33,1.9635827571794613e-46,1.1999058526750018e-54,3.0754261745198705e-44,3.9162109592332053e-51,8.397164809710049e-55,3.405929183235592e-30,2.294114569562142e-24,1.0298173380331286e-29,8.025481619068208e-20,0.0,5.498258954183916e-53,3.656066925787362e-67,4.0873416144945153e-16,1.1631342821733737e-30,4.865241570292924e-31,3.4751480059703434e-81,2.352511065559262e-27,7.473543490907929e-14,3.2202100112620764e-34,5.498622867458172e-27,3.6366663373695534e-33,1.6459583994002972e-34,1.0070958568450224e-25,4.703244388023726e-49,3.1394799969568363e-70,8.058423973494055e-46,7.351931232816867e-35,0.10000000145149075,3.862538564826532e-11,1.0218373609291082e-17,2.3004835016985954e-35,5.5832315519305e-61,3.2958868647232724e-50,4.011186376746782e-35,4.643923857246571e-48,1.0596103185497951e-27,2.1846761676824515e-68,1.0601204715032514e-26,3.5428773846665065e-26,2.4666763926039924e-60,2.1998168213056214e-41,7.572482739554614e-47,2.2559998028241842e-06,1.9717581501806062e-13,6.179999990084559e-05,9.915425681381764e-14,4.104079788732964e-39,4.026768629453872e-29,4.3753998493419266e-35,1.2631163737493319e-69,5.207143836062448e-33,1.7008976093342086e-19,7.141128738590764e-40,1.3749214009858184e-25,-1.2692652907807244e-93,1.7173362222960823e-43,1.5404219644698324e-32,1.793930642852674e-42,3.302683723129747e-29,3.9491647714579673e-28,9.264825702045469e-62,1.925796333382788e-37,1.7276067112287146e-29,0.0003339999986231778,1.3768178156851805e-12,3.6138645570571275e-23,1.7030677675681894e-27,2.472968148829888e-62,3.5980850424111213e-38,2.979842225588157e-45,2.9618648573461774e-56,3.608555432649591e-46,2.165643649320491e-64,2.0390758297988878e-18,2.442640563769754e-18,5.405277956146622e-17,3.5099999999458677e-06,2.2401633867956766e-48,6.86715332681181e-41,1.1634449370770262e-16,1.7799999998835496e-06,6.068602793489979e-40,8.363128612149228e-35,1.257545961379267e-71,5.0861660589137174e-52,0.0,0.0,1.555081898521338e-27,9.41991927435392e-20,3.2918618825542412e-40,1.1772511162156543e-20,1.8848432552550358e-55,3.738077959984278e-33,1.884843255757766e-55,2.264085194922545e-71,3.009165958135419e-48,3.5724300917646687e-33,5.338918366481439e-24,1.2805514617872531e-29,1.4110887662403898e-45,6.738689254851629e-39,2.0575318374786694e-42,1.8827632647004395e-36,5.772569325435838e-29,5.586325538361132e-52,8.234442895899946e-60
0.0004043663440818802,1.0000667042610881e-10,0.00017699999999317947,2.7364989552867566e-34,5.847209444492258e-28,2.032833531791562e-40,1.0272517001807671e-31,1.1895315456988561e-49,1.2007504296968104e-37,-2.66318896295069e-82,-4.005539556191679e-68,-8.970799287185008e-77,8.971209922196552e-52,2.82128791461291e-42,-1.774607014769899e-60,3.7078396903273415e-50,4.818273771955016e-47,4.112539365608045e-97,-1.0333071819266226e-80,-1.485894976902198e-72,-1.8037612156808245e-85,-2.3266907115011618e-96,-3.24374450865588e-82,3.5652035098631845e-23,1.967633043915075e-17,3.188148346168127e-24,1.3046801083315494e-16,-7.043333153852026e-67,-3.496427742337702e-65,4.224297103360656e-32,3.327483624344399e-22,1.755453343904189e-88,-2.7124206010347228e-86,-3.0765243528623203e-63,-1.7845998447903966e-57,-3.4964278110435183e-65,-2.286281230068104e-58,2.565635803884131e-44,6.870583532504122e-43,1.932531533582566e-34,3.922173233063464e-19,3.389989192578534e-08,3.176484855498259e-28,1.1817903035679304e-22,4.6175710374913574e-27,1.8534547017728697e-21,2.4147485198865454e-44,5.77303982663078e-39,2.665271844723298e-30,0.00018232447914271407,0.49999999980513343,2.6308029528899773e-10,0.24999999970804423,2.577933854813039e-10,2.239520256080668e-19,9.562575045165048e-45,1.197436498554932e-43,1.8896606022026578e-32,1.346427232456932e-47,-1.778159278639703e-52,2.1046682877300856e-45,1.5723850706441685e-52,-1.2443828239510401e-52,7.122287803617496e-30,6.937403298956906e-24,2.1535118631589997e-29,1.1605518252677289e-19,0.0,3.7622124948547396e-54,-5.417907076181153e-65,8.547272669379446e-16,7.988195131738536e-32,1.0173992478811197e-30,-2.30419862523194e-78,7.113049613823266e-27,1.0807359849101618e-13,9.523305034631848e-34,1.1498485754892368e-26,1.0997269942694954e-32,3.460035986092755e-34,2.1059971172117027e-25,3.223781466194149e-50,-3.0285969970399826e-66,2.4363584592852967e-45,1.5376832962716968e-34,0.10000000143426055,5.585555867140667e-11,2.136819941349744e-17,4.810664237335527e-35,3.3662339494180714e-62,-5.34293121766377e-47,2.7541236487393014e-36,-6.881584033341101e-46,2.2158149187115406e-27,-3.4354936973337264e-65,2.2168815591916773e-26,7.408310175201268e-26,-3.655480132245554e-58,6.652232216719371e-41,-1.1221132399904463e-44,2.255999714867179e-06,2.8513282018051565e-13,6.17999998566143e-05,1.4338535075493496e-13,9.173973445046307e-39,1.2167623150936217e-28,3.440319223699722e-36,-1.1391204304446258e-67,3.5810987866508948e-34,3.5568439829018134e-19,-1.0582622598709923e-37,4.157760387894187e-25,-1.8515801347828286e-86,-2.5449513768399814e-41,1.0568694491435558e-33,-2.6583554776446647e-40,6.906437365914598e-29,1.1942268309788755e-27,2.36398918749263e-58,5.823591618202991e-37,3.612700543960799e-29,0.0003339999980089999,1.9909920942534727e-12,5.2259587088502477e-23,5.1497070196617206e-27,-3.65958884881957e-60,1.0880591154643554e-37,8.936015402132736e-45,-8.516839241964149e-60,1.0908848805655205e-45,-1.1533492879900877e-60,2.9486750307267453e-18,5.107944532615298e-18,7.816488181551414e-17,3.5099999999217196e-06,2.542125122762217e-48,2.076622757439673e-40,1.6824381438378577e-16,1.7799999998316032e-06,1.2690864375048864e-39,2.2287352378670736e-34,-1.1154086369356343e-67,1.5373405783548745e-51,0.0,0.0,3.251925626227108e-27,1.3621966762657457e-19,9.954576772375142e-40,1.702403865765913e-20,1.2902815729917685e-56,7.816905093481758e-33,1.2902808280005745e-56,-2.184319525725313e-67,9.099718004802014e-48,7.471711649647947e-33,7.720566414600464e-24,2.677838138144315e-29,4.2660108134413536e-45,2.0377772923919498e-38,6.221961966941072e-42,5.649815214163369e-36,1.207136117647578e-28,9.538125252980486e-53,-1.1620764975410334e-57
0.0005847477683396706,1.0000964599790922e-10,0.0001769999999901369,3.957507113628424e-34,8.45593586306463e-28,4.250104612745216e-40,2.1481856329335837e-31,-5.149244584636668e-47,3.626469103626292e-37,-4.750590611020945e-81,-7.428808032110565e-67,-1.659118185976447e-75,2.545275339068835e-51,8.529943682364852e-42,-3.3312530739111767e-59,-4.668286896781855e-47,1.4565054241411655e-46,7.97450848016395e-96,-1.9280771407730546e-79,-2.789012858749077e-71,-3.3222470971038553e-84,-4.200922983546829e-95,-5.999039244528774e-81,7.04411345824004e-23,2.845356844937304e-17,4.610431330128174e-24,1.886674602677871e-16,-1.3062800293680149e-65,-6.388478400986065e-64,1.2774256009234645e-31,6.95829098348763e-22,4.77282944213947e-87,-4.8483225957821717e-85,-5.597472970115321e-62,-3.2784811411714575e-56,-6.388478561524355e-64,-4.280917858714341e-57,-2.2629535047567446e-41,-6.0405060450402595e-40,5.844019010830884e-34,5.849354470061871e-19,3.3899843715700355e-08,6.149079684038385e-28,1.708974804273787e-22,9.536601193363109e-27,2.680256728165635e-21,6.888670825231176e-44,1.209597786990618e-38,3.854857414850248e-30,0.00018232473748910644,0.49999999971820686,3.8043664849739524e-10,0.2499999995778072,3.7278996778109337e-10,4.6831876575143485e-19,-8.421411622013384e-42,-1.0542172815606206e-40,5.714374417522685e-32,-1.1836196107342615e-44,-3.3295590563178037e-51,-1.853897620365245e-42,-2.381013694478033e-49,-2.330075450654867e-51,1.4892336346138618e-29,2.0979023573344374e-23,4.503335516035626e-29,1.6782548557612527e-19,0.0,-3.314417252857105e-51,-1.0144900980512318e-63,1.7873678753178404e-15,-7.010976593210693e-29,2.1275430341207054e-30,-4.285773282644207e-77,2.150789602618988e-26,1.5628324639068105e-13,2.8349883310833962e-33,2.4045132769148877e-26,3.325603250220325e-32,7.2897725414683306e-34,4.403973075746714e-25,-2.8350709851469834e-47,-5.577604658044521e-65,7.35941601016355e-45,3.216334608779732e-34,0.10000000140934424,8.077183908926442e-11,4.4684163847846617e-17,1.0058825193838783e-34,-3.3739711441815352e-59,-9.667503476492413e-46,-2.417818853520037e-33,-1.288560293898829e-44,4.6336247175416354e-27,-6.216964889741303e-64,4.6358547161957044e-26,1.5491358396887198e-25,-6.844792917901848e-57,2.0116353260302306e-40,-2.101130825613874e-43,2.2559995876739506e-06,4.123260481669088e-13,6.179999979265208e-05,2.0734718063144779e-13,-1.1740421649135266e-38,3.677600597922637e-28,-2.6271195758586006e-33,-2.1635639800588243e-66,-3.1384427534743902e-31,7.437915473667421e-19,-1.9815702011169412e-36,1.2573207014816026e-24,-3.5018622416920446e-85,-4.7653559716541876e-40,-9.285332897924558e-31,-4.9777095160636205e-39,1.4442459083953074e-28,3.611383420348383e-27,4.988189575906109e-57,1.7610454309734617e-36,7.554731246597922e-29,0.0003339999971208479,2.8791372291282894e-12,7.557189508437825e-23,1.557211614613037e-26,-6.852700985389011e-59,3.2903007607148307e-37,2.5492268814073914e-44,-1.8226715732536114e-54,3.292036124516567e-45,-2.118697061014262e-59,4.2640317677652386e-18,1.0681507295092918e-17,1.130330253798479e-16,3.5099999998867994e-06,-7.892469089567329e-47,6.2797064319006915e-40,2.4329447375138296e-16,1.779999999756484e-06,2.6539976233030385e-39,6.111733314187347e-34,-2.054266190712627e-66,4.637703076820584e-51,0.0,0.0,6.800299335131433e-27,1.9698449066911878e-19,3.010279137132866e-39,2.4618185767944422e-20,-1.1361960040813992e-53,1.6346358894533203e-32,-1.1361960180311813e-53,-4.022746464463739e-66,2.7517942189074107e-47,1.5628141075327564e-32,1.1164674786040844e-23,5.599789125499557e-29,1.2877645810405297e-44,6.162278443846524e-38,1.881518810596187e-41,1.6993789938307715e-35,2.524313595210213e-28,-3.233266094986004e-50,-2.1783760989150335e-56
0.0008455944902006664,1.0001394892552815e-10,0.00017699999998573712,5.723682468020444e-34,1.2228922197710104e-27,8.886587229818433e-40,4.492318254206335e-31,-1.818654128448311e-46,1.096409435756216e-36,-1.77329953233338e-80,-2.9790049509138565e-66,-6.620883432923692e-75,7.53943120606784e-51,2.579347805271085e-41,-1.2699701066586258e-58,-1.6479890553937471e-46,4.40418176110827e-46,3.442173722411295e-95,-7.815847151401712e-79,-1.0635509363298313e-70,-1.3113823371900298e-83,-1.6040306006673016e-94,-2.393826332982018e-80,1.4135608470613519e-22,4.1146126284577784e-17,6.667314119065923e-24,2.728284739116167e-16,-5.238274813635885e-65,-2.4826141304400674e-63,3.862925304720951e-31,1.455087231929987e-21,2.977580201081299e-86,-1.8170143541571392e-84,-2.1681909902149053e-61,-1.2873579738136554e-55,-2.4826142182023943e-63,-1.6324985705489432e-56,-7.984623855004315e-41,-2.13132560173836e-39,1.76722990479861e-33,8.829969924254558e-19,3.3899773999981014e-08,1.2145189405997919e-27,2.4713351181436963e-22,1.9769869097819744e-26,3.8758877526171266e-21,2.062167733925432e-43,2.5366336964300205e-38,5.576271196525572e-30,0.00018232511107973048,0.499999999592504,5.501442477450094e-10,0.2499999993894732,5.390836511900282e-10,9.793273166387344e-19,-2.971410913722662e-41,-3.719698267204262e-40,1.7280253148932831e-31,-4.1762697845736905e-44,-1.269555655251038e-50,-6.541294772944685e-42,-8.407069407673081e-49,-8.884531493092931e-51,3.1140057947173565e-29,6.344059551249082e-23,9.417189148023307e-29,2.4268961770852854e-19,0.0,-1.1694593893379543e-50,-3.8682328294630766e-63,3.7376617926075645e-15,-2.4737381870079536e-28,4.4490286710991404e-30,-1.704495581549928e-76,6.50356741621135e-26,2.2599815666288451e-13,8.479153083337414e-33,5.0282102963975613e-26,1.0056618010643979e-31,1.540889364683675e-33,9.209401813238028e-25,-1.0003238312089581e-46,-2.2013461498849327e-64,2.224784707977808e-44,6.728347753536285e-34,0.10000000137331315,1.1680287771860925e-10,9.344126366259201e-17,2.1033229064507147e-34,-1.1907814380599996e-58,-3.68377902902928e-45,-8.530984679351985e-33,-4.913248703824741e-44,9.689655463879997e-27,-2.369041420624748e-63,9.694317185186351e-26,3.23940198524229e-25,-2.609909238900683e-56,6.083172854390804e-40,-8.011556898212789e-43,2.2559994037418473e-06,5.962581517113427e-13,6.179999970015719e-05,2.998412555597824e-13,-6.345540196224086e-38,1.1116992706078138e-27,-9.270146270744531e-33,-8.246043552348199e-66,-1.1073744678176159e-30,1.555382972768161e-18,-7.55569905720831e-36,3.80213699058477e-24,-1.4522677109460562e-84,-1.8170206817422715e-39,-3.276222936006634e-30,-1.8979908241437274e-38,3.0201476890190963e-28,1.0920821425618731e-26,2.4268054157982615e-56,5.325386058755846e-36,1.5798142787323366e-28,0.00033399999583650703,4.1634644820837606e-12,1.0928360033462119e-22,4.7088461323148327e-26,-2.6129164401599054e-58,9.949854040091331e-37,7.631277209543811e-44,-6.441957129012466e-54,9.951468408525768e-45,-8.320169907399361e-59,6.166147762736873e-18,2.2336677043412442e-17,1.634553255252788e-16,3.5099999998363023e-06,-2.8220826964455555e-46,1.898979275796095e-39,3.5182377932974993e-16,1.779999999647856e-06,5.5503421701930875e-39,1.7168765424275218e-33,-8.107567459526314e-66,1.4014269784543197e-50,0.0,0.0,1.4220523400910786e-26,2.848548691960741e-19,9.10307297005616e-39,3.559995402172453e-20,-4.0089523478339316e-53,3.418273403565274e-32,-4.0089524010242014e-53,-1.5876831701122678e-65,8.32142843764986e-47,3.269182365351021e-32,1.6145239131679216e-23,1.1710059872727625e-28,3.8930474086858723e-44,1.863471171049135e-37,5.689699918400659e-41,5.119824894547638e-35,5.278740735443053e-28,-1.1417152342191885e-49,-8.305432693073805e-56
0.0012228008050171417,1.0002017132176042e-10,0.00017699999997937467,8.279096054442001e-34,1.768639789420807e-27,1.8586681930328537e-39,9.394527986678233e-31,-2.6135332953279745e-46,3.318086654986696e-36,-3.871962495141977e-80,-7.623748411417851e-66,-1.678056537693935e-74,2.3365218803379803e-50,7.800725978595965e-41,-2.896932922333223e-58,-2.3803461137595493e-46,1.3321156529212243e-45,1.0045308971338186e-94,-2.0428089132514565e-78,-2.4277658617526262e-70,-3.2494370438697672e-83,-3.697313067169046e-94,-6.066344216423334e-80,2.8699780501348284e-22,5.950049292500417e-17,9.642101714716612e-24,3.945317794341968e-16,-1.3405574078995586e-64,-5.95012877902665e-63,1.1681444751437129e-30,3.042812289437628e-21,1.3000685071778962e-85,-4.0067231721465536e-84,-5.162002796954255e-61,-3.1550679610126138e-55,-5.950129121953974e-63,-3.728093297542103e-56,-1.1487623342808903e-40,-3.066246241098318e-39,5.344057657355136e-33,1.3545352963758562e-18,3.389967318543666e-08,2.4365913420597643e-27,3.5737872577478193e-22,4.109249803607302e-26,5.604882775509038e-21,6.465609544359528e-43,5.326301450104068e-38,8.068971677165873e-30,0.0001823256513232093,0.4999999994107278,7.955566295410978e-10,0.24999999911712595,7.795561107007869e-10,2.047923851899722e-18,-4.274940869017723e-41,-5.3514724192902934e-40,5.225505063556935e-31,-6.00821004815635e-44,-2.8984151671244153e-50,-9.410925456506493e-42,-1.2161933007348766e-48,-2.0283469294950419e-50,6.512204484737087e-29,1.9184183680050214e-22,1.9692833696652812e-28,3.509492793590902e-19,0.0,-1.6824960531849229e-50,-8.831223303010176e-63,7.816018308979199e-15,-3.558779120106417e-28,9.303619182111161e-30,-4.285834273242458e-76,1.9665876093030036e-25,3.2681116088280497e-13,2.544452358481439e-32,1.0514758197530699e-25,3.041093133952351e-31,3.272360171527574e-33,1.9258303247983115e-24,-1.439127961375248e-46,-5.453200925482132e-64,6.730799685149097e-44,1.4077875636312106e-33,0.10000000132120913,1.6890679221599343e-10,1.9539922852545202e-16,4.398704621561985e-34,-1.7163386773384784e-58,-8.446306659999658e-45,-1.2272920643290809e-32,-1.1216957564564105e-43,2.0262636929552407e-26,-5.43216127045629e-63,2.0272380614159298e-25,6.773974557899464e-25,-5.958465786004063e-56,1.8395439904769203e-39,-1.8290383344179748e-42,2.2559991377605647e-06,8.622394342821069e-13,6.179999956640151e-05,4.335952332657535e-13,-1.7896276528894787e-38,3.360877242054164e-27,-1.3329753553835485e-32,-1.8764037640992015e-65,-1.5931693943842684e-30,3.2525424808937364e-18,-1.7249793041447816e-35,1.1497538740057558e-23,-3.959481591279675e-84,-4.1482750010350294e-39,-4.7133170771868764e-30,-4.333130406996147e-38,6.315608034837421e-28,3.302419894255582e-26,8.368710630516207e-56,1.610395179003303e-35,3.3036421112662807e-28,0.00033399999397924583,6.0206985689848734e-12,1.580338683307059e-22,1.4239063145974525e-25,-5.965256737011374e-58,3.0088183310572495e-36,2.3926657926229177e-43,-9.390656972385047e-54,3.0129967871764026e-44,-2.0395098171321076e-58,8.91676642229021e-18,4.6709378548797026e-17,2.3637027772740363e-16,3.509999999763279e-06,-3.705938125887085e-46,5.7424909445301903e-39,5.087657362866707e-16,1.779999999490771e-06,1.1607890661258142e-38,4.917264344943384e-33,-2.008337231294274e-65,4.2418970789021865e-50,0.0,0.0,2.973742194003485e-26,4.1192143125086017e-19,2.7527498958699705e-38,5.1480499227733664e-20,-5.767627809644035e-53,7.148121861924428e-32,-5.767627931078056e-53,-3.933038467107277e-65,2.5163679417143436e-46,6.839674481139906e-32,2.334775043773626e-23,2.448762647459712e-28,1.1785221930317678e-43,5.635092175179224e-37,1.7205598038878176e-40,1.5442356732166218e-34,1.1038684122692534e-27,-1.6340846350357245e-49,-1.89543376610014e-55
0.0017682728850275922,1.0002916943195746e-10,0.00017699999997017405,1.1978345539789184e-33,2.5582162409230508e-27,3.889191700978819e-39,1.964661415463478e-30,5.339397735089239e-46,1.0045586092825715e-35,-3.929815652741933e-80,-1.384507133554998e-65,-2.9713807174321148e-74,7.375077758856543e-50,2.359312995698643e-40,-3.60175120641421e-58,4.748384276261167e-46,4.029664630092004e-45,2.399911976308501e-94,-3.9082754081570276e-78,-3.0273886702946735e-70,-5.403944123765017e-83,-4.816282727250596e-94,-1.0738140756610317e-79,5.877225066767778e-22,8.604215855617617e-17,1.394484921511795e-23,5.705237399470885e-16,-2.434510007549912e-64,-8.925980327801839e-63,3.5324549977284675e-30,6.3629841627845174e-21,4.8663088062225067e-85,-4.281119873263758e-84,-7.573604033812406e-61,-5.079336011126401e-55,-8.925981501565903e-63,-4.658241392967752e-56,2.3315957431218575e-40,6.224591657978221e-39,1.6160241948790442e-32,2.1211457961803814e-18,3.389952739965059e-08,4.9461786851696005e-27,5.168057124528221e-22,8.557104341073882e-26,8.105180046466814e-21,2.0606326869673708e-42,1.120428387403053e-37,1.1683556060452143e-29,0.00018232643256073418,0.4999999991478654,1.1504454910055746e-09,0.24999999872328788,1.1272949198050463e-09,4.2825180418233435e-18,8.677399772310929e-41,1.0862773349638299e-39,1.5801748015294594e-30,1.2196967091808062e-43,-3.617166411274494e-50,1.9102337822509423e-41,2.4094932614896166e-48,-2.5313100014043974e-50,1.3621099486276157e-28,5.801188784027254e-22,4.118082413420209e-28,5.0750149702535e-19,0.0,3.415127208154446e-50,-1.1021133396832547e-62,1.6344454557319633e-14,7.22517231986546e-28,1.9455323569439434e-29,-7.424685218218707e-76,5.946761999250206e-25,4.725939457491015e-13,7.653307330839482e-32,2.1987941511763726e-25,9.196148250938808e-31,6.995149596469662e-33,4.027210933923208e-24,2.921436148199625e-46,-9.061928228944746e-64,2.0369926142357205e-43,2.946344714366194e-33,0.10000000124586227,2.4425343801212527e-10,4.0860685438120634e-16,9.20091261000832e-34,3.4558766436236e-58,-1.0767028808822047e-44,2.4916596097165404e-32,-1.399820440390867e-43,4.237247249814527e-26,-6.926372131819542e-63,4.239283383733785e-25,1.4165258156263827e-24,-7.436065152143652e-56,5.5627538147307185e-39,-2.282538922508161e-42,2.2559987531292857e-06,1.2468707134066917e-12,6.179999937297897e-05,6.270142416084457e-13,7.993356518219905e-37,1.0161300707677997e-26,2.7125218936580523e-32,-2.3062972872997378e-65,3.233884990852435e-30,6.8015507527456156e-18,-2.1527490553350596e-35,3.476803499784307e-23,-8.321665242944024e-84,-5.176908420219271e-39,9.568591862520585e-30,-5.407600072381878e-38,1.3206936425784371e-27,9.986363353739939e-26,2.5247130246818003e-55,4.869834055889054e-35,6.908438086760474e-28,0.00033399999129349756,8.706391915239426e-12,2.2853149635613815e-22,4.30575840751376e-25,-7.444127770537599e-58,9.098597838293298e-36,7.62556828582111e-43,1.7974155172143188e-53,9.128301798350124e-44,-3.285348959310227e-58,1.2894390078582262e-17,9.767623056826498e-17,3.4181156587975547e-16,3.5099999996576812e-06,1.093682746116746e-45,1.7365212102118094e-38,7.357158578524281e-16,1.7799999992636142e-06,2.4277701526635606e-38,1.429568273389949e-32,-3.3369898072488937e-65,1.2848824725221195e-49,0.0,0.0,6.218581238396118e-26,5.956674448788388e-19,8.324237465290964e-38,7.444507076396862e-20,1.1707422879163563e-52,1.4947763279762297e-31,1.1707422727617228e-52,-6.535830292316226e-65,7.609359517460267e-46,1.431280785934158e-31,3.3763597989776996e-23,5.120760473080139e-28,3.569655924023389e-43,1.704033571330742e-36,5.202954482435283e-40,4.661391983624444e-34,2.308363530180966e-27,3.3987465292008852e-49,-2.3615044641061205e-55
0.0025570714241392473,1.0004218145982996e-10,0.00017699999995686916,1.733905590572296e-33,3.701053717259524e-27,8.142678768761693e-39,4.1087751859735315e-30,5.650467165296159e-45,3.041348859024171e-35,1.2613691698520426e-79,-1.1384322171971255e-65,-2.054803779902799e-74,2.328723836024553e-49,7.135712065656047e-40,5.5296543855510794e-58,5.076888170000376e-45,1.218981599930392e-44,4.913920074303155e-94,-4.227389955756308e-78,4.580926238835082e-70,-1.9028554704033807e-83,5.736404818427492e-94,-7.406364914131762e-80,1.2110417922122341e-21,1.2442302751711641e-16,2.016957651194485e-23,8.250202870294911e-16,-2.001799013830378e-64,2.2647266551404925e-63,1.0682102232723545e-29,1.3305949494420159e-20,1.679936603272459e-84,1.178041685380807e-83,2.9717144013494193e-61,-8.530962066986304e-56,2.2647228753343044e-63,6.977899935132847e-56,2.474117001542509e-39,6.604542304220906e-38,4.8867998464384404e-32,3.4069072088841886e-18,3.3899316582242645e-08,1.0127779570856567e-26,7.47357095127958e-22,1.7842465087647768e-25,1.172087250030642e-20,6.552727943461116e-42,2.3630345744506667e-37,1.6939895976486162e-29,0.0001823275622959154,0.49999999876774726,1.663648631245532e-09,0.24999999815376273,1.6301448714941575e-09,8.955375891167553e-18,9.207479318198703e-40,1.1526260063005062e-38,4.7783940549373756e-30,1.2941435376554185e-42,5.451086396148179e-50,2.0269357117862087e-40,2.583982834420982e-47,3.814904021325439e-50,2.8496723823437166e-28,1.7542465017997237e-21,8.611557587762335e-28,7.338884170020147e-19,0.0,3.623772481458858e-49,1.6609372087652186e-62,3.417860077705746e-14,7.665866065528685e-27,4.0684100511927406e-29,-4.269609499014158e-76,1.798257202743636e-24,6.834053950743767e-13,2.305754445208648e-31,4.598000631989642e-25,2.7808795138308748e-30,1.5089003070714448e-32,8.421518029716315e-24,3.099782606416269e-45,-3.152091636842721e-64,6.164903969150993e-43,6.168766301620903e-33,0.10000000113690422,3.5321102949904386e-10,8.544497255446177e-16,1.925091750111733e-33,3.6799159164877114e-57,1.4504905121098117e-44,2.643653352205052e-31,2.1097912814975575e-43,8.860780183555959e-26,9.318921809017396e-63,8.865033753776412e-25,2.9621482294584926e-24,1.1206076919512674e-55,1.6821684932544536e-38,3.440286378586878e-42,2.2559981969201716e-06,1.8030798275754938e-12,6.179999909327242e-05,9.067133592057981e-13,5.063379954068373e-36,3.072340941801516e-26,2.8751269338456982e-31,3.7422368215447324e-65,3.431426064141707e-29,1.4223023820098803e-17,3.244142889327487e-35,1.0513694872277434e-22,-1.26205447966147e-83,7.802064052959366e-39,1.0152482888765057e-28,8.149750540571611e-38,2.7617788939804515e-27,3.019829306937825e-25,7.20945087112258e-55,1.4726375522289647e-34,1.4446632572666034e-27,0.00033399998740969565,1.259008147859184e-11,3.3047833279147283e-22,1.3020271637339337e-24,1.1221317984911654e-57,2.7513950752382516e-35,2.424894877649973e-42,1.957378536387104e-52,2.765590704887937e-43,-5.630348241960911e-59,1.8646363572642366e-17,2.0425497782095265e-16,4.942888155097655e-16,3.5099999995049777e-06,1.005491590340934e-44,5.251215704886902e-38,1.06390241466474e-15,1.779999998935129e-06,5.077989056709721e-38,4.202962611981732e-32,-1.1585413839995705e-65,3.892241190119256e-49,0.0,0.0,1.3004081734960094e-25,8.613735190356077e-19,2.517225622028512e-37,1.0765370410316972e-19,1.2422541397365087e-51,3.1257856345223355e-31,1.2422541420203929e-51,-2.273706677875822e-65,2.3010285728881807e-45,2.996047664122579e-31,4.8826647552014253e-23,1.0708348860538537e-27,1.0812328187704708e-42,5.152941846103755e-36,1.57336786925723e-39,1.4078504399940153e-33,4.827152212565671e-27,3.5692159185506663e-48,3.588516523216128e-55
0.0036977405034673127,1.0006099795396728e-10,0.0001769999999376291,2.5124112016519587e-33,5.3566303838281894e-27,1.7060315285686072e-38,8.593183379134948e-30,2.717094153812678e-44,9.205935792127289e-35,-1.5972826453650909e-77,-3.2075051602927535e-64,-7.466724312312695e-73,7.242933963727954e-49,2.1581136179366747e-39,5.0288890038599026e-57,2.4448083344758833e-44,3.687220227659144e-44,2.749457280578356e-92,-3.7605927185798634e-76,4.114126531392056e-69,-1.1845105829619394e-82,-2.4111401746240796e-92,-2.6963894734441035e-78,2.506491451651864e-21,1.7992371157104267e-16,2.917828152235211e-23,1.1930381924521926e-15,-5.639869712832684e-63,-3.7776042254393127e-63,3.230255954065173e-29,2.7824665733295395e-20,-2.5516138200149808e-82,-1.5820240014315153e-81,-2.8096326294736424e-59,-5.825754445328126e-55,-3.7776026879165695e-63,6.363388788500168e-55,1.1904222762457623e-38,3.1777489633861738e-37,1.4777533117831067e-31,5.636739075914929e-18,3.389901172484622e-08,2.0867744388652956e-26,1.0807674777655824e-21,3.723726146014884e-25,1.6949577172133537e-20,2.0617789427046371e-41,5.0021324027895866e-37,2.4628326672253243e-29,0.00018232919598800177,0.4999999982180705,2.4057918820946284e-09,0.24999999733017692,2.3572880781306317e-09,1.87269612396139e-17,4.430163652965278e-39,5.545836289330118e-38,1.4449721079510802e-29,6.226717516237108e-42,4.99582206779896e-49,9.752573940743496e-40,1.2447571991346602e-46,3.49624965962732e-49,5.963456991827655e-28,5.304756686618079e-21,1.8008111812385096e-27,1.0612613612909911e-18,0.0,1.7435735727771185e-48,1.5222352056908022e-61,7.147211872925192e-14,3.6883826139363214e-26,8.507669009963615e-29,-1.4299001843479058e-74,5.4378335554810374e-24,9.882507900784595e-13,6.954592727811475e-31,9.615066238974587e-25,8.409286759998535e-30,3.2948980891639235e-32,1.761067007026142e-23,1.491449083368576e-44,-1.4132043165251995e-63,1.865348401006389e-42,1.2922681642003344e-32,0.10000000097934145,5.107728772891324e-10,1.786753254708041e-15,4.0291559572030904e-33,1.7707117413340349e-56,2.140184999363648e-44,1.2719778818327472e-30,1.9335596608536805e-42,1.852936648402018e-25,1.3848508373370785e-62,1.8538248344648743e-24,6.194264906073617e-24,1.0270192681408999e-54,5.086854696521583e-38,3.1529109987647275e-41,2.255997392595164e-06,2.6074048353146453e-12,6.179999868879062e-05,1.311179633085064e-12,2.1716469099819584e-35,9.28981659320691e-26,1.3831468220172372e-30,3.269888871616849e-64,1.6510227321764008e-28,2.974229843850955e-17,2.9732577769219416e-34,3.1793002418175337e-22,-8.849440611888722e-81,7.150318650863867e-38,4.884816654195647e-28,7.469208838705896e-37,5.77531372876396e-27,9.131842510491362e-25,3.455692720080276e-55,4.453253386667422e-34,3.0210173044307616e-27,0.00033399998179342507,1.8206120868593523e-11,4.77904825736968e-22,3.9372490190707294e-24,1.0283035167991848e-56,8.320162870758603e-35,7.629783845487421e-42,9.441190400130301e-52,8.375994215482986e-43,-3.869537490866079e-58,2.6964190708966036e-17,4.271249071097396e-16,7.147843213339941e-16,3.5099999992841545e-06,4.727459675878604e-44,1.5879608410813526e-37,1.53848273612951e-15,1.7799999984601162e-06,1.0622315956770083e-37,1.2458715051063597e-31,-5.314886300080081e-65,1.1784250459645758e-48,0.0,0.0,2.7193719894505332e-25,1.2455940538389094e-18,7.61202755623721e-37,1.556760366628408e-19,5.97708259939634e-51,6.536425460369856e-31,5.977082620327969e-51,-1.020462450874796e-64,6.958203065543676e-45,6.27431968509298e-31,7.061087778814153e-23,2.23929321995133e-27,3.274068706431477e-42,1.5582350293133094e-35,4.75784848543603e-39,4.253665316543546e-33,1.0094332938531855e-26,1.7146768873703014e-47,3.277581552427991e-54
0.005347244000266954,1.0008820820211437e-10,0.00017699999990980638,3.647946494274476e-33,7.759160685879947e-27,3.574023610993252e-38,1.7972917077159088e-29,8.550665676040337e-44,2.784137195430671e-34,-1.3647708388430066e-75,-3.0754836129577335e-62,-7.219816008160173e-71,1.83271008624623e-48,6.52524395370394e-39,-4.381385893177515e-56,7.680298389239907e-44,1.115002333336426e-43,2.7989916801306523e-90,-3.3234445850381398e-74,-4.336489439994682e-68,-3.43770764852602e-80,-2.4612565771383577e-90,-2.6085499050604185e-76,5.2039200465736546e-21,2.601796894124959e-16,4.222619379973634e-23,1.7252115114928737e-15,-5.4077497904192086e-61,-6.553928443950708e-60,9.768268112528054e-29,5.818521945179055e-20,-1.9628981628779027e-80,-1.3534154702659377e-79,-2.8681744030238703e-57,-3.1618526153936234e-52,-6.553927714964113e-60,-6.079633520976639e-54,3.7654366766251845e-38,1.0052298456591966e-36,4.46871074095463e-31,9.636079699362571e-18,3.389857088024228e-08,4.318956327643239e-26,1.5629355550406596e-21,7.776400836940134e-25,2.451095225580291e-20,6.2562489538112e-41,1.0642891608603696e-36,3.600752309593391e-29,0.00018233155844410992,0.4999999974232043,3.4790108743972466e-09,0.24999999613919316,3.408756227109778e-09,3.916058536610022e-17,1.4013543254090927e-38,1.7542778080913737e-37,4.369580860767268e-29,1.9697270571502605e-41,-4.4023980582602e-48,3.0849304141801745e-39,3.900174668970727e-46,-3.0804755752706686e-48,1.2477485787040173e-27,1.6041517739051397e-20,3.765774809558329e-27,1.5346668544207202e-18,0.0,5.515262454579398e-48,-1.3410876445796926e-60,1.494572226952658e-13,1.1668059915699916e-25,1.7790816607886658e-28,-1.4850171727075684e-72,1.6443803916787755e-23,1.4290709610487747e-12,2.0993092866532422e-30,2.0106375977648696e-24,2.5429593336575924e-29,7.310762183450606e-32,3.6826516932517326e-23,4.717930609388258e-44,-5.283177537694434e-61,5.6269276698761396e-42,2.709069136370532e-32,0.1000000007514918,7.386205703361908e-10,3.7362729864626354e-15,8.43241604222082e-33,5.537875250892216e-56,-1.0570051638438242e-41,4.023831193791507e-30,-1.7030908151461667e-41,3.874804838197087e-25,-6.7895710571024e-60,3.8766582338191595e-24,1.2953075103315136e-23,-9.050451968817142e-54,1.5382606775973043e-37,-2.776872438442656e-40,2.255996229473894e-06,3.770526105152259e-12,6.179999810387048e-05,1.8960673246476203e-12,4.921755578972991e-35,2.80906522260108e-25,4.375517330852875e-30,-3.2856745904387126e-63,5.222391178718383e-28,6.219494462350847e-17,-2.6198014380347458e-33,9.614167724908421e-22,-8.04321474106913e-79,-6.300369414003038e-37,1.5452576199315903e-27,-6.579146307584883e-36,1.2077082836175992e-26,2.7614586350467343e-24,-7.968454798417514e-53,1.346660814850285e-33,6.3174170745969315e-27,0.0003339999736718959,2.6327171966754865e-11,6.911017707284932e-22,1.1906132132077336e-23,-9.059680551188364e-56,2.5160097182047234e-34,2.3151761855849047e-41,2.888800554150471e-51,2.5323392278411054e-42,-2.048552838774148e-55,3.899244653309111e-17,8.931717154759781e-16,1.0336405715881104e-15,3.509999998964825e-06,1.492679515663849e-43,4.801980652906574e-37,2.224755239066529e-15,1.7799999977732187e-06,2.2223330317486817e-37,3.715002056055136e-31,-1.956052952444525e-62,3.541763775380207e-48,0.0,0.0,5.686674181772478e-25,1.8011824945653225e-18,2.3018698029426522e-36,2.2512006543084176e-19,1.8906866163157487e-50,1.366843364779226e-30,1.8906865978755622e-50,-3.811345002985512e-62,2.1041520285161189e-44,1.314813990679412e-30,1.021164569988083e-22,4.6827395546464105e-27,9.902417998327833e-42,4.712087066353697e-35,1.4387696723613753e-38,1.2855413968058053e-32,2.1108823469457083e-26,5.423370241020279e-47,-2.8723651520965e-53
0.007732564892420054,1.0012755654018526e-10,0.00017699999986957237,5.3190486978350064e-33,1.125795246656355e-26,7.525458956439795e-38,3.7594518984680864e-29,4.319651439439922e-43,8.434581881633397e-34,-3.506807436020429e-75,-9.34177689290139e-62,-2.1451414964113332e-70,6.360386033229511e-48,1.973835699797779e-38,3.466655567535567e-57,3.888348469222981e-43,3.373585704410552e-43,1.3997564157471045e-89,-1.1038900714408587e-73,-1.7546315061430394e-68,-8.81905138769745e-80,-6.0814140244311965e-90,-7.752450247887447e-76,1.0828013812581615e-20,3.762309786786405e-16,6.115408322255798e-23,2.4947547754499163e-15,-1.6425929551289017e-60,-1.4804600361815018e-59,2.9539107636210183e-28,1.2167277832115383e-19,-3.636413831857093e-80,-3.502571013454544e-79,-7.512237220807668e-57,-7.623360191812196e-52,-1.4804601744184276e-59,-9.648987624376138e-55,1.8966436310893135e-37,5.0630509379035164e-36,1.351315402617369e-30,1.703977229515609e-17,3.3897933391983083e-08,8.967293474514099e-26,2.260250982542728e-21,1.6247176831184577e-24,3.5445813861002615e-20,2.0305266306421406e-40,2.281419656959866e-36,5.32460949092682e-29,0.0001823349747541646,0.49999999627378744,5.031012224756443e-09,0.24999999441691081,4.929179574226893e-09,8.188958745101509e-17,7.058427567010997e-38,8.836006805433768e-37,1.3213396746512059e-28,9.92092447100509e-41,2.817950795029397e-49,1.5538422204577852e-38,1.97844838537103e-45,1.9846616587266547e-49,2.6164613678663014e-27,4.8508202147728174e-20,7.874809893234422e-27,2.2192440613979774e-18,0.0,2.7779723876127306e-47,8.659409186624457e-62,3.1253170755686046e-13,5.876692705443566e-25,3.7203205157741116e-28,-4.482614790911437e-72,4.972551139875149e-23,2.06650908751471e-12,6.340368891707634e-30,4.204485020103077e-24,7.689766424510804e-29,1.6573062942933339e-31,7.700950789277361e-23,2.376295587150869e-43,-1.3165860985930336e-60,1.705298072696812e-41,5.687036377953993e-32,0.10000000042200079,1.0681075108503324e-09,7.812801027213956e-15,1.7689583886187615e-32,2.806496354222893e-55,-2.116565403709711e-41,2.0266368758146093e-29,1.1101601661259623e-42,8.102891802535016e-25,-1.360664016716607e-59,8.106755642845354e-24,2.708666644507369e-23,5.788506039875265e-55,4.651671207249663e-37,1.8158795172820465e-41,2.255994547503455e-06,5.452496543730167e-12,6.179999725801537e-05,2.741854570503197e-12,2.8428286470212894e-34,8.494012394600771e-25,2.2035383994456838e-29,-1.0845552809161682e-63,2.630490918841295e-27,1.300566930179259e-16,1.6821236387612643e-34,2.9072601786816387e-21,-3.0301208474769664e-78,4.051683061159616e-38,7.782922770201436e-27,4.277101259715053e-37,2.5255048846378734e-26,8.350461156690607e-24,3.1596020225975582e-52,4.0723066876375376e-33,1.321069078309843e-26,0.0003339999619276291,3.807044674216311e-11,9.994146838875402e-22,3.6003223143225244e-23,5.834108390295141e-57,7.608334113166512e-34,7.514111907576698e-41,1.488981378417457e-50,7.6811800735206e-42,-4.9412365641246876e-55,5.638627021403747e-17,1.8677204260245116e-15,1.4947360357345368e-15,3.509999998503045e-06,7.405066694760399e-43,1.4521104500326934e-36,3.2171409030723934e-15,1.7799999967799292e-06,4.650391715369355e-37,1.1124471358014268e-30,-4.882524601308192e-62,1.076348097094586e-47,0.0,0.0,1.189184457747232e-24,2.6045541201935686e-18,6.960761808072064e-36,3.255413359596989e-19,9.523092938463648e-50,2.8582045167960123e-30,9.523092939655687e-50,-9.498707310429597e-62,6.362785510413339e-44,2.7578133225867213e-30,1.476840150734457e-22,9.792416741091756e-27,3.0020742270528187e-41,1.4249132085367952e-34,4.350821542187996e-38,3.885847817098214e-32,4.414180636127671e-26,2.7289163417108777e-46,2.0626880741198807e-54
0.011181939670698044,1.0018445760958392e-10,0.00017699999981139056,7.822417475261505e-33,1.638968872935692e-26,1.6006420926197752e-37,7.864936282488424e-29,2.2559675116846754e-42,2.5590576938951584e-33,6.436659764847688e-75,2.98461439773248e-62,1.0915446020440383e-70,2.7428433953741116e-47,5.973174853739936e-38,1.368114315929774e-54,2.034917824324194e-42,1.0212157384553278e-42,4.200414034699848e-89,-4.612605083216568e-74,1.1496469630533415e-66,1.7583498783919354e-79,1.3772963222209983e-89,3.928318439320482e-76,2.2564986557331224e-20,5.440391807649334e-16,8.869975138733082e-23,3.607528611375226e-15,5.248814184274643e-61,5.050330291435261e-59,8.932570488442321e-28,2.544317592562436e-19,2.0617364069207772e-79,6.180933861989784e-79,1.2595190880093335e-56,2.0334558463428085e-51,5.050327276827363e-59,1.7568901791158804e-52,9.867607745956885e-37,2.633972714536885e-35,4.086261991858753e-30,3.113459796113393e-17,3.389701155151471e-08,1.8660470859729836e-25,3.268752826388161e-21,3.3956478801625325e-24,5.125954101980295e-20,6.9049085872045305e-40,4.9417636030598864e-36,8.053024823820583e-29,0.00018233991502537617,0.4999999946116895,7.275412828482318e-09,0.24999999192630457,7.127655494904336e-09,1.7123982912958091e-16,3.672164255722154e-37,4.596925615630346e-36,3.9956214673059245e-28,5.161193767569888e-40,1.3671683012548624e-46,8.083935481948738e-38,1.0377151469622667e-44,9.567697584072807e-47,5.5116276379751795e-27,1.466817485831651e-19,1.6467405547430485e-26,3.2091857222730085e-18,0.0,1.445253581452293e-46,4.1655166270537965e-59,6.53531938709766e-13,3.0571544439278592e-24,7.779714165943551e-28,1.7164486305099042e-72,1.5036837691193597e-22,2.988246110722703e-12,1.9156385439630663e-29,8.792010373105572e-24,2.325312239317601e-28,3.8589466884427013e-31,1.6103731348502816e-22,1.2362370094155197e-42,3.0357570847084227e-60,5.191687028694091e-41,1.1964441681392976e-31,0.0999999999455264,1.5445733567227136e-09,1.6336780092353958e-14,3.72861481708492e-32,1.4722988988397155e-54,1.0437033290852107e-40,1.0542958262424494e-28,5.2909407450045676e-40,1.6944611310241435e-24,6.695514584855706e-59,1.6952655278850552e-23,5.664181857069043e-23,2.8105789843681554e-52,1.406652307115273e-36,8.627397018406074e-39,2.255992115234337e-06,7.88476566115754e-12,6.179999603481395e-05,3.964914072724437e-12,1.790552646487785e-33,2.5683815498032754e-24,1.1462428842462485e-28,8.966166548963775e-62,1.368548531348303e-26,2.7196065682424244e-16,8.136363743794395e-32,8.791222557894041e-21,-4.029668319018394e-78,1.956764588948235e-35,4.0488883113262117e-26,2.0438205459286744e-34,5.281216324418714e-26,2.525081033435499e-23,4.6508404111337136e-51,1.2314703725895443e-32,2.762555329506359e-26,0.00033399994494474043,5.5051272331365526e-11,1.4452865897164166e-21,1.0886939655613294e-22,2.8138564010095255e-54,2.3007215790626128e-33,2.5552027068515578e-40,7.958262926329053e-50,2.33660314445618e-41,1.3153987271785223e-54,8.153910581145901e-17,3.90556805117858e-15,2.161524090745526e-15,3.509999997835267e-06,3.815522185368159e-42,4.3911443698113013e-36,4.652167808707971e-15,1.7799999953435953e-06,9.73420962888671e-37,3.341143502571176e-30,1.117096986486586e-61,3.306700205997084e-47,0.0,0.0,2.4868052127833993e-24,3.766179967056415e-18,2.1048881305854311e-35,4.70757606935531e-19,4.954392034670939e-49,5.9767107449286406e-30,4.954392091948861e-49,2.1894156178353253e-61,1.9240173607642564e-43,5.792211619789377e-30,2.135949300960879e-22,2.047769139053781e-26,9.119629470309656e-41,4.3088265903219694e-34,1.3156812579707501e-37,1.1747308358487413e-31,9.230722559898534e-26,1.4188110084288895e-45,8.945027607521055e-52
0.016170025927839105,1.0026674147206332e-10,0.00017699999972725465,1.1703048299370016e-32,2.4024744605325885e-26,3.4533197519000788e-37,1.6457347118087372e-28,1.0082807920429789e-41,7.767595010687121e-33,3.995022179861731e-74,1.11377722928691e-60,2.7955655180559424e-69,1.1423303453841947e-46,1.8078477986613584e-37,9.321474808876484e-54,9.104430504250605e-42,3.091778486475098e-42,8.236494861007097e-89,2.917643212400205e-73,8.029294953725155e-66,2.1803355540326373e-78,1.3565134282120772e-88,1.0077241835711883e-74,4.707486625078136e-20,7.866794380026424e-16,1.290485962587115e-22,5.2165876495988495e-15,1.9584740144100977e-59,5.1366146114796256e-58,2.701191146613392e-27,5.320409883164382e-19,-7.782111315666373e-79,3.9073639540154686e-78,1.5035289528914637e-55,2.284371436593587e-50,5.136612966747053e-58,1.2105695112498651e-51,4.40107095369335e-36,1.1747440105308603e-34,1.2356463275351826e-29,5.860313489067551e-17,3.38956785369614e-08,3.8894020980791077e-25,4.7273928118725286e-21,7.098714865672322e-24,7.412960569095605e-20,2.351014025026634e-39,1.0855640688788772e-35,1.2708205420282715e-28,0.00018234705907195584,0.4999999922082719,1.052116396616673e-08,0.24999998832459264,1.0306451544434169e-08,3.5807661825064563e-16,1.637804935616773e-36,2.050246636082453e-35,1.2082387077841627e-27,2.3018743880346207e-39,9.323072083195709e-46,3.605486464499338e-37,4.648351051605559e-44,6.524308487237394e-46,1.168710987067942e-26,4.435415611396106e-19,3.4435736336751163e-26,4.640694154382e-18,0.0,6.445924208630556e-46,2.840487001125343e-58,1.3665738953926195e-12,1.36345733217696e-23,1.6268413519638335e-27,5.526554477979256e-71,4.547096887561185e-22,4.321046358398673e-12,5.789296658299399e-29,1.8384775360527643e-23,7.031495754490553e-28,9.26895486101668e-31,3.3674911758199773e-22,5.513595999389072e-42,3.6265607539722255e-59,1.5831753713035766e-40,2.5249249546613673e-31,0.09999999925649888,2.2335830680321132e-09,3.415968989602384e-14,7.913271997419565e-32,6.594650116369833e-54,9.546345867886077e-40,4.702056127531447e-28,3.6077972641919797e-39,3.543440590332915e-24,6.126583126123552e-58,3.5451118589287825e-23,1.1844507618025606e-22,1.9166121523631307e-51,4.253673175730765e-36,5.882800168499899e-38,2.2559885979720395e-06,1.1402027958942895e-11,6.179999426591214e-05,5.733519141966213e-12,8.772001611749131e-33,7.766171234402585e-24,5.111965406405249e-28,6.247537620135656e-61,6.103870379875428e-26,5.686870177014152e-16,5.548339530305875e-31,2.6583526491975036e-20,-6.008702945323447e-77,1.3343455367095213e-34,1.8057790497684083e-25,1.3936590005112799e-33,1.104381414309828e-25,7.635510062094269e-23,2.4225914083669493e-50,3.723984204316759e-32,5.77691118866319e-26,0.0003339999203867012,7.960501370346828e-11,2.090108182633325e-21,3.2920662145325913e-22,1.9187989030975608e-53,6.95725178651805e-33,8.700040467507452e-40,3.599210480781466e-49,7.114174890223525e-41,1.4788562600886286e-53,1.1791201959852747e-16,8.166762905115385e-15,3.125766623522697e-15,3.509999996869593e-06,1.6943814859796733e-41,1.327869591605634e-35,6.7272406983578266e-15,1.7799999932666326e-06,2.0384524150949677e-36,1.0055827153399106e-29,1.3379263476052996e-60,1.019667318072307e-46,0.0,0.0,5.200399680432224e-24,5.4457437807167746e-18,6.365025236591391e-35,6.807497582422169e-19,2.2096805155122377e-48,1.2497497336040623e-29,2.2096805545701994e-48,2.615831852456723e-60,5.8179252863516096e-43,1.2188598380922997e-29,3.089419321518427e-22,4.2822682292714116e-26,2.7719600476380506e-40,1.3029515422351224e-33,3.978596829828062e-37,3.5516351888771065e-31,1.9302813083658425e-25,6.326140869630322e-45,6.097145170772912e-51
0.023383218494029506,1.0038573112819317e-10,0.0001769999996055869,1.8099194043571962e-32,3.570451680321517e-26,7.681004109200142e-37,3.444929813996698e-28,4.446768861670846e-41,2.3614007521217106e-32,2.0340046707257582e-72,2.1773831639284246e-59,5.387634268962163e-68,5.435051597243951e-46,5.475297583360008e-37,6.081698821845839e-53,4.020575724957472e-41,9.365847600527151e-42,2.1473953409046333e-87,2.7265158398852645e-71,5.575732048890133e-65,2.4766147050230563e-77,2.7088034668418547e-87,1.947745025746394e-73,9.828147357344584e-20,1.1375063893051789e-15,1.8893072016295679e-22,7.543201659914489e-15,3.828569502210499e-58,5.357844473202741e-57,8.168332915588169e-27,1.1125329869424376e-18,7.042276500616717e-77,1.9861779850246965e-76,2.717332335408634e-54,2.3502402747695626e-49,5.357841953987385e-57,8.114433471453095e-51,1.9349801512246704e-35,5.164651670019141e-34,3.736430753765595e-29,1.131446523718014e-16,3.389375097846659e-08,8.116186289945531e-25,6.837255550465446e-21,1.484333049231952e-23,1.0720600095853696e-19,8.2455017510349e-39,2.4307606216034523e-35,2.1580398031977704e-28,0.00018235738996167058,0.4999999887329706,1.5215125656079578e-08,0.24999998311603486,1.49024528476087e-08,7.487554881386692e-16,7.200643966823667e-36,9.013910572737306e-35,3.653558871349469e-27,1.011995812965946e-38,6.085751778580266e-45,1.5851646118996026e-36,2.056029295424246e-43,4.2587153533805546e-45,2.5167635830751612e-26,1.3411685379403486e-18,7.200990707176458e-26,6.710711988962e-18,0.0,2.833973864812628e-45,1.854068076740728e-57,2.857525593557732e-12,5.994161319246441e-23,3.401921401595295e-27,1.058443046950535e-69,1.3750284504957532e-21,6.2481596319120126e-12,1.749898131810695e-28,3.8443319122674846e-23,2.1262205571062547e-27,2.3065588806948776e-30,7.041792229295813e-22,2.4240103213192783e-41,3.7587442518814746e-58,4.868772046853445e-40,5.356237409180928e-31,0.09999999826009559,3.2299490926312527e-09,7.142391850391441e-14,1.7050006427603756e-31,2.926045233718038e-53,9.571455742874216e-39,2.0671704784222136e-27,2.35483303737175e-38,7.410057037664161e-24,6.146180566595491e-57,7.413519183677106e-23,2.476817586345442e-22,1.2510985285403806e-50,1.2862935678745876e-35,3.83968351567882e-37,2.255983511722171e-06,1.6488277826943522e-11,6.179999170782748e-05,8.290983286739692e-12,4.4102103753632175e-32,2.3482629918721765e-23,2.247321512217148e-27,4.265929975917873e-60,2.683624621236355e-25,1.1891363792940317e-15,3.621644000296433e-30,8.038384650100199e-20,8.136038378648443e-76,8.710007556490351e-34,7.938857140971513e-25,9.096464016025807e-33,2.309422338058696e-25,2.3088377929518694e-22,3.5005076706311224e-49,1.1261415485474541e-31,1.208034424251873e-25,0.0003339998848750627,1.151076886137264e-10,3.0226859128899274e-21,9.954615809684917e-22,1.2525007220236315e-52,2.103819535921898e-32,3.051277383456526e-39,1.6206769692962362e-48,2.1737237153109888e-40,1.5221904707067647e-52,1.7050988987164699e-16,1.7076786057937794e-14,4.520165242030168e-15,3.5099999954731246e-06,7.428306692707511e-41,4.015428565806731e-35,9.72776834102154e-15,1.779999990263373e-06,4.2714280045767177e-36,3.030940164926225e-29,1.391911376864718e-59,3.207041026440021e-46,0.0,0.0,1.0875147611415038e-23,7.874022318284383e-18,1.9247188791955046e-34,9.844102299099922e-19,9.714876819262647e-48,2.6131968404762863e-29,9.7148770742034e-48,2.7115851449970683e-59,1.7592131421496475e-42,2.571862955698484e-29,4.468933762696492e-22,8.955076377698719e-26,8.442880257265335e-40,3.939969096265745e-33,1.2031189675028449e-36,1.0738470737776171e-30,4.0364959099220223e-25,2.7807527326317345e-44,3.9787261722112386e-50
0.0338141020663529,1.0055780074088235e-10,0.00017699999942964468,2.9715791884853377e-32,5.450814068031505e-26,1.8066302299503475e-36,7.215416680887426e-28,1.953438191245441e-40,7.195485758851371e-32,3.8447348391188266e-71,2.899110744940188e-58,7.166558347033596e-67,2.8703787208473097e-45,1.6603206827507582e-36,3.847950659722291e-52,1.7692356116647719e-40,2.8397774216329395e-41,4.768789204051998e-86,5.3357955531904454e-70,3.882135018409354e-64,2.5227019426289382e-76,3.872776248495593e-86,2.5961050772299664e-72,2.0529919602031356e-19,1.6447244684767688e-15,2.801136875682147e-22,1.0907219674516265e-14,5.097495932632943e-57,5.063062167147922e-56,2.4700766270900455e-26,2.3263340389028547e-18,1.9018852035843825e-75,3.7546850369220495e-75,3.5817497150395673e-53,2.153362230711667e-48,5.063058865327606e-56,5.366841666082589e-50,8.463249721496116e-35,2.2587794148887674e-33,1.1298270671952492e-28,2.2301044148326806e-16,3.3890963760580576e-08,1.6951445142170652e-24,9.889437105766276e-21,3.1043641461313374e-23,1.5504635863139314e-19,2.9931482662935196e-38,5.583266554219701e-35,4.0871387937427565e-28,0.00018237232929157785,0.49999998370789994,2.2003684200543363e-08,0.24999997558364717,2.154697384574583e-08,1.5656467273707598e-15,3.1493410006265537e-35,3.942383067998368e-34,1.1047703699158209e-26,4.425991382489079e-38,3.851586764872282e-44,6.933053428569424e-36,9.066529124037133e-43,2.6951999132334906e-44,5.595865996321534e-26,4.055260706303939e-18,1.5058205630494868e-25,9.703998494972214e-18,0.0,1.2394991046771631e-44,1.1733400565149012e-56,5.9749420347864315e-12,2.621478246674582e-22,7.11376881364664e-27,1.4043883337520236e-68,4.158038346757383e-21,9.03445075810152e-12,5.289904823152856e-28,8.038452586128e-23,6.42924919992964e-27,5.961621787079877e-30,1.4725000109206543e-21,1.0601556190037276e-40,3.449589223123872e-57,1.5216103856233804e-39,1.146083548912821e-30,0.09999999681918859,4.670778204230451e-09,1.493302622085576e-13,3.78336407094492e-31,1.3017705102046305e-52,8.729615246898242e-38,9.040580762566921e-27,1.4901860003486068e-37,1.5496087587345998e-23,5.609281546886486e-56,1.5503228812533373e-22,5.17924946398752e-22,7.918066544707053e-50,3.8896815068540364e-35,2.429784158154396e-36,2.255976156592353e-06,2.3843407645280546e-11,6.179998800840488e-05,1.1989108423927386e-11,2.2787308836057286e-31,7.100242302903936e-23,9.828225912721895e-27,2.8794057216138787e-59,1.1737626235129425e-24,2.4864353716145934e-15,2.2920029629234945e-29,2.4306052826373006e-19,3.5146099218460585e-74,5.512373730461154e-33,3.472040004750311e-24,5.756380839951666e-32,4.829325139612894e-25,6.981325709389022e-22,4.465505683849609e-48,3.4054933751748967e-31,2.526162932168321e-25,0.00033399983352507413,1.6643896856456415e-10,4.3715048232534476e-21,3.0100256409795353e-21,7.926791878940943e-52,6.361726125336986e-32,1.1076214931620883e-38,7.360683933875764e-48,6.680468630612315e-40,1.3950348185495462e-51,2.465699546429905e-16,3.570660183327218e-14,6.5366305972388675e-15,3.509999993453666e-06,3.242759560009086e-40,1.214245666414066e-34,1.4066360625143308e-14,1.7799999859208306e-06,8.958578149964062e-36,9.145003136407441e-29,1.2821664355464076e-58,1.0458435627570203e-45,0.0,0.0,2.274252259910607e-23,1.1384446853329637e-17,5.820076115171882e-34,1.4235165881450696e-18,4.2489712711512336e-47,5.463918527762104e-29,4.2489714324878685e-47,2.4889153540979625e-58,5.319315149076182e-42,5.447834332316089e-29,6.465325765792775e-22,1.8727008760626648e-25,2.5792755062815208e-39,1.1913803181170358e-32,3.6381979384796725e-36,3.246919054065255e-30,8.440865697417618e-25,1.2160422044820403e-43,2.5174643186594706e-49
0.048898037660883895,1.0080662904374298e-10,0.0001769999991752166,5.367533965698694e-32,8.7448956525892e-26,4.660233760321663e-36,1.5128402948544188e-27,8.597522558163922e-40,2.20020993560075e-31,7.301076249049703e-70,3.827704655705169e-57,9.466365950450008e-66,1.6504600680852794e-44,5.0472372569495315e-36,2.4330340117405806e-51,7.80557256702573e-40,8.623715983540182e-41,1.2583732815282983e-84,1.0278064719627179e-68,2.919217930007197e-63,2.7750400984467526e-75,5.937946453806267e-85,3.440769444795575e-71,4.2901419003469415e-19,2.3779803488562897e-15,4.257397539245877e-22,1.5770907550846187e-14,6.730035990223231e-56,4.95415874687687e-55,7.469400838895851e-26,4.864282376966188e-18,5.222928529119991e-74,7.130988639633291e-74,4.723203299579325e-52,1.9678037945607096e-47,4.9541541825073305e-55,3.7164803007710724e-49,3.701016235227884e-34,9.876826848423264e-33,3.416296618407828e-28,4.467108681914617e-16,3.3886933614439976e-08,3.543032009120121e-24,1.430553616566818e-20,6.493981553146359e-23,2.2424657072298195e-19,1.1291455455647604e-37,1.3261170973819849e-34,8.828271322254373e-28,0.00018239393280716605,0.49999997644228583,3.182196384198243e-08,0.2499999646903975,3.1151990641052094e-08,3.273652946070745e-15,1.3771643722248129e-34,1.7239350803602476e-33,3.340541513298501e-26,1.9353204629971027e-37,2.4356603564170052e-43,3.031749253789191e-35,4.0114528655245274e-42,1.7043130792207446e-43,1.3260585926109983e-25,1.2261229590297661e-17,3.148846159642763e-25,1.403226352380706e-17,0.0,5.420199020750767e-44,7.4193019100695455e-56,1.2492743673930194e-11,1.1462207920299246e-21,1.4875446547026817e-26,1.858292236357681e-67,1.2573728028427807e-20,1.306266518364665e-11,1.5992299611634601e-27,1.6807695295033905e-22,1.944014003648868e-26,1.601729687569727e-29,3.0790780311529914e-21,4.635714435232503e-40,3.154109293588138e-56,4.909465732456562e-39,2.4883694119414705e-30,0.0999999947354656,6.7543383249336125e-09,3.121871090775549e-13,8.862490118451362e-31,5.890938682323925e-52,7.973516878353096e-37,3.9529519737332834e-26,9.422210052017962e-37,3.240623033652323e-23,5.1288727004315125e-55,3.242086689063498e-22,1.0830124890943973e-21,5.00724943005739e-49,1.1762102750243948e-34,1.5362729227007983e-35,2.2559655204881696e-06,3.44795118295277e-11,6.1799982658275e-05,1.7336525406548287e-11,1.2232708601942692e-30,2.1467349821909704e-22,4.2972398344631265e-26,2.0317644456767168e-58,5.132880512816219e-24,5.19881203949614e-15,1.4493351245845078e-28,7.349274557014763e-19,1.3919355110684074e-72,3.485846982103585e-32,1.518167182592326e-23,3.639623190107679e-31,1.0098757645632363e-24,2.1108930729454216e-21,5.857926871044565e-47,1.0298403936236521e-30,5.282519822633943e-25,0.00033399975927458437,2.4065038952842327e-10,6.322497757858104e-21,9.101239944432158e-21,5.0126511238326654e-51,1.9236901108322996e-31,4.17841587736821e-38,3.4326506714786836e-47,2.0737304884233294e-39,1.2750728976685862e-50,3.5655738617361864e-16,7.465706957115445e-14,9.452708736412756e-15,3.5099999905332585e-06,1.4162294786082333e-39,3.671795802402108e-34,2.0339445298059194e-14,1.7799999796420367e-06,1.8813627262658305e-35,2.761252202112019e-28,1.1787097136875364e-57,3.645069171305271e-45,0.0,0.0,4.756082634907572e-23,1.6458578202483068e-17,1.759873284779938e-33,2.0584757367385685e-18,1.8580064077916148e-46,1.142383053165046e-28,1.8580065098066426e-46,2.2761880825868686e-57,1.608324306001371e-41,1.1602973808144996e-28,9.35540803778665e-22,3.9162721807474304e-25,7.914039040237616e-39,3.602448106830296e-32,1.1001774802191938e-35,9.817665546260011e-30,1.765092175560535e-24,5.3169931975543736e-43,1.5916165620878646e-48
0.07071067811865467,1.0116645813907961e-10,0.00017699999880729043,1.1004800927689845e-31,1.5239137346597856e-25,1.365458077685155e-35,3.177811342171921e-27,3.795831679790334e-39,6.762390365350956e-31,1.4080631486953854e-68,5.080855017897151e-56,1.2570817384167461e-64,1.001320483249764e-43,1.5418786398013435e-35,1.5395072928154966e-50,3.4581331981267945e-39,2.6257452969681225e-40,3.532675187969208e-83,2.01301000549752e-67,2.467254788788724e-62,3.458852602698371e-74,1.0277582982278093e-83,4.59550598393812e-70,8.967751144652267e-19,3.4378615156414547e-15,6.777362727382181e-22,2.280219129673524e-14,8.932983628119763e-55,5.228092258633196e-54,2.2587007858306056e-25,1.017062025821896e-17,1.488497804609131e-72,1.375394489400126e-72,6.269701784632068e-51,1.8018282184700074e-46,5.228085479571383e-54,2.8196095426158825e-48,1.6186270398204837e-33,4.3190179795863164e-32,1.0329578273314562e-27,9.057952443557141e-16,3.3881106531807424e-08,7.410156578999418e-24,2.0696575749337197e-20,1.3588365585071834e-22,3.2435565031813343e-19,4.429888635614959e-37,3.2910563976357924e-34,2.1581163260431117e-27,0.00018242517328209042,0.4999999659378144,4.6023058845832146e-08,0.24999994893620453,4.503429619953932e-08,6.844629712955195e-15,6.022625947616787e-34,7.539025598301342e-33,1.0100566060868565e-25,8.462890597754578e-37,1.5411830832239035e-42,1.3258586125629686e-34,1.7839233329482823e-41,1.07835032596437e-42,3.5201386945322197e-25,3.7069782428945277e-17,6.584543644638368e-25,2.029071520180929e-17,0.0,2.3703887598866033e-43,4.694064800303329e-55,2.611883860745501e-11,5.011925112159026e-21,3.110518187577589e-26,2.4844790985803533e-66,3.8022238731947235e-20,1.888571772960714e-11,4.834880652153818e-27,3.5141551638151513e-22,5.877869614846462e-26,4.4706905915537905e-29,6.438376616616008e-21,2.0271658202331585e-39,2.8891221819919267e-55,1.678206622948677e-38,5.53818568241673e-30,0.09999999172212201,9.767341531371786e-09,6.525722168880847e-13,2.2685271572723523e-30,2.75689644637341e-51,7.302850532990863e-36,1.7284723661884512e-25,5.960686886688521e-36,6.777094353924165e-23,4.7051785971401824e-54,6.780065969900956e-22,2.264597980076181e-21,3.168408034185691e-48,3.556735120560439e-34,9.718405770520742e-35,2.255950139854463e-06,4.986014553606348e-11,6.179997492058921e-05,2.5068539121122568e-11,6.80406232119176e-30,6.490110528404144e-22,1.8789603474351716e-25,1.5415365542530984e-57,2.2448264052712397e-23,1.0869365867028573e-14,9.17006153476251e-28,2.2220400401103214e-18,5.750038074226829e-71,2.205642874832942e-31,6.638569546362185e-23,2.30245946498863e-30,2.1117745126257762e-24,6.382211348083183e-21,7.771274353975131e-46,3.1143247366649963e-30,1.1046320301372434e-24,0.0003339996519144939,3.4792886691331024e-10,9.144816647949081e-21,2.7517479299710306e-20,3.1717271931938594e-50,5.8168259225895935e-31,1.6392800343073697e-37,1.6752515221373066e-46,6.54792899800751e-39,1.1677200265301594e-49,5.156047512426667e-16,1.5608619309020208e-13,1.366981125720765e-14,3.509999986309896e-06,6.1885363761284e-39,1.1103159241642839e-33,2.9409003517165636e-14,1.7799999705642269e-06,3.9584330224307064e-35,8.341702739718643e-28,1.0884168929165386e-56,1.4106510409127688e-44,0.0,0.0,9.946508910295108e-23,2.379152171969582e-17,5.3213477153148297e-33,2.9766265559309267e-18,8.12537543908705e-46,2.3882719995323583e-28,8.12537608449597e-46,2.085578656229844e-56,4.862543373683534e-41,2.4900930575039566e-28,1.3541254968252182e-21,8.190021225558292e-25,2.4432107340301155e-38,1.0892564360637436e-31,3.326880958883756e-35,2.968565908415203e-29,3.691006454380149e-24,2.325006981649562e-42,1.0068474155302488e-47
0.1022535921518125,1.0168680637010248e-10,0.00017699999827523467,2.5776157421261925e-31,2.984799873662968e-25,4.601032990333503e-35,6.697842903099828e-27,1.6831795022514263e-38,2.094270235343601e-30,2.69115493592806e-67,6.716136983663324e-55,1.6619636184152056e-63,6.267074912047337e-43,4.756239232306294e-35,9.73750219056908e-50,1.5411415569506252e-38,8.032061337895672e-40,9.795617625931714e-82,3.9305713827817593e-66,2.3808075751067405e-61,4.930224645242807e-73,2.0202831749890802e-82,6.134076497007448e-69,1.8749899593733313e-18,4.9695596405604465e-15,1.16689368534372e-21,3.296579985973649e-14,1.1807333218722187e-53,6.22818613004979e-53,6.830117329361866e-25,2.1264246973481696e-17,4.192685171193125e-71,2.628863095598453e-71,8.287525115656048e-50,1.6468642620669943e-45,6.228175000793722e-53,2.47033223952886e-47,7.078338243873893e-33,1.888362825271821e-31,3.123098430073491e-27,1.853325310994022e-15,3.387268185263525e-08,1.550859401736053e-23,2.994897604819288e-20,2.8443164952980246e-22,4.692047968657356e-19,1.8058475974281843e-36,8.656508187248752e-34,5.7847105784015325e-27,0.0001824703495818683,0.4999999507520995,6.656538264352519e-08,0.24999992615089436,6.509390361117401e-08,1.4309884569016898e-14,2.6334999476757707e-33,3.296508951727683e-32,3.0538761809059865e-25,3.7001301046844323e-36,9.746991545450029e-42,5.797625462512283e-34,7.987718202246963e-41,6.81926328426374e-42,1.1040520328472754e-24,1.1206341126817044e-16,1.376873867673186e-24,2.933974213196352e-17,0.0,1.036509095937569e-42,2.968246100222773e-54,5.4602090114243435e-11,2.1910879149147465e-20,6.504060697279621e-26,3.325336465646607e-65,1.149763119366336e-19,2.730198403990187e-11,1.4616986923588784e-26,7.346838934691078e-22,1.7771074585612036e-25,1.2947139707171623e-28,1.3462261487854594e-20,8.863334308409558e-39,2.641593203003431e-54,6.29213473902571e-38,1.284315378436658e-29,0.09999998736435475,1.4124397562791946e-08,1.3638443239601369e-12,6.55726248662703e-30,1.3695320134390895e-50,6.677540851918213e-35,7.556563474857203e-25,3.7685749897780287e-35,1.4173296875025674e-22,4.312701081535591e-53,1.4179244364526144e-21,4.735171836970354e-21,2.0038432870212874e-47,1.0755033352905863e-33,6.144004766283932e-34,2.2559278983060818e-06,7.210169391658111e-11,6.179996372926395e-05,3.62480062586403e-11,3.8993447002973406e-29,1.961911802793563e-21,8.21415229569562e-25,1.2885846769725042e-56,9.816604419099247e-23,2.2722990116948378e-14,5.798817615473151e-27,6.7177930278532e-18,2.2978945293733441e-69,1.3948781365737234e-30,2.902395824371171e-22,1.4556646701693267e-29,4.4159627160370884e-24,1.9294892294934204e-20,1.0272936850828079e-44,9.41811028854644e-30,2.309879864095952e-24,0.0003339994966886169,5.029842254678297e-10,1.3228257855503739e-20,8.319256141848523e-20,2.0058555291217838e-49,1.7588295309582987e-30,6.6825120382662615e-37,8.77518264848496e-46,2.128100771287445e-38,1.0674592184340909e-48,7.455932710778995e-16,3.2629941460709973e-13,1.9768531575572827e-14,3.5099999802021234e-06,2.704854495948929e-38,3.357445456862259e-33,4.2520480014106764e-14,1.7799999574408278e-06,8.351205471389903e-35,2.5209886455233664e-27,1.0069606073650142e-55,6.247627827166045e-44,0.0,0.0,2.0802099883813832e-22,3.438580144429707e-17,1.6089547644545521e-32,4.3042378997026434e-18,3.552918525599906e-45,4.992343888076766e-28,3.552918933689138e-45,1.907708519816224e-55,1.4699848727490558e-40,5.399957700449314e-28,1.960801725498745e-21,1.712806538260617e-24,7.606899375413012e-38,3.29337366273818e-31,1.006025525265149e-34,8.975962872587467e-29,7.718234035138584e-24,1.0165545627259677e-41,6.365647155584225e-47
0.14786730075483182,1.0243928431711644e-10,0.00017699999750582973,6.745234207972798e-31,6.6719593583016915e-25,1.750642317975756e-34,1.4206790919030947e-26,7.513623376103955e-38,6.559454339992567e-30,5.148360017861978e-66,8.883835651233688e-54,2.198209943955138e-62,4.005711747267283e-42,1.4952998827203103e-34,6.1607310748110585e-49,6.930042557851522e-38,2.4777723292127996e-39,2.72759403887495e-80,7.759056138945753e-65,2.6014706107528895e-60,7.994551790373057e-72,4.551392868587601e-81,8.24850316450048e-68,3.921100911402456e-18,7.18247799882027e-15,2.2505072908043873e-21,4.765441265308538e-14,1.5616836006198524e-52,8.848865681808526e-52,2.0653448905180186e-24,4.4454408797648654e-17,1.1936951500295063e-69,5.029270060541427e-70,1.0960193508344356e-48,1.505385375950773e-44,8.848844190080464e-52,2.606937471292394e-46,3.0954812554748887e-32,8.255830054484036e-31,9.441785000397583e-27,3.817020335926383e-15,3.386050276364429e-08,3.248317773049624e-23,4.3350474702077346e-20,5.956632987729269e-22,6.788420136900707e-19,7.641300920266714e-36,2.4633483900313694e-33,1.6418192404487447e-26,0.00018253567819556543,0.4999999288019617,9.62845680211019e-08,0.2499998931942705,9.406966360122218e-08,2.9914190378607025e-14,1.1515334288045678e-32,1.4414028316447443e-31,9.232592327779193e-25,1.6176704096220896e-35,6.165181330579544e-41,2.53513660024256e-33,3.611144791731144e-40,4.3127811455362615e-41,4.1787075473148864e-24,3.387244601232821e-16,2.8790837561844493e-24,4.242284342453563e-17,0.0,4.532368362352577e-42,1.877164655913019e-53,1.1413160906533069e-10,9.577886968793338e-20,1.359942885838993e-25,4.485646398068553e-64,3.476760115906349e-19,3.9463504797341996e-11,4.418880806456789e-26,1.535790994134759e-21,5.37240345422493e-25,3.886386144309119e-28,2.814746985340985e-20,3.875106824608982e-38,2.415691328747672e-53,2.6699173077540914e-37,3.176695767525728e-29,0.09999998106219961,2.04250668828144e-08,2.849634247385676e-12,2.1633990249593024e-29,7.48300578583428e-50,6.107210396281248e-34,3.3032685323871928e-24,2.3826290807342916e-34,2.9642577462064306e-22,3.958294520345798e-52,2.9654220821033314e-21,9.900600621881869e-21,1.2675004280114675e-46,3.252092238176856e-33,3.884146554681088e-33,2.2558957354530455e-06,1.0426454695339793e-10,6.179994754152844e-05,5.241095364047324e-11,2.2911547547871647e-28,5.929792140359651e-21,3.590536476490337e-24,1.2084388951263328e-55,4.292887877292219e-22,4.7497486665328516e-14,3.6672760560865434e-26,2.030738908758797e-17,9.20483110528831e-68,8.822455898831455e-30,1.2688359063397097e-21,9.202884252513583e-29,9.234292172921015e-24,5.832633255793632e-20,1.3588146893868403e-43,2.848211161473681e-29,4.8300800718468364e-24,0.0003339992722729555,7.270435896465244e-10,1.913771253586496e-20,2.514859099906852e-19,1.2686950094122772e-48,5.317925104859663e-30,2.8276338610905773e-36,5.0748774561787916e-45,7.253001170020489e-38,9.759219193230342e-48,1.078162476787522e-15,6.820367011703117e-13,2.858870432531754e-14,3.5099999713688607e-06,1.1825617064127575e-37,1.0152270570948554e-32,6.147269299664871e-14,1.7799999384713943e-06,1.768724796593681e-34,7.621114820923575e-27,9.370097118158918e-55,3.176052145282864e-43,0.0,0.0,4.350765436284736e-22,4.9685605964219806e-17,4.864519150958632e-32,6.22384129749782e-18,1.5535325742946412e-44,1.0434003901021903e-27,1.5535328323371577e-44,1.7456407742144854e-54,4.443279868247598e-40,1.1875425232014182e-27,2.8409631015165543e-21,3.582182000627799e-24,2.3959412891869948e-37,9.956821863231188e-31,3.042122655952195e-34,2.713969105083507e-28,1.613931174270394e-23,4.4445545537708983e-41,4.024723000140993e-46
0.21382856261966862,1.035274529458063e-10,0.00017699999639318967,1.9088952962866385e-30,1.6759356286134216e-24,7.281137904317068e-34,3.049726173615442e-26,3.387585295797562e-37,2.089316622645536e-29,9.83607107446991e-65,1.1745487547298198e-52,2.905307259449832e-61,2.6057449452481444e-41,4.872643870869348e-34,3.898361057048519e-48,3.1579817441632328e-37,7.764040151090922e-39,7.601173344376739e-79,1.5523451044260442e-63,3.118720821206883e-59,1.4307785322868054e-70,1.1428681031687112e-79,1.122500871392016e-66,8.201886311598015e-18,1.0378270775235281e-14,4.953192831236831e-21,6.887694706625337e-14,2.0644589270846617e-51,1.515775941188845e-50,6.245248084099944e-24,9.292339915533401e-17,3.436345633346958e-68,9.608320755375824e-69,1.4484383208579048e-47,1.3753829718469229e-43,1.5157709291375762e-50,3.28598988424093e-45,1.3537023778405032e-31,3.6089438837705154e-30,2.854121416881243e-26,7.898725664499565e-15,3.3842898523181554e-08,6.810509243874703e-23,6.277553276830602e-20,1.2483094454617453e-21,9.82356004124959e-19,3.3535473679195603e-35,7.797270063938278e-33,4.809302088184598e-26,0.00018263014862176995,0.49999989708043985,1.39288694326347e-07,0.2499998455212919,1.3590397430375137e-07,6.252493106653246e-14,5.034937423817423e-32,6.3021011016043585e-31,2.7909206171695997e-24,7.071449502187915e-35,3.8995292895832594e-40,1.1084864895802353e-32,1.6537939180750854e-39,2.727390348892321e-40,1.8564515701025866e-23,1.0236252319993304e-15,6.020081622156722e-24,6.133676953247856e-17,0.0,1.9817803545353706e-41,1.187191144206903e-52,2.3851610926213407e-10,4.1859544017333284e-19,2.8433738091689736e-25,6.109705809554561e-63,1.0513195091234407e-18,5.7031052110421925e-11,1.3357701508191954e-25,3.209920755889444e-21,1.6239304791892361e-24,1.20892993499402e-27,5.884794938240402e-20,1.6940292056634479e-37,2.208314808903081e-52,1.291366802887885e-36,8.60593075998452e-29,0.09999997194780012,2.9536364142545653e-08,5.95184567152675e-12,7.98439472345765e-29,4.634106696010878e-49,5.583912450525563e-33,1.4437188003183598e-23,1.5060507317950684e-33,6.199925238635452e-22,3.637632043579244e-51,6.2021254509113414e-21,2.0699514370719195e-20,8.017289930668053e-46,9.833332348196654e-33,2.4548664383014027e-32,2.255849225883294e-06,1.5077411670463526e-10,6.17999241240612e-05,7.577661247533881e-11,1.3728011333943566e-27,1.7918503598436482e-20,1.5691547964170168e-23,1.2647264837767772e-54,1.8772934663468497e-21,9.92646581492329e-14,2.3190343233271395e-25,6.137807189984393e-17,3.6732241382222873e-66,5.579870730381788e-29,5.546085031194696e-21,5.816785161706022e-28,1.9310369216305323e-23,1.7628539902947703e-19,1.796128580437986e-42,8.613763051667118e-29,1.009972317345858e-23,0.00033399894786188377,1.050710211982392e-09,2.7692596975725015e-20,7.601080100088959e-19,8.024135911402954e-48,1.6078032245609625e-29,1.240951345954379e-35,3.2945647369648966e-44,2.658491625701813e-37,8.91827104258909e-47,1.5590652167223859e-15,1.4253185370914915e-12,4.134531893274602e-14,3.509999958593318e-06,5.171272881993963e-37,3.069768091475917e-32,8.886228929477055e-14,1.7799999110569387e-06,3.7668585766968007e-34,2.3045138611182452e-26,8.789290981796693e-54,1.807223790794413e-42,0.0,0.0,9.100304693847583e-22,7.176778785928157e-17,1.4706124770527257e-31,8.999259029583222e-18,6.792445210873866e-44,2.1801693680745285e-27,6.792446842259262e-44,1.5971952611348085e-53,1.34279532171011e-39,2.659846720179818e-27,4.119714131688343e-21,7.492212984973069e-24,7.66344166444111e-37,3.0099235138752487e-30,9.1989576134919e-34,8.205601609635321e-28,3.374765646439232e-23,1.943073047934634e-40,2.5442005155704552e-45
0.3092140991185264,1.0510108275700126e-10,0.00017699999478418556,5.705647371866059e-30,4.571694552850875e-24,3.225447885756671e-33,6.695598181775701e-26,1.5505736700339454e-36,6.823183691984589e-29,1.881619039034698e-63,1.5542939982235898e-51,3.8421221906201485e-60,1.7291553998766875e-40,1.6911067209903316e-33,2.4678983205386816e-47,1.4680809209034762e-36,2.5052079885087245e-38,2.132282101319284e-77,3.1799497801773087e-62,3.989549689218405e-58,2.7665738163059724e-69,3.126296788839206e-78,1.565414316564424e-65,1.7160593423182322e-17,1.4990735372126447e-14,1.2291356149765825e-20,9.95279937972044e-14,2.731400467612234e-50,3.03110302915793e-49,1.8884095270304948e-23,1.942032010929531e-16,1.0118549544188989e-66,1.8379319123166474e-67,1.9153359439061904e-46,1.256616099545689e-42,3.031089155257756e-49,4.738021285021006e-44,5.92022564486302e-31,1.5773985100367565e-29,8.626175538162502e-26,1.640141857290184e-14,3.3817457501828085e-08,1.429838443402903e-22,9.096030832242727e-20,2.618594103303794e-21,1.4220140116139497e-18,1.5267113079624068e-34,2.826347767180006e-32,1.431986163270349e-25,0.00018276676028935665,0.4999998512506639,2.0153405537343319e-07,0.24999977655099884,1.962599188869446e-07,1.3065768306841503e-13,2.2013909416220193e-31,2.7552632433280167e-30,8.435313930273433e-24,3.0908255170772638e-34,2.4670393452558352e-39,4.846744407770435e-32,7.704364646153462e-39,1.7251064000774822e-39,9.222285822474495e-23,3.09248561305e-15,1.2587312072400111e-23,8.867673217398212e-17,0.0,8.665170794706741e-41,7.51223029938903e-52,4.983182593026648e-10,1.829021703683183e-18,5.944485406409306e-25,8.458526342681258e-62,3.1789625725599753e-18,8.239543589132481e-11,4.0373286670872064e-25,6.7074296153963354e-21,4.907779619012735e-24,3.899953510589071e-27,1.2302144311588309e-19,7.404791165580905e-37,2.0192037314894044e-51,6.962109119271695e-36,2.6023622063804675e-28,0.09999995876562659,4.271206499383862e-08,1.2424540256271337e-11,3.1811343284790804e-28,3.269831227739867e-48,5.106986429993055e-32,6.308515347426853e-23,9.519058240844447e-33,1.296860370465119e-21,3.3514632672170644e-50,1.2972518865336448e-20,4.327325767897186e-20,5.072364950204099e-45,2.9731678016904514e-32,1.5513456751814244e-31,2.2557819704325273e-06,2.1802956747122164e-10,6.179989024240414e-05,1.0955001314654704e-10,8.3502859232375e-27,5.412806101315982e-20,6.855896996079327e-23,1.4457264114828605e-53,8.209739976658929e-21,2.0739649675962625e-13,1.4666363185712906e-24,1.8546996794254605e-16,1.471242733229625e-64,3.5297383329348364e-28,2.4237751202528716e-20,3.676228443651719e-27,4.0384447764319444e-23,5.326793318808558e-19,2.375804318180188e-41,2.605142329604849e-28,2.1117895940567236e-23,0.00033399847897186603,1.5180450167095633e-09,4.0083160664190287e-20,2.29688527293996e-18,5.076047786069413e-47,4.860526991565776e-29,5.649314442992799e-35,2.38919987082598e-43,1.0754673667549855e-36,8.150372833129944e-46,2.2544836314502987e-15,2.977761902343572e-12,5.979643501138791e-14,3.5099999401148323e-06,2.261954674049002e-36,9.281770273161886e-32,1.2843464119559192e-13,1.7799998714487282e-06,8.085763797984899e-34,6.970286028769162e-26,8.351743358420406e-53,1.1152509892562927e-41,0.0,0.0,1.9036718147299868e-21,1.0361155851071354e-16,4.445308967641515e-31,1.3011720388887892e-17,2.9696976598768245e-43,4.55380523641463e-27,2.969698691282981e-43,1.462261829426382e-52,4.056893132481953e-39,6.096487962458776e-27,5.9813371720436136e-21,1.567133053801145e-23,2.5002857521628503e-36,9.097563876509475e-30,2.781583239386809e-33,2.4807743756466366e-27,7.056525836031962e-23,8.494089818638304e-40,1.6082752083020288e-44
0.44714961332713477,1.0737678090449007e-10,0.0001769999924573614,1.7881757551543108e-29,1.3103853162142343e-23,1.5040044203839975e-32,1.5311820319819343e-25,7.260906871141922e-36,2.311170822764628e-28,3.5973759164506237e-62,2.0568407453400213e-50,5.07904610632022e-59,1.1779944648882702e-39,6.470648672030875e-33,1.5630239977372932e-46,7.029313484167546e-36,8.532255839605612e-38,6.011017723186241e-76,6.726176513373231e-61,5.362782986302428e-57,5.731349080979407e-68,9.17111255153374e-77,2.281011707790182e-64,3.5916599603512786e-17,2.1642140011013864e-14,3.3265068006024234e-20,1.4377151240294816e-13,3.6135417090223195e-49,6.720883978963541e-48,5.709883052041557e-23,4.0576395097384064e-16,3.0663408931830767e-65,3.51346894961286e-66,2.531771433731695e-45,1.1474802426376894e-41,6.720840711730357e-48,7.452501510592031e-43,2.5892005684385113e-30,6.892907460446923e-29,2.606509322351543e-25,3.414324844623795e-14,3.37807014772753e-08,3.0075131463580456e-22,1.3191442848708228e-19,5.500730173320915e-21,2.0593568523035944e-18,7.2158204557574224e-34,1.1903762877197647e-31,4.299096120802257e-25,0.0001829643111655631,0.4999997850649905,2.916665578230559e-07,0.24999967674918555,2.832477955533556e-07,2.7294828489354756e-13,9.624161890500372e-31,1.2044593607526449e-29,2.5489050557749445e-23,1.3507017911318351e-33,1.5609905629366047e-38,2.1190432319371053e-31,3.667761517555135e-38,1.0913630178553652e-38,4.923029827646311e-22,9.338771550686747e-15,2.631711827142693e-23,1.2818926656944992e-16,0.0,3.788520621278987e-40,4.75925470860602e-51,1.0406833836108652e-09,7.988802109148244e-18,1.2426443071584958e-24,1.1988446559977132e-60,9.612192761226215e-18,1.1899142157917018e-10,1.2200274553060369e-24,1.4011116328439556e-20,1.4828090960966428e-23,1.3063572910737783e-26,2.5713951636773296e-19,3.236181803028786e-36,1.8459476161733848e-50,4.0374027270547136e-35,8.7836711799761e-28,0.09999993969896646,6.176523349319921e-08,2.591617760808051e-11,1.3252112320210251e-27,2.565286202842978e-47,4.670277403457096e-31,2.7556191109139154e-22,6.014873678075342e-32,2.7130105966832048e-21,3.0972471108821574e-49,2.713632075800322e-20,9.045293363900814e-20,3.209683349375603e-44,8.988979249562694e-32,9.800190994543685e-31,2.255684716109897e-06,3.1528389010296163e-10,6.17998412090888e-05,1.583571982493469e-10,5.1356895032054145e-26,1.6343252520992602e-19,2.9942647501992447e-22,1.7553357321232036e-52,3.590303823264933e-20,4.3315042581469573e-13,9.275382710229993e-24,5.602620062996883e-16,5.883249478761203e-63,2.2330662542576674e-27,1.0589438908282503e-19,2.3226535569681575e-26,8.448138163093767e-23,1.6090430046795869e-18,3.1417322488944692e-40,7.879445548849733e-28,4.4154220993253425e-23,0.00033399780140935543,2.192359519593635e-09,5.804170705025284e-20,6.938444651650309e-18,3.2114205439267955e-46,1.469182260210112e-28,2.669941570383405e-34,1.8898488665190108e-42,4.870079552831935e-36,7.445296629296184e-45,3.2602551821800443e-15,6.218500209674288e-12,8.648661784545621e-14,3.509999913385075e-06,9.896583043067998e-36,2.8062816081517954e-31,1.8558584072604075e-13,1.7799998142458599e-06,1.755058535527199e-33,2.1088447574400177e-25,8.087968017850433e-52,7.306092549289953e-41,0.0,0.0,3.98285456184667e-21,1.4947500909910682e-16,1.343465939122988e-30,1.881192845008428e-17,1.2982351531046158e-42,9.506807272563596e-27,1.298235805083917e-42,1.3391704430200546e-51,1.2251815558636654e-38,1.4367019149396347e-26,8.699329519162664e-21,3.278305545418603e-23,8.36055579412281e-36,2.749164728657542e-29,8.41072080290903e-33,7.499306600985251e-27,1.475450638320514e-22,3.7126003264330503e-39,1.0164299515118765e-43
0.646615976660124,1.1066783476835533e-10,0.0001769999890924336,5.933776886996529e-29,3.858339200138503e-23,7.39194961940391e-32,3.750370954468262e-25,3.5180102114762914e-35,8.243231620291464e-28,6.876331632621991e-61,2.7227979906642445e-49,6.712805825059278e-58,8.329373026715559e-39,2.805621106195995e-32,9.905968997659606e-46,3.512950254556583e-35,3.1924528539843503e-37,1.707801908287448e-74,1.4906963904273035e-59,7.5994235651472095e-56,1.291076868771806e-66,2.910751790612593e-75,3.5965155249163616e-63,7.520617557857357e-17,3.122186254433001e-14,9.490756756968038e-20,2.075833373988079e-13,4.78161800629075e-48,1.5922207981603643e-46,1.7263771630400517e-22,8.474718221503604e-16,9.699135025675629e-64,6.714958570743828e-65,3.3458905638230665e-44,1.0471535496596773e-40,1.5922062283106508e-46,1.23968715641292e-41,1.1324407163445446e-29,3.011088310648007e-28,7.87315022153436e-25,7.121486187077699e-14,3.372761984341028e-08,6.342633662346485e-22,1.9154538927011453e-19,1.157812565380973e-20,2.9842396870440454e-18,3.544675510542008e-33,5.751623845454552e-31,1.296096080486596e-24,0.0001832499840557393,0.4999996895383265,4.222566275538796e-07,0.2499995322920615,4.084317152397366e-07,5.699392726769906e-13,4.207066171875914e-30,5.264480066204848e-29,7.69944382774429e-23,5.901516640312719e-33,9.87949500242695e-38,9.263833273093857e-31,1.792771793691303e-37,6.910241222929927e-38,2.7557097129329376e-21,2.8184142951616893e-14,5.501828098849311e-23,1.8527887703707584e-16,0.0,1.6562460150830534e-39,3.025893911796742e-50,2.172073063237973e-09,3.487511271975428e-17,2.5972292534208092e-24,1.7624177476487733e-59,2.9062934898828625e-17,1.7173897339224317e-10,3.685672320505147e-24,2.925359906602941e-20,4.4783241744111025e-23,4.5481902635953065e-26,5.3736311220123845e-19,1.4141142942858614e-35,1.6875130308955895e-49,2.4428620514466026e-34,3.247057129250521e-27,0.09999991211840806,8.931771064250277e-08,5.399742514396799e-11,5.65166315587891e-27,2.1598652980476185e-46,4.2708850234345886e-30,1.2030826466451488e-21,3.7993232235166724e-31,5.676521939799295e-21,2.8750402549877245e-48,5.677268136828299e-20,1.8903613515445285e-19,2.031591680223025e-43,2.7174472154371025e-31,6.1881391198919606e-30,2.25554408385499e-06,4.5591614501013183e-10,6.179977022452715e-05,2.288696435848161e-10,3.1841069020349216e-25,4.9312670732264885e-19,1.3069870899500359e-21,2.2148097671206887e-51,1.5701611160991641e-19,9.041309250258671e-13,5.86618703330171e-23,1.6916183910052671e-15,2.3517451891271517e-61,1.4130040252135697e-26,4.624634662852936e-19,1.4668672709487532e-25,1.7688636402677282e-22,4.857982108365432e-18,4.154393135550502e-39,2.3833995322836523e-27,9.231393321992704e-23,0.00033399682262272545,3.164365989771744e-09,8.409657376234154e-20,2.094984809034879e-17,2.032148234325699e-45,4.440010608580288e-28,1.311444266988519e-33,1.585229333823616e-41,2.4523078324659153e-35,6.797905968547917e-44,4.715646297195498e-15,1.2978299706681738e-11,1.2510025292593989e-13,3.5099998747142208e-06,4.3314722309239845e-35,8.483903569894842e-31,2.680773182986418e-13,1.779999731680054e-06,3.8690403896240626e-33,6.382492348025879e-25,8.061269439489575e-51,5.048254493619799e-40,0.0,0.0,8.3347448580581e-21,2.1541177947184208e-16,4.059168562884425e-30,2.7195015998326024e-17,5.674585360495457e-42,1.9832224534914003e-26,5.674589481103474e-42,1.227211581151461e-50,3.6978712464213883e-38,3.494833884328961e-26,1.2683733408811073e-20,6.859009734709004e-23,2.8779706062865824e-35,8.305018888938352e-29,2.543059196970638e-32,2.266687760227854e-26,3.0849421120224295e-22,1.6223590999543624e-38,6.422190847806753e-43
0.9350611267692971,1.1542739967934642e-10,0.00017699998422616333,2.1360270622072315e-28,1.151969741793744e-22,3.87000754755038e-31,1.0166177765228943e-24,1.7909356763981242e-34,3.1489397440530938e-27,1.3141297939181853e-59,3.606191979442244e-48,8.869801459817364e-57,6.205661405922565e-38,1.3807347133923099e-31,6.284045755702254e-45,1.8628791391517064e-34,1.3818175944837334e-36,4.904472068909013e-73,3.520602549897113e-58,1.1573160173657986e-54,3.2743415594642883e-65,1.0294810313970447e-73,6.446473796542442e-62,1.575739190551542e-16,4.4994306074210544e-14,2.786825474882683e-19,2.995100188273522e-13,6.329345523971335e-47,3.940754260340172e-45,5.219285964489572e-22,1.7690408977370441e-15,3.256031800040032e-62,1.2831407821880472e-63,4.420573114075837e-43,9.547271847600955e-40,3.940702696907034e-45,2.1412311619489864e-40,4.9533301738026683e-29,1.3147495691281084e-27,2.3769396875810524e-24,1.4877508007547175e-13,3.3651006875804125e-08,1.3425719073722744e-21,2.7862023037522573e-19,2.4439324175729635e-20,4.32836315549846e-18,1.8107057891245976e-32,3.0838047155888735e-30,3.916342063206683e-24,0.00018366308622739733,0.4999995517800781,6.116223722275169e-07,0.24999932311361683,5.881946729041811e-07,1.1893001006425312e-12,1.8387582684300017e-29,2.30050906490196e-28,2.324623408739726e-22,2.578356459674149e-32,6.255041953091362e-37,4.049352526941447e-30,9.034138811271762e-37,4.3906666411933766e-37,1.5945045302006487e-20,8.498336134041731e-14,1.150065402110149e-22,2.677331098017831e-16,0.0,7.239795180633655e-39,1.9434901063074797e-49,4.529609012922763e-09,1.521314729872916e-16,5.4271722599253044e-24,2.7402148262787045e-58,8.786719661594184e-17,2.476549611479677e-10,1.1129529925428144e-23,6.103542294275645e-20,1.3517611193872658e-22,1.6456337151368965e-25,1.1226336432335575e-18,6.179171092937682e-35,1.5430282320191113e-48,1.5121023933955667e-33,1.2802022687678004e-26,0.0999998722168984,1.291608945480411e-07,1.1232318286788415e-10,2.4380318739149196e-26,1.896311370930504e-45,3.905670548134201e-29,5.248802625953973e-21,2.3986534254627223e-30,1.1879943798241918e-20,2.6852883489429065e-47,1.1880007590993265e-19,3.949583731114397e-19,1.2864397061902647e-42,8.213977378378249e-31,3.9047940274388645e-29,2.255340729638655e-06,6.592703613456391e-10,6.17996674122451e-05,3.306969390780742e-10,1.98544969759766e-24,1.4864516266001655e-18,5.700315971985222e-21,2.863006806981294e-50,6.867101650234319e-19,1.885691005750598e-12,3.710248241256075e-22,5.1040567570592766e-15,9.39814639756738e-60,8.943508233270128e-26,2.0184954549895026e-18,9.258605612283613e-25,3.7136750537474343e-22,1.4656675028626556e-17,5.493278794092301e-38,7.21026549625051e-27,1.9298751100875946e-22,0.00033399540935124167,4.563494072308972e-09,1.219530163795247e-19,6.321275011874609e-17,1.286296530025034e-44,1.341440833584068e-27,6.698010546408847e-33,1.378400456108359e-40,1.3419306129762344e-34,6.2025286846568365e-43,6.825219045300644e-15,2.7062578635407657e-11,1.8097515491339175e-13,3.5099998187565946e-06,1.8966436653274093e-34,2.5645314587458238e-30,3.870457526211868e-13,1.779999612604942e-06,8.71339501181798e-33,1.9325779751695967e-24,8.383320849193582e-50,3.6997555560390244e-39,0.0,0.0,1.744727890720019e-20,3.09961175707341e-16,1.225976549887182e-29,3.930822853158781e-17,2.4798633718074846e-41,4.1327696904484866e-26,2.47986597544292e-41,1.1256362921015564e-49,1.115151942496261e-37,8.796170459736954e-26,1.855757953732782e-20,1.4353934904604042e-22,1.023260330463758e-34,2.507751183062598e-28,7.688711303236741e-32,6.849676119744642e-26,6.450262273827746e-22,7.087309787208867e-38,4.0562909779412365e-42
1.3521770917433409,1.2231101763450337e-10,0.00017699997718849595,8.59175444538883e-28,3.464015008005616e-22,2.19019465475109e-30,3.1191088720561277e-24,9.754644941585255e-34,1.307220885135472e-26,2.510711207712553e-58,4.779612230504238e-47,1.1715598259304769e-55,4.957276684931779e-37,7.516950509573742e-31,3.9916294958169897e-44,1.0659953921351017e-33,7.226946056095902e-36,1.4288571723746912e-71,9.00331483824195e-57,1.9498334070706561e-53,9.806591197032601e-64,4.2488949959978837e-72,1.380440487527886e-60,3.3044624059603225e-16,6.474307447083261e-14,8.304580835183301e-19,4.3171296544032287e-13,8.381911710606966e-46,1.0056719744601974e-43,1.5777485607895381e-21,3.689811211336578e-15,1.1800874391554717e-60,2.4521575402341567e-62,5.838109961213393e-42,8.693120170312293e-39,1.0056530929222102e-43,3.7974916452025494e-39,2.1668251109895427e-28,5.736832961583066e-27,7.170835268356236e-24,3.112616368863969e-13,3.354052588058939e-08,2.856632934396305e-21,4.0627416913191346e-19,5.1794920840335567e-20,6.28575377185608e-18,9.609934951458787e-32,1.770441291903039e-29,1.1850609333100613e-23,0.00018426045638797,0.4999993533610631,8.865423547197072e-07,0.24999902004073127,8.45527702501864e-07,2.4793700003426472e-12,8.034642977450431e-29,1.004973613107039e-27,7.013552479224161e-22,1.1270790064631417e-31,3.962390530298595e-36,1.7696954944622565e-29,4.705931476234472e-36,2.8308309487434613e-36,9.451034492456969e-20,2.5592040912706247e-13,2.403592455087226e-22,3.8675520993511503e-16,0.0,3.1640953571365353e-38,1.2843583153025473e-48,9.434395524907175e-09,6.6289474104201085e-16,1.1336833111409888e-23,4.632561866059951e-57,2.6562546660466404e-16,3.5668322214791506e-10,3.358664791391127e-23,1.2721689573657438e-19,4.0768852091061817e-22,6.176778906975526e-25,2.3443456543998997e-18,2.701769630811091e-34,1.4124489830763086e-47,9.4713556872018e-33,5.258782990014889e-26,0.0999998144795576,1.867774562376938e-07,2.3310232386960596e-10,1.057038216487004e-25,1.7093201027827696e-44,3.571721796433642e-28,2.2875716866444672e-20,1.5132598684157236e-29,2.4870609881765895e-20,2.5292481907278697e-46,2.486689359267791e-19,8.248847134131524e-19,8.150790449466703e-42,2.4823390326575005e-30,2.46161959990409e-28,2.25504668707046e-06,9.533129295401313e-10,6.179951840001944e-05,4.776562729487299e-10,1.2429615441120206e-23,4.474299503333148e-18,2.4832234344214784e-20,3.761421392227915e-49,3.003484297765801e-18,3.928256978162212e-12,2.346834703534924e-21,1.5385018965236546e-14,3.754484945222605e-58,5.663069562166437e-25,8.80259952303175e-18,5.838976246974132e-24,7.860148075652254e-22,4.4174208799198215e-17,7.263366555397247e-37,2.181634837596018e-26,4.03421713285156e-22,0.0003339933700829548,6.573290176106091e-09,1.7707398211640244e-19,1.9054709757956245e-16,8.145413447990343e-44,4.051232989196401e-27,3.553792185054252e-32,1.2239900767239646e-39,7.769979907017421e-34,5.653661147149664e-42,9.89911756239229e-15,5.635995221790559e-11,2.618508964504724e-13,3.5099997377612713e-06,8.310233011184778e-34,7.750764828426152e-30,5.584148377460235e-13,1.7799994410832626e-06,2.0196123353172718e-32,5.855457394432137e-24,9.254847550083747e-49,2.913484135081954e-38,0.0,0.0,3.6539349588152564e-20,4.450302531023147e-16,3.700734734987154e-29,5.680514448270868e-17,1.0834147378027095e-40,8.598792134600704e-26,1.0834163823331363e-40,1.0337972723054539e-48,3.358795540706272e-37,2.291443659736411e-25,2.7283795085818375e-20,3.0048228996667916e-22,3.7633768874593767e-34,7.567378157849156e-28,2.3244072012433073e-31,2.069256590538409e-25,1.3489410437683151e-21,3.094716783587043e-37,2.5606096072164317e-41
1.9553618850060341,1.3226716173492382e-10,0.00017699996701011573,3.92727945511921e-27,1.0456213942410378e-21,1.3560377392694283e-29,1.0794673493636112e-23,5.779133430194234e-33,5.934867439277998e-26,4.794816698013958e-57,6.341225933621613e-46,1.5466103618342777e-54,4.311337778660449e-36,4.371038134323499e-30,2.5400035444621254e-43,6.659902300423915e-33,4.623476896447633e-35,4.240945365078317e-70,2.51675668079203e-55,3.718876517176036e-52,3.6128418941327124e-62,2.1421006006378405e-70,3.61873098677624e-59,6.938504378356888e-16,9.295537855644008e-14,2.492794895305803e-18,6.213685347973872e-13,1.1107244199142159e-44,2.624171793556281e-42,4.768614037518444e-21,7.687209133968053e-15,4.67432890582259e-59,4.693477961498227e-61,7.705677632330174e-41,7.900304758560248e-38,2.6241009385122678e-42,6.862288208122357e-38,9.480076241162937e-28,2.5008253128254234e-26,2.1610285713900992e-23,6.52202059503346e-13,3.338140252621163e-08,6.121963277439847e-21,5.944273607386537e-19,1.1039307504609682e-19,9.144207172528962e-18,5.285196530742822e-31,1.059551869850401e-28,3.590035693283056e-23,0.00018512428178957718,0.49999906806530275,1.2863326192858325e-06,0.24999858056701516,1.2122439614579614e-06,5.161706080193136e-12,3.5096017895633383e-28,4.388183642977395e-27,2.113864454645102e-21,4.939542034193747e-31,2.5119755491565075e-35,7.731987159854417e-29,2.535546282545514e-35,1.9366357498615308e-35,5.701944893961116e-19,7.692530941363257e-13,5.022115739467078e-22,5.584242376511574e-16,0.0,1.3824797325588152e-37,9.149207805942569e-48,1.9615518460843753e-08,2.883890139562813e-15,2.367005036486063e-23,8.82472046844908e-56,8.028706097261818e-16,5.127827627780793e-10,1.0126705196266299e-22,2.6477132848153647e-19,1.2281224003498892e-21,2.396655049737118e-24,4.8925441417454634e-18,1.1846974133495915e-33,1.2978950714336589e-46,5.970291173739848e-32,2.2140700586579353e-25,0.09999973091221943,2.700957790734133e-07,4.821176440027532e-10,4.590161676483633e-25,1.5815528769243197e-43,3.2663557259584206e-27,9.954927250362549e-20,9.536827651596206e-29,5.208983258653168e-20,2.409087940329499e-45,5.20725257421015e-19,1.721879842426741e-18,5.168664481256917e-41,7.499722992052523e-30,1.54968374121031e-27,2.254621528337117e-06,1.3784716628815453e-09,6.179930222025594e-05,6.895637434988419e-10,7.802281197632894e-23,1.3440239859894253e-17,1.0799278606694244e-19,5.003650396965424e-48,1.3137357324517547e-17,8.169479678920791e-12,1.4845889801011976e-20,4.630833107585196e-14,1.4991287650062516e-56,3.5880490442287314e-24,3.834101575248673e-17,3.677911620497743e-23,1.7034104459252576e-21,1.3294047572388631e-16,9.603201128862018e-36,6.602709773955335e-26,8.433176431997251e-22,0.0003339904303378898,9.45171453081698e-09,2.5759159786162565e-19,5.735674423752182e-16,5.161375392958638e-43,1.2228317029952409e-26,1.9535760920944289e-31,1.1001385184716135e-38,4.6592196544891216e-33,5.145922379084031e-41,1.4449635456321226e-14,1.1715969735795188e-10,3.7896264748390944e-13,3.5099996204766802e-06,3.644442607629554e-33,2.341913195988432e-29,8.04836500598328e-13,1.7799991944443795e-06,4.861057322780285e-32,1.7757174675005222e-23,1.103925813708183e-47,2.4998179612015417e-37,0.0,0.0,7.657330673719551e-20,6.369370411417176e-16,1.116213787179539e-28,8.206551318593439e-17,4.731263507271717e-40,1.785103434123278e-25,4.731273889132315e-40,9.511542355810363e-48,1.0098683338885163e-36,6.167763802347847e-25,4.0382231935116143e-20,6.293061306821941e-22,1.430699464654843e-33,2.2813862733448165e-27,7.026096017988569e-31,6.248334543513031e-25,2.8232775415336623e-21,1.3504482465635117e-36,1.6151831375785099e-40
2.8276178650570496,1.4666845737427928e-10,0.00017699995228855395,2.0210924157175352e-26,3.1634998909271748e-21,9.210790960092649e-29,4.102787751788036e-23,3.7553227506895783e-32,2.9323020152389564e-25,9.151431950913653e-56,8.42510033842766e-45,2.0401340648307782e-53,4.1113411337485133e-35,2.637745776858992e-29,1.6201340879186454e-42,4.548888363781966e-32,3.552278710994658e-34,1.2883022827122626e-68,7.67902760984875e-54,8.025877438400238e-51,1.653264700873559e-60,1.3453336552180265e-68,1.1493328435077732e-57,1.4595237100900315e-15,1.3304057958411874e-13,7.508741370762106e-18,8.924673221684975e-13,1.4732127387780116e-43,6.960421062411958e-41,1.4409140024745363e-20,1.5988431140598368e-14,2.028194714403984e-57,9.057961448819147e-60,1.0162034558344229e-39,7.160091584440723e-37,6.960150329389686e-41,1.2561104813909214e-36,4.148411062244405e-27,1.0886646141965991e-25,6.502539376183454e-23,1.369020819571354e-12,3.315263152869763e-08,1.3249274316888538e-20,8.737556149192303e-19,2.371467135567909e-19,1.333462165235143e-17,2.9996380587468803e-30,6.500422802040271e-28,1.0888820324411827e-22,0.0001863733982787477,0.49999865886498307,1.8690485945883615e-06,0.24999794257580737,1.7314394072689007e-06,1.0724546644396564e-11,1.5322471671036916e-27,1.914794692605591e-26,6.361626243137042e-21,2.184324731535168e-30,1.5942098546542494e-34,3.3768032729520477e-28,1.4108343114783785e-34,1.6239195539265989e-34,3.484676978461182e-18,2.3060445046936558e-12,1.0489348793894308e-21,8.057370290558309e-16,0.0,6.038109657416145e-37,7.706103632861003e-47,4.068006758861332e-08,1.2517361899537027e-14,4.9385591024702455e-23,1.9696221255805514e-54,2.4261536512382106e-15,7.352724776847518e-10,3.0494027632933527e-22,5.498892202615085e-19,3.693245115559203e-21,9.567878702538152e-24,1.0201300636273035e-17,5.246630477387957e-33,1.2073628237241479e-45,3.777612396097637e-31,9.457134596346819e-25,0.09999960991689565,3.9058092996102757e-07,9.922905556955693e-10,1.99227281115611e-24,1.5377282100024935e-42,2.987124091139429e-26,4.322751822280092e-19,6.0011863316515255e-28,1.0917092418650163e-19,2.3279328511077357e-44,1.0910760066700958e-18,3.591600975776103e-18,3.281579243358794e-40,2.264899967498972e-29,9.736372620292585e-27,2.2540068203410287e-06,1.9931796589701453e-09,6.179898817904424e-05,9.94732649336799e-10,4.905964467207172e-22,4.025330176139984e-17,4.684985607981378e-19,6.732188230582074e-47,5.7468685436635e-17,1.6948500555445045e-11,9.392672880759971e-20,1.390989944908755e-13,5.981916104426679e-55,2.2753666241470804e-23,1.6670564196522944e-16,2.312618538407141e-22,3.938945388774098e-21,3.9922155642578555e-16,1.2695679097834345e-34,1.999024964260091e-25,1.7634787591476555e-21,0.0003339861982397664,1.3556508786842548e-08,3.7582813181586713e-19,1.722971736393868e-15,3.273999500885672e-42,3.688543190891501e-26,1.1079627633334694e-30,9.95895098067801e-38,2.8521577733517023e-32,4.6740037343776836e-40,2.149999009195162e-14,2.429075112264506e-10,5.48647312924637e-13,3.5099994505422563e-06,1.6003027203449138e-32,7.073527414049007e-29,1.1582925136942278e-12,1.779998840681295e-06,1.2271635746155032e-31,5.391848691905402e-23,1.4398381920893795e-46,2.3546312998561286e-36,0.0,0.0,1.6061972314143908e-19,9.074626159239323e-16,3.3628328232333747e-28,1.1850638288870398e-16,2.0648561442708878e-39,3.6939741221354343e-25,2.0648626932946512e-39,8.772745534412151e-47,3.0285805927511715e-36,1.7098338366020163e-24,6.031386902152352e-20,1.318804501849421e-21,5.606732876939109e-33,6.86855911566674e-27,2.1233973586475866e-30,1.8855259116192555e-24,5.9248941886598864e-21,5.8874366502480825e-36,1.0176874448503661e-39
4.088973428448061,1.6750203652897456e-10,0.0001769999309941358,1.1376379391758987e-25,9.587643189458558e-21,6.80729360064428e-28,1.6572886756398406e-22,2.6654446295925893e-31,1.5549188325815622e-24,1.7451085263364537e-54,1.1216217139376735e-43,2.6880313721934054e-52,4.280246981249533e-34,1.6214524896362723e-28,1.0366496622185276e-41,3.363742471022467e-31,3.178693258578373e-33,4.022765254583464e-67,2.527566933196538e-52,1.9120574098991898e-49,9.150271311079501e-59,1.032743193281416e-66,4.293273659482321e-56,3.0779510996919522e-15,1.8955213219986194e-13,2.26526163941467e-17,1.277957797816867e-12,1.9564733324820216e-42,1.8683391770920804e-39,4.352301351267123e-20,3.317319198701432e-14,9.557970391633845e-56,1.8135069963436955e-58,1.3384650447493988e-38,6.463572995690381e-36,1.8682343488920436e-39,2.3176767538643524e-35,1.8157495488338803e-26,4.729820626366341e-25,1.9522486618784918e-22,2.880143566627524e-12,3.2824580674975386e-08,2.90550385921336e-20,1.292495696227005e-18,5.149976222547649e-19,1.951236692934024e-17,1.7479739085554345e-29,4.0500136917760465e-27,3.3076185568783736e-22,0.00018817962157515004,0.49999807398681,2.721047029113409e-06,0.2499970149416071,2.4596155216295594e-06,2.2218189277648223e-11,6.684609327080189e-27,8.347001345878746e-26,1.910365993652494e-20,9.929088364153295e-30,1.0133098377774561e-33,1.4738548460932272e-27,8.07928839697883e-34,2.115552442913e-33,2.1491524054476642e-17,6.8862290356093096e-12,2.1896257577811973e-21,1.1614155120491418e-15,0.0,2.6357073678263444e-36,8.487560295693755e-46,8.40582412303493e-08,5.415017576475156e-14,1.029330638327075e-22,5.3161686901734765e-53,7.328740603563965e-15,1.0503136634397599e-09,9.165880009170351e-22,1.138529867247141e-18,1.1078785090657846e-20,3.909528475657934e-23,2.124257762236314e-17,2.3963355702494644e-32,1.1650064354371558e-44,2.396864900884717e-30,4.073356337379569e-24,0.0999994346498294,5.64812271032573e-07,2.0280157407194158e-09,8.629215406584923e-24,1.6785620399147845e-41,2.731745802308322e-25,1.8712075189814054e-18,3.7680918904480574e-27,2.2907967508555967e-19,2.2896945258469017e-43,2.2880592261187715e-18,7.483904033169751e-18,2.087048439966601e-39,6.835784289397339e-29,6.099520085086391e-26,2.2531181237134972e-06,2.8818762865020813e-09,6.179853114588039e-05,1.433396321677741e-09,3.0876173510372783e-21,1.200439308119137e-16,2.0252761824922966e-18,9.167063512020839e-46,2.514229706419662e-16,3.503879974778707e-11,5.943558423793105e-19,4.165794665361993e-13,2.3845659382199726e-53,1.4448255904126986e-22,7.229884667601867e-16,1.4504487788379192e-21,1.0611800117122726e-20,1.1951576018705333e-15,1.678162591015618e-33,6.055293674941865e-25,3.693148899782017e-21,0.0003339801173426573,1.937395986747941e-08,5.51239836451154e-19,5.160481854434685e-15,2.0811441849616265e-41,1.11205897828358e-25,6.449409389208178e-30,9.054713230031416e-37,1.7668175015336596e-31,4.232505948051051e-39,3.37783236666778e-14,5.017117355526846e-10,7.94716775161543e-13,3.509999204112018e-06,7.039725833947254e-32,2.135331842310969e-28,1.6634393779432939e-12,1.7799983351046711e-06,3.2815260637843042e-31,1.6401400961944965e-22,2.0539517781742082e-45,2.4261727218809074e-35,0.0,0.0,3.3736137225871877e-19,1.2845028392859077e-15,1.01143211269939e-27,1.7101745527986951e-16,9.003396914381323e-39,7.608910221991116e-25,9.00343818045866e-39,8.117995773666753e-46,9.049444358061616e-36,4.863088558143693e-24,9.119968535859564e-20,2.766285849672627e-21,2.2556656922354897e-32,2.0639069784900227e-26,6.415354844069937e-30,5.684506695465109e-24,1.2539681296959274e-20,2.5632049507016974e-35,6.401821090677256e-39
5.912999739169831,1.9764605112393113e-10,0.00017699990018844408,6.7907512439303525e-25,2.910601080836286e-20,5.3905835310066965e-27,6.932570276972211e-22,2.0365364882920893e-30,8.697801499922973e-24,3.3233499381031434e-53,1.4973237572435142e-42,3.535537774603867e-51,4.800228674497302e-33,1.004287020363436e-27,6.662040153816773e-41,2.6489450374323507e-30,3.210322711865591e-32,1.2953082627911917e-65,8.824376583155504e-51,4.8662321771937474e-48,5.853788491955735e-57,9.275818989102161e-65,1.8243451522455393e-54,6.5142704416053745e-15,2.6833060444799983e-13,6.837203421518571e-17,1.821926801411999e-12,2.6027312131870507e-41,5.057557585644645e-38,1.3138461994896686e-19,6.85857633560593e-14,4.8189251653856797e-54,4.1805406340022566e-57,1.7596468648586574e-37,5.80162268915153e-35,5.057147759319875e-38,4.2919108960728505e-34,7.94970840416622e-26,2.049120607377876e-24,5.842192658235573e-22,6.077300651905273e-12,3.2355926913379746e-08,6.483631007988141e-20,1.9294268481629744e-18,1.1351594696240647e-18,2.8713084729215287e-17,1.0402748674271282e-28,2.550060179357186e-26,1.0067526956683615e-21,0.0001907913410665631,0.49999724205502166,3.9719210173310945e-06,0.24999566333759213,3.4670717301026375e-06,4.583690832792225e-11,2.9130239565297464e-26,3.633338861554802e-25,5.718612311786018e-20,4.866569368010382e-29,6.454610371971847e-33,6.4269068051763664e-27,4.740131155388117e-33,4.294595419598233e-32,1.3336489743646642e-16,2.0448519186021636e-11,4.567062395216394e-21,1.6716614446786312e-15,0.0,1.1495503884633235e-35,1.2210292121756453e-44,1.7278912495808108e-07,2.3312691392781317e-13,2.1421844632864736e-22,1.751077161697016e-51,2.2124867210299048e-14,1.4921367527732365e-09,2.7480742003149418e-21,2.3468327802958043e-18,3.311360207869318e-20,1.6267476436122596e-22,4.4150424002956105e-17,1.1920222875882097e-31,1.239775469729136e-43,1.5247967864485931e-29,1.7627545579683824e-23,0.0999991806222112,8.167647674281347e-07,4.1031375197559016e-09,3.724023608412189e-23,2.295475975079339e-40,2.4980705351289924e-24,8.063376192279441e-18,2.3585041194603238e-26,4.822404457951738e-19,2.2985922571181645e-42,4.803856822864758e-18,1.5573041237496922e-17,1.3305379662250264e-38,2.0612822390761404e-28,3.8051967068192563e-25,2.2518334551408087e-06,4.166544859190293e-09,6.179786440420222e-05,2.0622687323915637e-09,1.9436182836621288e-20,3.5580152632060675e-16,8.710505956140383e-18,1.2655614361305715e-44,1.1001061619853672e-15,7.20762660966077e-11,3.761731950010902e-18,1.2422677773843156e-12,9.490955571845602e-52,9.192371491744847e-22,3.1240483513879083e-15,9.063540771215575e-21,3.715610849259264e-20,3.562002112910008e-15,2.2177191269347344e-32,1.835538576830014e-24,7.774278672848012e-21,0.00033397140348436193,2.754512598961473e-08,8.181928917388404e-19,1.5390612445571477e-14,1.3300891780387638e-40,3.356856820237018e-25,3.832088970021251e-29,8.255910740568796e-36,1.1017771482163415e-30,3.815847092174686e-38,6.075748942891039e-14,1.0306126837764312e-09,1.1519947878644314e-12,3.5099988463131325e-06,3.1046316338205447e-31,6.440907640007422e-28,2.381609851620253e-12,1.7799976163413004e-06,9.371516940771476e-31,5.0017434799861495e-22,3.1658668127475367e-44,2.699113373145054e-34,0.0,0.0,7.099073908999408e-19,1.801433609400054e-15,3.0347002814350078e-27,2.4655902802142127e-16,3.9204696539445293e-38,1.5570052727659353e-24,3.9204956135798525e-38,7.543945392412485e-45,2.689811003518509e-35,1.4139498905152198e-23,1.4034681471450337e-19,5.810992962260706e-21,9.272700830953183e-32,6.184556433017059e-26,1.9373771530362584e-29,1.7114456063575942e-23,2.72246544924408e-20,1.113746650047831e-34,4.017662838632946e-38
8.550695309529694,2.4127212433050275e-10,0.00017699985561525592,4.203623601034418e-24,8.852989067783212e-20,4.499203431425673e-26,2.95359253895646e-21,1.6438592672233325e-29,5.0509370999421156e-23,6.316071520820342e-52,2.0063242274610014e-41,4.638003857459284e-50,5.704391023132877e-32,6.226634212184955e-27,4.3139256895090196e-40,2.1831924639759118e-29,3.554395814839811e-31,4.3063659723604356e-64,3.2132904236246536e-49,1.288062232076256e-46,4.141507775245575e-55,9.305655771007098e-63,8.544348378569509e-53,1.3855622799787406e-14,3.763913571214223e-13,2.0631389930529157e-16,2.580946628037192e-12,3.4703467102039024e-40,1.3767228067902017e-36,3.9624749451625396e-19,1.4107332563989935e-13,2.5587205851871467e-52,1.4066111699846143e-55,2.3069483577388194e-36,5.165019132961284e-34,1.3765614952708675e-36,7.942607715379206e-33,3.4814591822652786e-25,8.841936681811992e-24,1.7400373363217576e-21,1.2875002950191818e-11,3.169002933044306e-08,1.480605717256602e-19,2.926337573306153e-18,2.554873256948605e-18,4.277980464202253e-17,6.291100650060087e-28,1.6190672207765291e-25,3.0726844995676808e-21,0.0001945675832242307,0.4999960665576484,5.8180440588043615e-06,0.2499936886518087,4.833774111470775e-06,9.398775760635474e-11,1.2673503500753094e-25,1.5781235546285157e-24,1.7039380097289178e-19,2.823085552655342e-28,4.1236033883814175e-32,2.798545946936624e-26,2.835231644090829e-32,1.0688865307062306e-30,8.306322701067316e-16,6.023225778923666e-11,9.514322865979347e-21,2.4009473363825377e-15,0.0,5.007380952625896e-35,2.0740939011126526e-43,3.525627797963574e-07,9.966714388414328e-13,4.448363280233211e-22,6.88583556148274e-50,6.672728676864507e-14,2.103041181713654e-09,8.210304449538281e-21,4.806598804096688e-18,9.845712653071728e-20,6.861413074713392e-22,9.151265804431153e-17,7.174351222782778e-31,1.6250719162094183e-42,9.729296890549168e-29,7.646508850664335e-23,0.09999881219999625,1.1811078420587424e-06,8.182277821997736e-09,1.5982084351391568e-22,4.1918645298827266e-39,2.2840219024630485e-23,3.451990722763347e-17,1.4695286436049676e-25,1.0270285386070587e-18,2.358050551539497e-41,1.0102132424762667e-17,3.23486782399727e-17,8.510751738813389e-38,6.20734843694003e-28,2.3595485708956535e-24,2.2499766684305965e-06,6.023331569404461e-09,6.179688872820738e-05,2.9603497372497313e-09,1.2228140561368283e-19,1.045294785400807e-15,3.7188640200662005e-17,1.7764446491395215e-43,4.81405468417195e-15,1.4720915805399467e-10,2.381241250472518e-17,3.681875819732702e-12,3.768530077881934e-50,5.865520920321599e-21,1.3427849945549119e-14,5.633307447971041e-20,1.7201016021987286e-19,1.0547800354390274e-14,2.9295234047273316e-31,5.569647009861606e-24,1.66325322787967e-20,0.00033395896295074543,3.8875023789078384e-08,1.256764761016616e-18,4.562106630847147e-14,8.652472531691781e-40,1.0231259206029657e-24,2.31203002890735e-28,7.542316242082449e-35,6.893873202620962e-30,3.4182031814045354e-37,1.406936530791008e-13,2.1005530464900624e-09,1.6716484551893024e-12,3.5099983259080524e-06,1.3740303775143925e-30,1.9404949657183678e-27,3.394960857965976e-12,1.7799966021888924e-06,2.8720967998676917e-30,1.530701281167903e-21,5.171404150668563e-43,3.187831031091104e-33,0.0,0.0,1.4977339633404176e-18,2.4935595177733607e-15,9.073412040257523e-27,3.5495714054685024e-16,1.703727902528234e-37,3.156397514172976e-24,1.7037441938189141e-37,7.046461744095682e-44,7.93522513241463e-35,4.1922765590164354e-23,2.2252421479352094e-19,1.2243668301080621e-20,3.877182632292478e-31,1.8458964057449565e-25,5.846569498934386e-29,5.142607893009659e-23,6.346916287010852e-20,4.825704623029196e-34,2.5128634535136176e-37
12.365025114423291,3.044326980996392e-10,0.00017699979110490102,2.6643274193098264e-23,2.6991242255778644e-19,3.9047092510980033e-25,1.2691656799764321e-20,1.3775143942882249e-28,3.0063636303925643e-22,1.196632488184408e-50,2.701420670234397e-40,6.059595604352094e-49,7.078523073569134e-31,3.8469035889998594e-26,2.848861046465201e-39,1.855263876189708e-28,4.208264882658872e-30,1.4764021572074873e-62,1.203431419511263e-47,3.486023663320299e-45,3.1329901833865555e-53,1.0050886532777775e-60,4.2900638261681915e-51,2.967025236628686e-14,5.212386051288098e-13,6.219222274228798e-16,3.6225918836869786e-12,4.640483612541372e-39,3.7585796615147406e-35,1.1932597247154771e-18,2.8799766273257356e-13,1.412636173871186e-50,7.847230427355984e-54,3.0119338031556943e-35,4.5449333287716025e-33,3.757941927763084e-35,1.4619352995851736e-31,1.5248108277555824e-24,3.793761527287505e-23,5.146712244246356e-21,2.7423090578153382e-11,3.0751263449963744e-08,3.4934397258482793e-19,4.611739831396789e-18,5.9378596020561035e-18,6.620852220778979e-17,3.848778305202263e-27,1.0359109577757768e-24,9.412671887889746e-21,0.00020002713121496037,0.49999442030685803,8.559705401757897e-06,0.2499907940850718,6.635944678764434e-06,1.9101344641565907e-10,5.500078894813937e-25,6.832266017214365e-24,5.042664681218984e-19,2.128250207443934e-27,2.6448274327052913e-31,1.2158970463149588e-25,1.720578524307903e-31,2.802691639734722e-29,5.1805634437216076e-15,1.753589900325698e-10,1.9784703523339862e-20,3.437607141132283e-15,0.0,2.177004799928835e-34,3.798599850959586e-42,7.119023798658111e-07,4.2181012262816205e-12,9.207185241537312e-22,3.0938813148741275e-48,2.00908999594869e-13,2.9300991040429062e-09,2.4415392537761682e-20,9.755563021688296e-18,2.905474034217821e-19,2.921939019320434e-21,1.8897108595268046e-16,5.760824254262732e-30,2.860241362961228e-41,6.230833866649216e-28,3.3188450231503204e-22,0.0999982775313065,1.7079755692817287e-06,1.5983240346666616e-08,6.803078046453615e-22,9.551885888558435e-38,2.0874953942857602e-22,1.4639140080175017e-16,9.09657952913885e-25,2.290260975572353e-18,2.4685739137973633e-40,2.1289785135897323e-17,6.705505380752321e-17,5.4684961619872865e-37,1.8655278590589e-27,1.4503549793520056e-23,2.247293553062431e-06,8.706446937569978e-09,6.179545569236127e-05,4.235738911678504e-09,7.681673632128981e-19,3.0323230940738424e-15,1.571045748689956e-16,2.5485007526705733e-42,2.106625696485866e-14,2.9763555359858737e-10,1.50741386481147e-16,1.0817189889435837e-11,1.4907978526318288e-48,3.759094027713782e-20,5.727819880564415e-14,3.474038680506552e-19,9.538282686666958e-19,3.0945213449015387e-14,3.866959369819989e-30,1.6923917387869545e-23,3.730499293100369e-20,0.00033394129085034184,5.42952547118383e-08,2.1549885908990877e-18,1.3404874024925028e-13,5.994838152863427e-39,3.259659740328993e-24,1.4096354475516143e-27,6.899884584507176e-34,4.3180518266095356e-29,3.0335331148847266e-36,4.385537495186167e-13,4.233574661785246e-09,2.4293432352082372e-12,3.509997567130568e-06,6.110534992589744e-30,5.8358386581665236e-27,4.809356766869244e-12,1.779995186740537e-06,9.449771499730637e-30,4.707091167851185e-21,8.771765148555713e-42,3.936069103117086e-32,0.0,0.0,3.1710722126312376e-18,3.3892190743293105e-15,2.699111416896009e-26,5.098981709585082e-16,7.381755571770753e-37,6.314855595390371e-24,7.381857444294491e-37,6.618709227438964e-43,2.3161151940937243e-34,1.267935247148719e-22,3.775702028841226e-19,2.602381935596033e-20,1.6422799331126294e-30,5.478577505707928e-25,1.7623669696771959e-28,1.5409562469138853e-22,1.750038912999732e-19,2.0825068887049463e-33,1.5640093963151844e-36
17.88086705766717,3.9592145710195856e-10,0.00017699969770423545,1.7189457922901177e-22,8.252559614407753e-19,3.4903228159478795e-24,5.467617640968797e-20,1.1817698562302268e-27,1.8163015188073534e-21,2.256046987387947e-49,3.658996607718153e-39,7.866681140454247e-48,9.07280962617252e-30,2.35868894630172e-25,2.009535246731438e-38,1.6067947504313759e-27,5.227597659252416e-29,5.199659322115016e-61,4.584671078356743e-46,9.55854031772451e-44,2.4776561594105536e-51,1.139866243608874e-58,2.259231447082996e-49,6.410497108324296e-14,7.091501380926774e-13,1.870701079412399e-15,5.017132116767699e-12,6.225703300673165e-38,1.0260071389225562e-33,3.584408798139035e-18,5.814876426655324e-13,8.036598495516229e-49,5.898941926491879e-52,3.908120685642696e-34,3.9342792475978066e-32,1.0257545096140406e-33,2.6603410398482483e-30,6.675644228058647e-24,1.6149460859406883e-22,1.5068633958568465e-20,5.8822272638198e-11,2.944273133652942e-08,8.713785145597948e-19,8.146491939670198e-18,1.4657974059998246e-17,1.1653039606188522e-16,2.3724325362280923e-26,6.680688684064129e-24,2.897321984291925e-20,0.00020791919618399506,0.4999921409827498,1.2658819566914674e-05,0.24998653536366117,8.917067912684124e-06,3.8318308312776814e-10,2.3778566950449632e-24,2.943355744758788e-23,1.4773702484086821e-18,2.0503365062842907e-26,1.7049919656891224e-30,5.263959480046273e-25,1.0545009848037441e-30,7.356880291175766e-28,3.227455945896569e-14,5.020212373235323e-10,4.102806968565413e-20,4.899127615225032e-15,0.0,9.436632478981393e-34,7.166218979057633e-41,1.4167019044266215e-06,1.7591707821247712e-11,1.8964514727587746e-21,1.5159729419266725e-46,6.031565770113086e-13,4.01466015112769e-09,7.219408996768995e-20,1.956155233242299e-17,8.484016771019519e-19,1.2517735498614464e-20,3.8846986029662063e-16,5.994030950129773e-29,6.444583772845223e-40,4.0082115682987866e-27,1.4386577146711917e-21,0.09999750130440438,2.469864296577775e-06,3.032141518393529e-08,2.8621612795120695e-21,2.424033682402268e-36,1.9061835792915095e-21,6.12391387346481e-16,5.5781938471675784e-24,6.016999380324342e-18,2.6242807795260138e-39,4.499110614029572e-17,1.3869649541867378e-16,3.534590023172087e-36,5.589395798945961e-27,8.802526000306322e-23,2.243417529446803e-06,1.2582470553196896e-08,6.179334249187199e-05,6.032388749246759e-09,4.811537455036596e-18,8.639281220286582e-15,6.53714856075746e-16,3.787987137959598e-41,9.215775631015514e-14,5.932896299293027e-10,9.538869149923147e-16,3.138613967953992e-11,5.86284199551978e-47,2.424859916769921e-19,2.416705679514607e-13,2.1180839801036727e-18,5.732041975257945e-18,8.958133486127234e-14,5.097708654381826e-29,5.1527232421263815e-23,9.439992971683319e-20,0.00033391635088678146,7.472915801868183e-08,4.978865030528447e-18,3.889606879583521e-13,5.074758557480107e-38,1.2177297017791919e-23,8.646346183210435e-27,6.317074385035636e-33,2.7016482361244282e-28,2.6558268943424537e-35,1.685492431180044e-12,8.39775582834463e-09,3.537942015273636e-12,3.5099964569743608e-06,2.7350101433859903e-29,1.75031128353867e-26,6.752900494374883e-12,1.7799932418685807e-06,3.325037770032924e-29,1.4568101629051327e-20,1.5173615518398353e-40,5.0222366051728575e-31,0.0,0.0,6.745578500872526e-18,4.493327314672259e-15,7.970659461450445e-26,7.300147606399915e-16,3.183848825922078e-36,1.2404085607790121e-23,3.183912188583508e-36,6.247942615974548e-42,6.659233519256051e-34,3.946248990418368e-22,7.664773147253457e-19,5.710680921162873e-20,7.02317231696156e-30,1.6132311417591942e-24,5.302488874319368e-28,4.599420143966938e-22,6.39068025392398e-19,8.937226521668717e-33,9.666869023130144e-36
25.857238766221403,5.28540182207001e-10,0.00017699956240020212,1.1268388753589261e-21,2.5309780479055385e-18,3.1938149001311347e-23,2.350890606017898e-19,1.0270201030022918e-26,1.1051721243175713e-20,4.2198962246567804e-48,4.987886770558853e-38,1.010879302080316e-46,1.1923765942039892e-28,1.429030677092275e-24,1.738450575960416e-37,1.405287393939758e-26,6.723627642393969e-28,1.8689604604424473e-59,1.7599062556772713e-44,2.646532992827423e-42,2.0186292265617414e-49,1.3353727968842702e-56,1.2294655246105005e-47,1.4006660849933316e-13,9.4206982709673e-13,5.603462235351722e-15,6.815528063118911e-12,8.377935014918214e-37,2.787697260943285e-32,1.0721385263576831e-17,1.1551143099129837e-12,4.681498425648439e-47,4.89382515012228e-50,5.026212666873095e-33,3.3311723844306243e-31,2.7866978421662765e-32,4.745629564399927e-29,2.917705292388317e-23,6.799693998575671e-22,4.34577280213278e-20,1.2729022743482087e-10,2.7648426567939175e-08,2.4441624023847464e-18,1.9313686921780837e-17,4.146373617315776e-17,2.8764544086423295e-16,1.467711040861397e-25,4.344571774651358e-23,8.971241466949612e-20,0.00021932466056807267,0.49998902866544065,1.882523966091324e-05,0.24998024715864853,1.1639264657835525e-05,7.541257654490106e-10,1.0219310601164697e-23,1.2583658354284118e-22,4.263636941705399e-18,2.2553491683043913e-25,1.105838666843305e-29,2.2655879454889305e-24,6.495986785107797e-30,1.8989137548059984e-26,2.0017621210928027e-13,1.4028237252615637e-09,8.471818306646692e-20,6.9340051368859835e-15,0.0,4.071281284091388e-33,1.3663855357492124e-39,2.7634944535014172e-06,7.181905382625419e-11,3.8776923470493914e-21,7.804831269551957e-45,1.801402803503233e-12,5.368356036373577e-09,2.1240748970684076e-19,3.873182172200876e-17,2.4442968026976004e-18,5.3747591763839345e-20,7.970375169384239e-16,7.202981790636353e-28,1.6521692381515774e-38,2.591405112774149e-26,6.2122016073667395e-21,0.09999637467386327,3.5716061774134843e-06,5.521007545013115e-08,1.184961437840023e-20,6.369202052345182e-35,1.737276097533409e-20,2.5117375457186193e-15,3.374767362747974e-23,2.3426563623248817e-17,2.808664891616043e-38,9.539089005968356e-17,2.8643154295835734e-16,2.301508951808143e-35,1.6666946785191372e-26,5.245058541451213e-22,2.2378205492073044e-06,1.8179450792695666e-08,6.179021525993782e-05,8.533979758789237e-09,2.998172330339999e-17,2.3992544523318687e-14,2.6618617637905136e-15,6.082132083058907e-40,4.027504783915162e-13,1.1595651535796465e-09,6.027916662035559e-15,8.947218176836426e-11,2.283417073721355e-45,1.5790865655706725e-18,1.0038064808085838e-12,1.2698597412244078e-17,3.541577668700417e-17,2.5438957206821897e-13,6.70403756321855e-28,1.5734769404478106e-22,3.0205561100569797e-19,0.00033388143716913825,1.0079073000524894e-07,1.846079741957208e-17,1.1086099131919853e-12,6.50689151410932e-37,6.616941733961895e-23,5.311102291740048e-26,5.782021945312521e-32,1.6838241903828123e-27,2.2798390969143298e-34,7.166512896912765e-12,1.62876160355369e-08,5.167689163975093e-12,3.509994824991415e-06,1.2343071615983596e-28,5.227592672192739e-26,9.364393376656264e-12,1.779990628784852e-06,1.242593517247625e-28,4.545716723011338e-20,2.63574365355435e-39,6.570196693537409e-30,0.0,0.0,1.4435114058323618e-17,5.765241609874418e-15,2.3293235950685683e-25,1.0396451014239227e-15,1.3638261019568041e-35,2.376301582436169e-23,1.3638651951461238e-35,5.910834931957091e-41,1.8749132954151773e-33,1.3146998428170895e-21,2.2629828743316363e-18,1.4093865655339151e-19,3.0238692194759955e-29,4.698285197665341e-24,1.5903040927640581e-27,1.3657616097254093e-21,3.1050168991448445e-18,3.809191890014517e-32,5.918335577080132e-35
37.39174361383633,7.209761537933312e-10,0.00017699936623564715,7.505906740921124e-21,7.781099683878566e-18,2.979244611254086e-22,1.003954258240538e-18,8.965842329127157e-26,6.723545793852953e-20,7.791185547058676e-47,6.8339515499706425e-37,1.2774266003835843e-45,1.5984352701811007e-27,8.518507455217143e-24,2.2606594121924884e-36,1.2309756693740054e-25,8.87290475585542e-27,6.795349121593483e-58,6.740544010131474e-43,7.434678447843635e-41,1.678085876446164e-47,1.5992878309554332e-54,6.8850989676672314e-46,3.1003324806792106e-13,1.2136568825170962e-12,1.6652214368861766e-14,9.004658082801844e-12,1.1286060293212968e-35,7.480938008292349e-31,3.183247774566302e-17,2.2398667573006278e-12,2.777391728963055e-45,4.1556737447826645e-48,6.395415322438713e-32,2.7480067772866284e-30,7.4770110899338e-31,8.192282541559154e-28,1.269515149985957e-22,2.820193033899822e-21,1.2254221418555359e-19,2.7826522740934814e-10,2.5245586409466765e-08,8.76316250302828e-18,7.115937352806409e-17,1.5602127276373443e-16,1.1397919570534982e-15,9.07200152957364e-25,2.848048171247688e-22,2.795956771537164e-19,0.00023579992026264237,0.4999848446016138,2.8137108514960992e-05,0.24997093927836958,1.462414639269709e-05,1.4427381165322403e-09,4.35069149381516e-23,5.315754288589463e-22,1.202783353351146e-17,2.561386319844827e-24,7.218282518119902e-29,9.654930355716926e-24,3.999032335402015e-29,4.765434142003112e-25,1.2297185770905846e-12,3.78603845428682e-09,1.7375742651018876e-19,9.712601799370557e-15,0.0,1.743119581227201e-32,2.6082296572038717e-38,5.248268072250917e-06,2.8424209754711226e-10,7.84039166397841e-21,4.12189403845013e-43,5.330061991060424e-12,6.92808018460067e-09,6.27346671479648e-19,7.70285654971006e-17,6.969321579680062e-18,2.3020738108606934e-19,1.6652903587595279e-15,9.265604743936937e-27,4.438918505421566e-37,1.683139248568198e-25,2.6603685171984598e-20,0.0999947417013719,5.164789626239363e-06,9.49991180256339e-08,4.813944797518682e-20,1.671161420531354e-33,1.5770657071787695e-19,1.0012544874434372e-14,2.0025314268319583e-22,1.439391954831921e-16,2.99431329437326e-37,2.0293484263473157e-16,5.917711919472466e-16,1.5112416361353281e-34,4.932324740412986e-26,3.0429966439680223e-21,2.2297430944433958e-06,2.625690555660325e-08,6.178557929138087e-05,1.1958869975209273e-08,1.8515100695549317e-16,6.427985960365981e-14,1.0509988422764425e-14,1.1712094810258932e-38,1.7556917578488955e-12,2.206301098929058e-09,3.795928849941654e-14,2.488037798371041e-10,8.751515098917848e-44,1.0418201252932532e-17,4.076899433641292e-12,7.426039873942812e-17,2.1986878510981918e-16,7.027816334816806e-13,8.777638340828563e-27,4.828984610835007e-22,1.2927904843505092e-18,0.00033383300518373746,1.3226987501974506e-07,9.75969994916835e-17,3.0806875925175634e-12,1.2628713100779012e-35,5.541037805112616e-22,3.24929957895542e-25,5.279939587262761e-31,1.0408896169118787e-26,1.90285273256021e-33,3.175538566390353e-11,3.0614797856410136e-08,7.578978256662506e-12,3.5099924104946593e-06,5.625925007301099e-28,1.5509542364828267e-25,1.2763067746681476e-11,1.7799872283165525e-06,4.892384360337113e-28,1.4320933264870592e-19,4.5335126736586947e-38,8.764480613410599e-29,0.0,0.0,3.110660167389941e-17,7.105672979495582e-15,6.70806557277693e-25,1.4680534115420742e-15,5.781326758432461e-35,4.404508412074962e-23,5.781565005163661e-35,5.568581323366324e-40,5.129412849497629e-33,5.3605931899561514e-21,1.0237190720810774e-17,4.8331176898146855e-19,1.3075427786272998e-28,1.3476356566793273e-23,4.742949729065226e-27,4.031631493897988e-21,1.798676258149364e-17,1.6152588282735947e-31,3.5829966530038714e-34
54.07160846228208,1.0006058594421644e-09,0.00017699908150504268,5.079214573297982e-20,2.3911010102743367e-17,2.82078139579489e-21,4.2281354402881586e-18,7.802854942904581e-25,4.054277479272996e-19,1.4072021225606327e-45,9.357025092736226e-36,1.5697419463750677e-44,2.1741935142878288e-26,5.0008265218850885e-23,4.4395625710898455e-35,1.0700359803767025e-24,1.1924280900924106e-25,2.4689262849537597e-56,2.54143719370784e-41,2.18119757390438e-39,1.4109224450176645e-45,1.940849652262181e-52,4.0571794990372806e-44,6.950012393700007e-13,1.5077564342512976e-12,4.875969721240028e-14,1.1435548881523594e-11,1.5129637984105299e-34,1.955066123731975e-29,9.328918286222015e-17,4.189332284864256e-12,1.6650915904364837e-43,3.5033626230514e-46,8.111600325711571e-31,2.234705147646935e-29,1.9535495283920498e-29,1.3408294221847245e-26,5.467159675246057e-22,1.1456429271436624e-20,3.340153317240047e-19,6.143253096474817e-10,2.21360749347705e-08,4.484562419919098e-17,3.565874263917521e-16,8.650981236210995e-16,6.060358133721736e-15,5.567376792869388e-24,1.8764965011318398e-21,8.760528795389562e-19,0.0002595779574975006,0.49997930882936464,4.2191952888091976e-05,0.2499571603294493,1.752300704939961e-05,2.64575442366991e-09,1.8241636607378826e-22,2.2029640309474734e-21,3.2766435481009405e-17,2.821721146438597e-23,4.733685357193946e-28,4.0446861105458794e-23,2.4392004918358784e-28,1.1484467679494353e-23,7.418916727669203e-12,9.721834847812035e-09,3.5252026779195007e-19,1.3390661789456168e-14,0.0,7.36856904688492e-32,4.938567447203631e-37,9.627934548733254e-06,1.075055426404918e-09,1.5578659960283357e-20,2.2226418443622437e-41,1.5505409832158087e-11,8.488339922080024e-09,1.939720378020305e-18,1.6901177673144882e-16,2.038537856250548e-17,9.765525067912297e-19,3.883874175170112e-15,1.2991234812198583e-25,1.1988498104727067e-35,1.0951147802938005e-24,1.1208641060969791e-19,0.09999238136524005,7.468608101191621e-06,1.5151677491152693e-07,1.94323306771996e-19,4.2775541432079636e-32,1.420345320720743e-18,3.8303144178338284e-14,1.1556471361335094e-21,1.1112293128911183e-15,3.165337196573306e-36,4.327389486055058e-16,1.2282050943369214e-15,1.0002354814588392e-33,1.441676366640102e-25,1.6982812097503057e-20,2.2180949794735605e-06,3.7905020526438005e-08,6.177871996880459e-05,1.6535025670515152e-08,1.1259676825515458e-15,1.6384086355141184e-13,3.972586672580822e-14,3.115785802459297e-37,7.611782739616273e-12,4.0504623762031065e-09,2.371837426998453e-13,6.683429791991044e-10,3.2641670451218356e-42,6.983220193638189e-17,1.6034593609387415e-11,4.183583042725497e-16,1.3544087992236e-15,1.8664771124361903e-12,1.1399140714001533e-25,1.4971319015062624e-21,6.835556668808438e-18,0.00033376641900981013,1.6749414182143126e-07,5.952965020237673e-16,8.261317466120584e-12,2.9495076189159603e-34,5.7882702920586485e-21,1.964805356735614e-24,4.790681817153678e-30,6.332874674177457e-26,1.527839377270019e-32,1.4290091627402408e-10,5.512119617140766e-08,1.1176543859295519e-11,3.509988808283912e-06,2.591597302982803e-27,4.552064575807045e-25,1.699090256644175e-11,1.7799829985345003e-06,2.016344588639804e-27,4.555091776938165e-19,7.611313184575409e-37,1.1859736630912426e-27,0.0,0.0,6.750195966480557e-17,8.389313625897164e-15,1.8937444643401978e-24,2.0440215926195556e-15,2.4123930737931083e-34,7.832730542750621e-23,2.412535549613875e-34,5.1648937146939234e-39,1.350490851918638e-32,3.420299697717884e-20,5.89109462649604e-17,2.696448691537237e-18,5.662793926485409e-28,3.785674602974983e-23,1.4002732038280183e-26,1.1855644951486621e-20,1.1239616381419118e-16,6.937946062045207e-31,2.1587821744113374e-33
78.19209694774575,1.4077157361187391e-09,0.0001769986675320922,3.480639333668719e-19,7.287778587377692e-17,2.690356078527825e-20,1.734822191919962e-17,6.712571432145139e-24,2.3920410451886163e-18,2.447213859795539e-44,1.261518628734915e-34,1.8398614256919023e-43,2.9751962738609704e-25,2.987355625731459e-22,1.1773509377646844e-33,9.109726265910784e-24,1.6165435577023603e-24,8.808101632867689e-55,9.22943630163919e-40,7.44882960146966e-38,1.1856572758800735e-43,2.3607238966003244e-50,2.7899951656958806e-42,1.5698223217998072e-12,1.8074610867624397e-12,1.3893796880495233e-13,1.3748043951068431e-11,1.9908083337299756e-33,4.850052177003305e-28,2.6717732947030867e-16,7.421223829122384e-12,9.937730749498403e-42,2.841031638216071e-44,1.0798795914586663e-29,1.9339355098016864e-28,4.844408526731361e-28,2.0124346244667107e-25,2.3041424946212824e-21,4.5195396085761784e-20,8.6446519436444395e-19,1.3637369786245577e-09,1.8306291751846788e-08,3.046672842273614e-16,1.9734628488667274e-15,6.351719073607369e-15,3.5022825095930334e-14,3.3591672891236516e-23,1.2317311000583754e-20,2.7450794217476854e-18,0.00029384044457640045,0.49997210621502713,6.32767376490778e-05,0.24993683248692317,1.9889664236954667e-05,4.5503075264461344e-09,7.45905097453185e-22,8.851479403608772e-21,8.452469420802996e-17,2.876934827141188e-22,3.0993475492587466e-27,1.6441421997160726e-22,1.4528555191245344e-27,2.6156543540134885e-22,4.332558964556109e-11,2.3254842405721957e-08,7.024715634043903e-19,1.8014643020331063e-14,0.0,3.047366600050443e-31,9.136944520400037e-36,1.6923845951931007e-05,3.8037400420890534e-09,3.010978563189954e-20,1.2896153875450312e-39,4.373990269342908e-11,9.63592384038917e-09,7.249936582518718e-18,5.310061968342154e-16,7.128166561592406e-17,4.054757218823824e-18,1.2932666821070662e-14,2.374102913616961e-24,3.165139593422715e-34,7.080082296039378e-24,4.576769527443834e-19,0.09998898220123822,1.079999999889581e-05,2.192888790494519e-07,8.512877739934821e-19,1.0407635554147037e-30,1.2598401278369072e-17,1.3805662623347734e-13,6.4061760276114925e-21,8.939773186705481e-15,3.4317871591903524e-35,9.216887569872355e-16,2.5778100271264392e-15,6.646284257192517e-33,4.1272329616905174e-25,8.957823314831228e-20,2.2013162131855157e-06,5.468378681448481e-08,6.176865038671778e-05,2.2438230678771036e-08,6.672497745392553e-15,3.9014465556527217e-13,1.412076824542227e-13,1.2033959902412747e-35,3.2641339618862246e-11,7.09978730798086e-09,1.4585344496331832e-12,1.7113626285729463e-09,1.1624370071048233e-40,4.746217216019118e-16,6.021950991840174e-11,2.226535768652574e-15,8.177534181346863e-15,4.685357168429341e-12,1.4583894638812761e-24,4.755056768388223e-21,3.9702495407867525e-17,0.0003336755229277571,2.0299017489893647e-07,3.777439953331228e-15,2.10818545951412e-11,7.025068699653799e-33,6.335692300463621e-20,1.1605234458321999e-23,4.291027920430693e-29,3.7383539355853014e-25,1.1676663404936892e-31,6.432050708784297e-10,9.369471692671135e-08,1.660004448967638e-11,3.5099833776792395e-06,1.2042076234356043e-26,1.3122238116107995e-24,2.1930042996472182e-11,1.779978057057719e-06,8.731700859843107e-27,1.457212511591933e-18,1.2272663288897603e-35,1.6148269689608386e-26,0.0,0.0,1.4712250045471513e-16,9.584831408069146e-15,5.21153364659081e-24,2.778855633830281e-15,9.833360810044787e-34,1.3278235695916838e-22,9.834188154755865e-34,4.6342076999094943e-38,3.3833751400548985e-32,3.5435359462371342e-19,3.6614315738705355e-16,2.0521638092700786e-17,2.446625089330663e-27,1.0333724346596704e-22,4.057026290685477e-26,3.512487883687733e-20,7.183395219483623e-16,3.280628808488062e-30,1.3554971259320526e-32
113.07235347641867,2.001898597721996e-09,0.00017699806417293814,2.3904104754776223e-18,2.1652540791250356e-16,2.544623487426685e-19,6.785578519631162e-17,5.643051169188716e-23,1.3511800428407518e-17,3.984383892957519e-43,1.6225010339580924e-33,1.9903265578295113e-42,4.0271718051378156e-24,2.1129139947282793e-21,4.6310226118642156e-32,7.432011374428876e-23,2.1739061755177437e-23,3.0029628290947097e-53,3.10784258802291e-38,3.744858819727569e-36,9.749358314540836e-42,2.824359736960215e-48,2.8059138863794747e-40,3.5218106913650074e-12,2.126365808487507e-12,3.7697630456515397e-13,1.5383529705609255e-11,2.5009866590237856e-32,1.0913739783059917e-26,7.350021997213059e-16,1.21097621368326e-11,5.7300587008151985e-40,2.097904286245955e-42,1.784811189310171e-28,2.1771150480178674e-27,1.0894241574808522e-26,2.6220529013205672e-24,9.307233732302959e-21,1.7069041579111063e-19,2.0649832139486317e-18,3.006395272945564e-09,1.3915388419517789e-08,2.3308853828847412e-15,1.0841160347883296e-14,5.2052183787762313e-14,1.9920474221483602e-13,1.964326369283745e-22,7.891733994172087e-20,8.484214112458648e-18,0.00034306178238363924,0.49996297827539415,9.456579807280829e-05,0.249907056683019,2.1396572766626435e-05,7.087096118136945e-09,2.9261816574960152e-21,3.383232576510635e-20,1.999001086644151e-16,2.577807053658763e-21,1.9953096653102754e-26,6.335037543922835e-22,8.234870527696309e-27,5.509654373976678e-21,2.3904456759385565e-10,5.032830991010191e-08,1.3582616134236578e-18,2.332499172765911e-14,0.0,1.212569363400311e-30,1.6067691045666808e-34,2.8310997216365932e-05,1.2192642298191004e-08,5.564599402735041e-20,9.784122146469223e-38,1.167581693416229e-10,9.774362020058155e-09,4.2068901329735816e-17,2.7845667701234453e-15,3.916176527700806e-16,1.6165226692521545e-17,7.189094710451315e-14,7.014761883447991e-23,7.89881256666404e-33,4.4663926485819374e-23,1.761614509309684e-18,0.09998410119008024,1.5617214071389406e-05,2.830859645304173e-07,5.314033853844537e-18,2.3162148741020218e-29,1.086131644188121e-16,4.564189332157572e-13,3.347775256787897e-20,6.89070157293172e-14,4.4841275387886585e-34,1.9445610264843278e-15,5.5121275660253515e-15,4.3839640339178365e-32,1.1400247812105091e-24,4.351778601463823e-19,2.1771853991645626e-06,7.881460083543822e-08,6.175410689212649e-05,2.967682974219737e-08,3.788653155669453e-14,8.484744523737028e-13,4.604599599056782e-13,7.250169911929612e-34,1.3710510251555648e-10,1.174336819286052e-08,8.696433368779485e-12,4.101544610738e-09,3.8272211118331776e-39,3.2232681058564647e-15,2.1148596832423837e-10,1.0845504314915871e-14,4.754334028837547e-14,1.0849411642864053e-11,1.816180398864962e-23,1.6023779211051553e-20,2.3481296796931847e-16,0.0003335521214560662,2.3425696474421732e-07,2.3906327443012746e-14,5.024143063118846e-11,1.5645474198742666e-31,6.776115594226034e-19,6.578898193318082e-23,3.7773226060722536e-28,2.084847221265471e-24,8.460393972885397e-31,2.84250423059878e-09,1.479067947534354e-07,2.4874745818366308e-11,3.5099750896770817e-06,5.601837319772916e-26,3.668307051014167e-24,2.7232835670688068e-11,1.779972749840424e-06,4.18798802566737e-26,4.6335220822935845e-18,1.8637603762667811e-34,2.177577650706902e-25,0.0,0.0,3.194666986789603e-16,1.0922053877589735e-14,1.3917361338801672e-23,3.6254595440173905e-15,3.874000153430932e-33,2.142618668881061e-22,3.874458680468368e-33,3.926765864318138e-37,7.964787880974392e-32,4.638194037570516e-18,2.2783349453118757e-15,1.6932018168777695e-16,1.0469071549148647e-26,2.709210736899735e-22,1.1345130381752086e-25,1.0829822180415054e-19,4.5482699447854946e-15,2.1690429295337894e-29,1.0590235503300139e-31
163.5121402261457,2.871782916556337e-09,0.00017699718121847181,1.6059422487699765e-17,6.05964431984227e-16,2.3127973236553495e-18,2.4339093483849244e-16,4.5514529075763e-22,7.030826914764698e-17,5.783451646518172e-42,1.8743462821946007e-32,1.8822232138057412e-41,5.2137025089671053e-23,2.325605826278013e-20,2.791529152369547e-30,5.589448393842492e-22,2.8070563316160944e-22,9.362622214157304e-52,9.074551230335643e-37,3.0092469150704055e-34,7.534837152328403e-40,3.20821723001577e-46,4.398254801760158e-38,7.618277113250166e-12,2.5626685933941514e-12,9.392741293415443e-13,1.583954235281789e-11,2.854218001309151e-31,2.0609146938831433e-25,1.8877181606126662e-15,1.745845483866669e-11,3.0151016628682116e-38,1.279444031969237e-40,4.342814521295365e-27,3.4942808485696445e-26,2.0550603198978138e-25,2.710832031841296e-23,3.473434772372109e-20,6.012494196863961e-19,4.350763185162612e-18,6.408214549657651e-09,9.378673648461974e-09,1.8014401565386705e-14,5.617819654051123e-14,4.2978584322135384e-13,1.0539835365747176e-12,1.112218543642908e-21,4.73672824031246e-19,2.5116198822564935e-17,0.0004133797137031802,0.4999521723153187,0.00014043780624542005,0.24986386150565515,2.2062891541688067e-05,9.434773678215195e-09,1.0721927623991939e-20,1.1949544870419763e-19,4.106516578688449e-16,1.8970422057192627e-20,1.2237115636509127e-25,2.220012747282933e-21,4.2411365900918375e-26,1.0406985775351548e-19,1.1975380746184396e-09,9.484066069746356e-08,2.495800617573966e-18,2.8447259162453814e-14,0.0,4.5020897457896056e-30,2.55665201099444e-33,4.487681102688312e-05,3.3723341073837764e-08,9.553670470267314e-20,1.1572890881605156e-35,2.826487764388089e-10,8.395689347226436e-09,3.84072909802554e-16,1.8490388322442406e-14,3.233098928814127e-15,6.016119298271769e-17,5.148978257613331e-13,2.725023944227603e-21,1.7683740288867683e-31,2.65164456520443e-22,6.082473348284056e-18,0.09997709316947774,2.258276677838493e-05,3.2555386006946816e-07,5.597148361723532e-17,4.452297117029442e-28,8.893624054470132e-16,1.3306388618463008e-12,1.6009390357318975e-19,4.810859300785573e-13,9.336001551693478e-33,3.997115813033725e-15,1.20479040080084e-14,2.79985317607467e-31,2.9573021897614066e-24,1.8756430841140713e-18,2.142564432583084e-06,1.134355674169151e-07,6.173370217311542e-05,3.7927666600408525e-08,2.0079265500405487e-13,1.6411401544925372e-12,1.3302352059994728e-12,7.64122130100047e-32,5.546220054963952e-10,1.8099276048600452e-08,4.897143740922061e-11,8.96456188210337e-09,1.1052846966946481e-37,2.1026474916514993e-14,6.722573531515075e-10,4.5889865583476677e-14,2.5886027184468156e-13,2.2372209287176246e-11,2.1561980334894694e-22,6.111225597424493e-20,1.3509326497770213e-15,0.0003333863137999843,2.5817488014266206e-07,1.4600427596477525e-13,1.0904540381033093e-10,3.009582888724699e-30,6.846316826894527e-18,3.5242527461593505e-22,3.336853185788574e-27,1.0459861964550819e-23,5.855675512681588e-30,1.1952964898320147e-08,2.135519469824803e-07,3.765450443530602e-11,3.509962272061887e-06,2.5623807340312014e-25,9.720423098829448e-24,3.235875572473856e-11,1.7799676083162558e-06,2.737085324355183e-25,1.425878532379045e-17,2.601459134084611e-33,2.8165856712634002e-24,0.0,0.0,6.787000776772304e-16,1.289123376944552e-14,3.596933684766022e-23,4.405359406470387e-15,1.4525891839498323e-32,3.301427889051924e-22,1.452824367872158e-32,3.0458904768587855e-36,1.7347808630638273e-31,6.338457804540317e-17,1.3528320695552703e-14,1.3467647102361214e-15,4.370684539258898e-26,6.691676686712125e-22,2.966958643541509e-25,3.669949533862184e-19,2.755373155449055e-14,2.5161279582038214e-28,1.3868299273379236e-30
236.45231729355083,4.149841472800055e-09,0.00017699587840061556,1.0066973108515052e-16,1.5033468367664334e-15,1.9040057910878193e-17,7.488540271228521e-16,3.405597555940929e-21,3.1473362060050254e-16,6.893777345501489e-41,1.753253348993507e-31,1.4298655354966924e-40,6.056428760859144e-22,3.6835330192921897e-19,1.9204070088310642e-28,3.612654818655975e-21,3.2714967033432743e-21,2.485621799520911e-50,2.0469953010603636e-35,2.917254499615997e-32,5.073836361426812e-38,3.237933806865901e-44,7.949314609835782e-36,1.5098785390945424e-11,3.3298309104023587e-12,2.0307239690217697e-12,1.5135025697658772e-11,2.7347534108317733e-30,2.878104133599589e-24,4.333580333066247e-15,2.096602724712511e-11,1.308596940836737e-36,5.4828393577036795e-39,1.269262790056936e-25,5.960630049200248e-25,2.8644221640142743e-24,1.9261628755777535e-22,1.126453541865683e-19,1.8820109071628213e-18,7.522705642408128e-18,1.2586708453472019e-08,5.354378097157473e-09,1.328817704984096e-13,2.6297940035921703e-13,3.3670401371690214e-12,4.873660280768599e-12,7.563736282758018e-21,2.474818991421932e-18,6.742908623655038e-17,0.0005128281013525543,0.49994188182948407,0.0002070830733853174,0.24980186672671556,2.2216715943603253e-05,9.72983738198909e-09,3.519112603495315e-20,3.7469705561605876e-19,6.700709316909772e-16,1.049992913093996e-19,6.743487202978804e-25,6.598971557216086e-21,1.8311429524351583e-25,1.678318738016094e-18,5.118226441370258e-09,1.4892476295633522e-07,4.213239401440293e-18,3.168135857038996e-14,0.0,1.4752545565121614e-29,3.3914213936705457e-32,6.71913573027239e-05,7.480218134920907e-08,1.4530034021575584e-19,1.612549233653657e-33,5.775112179428359e-10,5.6515648494386556e-09,4.233265088056989e-15,1.1842016528323777e-13,2.850335499092549e-14,2.0278921276990346e-16,3.558280016419819e-12,9.289618970974832e-20,3.279369251763211e-30,1.3878590491552532e-21,1.7345845148536466e-17,0.09996700462353114,3.265439125510054e-05,3.4247532997520097e-07,7.181956748990514e-16,6.914246198513048e-27,6.649856120853554e-15,3.2292304519846723e-12,6.668189216742342e-19,2.8400839083510466e-12,2.9448511330048503e-31,7.776690264947263e-15,2.6691232279370918e-14,1.648675787950608e-30,6.865851793034286e-24,6.805913046981309e-18,2.0930780647358437e-06,1.629219352641543e-07,6.170652971290912e-05,4.639453566391476e-08,9.551023396079813e-13,2.7453815507801055e-12,3.237874769791206e-12,1.0292790198521031e-29,2.09921898119727e-09,2.5641109928574112e-08,2.4892743772592215e-10,1.719424402222743e-08,2.5800675136480842e-36,1.2189859767379542e-13,1.833976730767396e-09,1.5486036959574052e-13,1.264901791719263e-12,3.9065091346349477e-11,2.3558658915959993e-21,2.769389737478187e-19,7.237775700521611e-15,0.00033316972980870085,2.757232450386297e-07,8.220233970712982e-13,2.0841934504530072e-10,4.4692760694539964e-29,6.252466840384314e-17,1.906912165343661e-21,3.191449270819722e-26,4.329425989291869e-23,3.8507384474816434e-29,4.540043372528737e-08,2.7982441929435037e-07,5.758744061724496e-11,3.509942187826072e-06,1.1119801064424076e-24,2.344929853443524e-23,3.6825858978785936e-11,1.7799630695184194e-06,3.10497247128674e-24,4.0347807893865116e-17,3.230673396227038e-32,3.285969897564973e-23,0.0,0.0,1.364033184903576e-15,1.5896267499749748e-14,8.944232424774861e-23,4.756366798322635e-15,5.051356234468461e-32,4.8373638196502955e-22,5.052404289541226e-32,2.0727087507775976e-35,3.40351764186355e-31,8.151155566406714e-16,7.222490646934295e-14,9.525564448763162e-15,1.7257101917404785e-25,1.506518685330065e-21,6.85106561137727e-25,1.3928617463784968e-18,1.5124549224045247e-13,4.2413656040240465e-27,2.901805731173956e-29
341.9299525782251,6.0349104490466226e-09,0.00017699392077201733,5.43251978230967e-16,3.0128415763694286e-15,1.280973677735721e-16,1.7771309578601536e-15,2.2114767291195807e-20,1.078061045755298e-15,5.934105442152967e-40,1.1314849064475751e-30,7.753608800031822e-40,5.6277947587244155e-21,5.591932891726296e-18,1.0997751452658603e-26,1.771132547829819e-20,3.07821232159568e-20,5.03759331475132e-49,2.9518595766684064e-34,2.480813290358421e-30,2.5940317774759485e-36,2.5762269230919786e-42,1.1602436891213083e-33,2.5484070959447587e-11,4.637865655685607e-12,3.5223707863932082e-12,1.3875452675947695e-11,1.9741461982074088e-29,2.4677797423157996e-23,8.396999195566624e-15,1.961709529308706e-11,3.9731106566437167e-35,1.3012558727484237e-37,3.003603463973664e-24,7.485798937254474e-24,2.4467067466736606e-23,7.624005634522846e-22,2.886513661960361e-19,4.815003827546315e-18,9.579878894058679e-18,2.1226882542407773e-08,2.509601884991925e-09,8.952407355619392e-13,1.0507281660794176e-12,2.3558007768826607e-11,1.8087476312677534e-11,1.1902792375893465e-19,1.0044010040928385e-17,1.5008633291864267e-16,0.0006510710604707442,0.4999397629786125,0.00030348933737798345,0.24971394917562337,2.218358765109202e-05,6.565654036304533e-09,9.749509189387559e-20,9.92938613084934e-19,7.572010868584943e-16,3.9174928434384966e-19,3.0351187932317656e-24,1.49852496161416e-20,5.809832096045918e-25,2.121707781279395e-17,1.7063061737052027e-08,1.888986141559065e-07,6.230235514138804e-18,3.112450914109366e-14,0.0,3.876889932652007e-29,3.323516428480527e-31,9.42530147045571e-05,1.2032037693887694e-07,1.8246776442188368e-19,1.6840778308796127e-31,8.875571943174945e-10,2.710304341978327e-09,4.5348300776289555e-14,6.320268378738036e-13,2.1095884801164846e-13,6.162283040473724e-16,1.9819305030510255e-11,2.0088698399583017e-18,4.519601989230618e-29,5.7640377361001506e-21,3.6274096444660116e-17,0.0999524403948428,4.721634946694078e-05,3.4474580653786083e-07,8.006857285673237e-15,8.604617500417237e-26,4.253545217339961e-14,6.0113367155054875e-12,2.228469871591742e-18,1.2850408112454675e-11,9.286337591158012e-30,1.3717502436132689e-14,5.823057213820654e-14,8.203436051031723e-30,1.3156766933331455e-23,1.9454968067975978e-17,2.0227587812322562e-06,2.3324121876774324e-07,6.167365173029749e-05,5.386845195512349e-08,3.8560527759629734e-12,3.878954205720128e-12,6.174581514957587e-12,1.1688285672974776e-27,7.088309815155612e-09,3.293615667220277e-08,1.059383319357527e-09,2.7365931267552955e-08,4.315880808758624e-35,5.542929656846665e-13,3.932940697966711e-09,3.661542197895908e-13,5.222448472165392e-12,5.4203789984261895e-11,2.2348943159567827e-20,1.3886825022029771e-18,3.3900291025176115e-14,0.0003329011185542778,2.9187286823717114e-07,3.989236851027443e-12,3.354303426700118e-10,4.364759145264073e-28,4.739906396457894e-16,1.5340338285041546e-20,3.2288763091795617e-25,1.282856056820648e-22,2.3099826627048627e-28,1.4439163268486428e-07,3.3551518579206705e-07,8.881838674932443e-11,3.5099103547938115e-06,4.302023240299197e-24,4.810162782336866e-23,4.0623257429673415e-11,1.779958970273398e-06,4.705098904820638e-23,9.626518838934466e-17,3.3933238461757928e-31,3.0936759281464156e-22,0.0,0.0,2.466972886278185e-15,1.9862497073244535e-14,2.0862409360965456e-22,4.322488915329842e-15,1.5480334739972003e-31,6.523659607072728e-22,1.5483793196427287e-31,1.1559397232089725e-34,5.678355740498243e-31,8.898804681901083e-15,3.1682457566143376e-13,5.399756686562517e-14,6.079003500643917e-25,2.9385187503582047e-21,1.272096059366861e-24,5.3565325609698555e-18,6.896152938254339e-13,7.089478795352992e-26,6.410598128228199e-28
494.45949106516065,8.826024620579751e-09,0.00017699089157921575,2.2504433194097705e-15,4.3895300159394885e-15,5.999919696774865e-16,2.8354446226779084e-15,1.0964049588597636e-19,2.3551209494309443e-15,3.1031246054097873e-39,4.0961640253526516e-30,2.636275463720815e-39,3.453481665304105e-20,5.864963681783922e-17,3.9047161507500596e-25,5.3403082952925764e-20,1.9428967945647897e-19,6.743090750537598e-48,2.054623429808641e-33,1.371020343745639e-28,7.998204362108948e-35,1.3256748307132974e-40,9.289350360284121e-32,3.406509918409505e-11,6.381820154877867e-12,4.534930877627781e-12,1.2506914253687497e-11,9.483561037521355e-29,1.0526182901247324e-22,1.303520451204864e-14,1.4063556977698855e-11,6.676762300580021e-34,1.2975572847419127e-36,4.1505221258820245e-23,5.187128622209383e-23,1.03516590432713e-22,1.3538727581418029e-21,5.151520086819678e-19,8.937694914367154e-18,7.924997258549563e-18,2.8796386209203545e-08,1.0812394907417863e-09,5.181654465255722e-12,3.3137041200757367e-12,1.3493833062266246e-10,4.896035842949182e-11,2.277470444900951e-18,2.7517877001392313e-17,2.454656199377365e-16,0.000838363307852456,0.4999654650031952,0.0004427562997978329,0.24959105702325765,2.2099922706720427e-05,2.234470093633219e-09,2.12750596637596e-19,2.0901553902024373e-18,5.138134579004443e-16,8.6582539869025525e-19,9.839847626843944e-24,2.3238763898041408e-20,1.1278030047182724e-24,1.8134671313283642e-16,4.003232976999638e-08,1.9769318693013546e-07,7.735845626636182e-18,2.673275886681057e-14,0.0,7.116474024975574e-29,2.091900987273651e-30,0.00012112462754443534,1.28052054475477e-07,1.7672257957263256e-19,8.768080837697614e-30,8.745549517229615e-10,9.133492546985569e-10,3.908469422914991e-13,2.4668432364379347e-12,1.0890400430141566e-12,1.730096539072146e-15,7.501149860279807e-11,2.021404659855482e-17,4.087687946310943e-28,1.6577535476087033e-20,4.917461002455374e-17,0.09993138977752553,6.826885356086986e-05,3.4285902986298635e-07,6.190903970992656e-14,9.416488653333654e-25,2.1037103588235078e-13,7.764527984123873e-12,5.288469574746318e-18,3.9388862262220475e-11,1.879236825225382e-28,2.0925475979908296e-14,1.1800711543427703e-13,3.015136048332366e-29,1.858109073555012e-23,4.108273362234375e-17,1.92377368358898e-06,3.3222631641101986e-07,6.163965558152578e-05,5.919238801660134e-08,1.232875939009084e-11,4.592033166153779e-12,8.401665476718024e-12,8.348809521180378e-26,1.9914348485878223e-08,3.806659029218752e-08,3.367708107580336e-09,3.384364567618882e-08,4.35972797757514e-34,1.679244131728834e-12,5.8119481172479915e-09,5.162889408573133e-13,1.6959186024644393e-11,5.738529886397701e-11,1.6801946691578825e-19,6.3665276508771366e-18,1.2569550002012377e-13,0.0003325885551881898,3.1229040998271815e-07,1.5363059657063288e-11,4.310893625965737e-10,2.3878203818027925e-27,2.6011759893067697e-15,2.0463583527442175e-19,2.4147642324186147e-24,2.2323053594132373e-22,1.2570320153644712e-27,3.5418240030460706e-07,3.7791729467972225e-07,1.376639339587014e-10,3.5098597327860102e-06,1.3567140918304236e-23,7.588484003902118e-23,4.4444430409944e-11,1.7799542309795026e-06,5.988256074127275e-22,1.707173021902732e-16,2.7483886438443012e-30,1.9533059165015853e-21,0.0,0.0,3.829400655670249e-15,2.414876292445802e-14,4.290658304387001e-22,3.305362050729992e-15,3.796291563128192e-31,7.599456135260237e-22,3.7966965393474136e-31,4.699976130373769e-34,7.246368944802128e-31,7.147014539635222e-14,1.0110937526581789e-12,2.1057194324955744e-13,1.7595886532588622e-24,4.71427246158491e-21,1.7045834020488644e-24,1.750526180195008e-17,2.3115188215152104e-12,8.283164628385365e-25,9.827403611823042e-27
715.0300418577249,1.29684759617891e-08,0.00017698612610826613,6.40219490830825e-15,4.529188222632757e-15,1.605127203023444e-15,2.8203176952723594e-15,3.394072815833458e-19,2.664696972301609e-15,8.384202897348676e-39,6.98936571644582e-30,5.24199272283367e-39,1.0626326491540114e-19,3.142320189029024e-16,6.002614633743131e-24,7.36023708891229e-20,6.338111806486023e-19,5.196464783619798e-47,4.930902440533847e-33,3.4898811767870185e-27,1.0863794281668094e-33,3.379827848204501e-39,2.406387285373899e-30,3.591435879710573e-11,8.115487268861404e-12,4.338267836003893e-12,1.1019826928001637e-11,2.738048596374397e-28,2.0527585039436468e-22,1.6123118640268738e-14,8.791710256326796e-12,4.8478983084262336e-33,4.6222967469773626e-36,2.6893422915113897e-22,1.6891128439696434e-22,1.985216281498568e-22,1.1157172129680886e-21,5.778898350598085e-19,1.0846255479648253e-17,4.2559741269480836e-18,3.20446145619246e-08,6.487671481146159e-10,2.3329201129337365e-11,7.597897869471587e-12,5.651559460677799e-10,9.24299764559039e-11,2.0905177721202107e-17,4.55709563299535e-17,2.695039061524479e-16,0.0010853549543965333,0.5000570087237961,0.0006438405133107619,0.24942155786223388,2.1987029597364413e-05,3.7419537103775703e-10,3.479095398837308e-19,3.233801019995961e-18,2.3264299769307733e-16,1.0518498829156108e-18,2.084399644698757e-23,2.427422141666085e-20,1.1514667815657573e-24,8.372939541743647e-16,6.268587973192592e-08,1.8445984872778675e-07,8.237535968183866e-18,2.122799477985724e-14,0.0,8.313486717443568e-29,7.728560700952242e-30,0.00013656756436162144,9.518573697415965e-08,1.3713125724620227e-19,1.4600443814876673e-28,4.850499264885067e-10,3.4737299243458356e-10,2.129221372806464e-12,6.112086269127453e-12,3.1801514259149534e-12,4.007172267122829e-15,1.6221073668447015e-10,7.455655979062998e-17,2.1900617690334736e-27,3.0056514409439537e-20,4.167319445502397e-17,0.09990096060564634,9.870095920107964e-05,3.3992526891453405e-07,2.6427387719313844e-13,7.235064758637506e-24,7.053657472517961e-13,6.563896491169979e-12,7.932098845484869e-18,7.476891987689434e-11,1.6757988190103694e-27,2.707447617145864e-14,2.028011382951613e-13,7.101337182386446e-29,1.799242389675732e-23,6.261556300997029e-17,1.7865397540526462e-06,4.6946024594735544e-07,6.161042016480846e-05,6.200338795550396e-08,2.960424149023344e-11,4.660628253516512e-12,7.700246591407789e-12,2.7673829408797405e-24,4.330824705147606e-08,4.001080315799865e-08,7.006202557034409e-09,3.179833692818346e-08,2.1333171376375787e-33,2.9033088927994536e-12,5.2243162153141274e-09,3.8729612073518774e-13,4.1178151240785574e-11,4.993576450591448e-11,8.825744770864044e-19,2.2117697978111145e-17,3.232933861055415e-13,0.00033225440659073713,3.4136289613247013e-07,4.396436306878364e-11,4.2945855173422317e-10,7.716088439174976e-27,8.85228724365904e-15,2.2391394708044076e-18,9.004309825152186e-24,1.913205501779006e-22,4.6667075948610004e-27,6.486007612844387e-07,4.113505064882411e-07,2.1310567459556802e-10,3.50978128905885e-06,3.212685757412449e-23,8.390452063913781e-23,4.9327325401758954e-11,1.7799477057399555e-06,4.562423054049411e-21,1.9788237451413294e-16,1.4601632232256413e-29,6.3731796768552066e-21,0.0,0.0,5.08606680035917e-15,2.7376510102686245e-14,7.149540628647864e-22,2.3919738845195263e-15,6.503077710831548e-31,7.260216412169016e-22,6.500339369655922e-31,1.1812451229426757e-33,6.304001649785523e-31,3.5375304509268233e-13,2.105684938976563e-12,4.724442124405567e-13,3.969988903097877e-24,6.193142681559256e-21,1.656301042428159e-24,4.2892458004400664e-17,5.030368816736918e-12,5.345331277895542e-24,7.690306048749064e-26
1033.9936233354333,1.9101664678158953e-08,0.00017697881611136246,1.2170377625008438e-14,3.8156706856051405e-15,2.1871309582864883e-15,2.037811486505359e-15,5.434339632471194e-19,1.5754881631265232e-15,1.1401534249803339e-38,5.743088984071954e-30,6.418576438730205e-39,1.2808462892186459e-19,6.544914767707522e-16,2.882043654508813e-23,3.8891801825810994e-20,8.566874324424251e-19,2.217846305300141e-46,3.188327070814155e-33,3.03491245455189e-26,4.961323496968015e-33,3.419463511265511e-38,1.1288790204113888e-29,3.310175442508111e-11,9.366680504933147e-12,3.524363883080579e-12,9.409772296325498e-12,4.682456141012632e-28,2.1036177799323705e-22,1.658995809866474e-14,5.478267546006093e-12,1.3887954446154865e-32,6.440617990262654e-36,7.325012341258125e-22,2.413577833788002e-22,1.9781895968737485e-22,5.921156496926852e-22,4.2468516157248176e-19,8.429603543141448e-18,1.9550834757122397e-18,3.27697793377181e-08,5.871761823841832e-10,7.280740411076394e-11,1.2355720004820459e-11,1.6040757232847624e-09,1.2918573172405602e-10,7.741156025079691e-17,4.608925712858682e-17,2.154691100214958e-16,0.0014107428508859494,0.5002615976649102,0.0009340609423872143,0.24918747507655248,2.183907026962733e-05,1.2884503942803964e-10,4.2663370826920866e-19,3.598183806588383e-18,1.0446490640744388e-16,7.879932386203135e-19,2.937177932886006e-23,1.9403940010186372e-20,6.677422325376995e-25,1.6384516927414675e-15,6.977619550404873e-08,1.616168921559257e-07,8.305930388189201e-18,1.6687126810800676e-14,0.0,7.198727068230836e-29,1.7071244223533008e-29,0.00012772291503742063,6.168152797906733e-08,9.87390477080339e-20,5.484930819264716e-28,1.68708258246532e-10,2.4549118222317857e-10,5.759888678040507e-12,9.006283315207505e-12,4.509771509761928e-12,5.774486501151732e-15,1.9076348312261238e-10,1.0364898175735692e-16,6.873740539182865e-27,3.6304171287532246e-20,2.558942398749944e-17,0.09985698244108555,0.00014268296901491804,3.3608001579809025e-07,5.261601086080757e-13,2.4060228621818193e-23,1.435512647202444e-12,4.1292741165677e-12,7.896464757779407e-18,9.228495105029703e-11,5.514016362202837e-27,3.076732865093645e-14,2.65049660560821e-13,1.0703961101951028e-28,1.3778420572371028e-23,7.228878850143566e-17,1.6008176882083436e-06,6.551823117916561e-07,6.158860093494373e-05,6.301687213425688e-08,5.4684475347344723e-11,4.2737840267213825e-12,5.321699574508832e-12,3.194957288040221e-23,7.147402840861187e-08,3.950400628543913e-08,9.021811142756457e-09,2.4908148041011722e-08,4.3224515821669437e-33,2.7235133488473277e-12,3.1142465662688917e-09,1.7627819249990396e-13,7.610401731090482e-11,4.133243819231602e-11,2.8398761646434827e-18,5.465141536266649e-17,5.239261713231948e-13,0.0003319493121549614,3.833909939940307e-07,9.251074913788354e-11,3.5445736924201403e-10,1.9862943647832656e-26,1.7114263883428807e-14,1.364442285372213e-17,1.5250942845174346e-23,9.030501657820107e-23,6.842540190171749e-27,9.329875127984248e-07,4.381901632921228e-07,3.2405339983786757e-10,3.509668232461949e-06,5.762670640160784e-23,6.878647272354279e-23,5.5662978373182984e-11,1.7799399093381e-06,1.6453507032880156e-20,1.5152308662410097e-16,4.1424236736523095e-29,8.615007071361053e-21,0.0,0.0,6.0099644713236356e-15,2.7277737979309878e-14,9.086044484681046e-22,1.7788319651585877e-15,7.084962634919867e-31,5.643975823587391e-22,7.071669159578993e-31,1.63702749683156e-33,3.78126579851511e-31,9.502504775616432e-13,2.8720872067429487e-12,5.701277563180416e-13,7.292605284173572e-24,7.004257053219346e-21,1.4283922746006328e-24,7.914643403097045e-17,6.877198326339969e-12,1.8510580039462632e-23,2.882149203817692e-25
1495.2418087505669,2.810160014699614e-08,0.00017696819838411694,1.6153505950846635e-14,2.980359855697045e-15,1.721130535882773e-15,1.3107479768797642e-15,4.619283254791182e-19,7.205599427014898e-16,9.125886521753662e-39,2.938177848294631e-30,5.292105479607777e-39,6.925682247314363e-20,5.6376097970464785e-16,4.206385687312624e-23,1.2426040453300462e-20,5.346096906405831e-19,5.803685097919254e-46,6.1315225894027565e-34,8.182435519558527e-26,7.377092765209679e-33,1.3653279002365543e-37,8.421143269563254e-30,2.933283467831448e-11,9.613085226027931e-12,2.7230411282853505e-12,7.65558363698351e-12,5.080266468041437e-28,1.3142725073417506e-22,1.457667367268055e-14,3.2945320489881247e-12,1.993125080067913e-32,4.256453399860808e-36,7.643001842277003e-22,1.449540342297848e-22,1.190885131359005e-22,2.337713897995617e-22,2.3961619185479425e-19,4.286557992620493e-18,8.533356267899061e-19,3.296174947546897e-08,5.890991364741621e-10,1.4971233386601006e-10,1.5059256207322757e-11,3.1877680824289015e-09,1.4420091519647966e-10,1.3449395596806998e-16,3.421948607358952e-17,1.535545281523137e-16,0.0018622222205763976,0.5005993529389963,0.0013526814650475479,0.24885556213342844,2.163704685514004e-05,7.931802250177348e-11,4.063244903348268e-19,3.0905729078852525e-18,4.653536346425437e-17,4.244711321792779e-19,3.047143957287028e-23,1.2847682338329694e-20,2.814562908917546e-25,1.262983988534795e-15,6.135150264711356e-08,1.349426090319699e-07,8.38593590579075e-18,1.2995450107959422e-14,0.0,5.101369715416077e-29,2.414004191914054e-29,9.698695191888331e-05,3.799143183165578e-08,6.277904307180198e-20,5.4169404692200585e-28,6.164528709661434e-11,2.081880784584977e-10,7.407205913907549e-12,8.728884698710557e-12,3.468134620159674e-12,4.652606399629788e-15,1.4573191750957783e-10,7.263379784791687e-17,1.366175070033059e-26,3.3445584524400413e-20,1.4033300112675897e-17,0.09979344190922215,0.00020622871137137972,3.3086952277173083e-07,5.497267372723071e-13,3.310163621755671e-23,1.7424646609429105e-12,2.3918625107946938e-12,6.4178932084476795e-18,8.47034649951023e-11,7.538061002801339e-27,3.253112954960097e-14,2.4687191317540906e-13,1.1695748700711307e-28,1.0271032395582282e-23,6.870548098132694e-17,1.358593124465695e-06,8.974068755343052e-07,6.15769729905109e-05,6.33200451551323e-08,8.523344656138853e-11,3.6966668465270475e-12,3.3454399760138156e-12,1.2309352876904098e-22,9.364271230511314e-08,3.7798024942245194e-08,7.921902251078932e-09,1.8186297871671187e-08,3.911396865781037e-33,1.5787556932403971e-12,1.6357174789078364e-09,6.851450233689926e-14,1.1277590614355595e-10,3.371060302315149e-11,5.161909267487348e-18,1.03494190509122e-16,5.627450065392121e-13,0.00033173733345555914,4.4419311964942937e-07,1.4655005009680246e-10,2.762704120272696e-10,3.7382971040793e-26,1.9438841786740164e-14,4.26039020557861e-17,1.4430279801843353e-23,3.557292676304178e-23,4.0008203028006634e-27,1.117193638220487e-06,4.6242421080513537e-07,4.744196792330512e-10,3.509518140502173e-06,8.638334292528862e-23,5.2135155699720954e-23,6.353753030228807e-11,1.7799316949750377e-06,2.740030634564587e-20,9.765699406624078e-17,5.671718037045935e-29,5.3763443149356465e-21,0.0,0.0,6.501760313587319e-15,2.3119549372872146e-14,8.625057335739506e-22,1.326383919774036e-15,5.024972171945212e-31,3.569268405743022e-22,5.001370564519827e-31,1.3297566320644493e-33,1.7406827749014793e-31,1.4301466868765237e-12,2.8699265761701246e-12,4.363760087010032e-13,1.1661478284224808e-23,7.064530730781813e-21,1.1749117405564245e-24,1.1954069555104662e-16,6.584166623337873e-12,3.8880344484763384e-23,6.040826136798284e-25
2162.245507301719,4.11399215232922e-08,0.00017695360147544498,1.5234381331603852e-14,2.1302778160024213e-15,9.649528852869893e-16,7.527067523257986e-16,2.6004035753308386e-19,2.939115182250936e-16,5.011623973592926e-39,1.1951374078471925e-30,3.0573577890778305e-39,2.6955012097646444e-20,2.9725373070870955e-16,2.510738038667194e-23,3.538723000321108e-21,2.1660222081887361e-19,1.0756389205961543e-45,6.982154588169753e-35,7.716468410425523e-26,4.4072746175766055e-33,2.699594594266289e-37,1.904880334977561e-30,2.5564963165622993e-11,9.094926444432021e-12,2.014182182853003e-12,5.9028684957449605e-12,3.733817688192702e-28,5.530143501612722e-23,1.096087288499101e-14,1.842659439807482e-12,2.1575818959246718e-32,1.5629023408521123e-36,3.482055735018352e-22,4.467541177259564e-23,4.8244403424864764e-23,7.248699123697255e-23,1.161651432546402e-19,1.5829237465503775e-18,3.3526381556035445e-19,3.304653409220589e-08,5.946060152485935e-10,2.0855558044019216e-10,1.444560106844519e-11,4.7935153734814035e-09,1.334923549334021e-10,1.304349059926153e-16,2.2713755067958742e-17,1.0440720613418749e-16,0.002525714744422778,0.5010590146081385,0.0019558501352432266,0.2483717270008763,2.1347197461756667e-05,4.782622511417043e-11,3.1210182913312746e-19,2.1890916615403886e-18,1.8759207629686465e-17,1.8187821628996793e-19,2.5222474889910712e-23,7.067790046380154e-21,9.904493143198119e-26,4.83187643030789e-16,4.679105462418368e-08,1.1023225986011348e-07,8.450302714508372e-18,9.840055713945205e-15,0.0,2.846824681380366e-29,2.3148844262988707e-29,6.548573330180415e-05,2.2474138695665368e-08,3.4040945073965176e-20,2.4011728545911335e-28,3.802408008109561e-11,1.7300958735027954e-10,5.573588827727655e-12,6.295941632433291e-12,1.824216683184885e-12,2.3482766124266365e-15,8.692786766203877e-11,3.290737003257812e-17,1.8470676703836341e-26,2.5270988471794183e-20,7.200897245144943e-18,0.09970168228276252,0.0002979957407237989,3.2346662996402934e-07,3.9486447443985903e-13,2.5435055803405316e-23,1.3471004561532042e-12,1.3363079795224632e-12,4.613226534452169e-18,6.310493253601217e-11,5.815848133947046e-27,3.32679276192666e-14,1.8225360502382522e-13,9.3730273998499e-29,7.531893947813406e-24,5.841205088676485e-17,1.0598636347538947e-06,1.1961363652461054e-06,6.158037032346608e-05,6.353429689948168e-08,1.193268096060549e-10,3.0306250011824037e-12,1.967930024632995e-12,1.913717705324778e-22,1.0131305824615574e-07,3.5307366550170005e-08,5.409268509646812e-09,1.26034237599635e-08,1.97707931062995e-33,6.930510389832869e-13,8.107328903106108e-10,2.461906851373613e-14,1.350204843821151e-10,2.6912483188588403e-11,5.241595389029456e-18,1.5870724427579327e-16,4.54089892250587e-13,0.0003316332945557356,5.320601169844228e-07,1.786414874419503e-10,2.148311799073227e-10,4.0821706342118466e-26,1.493788809364306e-14,7.072462779033396e-17,1.0011020616880751e-23,1.3133066283149777e-23,1.4581585804039944e-27,1.1540379002482621e-06,4.950724038658141e-07,6.721251070975372e-10,3.509322177209971e-06,1.149928390317984e-22,3.925049586934072e-23,7.448393283915812e-11,1.779921573792351e-06,2.4485272360597028e-20,6.112036039950868e-17,4.2605127309690227e-29,2.1783039922550225e-21,0.0,0.0,6.546911937854736e-15,1.801319323199462e-14,6.551449956443778e-22,9.68250992703572e-16,2.619295084349038e-31,1.9980618752324936e-22,2.5965742901932104e-31,7.563705781125012e-34,6.888482628779718e-32,1.3640555499441683e-12,2.299181326789082e-12,2.5344842653483367e-13,1.647418707815075e-23,6.433911668929591e-21,8.882157767010034e-25,1.5839889779607628e-16,5.0177084689586456e-12,5.657316889124439e-23,8.407032662016902e-25
3126.7889959237978,5.976836568974507e-08,0.00017693415923966766,1.0182892185075819e-14,1.391917656208038e-15,4.402976466151782e-16,3.8646369720682024e-16,1.1579400018273968e-19,1.0623196668360451e-16,2.0927618053951657e-39,4.586031026131948e-31,1.3397652519827986e-39,9.266322098301266e-21,1.1833204130672183e-16,8.099647850799462e-24,8.939025290590648e-22,6.966223694766543e-20,1.570218062994848e-45,7.375383099658157e-36,3.0776469464372806e-26,1.3373901120337691e-33,3.5277667263826424e-37,2.350014793764481e-31,2.234667415904556e-11,8.48792713926876e-12,1.4395779616533284e-12,4.39243647145655e-12,2.033121074662091e-28,1.9083940036238062e-23,7.293641698807886e-15,9.76742826737232e-13,2.1816365662889097e-32,4.229685077138577e-37,9.522045952774231e-23,9.084006395704499e-24,1.615447992851325e-23,1.9948910410955927e-23,5.3536094049720804e-20,5.049646844696432e-19,1.2383573323662032e-19,3.3103692252063285e-08,6.011823732325611e-10,2.0353059480550343e-10,1.1157342758148001e-11,5.717891955019185e-09,1.082438182615352e-10,7.982988091122641e-17,1.4560420093671237e-17,6.923266739184923e-17,0.003504196621391172,0.5016703961814741,0.0028233480437166764,0.24766496402168622,2.0932578980845264e-05,2.7406130262253578e-11,2.047033622063585e-19,1.3638119232848529e-18,7.03648697716333e-18,7.031613449201193e-20,1.792347217138373e-23,3.3654764642352812e-21,3.2518483328974713e-26,1.2811794216824893e-16,3.4037996546380954e-08,8.957113570179018e-08,8.444222060396442e-18,7.24868430605487e-15,0.0,1.4498777404722516e-29,1.657550838418635e-29,4.402902756330674e-05,1.3007107663556829e-08,1.7427621693388773e-20,6.640112945288158e-29,2.8617171727230068e-11,1.391020727146604e-10,2.9974582682474252e-12,3.591153976973542e-12,7.365151577726308e-13,8.8343727286455295e-16,4.5238077814236785e-11,1.1565949719237695e-17,1.771833914525656e-26,1.6559873542078762e-20,3.525073916676799e-18,0.09956927890850306,0.0004304095864764392,3.1299513687367795e-07,2.2121258281402251e-13,1.357168989821635e-23,7.54674594853752e-13,7.282639380600487e-13,3.0309237047809654e-18,4.110943039216165e-11,3.49164491357925e-27,3.3363594049833655e-14,1.2775460977555744e-13,6.353904180204852e-29,5.382367128193387e-24,4.7641199780468394e-17,7.229087149679237e-07,1.533091285032077e-06,6.1599511023855e-05,6.380489676799031e-08,1.5209344583587925e-10,2.333481808016466e-12,1.0723084001229336e-12,1.371286355288869e-22,9.219490469258042e-08,3.197599519463215e-08,3.1838032707874482e-09,8.267001696078636e-09,7.068259988794702e-34,2.7224597268071327e-13,3.759547131680703e-10,8.125324628138148e-15,1.3011899914218763e-10,2.100797105295764e-11,3.1932165765673596e-18,1.9623199506153255e-16,2.962620394383382e-13,0.0003315702400306946,6.586947086406051e-07,1.7626274209837666e-10,1.679989362198722e-10,2.4537459967623708e-26,9.150784196041266e-15,6.919491824703782e-17,5.9793168230238616e-24,4.589662318290728e-24,4.651917433261117e-28,1.0863977306381499e-06,5.412916052073382e-07,9.418772196246998e-10,3.5090542874625667e-06,1.3721084230064391e-22,2.8992383745000165e-23,9.1335583879357e-11,1.77990596490793e-06,1.3049016953338857e-20,3.7973652544911176e-17,2.259804808762013e-29,7.005549510136306e-22,0.0,0.0,6.261365476925768e-15,1.4129584216743777e-14,4.771364997857712e-22,6.926311424472849e-16,1.2763744730622234e-31,1.109734916807872e-22,1.2596013199584588e-31,3.941838138866211e-34,2.684069715100751e-32,9.448167936871338e-13,1.6073941876091273e-12,1.2617563884772097e-13,2.089718356426237e-23,5.380772363936736e-21,6.360455560644906e-25,1.960774676966537e-16,3.370150088353863e-12,6.609816081875816e-23,9.253100026034417e-25
4521.600064384307,8.629178294349614e-08,0.00017690795428358834,5.090946055350837e-15,8.697764367258549e-16,1.8562087299129006e-16,1.861602026184717e-16,4.729921078687792e-20,3.59226060661116e-17,7.77440195833211e-40,1.7988048223735197e-31,5.2044731459801375e-40,3.0418867566777055e-21,3.870036832184527e-17,1.67955738527442e-24,2.1146360530502443e-22,2.0596579547125083e-20,1.973632156150108e-45,7.674990359369091e-37,6.4383168538604506e-27,2.6468330851455267e-34,3.82389308988368e-37,2.1593433936027046e-32,1.9767126518278374e-11,7.872848862542906e-12,1.0053040053381467e-12,3.1877668026614557e-12,9.706289693643568e-29,6.394348916793139e-24,4.5950455629403256e-15,4.998285279151451e-13,2.1639134602533785e-32,1.1219804261380127e-37,1.9510395932106073e-23,1.4074169017421384e-24,5.21907995457989e-24,5.1796020349082114e-24,2.4606448700683488e-20,1.5195100697288722e-19,4.42486158715872e-20,3.31449284981055e-08,6.098700392056746e-10,1.432160531725965e-10,7.185961201784131e-12,5.538706667797931e-09,8.226701307070633e-11,3.762311601664707e-17,9.206978216328407e-18,4.5502422560468593e-17,0.004924920807686857,0.502520688431454,0.0040677013666136205,0.24663980697376192,2.0354929922245905e-05,1.51158463582131e-11,1.2540451292060302e-19,8.014045730602842e-19,2.5362383694725094e-18,2.5896945529668906e-20,1.2100509814108859e-23,1.5014573485939643e-21,1.0564115892197497e-26,2.938797147439891e-17,2.440143090536492e-08,7.213492980239568e-08,8.338073324809909e-18,5.2392038748746955e-15,0.0,7.153171357703721e-30,1.0248018095735773e-29,2.9688180361036627e-05,7.387498347720374e-09,8.700207706904932e-21,1.3959302620581082e-29,2.1299822681984628e-11,1.0878579364865033e-10,1.2848121104219507e-12,1.6989987209098286e-12,2.4408451444920627e-13,2.923369444995255e-16,2.2131544037213193e-11,3.6749108400376095e-18,1.2471729079514086e-26,1.0258060384406867e-20,1.6832790073469792e-18,0.09937849844296379,0.0006212044201925921,2.986269599779869e-07,1.0279491752175654e-13,5.801152850927592e-24,3.6664057139273974e-13,3.90560205713527e-13,1.868694303927448e-18,2.4744791935099704e-11,1.9586408864444378e-27,3.2843752974785615e-14,8.825279130685496e-14,4.165370374930957e-29,3.7640524364568735e-24,3.809150779669185e-17,3.958022008559033e-07,1.8601977991440957e-06,6.162757445133491e-05,6.414062192533735e-08,1.7476688374200722e-10,1.6831717484604872e-12,5.434882626235328e-13,4.906634555525446e-23,7.268383227735054e-08,2.7905598323449708e-08,1.7515826610787741e-09,5.1487753156908716e-09,2.193182831914776e-34,1.0312894004328265e-13,1.6440772953829702e-10,2.5026717716288776e-15,1.0584812117874487e-10,1.6134379101807766e-11,1.4532483852825407e-18,1.961432625993282e-16,1.6499527353560683e-13,0.0003314562209951606,8.406273656802136e-07,1.5624800832463617e-10,1.3150764704158915e-10,8.423474843904463e-27,5.0624629826548586e-15,4.520590810344801e-17,3.401633194083485e-24,1.5626882978743894e-24,1.4775217870588729e-28,9.948316757161511e-07,5.980261152098528e-07,1.3191176037532914e-09,3.5086784117044185e-06,1.4696266852415223e-22,2.099253119886197e-23,1.1790423076441358e-10,1.7798803798096495e-06,4.849863344649096e-21,2.3739451553220193e-17,1.0959231573317867e-29,2.0711233832355197e-22,0.0,0.0,5.801359262521874e-15,1.1174849464338045e-14,3.5500619532118783e-22,4.895227895582542e-16,6.473612741643457e-32,6.174372026595796e-23,6.350091280532988e-32,2.1113529361627566e-34,1.0458019062310703e-32,5.692403220395627e-13,1.0697486150826626e-12,5.948117207831602e-14,2.4739627901814695e-23,4.21441731811655e-21,4.451048449447494e-25,2.379779155863442e-16,2.178821964607657e-12,7.151976241992333e-23,9.46060283927132e-25
6538.614268149506,1.2479168113011697e-07,0.00017687069356664536,2.299915750180101e-15,5.466333278436578e-16,7.809836424888616e-17,8.802809380848846e-17,1.9365976174613537e-20,1.1923686663272408e-17,2.820303818937972e-40,7.120325659866837e-32,1.958599217227499e-40,1.0093611713286067e-21,1.1044607803026607e-17,2.566310242482433e-25,4.9164773024087476e-23,6.080800746041642e-21,2.2822043670196972e-45,7.972263104717748e-38,9.783072496579514e-28,4.68175077951125e-35,3.90130989565342e-37,1.7479701984913432e-33,1.7662091809562534e-11,7.262303193178978e-12,6.878271016910136e-13,2.2722461713229042e-12,4.613293635419352e-29,2.0963203618316272e-24,2.8426533630588057e-15,2.4969750553254977e-13,2.1153242925263172e-32,2.970960186244241e-38,3.325202357755956e-24,1.8103653193190098e-25,1.6212893958831672e-24,1.2702468088318068e-24,1.1199798774534671e-20,4.4384192793492826e-20,1.5448893367952575e-20,3.3171356664795034e-08,6.218007160238685e-10,7.80902581545586e-11,4.0755451605851306e-12,4.418097555555853e-09,6.058878176427942e-11,1.7047250229950812e-17,5.7207792242218415e-18,2.973018000675356e-17,0.006967003966459485,0.5037351236997663,0.005845702986925841,0.24515919856517893,1.9570671529578767e-05,8.11321209175798e-12,7.554921947803147e-20,4.587510773100336e-19,8.925391396827605e-19,9.061570819809611e-21,8.184356627258784e-24,6.549049858543466e-22,3.389190050953949e-27,6.332636811888925e-18,1.6991919340618486e-08,5.724377828361833e-08,8.10872535150625e-18,3.737765034647519e-15,0.0,3.423122159241839e-30,5.924593502466361e-30,1.9845616516603333e-05,4.109252779711907e-09,4.240820922173179e-21,2.5342738879941544e-30,1.5422236890798784e-11,8.330717019864567e-11,4.700185375663226e-13,7.018719151879189e-13,7.034814037629717e-14,1.0258604582909449e-16,1.0466009806902182e-11,1.1258060653859887e-18,6.712118004016371e-27,6.296256035058021e-21,7.898594105821209e-19,0.09910429630708927,0.0008954256494058222,2.795336212724228e-07,4.1784451404582234e-14,2.18598810529827e-24,1.6844047469450308e-13,2.0694480688083485e-13,1.0888961053662715e-18,1.4006775378398807e-11,1.096062319219355e-27,3.166691481213449e-14,5.954550316885742e-14,2.6573395083679265e-29,2.5805626557989174e-24,2.9744635110080555e-17,1.5027019842914428e-07,2.105729801570856e-06,6.165529829074291e-05,6.456718923323736e-08,1.7660586236126674e-10,1.1413827646836218e-12,2.578737003147451e-13,1.0319471567434778e-23,5.211807885900687e-08,2.343732160202648e-08,9.215945279147875e-10,3.057190670289031e-09,6.380144117341769e-35,3.766335831370403e-14,6.825963416731791e-11,7.274548521939486e-16,7.979990534533622e-11,1.231758010996878e-11,6.107662718573202e-19,1.659580338251192e-16,8.319775237697785e-14,0.000331241684506861,1.101130124089408e-06,1.3542156319038085e-10,1.0245176160605269e-10,1.985036992872005e-27,2.7521481549727085e-15,2.2371264853555714e-17,1.9079074056388847e-24,5.245206812383936e-25,4.8249390001955374e-29,9.132246331241087e-07,6.605419038702336e-07,1.839848207009966e-09,3.508158564918853e-06,1.4384678219021342e-22,1.4907471818686546e-23,1.5900138068345551e-10,1.7798399154250165e-06,1.9333537054182672e-21,1.4938449141479812e-17,5.578062201396615e-30,6.113742088354695e-23,0.0,0.0,5.243853992832321e-15,8.77294138037524e-15,2.6240078150167287e-22,3.4349808281291175e-16,3.3043110970444053e-32,3.393934393613331e-23,3.214366553964903e-32,1.1209036719980935e-34,4.0158133200722016e-33,3.3539843640289595e-13,7.05780254072015e-13,2.7640375552216276e-14,2.807937002047114e-23,3.1166818521986275e-21,3.066176460862851e-25,2.8728344759425337e-16,1.4081977601230304e-12,7.604018852296321e-23,9.595178052767482e-25
9455.38657529853,1.8163767543736595e-07,0.0001768153780918468,1.0986398749151263e-15,3.487800449476144e-16,3.2906180050231376e-17,4.130883577682792e-17,7.983483265786133e-21,3.929609975708848e-18,9.955153895043287e-41,2.791369483446819e-32,7.113146649474906e-41,3.393877331900928e-22,2.8676435348034257e-18,3.170616938083066e-26,1.1367464641918015e-23,1.8010973009856406e-21,2.5144469350694028e-45,8.203193959012785e-39,1.4092272296792932e-28,8.932029106559245e-36,3.919238465937041e-37,1.3294120706545467e-34,1.587691079471868e-11,6.6794682806544845e-12,4.617397218036409e-13,1.599884376823417e-12,2.1870725382599175e-29,6.57316251983019e-25,1.722742651117943e-15,1.227671376487666e-13,2.017737173935724e-32,7.52735306520827e-39,4.972109569804306e-25,2.0406823572333753e-26,4.726802760552512e-25,2.93117055782547e-25,5.002529819216404e-21,1.2508099875376904e-20,5.3050476178544305e-21,3.318333743287798e-08,6.385635411704903e-10,3.7191676564153e-11,2.1238012155919145e-12,2.9645980076902403e-09,4.293585382757664e-11,7.422637713078461e-18,3.471065814219518e-18,1.9315685652465843e-17,0.00987765919039756,0.5054956292598992,0.008371417156927012,0.24302734001782,1.853672692949855e-05,4.2799449091551704e-12,4.46590364257559e-20,2.54139346974255e-19,3.094425959032299e-19,2.9941483032561916e-21,5.4716603770337426e-24,2.7955395330511657e-22,1.0665864284417e-27,1.2678952463991364e-18,1.1322399776535097e-08,4.452434388475106e-08,7.73769489067651e-18,2.6429830616436363e-15,0.0,1.581762366788385e-30,3.1746381603561604e-30,1.3071628638733009e-05,2.2319642235475957e-09,2.020198504964309e-21,4.210206541929277e-31,1.0884250996048463e-11,6.293483004643353e-11,1.5314122939638455e-13,2.6343952819782084e-13,1.8389026991087074e-14,4.7572092966667365e-17,4.771856384895743e-12,3.28872995822699e-19,2.981828444367103e-27,3.8227469408278015e-21,3.655193521784464e-19,0.09871202292148057,0.0012877234602771638,2.551083585877691e-07,1.5442030801617555e-14,7.552332868648417e-25,7.274019360855548e-14,1.0840661996237379e-13,6.006044108963686e-19,7.415460188298954e-12,5.970336591317868e-28,2.981532205660921e-14,3.8913988196069576e-14,1.6241932714059737e-29,1.734026067272088e-24,2.2466354442058195e-17,3.206223512744332e-08,2.223937764872554e-06,6.167798671766237e-05,6.51446981205837e-08,1.4995820247979394e-10,7.301202294991099e-13,1.1497349714545508e-13,1.645950149589307e-24,3.5247838580321926e-08,1.8983178687287363e-08,4.61132162690495e-10,1.739830927570267e-09,1.7161948853688523e-35,1.3172844450532355e-14,2.7091879234973008e-11,2.0138969525390707e-16,5.855943661089223e-11,9.345830564060003e-12,2.4278177016559313e-19,1.257471201354695e-16,3.956990021865216e-14,0.0003309131586407378,1.4724122670156566e-06,1.1491706624270074e-10,7.894973420893388e-11,5.342326394069577e-28,1.467665782141785e-15,9.477438324371152e-18,1.0391873507952052e-24,1.7452343222448413e-25,1.599557242330348e-29,8.302482398799703e-07,7.226250349330752e-07,2.535776651957153e-09,3.507463210596964e-06,1.3258690415326938e-22,1.0417220416430211e-23,2.199557989319793e-10,1.779779368891761e-06,1.1330485947637827e-21,9.443025193076263e-18,2.9416332695358564e-30,1.810375572107861e-23,0.0,0.0,4.611812711005164e-15,6.7547376436128775e-15,1.8815090311424344e-22,2.400022951311197e-16,1.6479057766309187e-32,1.8238963977985972e-23,1.5857705960595764e-32,5.72976162212162e-35,1.5044375237482736e-33,1.9282471285120047e-13,4.58294927790516e-13,1.2573669066016148e-14,3.045264786590799e-23,2.1769412622891442e-21,2.076314198061796e-25,3.386155049798868e-16,9.012905580809188e-13,7.699781221313871e-23,9.361365040780932e-25
13673.284830982668,2.643514871121469e-07,0.00017673392136831903,5.442334664025449e-16,2.2316259133599574e-16,1.3602308522469352e-17,1.913823800636907e-17,3.2403701749403946e-21,1.2800843439355638e-18,3.344290657343548e-41,1.0656516538668298e-32,2.448583955673145e-41,1.1309192722257042e-22,6.884683365579762e-19,3.273092573413936e-27,2.605978908027123e-24,5.252074046586976e-22,2.683398518083381e-45,8.300356022084328e-40,1.924331436514075e-29,1.7603265220410236e-36,3.920854892699204e-37,9.71882984197399e-36,1.425769039731728e-11,6.088951472501396e-12,3.039282925011652e-13,1.1163675765403335e-12,9.999614167795895e-30,1.9486383371441932e-25,1.0147188712426952e-15,5.970864448787478e-14,1.832687655173335e-32,1.776098696083419e-39,6.61414493609713e-26,2.0586529329241508e-27,1.277025074331515e-25,6.364026249750555e-26,2.179415670484629e-21,3.368375569272224e-21,1.80082977525906e-21,3.318054675418058e-08,6.624243443288018e-10,1.661758587768626e-11,1.0313696213572404e-12,1.752851175219966e-09,2.8928654140191038e-11,2.914524097484786e-18,2.0424226622841906e-18,1.2449528135900442e-17,0.013984093130000834,0.5080769380633477,0.011926978845700627,0.23996721973934715,1.722282988499817e-05,2.2410500593182716e-12,2.5610518883909656e-20,1.3452315874521586e-19,1.0630709035575505e-19,9.325397590367125e-22,3.526967530031528e-24,1.1621483350108812e-22,3.2799902885422005e-28,2.3273832256264793e-19,7.160802549326392e-09,3.382636388961425e-08,7.21548146666364e-18,1.8582903325645075e-15,0.0,7.043025938951741e-31,1.5451994495447914e-30,8.445290913849963e-06,1.1818958046519185e-09,9.428354511427084e-22,6.479457004934865e-32,7.508400746433277e-12,4.72794506848754e-11,4.502676395925691e-14,9.130608147072215e-14,4.435924799621872e-15,2.717291974324448e-17,2.086570563760077e-12,8.971114373493398e-20,1.2140229614901825e-27,2.2771312579882408e-21,1.6695879879524228e-19,0.09815571865091777,0.0018440574936368437,2.2534556176921466e-07,5.260917211213383e-15,2.408439792389829e-25,2.92040752309964e-14,5.613016024949452e-14,3.142622193436782e-19,3.6538635924474226e-12,3.0415396371062043e-28,2.7320619156682647e-14,2.4486951777048655e-14,9.406267767622764e-30,1.1409655717700676e-24,1.6292484744422722e-17,5.819565937531735e-09,2.2501804340624645e-06,6.169505052685532e-05,6.596095837306084e-08,9.889766435818138e-11,4.388425856914641e-13,4.794668797696202e-14,2.3025753151777885e-25,2.26562685692772e-08,1.4883206029753448e-08,2.1864064178614026e-10,9.548927912828622e-10,4.180660176755406e-36,4.392080341008619e-15,1.0356902302074426e-11,5.359554633780905e-17,4.146561895835451e-11,7.012515924310599e-12,8.92906794397623e-20,8.676146191779157e-17,1.793860587493793e-14,0.0003304467891797529,1.9976909734330483e-06,9.303980922678416e-11,5.99275890345204e-11,2.0508333087319175e-28,7.44924197339401e-16,3.649119219840041e-18,5.362525237868934e-25,5.765073240723784e-26,5.2678961565627276e-30,7.335814636899921e-07,7.776263389550114e-07,3.4288967675728712e-09,3.5065704691293563e-06,1.1658281603037414e-22,7.174892496970431e-24,3.059421331140292e-10,1.7796936492139845e-06,8.921647515992454e-22,5.970558438628693e-18,1.5209530056078664e-30,5.276585029247684e-24,0.0,0.0,3.933368237473656e-15,5.067471737305436e-15,1.2903239699156545e-22,1.673262196068493e-16,7.902693364230309e-33,9.534729492484716e-24,7.50381398735579e-33,2.781683520378039e-35,5.476341567409648e-34,1.0534214525282894e-13,2.8860870805362444e-13,5.5279110804307655e-15,3.116863876300542e-23,1.4389068898130959e-21,1.379547271850749e-25,3.8040566418695823e-16,5.619929526140442e-13,7.080568271973616e-23,8.367434579488332e-25
19772.720721709713,3.8074750913452565e-07,0.00017661833968375142,2.704480003684181e-16,1.4210951237498107e-16,5.4631943226502934e-18,8.747359465087439e-18,1.2845946914907702e-21,4.124815649039099e-19,1.0561299736576863e-41,3.906526615061325e-33,7.929743679599181e-42,3.683904706891469e-23,1.55084378142598e-19,2.902440049213245e-28,5.946948174355494e-25,1.4981724214817348e-22,2.7990004007311097e-45,8.403333280899307e-41,2.408306091053911e-30,3.416679182204744e-37,3.916376537998897e-37,7.090676900666346e-37,1.2687639863033051e-11,5.4505599434482446e-12,1.9610047061064422e-13,7.740722988188664e-13,4.309500444956768e-30,5.451454404038984e-26,5.791070855669515e-16,2.8859639742265313e-14,1.5073213505700733e-32,3.848956346492443e-40,7.911360105562969e-27,1.895360859019258e-28,3.191956218152025e-26,1.3090182578614945e-26,9.232307546532783e-22,8.646145984830774e-22,6.077754632293716e-22,3.3161515301775343e-08,6.965994330316001e-10,7.053707627130269e-12,4.717350216942512e-13,9.650510221790068e-10,1.8488284631231403e-11,1.0363302446750314e-18,1.160430126292107e-18,7.940914837893963e-18,0.01968904011428549,0.5119086049377811,0.01686011864819495,0.2355911470032305,1.5629269779869203e-05,1.1771188946389083e-12,1.41646317066249e-20,6.759288503535929e-20,3.643247712084926e-20,2.75132140753103e-22,2.154063429594005e-24,4.708220633906288e-23,9.860699105678644e-29,3.920969545700663e-20,4.292085671866823e-09,2.5086770408477944e-08,6.549692679885024e-18,1.3030893193730155e-15,0.0,3.029888409727377e-31,6.785787667563069e-31,5.334036600574712e-06,6.109951281188334e-10,4.334326953316479e-22,9.294278872449219e-33,5.082224827677562e-12,3.562592147078214e-11,1.208383801779063e-14,2.963759533704568e-14,1.0029215480698278e-15,1.5787300390896167e-17,8.766526911109951e-13,2.2744171408918635e-20,4.733688582605023e-28,1.3267051913655992e-21,7.538163048695413e-20,0.09737985516387783,0.0026199550528345924,1.9127340399061395e-07,1.6712360334075845e-15,7.188837326567585e-26,1.0902308555678516e-14,2.878714870144246e-14,1.5701367297986714e-19,1.6826190422162937e-12,1.4165691498324455e-28,2.4289117484740645e-14,1.4796790647580733e-14,5.1370637111433025e-30,7.350394635428702e-25,1.1309788799062335e-17,4.814242673167428e-09,2.2511857573268336e-06,6.170685076461695e-05,6.714898006855989e-08,4.5630516494668866e-11,2.4703625509610464e-13,1.8662963997885988e-14,2.8919145198007556e-26,1.3883676116005291e-08,1.1371473333835836e-08,9.853917119489946e-11,5.10096584137934e-10,9.161699007744683e-37,1.3965374038377329e-15,3.8552322483172634e-12,1.388813465131514e-17,2.8007217440467945e-11,5.1964316483000595e-12,3.017825297344853e-20,5.4720833890469875e-17,7.802471307143926e-15,0.00032979365106272396,2.7317637673280823e-06,7.083761991616786e-11,4.478371734774144e-11,8.337428570383091e-29,3.534643513519446e-16,1.278681048849606e-18,2.5865479380298163e-25,1.895069191231745e-26,1.6982353383493718e-30,6.234009678518405e-07,8.199431943261389e-07,4.520407083070745e-09,3.5054792051607817e-06,9.751571631976958e-23,4.864822237351822e-24,4.220938340106946e-10,1.7795776673339894e-06,7.914011039302499e-22,3.760302130566521e-18,7.490054805255449e-31,1.503827636592049e-24,0.0,0.0,3.2500690159066553e-15,3.712824358370287e-15,8.436287411313675e-23,1.1664860596853185e-16,3.631729894250208e-33,4.8689566377922734e-24,3.395278594697419e-33,1.2816809244457465e-35,1.9480839645898226e-34,5.412944936960152e-14,1.752781363763253e-13,2.341115025566865e-15,2.994925880937562e-23,9.057088630012423e-22,8.99040946335606e-26,4.0026561490136014e-16,3.390824996904203e-13,5.736013328471263e-23,6.636971466354328e-25
28593.018398390996,5.390022659054157e-07,0.00017646055809036957,1.3377496850892045e-16,8.991224263268568e-17,2.1382743783332547e-18,3.967265015437561e-18,5.024868071216655e-22,1.3260299332732927e-19,3.1403728636006296e-42,1.3663789283608209e-33,2.4310225463476198e-42,1.1726687893001222e-23,3.364427041121191e-20,2.3286449069628717e-29,1.3699583412588745e-25,4.2161149008757504e-23,2.8723184696982483e-45,8.844081942711933e-42,2.795031505571657e-31,6.528153347094725e-38,3.9079747065787506e-37,5.461645542529996e-38,1.1111936732608485e-11,4.7683758386776765e-12,1.2446095487893928e-13,5.355923943658482e-13,1.736671545671875e-30,1.4517933446919246e-26,3.213346463783496e-16,1.3960455911315479e-14,1.0160894250931945e-32,7.679736637022161e-41,8.758305029954203e-28,1.6533454141833352e-29,7.469201455856051e-27,2.595409662398442e-27,3.812329196513812e-22,2.1333217545329583e-22,2.0588321383042702e-22,3.312320693749643e-08,7.455850630333979e-10,2.8851920039761123e-12,2.0728334176586994e-13,5.076156407064262e-10,1.1276982913464349e-11,3.3881783653950567e-19,6.384752053051322e-19,5.015141003339653e-18,0.027413887779915717,0.5176903006377161,0.02354017009100548,0.22936523966383615,1.380563129009753e-05,6.279443319031294e-13,7.567431094094854e-21,3.233447787821261e-20,1.260075092878217e-20,7.801738617966238e-23,1.238278164146777e-24,1.8756115009899212e-23,2.922593451711621e-29,6.18497317185565e-21,2.4498836762206685e-09,1.8202053480971715e-08,5.771230636754218e-18,9.146401246379351e-16,0.0,1.271372423054592e-31,2.706647522205057e-31,3.2901140599755197e-06,3.0992617764521405e-10,1.98274506417565e-22,1.2779795741641344e-33,3.39600785061104e-12,2.7184047287570833e-11,3.0350522685729627e-15,9.228216111438027e-15,2.182310775354782e-16,8.906869059551957e-18,3.5703319555670515e-13,5.4182608194482114e-21,1.7381356010695298e-28,7.578892263224835e-22,3.384960298322781e-20,0.09633205321041106,0.0036677930702202896,1.5520948483703082e-07,5.054992796419531e-16,2.0655765588516904e-26,3.836618702067149e-15,1.4715091842902954e-14,7.58962157194709e-20,7.33480482037517e-13,5.984984844945502e-29,2.0916374242083407e-14,8.607870106690496e-15,2.654319419431424e-30,4.648903987582844e-25,7.527836642651658e-18,5.3793515500945965e-09,2.2506206484499037e-06,6.171396042183239e-05,6.891700984723335e-08,1.4809758948434496e-11,1.3412478400535906e-13,7.028068981103803e-15,3.351327231471374e-27,8.197857052455792e-09,8.556824536953328e-09,4.2700167188317604e-11,2.6889576048404123e-10,1.8286527313717453e-37,4.2848440099981573e-16,1.420546065578953e-12,3.572816586477297e-18,1.802538613810309e-11,3.81526051622376e-12,9.473266080319511e-21,3.1951771457156657e-17,3.3087141206639512e-15,0.0003288887992938628,3.73606611337232e-06,5.0554509716952755e-11,3.306242423397691e-11,3.1755005606494854e-29,1.5620586596174045e-16,4.113859638599682e-19,1.170884155435492e-25,6.255752071767004e-27,5.328691167940486e-31,5.07780992619669e-07,8.456823313032049e-07,5.775030289716173e-09,3.5042247371398224e-06,7.740117206582712e-23,3.2462975383447003e-24,5.727113218664221e-10,1.7794271531005701e-06,7.10104001804536e-22,2.3567795088232933e-18,3.5128778427604906e-31,4.2251967750824565e-25,0.0,0.0,2.6070942559916723e-15,2.6855436724874393e-15,5.2973808111197e-23,8.155105210109872e-17,1.61281096686438e-33,2.4619660534564187e-24,1.4825689611766968e-33,5.669178491341975e-36,6.883141646296776e-35,2.6275388685156386e-14,1.0296455356801927e-13,9.610778956759031e-16,2.7138529998420206e-23,5.49232107594977e-22,5.760660263386327e-26,3.9007322617554495e-16,1.9838177477439419e-13,4.036163285352578e-23,4.600178027733222e-25
41347.91122766806,7.443449007415425e-07,0.00017625547399546373,6.655108598915347e-17,5.676871318229431e-17,8.300346949249346e-19,1.8111635709827802e-18,1.9994469933922522e-22,4.334843664376904e-20,8.942727223923157e-43,4.58501203492432e-34,7.202832901696009e-43,3.7144980402894684e-24,7.327369056300855e-21,1.837738078089158e-30,3.2757365658130623e-26,1.2021170780228532e-23,2.915468480023511e-45,9.593013814198569e-43,3.1696074875528414e-32,1.2774826873329852e-38,3.895326701882401e-37,4.770806273506168e-39,9.533229992331291e-12,4.074961962613456e-12,7.845166992115083e-14,3.722248141227806e-13,6.605081105743517e-31,3.758753658528961e-27,1.7519657926006054e-16,6.835747932955871e-15,4.6492445810525215e-33,1.44262970910212e-41,9.475691503300952e-29,1.4547500392059154e-30,1.682584931919751e-27,5.116187821112384e-28,1.5513016932008506e-22,5.181534044002609e-23,7.112582495996738e-23,3.306070055068652e-08,8.154561317884926e-10,1.1728557021604555e-12,9.025724141101821e-14,2.586568076440575e-10,6.6609241617297295e-12,1.039701999091667e-19,3.450395678320607e-19,3.154391945846109e-18,0.037415559053580995,0.5266044585039044,0.032214072722526195,0.2205751853935804,1.1859669200971722e-05,3.4559059146717415e-13,3.9453497043585156e-21,1.495068559560931e-20,4.4862095479192664e-21,2.1825873437562623e-23,6.743831809730715e-25,7.49029452250378e-24,8.717492409035793e-30,9.561535938386231e-22,1.346236656455665e-09,1.2981223417479563e-08,4.9348532148603334e-18,6.4605942391818445e-16,0.0,5.305840691875383e-32,1.0017611708364515e-31,1.9892910110491367e-06,1.5572559795066164e-10,9.179315639017707e-23,1.792110810586178e-34,2.263258597635287e-12,2.1234468335805506e-11,7.445013873833003e-16,2.859669513321805e-15,4.7635991118755544e-17,4.920235431070214e-18,1.435110768861235e-13,1.248139619405114e-21,6.015573917294053e-29,4.281767393606118e-22,1.5339224923340242e-20,0.09500215570100333,0.004997725292466958,1.2049664609474536e-07,1.5046457655636562e-16,5.9265217347953215e-27,1.3114868723765536e-15,7.586824452103666e-15,3.6296640780641704e-20,3.0949507724443527e-13,2.309157195336491e-29,1.7470493409031397e-14,4.876746586826642e-15,1.316655655458797e-30,2.9110666515174403e-25,4.839692178805588e-18,5.825029907365644e-09,2.25017497009264e-06,6.171702749235286e-05,7.159592318671581e-08,4.905082304522611e-12,7.434660491207483e-14,2.733528301315533e-15,3.8073451712760605e-28,4.7541442003103825e-09,6.4358462541166474e-09,1.8185045795654485e-11,1.4268504571147702e-10,3.449325491985526e-38,1.3012551769311317e-16,5.310338230978774e-13,9.398082626133118e-19,1.1154502448853004e-11,2.7966847551878935e-12,2.8496591067223015e-21,1.7697173514927086e-17,1.4065787642749265e-15,0.0003276763067766685,5.059209726050793e-06,3.4054277205227396e-11,2.4299337962014514e-11,1.1310050924802815e-29,6.510585100718574e-17,1.2549552978017817e-19,5.0913480160659896e-26,2.1190339179733285e-27,1.637589798694289e-31,3.972050064905993e-07,8.523986809803846e-07,7.106250678432743e-09,3.5028936107797746e-06,5.851188541876027e-23,2.1411879532102184e-24,7.571727465926295e-10,1.7792427513689341e-06,6.232057777502669e-22,1.4764923930320438e-18,1.6086085954505536e-31,1.201323995609623e-25,0.0,0.0,2.042186355378012e-15,1.9516966153756417e-15,3.2500567239993146e-23,5.745325963652402e-17,7.062186732892126e-34,1.2605400184232536e-24,6.382899092297398e-34,2.464725523378358e-36,2.4819394623812155e-35,1.2271336527134556e-14,5.917151053036212e-14,3.88814762138707e-16,2.3502457275879397e-23,3.2682550198182515e-22,3.6563506999356597e-26,3.502972859666351e-16,1.1376058924583445e-13,2.471444054562602e-23,2.789106022061486e-25
59792.559815487155,9.90554753201796e-07,0.00017600939730356673,3.417976438685793e-17,3.6213082417139715e-17,3.3084104091579346e-19,8.535369563063078e-19,8.478003873397213e-23,1.4887963184585568e-20,2.526469582115118e-43,1.508894458780606e-34,2.1380186190390193e-43,1.2210407376499964e-24,1.7019723089998303e-21,1.6157450920599144e-31,8.512567873107106e-27,3.645250963995148e-24,2.9393407472187455e-45,9.73398100462627e-44,3.8623074601168046e-33,2.7529355462277664e-39,3.876979879612264e-37,5.196116169736131e-40,8.000105446068848e-12,3.4133782716010962e-12,4.990677330342953e-14,2.622969536211675e-13,2.444674333552741e-31,9.799061367558657e-28,9.556911769695769e-17,3.446201542448175e-15,1.0406662373677966e-33,2.6705250102435377e-42,1.0924502673539973e-29,1.4181068398732284e-31,3.819573715502199e-28,1.050504003321067e-28,6.355816827101843e-23,1.293772642959956e-23,2.5680576515675212e-23,3.2967064186224846e-08,9.140203323630792e-10,4.981877192853271e-13,4.069858897013985e-14,1.3158570300128682e-10,3.898883170913051e-12,3.136802692152922e-20,1.882681604327917e-19,2.0029769113372744e-18,0.04939043745467858,0.5406459152953477,0.04269135290990104,0.2083190084992533,9.941145276025605e-06,2.0012211443868484e-13,2.049669288596612e-21,6.882106015025166e-21,1.695528526354749e-21,6.263579272585428e-24,3.5571531395695024e-25,3.09455736949702e-24,2.712946080476859e-30,1.5648992612216155e-22,7.238171097683896e-10,9.158658954876955e-09,4.110046084178231e-18,4.629259555083832e-16,0.0,2.272719258995892e-32,3.570969323192579e-32,1.1919140606298022e-06,7.860250188987208e-11,4.404028038427924e-23,2.831528473434439e-35,1.527995449745504e-12,1.7187363847747755e-11,1.9004779521368773e-16,9.293622103249052e-16,1.1074443532166019e-17,2.723197354351284e-18,5.859777751983883e-14,2.9169483563074433e-22,2.0227558230875712e-29,2.432686392040656e-22,7.197366484933016e-21,0.0935032094440048,0.006496701520806507,9.052530507997747e-08,4.620190578569624e-17,1.772563189873116e-27,4.572305466514464e-16,4.0192633142791554e-15,1.778628704662446e-20,1.306063708073274e-13,8.326737252122975e-30,1.4233959400378596e-14,2.7564638872145482e-15,6.4507282907406715e-31,1.8358874545250895e-25,3.048527382688898e-18,6.14234422102066e-09,2.2498576557789858e-06,6.171645204672678e-05,7.572948217626835e-08,2.0480650378963307e-12,4.3560844501589614e-14,1.1437799248439586e-15,4.6813034665286824e-29,2.784853406483698e-09,4.933644565406255e-09,7.876705930318524e-12,7.832330103334459e-11,6.576643557937075e-39,4.0744321900178716e-17,2.085350302138891e-13,2.6374710098828045e-19,6.7631374382310854e-12,2.070691738025831e-12,8.687621257373172e-22,9.658032004847138e-18,6.248434356103563e-16,0.00032616111017172715,6.6903895546266125e-06,2.2029437386884585e-11,1.7990234112023125e-11,3.890074133582239e-30,2.6429556890791244e-17,3.846225905540706e-20,2.2149728773381475e-26,7.649288671167131e-28,5.046302119383356e-32,3.0011824680936164e-07,8.381962915194652e-07,8.375617997063683e-09,3.501624298430105e-06,4.268787123335321e-23,1.4136740223123042e-24,9.640828397298987e-10,1.779035874305055e-06,5.361481865183239e-22,9.360062439099223e-19,7.523424728479256e-32,3.6265661075313926e-26,0.0,0.0,1.577573823599356e-15,1.4594531610681539e-15,2.003061097796325e-23,4.109959402082461e-17,3.1532670941676824e-34,6.743567654415619e-25,2.806330429544137e-34,1.0932636059120418e-36,9.495850604513528e-36,5.690213642648776e-15,3.392660181743171e-14,1.593388145650568e-16,1.986537363842001e-23,1.9595093941765228e-22,2.3343605658527032e-26,2.9050704880794598e-16,6.518509113445131e-14,1.3425471314772174e-23,1.5078299700218424e-25
86465.07412679883,1.2496962921758715e-06,0.00017575032155850095,1.869533140774116e-17,2.3790190818910315e-17,1.4136972693357288e-19,4.2835606564968687e-19,3.975289570835369e-23,5.588568073365568e-21,7.430260897561489e-44,5.041897106125633e-35,6.636095196565802e-44,4.412922502685536e-25,4.528511161317157e-22,3.970592533383966e-31,2.5438844306378044e-27,1.2486283296224194e-24,2.951999538342179e-45,1.0365618073399037e-44,5.703380581487692e-34,7.001642152855956e-40,3.8505924540156115e-37,7.825844238593208e-41,6.5776198126368615e-12,2.8216777375226433e-12,3.252826755575202e-14,1.8937089963202064e-13,9.238468798042834e-32,2.6805169847695085e-28,5.329135914382284e-17,1.8232271800915204e-15,6.991205763647269e-35,5.171196491884175e-43,1.4949511479145217e-30,1.7140070141639865e-32,9.216580142493124e-29,2.3671777823358362e-29,2.694499155642262e-23,3.5100264256001056e-24,9.962785005166689e-24,3.283289382648616e-08,1.0513393431330578e-09,2.3563491309236637e-13,2.002823175789111e-14,6.986425662201564e-11,2.323507235315984e-12,9.9338458464387e-21,1.0730220697490325e-19,1.3102290335688138e-18,0.061987363573051284,0.562855688811356,0.05394196107200841,0.19159135222965956,8.190252812008466e-06,1.2438610448638418e-13,1.0918515873080356e-21,3.2795563783656047e-21,7.060068490677345e-22,1.9259864186661035e-24,1.880114855938037e-25,1.3746910066477144e-24,9.216232755499353e-31,2.9882782702642693e-23,3.869297737860227e-10,6.4235817185186226e-09,3.358453613674821e-18,3.3951469866576737e-16,0.0,1.0373525970430067e-32,1.2828832553606656e-32,7.190892081367197e-07,4.0397760816285394e-11,2.242547560988326e-23,5.6265891109646895e-36,1.0641397488852883e-12,1.4578304527267175e-11,5.449379614826691e-17,3.369226760004244e-16,2.9418617319843297e-18,1.5538800777313108e-18,2.513728581382151e-14,7.31854876716288e-23,6.90218512898286e-30,1.4192090319009832e-22,3.608067305080626e-21,0.09215617564512552,0.007843758487853979,6.735713686292505e-08,1.5450566310976458e-17,5.759822841146745e-28,1.727795196951612e-16,2.234279604109679e-15,9.341048554036064e-21,5.718665911232861e-14,2.9039909418229e-30,1.1413602004737183e-14,1.6057372587233259e-15,3.2390281132428513e-31,1.1949036458038806e-25,1.9165720547997062e-18,6.3354478907705005e-09,2.2496645521092393e-06,6.171204752642408e-05,8.224888832453321e-08,1.009579804697265e-12,2.7918015731412063e-14,5.366485035912982e-16,7.060312094675534e-30,1.7033632803345676e-09,3.9426056957309905e-09,3.616678823785519e-12,4.5891784757075555e-11,1.3853563445950302e-39,1.3820160395138615e-17,8.953473494586194e-14,8.290880969851503e-20,4.114848238531522e-12,1.5685558212673852e-12,2.8923301927608235e-22,5.4510154676661976e-18,3.050326779060772e-16,0.0003244785817694517,8.493420464526592e-06,1.401273715896895e-11,1.3599254828663286e-11,1.353696994907099e-30,1.0947570372899286e-17,1.2764570594525512e-20,1.0092564967122864e-26,3.0827427749498484e-28,1.6184514530979732e-32,2.2030346222692613e-07,8.007101535709899e-07,9.422865429334739e-09,3.500577082480747e-06,3.0737209593717476e-23,9.53753870697124e-25,1.1679503376220852e-09,1.7788320246152751e-06,4.580127976379447e-22,6.119267636869764e-19,3.74607090228546e-32,1.2345247703567444e-26,0.0,0.0,1.2160861968736856e-15,1.1529616362932706e-15,1.2829449151429072e-23,3.0114151154095994e-17,1.4960079155894886e-34,3.9038074954776145e-25,1.3148127103630309e-34,5.173982124858962e-37,4.02701144497975e-36,2.714804656840201e-15,1.986422625043292e-14,6.829976688255884e-17,1.6787141176584795e-23,1.2214806561354946e-22,1.5328503682702501e-26,2.2440841886325905e-16,3.818945632906899e-14,6.679796430820136e-24,7.506717379295132e-26
125035.77479913068,1.4756982512183738e-06,0.0001755243524014027,1.100266174837494e-17,1.6312307101506936e-17,6.598396779484255e-20,2.3221918014338044e-19,2.0423098954108902e-23,2.3301423687150317e-21,2.3342426691198294e-44,1.7386843098730765e-35,2.1879970776546213e-44,1.8141315379929193e-25,1.4389234950777997e-22,1.1802163914456305e-32,9.00247695550698e-28,4.9857668213845645e-25,2.9584372008990625e-45,1.5412067851392965e-45,1.1000785609338488e-34,2.106978661179377e-40,3.812787652530139e-37,1.6959903507159176e-41,5.2974964699386074e-12,2.3120092876554162e-12,2.164303476255266e-14,1.4042333584365403e-13,3.687239243723005e-32,7.769069960795201e-29,3.0617678671236476e-17,1.0161687149165667e-15,7.977890535739718e-37,1.0739824847106242e-43,2.5991633619674895e-31,2.7472626666674878e-33,2.409438310206975e-29,5.943304040326118e-30,1.1924062523600189e-23,1.0638808991242226e-24,4.174924159290815e-24,3.264235986582019e-08,1.243767125821694e-09,1.2998506920277497e-13,1.1165059778205457e-14,3.9966675994566366e-11,1.4288531119816309e-12,3.4418807623179575e-21,6.496724009395932e-20,8.955124375008522e-19,0.07298851157021329,0.5966737068418041,0.06418651660318223,0.16956208583909801,6.664181266130432e-06,8.348868676977453e-14,6.062882006481841e-22,1.6585536422979789e-21,3.2992154236032395e-22,6.433368804886755e-25,1.0208810201371067e-25,6.706973875268766e-25,3.494823644120295e-31,7.078592872476789e-24,2.0523913355931962e-10,4.447615492318723e-09,2.7046929153050543e-18,2.5527682600937806e-16,0.0,5.143448585047792e-33,4.742935256204414e-33,4.395721122311482e-07,2.102341088427408e-11,1.2170622139776701e-23,1.4722438330408215e-36,7.709069485650135e-13,1.3018612722673177e-11,1.845315809170887e-17,1.417026807873854e-16,9.29943891369747e-19,9.244606200254718e-19,1.1474023255982641e-14,2.014784208187168e-23,2.4395329438873688e-30,8.552972508857207e-23,1.95870252820721e-21,0.09139920845943611,0.008600742234635802,5.079604439057933e-08,5.787455679305493e-18,2.0481462098983243e-28,7.37485588927498e-17,1.310654838583983e-15,5.438758834216209e-21,2.638328098430818e-14,9.923997065578463e-31,9.054457404471046e-15,9.831998603038906e-16,1.7051361155094756e-31,8.170786495305789e-26,1.2123600645892819e-18,6.417205405555637e-09,2.249582794594456e-06,6.170269100532939e-05,9.281878989615386e-08,5.917905409446579e-13,2.018329227403732e-14,2.9144630023553524e-16,1.420585434011295e-30,1.1121875819242742e-09,3.3417922659937814e-09,1.8035444501635537e-12,2.924781635382012e-11,3.4212448246892286e-40,5.2090310489020315e-18,4.288872712373894e-14,2.9830246212488017e-20,2.5423415625095032e-12,1.2209257899873746e-12,1.1129377406721657e-22,3.307168107235488e-18,1.6953048773910495e-16,0.0003228949980331291,1.020714900646125e-05,8.886422358706527e-12,1.0554471336940995e-11,4.866382558917969e-31,4.7711607188224806e-18,4.816520804205167e-21,4.9164033413495324e-27,1.4207086508389252e-28,5.500217172491852e-33,1.56452988382193e-07,7.366419775346084e-07,1.0136759355907281e-08,3.499863206925682e-06,2.2291479340475114e-23,6.682588942944079e-25,1.337546406190839e-09,1.7786624382796866e-06,3.912732594799714e-22,4.1803286190865673e-19,1.9876162293670493e-32,4.893037834472452e-27,0.0,0.0,9.408486360980202e-16,9.801257921116757e-16,8.738146318600747e-24,2.2632315813298583e-17,7.722185489728033e-35,2.494313703889153e-25,6.726175093795949e-35,2.680956519456919e-37,1.933476863142411e-36,1.3502597971461663e-15,1.1988884672912127e-14,3.0955539462315196e-17,1.4416091818921723e-23,8.085074107218395e-23,1.052356209010871e-26,1.624564846216115e-16,2.3085286443022977e-14,3.1042067619090603e-24,3.5097035006983613e-26
180812.25439872022,1.6377431688821322e-06,0.00017536232570477774,6.727324685176615e-18,1.1497869516873283e-17,3.217312924702748e-20,1.3138328041779282e-19,1.0748345544413629e-23,1.0250873882557852e-21,7.379657937963856e-45,5.834141469295418e-36,7.171209356582739e-45,8.125183333729036e-26,5.1647148933213095e-23,5.660731837331928e-34,3.5703029585300625e-28,2.210665072297078e-25,2.961255112097172e-45,2.680966896839707e-46,2.577757237459832e-35,6.774175968024309e-41,3.7588346486692143e-37,4.762476609887289e-42,4.129773470122599e-12,1.860965435590093e-12,1.4195526252876887e-14,1.048521304160617e-13,1.4971283029569858e-32,2.1899105722838644e-29,1.753368315963319e-17,5.735165364052222e-16,9.485614641718698e-40,2.1779651655097425e-44,5.326188492196529e-32,5.3685946666522055e-34,6.275307176387728e-30,1.5172737288798078e-30,5.236733117517843e-24,3.373970263207208e-25,1.7811166206232817e-24,3.2358986644569184e-08,1.5282560740045508e-09,8.19759582863415e-14,6.928731289918267e-15,2.402675946253529e-11,8.826388936082504e-13,1.2380112495641284e-21,4.078772207411832e-20,6.299411978081302e-19,0.08091781662402456,0.6436932915661172,0.07211607113199824,0.14208922316706554,5.301182658400831e-06,5.879537240798403e-14,3.4017796356815294e-22,8.653685556523907e-22,1.6590513197517908e-22,2.1728348247962157e-25,5.576084887300333e-26,3.4643304609206933e-25,1.4026360881138396e-31,1.9545128995987075e-24,1.0292186624324538e-10,2.9366050974861497e-09,2.124905216718361e-18,1.9295896948158763e-16,0.0,2.6707817689795612e-33,1.7039367800525442e-33,2.6423671206788696e-07,1.0492077529259808e-11,6.74292188914094e-24,4.642633372997641e-37,5.690983816897178e-13,1.2129387672215165e-11,7.083454180396627e-18,6.665284989354461e-17,3.3062351124257665e-19,5.568309804401651e-19,5.305407836390307e-15,5.607092008124206e-24,8.423502004749644e-31,5.1625940237589643e-23,1.111263897184817e-21,0.09139909680501607,0.008600865973230705,3.871186966038904e-08,2.3046629191164337e-18,7.420228451237673e-29,3.446385113081856e-17,7.8062644100765165e-16,3.4602806201527284e-21,1.2240310216966272e-14,3.108897535007157e-31,7.029953880855686e-15,6.188559256423109e-16,9.153475847564085e-32,5.789525503489362e-26,7.502361594494754e-19,6.419400410093755e-09,2.2495805995899217e-06,6.168561464356706e-05,1.1059743000852566e-07,4.0040941086545877e-13,1.639379368735211e-14,1.788713555423249e-16,3.5553075617958727e-31,7.632020096704983e-10,3.0004692454832707e-09,9.447404184324223e-13,1.985465317032905e-11,9.342348228608927e-41,2.069793366559668e-18,2.2006511837166868e-14,1.156285052289895e-20,1.551911791453711e-12,9.579879815695656e-13,4.8278373751015345e-23,2.1435141823231717e-18,1.0524952787294315e-16,0.00032162514497079375,1.1624504568096864e-05,5.488508551582397e-12,8.259660571769043e-12,1.7112286426152047e-31,2.1057720725492373e-18,1.9701283209137184e-21,2.474656055761388e-27,7.19494933353659e-29,1.8624946810564948e-33,1.043955106410788e-07,6.428499754764574e-07,1.0532727360201624e-08,3.499467250642092e-06,1.6220061449108578e-23,4.803486238535977e-25,1.4579825141683935e-09,1.778542007950903e-06,3.3174985518449782e-22,2.937916497827899e-19,1.0633892810782455e-32,2.1518398777379342e-27,0.0,0.0,7.208828999879682e-16,8.9391251848571e-16,6.2428754392915666e-24,1.710572912937417e-17,4.1949370782042744e-35,1.719509744815465e-25,3.63262053002978e-35,1.4698738444903814e-37,1.0072666546539545e-36,6.693204733284822e-16,7.219338319020636e-15,1.407861125013095e-17,1.2544521435646425e-23,5.598785146440194e-23,7.454027245853738e-27,1.0856114424775253e-16,1.3936415417972459e-14,1.2972167664340236e-24,1.481303748420613e-26
261469.73850698897,1.7481219545586952e-06,0.00017525195903512027,3.988492936083824e-18,7.926337847430716e-18,1.489068901873527e-20,7.151591867551918e-20,5.252328303661822e-24,4.2193725172081784e-22,1.9897817463312082e-45,1.633823714671653e-36,1.9847442759845622e-45,3.535780629267446e-26,1.7749312821625153e-23,1.397735626855242e-34,1.375829229989828e-28,9.678412128998395e-26,2.961653695611963e-45,3.990261234499364e-47,5.857548860622055e-36,1.965224115903935e-41,3.682243774676014e-37,1.3777347580213045e-42,3.030337929927319e-12,1.4337119815492303e-12,8.706676455284993e-15,7.536702559326746e-14,5.44626121220498e-33,4.9140760584618255e-30,9.225355858265374e-18,2.9978356323053703e-16,2.66941270027305e-43,3.396258855857603e-45,1.0119112651943237e-32,9.915124866383829e-35,1.3255600697789282e-30,3.174758944949536e-31,2.0211804999608307e-24,9.404685401530542e-26,6.769603380984866e-25,3.189501469249139e-08,1.9930053846601416e-09,5.3821295780362764e-14,4.418366955078019e-15,1.3884513442471646e-11,5.11772515587668e-13,3.942244106463091e-22,2.5226726707233145e-20,4.3359173343784356e-19,0.08636914756192161,0.7014077856911082,0.07800465252551632,0.11028926013433257,3.995061296487527e-06,4.065651486993734e-14,1.764524969759343e-22,4.252015235168966e-22,8.034973566830744e-23,6.251957241425732e-26,2.8280545957643936e-26,1.707689194520563e-25,5.180396143873696e-32,5.163574690316754e-25,4.3975201598028275e-11,1.7281594855442603e-09,1.5794228004572274e-18,1.4029910396456385e-16,0.0,1.3145815812555288e-33,5.1048244316335095e-34,1.4479768454427247e-07,4.490098869522939e-12,3.473770413455436e-24,1.4439971782125225e-37,4.055626132411804e-13,1.1533703720544092e-11,2.67138996804814e-18,3.0982961377248087e-17,1.117616717035607e-19,3.1964873170827645e-19,2.2130238328645148e-15,1.2933004794557352e-24,2.434516590880956e-31,2.937064095427587e-23,6.076356242795464e-22,0.09183586973174904,0.008164103082537823,2.8675829700011073e-08,8.456554653853319e-19,2.3686001962696998e-29,1.5700065184988007e-17,4.315202641345087e-16,2.23814870361291e-21,5.091364071675495e-15,7.540119603542812e-32,5.174306988042237e-15,3.757531453065773e-16,4.5906474272976124e-32,4.03143456447079e-26,4.218245817610778e-19,6.388273245826429e-09,2.249611726754198e-06,6.165449733176884e-05,1.42175007323482e-07,2.8257127657191075e-13,1.4326694483132257e-14,1.1364402874170596e-16,8.649706628393269e-32,5.188194141753786e-10,2.7926747942664773e-09,4.7001074094147e-13,1.344148840172086e-11,2.3082378824701485e-41,7.505651889538173e-19,1.0834090735404298e-14,4.137504109438853e-21,8.681030001572762e-13,7.234496880742365e-13,2.08628372652442e-23,1.3964639856421101e-18,6.73389798711805e-17,0.00032064116921516454,1.2775610080836177e-05,3.0750644694463257e-12,6.22518681088173e-12,5.172080044637469e-32,8.301264548922986e-19,7.451808326751531e-22,1.1974797011696501e-27,3.628225854081837e-29,5.345096433503567e-34,6.16157234144517e-08,5.197937476013406e-07,1.07412016776264e-08,3.4992587847550563e-06,1.1407595006199504e-23,3.373020095997218e-25,1.5416862811428636e-09,1.778458308027701e-06,2.747411044431524e-22,2.0194693180908787e-19,5.245540669217873e-33,9.330277577570429e-28,0.0,0.0,5.273406125140922e-16,8.54106495373639e-16,4.426538635870854e-24,1.2438798720018254e-17,2.1723896004185513e-35,1.194753653369265e-25,1.8739043636519528e-35,7.695011079109051e-38,5.0885127905207755e-37,2.9779306263791807e-16,3.993621840037281e-15,5.660078717528546e-18,1.0857694156223837e-23,3.833227427432227e-23,5.178449524369443e-27,6.378317504851034e-17,7.741959811423893e-15,4.340025371834704e-25,5.008455228338892e-27
378107.249324784,1.8349957816070152e-06,0.00017516509370534114,2.1612672296524492e-18,5.0478738739845775e-18,6.046333985056222e-21,3.461950377843817e-20,2.1697409164687714e-24,1.4342257689842342e-22,3.730262261629506e-46,3.154872774512421e-37,3.799905225589664e-46,1.3500883698529602e-26,4.857316875377035e-24,-7.950294298849948e-31,4.4486335636332674e-29,3.787867962233431e-26,2.9602450086802135e-45,3.7756643757175045e-48,1.0245871110201353e-36,4.406170082126678e-42,3.574367454561774e-37,3.269003943662255e-43,2.0183331647393558e-12,1.025357965605947e-12,4.780541314587496e-15,4.9472748661064915e-14,1.5178533863769327e-33,6.859676281468623e-31,4.036852372219033e-18,1.3063385384213044e-16,1.9942647482388746e-44,3.0305136768859628e-46,1.3592177397102718e-33,1.3048587296632034e-35,1.7638473409945965e-31,4.198406762640086e-32,5.907813003005172e-25,1.8791468473904013e-26,1.9579557008858398e-25,3.104953828320726e-08,2.839241487794932e-09,3.3176708381116143e-14,2.6454344785592375e-15,7.113258407011277e-12,2.634381334803751e-13,9.486444375695922e-23,1.499099644012046e-20,2.7542840764651033e-19,0.09068870862978541,0.7634547890398021,0.08278712017208405,0.07687600157439896,2.7300700519117444e-06,2.558521655141913e-14,7.60202605205814e-23,1.761527533261422e-22,3.304100394408045e-23,1.2454721446124373e-26,1.2014016303825934e-26,7.116577393469637e-26,1.500398306412492e-32,1.0531726801490598e-25,1.4012919452506687e-11,8.31400692940388e-10,1.0647254276140335e-18,9.311583186617283e-17,0.0,5.4608062406572245e-34,1.0497642782230738e-34,6.56877215404859e-08,1.4339844830187047e-12,1.495272102188693e-24,3.613102109467025e-38,2.6099848619952676e-13,1.0933645295170077e-11,8.471305720092034e-19,1.2345908431528825e-17,2.9563419063724016e-20,1.658837481213268e-19,7.41894828078358e-16,1.9881337830445694e-25,4.848461745235085e-32,1.4909701674114028e-23,2.965753652535337e-22,0.09229827803208894,0.007701703797089073,1.9660938796490574e-08,2.4295701593118997e-19,5.7270780472518064e-30,6.088167422734894e-18,1.989979522068103e-16,1.3536813262847434e-21,1.6848647806081712e-15,1.1423317486434801e-32,3.4585790742059654e-15,2.064257737173539e-16,1.932306357666038e-32,2.5881263783819536e-26,1.9584305318877294e-19,6.358331281843102e-09,2.2496416687181713e-06,6.159383921089223e-05,2.0318886734597341e-07,1.8555546609501658e-13,1.2898155687605114e-14,6.790075228626295e-17,1.5493862765016102e-32,3.259186204962404e-10,2.636042428808946e-09,1.9693335649578245e-13,8.424166003740024e-12,4.05365230121566e-42,2.0914724503751217e-19,4.507485400171825e-15,1.1421500169047194e-21,4.0473581827212595e-13,4.972452430518485e-13,7.7608814962735e-24,8.483332566169614e-19,4.0627525375206525e-17,0.00031980199022551344,1.3791056896053851e-05,1.422301473793825e-12,4.273169894902829e-12,1.1664848397772679e-32,2.4910947851209943e-19,2.16381685960622e-22,5.288341419984731e-28,1.6645051337571826e-29,1.0628373875968142e-34,2.9667169859576487e-08,3.7641918317347434e-07,1.088424354286503e-08,3.4991157490449062e-06,7.367583315035732e-24,2.1786820169372463e-25,1.6078069382303375e-09,1.7783921899276543e-06,2.2055304849213164e-22,1.280995592114968e-19,2.1808835826240876e-33,3.6079445397455875e-28,0.0,0.0,3.513612979255681e-16,8.348064113006229e-16,2.9135530315032647e-24,8.257053627765693e-18,9.523733181340104e-36,7.752017156137082e-26,8.191088358186979e-36,3.404202490932664e-38,2.1913328872341688e-37,1.0589899657561698e-16,1.8319444525233964e-15,1.7228751161362854e-18,9.23924834871344e-24,2.427989567629724e-23,3.317248644102089e-27,3.058126532937584e-17,3.580468793321454e-15,9.933663343731883e-26,1.1561584774088287e-27
546774.9071395234,1.9073673514599113e-06,0.00017509272728401023,1.0397917591452685e-18,2.8405528085610193e-18,2.107578923844578e-21,1.4273472186432096e-20,6.896303358585088e-25,3.673752718577514e-23,3.7224876001523742e-31,1.9954838043370168e-36,8.525288797112298e-34,4.3808999704373915e-27,9.292873400019606e-25,-4.206063209763051e-32,1.1008908578291411e-29,1.2874989365513773e-26,8.712641273325102e-36,-5.920937808733855e-48,1.2043611786108508e-37,7.332110154491918e-42,3.4241895802449158e-37,5.335580186834867e-44,1.172620591738421e-12,6.677776534652748e-13,2.2815300505308133e-15,2.8187409235717066e-14,1.393573238782562e-34,4.614925948027851e-32,1.3281260702226715e-18,4.283162934447244e-17,-2.248257243549777e-36,2.887629263152931e-36,1.0500947040877155e-34,9.920849322524457e-37,1.1434186613359024e-32,2.7080099922686865e-33,1.1238713389419715e-25,2.25448400043689e-27,3.693726611779543e-26,2.9345621303357636e-08,4.544133718965149e-09,1.7897049225846323e-14,1.3936537528395149e-15,3.3476377900299307e-12,1.2605508729672346e-13,1.7152458532966687e-23,8.88934045931928e-21,1.540402386907564e-19,0.0942941868715996,0.8212687408053989,0.0867310693706125,0.04599832318373265,1.6090206580338019e-06,1.3587783690319595e-14,2.4574582541517587e-23,5.550909135205075e-23,1.0352107799333922e-23,1.396056984395604e-27,3.860246334745302e-27,2.251818448439208e-26,2.984451777200549e-33,1.4203987938179345e-26,2.866272236281475e-12,2.958823461764685e-10,6.201041789233329e-19,5.3573914583881116e-17,0.0,1.7236005290914865e-34,1.2076251672047255e-35,2.2283724831344783e-08,2.936783214633611e-13,4.855547480616925e-25,6.146085661114302e-39,1.4106622948120085e-13,1.0090323664055348e-11,2.0424865680394463e-19,3.755714291249581e-18,5.175387070387404e-21,7.549373408524405e-20,1.9594924560519103e-16,1.7984638495976547e-26,5.4352369719168664e-33,6.543004921559904e-24,1.2397665946027164e-22,0.0926363925960061,0.0073635968383187495,1.2055791751342775e-08,4.826593185301268e-20,9.255258378630707e-31,1.7978284411494216e-18,6.91474213067371e-17,7.188281103780785e-22,4.2862556982592264e-16,8.81440339660042e-34,2.000237590147262e-15,9.863323837323161e-17,6.162370401337073e-33,1.4496590859413915e-26,6.774519766530725e-20,6.338795197103729e-09,2.2496612048029196e-06,6.146047466170562e-05,3.368394351413352e-07,1.0492884793190252e-13,1.1774264390255225e-14,3.566077732950475e-17,1.674474462010775e-33,1.7841052196753625e-10,2.502136363500195e-09,6.226386298934447e-14,4.602297920039754e-12,4.0736410335636366e-43,3.8121638723588364e-20,1.417102413671234e-15,2.0654320627654059e-22,1.4311019009383523e-13,2.94313708235128e-13,2.2164200591783388e-24,4.5236055322490675e-19,2.1783530557536762e-17,0.0003190757505033681,1.4680732686614506e-05,4.903575512120772e-13,2.5293814652064876e-12,1.7320835075782423e-33,4.8556492367419564e-20,4.125935798386435e-23,2.1018767614234164e-28,6.660930172571868e-30,1.1955867415630035e-35,1.056480167723502e-08,2.3264301283777249e-07,1.0999989198830321e-08,3.4990000073655684e-06,4.157044269763668e-24,1.2272511084504968e-25,1.6619518210707841e-09,1.778338046490382e-06,1.7381787653152107e-22,7.157023873582674e-20,6.962989472942946e-34,1.2094985828669043e-28,0.0,0.0,2.0281191702221112e-16,8.255706417322911e-16,1.676811737510714e-24,4.751506068870546e-18,3.1622362829605466e-36,4.411664797516773e-26,2.713524640195954e-36,1.1375270569459215e-38,7.175355481097798e-38,2.7372706120236154e-17,6.276312982857662e-16,3.3960351394910786e-19,7.813581286266258e-24,1.3464315828312104e-23,1.8553824381507674e-27,1.0882740949916939e-17,1.2491551318782209e-15,1.3363393920042205e-26,1.5645480588592006e-28
790682.5367969447,1.960664887560582e-06,0.00017503943218832044,4.385618461784939e-19,1.3582975900988402e-18,6.385857505622379e-22,4.904955376345614e-21,1.4761525927761612e-25,6.4497295839074135e-24,3.3588397166963954e-33,1.6983330095169444e-39,1.9423200969790876e-48,1.2239976123607138e-27,1.1951787740211187e-25,-1.2512846336165952e-34,1.856036428603766e-30,3.8403187057236876e-27,5.226442344075685e-35,3.365824389037588e-51,8.74414693584739e-39,3.7045586302894695e-41,3.2187672106294427e-37,4.8734742157425614e-45,5.674202688685307e-13,4.0109831567601995e-13,9.130529970002027e-16,1.3074490096582898e-14,3.195902310950943e-35,1.0767850356337324e-33,2.8863204806323452e-19,9.284793857340776e-18,9.298483389197054e-44,1.2692457807693352e-49,1.4571529181546413e-33,2.3713926971159795e-34,2.6002339032847616e-34,6.135890913064479e-35,1.1452224942581231e-26,1.3590642954383781e-28,3.741636697767121e-27,2.5626631899280117e-08,8.264716699757427e-09,7.867950725562225e-15,6.022111889292531e-16,1.86137766797557e-12,7.160455928349937e-14,2.945820937263739e-24,5.754284854816688e-21,7.243888851016983e-20,0.09695068246570597,0.8661881928043812,0.08960468089664334,0.022102727448631763,7.652342015426663e-07,5.4054443549988054e-15,5.242676155680342e-24,1.1710679299768915e-23,2.174658657156201e-24,6.769579034299162e-29,8.249551719912292e-28,4.7596020218366e-27,3.6007670007928757e-34,1.077089488670048e-27,3.0803725381650734e-13,6.807628488444634e-11,2.9225059937090245e-19,2.5033567427931648e-17,0.0,3.6392587519704577e-35,5.965797252619795e-37,4.956840111659597e-09,3.1578106721908554e-14,1.0461312410847498e-25,5.778527837859279e-40,5.68503401749537e-14,8.589145177902182e-12,3.481824765228329e-20,7.636637334507147e-19,4.918015437437163e-22,2.917054312515956e-20,4.873188745654782e-17,1.0016963781735802e-27,2.638602659925037e-34,2.418652028321553e-24,4.340498083963137e-23,0.09285350680269831,0.007146488140998643,6.546419613680637e-09,6.350916587307181e-21,8.696646912569261e-32,3.548495129099272e-19,1.6093722796368776e-17,3.1225487681090077e-22,9.944689754844783e-17,3.0950301542513675e-35,9.379727082436959e-16,3.969742192013149e-17,1.3106415475058283e-33,6.644771083231613e-27,1.5275083229710025e-20,6.32745474516021e-09,2.2496725452548647e-06,6.111123135283383e-05,6.863141927532193e-07,4.739217792865267e-14,1.0815273767728597e-14,1.5305479483256892e-17,9.737072309901174e-35,7.920166008248168e-11,2.372900180384823e-09,1.2950419250230267e-14,2.0400035138929897e-12,1.7975130285173588e-44,3.7155663832398166e-21,2.935588007775215e-16,1.9988982943967422e-23,3.453743967220445e-14,1.3984538352955865e-13,4.271367532911402e-25,1.9727043443909647e-19,9.862625227904438e-18,0.00031852415572844743,1.5358857476970326e-05,1.1032771457107883e-13,1.2066917396895333e-12,1.4448937149043772e-34,5.044478985098755e-21,4.4752435537576184e-24,7.380269548808169e-29,2.2779361679766198e-30,5.911732493465511e-37,2.4326888777843117e-09,1.1448094779519269e-07,1.1083752467158417e-08,3.498916246223624e-06,1.930609181457937e-24,5.667074970588061e-26,1.701198615363265e-09,1.7782988003198787e-06,1.3946864814467206e-22,3.3662553528369134e-20,1.4946810024163353e-34,3.564215631571932e-29,0.0,0.0,9.499580893199229e-17,8.221599402283785e-16,7.865944656778755e-25,2.2205448956910906e-18,6.944745634081241e-37,2.0532526759772666e-26,5.949794252075083e-37,2.5082028405396965e-39,1.5605124108282774e-38,4.7006080219252165e-18,1.4061418214955847e-16,3.556100048411042e-20,6.753971909740063e-24,6.143275305603995e-24,8.497335774231074e-28,2.5271787596788282e-18,2.935071327359546e-16,1.0068113891136578e-27,1.1831169043730766e-29
1143393.4985537303,1.9918362751634732e-06,0.00017500826168127267,1.650460743572043e-19,5.462130083841029e-19,1.6508202721320292e-22,1.3541540038361574e-21,1.7302722306753097e-26,6.600983631374024e-25,-3.822657853295672e-33,2.682303303540361e-41,2.6939447450370606e-50,2.9186595942819104e-28,1.382911267504946e-26,-1.3990332307675179e-34,1.8344241853244663e-31,9.841209163955285e-28,6.629829929773315e-35,1.1353545400705645e-53,3.805982358105797e-40,4.764738991053705e-41,2.945627293367868e-37,1.8262207427620606e-46,2.216725999671051e-13,2.4422008007531007e-13,2.842240752115711e-16,4.473422090299473e-15,6.845172199761388e-39,5.300311106545817e-36,3.399254473860788e-20,1.0917945911740184e-18,7.897610056630702e-50,2.4497941200333263e-52,1.3892299369078384e-32,2.0584552464612497e-34,1.2615234252427001e-36,2.9706381612581917e-37,4.6435841759925285e-28,3.366909353827266e-30,1.5120185341099747e-28,1.7895628265790165e-08,1.599863833087805e-08,2.469868712366692e-15,1.8677079867191002e-16,1.511594118643001e-12,5.8623255835966e-14,5.379032501480055e-25,4.394248424024344e-21,2.769434639977033e-20,0.09850463151444996,0.8932880664708358,0.09127534162274448,0.007718005862602641,2.6598904752280615e-07,1.2369634578594021e-15,6.0109955455696715e-25,1.3566675595020788e-24,2.5128128359874377e-25,9.542003668514836e-31,9.622853100205156e-29,5.516997269324536e-28,2.3596056618374804e-35,3.42880750094193e-29,1.288583561493772e-14,8.286575487512402e-12,1.0092002020044435e-19,8.602713664956074e-18,0.0,4.22478675582879e-36,8.495906953964253e-39,5.939615191763746e-10,1.3210477145810536e-15,1.2285599213367672e-26,2.2009143848227853e-41,1.3144066197997505e-14,5.719022302071979e-12,3.900741846735034e-21,8.329272005583621e-20,1.8435208705530983e-23,8.895039146040695e-21,1.3201775915707562e-17,3.263314441287493e-29,3.733458675854066e-36,7.109547942508922e-25,1.2195303857319981e-23,0.09297116714078708,0.007028830979697681,3.3696318334316197e-09,7.38505560531557e-22,3.949166681769994e-33,3.7208518332854267e-20,2.1728847734194325e-18,9.696848953943005e-23,2.574291575633879e-17,6.266309507019513e-37,3.229683201129498e-16,1.2781492609125764e-17,1.5278087644342937e-34,2.2583438799767684e-27,1.837995780691976e-21,6.3217066142954795e-09,2.249678293385721e-06,5.996792669950233e-05,1.8298787614550305e-06,1.481716717991005e-14,9.556074345784232e-15,4.647194578128351e-18,3.56233248312506e-36,2.490413574776794e-11,2.1688882957009064e-09,1.4014835667137161e-15,6.408710055817112e-13,2.2604514824331025e-46,1.3923342426765367e-22,3.169481459219244e-17,7.415597986779558e-25,5.107745666890261e-15,4.778174822375875e-14,4.417849018902443e-26,6.15624359714734e-20,3.55977458877308e-18,0.0003181938783590886,1.57652771411759e-05,1.3313028534958323e-14,4.1972653062002213e-13,5.188352075703259e-36,2.0810569906854585e-22,3.046984922555633e-25,2.1306357472643473e-29,6.348385207103987e-31,9.020054373082384e-39,2.972202535586793e-10,4.053648941482918e-08,1.1132031121384561e-08,3.498867968488956e-06,6.820016446105445e-25,1.96187124879284e-26,1.723928893286732e-09,1.7782760702344358e-06,1.194730245677018e-22,1.2913984029966998e-20,1.7546387634982075e-35,9.068433724682786e-30,0.0,0.0,3.269075424994586e-17,8.213845578281317e-16,2.712929461331519e-25,7.631456503829071e-19,8.239887453337309e-38,7.049949983087764e-27,7.053018247411689e-38,2.982292460107062e-40,1.841333954694363e-39,4.892357420755265e-19,1.6938910806876248e-17,1.4754104943638182e-21,6.134464138876992e-24,2.1033466756780063e-24,2.886748187451702e-28,3.2148900924590983e-19,4.1196496374363286e-17,5.941307011117355e-29,6.995369390370418e-31
1653443.236309495,2.004774721117092e-06,0.00017499532348122705,6.738342325224067e-20,2.2172745395669696e-19,3.154898260647238e-23,2.6468721337900895e-22,8.109048196446028e-28,2.907624059700257e-26,1.0858779963215756e-30,3.939286187933413e-43,5.92370620997955e-53,5.0002265327282333e-29,1.9153832454130595e-27,-1.1928232025580633e-32,7.45007212015741e-33,1.8735206953706203e-28,3.1315565239595675e-34,7.579855060373788e-54,2.043589515084055e-41,2.2600230486956136e-40,2.6015695565439566e-37,3.365911726808578e-47,8.050904289495382e-14,1.790619103213753e-13,5.898053623277575e-17,9.672560125712434e-16,4.089663144863879e-34,2.5585136570571788e-39,1.5939934426988558e-21,5.1139069193079134e-20,2.4558763709903643e-45,5.212079453974019e-56,1.166581255471333e-30,2.2241068155264498e-32,6.053717890639623e-40,1.4242700057614088e-40,4.7607828147276726e-30,-3.631739310940298e-32,1.5563563939724798e-30,7.677688168453893e-09,2.622027958255868e-08,4.0023637128326457e-16,2.964420383212192e-17,1.4792550076659824e-12,5.736700708581427e-14,8.438232283011842e-26,3.9258732256551915e-21,9.807653452517067e-21,0.099149681025862,0.9046708549812051,0.09196328026613496,0.0016828677273943635,5.832891939859773e-08,9.516589889096106e-17,2.6072100212218007e-26,6.319984026709177e-26,1.1687287150551852e-26,2.1192830585625995e-33,4.495084328018902e-30,2.570220849691387e-29,7.536228933441104e-37,2.597130021893545e-31,1.3276325685857085e-16,3.937113521910713e-13,2.1904820617288767e-20,1.8634972995799614e-18,0.0,1.985640161862909e-37,1.8908533123507644e-41,2.86868322547054e-11,1.3596636019336532e-17,5.801517125187433e-28,3.99007948734065e-42,1.0328151898171978e-15,2.031121006222719e-12,2.945669973240508e-22,3.3158672156069683e-21,1.5898225795874286e-25,1.8300834611352825e-21,2.783697317036428e-18,3.505119667739797e-31,8.909707406115091e-39,1.4361537561802348e-25,2.4069047965972315e-24,0.09301829761015276,0.006981701814133102,2.0658305049100393e-09,1.0235082357503868e-22,6.741528389312457e-35,1.2534931581999316e-21,1.4621375801860424e-19,1.5191379946251326e-23,5.3802238004573705e-18,7.062688196304833e-39,7.001857282714581e-17,3.0391493686833718e-18,7.192985831476772e-36,4.869846256779532e-28,8.691563195442776e-23,6.319462192165449e-09,2.2496805378078516e-06,5.5654119165157274e-05,6.144300876533006e-06,2.181745981466386e-15,6.4043210905042964e-15,6.746420578232887e-19,8.006365535861577e-38,3.921926736353735e-12,1.5759077747088059e-09,4.7837539172662204e-17,1.0087566443894045e-13,3.598989703041907e-49,1.070024725581821e-24,1.0807231472171377e-18,5.4770202139043245e-27,4.2238383712350417e-16,9.657621627113338e-15,1.4800805042722203e-27,9.807334463014365e-21,9.944239692136142e-19,0.0003180556789281748,1.5935413923039266e-05,6.921215685418834e-16,9.137541065432255e-14,5.49213760416236e-38,2.359852077551821e-24,3.068854434587441e-26,4.2860646247125536e-30,1.2509721067689806e-31,2.9620102750911785e-41,1.523642724369991e-11,8.889787652976235e-09,1.1152176814513552e-08,3.498847823105869e-06,1.767570654193973e-25,4.625816980869564e-27,1.7333302650541027e-09,1.778266668905458e-06,1.1123291213749996e-22,4.6278822773161565e-21,8.226078296099405e-37,1.721790830845147e-30,0.0,0.0,7.085721176143953e-18,8.212968950054031e-16,5.887189517585069e-26,1.6531617056526234e-19,3.875009417696799e-39,1.5270381331354885e-27,3.315640195863532e-39,1.4036214953954054e-41,8.639596645114651e-41,4.8563514362251775e-20,8.928432140614672e-19,1.7598413123029812e-23,5.878983681276927e-24,4.822048173324078e-25,6.223949790779663e-29,1.97781388027943e-20,3.602787399054314e-18,3.0935597275131267e-30,3.6450677240251425e-32
2391018.0870852144,2.008018628917203e-06,0.0001749920796232615,4.493505721184591e-20,1.437515165325125e-19,3.753995074378236e-24,3.164576588016601e-23,1.225442743317366e-29,4.320373030214102e-28,-4.523335136922968e-34,-3.5474365740258107e-45,1.3559099179549402e-56,4.9451773055395974e-30,1.8712366099922426e-28,-2.81169769288945e-36,9.234420248388191e-35,2.2270103738070617e-29,2.9298623776532173e-34,-1.0466239387115646e-54,7.276237830078765e-42,2.1251729312338375e-40,2.211243706824954e-37,1.9411486017727686e-47,4.632774082052684e-14,1.6300533473581863e-13,7.163604405592179e-18,1.1867578823440183e-16,-2.0810093042599993e-36,7.590539077542395e-44,2.411845817567449e-23,7.701837771581938e-22,-2.5616624571096115e-52,3.0509604695734346e-60,5.840182623298674e-33,1.3660911336117025e-34,1.794229639473838e-44,4.220778896318315e-45,8.126254490157121e-33,-7.692834745443763e-35,2.5392485383857557e-33,2.816608884083716e-09,3.108309550973061e-08,2.595985390647959e-17,1.518845182909675e-18,1.4809090561065606e-12,5.742579166283883e-14,9.960445988769895e-27,3.820406332693652e-21,5.509313487164846e-21,0.09931140042626566,0.9074586072122522,0.09212755696824623,0.00020690854508545434,7.699990234918933e-09,1.699986709177315e-18,3.292460612667488e-28,9.549086235000804e-28,1.7573732357090394e-28,5.285637450276086e-37,6.798072037552969e-32,3.8826250359558043e-31,1.0026358773881704e-38,1.0418351723371006e-33,2.6166460242489535e-19,5.95077392441199e-15,2.6901899534586173e-21,2.2874161410814185e-19,0.0,3.047239032164376e-39,4.8735607515732095e-45,5.278772163899778e-13,2.5225927254488468e-20,8.91324903304456e-30,2.362119439359714e-42,2.145897304418448e-17,2.955830265363437e-13,2.1237178458515742e-23,7.323786798455273e-23,4.310306901251031e-28,2.2180689844575793e-22,3.4558715142157184e-19,3.939511528784454e-33,1.2102713289242023e-41,1.7324382658511118e-26,2.8853088899406424e-25,0.0930300000695186,0.006969999671225063,1.7493725069084933e-09,1.0004222154255817e-23,4.1730317001470085e-37,5.76443949131016e-24,3.605261772445335e-21,5.694270773214877e-25,6.606496531387079e-19,7.702679328788832e-41,8.596695057500014e-18,4.708837008154626e-19,1.1043193784954218e-37,5.971037317215905e-29,1.3122140901682083e-24,6.318865728302355e-09,2.2496811342717144e-06,4.649319578807426e-05,1.5306322290752607e-05,6.8934428749713e-17,1.63308524031119e-15,2.1116622875136782e-20,5.0731614158568545e-40,1.4721476185966987e-13,4.817657285707533e-10,2.204558866268351e-19,3.785429678464156e-15,2.5064510524653606e-53,8.13620600457088e-28,4.9781021175806515e-21,3.0967680363772552e-30,2.15471199419433e-17,9.916585682038265e-16,6.797227384003369e-30,4.149300269941458e-22,1.8681539728805806e-19,0.00031802241506362583,1.597648741341146e-05,7.5453475001145e-17,1.1231042653885266e-14,7.220276914918339e-40,3.400616570874518e-26,2.984876784265118e-27,5.173634579900404e-31,1.499743696976083e-32,4.628312625990496e-44,1.3814929059472126e-12,1.094573558057325e-09,1.1157820983542951e-08,3.498842179006532e-06,5.479154757680401e-26,1.0067117818922271e-27,1.735711850886328e-09,1.7782642873268284e-06,1.09244673751871e-22,2.6374079630435177e-21,1.243502255100884e-38,2.04540860458209e-31,0.0,0.0,8.699196939435946e-19,8.212632312528903e-16,7.22968281813306e-27,2.029248721822627e-20,5.841485333377651e-41,1.8743578911524404e-28,4.997871326912108e-41,2.1161879224566484e-43,1.3017066106016724e-42,2.863109174246814e-20,1.0962890676372226e-19,3.505706343095666e-25,5.817759929251646e-24,9.205380415007304e-26,7.631281340863714e-30,1.7754596697289407e-21,3.8984902823407617e-19,2.749328714199151e-31,3.2397724698898485e-33
3457613.4016726078,2.0083747978981875e-06,0.00017499172345930022,4.2660652964973914e-20,1.3576758388862911e-19,9.988945846879122e-25,8.426091288348525e-24,8.881690709872183e-31,3.093320264150296e-29,-3.6424048338540134e-33,2.0862582523371814e-46,7.077144258405631e-59,1.2276322724029044e-30,4.650266006779309e-29,7.12340940524106e-35,6.170776451455143e-36,5.9254030818615366e-30,2.9170187792803367e-34,6.411192688048168e-57,-6.0463773271256083e-33,2.117143467701168e-40,1.7870797411351038e-37,1.9369134498382344e-47,4.2823710602109e-14,1.6131463112962015e-13,1.9105036565242557e-18,3.168625772997788e-17,3.141718650502337e-36,3.657759747870363e-46,1.743106966845014e-24,5.49077707064022e-23,1.4299352793059017e-53,1.5361710857473128e-62,-2.1005532939103227e-33,-1.8912722206301542e-35,8.659086754295151e-47,2.037936419354209e-47,3.665841586949899e-34,4.1483031841321194e-35,1.2592686847466327e-34,2.2117141396894663e-09,3.16882053969135e-08,1.1722918926675893e-17,4.938486609389321e-19,1.4811786010928419e-12,5.743947557101748e-14,3.0936445147700486e-27,3.809896227863097e-21,5.069349673915827e-21,0.09932915022817451,0.9077459989642811,0.09214348009166358,5.525688750504037e-05,2.5015507762283832e-09,1.2356081322853972e-19,2.2178660086739506e-29,6.903575896232996e-29,1.2531864572767199e-29,9.59329518009369e-39,4.918005941995591e-33,2.8055754582205264e-32,7.120803528603196e-40,7.901630157829296e-35,1.772485503143845e-20,4.245536655800219e-16,7.183125739915512e-22,6.107651410318177e-20,0.0,2.187090659093732e-40,1.0447703837902454e-46,5.880018811754636e-14,4.805457998824575e-22,6.398017850679212e-31,2.3558502409674786e-42,2.2399875999608462e-18,8.046103335566512e-14,5.1902485111347006e-24,1.5407424599115254e-23,2.4212034082008198e-29,5.913462010106983e-23,9.53568640209568e-20,9.313129453965338e-34,7.44377392373121e-43,4.616762145059988e-27,7.684491241829732e-26,0.09303130356782621,0.006968696205411459,1.7168784359584812e-09,2.4848299058580806e-24,5.269312219037382e-38,1.3259459195070213e-25,2.912125000414453e-22,4.8899389281812886e-26,1.764416774936822e-19,1.349617965582658e-41,2.2951524294237556e-18,1.3492899052680086e-19,7.92412186466792e-39,1.5940490124727106e-29,9.36081718911158e-26,6.318787130931534e-09,2.2496812128690777e-06,4.3361318823490666e-05,1.8438526201679643e-05,5.572617703135601e-18,4.899103459580612e-16,1.6914470299075473e-21,5.681501271345873e-41,1.264117376913506e-14,1.5496060351507308e-10,5.05623836378144e-21,3.25109326933928e-16,4.151852337464048e-56,8.972450085223384e-30,1.1415790335302908e-22,1.8962519489155755e-32,1.0199262980566947e-17,2.471508023360804e-16,1.562194719488655e-31,4.7756708430750956e-23,5.622903287928077e-20,0.0003180191644222771,1.5980540405129326e-05,6.666886442439636e-17,3.0007094931550593e-15,4.579328384469981e-36,9.759186749466002e-27,7.429307531082129e-28,1.384581075253884e-31,3.997833389921174e-33,2.3242701412818587e-45,1.1840899190476895e-12,2.924430783780785e-10,1.1158599878743365e-08,3.498841400118455e-06,4.2294666291477876e-26,6.359083997697264e-28,1.735980859573815e-09,1.778264018318815e-06,1.0904448081788285e-22,2.43369221987557e-21,8.97673216417079e-40,5.441610102751369e-32,0.0,0.0,2.3224589787702985e-19,8.212522465922249e-16,1.930201755323291e-27,5.418324825979383e-21,4.1633951742246145e-42,5.0046782445971047e-29,3.562268435418434e-42,1.5083197264486721e-44,9.280363018482962e-44,2.830577740119602e-20,9.847195267439496e-20,8.684048790866166e-26,5.8117177668565334e-24,5.210564753597629e-26,2.037412501429985e-30,1.1654646992028777e-21,1.9171401757994358e-19,1.8042135201401075e-31,2.126034606948198e-33
4999999.999999989,2.008385637721379e-06,0.00017499171261962766,4.25929956977544e-20,1.3552979790370468e-19,9.170986375392077e-25,7.736415486592645e-24,7.472964946960183e-31,2.609874242490505e-29,4.086880810176216e-35,2.3697719282738765e-48,5.046754885737574e-59,1.1223088683160296e-30,4.258329625479706e-29,6.947711548321701e-37,5.192227063607432e-36,5.44020730726591e-30,2.905259009872345e-34,-2.0650251058436072e-36,8.676434873158061e-37,2.1073050122676454e-40,1.3196599900802306e-37,1.8461731241212032e-47,4.271934915337794e-14,1.6126386763615463e-13,1.7542081771014363e-18,2.9095353397607365e-17,8.913262192356413e-40,2.8930141054476506e-46,1.4721207821019564e-24,4.6295618099017857e-23,6.0868240602195255e-33,1.119471027504318e-62,-8.796779484083728e-36,-8.835679195660131e-38,6.849434191765959e-47,1.6120847702607838e-47,1.2431202778596848e-34,1.2494819416625756e-36,4.044411145723541e-35,2.1933240443773474e-09,3.170660202861947e-08,1.1497636422776353e-17,4.786414850005732e-19,1.4811858569425431e-12,5.743989995486571e-14,2.8912931487053417e-27,3.809585218333076e-21,5.056247642671835e-21,0.09932969033810983,0.9077545730663952,0.0921439420522907,5.0739029319036555e-05,2.346694941296755e-09,1.0424118385513532e-19,1.8678367390777792e-29,5.830638014802114e-29,1.0566783123929396e-29,8.23220373102872e-39,4.1539565945105545e-33,2.369403094805407e-32,5.9507729415027275e-40,6.694322017323246e-35,1.662939122171545e-20,3.579839099610555e-16,6.595749080862e-22,5.608251616580888e-20,0.0,1.8445241806519533e-40,8.95922998594144e-47,5.1744559187744404e-14,3.720649997721625e-22,5.395908996630511e-31,2.2455728339452166e-42,1.9594427139840913e-18,7.392493933282513e-14,4.7513185878984674e-24,1.4069935627418407e-23,2.0302357490285754e-29,5.429566623099001e-23,8.790185236109165e-20,8.567686146176352e-34,6.269291368581345e-43,4.238938615919866e-27,7.055553360241556e-26,0.0930313436120298,0.006968656162176198,1.715910180188309e-09,2.2752591593257846e-24,4.756656709406177e-38,1.0335504795534297e-25,2.4662678065154436e-22,4.1494067161807887e-26,1.6201587752951397e-19,1.22369876003474e-41,2.1074479088764055e-18,1.2421957104958613e-19,6.682716826033256e-39,1.463692500953234e-29,7.893015559786635e-26,6.318784585658201e-09,2.2496812154143532e-06,4.324307260382254e-05,1.855678418094218e-05,4.720738279871156e-18,4.515129837878456e-16,1.4314128284634658e-21,5.101794266605355e-41,1.0726498626060667e-14,1.4320307262517033e-10,3.939749614239105e-21,2.758757918547449e-16,2.7318662628675436e-56,6.766176751112334e-30,8.894943210028309e-23,1.356714631298404e-32,1.0027255240540822e-17,2.2634480565856265e-16,1.217583723654136e-31,4.176675192700527e-23,5.1856431053650133e-20,0.0003180190697910707,1.5980658938619804e-05,6.656293305382152e-17,2.7555380659489844e-15,4.121039494563723e-36,9.139728985192741e-27,6.804366167454012e-28,1.2719324260280698e-31,3.671031658318283e-33,1.964155262525967e-45,1.1817136661034806e-12,2.6854375617050887e-10,1.1158625293075448e-08,3.4988413747043196e-06,4.192247182390303e-26,6.248648523644767e-28,1.735989129461422e-09,1.7782640100489488e-06,1.090385595257761e-22,2.4276257185329625e-21,7.582354168360161e-40,4.995987362605245e-32,0.0,0.0,2.132515274444254e-19,8.21251844251449e-16,1.7723435345059806e-27,4.975289321988611e-21,3.510223003127286e-42,4.5954623081690053e-29,3.0034209402861085e-42,1.2716939894809836e-44,7.824762018487401e-44,2.8300876539897745e-20,9.833733404401163e-20,7.967758457097606e-26,5.811540485208567e-24,5.0915951258541837e-26,1.870814735605774e-30,1.1508350748834204e-21,1.861879756201894e-19,1.7815543518437459e-31,2.0993323750291087e-33
