time_years,C,C+,C2,C2+,C2H,C2H+,C2H2,C2H2+,C2H3,C2H4,C2H5,C2N,C2N+,C2N2+,C2NH+,C3+,C3H2,C3H5+,C3N,C4H,C4N,C4N+,CH,CH+,CH2,CH2+,CH2CO,CH2OH,CH3,CH3+,CH3CCH,CH3CHO,CH3CN,CH3CNH+,CH3OH,CH3OH2+,CH4,CH4+,CH5+,CL,CL+,CN,CN+,CO,CO+,CO2,CS,CS+,E-,H,H+,H2,H2+,H2CL+,H2CN,H2CO,H2CO+,H2COH+,H2CS,H2CS+,H2CSH+,H2NO+,H2O,H2O+,H2S,H2S+,H2S2,H2S2+,H2SIO,H3+,H3O+,H3S+,HC3N,HCL,HCL+,HCN,HCN+,HCNH+,HCO,HCO+,HCO2+,HCOOH,HCS,HCS+,HE,HE+,HEH+,HNC,HNCO,HNO,HNO+,HNS+,HOC+,HOSO+,HS,HS+,HS2,HS2+,HSO+,MG,MG+,N,N+,N2,N2+,N2H+,NCCN,NH,NH+,NH2,NH2+,NH2CHO,NH3,NH3+,NH4+,NO,NO+,NO2,NS,NS+,O,O+,O2,O2+,O2H,O2H+,OCN,OCS,OCS+,OCSH+,OH,OH+,S,S+,S2,S2+,SI,SI+,SIC,SIC+,SIC2,SIC2+,SIC3,SIC3+,SIH,SIH+,SIH2,SIH2+,SIH3,SIH3+,SIH4,SIH4+,SIH5+,SIO,SIO+,SIOH+,SIS,SIS+,SISH+,SO,SO+,SO2,SO2+
0.0,1e-10,0.000177,0.0,0.0,0.0,0.0,0.0,0.0,0.0,0.0,0.0,0.0,0.0,0.0,0.0,0.0,0.0,0.0,0.0,0.0,0.0,0.0,0.0,0.0,0.0,0.0,0.0,0.0,0.0,0.0,0.0,0.0,0.0,0.0,0.0,0.0,0.0,0.0,0.0,0.0,3.39e-08,0.0,0.0,0.0,0.0,0.0,0.0,0.0,0.0001823239,0.5,0.0,0.25,0.0,0.0,0.0,0.0,0.0,0.0,0.0,0.0,0.0,0.0,0.0,0.0,0.0,0.0,0.0,0.0,0.0,0.0,0.0,0.0,0.0,0.0,0.0,0.0,0.0,0.0,0.0,0.0,0.0,0.0,0.0,0.0,0.1000000014901161,0.0,0.0,0.0,0.0,0.0,0.0,0.0,0.0,0.0,0.0,0.0,0.0,0.0,0.0,2.256e-06,0.0,6.18e-05,0.0,0.0,0.0,0.0,0.0,0.0,0.0,0.0,0.0,0.0,0.0,0.0,0.0,0.0,0.0,0.0,0.0,0.0,0.000334,0.0,0.0,0.0,0.0,0.0,0.0,0.0,0.0,0.0,0.0,0.0,0.0,3.51e-06,0.0,0.0,0.0,1.78e-06,0.0,0.0,0.0,0.0,0.0,0.0,0.0,0.0,0.0,0.0,0.0,0.0,0.0,0.0,0.0,0.0,0.0,0.0,0.0,0.0,0.0,0.0,0.0,0.0,0.0
1e-09,1.0000000001653578e-10,0.000177,6.766636708583392e-40,1.4459053827679583e-33,1.243149120202819e-51,6.2821532623440915e-43,1.1072992679994862e-66,1.816044863546141e-54,-1.751775416326442e-124,-8.869962318024689e-104,-1.3173564546166695e-116,1.372922351424812e-68,4.267039340267741e-59,-3.9104218476208357e-85,-2.2176488853485218e-70,7.287309792279111e-64,1.623015191541311e-145,-1.2545441023919414e-126,-3.253378435748742e-97,-2.7575468415049127e-116,-8.27467811197834e-133,-7.28276160436947e-117,1.5768171689103606e-29,4.865989973103396e-23,7.884000000631245e-30,3.2264906072617198e-22,-1.7324194846151744e-102,-3.875181638388416e-99,9.826722692007598e-49,2.0350121558153315e-33,-2.180750932761353e-138,-4.3954500004382834e-132,-4.390272206683403e-99,-8.331670925750107e-88,-3.875181638388397e-99,-2.501702095607076e-86,-1.0817389716643203e-64,-2.8876818150348075e-63,2.9228168290041496e-51,9.018844574585259e-25,3.3899999999732734e-08,1.8919173768088753e-34,2.922548222510988e-28,4.582722886759744e-34,4.58358274679626e-27,3.651818799619873e-61,3.5150477011192824e-50,6.589865299768832e-36,0.0001823239000006504,0.4999999999999998,2.954303822690296e-16,0.24999999999999967,2.894957200032756e-16,1.3696395429499093e-30,-2.297135763018558e-65,-3.168434891851543e-64,2.8579775837093996e-49,-5.6583423292650575e-68,-2.5689420657698508e-80,-5.056914357507405e-66,-1.128295447233038e-72,-6.197010715235694e-81,4.355819602960068e-41,4.764472461788059e-41,1.3170355705437297e-40,2.870053426577425e-25,0.0,-1.584399789138843e-74,-5.941851899990915e-93,2.373679626776944e-27,-1.521994346734922e-52,6.222169841724187e-42,-3.098585846473743e-103,1.2824738369069255e-41,2.672675999974084e-19,2.9422411258694474e-46,7.03221316853274e-38,1.6632590586518831e-49,2.0802112371483543e-45,1.2879777256708513e-36,-1.3553063656020434e-70,-3.862655599995025e-100,3.6854525230972008e-62,9.398562095453301e-46,0.10000000149011605,6.272407360290947e-17,5.934224870731412e-29,2.94203602132937e-46,-1.6088609906488717e-82,5.805935299334775e-81,-5.248751049744008e-57,-3.427166069233386e-74,1.3551362390796613e-38,-5.421377157386556e-96,1.355788908472428e-37,2.3092790704551518e-35,-4.008843518028431e-86,1.0061028991320747e-57,-5.588412039751059e-73,2.2559999999996714e-06,3.2799597274141335e-19,6.179999999999984e-05,1.6101751946760738e-19,1.784077582438341e-50,6.76515972341341e-43,3.5456772312116734e-54,-1.4666650258303472e-91,3.2996679293557936e-45,9.87777851480709e-31,-5.270067805662192e-66,2.8554682131224265e-42,-1.217858488060297e-144,-1.267373326198479e-69,-2.015685088813415e-54,-1.3239044018943627e-68,4.223808707859588e-40,9.876171591478694e-45,-1.7381914365544474e-98,8.807768757624113e-54,2.2094397288171395e-40,0.0003339999999999978,2.2358314147677393e-18,1.292377093485423e-28,2.3226213869780893e-42,-1.0443734996385905e-86,7.472576200209386e-55,1.3513916367781676e-61,-8.531388262972574e-78,1.649921329872467e-62,-1.7897308186533733e-91,7.2920901223897e-24,1.418537306499337e-29,1.9330204077860579e-22,3.51e-06,3.697043145458471e-65,3.140744499935279e-57,4.160687282073646e-22,1.7799999999999997e-06,7.76053110510725e-51,4.116637993544497e-46,-1.7148754297901578e-98,2.326101071326581e-68,0.0,0.0,1.9887947645789058e-38,3.3687427647063866e-25,1.5055590952440502e-56,4.210055999993353e-26,-5.4314390929235475e-77,4.780650232273197e-44,-5.43143909292363e-77,-1.1388399347166365e-101,1.3762678171930745e-64,4.567154075181575e-44,1.9092670116635234e-29,1.6376981359276858e-40,6.45199957637786e-62,3.081993561562485e-55,9.410275735552262e-59,5.985235740570636e-49,7.382550433989905e-40,8.836852851954439e-70,-5.139584916049765e-83
1.4460841682246074e-09,1.0000000002391213e-10,0.00017699999999999997,9.785126217141075e-40,2.090900882914885e-33,2.59962299534246e-51,1.313698398303605e-42,3.349092650360335e-66,5.491706112130607e-54,-3.2832037943585505e-124,-1.8616765903995882e-103,-2.830660878123282e-116,4.151706939528438e-68,1.2903495103522757e-58,-1.8490389869619746e-85,-1.0471041080750785e-70,2.2036770402286064e-63,4.380815193981164e-145,-2.8495424212250922e-126,-1.5383566860870284e-97,-5.0725536741056815e-116,-1.6498999604177395e-132,-1.343605565794461e-116,2.28022141938506e-29,7.036631062806865e-23,1.1400927583602834e-29,4.66577698607053e-22,-3.591275404467472e-102,-7.726918738011158e-99,2.6509058418134594e-48,4.255534842671483e-33,-3.845890917808292e-138,-8.014479610021924e-132,-8.35985626696556e-99,-1.5325095338760484e-87,-7.726918738011087e-99,-4.601439660661503e-86,-5.107631288826769e-65,-1.3634725693376214e-63,8.838576265565412e-51,1.3042009440892634e-24,3.389999999961351e-08,2.7358812795384805e-34,4.226250715486205e-28,6.627177870064467e-34,6.628246443921576e-27,1.1043073279037706e-60,7.3505251535273825e-50,9.529499881664636e-36,0.0001823239000009405,0.4999999999999997,4.272171986128076e-16,0.24999999999999953,4.1863517746292567e-16,2.864134634412311e-30,3.3264345611808376e-65,3.278753205461257e-64,8.642502871965997e-49,-2.6716913593516374e-68,-3.878993838797415e-80,7.322812592361003e-66,-5.327456551968124e-73,-1.139830794915688e-80,9.108713201473125e-41,1.4407729146951646e-40,2.7541313419095996e-40,4.150338822127722e-25,0.0,-7.481037697347427e-75,-1.0928988323013591e-92,4.963742515349881e-27,-7.18637881564593e-53,1.3011549087238842e-41,-1.4635917628532346e-103,2.6918897155832083e-41,3.8649144503396746e-19,6.152822822778788e-46,1.4705478821954292e-37,5.02968297342187e-49,4.3500534101905534e-45,2.6933667558305454e-36,-6.399330573676035e-71,-8.007194654032588e-100,1.1144780911667946e-61,1.9653891688065357e-45,0.10000000149011602,9.070428980372236e-17,1.2409410248163126e-28,6.152266344773789e-46,-7.596535819561587e-83,2.0592714459424303e-80,-2.4782952337588313e-57,-6.303667372034257e-74,2.8338059138930384e-38,-9.97169176968354e-96,2.8351707496392133e-37,3.3686350122638236e-35,-7.373560421026115e-86,3.042447654191631e-57,-1.0278898053013984e-72,2.2559999999995253e-06,4.743097834227797e-19,6.179999999999977e-05,2.3284488570861295e-19,3.7308002001378487e-50,1.4154809300459325e-42,1.0736662435799734e-53,-6.926806134491465e-92,4.773732371676017e-45,2.0656009605533663e-30,-9.693356165347787e-66,8.634914554022634e-42,-2.9274241927148084e-144,-2.3311096466291605e-69,-9.517431292355382e-55,-2.4350885872965548e-68,8.83265737443214e-40,2.830347925785837e-44,4.545421884592085e-98,2.663462695363425e-53,4.620290705348581e-40,0.00033399999999999684,3.2332004117012027e-18,1.8688860542740903e-28,4.8899579933374e-42,-5.47377398199771e-87,2.259701463009937e-54,4.086598402733601e-61,-4.0282536048491555e-78,4.989349788908694e-62,-3.292189980841666e-91,1.0544976079253357e-23,2.966387653349785e-29,2.79531020855525e-22,3.51e-06,1.1179936152014434e-64,9.497587915200996e-57,6.016704007533421e-22,1.7799999999999995e-06,1.6228507739055634e-50,8.608567386832028e-46,-3.154542120605321e-98,7.034112271426493e-68,0.0,0.0,4.158886909559726e-38,4.871485578827526e-25,4.552799461657851e-56,6.088095328925119e-26,-2.5645547846578228e-77,9.997101774492337e-44,-2.5645547846579797e-77,-2.3902539075197616e-101,4.161823602264089e-64,9.550647279625089e-44,2.760960798532683e-29,3.4246878866693743e-40,1.9510798568257314e-61,9.319925516194558e-55,2.84566035558021e-58,1.2516865404650151e-48,1.5438089895393777e-39,2.672654280364242e-69,-2.4346626905442197e-83
2.0911594215898465e-09,1.0000000003457896e-10,0.00017699999999999997,1.4150116108216183e-39,3.023618664409929e-33,5.436226119864115e-51,2.7471527829256658e-42,1.012988546535009e-65,1.660687829529925e-53,-2.0384318153127484e-124,-2.2636556210687307e-103,-3.768580137285999e-116,1.2554730786044958e-67,3.9020072845073795e-58,3.0223594269582816e-84,1.7149749818294111e-69,6.663902916594102e-63,1.0166324860641114e-144,-4.5402567874633786e-126,2.514531513569694e-96,-2.597544955277145e-116,-1.5748069613749535e-132,-7.10429132041533e-117,3.2974152547098323e-29,1.0175560777483756e-22,1.6486700882574744e-29,6.747106231989747e-22,-4.142942567670258e-102,-7.375961172653274e-99,7.345710234971484e-48,8.89900178012114e-33,-1.0458518634278832e-138,-3.732853879552114e-132,-5.8888197867596045e-99,-7.841082953486936e-88,-7.375961172653037e-99,-2.3535445793101365e-86,8.36541487587654e-64,2.2331317387376846e-62,2.6727788627355133e-50,1.8859845645114234e-24,3.38999999994411e-08,3.95633449840607e-34,6.111514250696352e-28,9.583822650016402e-34,9.585002245713022e-27,3.3394172922277196e-60,1.5371120037277586e-49,1.3780458911931244e-35,0.00018232390000136003,0.49999999999999956,6.177920273093799e-16,0.2499999999999993,6.05381702385607e-16,5.9893621254246054e-30,4.693938257056126e-64,5.608304784437041e-63,2.613486414924498e-48,4.3757673641163236e-67,2.951519947183552e-80,1.033323504319224e-64,8.725450048644076e-72,-5.830007099293585e-81,1.90477714298124e-40,4.35688653541864e-40,5.759327703924408e-40,6.001739263437059e-25,0.0,1.2252643062626595e-73,-5.589959474308962e-93,1.0379976927257612e-26,1.177004289166782e-51,2.720922346321299e-41,2.3958895406619095e-102,5.659508650732515e-41,5.588991598143732e-19,1.286691919148136e-45,3.075150058736477e-37,1.5209723753792102e-48,9.096655423315965e-45,5.632259267240025e-36,1.0480994287346831e-69,-9.237088769703008e-100,3.370173426316715e-61,4.109942081299297e-45,0.10000000149011598,1.3116603747521904e-16,2.595005515651833e-28,1.2865369731348976e-45,1.2441808924735965e-81,7.411769257816467e-80,4.059018032178631e-56,-3.2242000910922097e-74,5.925939935805811e-38,-5.100473413979317e-96,5.92879402492418e-37,4.932439938358828e-35,-3.771429039652551e-86,9.200338987669441e-57,-5.257451271178771e-73,2.2559999999993136e-06,6.85891868641705e-19,6.179999999999966e-05,3.3671330287468233e-19,7.801726882178025e-50,2.9623494953554345e-42,3.251986140364692e-53,1.134110179883168e-90,6.907683091831682e-45,4.319500909881088e-30,-4.957908111982274e-66,2.611191713235322e-41,-5.40412157898711e-144,-1.1923160744230626e-69,1.5587902807655665e-53,-1.2454992280038502e-68,1.8470494686213586e-39,8.232314005804988e-44,4.706473190431761e-97,8.054291302154829e-53,9.661764438966653e-40,0.0003339999999999954,4.675479928029829e-18,2.7025665353196712e-28,1.0325432347676489e-41,7.732909639471814e-86,6.833320350460901e-54,1.2357843715807763e-60,6.597580555752395e-77,1.508775653271629e-61,-1.685576176866122e-91,1.524892296251243e-23,6.203189489350869e-29,4.0422538378699403e-22,3.51e-06,3.380842142382989e-64,2.872063493505914e-56,8.700660410173479e-22,1.7799999999999993e-06,3.3936396863127923e-50,1.8001950486750203e-45,-1.6153727467676445e-98,2.1271102987973826e-67,0.0,0.0,8.696895544258427e-38,7.044578171202554e-25,1.3767631575216544e-55,8.803898269791799e-26,4.200296224543144e-76,2.0905533564166454e-43,4.200296224543132e-76,-2.906334536544962e-101,1.2585323495863304e-63,1.9971926057570204e-43,3.9925816999567673e-29,7.161568340225509e-40,5.900050927870051e-61,2.8183385166845266e-54,8.605255666127399e-58,2.6177129698903312e-48,3.228350713608399e-39,8.083510310328482e-69,3.9695765201229625e-82
3.023992532794805e-09,1.0000000005000407e-10,0.00017699999999999997,2.0462258885828782e-39,4.3724070819787106e-33,1.1368015470176832e-50,5.744734425123054e-42,3.0638996725863806e-65,5.0219076013655575e-53,1.655692619907413e-123,2.991551501342349e-103,2.661603187745821e-116,3.79654121553984e-67,1.1799640892677048e-57,1.9146729874503888e-83,1.0862602031933622e-68,2.015159266534104e-62,2.0908035139343065e-144,-1.6318674549224795e-126,1.5929626121725893e-95,2.8789073881833525e-115,5.1422013426308944e-132,7.49609291649318e-116,4.768388427339585e-29,1.471471734296195e-22,2.3841157134326666e-29,9.75688350333981e-22,7.0643722927109386e-102,2.4078118008336748e-98,2.0811022076929885e-47,1.8609231415138885e-32,2.7143562075219978e-137,4.759444645674262e-131,3.8161335881614575e-98,8.701491746784426e-87,2.4078118008337495e-98,2.6131199394976396e-85,5.298629615207903e-63,1.4144591936876712e-61,8.082463322653644e-50,2.7272928951171847e-24,3.3899999999191784e-08,5.721234283711227e-34,8.837764001986424e-28,1.385977884211129e-33,1.386072000006305e-26,1.0098373454987918e-59,3.214346281549022e-49,1.9927703467507556e-35,0.0001823239000019667,0.4999999999999994,8.933792699519399e-16,0.249999999999999,8.754328955413396e-16,1.2524711037809017e-29,2.449912358172874e-63,2.985927350940679e-62,7.903163403225979e-48,2.771598410536733e-66,5.0683894194439685e-79,5.3932367333893825e-64,5.5266748803690034e-71,6.473005836021276e-80,3.98319266857185e-40,1.3175192349137646e-39,1.2043672390067705e-39,8.67902013064789e-25,0.0,7.760788728456231e-73,6.206483059776028e-92,2.1706186547131564e-26,7.45511117377124e-51,5.689882399910494e-41,1.517613941771921e-101,1.192667705497964e-40,8.082152266342891e-19,2.690794587861454e-45,6.430629018082571e-37,4.5994091056890315e-48,1.902255744995695e-44,1.177795203148983e-35,6.638631510899986e-69,1.5751567783133876e-99,1.0191379277263189e-60,8.594544117166887e-45,0.10000000149011593,1.8967713020166976e-16,5.4265702330418e-28,2.69035391269912e-45,7.880605841439403e-81,2.58200216074067e-79,2.5709702984789846e-55,3.5798011310987884e-73,1.2392085128570317e-37,5.662753180533059e-95,1.2398053483886484e-36,7.26051443130709e-35,4.187384640777631e-85,2.782175639782342e-56,5.837302114045199e-72,2.2559999999990078e-06,9.918573723567273e-19,6.179999999999951e-05,4.869157765164203e-19,1.631474204837855e-49,6.201861154007674e-42,9.84858774927196e-53,7.183622101685323e-90,9.998426812230007e-45,9.032765024187868e-30,5.5048095847128e-65,7.896224242426496e-41,-5.948351813330636e-144,1.3238180977726554e-68,9.873332618043286e-53,1.3828668875397932e-67,3.8624748984485306e-39,2.421140606833795e-43,2.3349118839982905e-96,2.4356116754665897e-52,2.020428973570578e-39,0.0003339999999999932,6.761137502716168e-18,3.908138680337393e-28,2.1893770262011995e-41,4.9631376125907287e-85,2.0663909713914335e-53,3.7370028966089685e-60,4.178888502680113e-76,4.5625263168552005e-61,1.8686326534296586e-90,2.2051226078559665e-23,1.297185814444437e-28,5.845439278892191e-22,3.51e-06,1.0223747005084979e-63,8.685098558054744e-56,1.258188727222097e-21,1.7799999999999988e-06,7.096641605406687e-50,3.76451409635876e-45,1.7903476644203283e-97,6.432365661206865e-67,0.0,0.0,1.8186595055976857e-37,1.018705296504111e-24,4.163321507730895e-55,1.2731177906587186e-25,2.6604554975261466e-75,4.371680347559882e-43,2.660455497526154e-75,3.8411050046780875e-101,3.8057924273760253e-63,4.176448139248229e-43,5.773609186880592e-29,1.4975981108059244e-39,1.7841709976769072e-60,8.522634629249648e-54,2.6022228877111214e-57,5.474771426824629e-48,6.750996010952611e-39,2.444845283346733e-68,2.515267681170551e-81
4.372947726504e-09,1.0000000007231009e-10,0.0001769999999999999,2.959014862759653e-39,6.322868659593896e-33,2.3772332660471214e-50,1.201315551932489e-41,9.256825395774197e-65,1.518621101285388e-52,-4.320805478469715e-119,-2.033443022256152e-99,-2.4182656024792494e-111,1.1480712276696979e-66,3.568202593027039e-57,-7.575465976212824e-83,-4.271284789336997e-68,6.093826566017526e-62,2.9872055739365886e-139,-2.7133133073109753e-120,-6.302608533028308e-95,-6.783441230946732e-113,-1.9670279425529475e-128,-2.1541147178019198e-113,6.895592290586162e-29,2.1278719789213147e-22,3.44763198878286e-29,1.4109274765244847e-21,-3.617879269152696e-98,-9.186200783667101e-95,5.999983622850132e-47,3.8914869601992026e-32,-3.316936308215673e-132,-7.454026471459925e-126,-6.586631778128113e-95,-2.0410385489663834e-84,-9.186200783666884e-95,-6.115953120362712e-83,-2.0834744560992e-62,-5.561795818347324e-61,2.444130873522935e-49,3.9438960707509625e-24,3.389999999883125e-08,8.273473315465801e-34,1.2780150606144606e-27,2.0044005736224954e-33,2.0043767752578394e-26,3.0537399273585174e-59,6.7217106104478375e-49,2.8817136501998736e-35,0.000182323900002844,0.4999999999999991,1.291901618506888e-15,0.24999999999999856,1.2659496505616276e-15,2.619116748914444e-29,-6.308232119376341e-63,-8.141725396029262e-62,2.38991071176965e-47,-1.0898203721877642e-65,-4.886520371794229e-77,-1.3886941332854596e-63,-2.1731444443138193e-70,-1.5149936158929114e-77,8.329490876884457e-40,3.984168328462456e-39,2.51852389889794e-39,1.2550593606589803e-24,0.0,-3.051620189017546e-72,-1.4526145115110272e-89,4.539109650425109e-26,-2.931424696683883e-50,1.1898451188269805e-40,-5.976850824085791e-101,2.5218010875281397e-40,1.1687472437386198e-18,5.627233228255113e-45,1.3447470457770941e-36,1.3908578791469744e-47,3.97792025219628e-44,2.462957535757471e-35,-2.610376682919699e-68,-8.063009139303912e-96,3.081865480859152e-60,1.7972561940170906e-44,0.10000000149011584,2.74289095058912e-16,1.1347823469468717e-27,5.625958932267531e-45,-3.0987335161475855e-80,-6.298576881667983e-77,-1.0109313801445183e-54,-8.378450436559615e-71,2.5913825569857414e-37,-1.3290498459021057e-92,2.5926306352206092e-36,1.0766546588838622e-34,-9.800487066926624e-83,8.413278359718612e-56,-1.366208474971526e-69,2.255999999998565e-06,1.43430924330185e-18,6.179999999999929e-05,7.041211956765202e-19,3.4116990761323628e-49,1.299059940704564e-41,2.9587633584990946e-52,-2.8276173017953477e-89,1.4478089151201575e-44,1.8888951683108194e-29,-1.2883860064252812e-62,2.3878123147606713e-40,-2.249481887276045e-136,-3.0983688531131167e-66,-3.882293692246552e-52,-3.2365713218891016e-65,8.07705077454025e-39,7.178674469364837e-43,2.8834768212018132e-93,7.365271519404896e-52,4.225039083728836e-39,0.0003339999999999903,9.777173901742687e-18,5.651497472941549e-28,4.669553656682772e-41,-2.916026054315971e-84,6.24875086742122e-53,1.1300666394417943e-59,-1.6431814820520105e-75,1.3797045410364882e-60,-4.402482448977038e-88,3.188792892213369e-23,2.7126223373922498e-28,8.452997197531191e-22,3.5099999999999994e-06,3.091512878162841e-63,2.6263673186407272e-55,1.8194467990683708e-21,1.779999999999998e-06,1.4840208960515498e-49,7.872257361263312e-45,-4.21851641254459e-95,1.9451425711552213e-66,0.0,0.0,3.803106959799994e-37,1.4731336013286183e-24,1.2589853151556065e-54,1.841035481352742e-25,-1.046117861005103e-74,9.141880546836684e-43,-1.0461178610053032e-74,-2.6096547563345457e-97,1.1508687882467679e-62,8.733618890259592e-43,8.34912483914476e-29,3.13171639917818e-39,5.395319737224406e-60,2.577238347981913e-53,7.869102581170533e-57,1.1450785896251893e-47,1.411740891340116e-38,7.387898674973231e-68,-1.0029394035146374e-80
6.3236504757711994e-09,1.0000000010456648e-10,0.00017699999999999988,4.278984547976229e-39,9.143400269144438e-33,4.971173743193204e-50,2.512142335239264e-41,2.7933931464034702e-64,4.5922988186338194e-52,-4.203101524618249e-118,-2.0196247659572882e-98,-2.4161437000395988e-110,3.4717588129159303e-66,1.0790217983632428e-56,-1.1637313347534018e-81,-6.576332027377856e-67,1.842768597321712e-61,3.1737604682305236e-138,-2.7387415393695985e-119,-9.681969413815006e-94,-6.689279805674139e-112,-1.9354073220408432e-127,-2.125835570771777e-112,9.971818630109766e-29,3.0770819806548924e-22,4.985566037622268e-29,2.0403198862844692e-21,-3.592992665682988e-97,-9.038847410063084e-94,1.753066498940233e-46,8.137719620717323e-32,-2.9332227209314445e-131,-7.175483044609974e-125,-6.482751533965062e-94,-2.012625141249521e-83,-9.038847410062804e-94,-6.030754744096946e-82,-3.2078451708497335e-61,-8.563282259433583e-60,7.39103351136169e-49,5.703207745579537e-24,3.389999999830989e-08,1.196432069831994e-33,1.8481173459838566e-27,2.8988663079934153e-33,2.8984975219187223e-26,9.234482088097932e-59,1.4056168773229294e-48,4.167200488701118e-35,0.00018232390000411265,0.49999999999999867,1.8681984774460586e-15,0.24999999999999792,1.8306697473970133e-15,5.476990665657463e-29,-1.1500995518664028e-61,-1.447142289801301e-60,7.227072147055847e-47,-1.6779543449814084e-64,-4.8844374825370137e-76,-2.531828997658065e-62,-3.3459064225158075e-69,-1.4938889747059378e-76,1.74182933242217e-39,1.2048095276554129e-38,5.266634979663789e-39,1.814921471622096e-24,0.0,-4.69846176946136e-71,-1.4323788433752946e-88,9.492001910943441e-26,-4.513401412963153e-49,2.488155830455225e-40,-9.197011129559697e-100,5.357382058139731e-40,1.6901068857945872e-18,1.176850856955479e-44,2.8120804543890668e-36,4.20594384113721e-47,8.318466105527444e-44,5.150436855842077e-35,-4.019096181944522e-67,-8.007508608344806e-95,9.319538183898589e-60,3.7583492338005037e-44,0.10000000149011572,3.966451178813451e-16,2.373010796188408e-27,1.1764777027643145e-44,-4.7710003213460075e-79,-6.17302409948614e-76,-1.5564920103781728e-53,-8.261734307635455e-70,5.418994049015769e-37,-1.3104804826207923e-91,5.421603979544612e-36,1.6128156481281168e-34,-9.663961235530423e-82,2.5441690936764593e-55,-1.3471764874077606e-68,2.2559999999979253e-06,2.074131889076862e-18,6.179999999999898e-05,1.018218513573617e-18,7.134486564402726e-49,2.7230487708395296e-41,8.811300860359619e-52,-4.351915079787959e-88,2.097735954555576e-44,3.949980927539267e-29,-1.2704381485191246e-61,7.22072661041585e-40,-2.304785736676166e-135,-3.0552069795372117e-65,-5.977417688324289e-51,-3.1914842167778686e-64,1.6890400825825084e-38,2.1409563793369125e-42,3.3251361313902036e-92,2.227252607672885e-51,8.835230286505505e-39,0.0003339999999999859,1.413861638902782e-17,8.17254102254823e-28,1.0040621439779753e-40,-3.94662523578989e-83,1.8896175963068358e-52,3.417311358754853e-59,-2.5299428020816126e-74,4.172216157880094e-60,-4.34127875414925e-87,4.611262917174163e-23,5.672525757944157e-28,1.2223745421411263e-21,3.509999999999999e-06,9.347728639426607e-63,7.942115160129532e-55,2.6310732110467906e-21,1.7799999999999974e-06,3.103324280344949e-49,1.646232127039834e-44,-4.1599588890963163e-94,5.882096599104273e-66,0.0,0.0,7.952902950316114e-37,2.130275178492979e-24,3.807162192316145e-54,2.66229226271576e-25,-1.610667275972793e-73,1.9117129636135858e-42,-1.6106672759729903e-73,-2.5919088456367336e-96,3.48021862238523e-62,1.8263389472571086e-42,1.2073537249422996e-28,6.548918253922732e-39,1.6315406338774095e-59,7.793549520389689e-53,2.379610744570581e-56,2.3951968918475134e-47,2.9521752657641005e-38,2.2303916156127104e-67,-1.536354547522736e-79
9.144530838398738e-09,1.0000000015121193e-10,0.00017699999999999986,6.187771813830039e-39,1.3222126378684777e-32,1.039551681422273e-49,5.253290114262371e-41,8.4478922285944e-64,1.3887077342025627e-51,-1.4073255815047064e-117,-7.022923465138709e-98,-8.505624909212255e-110,1.0498572726699107e-65,3.262953861128865e-56,-3.410635272303748e-81,-1.9262943310985256e-66,5.572518478660985e-61,1.2373305190975553e-137,-9.819058103351973e-119,-2.837567869930224e-93,-2.232767775464415e-111,-6.610442855278582e-127,-7.143496820328937e-112,1.442053193221824e-28,4.449719536403747e-22,7.209548118272191e-29,2.950474285605653e-21,-1.2488210241113743e-96,-3.087432080021046e-93,5.173021598933827e-46,1.7017269054825607e-31,-7.914628130751403e-131,-2.3540178479178537e-124,-2.210960421315821e-93,-6.716384097236747e-83,-3.0874320800209074e-93,-2.0123717070177496e-81,-9.396201238137537e-61,-2.508298221387324e-59,2.2350430147916662e-48,8.247322771361729e-24,3.389999999755596e-08,1.7301795170371127e-33,2.6725332352088858e-27,4.1927038983148885e-33,4.1914713782130677e-26,2.792500542746882e-58,2.9393690671789874e-48,6.026122656272505e-35,0.00018232390000594723,0.49999999999999806,2.701572241376858e-15,0.249999999999997,2.6473025388547923e-15,1.145326063221124e-28,-3.3646466324278024e-61,-4.234382051691839e-60,2.185461220659331e-46,-4.914949398556111e-64,-1.6223801480777264e-75,-7.406932640762744e-62,-9.800600957546509e-69,-4.984881716688209e-76,3.642442819289601e-39,3.6433350150477536e-38,1.1013373357750815e-38,2.624529206664912e-24,0.0,-1.3762413690360764e-70,-4.7796317053135843e-88,1.9849289225297003e-25,-1.3220347517441348e-48,5.203130507202387e-40,-2.6943117740033068e-99,1.1456834658099585e-39,2.444036810088092e-18,2.4613053528619493e-44,5.880508536334937e-36,1.2718742768903932e-46,1.7395240861790566e-43,1.0770384556298455e-34,-1.177246235666631e-66,-2.7831538977825426e-94,2.8182213879246945e-59,7.859307442155884e-44,0.10000000149011555,5.735822253717954e-16,4.9623438837317175e-27,2.46020243271462e-44,-1.3974888681578618e-78,-2.0614156326916718e-75,-4.559170213926676e-53,-2.7568158675011457e-69,1.1331980461233842e-36,-4.3728811927154777e-91,1.1337438241955543e-35,2.449126164028499e-34,-3.2247177996257758e-81,7.693548341437274e-55,-4.4953243211403e-68,2.2559999999970003e-06,2.9993692876035314e-18,6.179999999999852e-05,1.4724296722603405e-18,1.4919590410667074e-48,5.714007229944837e-41,2.6661359554161135e-51,-1.2748536932603718e-87,3.0420400889956723e-44,8.260039831514029e-29,-4.239260090476016e-61,2.1835423351148347e-39,-8.477893099561056e-135,-1.01947639154152e-64,-1.7508644117496895e-50,-1.064950045864214e-63,3.532052082131008e-38,6.411774385083399e-42,1.4558971649245942e-91,6.735195254250086e-51,1.8475875055483517e-38,0.0003339999999999796,2.0445629320228234e-17,1.1818182187220506e-27,2.18306791779694e-40,-1.1954662139800465e-82,5.7141895010613975e-52,1.033392423420442e-58,-7.410536065821866e-74,1.2616750515096442e-59,-1.4489808799422851e-86,6.66827430004107e-23,1.1862155682607366e-27,1.767656473034114e-21,3.509999999999998e-06,2.8267577668984036e-62,2.4016896938806524e-54,3.804753315907652e-21,1.779999999999996e-06,6.489545812325087e-49,3.4425870812040434e-44,-1.3885234915929584e-93,1.7787416194201208e-65,0.0,0.0,1.6630787933593108e-36,3.0805572094382897e-24,1.1512830040657048e-53,3.8498986922829826e-25,-4.7178567063317254e-73,3.99769657510582e-42,-4.717856706332385e-73,-9.012866711184645e-96,1.0524155126527326e-61,3.8191659103716034e-42,1.7459351072962253e-28,1.3694832108014752e-38,4.933766696849656e-59,2.356763555352351e-52,7.19592512253444e-56,5.010719294391022e-47,6.173469121170744e-38,6.745124764340867e-67,-4.505873178981397e-79
1.3223761271250085e-08,1.0000000021866517e-10,0.00017699999999999978,8.948038862680441e-39,1.9120307638472554e-32,2.173868294282557e-49,1.0985467121477928e-40,2.558890235742089e-63,4.199441856039083e-51,-2.9580649659390335e-117,-1.610831376347511e-97,-2.0032336948540172e-109,3.1747605578903274e-65,9.867148120469147e-56,-3.5421335979347204e-81,-1.9913708826529842e-66,1.6851254310818172e-60,3.5060361643986906e-137,-2.400266382466268e-118,-2.9469714095544956e-93,-4.633116303000867e-111,-1.4564108590370138e-126,-1.5085619729008595e-111,2.085422906311756e-28,6.4346689743184445e-22,1.0425613397292038e-28,4.266634153033989e-21,-2.8613316893240205e-96,-6.803160396981559e-93,1.537501174126751e-45,3.5585822512838717e-31,-6.755177550736928e-131,-4.696511846613681e-124,-4.85309485844968e-93,-1.3929171732462794e-82,-6.803160396981036e-93,-4.1725584923920734e-81,-9.713635088639363e-61,-2.5930365897339226e-59,6.7587533867299e-48,1.1926331970520021e-23,3.389999999646571e-08,2.5020647606996313e-33,3.864708000824974e-27,6.0644649193622045e-33,6.061220401868455e-26,8.444504161900311e-58,6.146689593603195e-48,8.714280576844679e-35,0.0001823239000086002,0.49999999999999717,3.906700847655446e-15,0.24999999999999567,3.828222289721716e-15,2.395059387825274e-28,-3.215242208501455e-61,-4.0926681648414964e-60,6.608818411537978e-46,-5.080992171506026e-64,-3.308038437383336e-75,-7.078033762115164e-62,-1.0131697748505347e-68,-1.0335918791153414e-75,7.616928619139868e-39,1.1017417878605907e-37,2.3030719460402643e-38,3.7952901347620915e-24,0.0,-1.4227352223135148e-70,-9.910342504713588e-88,4.150802817376531e-25,-1.3666973302869439e-48,1.0880575381783564e-39,-2.788618839665501e-99,2.4725238591496163e-39,3.5342829374867495e-18,5.147957404530759e-44,1.2297080829104895e-35,3.8461383156671184e-46,3.637622814527467e-43,2.252259113874891e-34,-1.2170173938900032e-66,-6.376704688114028e-94,8.522280445394935e-59,1.6435064902416577e-43,0.10000000149011529,8.294481752851888e-16,1.0377052164871936e-26,5.144675497062358e-44,-1.4447005417226132e-78,-4.2929311622816883e-75,-4.713193622077797e-53,-5.716128595777223e-69,2.3696977707068987e-36,-9.067123714469588e-91,2.3708390796363743e-35,3.7860133476377785e-34,-6.686301339929561e-81,2.3265232734729418e-54,-9.320844457526714e-68,2.255999999995662e-06,4.337340441461915e-18,6.179999999999787e-05,2.1292572378554394e-18,3.1199972700536046e-48,1.2008406594327208e-40,8.161018620133379e-51,-1.3189469561086413e-87,4.4169007070709397e-44,1.7273060115743102e-28,-8.789907267457536e-61,6.603015715801681e-39,-2.1763212217503289e-134,-2.1138365544673384e-64,-1.8100142335001638e-50,-2.2081240471117763e-63,7.386083989081254e-38,1.9258540448313983e-41,4.836736299919307e-91,2.0367180155736474e-50,3.8636000194214275e-38,0.0003339999999999705,2.956610086822934e-17,1.709008615886e-27,4.817386071728549e-40,-1.5714948580149596e-82,1.7279666381682328e-51,3.1249722199724182e-58,-7.660889477891368e-74,3.8152959865761772e-59,-3.006379719199786e-86,9.642885894656467e-23,2.480565861505597e-27,2.5561800405207074e-21,3.5099999999999977e-06,8.54880764509009e-62,7.262691700252037e-54,5.501993534077676e-21,1.7799999999999944e-06,1.3570674883107674e-48,7.19915946317492e-44,-2.8812628395748786e-93,5.378901383087923e-65,0.0,0.0,3.47776288759466e-36,4.4547450095813964e-24,3.4814712071472874e-53,5.5672775481431775e-25,-4.877241055626753e-73,8.359820857296294e-42,-4.8772410556281195e-73,-2.0672180275394506e-95,3.182496651296242e-61,7.986484817814613e-42,2.5247691178480725e-28,2.8638077190076004e-38,1.4919673837447454e-58,7.126835392324528e-52,2.17604238367682e-55,1.0484202626879401e-46,1.2909708116580636e-37,2.0424073040280277e-66,-4.706496738909701e-79
1.912267181873642e-08,1.0000000031620824e-10,0.0001769999999999997,1.2939617348767017e-38,2.764957419265559e-32,4.545905169259704e-49,2.29723630858368e-40,7.755138671544338e-63,1.2699080965384795e-50,-3.0388192421789145e-117,-2.3680523711923064e-97,-3.199364703322069e-109,9.60045223988707e-65,2.9838182274655286e-55,1.647488793010185e-80,9.365268472248902e-66,5.095806737466463e-60,8.398319899567846e-137,-4.2481832926909765e-118,1.3706716769795914e-92,-4.422282639425485e-111,-1.850537546834648e-126,-1.5820419082895463e-111,3.0158907192078025e-28,9.305072930869787e-22,1.5076314484975069e-28,6.169912100028326e-21,-4.191416066705442e-96,-8.648938787703376e-93,4.5933140860742204e-45,7.441562802005787e-31,4.54103133993359e-130,-3.492846080473171e-124,-6.073653317157558e-93,-1.325370163285138e-82,-8.648938787701611e-93,-3.965244282550067e-81,4.568250793888941e-60,1.2194859444848566e-58,2.043841977056522e-47,1.7246498836574728e-23,3.3899999994889115e-08,3.6183625961707344e-33,5.5886930555051655e-27,8.772784380945726e-33,8.765034863822328e-26,2.55361310659373e-57,1.2853708687581665e-47,1.2601583196015328e-34,0.0001823239000124366,0.49999999999999584,5.649418245962586e-15,0.24999999999999373,5.5359316451573396e-15,5.008451003900344e-28,1.8209667062811815e-60,2.2590811455028775e-59,1.998501752528775e-45,2.3895530677331923e-63,-2.8295027903726575e-75,4.008675860529752e-61,4.764861423726418e-68,-9.822377080008943e-76,1.5928212045431716e-38,3.331658939009226e-37,4.816090598517644e-38,5.488308977616683e-24,0.0,6.691018597852217e-70,-9.417945616785042e-88,8.679990418241932e-25,6.427476545936045e-48,2.275301772158971e-39,1.3077636606054913e-98,5.4024334567195556e-39,5.110870601633585e-18,1.0768149613230472e-43,2.5715156432650923e-35,1.1630693545456346e-45,7.606851133862787e-43,4.709832865750245e-34,5.723542859325739e-66,-9.340265783672646e-94,2.577131247962087e-58,3.4368341110213653e-43,0.10000000149011491,1.1994518746426952e-15,2.1700070400595798e-26,1.0758336639344262e-43,6.794319741606053e-78,-4.1893105778994523e-75,2.216580129813678e-52,-5.43212186793664e-69,4.9554158196212125e-36,-8.617585962777774e-91,4.957802478456634e-35,5.985912212974474e-34,-6.354091432260694e-81,7.035389006165766e-54,-8.857736867382562e-68,2.255999999993727e-06,6.2721593445970095e-18,6.179999999999693e-05,3.0790851816894157e-18,6.524632635739393e-48,2.5291439921766856e-40,2.5074777222777824e-50,6.19135810572375e-87,6.424553154678667e-44,3.612072239880418e-28,-8.353179346092128e-61,1.9967470215994875e-38,-4.3251786820822137e-134,-2.0088102608562415e-64,8.512363175632148e-50,-2.0984130649345454e-63,1.5445479122381768e-37,5.796454066839783e-41,1.4382734767022843e-90,6.159020070491014e-50,8.079403581814339e-38,0.00033399999999995727,4.2755070379291156e-17,2.4713703029440917e-27,1.0836703302661567e-39,3.606445398898261e-82,5.225358210537879e-51,9.44989766780539e-58,3.602857778808964e-73,1.1537426782507025e-58,-2.8677678886083745e-86,1.394442462823412e-22,5.187258671860993e-27,3.696451487741967e-21,3.5099999999999965e-06,2.5854393266921817e-61,2.1962325469018e-53,7.95634574318583e-21,1.779999999999992e-06,2.8378444686998404e-48,1.505507716404627e-43,-2.7501486567306032e-93,1.6265757649969996e-64,0.0,0.0,7.272556628494641e-36,6.441936231211143e-24,1.0527942932425797e-52,8.05075192240717e-25,2.2937304233213244e-72,1.7481718147347903e-41,2.293730423321194e-72,-3.0387738126961454e-95,9.623846107707224e-61,1.670101309833724e-41,3.651028650661512e-28,5.988678493318162e-38,4.511698302922161e-58,2.1551497006342963e-51,6.58033591915268e-55,2.1942252107114304e-46,2.6996257757812664e-37,6.187007496017559e-66,2.1588614026964097e-78
2.76529929712296e-08,1.0000000045726373e-10,0.00017699999999999956,1.871177581767529e-38,3.9983611550590214e-32,9.506212437582544e-49,4.803887354604928e-40,2.350124725752945e-62,3.840192645227539e-50,8.68260028522076e-117,5.540521549804072e-98,-8.006777129062937e-110,2.9031695941466936e-64,9.023044050258615e-55,1.2906864500738444e-79,7.317043875763352e-65,1.5409681572367904e-59,1.778231904893072e-136,-3.3866748671638474e-118,1.0738205831445425e-91,1.5594665346992412e-110,2.201302771347091e-126,4.2444848817916415e-111,4.361636817692758e-28,1.34559186481298e-21,2.1801619706788435e-28,8.922212206601788e-21,1.0719260203403232e-96,1.0254944901763243e-92,1.377287949304494e-44,1.5561494163953867e-30,3.262194547000196e-129,2.1580344473097916e-123,7.879596089560888e-93,4.712825555695282e-82,1.0254944901768897e-92,1.414667913369981e-80,3.569154496762307e-59,9.527790698853668e-58,6.180562876275504e-47,2.4939928633931967e-23,3.389999999260923e-08,5.232804746004844e-33,8.081720550099164e-27,1.2692578684780397e-32,1.2674978151682035e-25,7.722110911759548e-57,2.687915654136773e-47,1.8222949988563247e-34,0.00018232390001798434,0.49999999999999395,8.16953428553879e-15,0.24999999999999095,8.005423107486706e-15,1.047346950371908e-27,1.364826446713976e-59,1.702350236142621e-58,6.043454375899742e-45,1.866947429417454e-62,1.3069193712517048e-74,3.0045287548982565e-60,3.7227657474833994e-67,3.5042990266859625e-75,3.3308430687704376e-38,1.0074911751782227e-36,1.0071213230188285e-37,7.9365567226854e-24,0.0,5.227663759935622e-69,3.3600112669610825e-87,1.8151243740974786e-24,5.021759497379929e-47,4.758018737705834e-39,1.0224585170234014e-97,1.1998891376270703e-38,7.390749062255542e-18,2.2526838248810903e-43,5.377449164821551e-35,3.5171130429137615e-45,1.5907144202328713e-42,9.849011371052483e-34,4.471779168029979e-65,2.3926040789076737e-94,7.793225664549306e-58,7.186968120937095e-43,0.10000000149011437,1.7345083664681202e-15,4.537830666039729e-26,2.249739703198336e-43,5.308372519605994e-77,1.3902541944339711e-74,1.73180442424806e-51,1.9380012834926573e-68,1.0362564479359465e-35,3.0735500091255654e-90,1.0367555363211044e-34,9.724753512173605e-34,2.2669295056116822e-80,2.1274963819399013e-53,3.1601473307518043e-67,2.255999999990929e-06,9.070070328800868e-18,6.179999999999557e-05,4.452616333749431e-18,1.3644715160642681e-47,5.343259227146933e-40,7.697994617499505e-50,4.839491183580431e-86,9.368553335406095e-44,7.553418895308546e-28,2.9801379360448616e-60,6.038148082463747e-38,-5.841114297806204e-134,7.166770105614466e-64,6.650672363131522e-49,7.486443252763324e-63,3.229895918761881e-37,1.7471315501009856e-40,4.090199015603785e-90,1.862483070246225e-49,1.6895320920776093e-37,0.0003339999999999382,6.182743038183012e-17,3.573809469225553e-27,2.4967918352980592e-39,3.5416495140360626e-81,1.5801444209257616e-50,2.8576434584388517e-57,2.814897496873813e-72,3.4889093046275595e-58,1.0129774549672333e-85,2.016481168983849e-22,1.0847384842976862e-26,5.345379975061645e-21,3.5099999999999948e-06,7.81918365183302e-61,6.641390821956061e-53,1.1505545615895438e-20,1.7799999999999885e-06,5.934385212199667e-48,3.1484039214624383e-43,9.698079469797294e-93,4.9187529769575233e-64,0.0,0.0,1.520807531286007e-35,9.315581995366058e-24,3.1836420810058588e-52,1.1642064897140046e-24,1.7920816137589145e-71,3.6557059605804664e-41,1.7920816137589604e-71,7.12221519885024e-96,2.910243876222608e-60,3.492448127225066e-41,5.279694731377864e-28,1.2523281454458118e-37,1.3643342197754953e-57,6.517156601043205e-51,1.989888668241732e-54,4.5939520819757534e-46,5.645347875746499e-37,1.8740894542005568e-65,1.6971486368904387e-77
3.998855533972139e-08,1.0000000066124181e-10,0.00017699999999999934,2.7058802825225185e-38,5.781966776141124e-32,1.9879005742490304e-48,1.004569431481699e-39,7.0873749316749545e-62,1.1612713712431311e-49,-1.3907423035077946e-112,-6.493174807608315e-94,-7.524276818048799e-105,8.779163151236501e-64,2.728561778748758e-54,6.7320516832832196e-80,4.656819725298721e-65,4.6598761813979745e-59,9.5693792930046e-132,-8.615284863376737e-113,5.6009036558430576e-92,-2.238408190172332e-108,-6.43564678911502e-123,-1.8911280745243154e-108,6.308140859872966e-28,1.9458390923100566e-21,3.1526977130779375e-28,1.2902269816280454e-20,-1.1430856901755134e-92,-2.923795361426763e-89,4.1403858654286753e-44,3.254156513250863e-30,2.3346202386006633e-125,-2.282475204620011e-118,-1.999087800977134e-89,-6.463131558100674e-80,-2.9237953614261062e-89,-1.8964687325374884e-78,2.2715396750477153e-59,6.063832463088922e-58,1.868997598849164e-46,3.6065318992149486e-23,3.3899999989312316e-08,7.567803572792614e-33,1.168684814258019e-26,1.8367908131165528e-32,1.8329085240190653e-25,2.335159036506045e-56,5.620860905713672e-47,2.6351919548416556e-34,0.0001823239000260069,0.4999999999999913,1.1813834192865886e-14,0.2499999999999869,1.157651561369158e-14,2.1901694427445426e-27,9.558968341113263e-60,1.1779053087485285e-58,1.827536090705038e-44,1.1881932342599649e-62,-1.4769771980322858e-72,2.104311161608287e-60,2.3692942062790364e-67,-4.6977764197535006e-73,6.965323865041374e-38,3.04664579121913e-36,2.106051243274875e-37,1.1476929026534182e-23,0.0,3.3270752606739494e-69,-4.5043478144049557e-85,3.795714435815411e-24,3.196030404346723e-47,9.949775711138598e-39,6.208150351932047e-98,2.7213051775599734e-38,1.0687645208970132e-17,4.7134186269642954e-43,1.1245103484054623e-34,1.0635723580148111e-44,3.326439196344552e-42,2.0595852921091276e-33,2.8460028611557883e-65,-2.5364168606398504e-90,2.3566656158767675e-57,1.5029096368604256e-42,0.10000000149011362,2.508245088402654e-15,9.489327348760053e-26,4.70456437888144e-43,3.3784401990207245e-77,-2.0297251425575445e-71,1.1021833251339859e-51,-2.59803647391682e-66,2.166977434364061e-35,-4.238564604947602e-88,2.1680211076648e-34,1.6297468189327564e-33,-3.0389895082481636e-78,6.433533172749617e-53,-4.236415160498618e-65,2.255999999986883e-06,1.3116085107156608e-17,6.179999999999357e-05,6.4388579871903705e-18,2.853529507607697e-47,1.1338160269287381e-39,2.2829171811016884e-49,2.9867115996332302e-86,1.3711022686704977e-43,1.5795403086383637e-27,-3.995099031754197e-58,1.825931471613629e-37,-7.040667865234458e-127,-9.60759437755092e-62,4.2327297600270246e-49,-1.003614023438992e-60,6.754227281237451e-37,5.2713684126295e-40,8.955367266860353e-87,5.632134896895327e-49,3.5330809523775734e-37,0.00033399999999991065,8.940766822673507e-17,5.168029294362506e-27,5.918717236991332e-39,-2.831483876241203e-80,4.778344929845512e-50,8.641486792245238e-57,1.7914875730957184e-72,1.055043544784296e-57,-1.452101044142616e-83,2.916001493979676e-22,2.2683611011253358e-26,7.729869355139383e-21,3.5099999999999927e-06,2.3641902706084344e-60,2.0083516253574365e-52,1.6637987361416218e-20,1.7799999999999834e-06,1.2409745591596022e-47,6.584259884941345e-43,-1.3920310709578565e-90,1.487427223560744e-63,0.0,0.0,3.180250997515187e-35,1.34711156385767e-23,9.627309881333341e-52,1.683540573286977e-24,1.1405459033852945e-71,7.644663960941292e-41,1.140545903379109e-71,-8.296730271346909e-92,8.800555751963247e-60,7.303265921046139e-41,7.634882968123176e-28,2.6188178003568215e-37,4.125736407340163e-57,1.9707832899452035e-50,6.017408474004733e-54,9.623249672806299e-46,1.1805322398382481e-36,5.654989938587262e-65,6.393180408767727e-78
5.78268167869447e-08,1.0000000095621132e-10,0.00017699999999999904,3.912930649360605e-38,8.361210639110483e-32,4.157017027113322e-48,2.100714835208813e-39,2.0929172702158725e-61,3.511675510877401e-49,-2.8456849595937845e-111,-1.355114608775445e-92,-1.5761951553186568e-103,2.6548123226547674e-63,8.251150331143824e-54,-8.056300637305815e-78,-4.392278837174872e-63,1.4091430273924752e-58,2.1165510435226594e-130,-1.820491392693892e-111,-6.70265232259459e-90,-4.77445744687163e-107,-1.332373614902844e-121,-3.966553523007824e-107,9.123873652766822e-28,2.8138471047002454e-21,4.559066256591714e-28,1.8657768112920148e-20,-2.385665002479219e-91,-6.055317145491781e-88,1.2469215261310064e-43,6.804960051268969e-30,1.9881791106741827e-123,-4.624011732945251e-117,-4.1408207881062746e-88,-1.3798872697364674e-78,-6.05531714549004e-88,-4.0513638379070035e-77,-2.142492565114741e-57,-5.719343527442855e-56,5.651834788351072e-46,5.2153660462148826e-23,3.389999998454471e-08,1.0945202199345779e-32,1.690016608184259e-26,2.658950213060792e-32,2.650539998900343e-25,7.061463608302346e-56,1.175411854206939e-46,3.8107093811048607e-34,0.00018232390003760816,0.4999999999999874,1.7083798593965283e-14,0.24999999999998104,1.6740615948014757e-14,4.579993464471478e-27,-7.939937674864086e-58,-9.945177436887717e-57,5.526455497007601e-44,-1.120691462542004e-60,-3.1702519556937683e-71,-1.747897772076497e-58,-2.234704274610923e-65,-1.0035705401523356e-71,1.4565602624633276e-37,9.213034138896817e-36,4.404088899604388e-37,1.6596605364360473e-23,0.0,-3.138062740478879e-67,-9.62249022886616e-84,7.937444002801845e-24,-3.014462479487297e-45,2.080656722009786e-38,-6.199886152346679e-96,6.332209982572676e-38,1.545523452961984e-17,9.864667360595962e-43,2.3515304094160526e-34,3.216234872309048e-44,6.956119955998166e-42,4.30692118791071e-33,-2.6843202238043554e-63,-5.2934312483479065e-89,7.126539076274188e-57,3.1428237285180764e-42,0.1000000014901125,3.627133512366178e-15,1.9843696283534533e-25,9.837994132662372e-43,-3.186510824780072e-75,-4.1642020738864714e-70,-1.0395677977461818e-49,-5.5500999511841095e-65,4.531495278483664e-35,-9.043692597653252e-87,4.5336777655034225e-34,2.824053287841559e-33,-6.492093428630188e-77,1.9454956279471983e-52,-9.050114504618773e-64,2.255999999981032e-06,1.8966963022533062e-17,6.179999999999071e-05,9.311130596256306e-18,5.967795971622119e-47,2.4207508909526375e-39,5.73713985232571e-49,-2.9244752834172604e-84,2.0167534610815974e-43,3.3030705976591706e-27,-8.534598788030597e-57,5.521603142967239e-37,-1.507698193668215e-125,-2.0524388172662543e-60,-3.992266526528346e-47,-2.143987660890662e-59,1.4124166014609913e-36,1.5915601200589255e-39,2.1365812623460778e-85,1.7031533872268157e-48,7.388235520656084e-37,0.00033399999999987075,1.2929101351873154e-16,7.473405344887679e-27,1.4486299173469054e-38,-8.48921874230326e-79,1.4449679392903877e-49,2.613164395307004e-56,-1.6897302989184e-70,3.1904431863648573e-57,-3.096824150913631e-82,4.2167835949404956e-22,4.7435046873550114e-26,1.1178041697032714e-20,3.5099999999999893e-06,7.140859886032807e-60,6.073240319883152e-52,2.4059930113385693e-20,1.779999999999976e-06,2.595075654573282e-47,1.3770083862755634e-42,-2.9691604755093528e-89,4.497968720188401e-63,0.0,0.0,6.650411836600391e-35,1.9480367047580055e-23,2.9112913225276064e-51,2.4345413695255162e-24,-1.0757510010050232e-69,1.598621106351856e-40,-1.0757510010063445e-69,-1.731457343143605e-90,2.6612814921307076e-59,1.5272293688097026e-40,1.104068339485456e-27,5.476365516902463e-37,1.247619386958093e-56,5.959633959928294e-50,1.8196598296026455e-53,2.017383710257928e-45,2.468681115786888e-36,1.678297550469815e-64,-1.110523740889032e-75
8.362244425442554e-08,1.0000000138276203e-10,0.0001769999999999986,5.658427087856126e-38,1.2091014380364786e-31,8.692985358527757e-48,4.392929631588741e-39,6.299368357097219e-61,1.0619280261045785e-48,-1.1096797036830017e-110,-5.457858567870346e-92,-6.41665222814106e-103,8.028132604451522e-63,2.495141692181539e-53,-2.9337637389069005e-77,-1.5949634394248917e-62,4.2612379629135556e-58,9.420063658458502e-130,-7.526229527965316e-111,-2.4408223327679284e-89,-1.863450235065945e-106,-5.282465403765756e-121,-1.5769666513650947e-106,1.319759273645367e-27,4.069059748653063e-21,6.592793549161776e-28,2.698070307713537e-20,-9.608129329801355e-91,-2.401952314114299e-87,3.7599577756341696e-43,1.4230256322505082e-29,1.8813641187456273e-122,-1.7704506523486067e-116,-1.642264490865178e-87,-5.377152948735046e-78,-2.401952314113326e-87,-1.5777071463833925e-76,-7.780009606778629e-57,-2.0768589026355574e-55,1.7091106199870345e-45,7.541894582997265e-23,3.389999997765035e-08,1.5830864825082265e-32,2.4439062624727987e-26,3.850912893623023e-32,3.8329039307274377e-25,2.1353789754904598e-55,2.4579742691877204e-46,5.510606537041161e-34,0.00018232390005438456,0.49999999999998174,2.470461068328245e-14,0.24999999999997258,2.420833968007496e-14,9.577496482229081e-27,-2.8852507384856056e-57,-3.6135786201184443e-56,1.6711960158893923e-43,-4.0695545386718307e-60,-1.234256764961346e-70,-6.3515905844256684e-58,-8.114857487082082e-65,-3.908166426493348e-71,3.0458997159123107e-37,2.786014644992799e-35,9.209651995561383e-37,2.40000882621089e-23,0.0,-1.1395212597332728e-66,-3.747249619999963e-83,1.659846080581475e-23,-1.094638432798001e-44,4.350984907036061e-38,-2.2530304438456754e-95,1.5181633485291463e-37,2.23495699638909e-17,2.065326058596597e-42,4.917424969815591e-34,9.725870239686482e-44,1.4546371781275868e-41,9.006458819384825e-33,-9.747542402217537e-63,-2.131731991907672e-88,2.155060086395461e-56,6.572145697042825e-42,0.10000000149011087,5.245140348269565e-15,4.149633242320169e-25,2.0572814142118977e-42,-1.1571141649909006e-74,-1.6202868289512342e-69,-3.774971069305797e-49,-2.161354226933332e-64,9.476079046218727e-35,-3.521763308733079e-86,9.480642973798496e-34,5.061022178790643e-33,-2.5281911496235212e-76,5.88316425182615e-52,-3.524351527004868e-63,2.255999999972571e-06,2.7427824946160064e-17,6.179999999998655e-05,1.3464678542542958e-17,1.2481460186140839e-46,5.2126523923405496e-39,1.666273170343941e-48,-1.0624832392888281e-83,2.9875594772464956e-43,6.907247198865967e-27,-3.323596211170961e-56,1.6697286677751006e-36,-6.374489215256223e-125,-7.992734099927167e-60,-1.4497073373286288e-46,-8.349249265299235e-59,2.9535882833220968e-36,4.807642718244245e-39,1.057820812097094e-84,5.1503231251994534e-48,1.544997831749737e-36,0.00033399999999981307,1.8696568769750444e-16,1.0807173154871974e-26,3.667172244357476e-38,-3.253599134618866e-78,4.36957225889114e-49,7.902180934372635e-56,-6.135899854383716e-70,9.647876010082991e-57,-1.208259708653021e-81,6.0978239974249695e-22,9.919424515804568e-26,1.6164389130086724e-20,3.509999999999984e-06,2.158894424486399e-59,1.8365433378122268e-51,3.4792684023300233e-20,1.7799999999999652e-06,5.426716944816946e-47,2.879951322860879e-42,-1.158850578231623e-88,1.3601823765512657e-62,0.0,0.0,1.3907071369940478e-34,2.8170250366813956e-23,8.803723222068676e-51,3.520551731215324e-24,-3.90636273689514e-69,3.3429715871044937e-40,-3.906362736900286e-69,-6.973069964313081e-90,8.04769536239414e-59,3.193680189029867e-40,1.5965757481253424e-27,1.1451953347523776e-36,3.7727915793882464e-56,1.802188859735443e-49,5.502637737172182e-53,4.2338174910709616e-45,5.162405774053371e-36,5.056466478507112e-64,-4.0572793757684737e-75
1.2092509274456956e-07,1.0000000199959028e-10,0.00017699999999999796,8.182561879946085e-38,1.7484624573508984e-31,1.8178418344880428e-47,9.186316223367727e-39,1.9320237293014635e-60,3.211262660682518e-48,-2.5926936814070783e-110,-1.3673567299244487e-91,-1.6434168984277583e-102,2.427701336088279e-62,7.54528990633426e-53,-4.480192162665023e-77,-2.3809024832797483e-62,1.2885952050969649e-57,2.823359617526453e-129,-1.9864423906731207e-110,-3.7274146232086455e-89,-4.3357892800945236e-106,-1.2800128716383471e-120,-3.8377559279840543e-106,1.9092574511875247e-27,5.884202879455253e-21,9.533734404293443e-28,3.901636755619677e-20,-2.4069149733806506e-90,-5.826473610457044e-87,1.1347659458332848e-42,2.975773457364551e-29,1.0296240269865337e-121,-3.962380603199048e-116,-3.9821411784425337e-87,-1.246258044746915e-77,-5.826473610453203e-87,-3.6506080613895046e-76,-1.1613706533153007e-56,-3.1002570661462272e-55,5.168337749533408e-45,1.0906290289218105e-22,3.389999996768053e-08,2.2899415403008924e-32,3.5340941575909156e-26,5.580971358558669e-32,5.542701694791684e-25,6.457391562858255e-55,5.1400181557809504e-46,7.968800936039325e-34,0.00018232390007864461,0.4999999999999736,3.5724946398381236e-14,0.24999999999996034,3.50072967322139e-14,2.0028071998552244e-26,-4.291516530874415e-57,-5.37746085834154e-56,5.053684270029175e-43,-6.07487836373362e-60,-2.8522539094727508e-70,-9.447343908744815e-58,-1.2113561179904528e-64,-9.042986145285676e-71,6.369461887997106e-37,8.424887473998402e-35,1.9258850538976447e-36,3.4706147668557664e-23,0.0,-1.7010345961870212e-66,-8.670645693987316e-83,3.471002768591536e-23,-1.634035188656362e-44,9.098603080669937e-38,-3.383577469221682e-95,3.7613679515943343e-37,3.231935927972001e-17,4.326385780243354e-42,1.0283119552597886e-33,2.9410958960427176e-43,3.041883077695648e-41,1.883394121302062e-32,-1.455076567123787e-62,-5.339290317091896e-88,6.516885688939147e-56,1.3743405140624165e-41,0.10000000149010854,7.58491441774858e-15,8.677544644990329e-25,4.302103418867935e-42,-1.727296696707557e-74,-3.7645287266114433e-69,-5.635135201336843e-49,-5.001091097283194e-64,1.981599197943108e-34,-8.149886422205196e-86,1.9825535877429542e-33,9.362152204817822e-33,-5.849903777285337e-76,1.7790644763716333e-51,-8.154888645255914e-63,2.255999999960336e-06,3.9662943423422623e-17,6.179999999998055e-05,1.9471058468566054e-17,2.610631045275502e-46,1.135552654684579e-38,5.667199594668404e-48,-1.592379405377845e-83,4.46974028787243e-43,1.4444155052303946e-26,-7.690367096455687e-56,5.049247019151741e-36,-1.753608021590515e-124,-1.8494141712210954e-59,-2.164068732266502e-46,-1.9319071192750108e-58,6.176423966066717e-36,1.4527353121041526e-38,3.6703326010798874e-84,1.5574538671887733e-47,3.2308367720640766e-36,0.0003339999999997297,2.7036812088513323e-16,1.5628082008596663e-26,9.597514000691748e-38,-6.935125188087971e-78,1.3213553879197683e-48,2.3896215647998992e-55,-9.15945171682164e-70,2.9175108324305924e-56,-2.80907475641914e-81,8.81796674319656e-22,2.074309802537341e-25,2.3375067210569885e-20,3.509999999999977e-06,6.533024437634229e-59,5.553693338849195e-51,5.0313149531415467e-20,1.7799999999999495e-06,1.1348130388468164e-46,6.023668900654098e-42,-2.6963595755068273e-88,4.1131814021334406e-62,0.0,0.0,2.9081903323125508e-34,4.073655304549698e-23,2.662239326642915e-50,5.0910141216264e-24,-5.831271765747127e-69,6.990686527470144e-40,-5.831271765759028e-69,-1.746677345321387e-89,2.4336170658960667e-58,6.678494735910471e-40,2.3087829164104123e-27,2.3947860140650924e-36,1.1408894759098912e-55,5.4498056505514456e-49,1.663993542580409e-52,8.89939035473895e-45,1.0795413472102626e-35,1.5461865910760863e-63,-6.356245617708309e-75
1.7486786215901368e-07,1.0000000289157584e-10,0.00017699999999999707,1.1832673297073403e-37,2.528423899283057e-31,3.8013971126246143e-47,1.9210051828729377e-38,5.969591375003325e-60,9.710835430038889e-48,-3.4771538983998604e-110,-2.308481840368928e-91,-2.947303670776561e-102,7.341350859446052e-62,2.2816900620363084e-52,7.143906572609166e-77,4.260623070514702e-62,3.8967024050162725e-57,6.99449092485052e-129,-3.8391845057304493e-110,5.9435601923231246e-89,-5.701914568931133e-106,-1.9523121904263126e-120,-5.93105223226561e-106,2.7625664919290993e-27,8.509052621098048e-21,1.3786582445660331e-27,5.642095140119027e-20,-4.062533099530983e-90,-8.917550676829568e-87,3.426834367044969e-42,6.222816699828658e-29,4.421944924369185e-121,-4.416659151563694e-116,-6.087015538479686e-87,-1.6134295488572975e-77,-8.917550676816345e-87,-4.6943958693179684e-76,2.078275582221295e-56,5.547917542665765e-55,1.5629014747342698e-44,1.577157251208303e-22,3.3899999953263335e-08,3.31283933261145e-32,5.110597616170956e-26,8.09612332831836e-32,8.015213174715936e-25,1.9527204693346092e-54,1.0748603758335223e-45,1.1523557010369188e-33,0.00018232390011372674,0.4999999999999618,5.1661279412289905e-14,0.24999999999994266,5.062349753884907e-14,4.188189143940571e-26,7.826809802002007e-57,9.78224158922304e-56,1.5282303482264954e-42,1.08710095828066e-59,-3.647340289489751e-70,1.7229938039039805e-57,2.167719240173485e-64,-1.1628571499567179e-70,1.3319560237095496e-36,2.5476796770103137e-34,4.027332675022797e-36,5.01880106767257e-23,0.0,3.0440055071122995e-66,-1.1149770859676432e-82,7.258420138259455e-23,2.9241099658805643e-44,1.902662955280696e-37,5.878659499382521e-95,9.639634245813526e-37,4.673651375711858e-17,9.069720566139394e-42,2.150364232669835e-33,8.893852018802346e-43,6.361077086349092e-41,3.9384773606331127e-32,2.6038630415968752e-62,-9.007767129261563e-88,1.9707014035644215e-55,2.873965340102771e-41,0.10000000149010514,1.0968424656844447e-14,1.8146129223008258e-24,8.996384117226008e-42,3.091000980342017e-74,-4.938003493682063e-69,1.0084088206881095e-48,-6.431011214784685e-64,4.143839833259051e-34,-1.048633817372573e-85,4.145835613827861e-33,1.7811719595266184e-32,-7.522517813253989e-76,5.37987769049518e-51,-1.0486547693452377e-62,2.255999999942643e-06,5.735595454968369e-17,6.179999999997186e-05,2.8156789385705265e-17,5.460935503329377e-46,2.512225202393397e-38,2.008638971506338e-47,2.794584051877911e-83,6.778823771699374e-43,3.0205030909849115e-26,-9.88920940996453e-56,1.5268885263410917e-35,-3.713802305766185e-124,-2.3782016885047875e-59,3.872606263686521e-46,-2.4842811547039833e-58,1.2915887168072226e-35,4.3907766515353264e-38,1.1101139287245385e-83,4.709728864459287e-47,6.756194755111599e-36,0.0003339999999996091,3.9097505900501644e-16,2.259952198504974e-26,2.5902826977290763e-37,-5.600960718759235e-78,3.995768824737549e-48,7.22623507863339e-55,1.6390769433411853e-69,8.82253252602619e-56,-3.682501551778677e-81,1.275152210305894e-21,4.337712484573673e-25,3.380231462549845e-20,3.5099999999999664e-06,1.9777139305868915e-58,1.6794327182127862e-50,7.275704898102618e-20,1.779999999999927e-06,2.373075014521725e-46,1.260017619674383e-41,-3.545931454052373e-88,1.2438230091080543e-61,0.0,0.0,6.08148961354022e-34,5.890848437511495e-23,8.050591835881618e-50,7.362034920864856e-24,1.043507496445686e-68,1.4618639986196286e-39,1.0435074964441586e-68,-2.94750862892027e-89,7.359239824099289e-58,1.396579815392014e-39,3.338694430973524e-27,5.00787933672021e-36,3.450041816769358e-55,1.6480171573799567e-48,5.031904046406046e-52,1.8748551974061192e-44,2.2574930590999337e-35,4.75596959581671e-63,8.77724086272178e-75
2.5287364699943266e-07,1.0000000418146204e-10,0.0001769999999999957,1.7111041746398137e-37,3.6563138151749725e-31,7.949327488520873e-47,4.017128119907237e-38,1.8442226859410467e-59,2.9365497274619255e-47,3.5222667354593636e-110,-9.627550663391323e-92,-2.184158799475491e-102,2.220019063189685e-61,6.899813797463041e-52,8.516949056984767e-76,4.805212897654833e-61,1.1783599365034675e-56,1.5227709969800745e-128,-4.2843612822271625e-110,7.085900174612323e-88,6.582206228686993e-106,3.3907777580800213e-121,5.603077702772136e-107,3.9982903394410574e-27,1.2304806270450652e-20,1.9936558733136932e-27,8.158944452837712e-20,-1.6886650736334233e-90,1.3601944167098425e-87,1.0352915295139753e-41,1.301290176445549e-28,1.667266572849175e-120,1.071578700337918e-115,9.757452354586576e-88,2.0437846774074454e-77,1.360194416752602e-87,6.175881451379939e-76,2.3439173296257864e-55,6.2570431585244e-54,4.726202384730604e-44,2.280735337457176e-22,3.389999993241485e-08,4.7935535749753684e-32,7.390354315173113e-26,1.1761144631654032e-31,1.1590672886701214e-24,5.905043057776803e-54,2.2477063265081746e-45,1.6664033640997963e-33,0.00018232390016445843,0.49999999999994477,7.470655829953683e-14,0.24999999999991707,7.32058382517353e-14,8.758171182717807e-26,8.750924382261606e-56,1.095000522395566e-54,4.621357157313614e-42,1.2260523986440991e-58,4.948134491443153e-70,1.9264283749455222e-56,2.4447963986585606e-63,1.529838568001653e-70,2.785332387989973e-36,7.704164306680232e-34,8.421794666239626e-36,7.257608765999561e-23,0.0,3.4330852567547336e-65,1.4668482263303217e-82,1.5178513646955897e-22,3.2978648341751003e-43,3.978771564246195e-37,6.722875495376262e-94,2.5522617712345136e-36,6.758493257105735e-17,1.903444738195709e-41,4.4967544222602296e-33,2.689494206482561e-42,1.3302070518729642e-40,8.235984037305788e-32,2.936684498726789e-61,-3.721009075559469e-88,5.9593864438888254e-55,6.009920380639248e-41,0.10000000149010026,1.586126524662656e-14,3.79464490367686e-24,1.8812873468109516e-41,3.4860879395556665e-73,5.774021544231189e-69,1.1373019583566796e-47,8.460548286262231e-64,8.665429710891332e-34,1.3749392709905727e-85,8.669603204256533e-33,3.4693312600280623e-32,9.896518981715223e-76,1.626870995907058e-50,1.3795955310784007e-62,2.2559999999170573e-06,8.294153782746551e-17,6.17999999999593e-05,4.0717087349787066e-17,1.1424796968528742e-45,5.669575568045933e-38,6.978996792351444e-47,3.180736027775755e-82,1.0470434990855576e-42,6.316353492214934e-26,1.3010105259142916e-55,4.6172994963148326e-35,-5.711189701312898e-124,3.1287288107892563e-59,4.3675963628302337e-45,3.2682854709783665e-58,2.7009179138794136e-35,1.3272899417306626e-37,3.1730683202958042e-83,1.4242184917331044e-46,1.4128280315010488e-35,0.0003339999999994347,5.653828425804198e-16,3.268081097858707e-26,7.1805572037685485e-37,3.1675874287030177e-77,1.2083175084177768e-47,2.185219541050991e-54,1.8485858644304833e-68,2.6679277248966664e-55,4.333799349334397e-81,1.8439774233563358e-21,9.0708483233137e-25,4.8880992031596065e-20,3.5099999999999516e-06,5.987135175644195e-58,5.078591997984157e-50,1.0521281663756292e-19,1.7799999999998944e-06,4.962478285417208e-46,2.636023918886338e-41,4.093371654292132e-88,3.761311566845029e-61,0.0,0.0,1.2717364303708879e-33,8.518662652017843e-23,2.4344929570510925e-49,1.06461221436683e-23,1.1768868939029823e-67,3.0569906710433975e-39,1.1768868939031854e-67,-1.2216739631126528e-89,2.225428624182049e-57,2.9204713307390773e-39,4.828033175241045e-27,1.0472274059334063e-35,1.04329024128612e-54,4.9835915721114665e-48,1.5216440259077397e-51,3.962505822105237e-44,4.720777879364e-35,1.4628468081745855e-62,1.126680961621579e-73
3.6567657748709683e-07,1.0000000604674605e-10,0.00017699999999999384,2.474400703927943e-37,5.28733761391627e-31,1.6623311379096277e-46,8.400455414923577e-38,5.65286284123995e-59,8.88010511888735e-47,-1.194356021943163e-106,-5.30127235180254e-89,-5.984711549404998e-99,6.713321150963914e-61,2.086498557189443e-51,3.6987894626009175e-75,2.1375437496464656e-60,3.5633517247829837e-56,8.929222531222153e-125,-6.867727588652717e-106,3.0773050377298773e-87,-2.1387399671787542e-104,-6.399139638421127e-118,-1.2740651560784062e-103,5.7889464304698704e-27,1.779378551670166e-20,2.88299422133372e-27,1.179852039241457e-19,-9.32249828163721e-88,-2.2706270452780753e-84,3.1286632130662766e-41,2.7212052108161334e-28,9.276195540947797e-117,-1.823911849010651e-111,-1.727183979995946e-84,-4.091554142646106e-76,-2.27062704527295e-84,-8.806148667002647e-75,1.0426650788978203e-54,2.783374792743198e-53,1.4292000711417057e-43,3.2982047017866383e-22,3.3899999902266175e-08,6.937965251398703e-32,1.0687074398383763e-25,1.7119416968490973e-31,1.67610885810205e-24,1.7856866328590164e-53,4.7003180818935744e-45,2.4097595826841243e-33,0.0001823239002378207,0.49999999999992,1.0803197128474557e-13,0.24999999999988007,1.0586180355150842e-13,1.831473216941464e-25,3.888768223752164e-55,4.866676143842158e-54,1.3974949527087883e-41,5.453955255165222e-58,-6.80464411462895e-69,8.560733841181543e-56,1.0875394293198681e-62,-2.1813869111359724e-69,5.8245740649998165e-36,2.3297335310395984e-33,1.7611315259944945e-35,1.0495113132688667e-22,0.0,1.5271690962267468e-64,-2.0915693034393424e-81,3.174069178522871e-22,1.467017828801683e-42,8.320245640510933e-37,2.9724517660577563e-93,6.959439018889429e-36,9.77335008946263e-17,4.0010347953292036e-41,9.4034303684082e-33,8.133010391984723e-42,2.781688386772897e-40,1.7222755609323706e-31,1.3063508428865945e-60,-1.9801927695912963e-85,1.8021140330181213e-54,1.2567703690431556e-40,0.10000000149009318,2.29367245611565e-14,7.935207425790215e-24,3.9340717784862407e-41,1.5507466755203614e-72,-1.5639979119761781e-66,5.059158980124604e-47,-1.2063840011883516e-62,1.8120794988140267e-33,-2.909641127108988e-84,1.812952242214039e-32,6.885619054220052e-32,-1.4111382337339361e-74,4.919645742599441e-50,-1.967156129584604e-61,2.255999999880058e-06,1.199404447399935e-16,6.179999999994113e-05,5.888033537410063e-17,2.3906525008203563e-45,1.3114306451413246e-37,2.2865556268678174e-46,1.4092562368352415e-81,1.655666529197206e-42,1.3208502101912338e-25,-1.8551024448528128e-54,1.3962679187341012e-34,-5.593010908554959e-118,-4.4612341994640716e-58,1.9428757839117765e-44,-4.6602268087514633e-57,5.648049942274054e-35,4.012716053580436e-37,7.054494342978028e-81,4.306826084014282e-46,2.9544486487855556e-35,0.00033399999999918255,8.175911767684849e-16,4.72592034164224e-26,2.0349598801579073e-36,-4.444126847981763e-77,3.653943121804739e-47,6.60810985750448e-54,8.223215448109566e-68,8.067794446442743e-55,-1.3810017063857308e-79,2.666546558387952e-21,1.896858991209171e-24,7.068602870884649e-20,3.5099999999999295e-06,1.8117786300942136e-57,1.5357624276636011e-49,1.5214658839073369e-19,1.7799999999998479e-06,1.0377333555622106e-45,5.515751880361764e-41,-1.330047630165182e-86,1.1374178237562656e-60,0.0,0.0,2.6594036184676686e-33,1.2318703172781183e-22,7.361888518247806e-49,1.539518868220246e-23,5.235248072876958e-67,6.392654835139439e-39,5.235248072874084e-67,-6.48431686061433e-87,6.72967953531297e-57,6.107172021098132e-39,6.981742371985358e-27,2.1899194571198653e-35,3.154902234157129e-54,1.5070343689425353e-47,4.6014401713340176e-51,8.412890439128748e-44,9.871899138617057e-35,4.471603037674384e-62,4.7446375940554515e-73
5.287991093946486e-07,1.0000000874410373e-10,0.00017699999999999108,3.5781917816976965e-37,7.645935407398234e-31,3.4761995126896776e-46,1.756669178666841e-37,1.3416010334650787e-58,2.6853339079289413e-46,-1.9180277369597625e-104,-8.830281355028022e-87,-9.801171908569394e-97,2.0301027687465807e-60,6.309555229571615e-51,-6.6783122026916484e-74,-2.668483058852885e-59,1.0775545333703902e-55,1.5304144001104445e-122,-1.1315949281340082e-103,-5.556204202299282e-86,-4.744974849673328e-102,-1.0584459105386992e-115,-2.148521919159699e-101,8.386113522566687e-27,2.5731311478156794e-20,4.169052355029592e-27,1.7061653526494737e-19,-1.5529141332754362e-85,-3.7893186300945675e-82,9.45676602345548e-41,5.690473908991561e-28,2.3009340252558302e-114,-2.8969932285657574e-109,-2.872558950210596e-82,-1.0387723813993541e-73,-3.7893186300843743e-82,-2.5391341899695477e-72,-1.301641314340624e-53,-3.4747068493809796e-52,4.3218903840971455e-43,4.769626809539051e-22,3.389999985866866e-08,1.0045602895742017e-31,1.5454409145761782e-25,2.4989934392069096e-31,2.4237944882075352e-24,5.399611408907291e-53,9.829132041695686e-45,3.4847153072904574e-33,0.00018232390034390872,0.49999999999988437,1.5622332347338645e-13,0.24999999999982658,1.5308507778853855e-13,3.8299024683933685e-25,-4.841549062864334e-54,-6.061268038523089e-53,4.226014340384905e-41,-6.808603593010954e-57,-1.979972339024454e-66,-1.0658185444516595e-54,-1.3576743789565013e-61,-6.289734716017204e-67,1.2180112931062496e-35,7.045096919578323e-33,3.682806782317806e-35,1.517681693865171e-22,0.0,-1.9064860154287431e-63,-6.030757880705638e-79,6.637484657366118e-22,-1.8313942876243124e-41,1.7398960053789514e-36,-4.1267241104493434e-92,1.9458976828505664e-35,1.4133086812532438e-16,8.429181730076865e-41,1.9664071985131053e-32,2.4594162956680316e-41,5.816994331332156e-40,3.6015527638968623e-31,-1.6308210711969506e-59,-3.300943841928036e-83,5.449578289514548e-54,2.6281078219495663e-40,0.10000000149008294,3.316843425881414e-14,1.659378372195948e-23,8.226771319862728e-41,-1.9359212369402176e-71,-2.6138548364203717e-64,-6.315747995039952e-46,-3.4784455529032444e-60,3.7893471184549415e-33,-7.175199603371162e-82,3.7911721622327437e-32,1.3864880034227766e-31,-4.0688266269778167e-72,1.4876972030489264e-49,-5.67202942231988e-59,2.255999999826555e-06,1.7344397826726336e-16,6.179999999991486e-05,8.514592076525288e-17,5.00389904111587e-45,3.1229256275262285e-37,-1.6147357882714315e-46,-1.8890207072157227e-80,2.5900769378096057e-42,2.7621083574906625e-25,-5.348937558157565e-52,4.222303814237756e-34,-9.32461231415782e-116,-1.2863366584034266e-55,-2.425445435980678e-43,-1.3437135334539565e-54,1.1810972849562738e-34,1.213233486224654e-36,1.283605026311371e-78,1.3023809920763672e-45,6.178223126380034e-35,0.00033399999999881783,1.1823056549796905e-15,6.83407859795518e-26,5.868395680044153e-36,-4.194335760094576e-74,1.1049496758980386e-46,1.9981795675213393e-53,-1.0265906338450819e-66,2.439690519887857e-54,-3.0682714896582283e-77,3.856050761727818e-21,3.966634544538583e-24,1.0221794704065894e-19,3.5099999999998978e-06,5.417132056742759e-57,4.64413412492562e-49,2.2001677263096187e-19,1.7799999999997799e-06,2.1700659847758627e-45,1.1544615101695004e-40,-2.950823561883384e-84,3.4395422904334465e-60,0.0,0.0,5.561236933532077e-33,1.7813881583647287e-22,2.2262296149389115e-48,2.226273861443035e-23,-6.53557417059146e-66,1.3368060362298293e-38,-6.535574170674383e-66,-1.08086934234316e-84,2.0350500976785514e-56,1.2771072979379003e-38,1.009618718102667e-26,4.5794707072602334e-35,9.540384574896822e-54,4.557260732293538e-47,1.3914720746441742e-50,1.7975711148568387e-43,2.064371488953489e-34,1.1199098255351003e-61,-1.2051421129814915e-71
7.646880202668737e-07,1.0000001264470996e-10,0.0001769999999999871,5.174366691240674e-37,1.1056666545202618e-30,7.26928764053928e-46,3.673475394338309e-37,3.55025212770559e-58,8.120425209457639e-46,-9.064423422125033e-104,-4.299209142096512e-86,-4.81302256665168e-96,6.139014835959877e-60,1.9080046759949858e-50,-3.162869915477198e-73,-1.2636315299143732e-58,3.258516356459035e-55,8.116978131418018e-122,-5.631450187864882e-103,-2.631436009407237e-85,-2.272903244816345e-101,-5.06638930210651e-115,-1.0425389380279228e-100,1.2157995522735574e-26,3.720964205097115e-20,6.028800721049399e-27,2.467258700353987e-19,-7.560667519719976e-85,-1.8199819814648354e-81,2.8588222558577353e-40,1.1899688110904594e-27,1.7933092875296847e-113,-1.3499355751166306e-108,-1.3791969687739835e-81,-4.942074075568825e-73,-1.819981981458116e-81,-1.202928399195256e-71,-6.163782809536302e-53,-1.64541015332481e-51,1.3069364305683024e-42,6.897585468017999e-22,3.3899999795622986e-08,1.455338933623082e-31,2.2348376507080773e-25,3.6626496166229827e-31,3.505010845387893e-24,1.632798280016426e-52,2.055433529822054e-44,5.0391918995036183e-33,0.00018232390049732094,0.49999999999983274,2.259120750675735e-13,0.2499999999997492,2.213739066558037e-13,8.008936616630877e-25,-2.293101059073999e-53,-2.8707219647434844e-52,1.2779435862227465e-40,-3.224141191618093e-56,-9.380223226473818e-66,-5.04803235767786e-54,-6.429121402670259e-61,-2.979795455323558e-66,2.5470557906981736e-35,2.130432064061796e-32,7.701336097943264e-35,2.1946954685946037e-22,0.0,-9.027960006377452e-63,-2.857103795257745e-78,1.3880038546427645e-21,-8.672371184586902e-41,3.638399922025187e-36,-1.9542532196354096e-91,5.552656342775729e-35,2.04376330409972e-16,1.7815399812391087e-40,4.112070932283788e-32,7.437256549253484e-41,1.2164384832304933e-39,7.531420988767415e-31,-7.7225782350294655e-59,-1.60610108895926e-82,1.6479482551644813e-53,5.4957943196690815e-40,0.10000000149006814,4.7964347666464155e-14,3.4700247022575956e-23,1.720349052189474e-40,-9.167347343585324e-71,-1.2350660565959004e-63,-2.990754710308125e-45,-1.6479321794534588e-59,7.92412893399612e-33,-3.397199885365712e-81,7.927945386026269e-32,2.822139741161348e-31,-1.927628372700849e-71,4.498785238710657e-49,-2.6871542655072943e-58,2.2559999997491843e-06,2.5081459104396737e-16,6.179999999987689e-05,1.2312816792600646e-16,1.0478059626748909e-44,7.681210087657482e-37,-1.663354326631907e-45,-8.945523832041752e-80,4.0783772973535077e-42,5.776008902942284e-25,-2.5340877722575294e-51,1.2768215280123056e-33,-4.732532229362981e-115,-6.0940887037134564e-55,-1.1485436670381128e-42,-6.365914718261998e-54,2.469862714998418e-34,3.668372248431144e-36,7.525060718322447e-78,3.938390395259115e-45,1.2919649495992985e-34,0.0003339999999982904,1.7097134858514792e-15,9.882652889195934e-26,1.7149360569838213e-35,-1.987062875644591e-73,3.3413595750069186e-46,6.042331413190709e-53,-4.861309863015828e-66,7.377599719851452e-54,-1.4671130889532688e-76,5.5761739580060316e-21,8.294865180595487e-24,1.478157549450937e-19,3.5099999999998525e-06,1.6296401244151271e-56,1.404382693094916e-48,3.1816277145675176e-19,1.7799999999996816e-06,4.537954235545341e-45,2.417277349772454e-40,-1.413481959226762e-83,1.040114921455244e-59,0.0,0.0,1.1629433012162042e-32,2.576037203326424e-22,6.732101765331305e-48,3.219379383966125e-23,-3.0948510375864576e-65,2.7954745298871654e-38,-3.094851037625742e-65,-5.259074136871267e-84,6.153976342488281e-56,2.6706357653225916e-38,1.4599936588872683e-26,9.576403321372844e-35,2.885002936452586e-53,1.3781122498775289e-46,4.2078011672050885e-50,3.874831538228519e-43,4.316929887828306e-34,3.0665644578399465e-61,-5.708090416745968e-71
1.1058032397389417e-06,1.0000001828531486e-10,0.00017699999999998132,7.48257018155398e-37,1.5988871283819626e-30,1.5201240184227306e-45,7.681822955293712e-37,1.2291603901489265e-57,2.4556118938171955e-45,-2.3461557150928363e-103,-1.182609702648824e-85,-1.3468206705961818e-95,1.856433703772226e-59,5.769792242477736e-50,-6.676153386095436e-73,-2.4192128634769412e-58,9.853730683680912e-55,2.5944523197926016e-121,-1.615935351458565e-102,-5.554409680618242e-85,-6.019904617996395e-101,-1.3465553611647577e-114,-2.848021890670425e-100,1.7646247056590405e-26,5.380827405512456e-20,8.718153514432752e-27,3.5678637361158507e-19,-2.0797444971087925e-84,-4.870508683594788e-81,8.643181920427459e-40,2.4884144855103193e-27,8.579897230168969e-113,-3.387441040396661e-108,-3.6885628383367113e-81,-1.2877648930505379e-72,-4.87050868356678e-81,-3.101094018445693e-71,-1.1800488312660922e-52,-3.150117979199257e-51,3.952165989495262e-42,9.975124125680933e-22,3.3899999704453634e-08,2.1101054996917847e-31,3.231763368689197e-25,5.398746380441811e-31,5.068540711709663e-24,4.937693150627173e-52,4.2982552860662783e-44,7.287096177198818e-33,0.0001823239007191679,0.49999999999975814,3.2668787576254746e-13,0.24999999999963735,3.201253001555719e-13,1.6747963220689106e-24,-4.389256896136389e-53,-5.495034476214286e-52,3.8644918456709315e-40,-6.172579586176813e-56,-2.4179443897062823e-65,-9.662509528496934e-54,-1.2308514620628141e-60,-7.681775481964461e-66,5.326299712901531e-35,6.442410603309858e-32,1.610472153159006e-34,3.173714368473436e-22,0.0,-1.728392123323467e-62,-7.365482032781763e-78,2.9025373286216206e-21,-1.6603150269624456e-40,7.608474269773036e-36,-3.866725792596596e-91,1.609750407203584e-34,2.9554537478808547e-16,3.782527810062408e-40,8.598995849402372e-32,2.2490208158536226e-40,2.5438037880061352e-39,1.5749401941055664e-30,-1.4784783335182329e-58,-4.412299318104335e-82,4.9833836779088575e-53,1.1492587776751449e-39,0.10000000149004676,6.93604837996827e-14,7.256374804694571e-23,3.5975241800035317e-40,-1.7550781032297125e-70,-3.1928660694638883e-63,-5.72576391336369e-45,-4.248293269237703e-59,1.6570616895046299e-32,-8.763540786489022e-81,1.657859768815333e-31,5.789866336988794e-31,-4.969337192315542e-71,1.3604292951221609e-48,-6.927359943987472e-58,2.2559999996372997e-06,3.6269900926377785e-16,6.179999999982196e-05,1.7805369412980079e-16,2.1954023322276306e-44,1.95422664992495e-36,-1.422578927106595e-45,-1.7516959609521388e-79,6.981106453795767e-42,1.2078555399450858e-24,-6.532761603497085e-51,3.8610987434952734e-33,-1.4067762759006798e-114,-1.571028007793725e-54,-2.1988730464631974e-42,-1.6411035026111515e-53,5.164876685740097e-34,1.1092216847784944e-35,2.7619777583434167e-77,1.1909663145369877e-44,2.70170467568393e-34,0.00033399999999752773,2.4723895961078108e-15,1.429114793392033e-25,5.061190162569922e-35,-5.084577535686106e-73,1.0104246385853547e-45,1.8272421507744578e-52,-9.306984503410868e-66,2.230982547899088e-53,-3.871077503352693e-76,8.063616879104471e-21,1.7345885415098213e-23,2.1375402308454897e-19,3.5099999999997864e-06,4.954103726911435e-56,4.246842772231246e-48,4.600901463273543e-19,1.7799999999995395e-06,9.489586679775323e-45,5.064329882091091e-40,-3.743681693703204e-83,3.14530005675098e-59,0.0,0.0,2.4318998419939412e-32,3.7251665956859103e-22,2.0357825365626774e-47,4.655493556154977e-23,-5.925055153214794e-65,5.845782877966242e-38,-5.925055153316065e-65,-1.4447891401956624e-83,1.860957837391981e-55,5.584727582223537e-38,2.1112737465564082e-26,2.00257860485494e-34,8.724234198282182e-53,4.167401130166523e-46,1.2724359297175582e-49,8.45314067723221e-43,9.027388604377186e-34,1.0255762886842217e-60,-1.2774387853773637e-70
1.5990845581579638e-06,1.0000002644210433e-10,0.00017699999999997297,1.082042717491886e-36,2.3121255387639868e-30,3.1788219202391054e-45,1.6063917277887964e-36,4.644071334508841e-57,7.425760219680655e-45,-3.730202614215249e-103,-2.2366164603773084e-85,-2.6575172038822832e-95,5.613842920697628e-59,1.744781074141851e-49,-1.939471129021319e-73,1.0395289069128144e-58,2.979761726731605e-54,6.64569786845565e-121,-3.377984330155799e-102,-1.6136071524271782e-85,-1.0249175083132343e-100,-2.320357705404429e-114,-5.290942524623071e-100,2.5653386611343913e-26,7.781129277036464e-20,1.2607184272002372e-26,5.159431243563785e-19,-3.933256318740231e-84,-8.558066058447473e-81,2.613299609916399e-39,5.2036713804721364e-27,3.375567136946562e-112,-4.84141337303661e-108,-6.469807125619207e-81,-2.0850894993929354e-72,-8.55806605834872e-81,-4.8482269819108765e-71,5.070842042976502e-53,1.3536519642022402e-51,1.195132033701878e-41,1.4426196921570918e-21,3.389999957261508e-08,3.063023085080755e-31,4.67340189194313e-25,8.02085594229957e-31,7.329536518390822e-24,1.4932282287298845e-51,8.98838570837022e-44,1.0537755568753377e-32,0.00018232390103997727,0.4999999999996502,4.724181663386516e-13,0.24999999999947556,4.629281252299615e-13,3.502266095409106e-24,1.894200450735923e-53,2.3700349091296557e-52,1.1686194386621743e-39,2.6524481662329144e-56,-3.7788504219301397e-65,4.1698926282126645e-54,5.2888482538372535e-61,-1.2009629898612743e-65,1.1138141824184254e-34,1.9481801259396544e-31,3.3677540137300773e-34,4.589458096996028e-22,0.0,7.42715314784727e-63,-1.1515139109116215e-77,6.069668253389335e-21,7.134619230442087e-41,1.5910532632954472e-35,6.909770805386838e-92,4.722812134424597e-34,4.273834854287078e-16,8.082368367860783e-40,1.7981871117474827e-31,6.801022087159351e-40,5.319611125046267e-39,3.293451020032816e-30,6.353238224470399e-59,-8.317313077053232e-82,1.5069717773029404e-52,2.4032850463445572e-39,0.10000000149001581,1.0030109752309571e-13,1.5174236404611985e-22,7.522996739218075e-40,7.541792526410658e-71,-5.05492717528698e-63,2.4604453505007923e-45,-6.641749619605547e-59,3.465180169251863e-32,-1.3741355102328467e-80,3.4668490753281403e-31,1.1946038074048552e-30,-7.769024334519258e-71,4.1139280195426317e-48,-1.0830182200974114e-57,2.2559999994755054e-06,5.244932951174129e-16,6.179999999974254e-05,2.574806278184738e-16,4.603872742567277e-44,5.1388374477826666e-36,1.7196348429672546e-44,4.50031091793156e-80,1.4150982522313428e-41,2.5258184810494793e-24,-1.0213270291768978e-50,1.1675933632088375e-32,-3.1654970621508506e-114,-2.456133346264231e-54,9.448881338386893e-43,-2.5656888456872116e-53,1.0800580540429934e-33,3.3540870506850473e-35,8.550295631761372e-77,3.601473241299902e-44,5.649695183781511e-34,0.0003339999999964248,3.575283435922862e-15,2.0666202879218316e-25,1.5044100429523455e-34,-7.730761893841493e-73,3.0555165510984834e-45,5.525838631229977e-52,3.9988434018480204e-66,6.746485898510401e-53,-6.517408851437775e-76,1.1660668705756868e-20,3.627301153584138e-23,3.0910630876948247e-19,3.5099999999996907e-06,1.513662096153251e-55,1.2842420802134202e-47,6.653290757347126e-19,1.7799999999993341e-06,1.984424139072184e-44,1.061879983142562e-39,-6.3737961773507114e-83,9.511365682743068e-59,0.0,0.0,5.085490269612275e-32,5.386904394520217e-22,6.156191127726005e-47,6.73223552158461e-23,2.5460831709071156e-65,1.2224463872210164e-37,2.5460831707488e-65,-2.72352001705022e-83,5.627522525000799e-55,1.1678563078922945e-37,3.0530796039473445e-26,4.187711122495023e-34,2.6382059960154824e-52,1.2602189762811548e-45,3.847836742811381e-49,1.873601874924938e-42,1.88777087236334e-33,3.68685185477574e-60,-8.809257138341954e-71
2.312410863204668e-06,1.0000003823750843e-10,0.0001769999999999609,1.564725031183333e-36,3.343528504095095e-30,6.647424187727206e-45,3.35922144730679e-36,1.70761651664548e-56,2.245547024183131e-44,4.074132683364565e-104,-1.9488061120448938e-85,-2.886894853605292e-95,1.6976223245127386e-58,5.276205621378097e-49,5.452738594272681e-72,3.04732939571374e-57,9.010780239980716e-54,1.4789535053048249e-120,-4.609204973652973e-102,4.536549454962034e-84,-3.0329218370109696e-101,-8.50631416204131e-115,-4.116035934781663e-100,3.7380158018968717e-26,1.125216776218748e-19,1.82310506250059e-26,7.460971797340697e-19,-3.426753041553018e-84,-4.075699552090367e-81,7.901778447129561e-39,1.0881706386584188e-26,1.2011875028585019e-111,3.8791463415671274e-108,-3.0176324779762143e-81,2.1667038471862324e-75,-4.0756995517674035e-81,1.0540779637903282e-71,1.4864455066787306e-51,3.9680382764412978e-50,3.6140703117373145e-41,2.086427171647596e-21,3.389999938196543e-08,4.453715499965117e-31,6.758132590226651e-25,1.2045952543836521e-30,1.0599126801612378e-23,4.5157514539466846e-51,1.87962946385399e-43,1.523848392011321e-32,0.00018232390150389464,0.4999999999994942,6.831564337327518e-13,0.2499999999992416,6.694330262853581e-13,7.323796703836031e-24,5.533998024800136e-52,6.927306991263294e-51,3.533896424224756e-39,7.775274555584841e-55,8.301465166630979e-66,1.2182542501826128e-52,1.5504204561893249e-59,2.6110748337641225e-66,2.329163020798431e-34,5.891282055836527e-31,7.042510527677903e-34,6.636742682833977e-22,0.0,2.1771647359871484e-61,2.503565038822946e-78,1.2692643869709087e-20,2.0914117978145583e-39,3.327146015681446e-35,4.273836202948123e-90,1.3978402764533052e-33,6.180324877640423e-16,1.7423158562972654e-39,3.760295899581619e-31,2.0566239790788844e-39,1.1124493209430088e-38,6.887131114024096e-30,1.8623615346377512e-57,-7.104815649717355e-82,4.557072299087205e-52,5.025657385627448e-39,0.10000000148997107,1.4504382918364893e-13,3.1731747015264576e-22,1.5731785983321124e-39,2.2107775612862824e-69,6.859709262310214e-64,7.212444576390296e-44,1.4440170210224782e-59,7.246244173825379e-32,2.7229813346622523e-81,7.249734107390303e-31,2.474753400625112e-30,1.6891030627496497e-71,1.2440487577854208e-47,2.354645921713067e-58,2.2559999992415376e-06,7.584614503889902e-16,6.17999999996277e-05,3.7233865876724913e-16,9.666578712404718e-44,1.3928088061821246e-35,1.2232195163735102e-43,2.0203757350242133e-78,3.497688214205272e-41,5.281889079924465e-24,2.2205189393427928e-51,3.530793566994541e-32,-5.3713783058850694e-114,5.340004780611228e-55,2.769805017914397e-41,5.578195046295072e-54,2.2585735748788952e-33,1.0142334649370681e-34,2.4665195752854587e-76,1.0890828186559259e-43,1.181441330321552e-33,0.0003339999999948299,5.170160738698347e-15,2.988506902307897e-25,4.494766193569226e-34,3.071494180964152e-73,9.239859198582781e-45,1.6710984504498387e-51,1.1723209612944185e-64,2.0401360049450073e-52,-1.5070723728156665e-76,1.6862308402658386e-20,7.585264929111711e-23,4.46993739603534e-19,3.509999999999553e-06,4.6281497615280735e-55,3.883538451365104e-47,9.621218413533974e-19,1.7799999999990372e-06,4.1497480810599384e-44,2.22917226432396e-39,-1.8861211059741037e-83,2.876230468419906e-58,0.0,0.0,1.0634570898758404e-31,7.789917069689099e-22,1.8616275800406833e-46,9.73537919355933e-23,7.463480951150422e-64,2.556330258973388e-37,7.46348095115387e-64,-2.326747393276718e-83,1.7017585834941462e-54,2.442175952517676e-37,4.415010213983697e-26,8.757171585268543e-34,7.97792860704317e-52,3.8108927294840646e-45,1.1635829554404164e-48,4.238287584576176e-42,3.9476298428956045e-33,1.3064228627160203e-59,7.298332726085713e-70
3.34394073971087e-06,1.0000005529465557e-10,0.00017699999999994348,2.2627244895521807e-36,4.8350244051662336e-30,1.390082608063992e-44,7.024668337702145e-36,5.978502891847885e-56,6.790524629501391e-44,3.3379725782658785e-102,7.518195059086135e-85,5.676875109012412e-95,5.133598358409354e-58,1.5955208232224112e-48,3.2790236055961084e-71,1.6557194699821616e-56,2.724854029727812e-53,2.894014518812881e-120,1.8615448936960603e-102,2.7280711211157554e-83,6.807813918281935e-100,1.4473091520472054e-113,2.0600823301256937e-99,5.464707479111985e-26,1.6271581457845268e-19,2.6363635862775654e-26,1.0789193109924743e-18,1.3223399723661248e-83,4.8033995535650626e-80,2.3893204122925364e-38,2.275538268949655e-26,4.034009726569123e-111,6.241412550600527e-107,3.667514771038776e-80,1.7380201210172572e-71,4.80339955366687e-80,4.639435669001258e-70,8.076359076883689e-51,2.1559688207746823e-49,1.0928921544668313e-40,3.017729961782015e-21,3.389999910626999e-08,6.491317669937687e-31,9.772828759910258e-25,1.8354459997254245e-30,1.5327229636173323e-23,1.3656244615916458e-50,3.930649369490512e-43,2.203613544014955e-32,0.0001823239021747582,0.49999999999926853,9.879017086969863e-13,0.2499999999989033,9.680564871218753e-13,1.5315226362631674e-23,3.006292529030318e-51,3.7632817505984044e-50,1.0686476312643149e-38,4.224568497666854e-54,3.6210105435541375e-64,6.6180519649392375e-52,8.423976270372933e-59,1.1492428871848362e-64,4.870651193575137e-34,1.781519268338698e-30,1.4727012218221604e-33,9.597288497211856e-22,0.0,1.182926928893593e-60,1.1019233569752235e-76,2.65423415581321e-20,1.1363344476833378e-38,6.957592719220514e-35,2.385981427823648e-89,4.1636240975319035e-33,8.937269870642121e-16,3.801203099318408e-39,7.863378135081937e-31,6.219215497432057e-39,2.3264111761386062e-38,1.4402089068244098e-29,1.0118837396776437e-56,2.876839562536773e-81,1.3780555014851804e-51,1.0509466571601633e-38,0.10000000148990638,2.0974558508104055e-13,6.635614050168101e-22,3.289767391325698e-39,1.2011901338049204e-68,4.599877468973187e-62,3.918763987400178e-43,6.355719403164774e-58,1.5153051821768888e-31,1.2997526342296132e-79,1.516034978356091e-30,5.1413326016533025e-30,7.43444715559701e-70,3.761994144922875e-47,1.0363775178250375e-56,2.2559999989032e-06,1.0967990955738343e-15,6.179999999946161e-05,5.384330381021821e-16,2.0332781593465002e-43,3.874807488660579e-35,5.588149526923859e-43,1.1176544795261182e-77,9.97896881422235e-41,1.10452720106184e-23,9.773430322960376e-50,1.067709326137327e-31,-4.250628225250165e-114,2.350358678728665e-53,1.5049283346046958e-40,2.4551961170934752e-52,4.723037408353842e-33,3.0669508649972864e-34,6.935539576014455e-76,3.293378310621797e-43,2.47058216609688e-33,0.0003339999999925235,7.476487518415428e-15,4.321632564507004e-25,1.347804876284889e-33,8.192954120130697e-72,2.794126512449451e-44,5.053628264494525e-51,6.369647762803688e-64,6.169366003574266e-52,4.569303097171964e-75,2.438431721317503e-20,1.5861998061043443e-22,6.463905705411139e-19,3.5099999999993536e-06,1.41320895655194e-54,1.1743791252224995e-46,1.3913091590747484e-18,1.7799999999986078e-06,8.677787355862281e-44,4.6875970040128874e-39,4.233671576383444e-82,8.697701039811629e-58,0.0,0.0,2.223858315386283e-31,1.1264875556035351e-21,5.629547847079239e-46,1.4078177700542994e-22,4.0551605399055714e-63,5.3456940420854085e-37,4.055160539920726e-63,9.418772215008658e-83,5.146105179580844e-54,5.1069859994365336e-37,6.384476654014297e-26,1.8312641917110216e-33,2.4125232466882975e-51,1.1524111037756686e-44,3.5186661622874565e-48,9.831481631814779e-42,8.255123330907215e-33,4.465132363960107e-59,4.906218759987617e-69
4.835619763177152e-06,1.00000079960726e-10,0.00017699999999991824,3.272090889145473e-36,6.99185385662091e-30,2.9068850130704117e-44,1.4689703672204678e-35,-2.8602962311092867e-56,2.0534310806610286e-43,-1.840339650073741e-97,-7.073833717292598e-81,-5.523569522779481e-90,1.5523871869893192e-57,4.824838330766184e-48,-1.3611991286261683e-69,-1.3864234433780577e-55,8.239917317549994e-53,2.1426546597985362e-114,-6.364436337795518e-96,-1.1324959472980582e-81,-1.2578919493114636e-96,-1.8728037616232078e-109,-2.963667480716078e-95,8.026269630070944e-26,2.353007591729746e-19,3.812404101081321e-26,1.5602081164800598e-18,-1.2438883457530551e-79,-2.1434732787830455e-76,7.224928754408952e-38,4.758513246822283e-26,1.2440906635516154e-105,-1.6463815109867943e-101,-3.3044208955319726e-76,-1.570134862801475e-68,-2.1434732787289025e-76,-1.435668558657459e-67,-6.76230733916844e-50,-1.8051845189985775e-48,3.3048979481937595e-40,4.365105775829875e-21,3.3899998707591186e-08,9.493369414115976e-31,1.413233339686422e-24,2.849732559162679e-30,2.2164464477947e-23,4.12797787135159e-50,8.219749044222115e-43,3.186611732777369e-32,0.00018232390314488342,0.4999999999989423,1.428589032116584e-12,0.24999999999841405,1.3998911309569958e-12,3.202657954999411e-23,-2.5164213370631523e-50,-3.150184894088325e-49,3.2315826778629485e-38,-3.5372150586033146e-53,-1.1191271121977533e-61,-5.539649553281284e-51,-7.054044228692785e-58,-3.556321443621e-62,1.0185308098647723e-33,5.387301637993147e-30,3.079653028130851e-33,1.3878486901392077e-21,0.0,-9.904606097852534e-60,-3.4098908031631173e-74,5.550426684954333e-20,-9.514481415210337e-38,1.454943551050885e-34,-4.196911661246441e-88,1.2458117162734873e-32,1.2924044280140037e-15,8.425935056395464e-39,1.6443577081299918e-30,1.8806862716536978e-38,4.865205978521385e-38,3.011706409875322e-29,-8.472464935081597e-56,-1.863092349475021e-77,4.167223102904837e-51,2.1977017733978265e-38,0.1000000014898128,3.0330976994047225e-13,1.3876126466246384e-21,6.879428460578521e-39,-1.0057602311548249e-67,-1.4824214726736637e-58,-3.281165103554967e-42,-1.966770571424321e-55,3.168744722364783e-31,-1.2606368283550685e-76,3.170270828712283e-30,1.0702509960598478e-29,-2.3005827462651155e-67,1.1376242435336882e-46,-3.2070587864488133e-54,2.255999998413935e-06,1.586063807743805e-15,6.17999999992214e-05,7.786194887882679e-16,4.287158679169162e-43,1.101259443428943e-34,-3.165505614634489e-42,-1.6199915857067338e-76,-3.298401549754564e-40,2.3097424318589437e-23,-3.0243785397826256e-47,3.228745338000888e-31,-5.225792854116791e-106,-7.273163489725421e-51,-1.260070587298526e-39,-7.597578991303478e-50,9.876624168625511e-33,9.274262780546871e-34,6.99874034836225e-72,9.959151434123031e-43,5.1663811647946265e-33,0.0003339999999891884,1.0811630081670028e-14,6.249444529550965e-25,4.051894120814086e-33,-2.3094782215355668e-69,8.449417956309558e-44,1.5275990210270335e-50,-5.334423127151796e-63,1.8655860596278605e-51,-8.104495932016884e-72,3.5261775058983455e-20,3.3169966204563597e-22,9.347351713959468e-19,3.5099999999990643e-06,3.9224541048256464e-54,3.551313770944794e-46,2.0119501404958232e-18,1.7799999999979865e-06,1.814664452592173e-43,9.881264713096184e-39,-7.822569882769638e-79,2.6301738558795063e-57,0.0,0.0,4.650442275867044e-31,1.6289957800812891e-21,1.7023712035536253e-45,2.0358229842265088e-22,-3.3953706684668324e-62,1.1178698268530006e-36,-3.3953706689357133e-62,-6.101209779900497e-79,1.5561785422916406e-53,1.0679542291973819e-36,9.232491199432563e-26,3.829465383065886e-33,7.295359932877542e-51,3.4848828796209273e-44,1.0640420360832095e-47,2.3488073421032946e-41,1.7262778905580806e-32,2.7866099021812113e-60,-3.6421850144998634e-67
6.992713183084506e-06,1.0000011562993996e-10,0.0001769999999998818,4.731720572226766e-36,1.0110812545467734e-29,6.078761979403721e-44,3.071851917179435e-35,-6.829663446233133e-55,6.209507565124256e-43,-1.1241359330880103e-96,-4.47996705269106e-80,-3.5120653228579605e-89,4.6943793525218596e-57,1.4590261620687904e-47,-8.597240414259769e-69,-9.56813107258971e-55,2.4917388840783613e-52,1.4510358855295243e-113,-4.093998056782465e-95,-7.152766223841964e-81,-7.91681503449005e-96,-1.1573174036882631e-108,-1.8773038928911125e-94,1.186563619371937e-25,3.402646938102161e-19,5.513058171520134e-26,2.2561922188662315e-18,-7.877733391899486e-79,-1.3373302273613886e-75,2.184738147359789e-37,9.950809677369286e-26,1.2102144556154964e-104,-1.0006597787343819e-100,-2.0584345817530776e-75,-9.823274573500614e-68,-1.3373302273160858e-75,-8.883717482769988e-67,-4.666908645907328e-49,-1.2458220468935003e-47,9.993987383369928e-40,6.3148495540204044e-21,3.3899998131068083e-08,1.3950663979514054e-30,2.0436544522927813e-24,4.529823279900087e-30,3.205168192806895e-23,1.2478244723978177e-49,1.7189212627903655e-42,4.608111047934907e-32,0.0001823239045477661,0.49999999999847045,2.0658600060987185e-12,0.24999999999770656,2.0243603410356323e-12,6.697268250280906e-23,-1.7367476118724173e-49,-2.1741366276813794e-48,9.772282515733711e-38,-2.441157939799743e-52,-6.925030653819991e-61,-3.8232759344612135e-50,-4.868196905877729e-57,-2.200602282444367e-61,2.129910286915402e-33,1.6291161843735624e-29,6.440045423625664e-33,2.006946007762697e-21,0.0,-6.8355206977302385e-59,-2.1099930423638455e-73,1.1606826822996599e-19,-6.5662823351569426e-37,3.042518897765205e-34,-2.735259149553807e-87,3.739585923437652e-32,1.868925543200986e-15,1.906245844503396e-38,3.438614055940649e-30,5.687181667148328e-38,1.0174856715974122e-37,6.297958189656493e-29,-5.847149361924035e-55,-1.1754125510132554e-76,1.260163311523816e-50,4.595759191276361e-38,0.1000000014896775,4.3861145637829056e-13,2.901719146772938e-21,1.4385982771652666e-38,-6.94110305099965e-67,-9.12091251114643e-58,-2.2644488313297281e-41,-1.2170102854681473e-54,6.626350423338906e-31,-7.767269133649693e-76,6.62954171324907e-30,2.231003328535534e-29,-1.4235686330329405e-66,3.4401672838505773e-46,-1.9844833844577091e-53,2.255999997706417e-06,2.2935817619871226e-15,6.179999999887408e-05,1.125949308989895e-15,9.071333830366492e-43,3.1828166708775433e-34,-2.3403288077014685e-41,-1.0678414948215272e-75,-2.7460615076153438e-39,4.830039553951535e-23,-1.8714434156338497e-46,9.763702671383141e-31,-3.42015527005504e-105,-4.500532476785038e-50,-8.696195476990724e-39,-4.7012762926176375e-49,2.0653595664445588e-32,2.8044938792989298e-33,5.2254492974583264e-71,3.0116399612872314e-42,1.080372662212501e-32,0.00033399999998436547,1.5634526774610718e-14,9.03722299750316e-25,1.2203007472170112e-32,-1.4295211174432504e-68,2.5550977509877945e-43,4.617697875994746e-50,-3.6813914559466255e-62,5.641445347556697e-51,-5.084620668585614e-71,5.099149462292757e-20,6.936368587274765e-22,1.3517057346091332e-18,3.5099999999986467e-06,1.0861398362860438e-53,1.0739146511819996e-45,2.9094492296440987e-18,1.7799999999970882e-06,3.794755007073432e-43,2.0901445474895014e-38,-4.923303029731562e-78,7.953613324129044e-57,0.0,0.0,9.724816202014198e-31,2.355664924495991e-21,5.1479582015361644e-45,2.943971376772133e-22,-2.343266062393049e-61,2.3376439623187096e-36,-2.3432660626831867e-61,-3.8492135105017506e-78,4.705872800592689e-53,2.2332687181627465e-36,1.3350960585669223e-25,8.008022661261755e-33,2.2060850894829186e-50,1.0538260680415327e-43,3.217655217465422e-47,5.797421133261994e-41,3.60992226779508e-32,-3.6826430496766164e-58,-2.2766316897192366e-66
1.0112051826993984e-05,1.0000016721062558e-10,0.00017699999999982904,6.842469876181361e-36,1.4621093033590373e-29,1.2711666801119545e-43,6.423734176878623e-35,-1.34971583125068e-54,1.877756771783405e-42,-3.2083703107649912e-96,-1.3728596843855164e-79,-1.0847992186425971e-88,1.4195781835306553e-56,4.412085829123453e-47,-2.392421308611471e-68,-2.2485084502220726e-54,7.535006926578986e-52,4.990557878891928e-113,-1.2917293739937675e-94,-1.9904575202350153e-80,-2.3929655790767345e-95,-3.3817561481027635e-108,-5.756241701700802e-94,1.7700266154013763e-25,4.920513683203407e-19,7.972348149331368e-26,3.262643769732274e-18,-2.4140840647020453e-78,-3.9801117802424565e-75,6.606474944747457e-37,2.0808729011673845e-25,6.141523997990076e-104,-2.826314331560691e-100,-6.110794202689021e-75,-2.928058790952158e-67,-3.9801117800401003e-75,-2.565955671296165e-66,-1.096706468259353e-48,-2.9276360303090963e-47,3.022174242068901e-39,9.137113834705066e-21,3.389999729736717e-08,2.0639018623442353e-30,2.9552965448599803e-24,7.405518531146621e-30,4.634943136812596e-23,3.7739792468650795e-49,3.5946614672284947e-42,6.663721256852606e-32,0.00018232390657645255,0.4999999999977881,2.987407498473625e-12,0.2499999999966835,2.927395313063264e-12,1.4005055278598175e-22,-4.081253450048813e-49,-5.1090983113538334e-48,2.955130860160118e-37,-5.736631410634786e-52,-2.000198034143114e-60,-8.984470725509714e-50,-1.1440316978228097e-56,-6.356176880470738e-61,4.4539819512455485e-33,4.9264349464324886e-29,1.3467161598434792e-32,2.9022128254322894e-21,0.0,-1.6063223749092253e-58,-6.094462920994254e-73,2.4271724560810663e-19,-1.5430520886805174e-36,6.362392007332721e-34,-7.181430794267019e-87,1.1250471913856543e-31,2.702623557862892e-15,4.422470258357713e-38,7.190690005265069e-30,1.7197994384061513e-37,2.1280076272869857e-37,1.3170034470762912e-28,-1.3740586393585058e-54,-3.575095783227636e-76,3.8107265770312974e-50,9.610508762916193e-38,0.10000000148948185,6.342690830695907e-13,6.0679569916770375e-21,3.008338725557454e-38,-1.631136564716894e-66,-2.638899042037961e-57,-5.321371157432666e-41,-3.515188786317395e-54,1.3856755247199706e-30,-2.2463231151588415e-75,1.386342861689048e-29,4.6551711807389485e-29,-4.111808005548021e-66,1.040304009841426e-45,-5.731943088684447e-53,2.2559999966832867e-06,3.3167122741509228e-15,6.179999999837181e-05,1.6282174556962866e-15,1.9295623987247075e-42,9.316609892529567e-34,-5.417837111666286e-41,-2.743683213926474e-75,-6.510322258045187e-39,1.0100382436016644e-22,-5.405440846886609e-46,2.9525362916178283e-30,-1.1123334885942533e-104,-1.299925054679315e-49,-2.0435739125405155e-38,-1.357907507881807e-48,4.3189961105118475e-32,8.48069185419103e-33,2.059062691112548e-70,9.107176749226876e-42,2.259231463503121e-32,0.0003339999999773911,2.2608840978964337e-14,1.3068585526164332e-24,3.6797471767640056e-32,-4.126667449334998e-68,7.726596435144001e-43,1.3965983402614662e-49,-8.651525428140419e-62,1.7059776087139763e-50,-1.5274310410337907e-70,7.373799301855255e-20,1.450505207845052e-21,1.9546802666195753e-18,3.5099999999980428e-06,3.4044586324486688e-53,3.247509863614119e-45,4.2073084362343535e-18,1.779999999995789e-06,7.935444761865646e-43,4.442840548303604e-38,-1.4881353262225248e-77,2.4051681419826627e-56,0.0,0.0,2.0336141091431192e-30,3.406489579004131e-21,1.5567386687964793e-44,4.257230378691454e-22,-5.5065891817364235e-61,4.8883860200808105e-36,-5.506589182574451e-61,-1.1707647040606413e-77,1.4230523598612704e-52,4.67013957881342e-36,1.930661530334588e-25,1.6746052174935532e-32,6.671216397645567e-50,3.186762055674102e-43,9.730165295812904e-47,1.4801653167298696e-40,7.548922939347733e-32,-6.6170822988907e-58,-6.456527079025878e-66
1.462287805528269e-05,1.0000024180063853e-10,0.0001769999999997528,9.894795117066748e-36,2.1143346038096794e-29,2.658214217488216e-43,1.3433058593561726e-34,2.489244800588507e-54,5.678380498735219e-42,-5.633519922443356e-96,-2.898952607214738e-79,-2.3322623834313817e-88,4.292815783229166e-56,1.3342129409227954e-46,-3.767316940227347e-68,-8.777052236533832e-55,2.278587032391649e-51,1.3166939849601242e-112,-2.9074591879273775e-94,-3.134357437076463e-80,-4.89078277875699e-95,-6.3454896578861205e-108,-1.2171857374668358e-93,2.6728557793743e-25,7.115476551947554e-19,1.1528690660124968e-25,4.718057337932338e-18,-5.097612699546736e-78,-7.833180523670279e-75,1.9977602169408448e-36,4.351436852171928e-25,2.4721282561182554e-103,-4.809035128439686e-100,-1.1951531895584247e-74,-5.779090681922252e-67,-7.833180522936049e-75,-4.6438937291056376e-66,-4.279781374883352e-49,-1.142477351996063e-47,9.139031606716304e-39,1.3224139444355194e-20,3.389999609176552e-08,3.0818532949634868e-30,4.273607955960492e-24,1.2496971635962022e-29,6.702518218445335e-23,1.141769502837882e-48,7.517382383322828e-42,9.636312131377039e-32,0.0001823239095101039,0.49999999999680145,4.3200427918975064e-12,0.24999999999520406,4.2332597510082346e-12,2.928680232233047e-22,-1.5921946382844458e-49,-1.993261072929421e-48,8.936292961889613e-37,-2.238656181930716e-52,-3.61989066345028e-60,-3.5050569406043606e-50,-4.4662317278618226e-57,-1.150347655289125e-60,9.313986347760999e-33,1.489750037780756e-28,2.816198166314911e-32,4.196843971840927e-21,0.0,-6.268503994162821e-59,-1.1029823880900792e-72,5.075604336208081e-19,-6.021578919863144e-37,1.3304775835473461e-33,-8.541400328332666e-87,3.3900037856532287e-31,3.908220968742804e-15,1.0567174747572889e-37,1.5036878622963254e-29,5.2006601913020755e-37,4.4508586630587264e-37,2.7540641260027767e-28,-5.3621127484789076e-55,-7.41885892759743e-76,1.1523628668848815e-49,2.009723793323243e-37,0.10000000148919891,9.172064794191978e-13,1.2689064402054105e-20,6.290917141046628e-38,-6.365545952662523e-67,-4.8169808328759396e-57,-2.076602890611936e-41,-6.361825653028851e-54,2.8976684676968998e-30,-4.0917347707511935e-75,2.899063937502696e-29,9.719936946875302e-29,-7.441593995085638e-66,3.145871484583023e-45,-1.0373730719757653e-52,2.255999995203754e-06,4.796245109395868e-15,6.179999999764549e-05,2.3545394552947807e-15,4.134868486608748e-42,2.7528851994707637e-33,-1.1471035175330204e-41,-2.854932596800218e-75,-1.8643899174027613e-39,2.1121509034283815e-22,-9.782824575919527e-46,8.928446730359188e-30,-2.6594799592477538e-104,-2.3526181837572525e-49,-7.974814329611338e-39,-2.4575554375537563e-48,9.031709390679068e-32,2.5645386211595023e-32,6.559712799938484e-70,2.754003443701182e-41,4.7244131365350096e-32,0.00033399999996730565,3.269428560577281e-14,1.889827551871572e-24,1.110570963971664e-31,-7.45402820960192e-68,2.336516914876177e-42,4.225230892175723e-49,-3.3791374260021193e-62,5.15894390614368e-50,-3.075364524135058e-70,1.0663134415487868e-19,3.0332374970493168e-21,2.8266321952429695e-18,3.5099999999971695e-06,1.139676419090084e-52,9.820445371884065e-45,6.084122051452898e-18,1.7799999999939106e-06,1.6594301476712058e-42,9.508460981720972e-38,-3.0414740859942275e-77,7.273224038177876e-56,0.0,0.0,4.252611324582173e-30,4.9260702856596225e-21,4.70756567597335e-44,6.156313407269142e-22,-2.1488854177847018e-61,1.0222393949902747e-35,-2.148885419301378e-61,-2.4295155435399236e-77,4.303299149260883e-52,9.766062801689708e-36,2.791899610607197e-25,3.501866519897419e-32,2.0173998371688057e-49,9.636743696475067e-43,2.9423946693183234e-46,3.905183968536717e-40,1.5786001260464322e-31,2.1487245050948507e-57,-1.0946228513315042e-65
2.1145912449623337e-05,1.0000034966407545e-10,0.0001769999999996425,1.4308723051200102e-35,3.057508928800994e-29,5.558756052578195e-43,2.809068623781597e-34,3.084192267124611e-53,1.7171586173441912e-41,-1.5453637036027004e-96,-3.6721929775657966e-79,-3.1583521928693467e-88,1.2981525048835499e-55,4.034655225805624e-46,1.6241598321691068e-68,1.8357493806082478e-53,6.890453463417102e-51,2.955946516095698e-112,-4.564332411836268e-94,1.3512256005488806e-80,-5.398260514994875e-95,-4.141164905319391e-108,-1.5501836989826143e-93,4.101994719120844e-25,1.028957718632988e-18,1.6671465914483483e-25,6.8227076781383595e-18,-6.457273901904219e-78,-7.122702011989085e-75,6.041143116306828e-36,9.099547807282172e-25,8.889616644308408e-103,-4.141010545066222e-101,-1.0474903792151523e-74,-5.335909862719959e-67,-7.122702009555209e-75,-2.071184850315385e-66,8.954604873992627e-48,2.390415003502796e-46,2.7636360730936464e-38,1.9146438473579068e-20,3.3899994348364134e-08,4.6600420906032295e-30,6.179997663750285e-24,2.181060144980067e-29,9.692406168160398e-23,3.454551060536732e-48,1.5721170520990793e-41,1.3934940691874662e-31,0.00018232391375241067,0.49999999999537453,6.247145705564141e-12,0.24999999999306463,6.121649351031667e-12,6.124336966103687e-22,3.332652018699903e-48,4.1719127705114475e-47,2.7023280729904602e-36,4.683960117288771e-51,-1.6139553758162596e-60,7.336499707859432e-49,9.339897387873195e-56,-5.1305730925164996e-61,1.947703050602402e-32,4.504992240066831e-28,5.889119269437234e-32,6.068989524157216e-21,0.0,1.3115616983870486e-57,-4.919323272446213e-73,1.0613897183362341e-18,1.2599027589816872e-35,2.782240687325945e-33,2.2364837081214498e-86,1.0225979049014492e-30,5.651616111331243e-15,2.6086548038959816e-37,3.144450880317789e-29,1.57267559223276e-36,9.310042021054741e-37,5.759187021927493e-28,1.1219188421936225e-53,-8.758510770292872e-76,3.484743802004688e-49,4.202692767223495e-37,0.10000000148878976,1.326357768876794e-12,2.653485345810292e-20,1.3155314702150454e-37,1.331809382055273e-65,-2.400108465544955e-57,4.344901739396864e-40,-2.8373843164253725e-54,6.0594868345385346e-30,-1.9861983328695648e-75,6.062404868901047e-29,2.030458157107441e-28,-3.3189661604130317e-66,9.513091619443287e-45,-4.626699210513823e-53,2.255999993064225e-06,6.935774117928215e-15,6.179999999659517e-05,3.4048621674149642e-15,8.950976092569817e-42,8.189927055968556e-33,5.05929173500123e-40,1.1125169119692827e-74,5.817133968434212e-38,4.416844001928278e-22,-4.363160152543013e-46,2.6999552806346535e-29,-4.891153077451804e-104,-1.0492722512258957e-49,1.6685785600608102e-37,-1.0960744284300923e-48,1.8886744132074885e-31,7.755111208355125e-32,1.914603576336818e-69,8.328085832192249e-41,9.87950096960885e-32,0.00033399999995272124,4.7278685887049865e-14,2.7328498891813473e-24,3.3537955643014463e-31,-3.2395773111935555e-68,7.065609428337408e-42,1.2783907418146285e-48,7.062090129898834e-61,1.5600892981434984e-49,-3.159394263207016e-70,1.541978983137657e-19,6.342982763446738e-21,4.087548083127412e-18,3.5099999999959066e-06,3.837280370373358e-52,2.9696952742855927e-44,8.798152431813291e-18,1.7799999999911941e-06,3.4701394586534736e-42,2.054225208378017e-37,-3.3570556142569647e-77,2.1994223472915276e-55,0.0,0.0,8.892888299356929e-30,7.123511490973258e-21,1.4235641911937128e-43,8.902547261201423e-22,4.496130209900502e-60,2.1376653809697958e-35,4.496130209832855e-60,-2.86824014756238e-77,1.3013142504146119e-51,2.042256485723997e-35,4.0373229499396717e-25,7.322961292915414e-32,6.100704870241217e-49,2.914143755928037e-42,8.897779329648735e-46,1.0615561198808395e-39,3.301104506241643e-31,2.122177474993102e-56,-5.417071675095398e-67
3.0578769216063876e-05,1.0000050564368416e-10,0.00017699999999948305,2.0691653136858846e-35,4.421421866656804e-29,1.162426459471778e-42,5.874216124891102e-34,1.5810061796944586e-52,5.192732107993287e-41,3.9493134306358936e-95,3.735852757030299e-79,1.8290481068554776e-88,3.9256267752289265e-55,1.2200781890806167e-45,4.1847494824555026e-67,1.139439985579585e-52,2.0836744594273188e-50,5.729717168239544e-112,-1.3351912907897217e-94,3.481624661390773e-79,1.0900594147797988e-94,3.0644656126305704e-107,1.520435102104577e-93,6.427058652511139e-25,1.4879592983880671e-18,2.410836162217089e-25,9.866208840467668e-18,6.569417444958696e-78,2.6238297156382557e-74,1.8268227471854092e-35,1.9028604029910542e-24,3.0013198171522595e-102,3.893144538517437e-99,4.229504581293304e-74,1.8896945702347953e-66,2.6238297164106776e-74,2.7978785324139963e-65,5.557940259642527e-47,1.4836815493821733e-45,8.357214124046927e-38,2.7735917828088974e-20,3.3899991827259155e-08,7.164202959659875e-30,8.936798574251461e-24,3.935866542585606e-29,1.401603654470306e-22,1.0451677391048652e-47,3.287887747877041e-41,2.015114581571289e-31,0.00018232391988714334,0.49999999999331113,9.033898957591483e-12,0.24999999998997088,8.852419049599033e-12,1.2806964057533176e-21,2.0684569004399034e-47,2.5893645678978e-46,8.171819230422477e-36,2.907237908683961e-50,2.1812342407302765e-59,4.5535007331576895e-48,5.797281719042613e-55,6.930676343071867e-60,4.072957666277823e-32,1.3623060808839673e-27,1.2315087066382824e-31,8.776269458824313e-21,0.0,8.140595476858469e-57,6.64530742278847e-72,2.2195349145625043e-18,7.819956815699758e-35,5.8181086851416745e-33,2.0314939005785605e-85,3.0870237273908295e-30,8.172711835908249e-15,6.661353694301807e-37,6.575547600102517e-29,4.7557587853006765e-36,1.947660526608441e-36,1.2043377830177213e-27,6.9635202925580065e-53,1.3246440834764751e-75,1.053785899072048e-48,8.788621315466893e-37,0.1000000014881981,1.918024970965371e-12,5.548859938238544e-20,2.7509872883918132e-37,8.266291940196703e-65,2.75512835582339e-56,2.6967910380852173e-39,3.832908273966344e-53,1.267135333987887e-29,2.371009367764219e-74,1.2677455065750077e-28,4.242923366012974e-28,4.483451146336894e-65,2.876751730055143e-44,6.250023905981764e-52,2.255999989970286e-06,1.0029713142775849e-14,6.179999999507631e-05,4.923717144908159e-15,1.964212667379242e-41,2.4484436586936295e-32,3.033320538760534e-39,8.905353847100742e-74,3.5391260264964936e-37,9.236324163310102e-22,5.894007997803744e-45,8.164643652086344e-29,-5.350120178544254e-104,1.4174180807448647e-48,1.0356524197996268e-36,1.4806412666823514e-47,3.949519277375183e-31,2.3451325670063366e-31,5.402702850946529e-69,2.518406932216188e-40,2.0659611314450316e-31,0.0003339999999316309,6.836895305190105e-14,3.95193134730233e-24,1.0132311038332487e-30,4.540164757230191e-67,2.1366349386202268e-41,3.867746394579293e-48,4.383628071023438e-60,4.717777681277455e-49,8.2098353764476e-70,2.2298313888700216e-19,1.326418693772979e-20,5.9109386037286535e-18,3.50999999999408e-06,1.2690975272786633e-51,8.980336130988486e-44,1.2722868639436217e-17,1.7799999999872658e-06,7.256634391107038e-42,4.494855717862942e-37,6.778895114489867e-77,6.65105021118601e-55,0.0,0.0,1.8596447338615808e-29,1.0301195598557945e-20,4.304847055910145e-43,1.28738324595785e-21,2.7906558120561834e-59,4.4701986148057653e-35,2.79065581214756e-59,4.337820462814206e-77,3.9351640227882796e-51,4.2707354860766573e-35,5.838311149895578e-25,1.531347988470272e-31,1.8448771922295453e-48,8.81234800654439e-42,2.6906817753799194e-45,2.960518998318294e-39,6.903135728603886e-31,1.0512035661874814e-55,9.110298773879122e-65
4.4219474047143965e-05,1.0000073120332738e-10,0.00017699999999925238,2.9921948158623425e-35,6.39376217113343e-29,2.430822853037967e-42,1.2283939913505056e-33,-4.705610994295939e-52,1.57019449188454e-40,-4.502799291943244e-90,-1.3338536296663446e-74,-2.634796846616593e-83,1.1867737562709714e-54,3.689485146315612e-45,-5.406771164568158e-65,-5.105059758829815e-52,6.300920869279964e-50,7.107524158097644e-106,-3.030881389831411e-88,-4.498898290517609e-77,-5.32799300185264e-91,-7.005257588728746e-103,-9.938363776413651e-89,1.032967075558984e-24,2.151714032420343e-18,3.4862759633890367e-25,1.4267366904582973e-17,-2.3454699373310257e-73,-1.0252905277471462e-70,5.524269538838695e-35,3.979184127198332e-24,5.449648632098141e-97,-7.912833716680599e-94,-9.62600856456179e-70,-5.445228194903267e-63,-1.0252905275027683e-70,-6.834541637646646e-63,-2.4879038411049267e-46,-6.641379701209008e-45,2.527216370069136e-37,4.021001057739429e-20,3.389998818152948e-08,1.1249599410474264e-29,1.2923366682362214e-23,7.326610366304982e-29,2.0268371545023167e-22,3.1530531984797377e-47,6.876526369705532e-41,2.9140361141140147e-31,0.00018232392875848315,0.4999999999903275,1.30637792138647e-11,0.24999999998549707,1.2801340611638181e-11,2.6781400859137625e-21,-9.258660433165777e-47,-1.1590364877126976e-45,2.4711530328710785e-35,-1.301361591299564e-49,-5.3274340280294e-57,-2.0382012051027572e-47,-2.598298048249705e-54,-1.692987526899311e-57,8.517202667059351e-32,4.119606466176148e-27,2.5752809805975307e-31,1.26912238830494e-20,0.0,-3.643979704489158e-56,-1.6232753708200314e-69,4.641400758712676e-18,-3.5004162156077366e-34,1.2166592365506055e-32,-1.223309556151686e-83,9.324046367701248e-30,1.1818427634078893e-14,1.757761936602023e-36,1.3750516852451482e-28,1.4381385813647039e-35,4.075233514578602e-36,2.5184621894156302e-27,-3.117072916495443e-52,-8.895903398208415e-72,3.186599965732547e-48,1.8378772347042618e-36,0.10000000148734249,2.773625544753519e-12,1.1603547888194488e-19,5.752754460441047e-37,-3.700713348184654e-64,-7.106363575545006e-53,-1.207154805068437e-38,-9.362774396061312e-51,2.6497820997034335e-29,-4.7005161422736324e-71,2.651057962265184e-28,8.868162991990061e-28,-1.0951927016523172e-62,8.699276804132024e-44,-1.5267127039231748e-49,2.2559999854961897e-06,1.45038093801953e-14,6.179999999287993e-05,7.120109139427555e-15,4.359391916117993e-41,7.345144482328094e-32,-1.2816309648900564e-38,-3.690138336279686e-72,-1.5581477982856614e-36,1.9314623921080853e-21,-1.4397539795222097e-42,2.4689835411303236e-28,-2.480318815135286e-96,-3.4623928115434892e-46,-4.635864500349632e-36,-3.6168166401095073e-45,8.259074398880342e-31,7.091652964228032e-31,3.23933169371877e-65,7.61564382610316e-40,4.320254018508849e-31,0.00033399999990113246,9.886724784237469e-14,5.714826167498466e-24,3.062009939708021e-30,-1.0966701283775698e-64,6.461169218230096e-41,1.1668185475579537e-47,-1.9677649021825809e-59,1.4265356211496852e-48,-3.430509773761772e-66,3.2245238559127517e-19,2.773752576796742e-20,8.547714805008993e-18,3.5099999999914397e-06,2.247751819377482e-51,2.7156472373113945e-43,1.8398338282703348e-17,1.7799999999815852e-06,1.5174838547968116e-41,1.0001667148347499e-36,-3.312981147354816e-73,2.011234657210314e-54,0.0,0.0,3.888813662352411e-29,1.4896392542443713e-20,1.3017831615085682e-42,1.861664490326339e-21,-1.2491773394870882e-58,9.347896477598796e-35,-1.2491773417191879e-58,-2.913256019952593e-73,1.1899914712747708e-50,8.930944770500656e-35,8.442694237210524e-25,3.2022928896673207e-31,5.578476612144394e-48,2.664848847593587e-41,8.136602324561326e-45,8.430595818024959e-39,1.4435557132084717e-30,-2.810056621722791e-55,-1.592887871012793e-62
6.394508134679367e-05,1.0000105738155752e-10,0.00017699999999891888,4.326982199390016e-35,9.245948105225766e-29,5.0832420452419384e-42,2.5687729521522124e-33,-7.348661153516285e-51,4.747732847232281e-40,-4.0505653698108776e-89,-1.2533232372934135e-73,-2.4715148547357186e-82,3.5867511434730123e-54,1.1156837038718809e-44,-5.032387984583771e-64,-6.884874704664386e-51,1.905334343836156e-49,7.032109295429304e-105,-2.8720758882138993e-87,-4.1873804402487125e-76,-4.965482697113217e-90,-6.395576641070622e-102,-9.318364135268749e-88,1.7103184702790423e-24,3.1115588608647527e-18,5.041456890915912e-25,2.0631810266199088e-17,-2.2038639401296594e-72,-9.465764349363574e-70,1.6705294492319198e-34,8.32110737239333e-24,7.691783238664743e-96,-7.138062822595404e-93,-8.862640299257106e-69,-5.05847582619485e-62,-9.465764346402575e-70,-6.312964438012812e-62,-3.356246995984444e-45,-8.959407895714511e-44,7.642290049709995e-37,5.835939377730673e-20,3.389998290949822e-08,1.812807987017907e-29,1.8688283800375e-23,1.401397832918858e-28,2.9309777473044934e-22,9.48779791566313e-47,1.4383023195308557e-40,4.213966045309726e-31,0.00018232394158718715,0.4999999999860128,1.8891326293214142e-11,0.24999999997902753,1.8511810916392178e-11,5.600417059016256e-21,-1.2490336170833153e-45,-1.563588197622756e-44,7.472754563095772e-35,-1.755573629095005e-48,-4.9208768796129135e-56,-2.7496222717380654e-46,-3.5037601717997134e-53,-1.5637871166579732e-56,1.781082017571991e-31,1.2457678244695157e-26,5.385322922343523e-31,1.835257701793676e-20,0.0,-4.915823192746463e-55,-1.4993951067309241e-68,9.705907143543457e-18,-4.7221678361477866e-33,2.544228296173465e-32,-1.161396122500847e-82,2.8172664547322594e-29,1.7090437825861785e-14,4.7788136826404155e-36,2.875451844176617e-28,4.3489245532220184e-35,8.529111101715559e-36,5.2665055956637726e-27,-4.205017420270028e-51,-8.291662517966158e-71,9.636001516945428e-48,3.843404016760759e-36,0.10000000148610522,4.010895988811745e-12,2.426485986963484e-19,1.2029922651079036e-36,-4.992156842547813e-63,-6.48334793593493e-52,-1.628488103716505e-37,-8.648253646661517e-50,5.54111712835728e-29,-4.290110583132771e-70,5.543784841057995e-28,1.8538283572647556e-27,-1.0116130518412521e-61,2.6306554678544924e-43,-1.410201506822687e-48,2.25599997902627e-06,2.0973729108158464e-14,6.179999998970376e-05,1.0296276532423418e-14,9.77744483296122e-41,2.20884527092973e-31,-1.7610985663297146e-37,-3.5520224432968458e-71,-2.1117085045852926e-35,4.038995060841291e-21,-1.3298791672577558e-41,7.466196521045797e-28,-2.386499705571947e-95,-3.198160116326231e-45,-6.25391570378413e-35,-3.3407992679571195e-44,1.727104109536786e-30,2.1445101293693848e-30,3.515273916625329e-64,2.3029650490708983e-39,9.034339694426284e-31,0.0003339999998570292,1.4297033516909491e-13,8.264121343527852e-24,9.255333938577761e-30,-1.0130759909585566e-63,1.953853445591373e-40,3.5110540714148954e-47,-2.6521746047310002e-58,4.3131034140742833e-48,-3.1873763348664484e-65,4.662932870196745e-19,5.800357710229752e-20,1.2360715202096146e-17,3.5099999999876213e-06,-3.1345999713891483e-51,8.212098823164466e-43,2.660554439234599e-17,1.7799999999733705e-06,3.1733185531738844e-41,2.2736148416354794e-36,-3.087565052241817e-72,6.081723627859052e-54,0.0,0.0,8.132129499170645e-29,2.1541430463223397e-20,3.936586471988081e-42,2.692123462170351e-21,-1.685175085177692e-57,1.954793733945471e-34,-1.6851750872394492e-57,-2.715377694840772e-72,3.598530378169868e-50,1.8676501108292056e-34,1.220885674991574e-24,6.696505297234184e-31,1.686665909898343e-47,8.058491703556097e-41,2.46050292172416e-44,2.4402495448622254e-38,3.0187050742312918e-30,-4.590686156289286e-54,-1.4763487285627036e-61
9.246996977143298e-05,1.0000152906273437e-10,0.0001769999999984366,6.257217461420545e-35,1.3370483297500096e-28,1.0629907698532184e-41,5.3717297878398845e-33,-2.0948424391074232e-50,1.435722114934025e-39,-1.295798250466542e-88,-4.356666404323874e-73,-8.566850635190094e-82,1.0845571299906646e-53,3.373821851013199e-44,-1.6454124381707594e-63,-1.9672061177628347e-50,5.7617294601737566e-49,2.666091493860107e-104,-1.0137909561355372e-86,-1.3691335282494696e-75,-1.6979456893981873e-89,-2.1066677179866947e-101,-3.2271638384318157e-87,2.926128446621867e-24,4.499574468175919e-18,7.290389011801671e-25,2.9835327628279567e-17,-7.660832651323827e-72,-3.180114137548319e-69,5.051655308976291e-34,1.740075903940686e-23,4.279959168828357e-95,-2.2965757214438624e-92,-2.967014396320735e-68,-1.7180883408307603e-61,-3.180114136102745e-69,-2.0705480213624333e-61,-9.588872129134601e-45,-2.5597214344597348e-43,2.3110226619524993e-36,8.483661987023324e-20,3.389997528569872e-08,3.010473793028184e-29,2.7024847731463094e-23,2.741525149800347e-28,4.23844182813413e-22,2.8701119322391383e-46,3.008660405205675e-40,6.093806761065464e-31,0.0001823239601385729,0.49999999997977335,2.731845204095636e-11,0.249999999969672,2.6769626080513585e-11,1.1711362436328961e-20,-3.56851545111353e-45,-4.4672045323661745e-44,2.259755265435668e-34,-5.0157100602813904e-48,-1.6139647523555027e-55,-7.855728893737326e-46,-1.0011616554002916e-52,-5.128960783204447e-56,3.724525628001385e-31,3.7671921887451365e-26,1.126156827301781e-30,2.6539369158904553e-20,0.0,-1.4044616120788203e-54,-4.917765808046442e-68,2.029659377830824e-17,-1.3491324216364036e-32,5.320386581507852e-32,-3.782267693942123e-82,8.51454165544549e-29,2.471420473182337e-14,1.3328880760982635e-35,6.013026876870436e-28,1.3151114465990388e-34,1.7857357920990672e-35,1.1013101768127929e-26,-1.2013823493303908e-50,-2.836956970585322e-70,2.9139204465151467e-47,8.037503621664333e-36,0.10000000148431602,5.800093189733306e-12,5.074166426131823e-19,2.5156503332632707e-36,-1.4262899961064103e-62,-2.127681283138352e-51,-4.652622168798959e-37,-2.8364823646533453e-49,1.1587360273094697e-28,-1.4078916231192574e-69,1.1592937920050148e-27,3.875716440852183e-27,-3.317922143613344e-61,7.955082349492963e-43,-4.6252245359129224e-48,2.2559999696702215e-06,3.032977757954862e-14,6.179999998511076e-05,1.4889281292958912e-14,2.2791658326729686e-40,6.653758083205189e-31,-5.029941508518701e-37,-1.1458318365185192e-70,-6.0341585776238e-35,8.446180404429098e-21,-4.3617820310254624e-41,2.257772064939898e-27,-8.647706299164496e-95,-1.0489431311397327e-44,-1.7867563146013578e-34,-1.0957263925505435e-43,3.611649986142981e-30,6.484975666333224e-30,1.5173390395527612e-63,6.96414910246403e-39,1.889224396492418e-30,0.0003339999997932522,2.067470823972088e-13,1.1950618591106931e-23,2.797933403793286e-29,-3.3225885743749065e-63,5.9084380792799154e-40,1.062113481092313e-46,-7.579517488952922e-58,1.3042946199551616e-47,-1.0836403516787123e-64,6.742993342739698e-19,1.2129469275687241e-19,1.7874634871329916e-17,3.509999999982099e-06,-7.341580506305851e-51,2.4833325120427068e-42,3.8473853772622376e-17,1.7799999999614915e-06,6.635969100369025e-41,5.305181491908927e-36,-1.0557889119533916e-71,1.8391065383888506e-53,0.0,0.0,1.700557973487075e-28,3.115070700754845e-20,1.1904207254016568e-41,3.8930369422350735e-21,-4.8145804376417443e-57,4.087783987811403e-34,-4.8145804444039646e-57,-9.290550692473941e-72,1.0881927904720558e-49,3.905696800021356e-34,1.7655055947596833e-24,1.4003461203385436e-30,5.100521341396856e-47,2.4368816867484505e-40,7.440542364391032e-44,7.151031665691349e-38,6.312593387532863e-30,-1.307710541257616e-53,-4.835442766468242e-61
0.00013371935932267675,1.0000221115342133e-10,0.0001769999999977392,9.048547127505837e-35,1.9334983426122696e-28,2.2229028260345186e-41,1.123319197304893e-32,-1.8556990777422632e-50,4.342008671268234e-39,-2.4925858168531464e-88,-1.0226638570569123e-72,-1.9990953980418287e-81,3.2806877782452926e-53,1.0202515293504106e-43,-3.3264834987106737e-63,-1.9118097591018863e-50,1.7423875355856104e-48,7.343622806980058e-104,-2.45539420833516e-86,-2.767986075008069e-75,-3.847101596744341e-89,-4.374933718269891e-101,-7.516829855757383e-87,5.178439183539328e-24,6.5067601838433485e-18,1.0542555081728638e-24,4.314438122012463e-17,-1.7982685008706424e-71,-6.923051005003346e-69,1.5276134944632376e-33,3.638775201383034e-23,1.79091975975962e-94,-4.4872099704115974e-92,-6.408022690973374e-68,-3.834205686131456e-61,-6.923050999571875e-69,-4.2327595822998284e-61,-9.311459198111942e-45,-2.4856562171003545e-43,6.98851026983808e-36,1.2360941898474803e-19,3.3899964261046006e-08,5.166863798713182e-29,3.908023874070214e-23,5.459629164974673e-28,6.129146365728022e-22,8.714723942687775e-46,6.29443526700954e-40,8.812294675469684e-31,0.00018232398696543808,0.4999999999707506,3.950478972025097e-11,0.24999999995614317,3.87111102753615e-11,2.4490318454939583e-20,-3.4652431147266725e-45,-4.3379279013651877e-44,6.833478328005557e-34,-4.8705791096065835e-48,-3.2993701784623095e-55,-7.628384625720555e-46,-9.732762628351028e-53,-1.048496797622615e-55,7.7885797458190005e-31,1.139194664457113e-25,2.3549733101103626e-30,3.837815757527232e-20,0.0,-1.3638296966495146e-54,-1.0053229202947088e-67,4.244339700644819e-17,-1.3100893526253976e-32,1.1125775344913961e-31,-7.511032082257042e-82,2.573775576247047e-28,3.5738805897408956e-14,3.795968677758937e-35,1.257419375851237e-27,3.976884002488141e-34,3.740801555886499e-35,2.3030148417407246e-26,-1.166621694890432e-50,-6.436258388683371e-70,8.811843146975384e-47,1.6808712737809518e-35,0.10000000148172869,8.387422935727221e-12,1.061088304561833e-18,5.2606401887859726e-36,-1.3851884964252477e-62,-4.375891088203049e-51,-4.51798124197581e-37,-5.7985259925122405e-49,2.4231020581987135e-28,-2.895009507719786e-69,2.4242681411073275e-27,8.103389525634533e-27,-6.782721261703442e-61,2.4056104646625118e-42,-9.455190455903398e-48,2.255999956140588e-06,4.385941111582414e-14,6.179999997846888e-05,2.1531151460824623e-14,5.582107600604108e-40,2.0066992069671705e-30,-4.826727693990849e-37,-2.2032338848798917e-70,-5.852496946992401e-35,1.7662303164690285e-20,-8.916650804475067e-41,6.827479266049813e-27,-2.2023438992324118e-94,-2.144320296778809e-44,-1.7350535459449387e-34,-2.2399577547498824e-43,7.552535761227904e-30,1.9610484806746923e-29,5.008025477544625e-63,2.1059534559448075e-38,3.950669213295754e-30,0.0003339999997010253,2.9897356595990594e-13,1.728160777277169e-23,8.459097176556211e-29,-6.791305149484232e-63,1.786706735025058e-39,3.2249699076628552e-46,-7.378516788303774e-58,3.944727235154993e-47,-2.423926948567393e-64,9.75093579736911e-19,2.5364643677266153e-19,2.5848227147743566e-17,3.5099999999741137e-06,5.288210970840972e-50,7.509577569880011e-42,5.563642505927267e-17,1.7799999999443132e-06,1.3877032939299976e-40,1.275926640887235e-35,-2.3921256789532067e-71,5.561588416991163e-53,0.0,0.0,3.5561379839802e-28,4.504651381415566e-20,3.5998204268683804e-41,5.6296587218669845e-21,-4.6752731326829987e-57,8.548203928669496e-34,-4.675273146506795e-57,-2.107765818073525e-71,3.2906830511456e-49,8.167866108600097e-34,2.5530741832711713e-24,2.9283473033769347e-30,1.5425913482540678e-46,7.369105456449579e-40,2.250014111356401e-43,2.114732397441888e-37,1.3200638624600943e-29,-1.1264113023620834e-53,-9.83609974053396e-61
0.00019336944850166022,1.0000319751397481e-10,0.0001769999999967307,1.3085156501388633e-34,2.796032000891455e-28,4.648519680741815e-41,2.3490542545605835e-32,1.208335572554847e-49,1.313176513874273e-38,-1.4157812510053872e-88,-1.6402516910019903e-72,-3.150703158612007e-81,9.925156181825596e-53,3.085273900455119e-43,-2.792549461995257e-63,1.0167372913694812e-49,5.2691441314482225e-48,1.6882713631060211e-103,-4.294159292942905e-86,-2.3239602747319184e-75,-5.517819665457151e-89,-4.335802764276423e-101,-1.1781483361933846e-86,9.468811370377971e-24,9.409316158247298e-18,1.524550730589055e-24,6.23903779460056e-17,-2.8842440754732488e-71,-8.554304190755203e-69,4.619483866886918e-33,7.609256265090469e-23,6.56992920689159e-94,-2.947778874491619e-92,-7.660381843819526e-68,-5.2136901832999407e-61,-8.554304172458562e-69,-3.820081350919871e-61,4.960777838658943e-44,1.3242721299166537e-42,2.1133183107124788e-35,1.806913204581323e-19,3.3899948318476595e-08,9.172813105301986e-29,5.6513386233976e-23,1.1021697222958447e-27,8.863267254230158e-22,2.6493618261938626e-45,1.3171278550993499e-39,1.2743660013906822e-30,0.000182324025759343,0.499999999957703,5.7127269225543894e-11,0.24999999993657931,5.597947730298469e-11,5.1213137665886325e-20,1.846184666031736e-44,2.311122197920019e-43,2.066436878832679e-33,2.5948793969285224e-47,-2.977639276031226e-55,4.0641907727577157e-45,5.172427652597184e-52,-9.46264891399655e-56,1.628718122331752e-30,3.4449104685648153e-25,4.924624172974816e-30,5.549803771040986e-20,0.0,7.26594423128561e-54,-9.073007386080262e-68,8.875586024561013e-17,6.979777720718341e-32,2.326576636214292e-31,-5.518192940334761e-82,7.780952599534238e-28,5.16812915052515e-14,1.0988235065944985e-34,2.629463150793093e-27,1.2026054918175007e-33,7.842406073628872e-35,4.8159702451334226e-26,6.21534493896719e-50,-9.27289786520579e-70,2.6647635187486374e-46,3.5152764154371144e-35,0.1000000014779872,1.2128919519196381e-11,2.2189024213852346e-18,1.1000898466500765e-35,7.377815015574304e-62,-4.108292638958679e-51,2.407046225542338e-36,-5.233135298646223e-49,5.067093598269702e-28,-2.7147861870878817e-69,5.069531180566246e-27,1.6943523563159333e-26,-6.1213876417894605e-61,7.274546116202283e-42,-8.533246162401241e-48,2.255999936575599e-06,6.342439990060385e-14,6.179999996886415e-05,3.113585203753802e-14,1.4351773928761681e-39,6.05696215465401e-30,2.6424633552425936e-36,-1.2039053822519354e-70,3.127202955423648e-34,3.6934671818914526e-20,-8.047255582122356e-41,2.0646220248981553e-26,-4.343261129067025e-94,-1.9352415258439537e-44,9.243806434485499e-34,-2.0215537396503745e-43,1.57935559064803e-29,5.930185336272783e-29,1.4833950320229732e-62,6.368387397324934e-38,8.261478593799634e-30,0.0003339999995676574,4.3234069636953666e-13,2.4990674934137413e-23,2.557639941973543e-28,-6.123747946747337e-63,5.4029857383899505e-39,9.804224233723557e-46,3.909288761652532e-57,1.1930999905168905e-46,-3.3239487288675486e-64,1.4100673626806378e-18,5.304148252203384e-19,3.737871340908871e-17,3.509999999962566e-06,4.565271375982554e-49,2.2708900953336348e-41,8.045494138485778e-17,1.779999999919472e-06,2.9019583011383094e-40,3.171747799919146e-35,-3.430897628886097e-71,1.6818798131322413e-52,0.0,0.0,7.436451920699359e-28,6.514098685057481e-20,1.0885818406270358e-40,8.140959583553775e-21,2.4908223609900406e-56,1.7875644872863948e-33,2.4908223597424437e-56,-3.036721501789714e-71,9.950985877868321e-49,1.7081614862182463e-33,3.691969553925727e-24,6.12364202185891e-30,4.665564946087031e-46,2.2284093928753268e-39,6.804024513930475e-43,6.2951142003040245e-37,2.760463828133559e-29,7.766003736843881e-53,-8.60173163155036e-61
0.0002796284980965741,1.0000462387437577e-10,0.0001769999999952723,1.8922707662158178e-34,4.043366402130121e-28,9.721051507599883e-41,4.912291536005493e-32,8.782325199555266e-49,3.971489059576265e-38,1.3924605090620854e-87,-4.763044533404399e-73,-6.060275463160729e-82,3.0026722938576412e-52,9.329963870165931e-43,1.3331363773875016e-62,7.696838972880717e-49,1.5934366217778914e-47,3.324206997756347e-103,-3.22334697035862e-86,1.1091560324029028e-74,2.0216774684640578e-89,1.3626861001710792e-100,-1.8958226044742786e-87,1.78339343349529e-23,1.3606649056685863e-17,2.204647680692315e-24,9.022167781393725e-17,-8.375369278498839e-72,1.1673308987062824e-68,1.396926635416292e-32,1.5912159522344486e-22,2.2436462740884815e-93,2.273590407394447e-91,1.2307774678447687e-67,3.684193348525787e-61,1.1673309045593428e-68,1.539313744286202e-60,3.753901063184815e-43,1.0020960805832855e-41,6.390653063036717e-35,2.6535525657119924e-19,3.3899925264192625e-08,1.6821939564991235e-28,8.172326306272429e-23,2.247658189045833e-27,1.2817042437430367e-21,8.052329350000824e-45,2.756928693078172e-39,1.842927758836576e-30,0.00018232408185859454,0.49999999993883504,8.261087774794035e-11,0.2499999999082883,8.095093884238899e-11,1.0709476727249568e-19,1.397031295338193e-43,1.7488561484896916e-42,6.248884286437444e-33,1.963582773811103e-46,1.1999031804792182e-54,3.0754244643849797e-44,3.9162108784626337e-51,3.813076997749768e-55,3.405916898164992e-30,1.0417367042149109e-24,1.0298172870094074e-29,8.025481620838432e-20,0.0,5.498258193003443e-53,3.6560654588023285e-67,1.8560250432539903e-16,5.281687694846655e-31,4.865241572438398e-31,3.475150443524126e-81,2.3525094267826212e-27,7.473543492555883e-14,3.2202107419491213e-34,5.498622940418104e-27,3.636666372831494e-33,1.6459588661728466e-34,1.0070958711971268e-25,4.703244756508299e-49,3.139478279482681e-70,8.058425871968138e-46,7.351931958572941e-35,0.10000000147257668,1.7539438493621827e-11,4.640071495370343e-18,2.3004848236323322e-35,5.5832353711120384e-61,1.4966321000122374e-50,1.821443501490037e-35,2.1087636663481333e-48,1.0596103239051265e-27,9.92043393180844e-69,1.0601197942176569e-26,3.542877611306082e-26,2.466675446024305e-60,2.1998167437820468e-41,3.438595645600671e-47,2.255999908282978e-06,9.171702027921019e-14,6.179999995497491e-05,4.502505179318805e-14,3.8474200867874277e-39,1.8292608545463443e-29,1.9879194517154908e-35,1.2631168948013478e-69,2.3649334332772592e-33,7.723622692852224e-20,3.2427212811301934e-40,6.243394031033575e-26,-5.763608864589663e-94,7.798270019313865e-44,6.994917087637457e-33,8.146077206459909e-43,3.302684200206369e-29,1.7932807633876177e-28,4.207068390184963e-62,1.9257955564880866e-37,1.727606712490942e-29,0.0003339999993747964,6.252005258837551e-13,3.6138651856361453e-23,7.733476964169133e-28,2.4729683948066517e-62,1.6338582480341553e-38,2.979843278860948e-45,2.9618665755867263e-56,3.608555701260059e-46,2.165643223819115e-64,2.0390760359481045e-18,1.1091810192861006e-18,5.405276852105e-17,3.5099999999458677e-06,2.2401620060708908e-48,6.867153084806749e-41,1.163445917518541e-16,1.7799999998835498e-06,6.0686070823691285e-40,8.155458697763535e-35,1.2575433136737264e-71,5.086167430260334e-52,0.0,0.0,1.555080792154759e-27,9.419921676914879e-20,3.2918599711948335e-40,1.1772511164754934e-20,1.884842088012304e-55,3.738078596683867e-33,1.884842088515033e-55,1.0281014651135141e-71,3.0091663236384435e-48,3.572432524487875e-33,5.338918372499607e-24,1.2805514637834703e-29,1.4110894778486647e-45,6.738685844826458e-39,2.057531538885116e-42,1.8827635671585454e-36,5.772569473592166e-29,5.586327359218112e-52,3.739187772263122e-60
0.0004043663440818802,1.0000668651161247e-10,0.00017699999999316334,2.7364994200885785e-34,5.847206148165347e-28,2.0328346478083807e-40,1.0272518303881251e-31,1.1892559282633787e-49,1.200750478989536e-37,-1.3958746295499308e-82,-3.844111469852692e-68,-8.970655923805532e-77,8.971212101799727e-52,2.8212880181888902e-42,-1.7746146452744286e-60,3.7074238842521707e-50,4.818273961817194e-47,2.2965012736131633e-97,-1.0332979816555365e-80,-1.4858855362937714e-72,-1.8037521856914682e-85,-2.326669431955646e-96,-3.2437632950205036e-82,3.444936541493121e-23,1.967633035342267e-17,3.1881493769868033e-24,1.3046801448280025e-16,-6.759524985347823e-67,-3.495599952821565e-65,4.224296344473454e-32,3.3274836878105745e-22,1.755336835798903e-88,-2.7123239884502116e-86,-3.076451678132016e-63,-1.7846070062610933e-57,-3.4955999448323864e-65,-2.283417518022321e-58,2.5695118255171385e-44,6.870190635183857e-43,1.9325315339770218e-34,3.922169811764213e-19,3.389989192578531e-08,3.176484836492336e-28,1.1817903043165748e-22,4.6175711476431304e-27,1.853454720910376e-21,2.414748394080173e-44,5.773041580913579e-39,2.6652598722259363e-30,0.00018232416298283373,0.4999999999115503,1.1946236220568877e-10,0.24999999986737717,1.1706166815611976e-10,2.2395202575080103e-19,9.568367760709875e-45,1.1978993703259669e-43,1.8896606026357756e-32,1.3464032199616103e-47,-1.7781127810528226e-52,2.106439514490922e-45,1.5725190531221113e-52,-5.650651760149734e-53,7.122291095851429e-30,3.1502121325139086e-24,2.1535117088628024e-29,1.1605518256380695e-19,0.0,3.763340424175672e-54,-5.417844621623968e-65,3.881239748654007e-16,3.627287038128402e-32,1.017399248529549e-30,-2.3042157464272297e-78,7.113049500775678e-27,1.0807359852548726e-13,9.523305379261645e-34,1.1498485975518116e-26,1.0997269944990423e-32,3.460037390460175e-34,2.1059971606114257e-25,3.2232353799599505e-50,-3.028595295605594e-66,2.4363584831074025e-45,1.537683543934016e-34,0.10000000146475259,2.5363504323589702e-11,9.70310742508052e-18,4.810668236569279e-35,3.360584775640863e-62,-2.4261442506224856e-47,1.2505862906066982e-36,-3.124855909283674e-46,2.2158149349059598e-27,-1.5600224576083102e-65,2.2168795110830206e-26,7.408310860517697e-26,-3.655397621693814e-58,6.652232211337985e-41,-5.095397486107661e-45,2.2559998673694687e-06,1.3263053036310205e-13,6.179999993488989e-05,6.51099917728084e-14,9.454377998304844e-39,5.526758397677219e-29,1.5950976462186682e-36,-1.1391328102624704e-67,1.6401347047866901e-34,1.6151308210121404e-19,-4.805369686954562e-38,1.8880014121040142e-25,-8.407743127693191e-87,-1.15564264723717e-41,4.798875616469928e-34,-1.207135704996765e-40,6.906438808869296e-29,5.422877591011111e-28,1.073433035714016e-58,5.823591564976791e-37,3.612700547778975e-29,0.00033399999909590326,9.04091515087619e-13,5.2259600233108977e-23,2.3384354138986715e-27,-3.659602059785737e-60,4.940778118883336e-38,8.936014716158237e-45,-1.1072533431829154e-59,1.0908852355465738e-45,-1.1533525777499811e-60,2.9486754618176796e-18,2.3194714966866886e-18,7.816485872824695e-17,3.5099999999217196e-06,2.5422976613183552e-48,2.076622755763359e-40,1.6824401940959171e-16,1.779999999831603e-06,1.2690877344587843e-39,2.165936460504894e-34,-1.1154295698573861e-67,1.5373405967627358e-51,0.0,0.0,3.25192228058043e-27,1.3621971786782627e-19,9.954576640852774e-40,1.7024038663096642e-20,1.2920111929949975e-56,7.816907018862792e-33,1.292010448010987e-56,-9.918684969701311e-68,9.099718029881961e-48,7.471719008919634e-33,7.72056642719569e-24,2.677838144179213e-29,4.266010874576575e-45,2.03777726896676e-38,6.221961946414436e-42,5.649815332783748e-36,1.2071361624518147e-28,9.535652842850283e-53,-5.276910186478416e-58
0.0005847477683396706,1.0000966925875459e-10,0.00017699999999011361,3.957507773271088e-34,8.455925456824674e-28,4.250108014662988e-40,2.1481860700362337e-31,-5.149296035901319e-47,3.6264684950138564e-37,-2.4857287221848495e-81,-7.129375908410096e-67,-1.659091349728918e-75,2.545270644877677e-51,8.529941138414881e-42,-3.331267128363693e-59,-4.668294748692412e-47,1.4565043878765037e-46,4.4515829015574625e-96,-1.928059871005234e-79,-2.788995205693299e-71,-3.322229932672741e-84,-4.200881472848822e-95,-5.999074279501337e-81,6.792614413570583e-23,2.8453568270092706e-17,4.6104334856329375e-24,1.8866746789987907e-16,-1.2536367115654403e-65,-6.387020310185664e-64,1.2774299572579788e-31,6.958291175368297e-22,4.7726047335148805e-87,-4.8481378014632413e-85,-5.597335284595754e-62,-3.278494421808837e-56,-6.387020291478808e-64,-4.275604754261244e-57,-2.262880927156068e-41,-6.040513401994236e-40,5.844018636796612e-34,5.849347021435691e-19,3.389984371570028e-08,6.149079470423141e-28,1.708974805839583e-22,9.536601503859867e-27,2.6802567681849342e-21,6.888655444763058e-44,1.2095984094708592e-38,3.854821012025606e-30,0.0001823242802953108,0.4999999998720945,1.7275279749829815e-10,0.24999999980821613,1.6928060071731574e-10,4.683187661812413e-19,-8.421301715620366e-42,-1.0542084737062865e-40,5.71437400315786e-32,-1.183620060555453e-44,-3.3294736611752275e-51,-1.8538641377418183e-42,-2.38101119210461e-49,-1.05807021375365e-51,1.489316366216861e-29,9.526384105597282e-24,4.503335049427747e-29,1.6782548565361725e-19,0.0,-3.314396132638442e-51,-1.0144786472217007e-63,8.116277437467495e-16,-3.1836226005303375e-29,2.127543036074186e-30,-4.285804760013611e-77,2.150799479427181e-26,1.56283246462795e-13,2.834984618391249e-33,2.404513343622671e-26,3.3256030362115424e-32,7.289776638567908e-34,4.403973206968058e-25,-2.835081210461959e-47,-5.577601608805832e-65,7.359404764511028e-45,3.2163359344441185e-34,0.10000000145343832,3.667776204972271e-11,2.0290678586276332e-17,1.0058837314973487e-34,-3.3740769262284186e-59,-4.3898661730810955e-46,-1.0979103678583738e-33,-5.851218936868413e-45,4.633624766512147e-27,-2.8230587270564446e-64,4.6358485226879267e-26,1.549136046952425e-25,-6.844641019965804e-57,2.011635793211155e-40,-9.54101336912024e-44,2.25599980820509e-06,1.9179490888605595e-13,6.179999990584522e-05,9.415448061996557e-14,9.17520895496649e-39,1.670289064019536e-28,-1.1928530497379106e-33,-2.1635867220095064e-66,-1.4250570746830392e-31,3.3774905438758313e-19,-8.997940198389828e-37,5.7093782892589145e-25,-1.59014215485122e-85,-2.1639109518748574e-40,-4.216390852003794e-31,-2.2603338236098e-39,1.4442463452961382e-28,1.639896748868529e-27,2.265027213339466e-57,1.7610501140667842e-36,7.554731258167981e-29,0.00033399999869260076,1.3073901945818883e-12,7.557192257189806e-23,7.071156249824417e-27,-6.85272524756151e-59,1.494093706726158e-37,2.549219144111462e-44,-1.8227194231861908e-54,3.292040971102817e-45,-2.1187031614550283e-59,4.2640326692477246e-18,4.8503760788299814e-18,1.1303297710070123e-16,3.5099999998867994e-06,-7.892144683692547e-47,6.279707890363392e-40,2.432949024925896e-16,1.7799999997564836e-06,2.6540015452825397e-39,5.921839483282808e-34,-2.0543049901262592e-66,4.637694974867721e-51,0.0,0.0,6.800289217871662e-27,1.9698459573119776e-19,3.0102906576907486e-39,2.4618185779326815e-20,-1.1361636173436794e-53,1.6346364716998617e-32,-1.1361636312933303e-53,-1.8266719854813132e-66,2.7517920157393566e-47,1.562816338568153e-32,1.1164674812410526e-23,5.599789143715324e-29,1.2877603141620752e-44,6.162298998209342e-38,1.8815206103800468e-41,1.6993774006080952e-35,2.5243137307350244e-28,-3.233312484066296e-50,-9.891855748013055e-57
0.0008455944902006664,1.0001398256236135e-10,0.00017699999998570346,5.723682899962084e-34,1.2228889812253634e-27,8.88659754211622e-40,4.49231959780716e-31,-1.8186737533566816e-46,1.096409246371656e-36,-9.247858200946222e-81,-2.8588928458101833e-66,-6.62077405034869e-75,7.53941630698716e-51,2.579346960231511e-41,-1.269975652082863e-58,-1.6479920507295814e-46,4.404178197717346e-46,1.9205094770671648e-95,-7.815776428459332e-79,-1.0635437082127383e-70,-1.3113751562326809e-83,-1.6040125151797468e-94,-2.3938405218110123e-80,1.3609678912433176e-22,4.114612590964606e-17,6.667318625731819e-24,2.7282848987184547e-16,-5.027105894887591e-65,-2.4820833579972585e-63,3.8629407833479483e-31,1.455087289952518e-21,2.9774840166839242e-86,-1.8169362934928642e-84,-2.1681337272288074e-61,-1.2873632987303098e-55,-2.4820833477486277e-63,-1.6303664171250158e-56,-7.984347118426206e-41,-2.1313284068876624e-39,1.767229772808599e-33,8.829953458500401e-19,3.389977399998086e-08,1.21451884329037e-27,2.4713351214188164e-22,1.9769869988303215e-26,3.875887836303023e-21,2.0621622325303927e-43,2.536635630636466e-38,5.576160697507673e-30,0.0001823244499390249,0.4999999998150382,2.498154343119147e-10,0.24999999972266415,2.447931093903068e-10,9.793273179375503e-19,-2.971369046751937e-41,-3.719664722278363e-40,1.7280251686693217e-31,-4.1762714981079367e-44,-1.2695222566201097e-50,-6.541167192734618e-42,-8.407059843421377e-49,-4.0344012190361e-51,3.114298432391028e-29,2.880779791303094e-23,9.417187736995854e-29,2.426896178707212e-19,0.0,-1.169451336254972e-50,-3.8681880253129617e-63,1.6972388814279488e-15,-1.1233027232113992e-28,4.449028677002748e-30,-1.7045079869210792e-76,6.5036022654178e-26,2.2599815681377538e-13,8.479139937631462e-33,5.028210498116735e-26,1.0056617255465334e-31,1.5408905965674042e-33,9.209402210040794e-25,-1.0003277301042987e-46,-2.2013450030985502e-64,2.224780747796776e-44,6.728352052626214e-34,0.10000000143707694,5.303913101907748e-11,4.2430844347359e-17,2.103326574268303e-34,-1.1908217694432922e-58,-1.6727471724061455e-45,-3.8738456284478e-33,-2.2310552028062712e-44,9.689655611965816e-27,-1.0757559844158924e-63,9.694298456043717e-26,3.2394026119993003e-25,-2.609849332280988e-56,6.083174502751646e-40,-3.637963092031335e-43,2.2559997226484204e-06,2.7735157857762287e-13,6.179999986384413e-05,1.3615520409406095e-13,1.194604315348024e-38,5.048802596739774e-28,-4.20919381537225e-33,-8.246132666194367e-66,-5.028207555036745e-31,7.062854572011047e-19,-3.4308991097129465e-36,1.7265155575315396e-24,-6.594525128292007e-85,-8.250949337155968e-40,-1.4877051710883766e-30,-8.61860830425158e-39,3.020149010505134e-28,4.95904648517092e-27,1.1019622375695873e-56,5.325402582552495e-36,1.5798142822324208e-28,0.00033399999810939215,1.8905915945963514e-12,1.0928365781556423e-22,2.13824413430326e-26,-2.6129259639608793e-58,4.518131275389237e-37,7.631249506287138e-44,-6.44213959080056e-54,9.951487389895556e-45,-8.32019436556181e-59,6.166149647884061e-18,1.0142883646029852e-17,1.6345522456591557e-16,3.5099999998363023e-06,-2.821959038268168e-46,1.8989797903893962e-39,3.518246758946359e-16,1.779999999647855e-06,5.550354030230582e-39,1.6594532523874505e-33,-8.107722892496295e-66,1.4014241255061356e-50,0.0,0.0,1.4220492806368053e-26,2.848550888964576e-19,9.10311361881438e-39,3.559995404556228e-20,-4.008828858163815e-53,3.4182751642808783e-32,-4.008828911353571e-53,-7.209442631160673e-66,8.321420664026393e-47,3.2691891147990134e-32,1.6145239186916337e-23,1.1710059927795016e-28,3.89303236005408e-44,1.8634784234040725e-37,5.689706268709519e-41,5.119819257724938e-35,5.278741145289347e-28,-1.1417329196683435e-49,-3.771439742168985e-56
0.0012228008050171417,1.0002021996281037e-10,0.000176999999979326,8.279094080048835e-34,1.7686298039860178e-27,1.8586713020498962e-39,9.394531808084569e-31,-2.6135781571579366e-46,3.3180866693957603e-36,-2.002476777074105e-80,-7.316169887183883e-66,-1.6780276501722477e-74,2.336521346743962e-50,7.800725357374609e-41,-2.8969466510763815e-58,-2.380352950275688e-46,1.3321152454091093e-45,5.5999144069021345e-95,-2.0427900700148064e-78,-2.4277465988198853e-70,-3.2494171583958078e-83,-3.6972595008077084e-94,-6.066381234859728e-80,2.7599962947156453e-22,5.950049214087758e-17,9.642111134121881e-24,3.945318128105101e-16,-1.2864824764606635e-64,-5.949043231418968e-63,1.1681465994791832e-30,3.042812464919946e-21,1.3000408185037955e-85,-4.0065033811092473e-84,-5.161845877115376e-61,-3.155081584753967e-55,-5.949043191291049e-63,-3.722628841001906e-56,-1.1486991552770835e-40,-3.066252645036628e-39,5.344057467283941e-33,1.3545315841432364e-18,3.389967318543635e-08,2.4365909791370824e-27,3.573787264599009e-22,4.109250062258096e-26,5.60488295050705e-21,6.465600785191966e-43,5.326306814484715e-38,8.06863664442949e-30,0.0001823246952581105,0.49999999973253023,3.6125487399796346e-10,0.24999999959894859,3.539895845164713e-10,2.04792385583748e-18,-4.274845706245201e-41,-5.351396246566137e-40,5.225504852965412e-31,-6.008213950875489e-44,-2.898334026974597e-50,-9.410635114387901e-42,-1.2161911036465807e-48,-9.210578815008525e-51,6.51264068257625e-29,8.71136396251659e-23,1.9692829429812935e-28,3.5094927969869825e-19,0.0,-1.6824776680048458e-50,-8.831114321354024e-63,3.5491846138541127e-15,-1.6160107377527e-28,9.303619200004679e-30,-4.2858649163190075e-76,1.9665926227239434e-25,3.2681116119861125e-13,2.5444505110099784e-32,1.051475880757969e-25,3.041093025226179e-31,3.272363982440696e-33,1.925830444801815e-24,-1.4391368626085967e-46,-5.453198375338272e-64,6.730794065530503e-44,1.4077885423646694e-33,0.10000000141341697,7.669904764857487e-11,8.872905711897754e-17,4.3987157027971684e-34,-1.716430736671151e-58,-3.8353330758320375e-45,-5.573028257862831e-33,-5.093502846753511e-44,2.026263737737006e-26,-2.4666804114335553e-63,2.02723239776087e-25,6.773976452950901e-25,-5.958317610587142e-56,1.8395442275795926e-39,-8.305467183554252e-43,2.255999598926278e-06,4.010737211491529e-13,6.179999980310689e-05,1.9689167657789613e-13,1.086404285255775e-37,1.5262855778096485e-27,-6.052021933111849e-33,-1.876425503922234e-65,-7.233745241138989e-31,1.4769504684177994e-18,-7.832787131275518e-36,5.220927722200649e-24,-1.7979395624701923e-84,-1.8836995161677913e-39,-2.1402791318647743e-30,-1.9676361619818705e-38,6.315612028040215e-28,1.4995990934674022e-26,3.8000723025042186e-56,1.6103975562343878e-35,3.303642121837698e-28,0.0003339999972660251,2.7339448131187714e-12,1.5803398853299417e-22,6.465829392921886e-26,-5.9652800619504444e-58,1.3662761274848763e-36,2.392661350718762e-43,-9.391073602112876e-54,3.0130016456811187e-44,-2.039516073838979e-58,8.916770364426351e-18,2.1210308108453036e-17,2.363700666053682e-16,3.509999999763279e-06,-3.705656201750821e-46,5.742491684750484e-39,5.08767611142764e-16,1.7799999994907692e-06,1.1607926525921983e-38,4.7436116146242805e-33,-2.0083769306510166e-65,4.2418930347911264e-50,0.0,0.0,2.973732942264033e-26,4.1192189067584053e-19,2.752755743545023e-38,5.14804992776891e-20,-5.767345883386062e-53,7.148127186244165e-32,-5.767346004818837e-53,-1.7859361269120208e-65,2.5163668233688743e-46,6.83969486021956e-32,2.334775055352985e-23,2.448762664130847e-28,1.1785200354891303e-43,5.6351026085563936e-37,1.7205607174465745e-40,1.544234876766521e-34,1.1038685361865764e-27,-1.6341249837097016e-49,-8.607034288013504e-56
0.0017682728850275922,1.000292397696672e-10,0.00017699999997010366,1.1978332682785808e-33,2.558185642657046e-27,3.889201051748289e-39,1.964662460223114e-30,5.3393414296436745e-46,1.004558860616529e-35,-1.940856615080176e-80,-1.3285597056793124e-65,-2.971324089488997e-74,7.375093009644007e-50,2.3593136487243486e-40,-3.6017739792513654e-58,4.748375761377358e-46,4.0296663892107004e-45,1.335942856125875e-94,-3.908237722830175e-78,-3.0273501175038925e-70,-5.403900987004367e-83,-4.81615153727046e-94,-1.07382112763416e-79,5.6472311456114625e-22,8.604215691618666e-17,1.394486889357318e-23,5.705238097450946e-16,-2.336151533794562e-64,-8.925279035929627e-63,3.532449697055789e-30,6.362984693545471e-21,4.866244210660868e-85,-4.280627494521015e-84,-7.573270749976455e-61,-5.079360735869957e-55,-8.925278898331041e-63,-4.648280708469578e-56,2.3316745872777607e-40,6.224583667362458e-39,1.6160242333021187e-32,2.1211372199138267e-18,3.3899527399649935e-08,4.946177443584527e-27,5.168057138862382e-22,8.557105099956426e-26,8.105180412407875e-21,2.0606337165297887e-42,1.12042978350161e-37,1.1682541048632798e-29,0.0001823250500101489,0.49999999961321734,5.224064793893844e-10,0.249999999420045,5.118948538494467e-10,4.282518053777641e-18,8.677516186989957e-41,1.0862866117127674e-39,1.5801748440805147e-30,1.2196962270398794e-43,-3.6170392716469614e-50,1.9102694995310915e-41,2.4094960753298566e-48,-1.1494512725247338e-50,1.3620351112071864e-28,2.6342674801943127e-22,4.118081123175322e-28,5.07501497736847e-19,0.0,3.415150151805732e-50,-1.10209619573794e-62,7.421873154730774e-15,3.28088381177824e-28,1.9455323623737594e-29,-7.424735721901068e-76,5.94675182013226e-25,4.725939464103175e-13,7.653311502934235e-32,2.198794335678451e-25,9.196148470931204e-31,6.995161510670988e-33,4.027211296861722e-24,2.9214250396559653e-46,-9.061925389094586e-64,2.0369938235694703e-43,2.946346200133381e-33,0.10000000137920263,1.109132784921791e-10,1.8554478094124022e-16,9.200946065813021e-34,3.4557618493729986e-58,-4.889113332498689e-45,1.131439367112757e-32,-6.356432204412226e-44,4.2372473852375664e-26,-3.145157778425378e-63,4.239266256991815e-25,1.416526388583815e-24,-7.435820007242432e-56,5.562753333050057e-39,-1.0364753803675313e-42,2.2559994200136526e-06,5.799863466003736e-13,6.179999971527546e-05,2.847215003821429e-13,7.025047707240049e-37,4.614451758908889e-27,1.232005689716934e-32,-2.3063317957455435e-65,1.4686077692530869e-30,3.088523707872476e-18,-9.775122430121137e-36,1.5787851837381512e-23,-3.778738382619045e-84,-2.3507948396409698e-39,4.3450055211266514e-30,-2.4555433565721936e-38,1.3206948487458806e-27,4.5347177552587194e-26,1.1464288501176342e-55,4.869829230233441e-35,6.908438118668888e-28,0.0003339999960464489,3.953493900609357e-12,2.2853174771971065e-22,1.9552060713125375e-25,-7.44416524349857e-58,4.131593229732976e-36,7.625573258108422e-43,1.7973634870888236e-53,9.128310794130792e-44,-3.2853603100254986e-58,1.2894398322157897e-17,4.435389798419659e-17,3.4181112439018875e-16,3.5099999996576817e-06,1.0937177122522234e-45,1.736521059853189e-38,7.3571977846327055e-16,1.7799999992636102e-06,2.4277809981103566e-38,1.3770534645463808e-32,-3.337061538114107e-65,1.2848833467696815e-49,0.0,0.0,6.21855326133089e-26,5.956684055989903e-19,8.324225591757944e-38,7.444507086875666e-20,1.1707774704193117e-52,1.4947779380139312e-31,1.170777455264872e-52,-2.9678240186289424e-65,7.609361787850642e-46,1.4312869342426108e-31,3.3763598232778515e-23,5.120760523579743e-28,3.569660369848519e-43,1.70403145307503e-36,5.2029526275870165e-40,4.661393740213082e-34,2.3083639048137043e-27,3.3986963282743883e-49,-1.0723430459458356e-55
0.0025570714241392473,1.0004228317127105e-10,0.00017699999995676738,1.7339002579460394e-33,3.700960345683085e-27,8.142706883892286e-39,4.108778007587422e-30,5.650475411791238e-45,3.0413503528200074e-35,7.066354222098859e-80,-1.0919698162695884e-65,-2.0547359302687266e-74,2.3287334723000564e-49,7.135716563727031e-40,5.5296466940819564e-58,5.076889466547917e-45,1.218983036538466e-44,2.727921836003635e-94,-4.2273412668896742e-78,4.580976187007525e-70,-1.902784119514538e-83,5.736685920464011e-94,-7.406439720415032e-80,1.1629450246703505e-21,1.2442302408686338e-16,2.0169617597028452e-23,8.250204329967587e-16,-1.9201253102276102e-64,2.2588152207560595e-63,1.0682050476086896e-29,1.3305951099753417e-20,1.6799239809080132e-84,1.1781297962824123e-83,2.972235236317032e-61,-8.531164523063087e-56,2.258815664533638e-63,6.986279223646248e-56,2.4741051181827977e-39,6.604543509435396e-38,4.8868002548704e-32,3.4068868148390858e-18,3.389931658224128e-08,1.0127775514023018e-26,7.473570981276467e-22,1.784246733199383e-25,1.1720873265524296e-20,6.552742320882661e-42,2.363038104095136e-37,1.6936822621678364e-29,0.00018232556301143958,0.4999999994406821,7.554469290526989e-10,0.2499999991613344,7.402349302739775e-10,8.955375927459096e-18,9.207460013512323e-40,1.1526244361005296e-38,4.7783945073428875e-30,1.294143613972367e-42,5.451087632327772e-50,2.026929941320618e-40,2.583982463983059e-47,1.7323121304529606e-50,2.8488152954611384e-28,7.965875752794332e-22,8.61155368620644e-28,7.338884184938674e-19,0.0,3.6237690233186755e-49,1.6609377774633027e-62,1.552020600192195e-14,3.481000734975225e-27,4.0684100676698436e-29,-4.269624737450602e-76,1.7982464030643086e-24,6.834053964595487e-13,2.3057586805642624e-31,4.598001189994827e-25,2.7808797475864452e-30,1.5089040285089674e-32,8.42151912738843e-24,3.099784280496955e-45,-3.1520984526169995e-64,6.16491648418225e-43,6.16876630301838e-33,0.10000000132972578,1.6038993601000236e-10,3.879982046853437e-16,1.925101850154905e-33,3.6799332860625466e-57,6.586580249211791e-45,1.2004592029584752e-31,9.580374793788596e-44,8.860780593084319e-26,4.231767804150749e-63,8.864981962967632e-25,2.9621499617689998e-24,1.1206156118450819e-55,1.6821679823350034e-38,1.5622037245943158e-42,2.25599916129095e-06,8.387090488370716e-13,6.179999958826326e-05,4.1173034237035584e-13,3.297622835392611e-36,1.3951847032984743e-26,1.3056527341395613e-31,3.7422338549187106e-65,1.5581937098491973e-29,6.458549548671319e-18,1.4731492500760095e-35,4.7741753051103216e-23,-5.7307857304788495e-84,3.5428516545090795e-39,4.610151549373985e-29,3.7007293963034827e-38,2.7617825372211054e-27,1.3712773965270934e-25,3.273702326023609e-55,1.4726324319171638e-34,1.4446632668975015e-27,0.00033399999428284635,5.717042257727172e-12,3.3047885843707664e-22,5.912388694263267e-25,1.1221312139132555e-57,1.249385960716118e-35,2.4249020194630102e-42,1.957386350842872e-52,2.765591549790669e-43,-5.630440975078623e-59,1.8646380811026794e-17,9.27503530042866e-17,4.94287892285505e-16,3.509999999504978e-06,1.0054861577494804e-44,5.251214109942153e-38,1.0639106132503269e-15,1.7799999989351205e-06,5.078021853257233e-38,4.044151052487161e-32,-1.1585985016609844e-65,3.8922502202924054e-49,0.0,0.0,1.300399713290705e-25,8.613755280221734e-19,2.517213024903559e-37,1.0765370432327578e-19,1.2422488367102079e-51,3.12579050316495e-31,1.242248838994091e-51,-1.0324432638571184e-65,2.3010309818137984e-45,2.9960662129557327e-31,4.882664806276569e-23,1.0708349013511676e-27,1.0812375055525104e-42,5.1529193716749076e-36,1.573365901322657e-39,1.4078522403648413e-33,4.827153345170028e-27,3.56922359899599e-48,1.6295199221217508e-55
0.0036977405034673127,1.0006114503140131e-10,0.00017699999993748197,2.512392034252466e-33,5.356346265040118e-27,1.7060173134470284e-38,8.593190655122206e-30,2.705384012049298e-44,9.205837433007695e-35,-1.391920068007421e-77,-4.999439284158092e-64,-1.2158341483194987e-72,7.222364451846848e-49,2.158107559718819e-39,4.688514100611115e-57,2.434169275981515e-44,3.6872127264432817e-44,3.107119613152824e-92,-6.352637705485447e-76,3.7864812470131936e-69,-3.208425018920361e-82,-3.9703794596267624e-92,-4.393071509851549e-78,2.4059092940440478e-21,1.7992370439549754e-16,2.91783672293001e-23,1.1930384977187523e-15,-8.790970450025153e-63,-4.042330634639514e-62,3.230231513754948e-29,2.7824670588572494e-20,-4.0528588486357585e-82,-2.5824313794901676e-81,-4.6425010793528995e-59,-2.389362548975328e-54,-4.042330706395586e-62,5.93825309160432e-55,1.1853688198224305e-38,3.1642911273243273e-37,1.4777536364931968e-31,5.636688990589006e-18,3.389901172484337e-08,2.0867731487692736e-26,1.080767484045022e-21,3.723726813923345e-25,1.6949578772255863e-20,2.060827870921745e-41,5.00213666989421e-37,2.4619024506689403e-29,0.0001823263048544516,0.499999999191184,1.0924465143605077e-09,0.24999999878721504,1.0704250467568695e-09,1.872696134968652e-17,4.411381440222525e-39,5.522331793903539e-38,1.4449724465960967e-29,6.20034613653709e-42,4.655090289525856e-49,9.7112129565432e-40,1.2392850445240363e-46,1.4793281068450111e-49,5.959278953073857e-28,2.408842889560779e-21,1.8008100014447315e-27,1.0612613644227855e-18,0.0,1.7361846338450806e-48,1.4184258146460866e-61,3.2454880358737824e-14,1.6677689007867698e-26,8.507669059933197e-29,-2.4007593589418983e-74,5.437781873493956e-24,9.882507929825258e-13,6.954613413017405e-31,9.61506792654277e-25,8.40928870246543e-30,3.29490044540146e-32,1.7610673389980865e-23,1.485133555785224e-44,-4.430631688139207e-63,1.8652704698375725e-42,1.292265947538722e-32,0.10000000125817793,2.3193734707399157e-10,8.113494328308184e-16,4.029161741732952e-33,1.7628633457501386e-56,-1.7735667601775762e-44,5.7514776897830245e-31,8.181416833434087e-43,1.8529367722596602e-25,-1.1357779892804129e-62,1.8538091730461114e-24,6.1942701437976994e-24,9.569739950458708e-55,5.086852365824063e-38,1.3340887598970295e-41,2.255998787156174e-06,1.212843825476633e-12,6.179999940459174e-05,5.953948232068004e-13,1.274489796094831e-35,4.2185542549211486e-26,6.254409077125028e-31,3.020642030165159e-64,7.465380298696019e-29,1.3505717932245519e-17,1.2580552753075978e-34,1.4436923911787095e-22,-8.077982140663686e-81,3.025426098209185e-38,2.208757757515745e-28,3.160413970902446e-37,5.775324735392506e-27,4.146688469738857e-25,1.4959365454177884e-56,4.453228758740005e-34,3.0210173335089877e-27,0.0003339999917325441,8.267235046071522e-12,4.7790592495872025e-22,1.7878698962000964e-24,9.581679867476443e-57,3.7781220844113496e-35,7.626273438433794e-42,9.395927350430697e-52,8.375795495132926e-43,-1.5573916342548634e-57,2.696422675633918e-17,1.9395360135830066e-16,7.147823907273229e-16,3.5099999992841566e-06,4.708173914337304e-44,1.587960109646406e-37,1.538499880567978e-15,1.7799999984600989e-06,1.0622415120033926e-37,1.1978451474381284e-31,-1.6503913665118666e-64,1.1783012514391164e-48,0.0,0.0,2.7193464059493285e-25,1.2455982548520246e-18,7.611967703822148e-37,1.556760371260738e-19,5.951718697799444e-51,6.536440182825957e-31,5.95171871730364e-51,-1.4517448762070322e-64,6.958215634669621e-45,6.2743756658266004e-31,7.061087886405597e-23,2.2392932662807963e-27,3.274040644244335e-42,1.558224384096862e-35,4.757839104914069e-39,4.253674054426813e-33,1.009433636281314e-26,1.7074394876147288e-47,1.3871820973827458e-54
0.005347244000266954,1.0008842087618669e-10,0.00017699999990959366,3.647880964285509e-33,7.758297826022465e-27,3.5719529484463085e-38,1.7972901903005223e-29,7.467436304612499e-44,2.783171091851125e-34,-1.204931374190578e-75,-4.743691073944605e-62,-1.157650986329561e-70,1.64221590948779e-48,6.524505735334856e-39,-7.528209674582596e-56,6.696733328484916e-44,1.1148739494542384e-43,3.195308901742952e-90,-5.750754291933637e-74,-7.36748429118785e-68,-5.3202771892596155e-80,-3.861488796242903e-90,-4.1841578831437725e-76,4.9935741738159234e-21,2.6017967440021523e-16,4.222637258053491e-23,1.7252121499317362e-15,-8.341269114574773e-61,-9.92569951624895e-60,9.768203604450947e-29,5.81852341318232e-20,-3.176451988366831e-80,-2.2408041646095657e-79,-4.53280298962271e-57,-4.8347888597331025e-52,-9.925699636592366e-60,-1.0004892504781861e-53,3.299411327749437e-38,8.808180348267337e-37,4.468723207939567e-31,9.63595247027397e-18,3.389857088023631e-08,4.3189522972559426e-26,1.562935568191903e-21,7.77640283852694e-25,2.4510955601700638e-20,6.167694827729093e-41,1.064248544147895e-36,3.597937566961244e-29,0.00018232737762181802,0.49999999883039387,1.5797835573987006e-09,0.2499999982462027,1.547889234278474e-09,3.9160585696648955e-17,1.227908030358071e-38,1.5371467364837012e-37,4.369592725948988e-29,1.7259501560071092e-41,-7.551671811801381e-48,2.703119087686006e-39,3.3943773065383654e-46,-2.399948250868184e-48,1.2463357752844296e-27,7.284343757785808e-21,3.765771241888725e-27,1.5346668610063694e-18,0.0,4.8325695905541406e-48,-2.300696310547685e-60,6.786728660001613e-14,4.642744055009987e-26,1.779081675900337e-28,-2.390485243872529e-72,1.6443665398379477e-23,1.429070967144175e-12,2.099319784681932e-30,2.0106381079477258e-24,2.542967246532156e-29,7.309947344911148e-32,3.682652697104172e-23,4.133984810706525e-44,-8.087357072870429e-61,5.6191871913230975e-42,2.708964172808091e-32,0.10000000115471347,3.354009253463622e-10,1.6966106033665344e-15,8.430223570064627e-33,4.810727305356793e-56,-7.293492965603609e-42,1.6010835267851134e-30,-1.326836601365551e-41,3.874805213998613e-25,-4.6861031560158187e-60,3.876610873870576e-24,1.2953090941051604e-23,-1.5524955349393494e-53,1.5382610781834224e-37,-2.1634064020628438e-40,2.255998246125853e-06,1.7538741462449074e-12,6.179999913898479e-05,8.609870409647649e-13,2.4132411657129714e-35,1.275605496792422e-25,1.7411678068428503e-30,-5.591607251819093e-63,2.0779809214338746e-28,2.824218953977077e-17,-2.0407155643223246e-33,4.365724562500121e-22,-7.527625586633305e-79,-4.908453690386129e-37,6.148503096459858e-28,-5.125759871490974e-36,1.2077116114756666e-26,1.253958345701753e-24,-3.9242544230958215e-53,1.3466530984248876e-33,6.317417162499365e-27,0.0003339999880446244,1.1954931078554186e-11,6.911040694157728e-22,5.406487825780244e-24,-1.554381072174079e-55,1.1425020632440533e-34,2.2824083586999974e-41,2.469959577056641e-51,2.530519870945889e-42,-3.1322828637069192e-55,3.8992521911835486e-17,4.0558132899052565e-16,1.0336365343891558e-15,3.509999998964829e-06,1.3149040828381457e-43,4.801981547376973e-37,2.224791090484817e-15,1.7799999977731827e-06,2.222362900220276e-37,3.569763932514372e-31,-2.995922843848036e-62,3.529935064536678e-48,0.0,0.0,5.686596817548786e-25,1.8011912792569444e-18,2.3018576305926943e-36,2.2512006640847524e-19,1.6567215477401577e-50,1.3668478165221887e-30,1.6567215161046356e-50,-2.649209415816878e-62,2.1041647419082112e-44,1.3148308991465473e-30,1.021164592724568e-22,4.682739695202473e-27,9.897812738392991e-42,4.7120684066480547e-35,1.4387674908001059e-38,1.2855452371399278e-32,2.1108833824088403e-26,4.753656712075287e-47,-2.239385296727644e-53
0.007732564892420054,1.0012786405912196e-10,0.00017699999986926478,5.318835601248405e-33,1.1255335336866704e-26,7.517322064993253e-38,3.7594424560434403e-29,3.895302905623787e-43,8.430795045209185e-34,-3.5321314682389646e-75,-1.6132733464932516e-61,-3.870084455304965e-70,5.61424501991176e-48,1.9735462695391823e-38,-1.19849731848458e-55,3.5030226394977432e-43,3.3730835409696086e-43,1.5841043543112806e-89,-2.0833431521008496e-73,-1.3650571294073315e-67,-1.6301077940025452e-79,-1.1192755377663057e-89,-1.3991148591216288e-75,1.0388109117668012e-20,3.7623094726418155e-16,6.115445458023314e-23,2.494756110762663e-15,-2.836762752801953e-60,-2.7902742779616e-59,2.9538771273310543e-28,1.2167282272461727e-19,-6.804198415846228e-80,-6.638724369571537e-79,-1.3763830873976944e-56,-1.420276728630921e-51,-2.790274261650152e-59,-1.6559783850145093e-53,1.7140309723191561e-37,4.57564747321373e-36,1.3513203566462788e-30,1.703943822094419e-17,3.3897933391970596e-08,8.967281002064342e-26,2.2602510101044126e-21,1.6247182819823383e-24,3.544582085716437e-20,1.995837023121156e-40,2.28125463468093e-36,5.316093536459687e-29,0.00018232892893357952,0.49999999830867176,2.2845291587104053e-09,0.24999999746384444,2.238303926176687e-09,8.188958845441186e-17,6.378860758968246e-38,7.985307913140334e-37,1.3213444004674374e-28,8.965883572005722e-41,-1.206090339801603e-47,1.4042427234447812e-38,1.7802886302004846e-45,-3.833064093571641e-48,2.6092665725556118e-27,2.2027277033704257e-20,7.874799105211555e-27,2.2192440752801983e-18,0.0,2.510503122087422e-47,-3.6741350726427315e-60,1.4191816425155383e-13,2.411703401516259e-25,3.7203205617134083e-28,-8.103104963962073e-72,4.9724784808887173e-23,2.0665091003293e-12,6.340417040183939e-30,4.20448656306951e-24,7.689797824122816e-29,1.65698439751524e-31,7.700953825518007e-23,2.147528904102977e-43,-2.428802312998952e-60,1.7022665756611633e-41,5.686609290346849e-32,0.10000000100509457,4.850179675712693e-10,3.5477308297084067e-15,1.7680910301865828e-32,2.5216280428553477e-55,-1.8979961481012444e-41,8.316980766867328e-30,-2.118586835920434e-41,8.102892940158855e-25,-1.2202027575186145e-59,8.106612428164126e-24,2.708671432515572e-23,-2.4795703175999477e-53,4.651671907056648e-37,-3.454124769686894e-40,2.2559974637505897e-06,2.5362494094657003e-12,6.179999875488962e-05,1.2450513921868017e-12,1.2792411320554747e-34,3.8571401231370846e-25,9.043372035646651e-30,-1.0134287448256594e-62,1.0794855180343388e-27,5.905765146035901e-17,-3.259141449326667e-33,1.3201678362278283e-21,-3.005990393060537e-78,-7.839693752296826e-37,3.1939560185339373e-27,-8.185137725999364e-36,2.5255149275841523e-26,3.791888484282e-24,2.2316683930000414e-52,4.072267735898589e-33,1.321069104801914e-26,0.0003339999827116492,1.7287446288352846e-11,9.994194909271447e-22,1.6348821612307425e-23,-2.482630419185117e-55,3.454898487099523e-34,7.385754741560042e-41,1.3251769881244868e-50,7.674020212338081e-42,-9.203403967108794e-55,5.638642782863752e-17,8.481153451360495e-16,1.4947275933302102e-15,3.5099999985030533e-06,6.708426646408422e-43,1.4521105289713592e-36,3.217215873088267e-15,1.779999996779854e-06,4.6504819279303945e-37,1.0685235995733594e-30,-9.007104598991672e-62,1.0717162153335977e-47,0.0,0.0,1.1891610630332561e-24,2.6045724894875078e-18,6.960692669875512e-36,3.2554133803111884e-19,8.606319039133485e-50,2.858217978123663e-30,8.606318988613131e-50,-7.956454219893214e-62,6.362839420216095e-44,2.7578642520639084e-30,1.476840198997937e-22,9.792417167656413e-27,3.0002778944794937e-41,1.4249020708724627e-34,4.350809644272714e-38,3.885865865324527e-32,4.4141837659811064e-26,2.466567489896789e-46,-3.570616462049173e-53
0.011181939670698044,1.0018490225416472e-10,0.00017699999981094584,7.821749717910902e-33,1.6381757704834793e-26,1.5993584242853918e-37,7.864921246795279e-29,2.1885287404534265e-42,2.5584565558894617e-33,2.1390885197859062e-75,-9.482267999177246e-62,-1.7686048575418392e-70,2.624342953381087e-47,5.972720054891295e-38,1.1718568645997764e-54,1.9736649548073287e-42,1.0211386893083826e-42,4.681862497229695e-89,-2.2038564966950604e-73,9.591382777307481e-67,4.994695186813889e-80,8.083493010048373e-90,-6.418743922708728e-76,2.1644960969332692e-20,5.44039115007607e-16,8.870051606284276e-23,3.607531404438531e-15,-1.6673182833097448e-60,3.0404512251041965e-59,8.932377924484844e-28,2.544318936208308e-19,2.5906671094570158e-79,3.4103705705476064e-79,4.4134028080809106e-57,9.710045854052615e-52,3.0404516683198593e-59,1.4947024236989815e-52,9.5770052859031e-37,2.5564915797488805e-35,4.0862710006349554e-30,3.1133693671848734e-17,3.38970115514886e-08,1.8660432489539126e-25,3.2687528842069434e-21,3.395649667801783e-24,5.125955564795122e-20,6.8498070082136305e-40,4.941488540037948e-36,8.027262496835574e-29,0.00018233117226065812,0.49999999755424024,3.3036824380954407e-09,0.24999999633246991,3.2366207373146317e-09,1.7123983221116423e-16,3.564086428126224e-37,4.461651281842134e-36,3.995630235547713e-28,5.009369529343293e-40,1.1706353155820018e-46,7.845975485269707e-38,1.0062103634672335e-44,3.7202370071788075e-47,5.474963342663872e-27,6.660710658130052e-20,1.646737292765236e-26,3.2091857516373246e-18,0.0,1.4027244548671832e-46,3.5668248962922997e-59,2.96763976717e-13,1.3473945846063145e-24,7.779714306229795e-28,-4.515182969657184e-72,1.503642310848066e-22,2.988246137726058e-12,1.9156577462335327e-29,8.792015041544919e-24,2.3253178793140827e-28,3.8584533615761576e-31,1.6103740533791225e-22,1.1998733940609465e-42,1.1789608344946317e-60,5.186894861407151e-41,1.1963613422840103e-31,0.10000000078873186,7.013768029964369e-10,7.418409886575137e-15,3.727274783758549e-32,1.427023375432392e-54,3.5108279003617585e-41,4.646647238339878e-29,2.0573387264569e-40,1.694461474334266e-24,2.249921540998827e-59,1.6952222206259993e-23,5.664196329687347e-23,2.406571047833864e-52,1.4066510038606988e-36,3.3547192005213196e-39,2.255996332370355e-06,3.667629644118607e-12,6.179999819944489e-05,1.8004316734820371e-12,8.485590813085356e-34,1.166296562076628e-24,5.051981318096478e-29,7.5172317301503375e-62,6.0314452758392695e-27,1.2349512622177697e-16,3.1635846475008535e-32,3.992030396897991e-21,-5.148928370952636e-78,7.608545249654391e-36,1.7844831408311752e-26,7.947128511929006e-35,5.281246584959455e-26,1.1466199842733335e-23,2.835210551467438e-51,1.2314499996819063e-32,2.762555409147395e-26,0.0003339999749998586,2.499828628708688e-11,1.4452966423563103e-21,4.9436770089757566e-23,2.4094630174172364e-54,1.0447469314151816e-33,2.534820915670657e-40,7.699742120069198e-50,2.335442771859931e-41,6.271253787426009e-55,8.153943533821195e-17,1.7734843048956556e-15,2.161506436399623e-15,3.5099999978352848e-06,3.704642340686388e-42,4.391140079376329e-36,4.652324579892966e-15,1.7799999953434386e-06,9.734483118631508e-37,3.2083058562750275e-30,4.284119301587025e-62,3.2993662828158862e-47,0.0,0.0,2.4867344682052146e-24,3.766218377466762e-18,2.1048422558213249e-35,4.707576113489451e-19,4.8085169129848255e-49,5.976751451348e-30,4.808516962030658e-49,3.859161095802543e-62,1.924032602200132e-43,5.792364704451814e-30,2.1359494040584085e-22,2.0477692684095286e-26,9.11690273647044e-41,4.308746646104452e-34,1.3156739168307641e-37,1.1747386312742522e-31,9.23073201720001e-26,1.377123509467901e-45,3.478709752721446e-52
0.016170025927839105,1.0026738435328765e-10,0.0001769999997266117,1.1700989289324692e-32,2.4000724986137478e-26,3.453994462998846e-37,1.6457357262916448e-28,1.0114460565234387e-41,7.767883689508415e-33,3.824141226832565e-74,1.2271476201074905e-60,3.247800458054317e-69,1.1517763411532225e-46,1.8078827022743151e-37,9.474309316828013e-54,9.133214303209035e-42,3.09183851950268e-42,9.422689730087778e-89,5.812654954949562e-73,8.198544806353244e-66,2.31004060102744e-78,1.6754137041510102e-88,1.1713716719178515e-74,4.515059908706638e-20,7.866793002979732e-16,1.2905015044206999e-22,5.216593492490814e-15,2.1578314558339538e-59,5.457044121736646e-58,2.701101439827212e-27,5.320413949451257e-19,3.567019689062688e-79,6.925288777512981e-78,1.804137123073666e-55,2.4074020066802733e-50,5.457044372027675e-58,1.2232407407856656e-51,4.414224076851361e-36,1.17831057653182e-34,1.2356467159962138e-29,5.860062188049006e-17,3.3895678536906813e-08,3.8893903469071432e-25,4.7273929333344354e-21,7.098720202451408e-24,7.412963627488224e-20,2.353673387997009e-39,1.0855704619561244e-35,1.2630275555095e-28,0.00018233441629980388,0.4999999964633158,4.777530400090338e-09,0.24999999469636813,4.6801016223684855e-09,3.58076627737742e-16,1.6427444870289452e-36,2.0564438846113838e-35,1.2082391939444389e-27,2.308859993069769e-39,9.475372887670331e-46,3.616334337318883e-37,4.663226136526952e-44,3.011255591003055e-46,1.1524977799360031e-26,2.0140828564200574e-19,3.4435637705480596e-26,4.6406942167986075e-18,0.0,6.465427947011449e-46,2.8869779861065555e-58,6.205519700133113e-13,6.21012258270723e-24,1.626841394855924e-27,6.325374131305398e-71,4.546904064055052e-22,4.32104641548988e-12,5.789369650238023e-29,1.838478948685655e-23,7.0314977531899015e-28,9.269315775557236e-31,3.3674939547304523e-22,5.5303553596987215e-42,3.801579058812302e-59,1.5835666870985184e-40,2.5248579174303775e-31,0.10000000047585067,1.0142498882368602e-09,1.5511684181002606e-14,7.914173709117999e-32,6.617232632863241e-54,4.6647867558129986e-40,2.1416404870014405e-28,1.665122087239716e-39,3.54344162576181e-24,2.9939288142590756e-58,3.5449809006767484e-23,1.184455136181263e-22,1.9479435525215908e-51,4.253663753464157e-36,2.7151088480526203e-38,2.255994696299826e-06,5.303700173008497e-12,6.179999739620253e-05,2.6035392835799035e-12,4.2512166911188585e-33,3.526578913623742e-24,2.3283636234752574e-28,6.369568998749135e-61,2.779989047757618e-26,2.582363910185658e-16,2.560643535556227e-31,1.207136122620186e-20,-2.3654478903264075e-77,6.158597833318819e-35,8.22477222125466e-26,6.432251704366322e-34,1.1043905270213832e-25,3.467217350359022e-23,1.4679660214860297e-50,3.723893105944745e-32,5.776911427857974e-26,0.00033399996384825384,3.614791953193609e-11,2.0901292053682836e-21,1.4948987941072897e-22,1.9502928281541624e-53,3.1592661773508254e-33,8.70992537532378e-40,3.613788895936236e-49,7.114654870905055e-41,1.5585690233993244e-53,1.1791270841665507e-16,3.7084567101660025e-15,3.1257297056748863e-15,3.5099999968696295e-06,1.699386614491879e-41,1.3278666602805987e-35,6.727568522614801e-15,1.7799999932663048e-06,2.0385353837384657e-36,9.654083364407944e-30,1.4031292960462218e-60,1.0202646678455722e-46,0.0,0.0,5.200185752298575e-24,5.445824094807975e-18,6.364799188770385e-35,6.807497677185626e-19,2.2162944940971855e-48,1.2497620430886288e-29,2.216294533794618e-48,1.2451301665164698e-60,5.8179655408173546e-43,1.2189058173294117e-29,3.0894195436764226e-22,4.2822686215784454e-26,2.7721768523415636e-40,1.3029111238314463e-33,3.9785615956702305e-37,3.551666508062788e-31,1.93028416568549e-25,6.345458924637834e-45,2.8140807406928816e-51
0.023383218494029506,1.0038666055378893e-10,0.00017699999960465738,1.8092753584388804e-32,3.56317981343417e-26,7.67800850049005e-37,3.444912475389362e-28,4.4306855593221274e-41,2.3612504730932098e-32,9.258154895612238e-73,1.8598737489077477e-59,4.815605958913756e-68,5.373795292863585e-46,5.475105508373975e-37,5.982444605854141e-53,4.005765586237361e-41,9.365669768089026e-42,1.3291267723950222e-87,2.1257420650570694e-71,5.437951785067249e-65,2.315415520891868e-77,2.432554714590844e-87,1.7400947220530195e-73,9.42564748366363e-20,1.1375061007514144e-15,1.8893379444944774e-22,7.543213884837898e-15,3.27039300179716e-58,5.0308421116715036e-57,8.167942734770501e-27,1.1125342176016248e-18,5.37509531084325e-77,1.6671408393236667e-76,2.4668742101053145e-54,2.240445820871191e-49,5.0308423888514055e-57,7.801545861045217e-51,1.9280627359735589e-35,5.146559356678876e-34,3.7364356815592527e-29,1.1313751636291105e-16,3.3893750978352414e-08,8.116150407468949e-25,6.837255806129272e-21,1.4843346398114457e-23,1.0720606489659555e-19,8.231997123364697e-39,2.4306152098771317e-35,2.134465556359749e-28,0.0001823391074521426,0.4999999948858456,6.908977729242207e-09,0.24999999233034587,6.767142599455699e-09,7.487555172531672e-16,7.175197302548247e-36,8.982146212576556e-35,3.653564047979137e-27,1.0084489072632754e-38,5.985700349383867e-45,1.5795458440774107e-36,2.048326928776731e-43,1.90226802449812e-45,2.442717335492266e-26,6.090137523209566e-19,7.2009608857765e-26,6.710712122542639e-18,0.0,2.823997649235585e-45,1.8236857466881656e-57,1.2975859661314332e-12,2.712357824070991e-23,3.4019215332490676e-27,9.430865802162761e-70,1.3749443817631136e-21,6.248159753182392e-12,1.749931306618874e-28,3.844336186182151e-23,2.126223489358976e-27,2.3064736811378456e-30,7.041800637677723e-22,2.4155305515868496e-41,3.577166015262323e-58,4.866458219018947e-40,5.355645575292706e-31,0.10000000002339293,1.4666907006991114e-09,3.243319090767117e-14,1.7047400460110983e-31,2.914005248160613e-53,4.169682067200413e-39,9.353947381948626e-28,1.051827113192938e-38,7.410060172129769e-24,2.677403660163715e-57,7.413123178286092e-23,2.4768308044970155e-22,1.2305471699803864e-50,1.286289746223495e-35,1.7150609862130175e-37,2.2559923304052163e-06,7.66959478260014e-12,6.179999623459933e-05,3.764860706995926e-12,2.056857109031624e-32,1.0663345892985262e-23,1.0169212290410208e-27,4.1739813710365524e-60,1.2142474275480295e-25,5.399783689324018e-16,1.617560163042398e-30,3.6501717836421914e-20,8.295220248921475e-77,3.890546193588563e-34,3.592336119573632e-25,4.0631457913697316e-33,2.3094496950986514e-25,1.0484241903521009e-22,1.5138351668612117e-49,1.126101518415254e-31,1.208034495710056e-25,0.0003339999477227085,5.2269365867864715e-11,3.022729877944132e-21,4.520311932959361e-22,1.2320472150736985e-52,9.553438123925087e-33,3.046301823198264e-39,1.6130929254306084e-48,2.173260147400159e-40,1.4510331248485545e-52,1.70511329068316e-16,7.75442475569421e-15,4.520088041541655e-15,3.5099999954732012e-06,7.401826888225688e-41,4.015416582709004e-35,9.728453845732861e-15,1.7799999902626874e-06,4.2716786156176677e-36,2.909427193113447e-29,1.324083501567381e-59,3.2033407508901283e-46,0.0,0.0,1.0874500707562467e-23,7.874190243059358e-18,1.9246214057644986e-34,9.844102504740324e-19,9.680228781267814e-48,2.6132340601349227e-29,9.680229032033302e-48,1.1717401351013902e-59,1.7592332954563615e-42,2.57200046918942e-29,4.468934247107618e-22,8.955077574035234e-26,8.442562003036857e-40,3.9397956267639214e-33,1.2031036987786631e-36,1.0738611377303225e-30,4.0365045369392758e-25,2.7710901597808276e-44,1.777239600808737e-50
0.0338141020663529,1.0055914427758554e-10,0.00017699999942830103,2.9695844796356436e-32,5.428803739826769e-26,1.806222849469008e-36,7.215323631878348e-28,1.951280597268208e-40,7.195235629464151e-32,1.9285764542153452e-71,2.6704666209548683e-58,6.886247045887092e-67,2.857233517786452e-45,1.6602773870770344e-36,3.827378102085494e-52,1.767189616752482e-40,2.8397529758825573e-41,2.3858704806926455e-86,4.8949996137961225e-70,3.836849553004959e-64,2.4493042656087953e-76,3.671541661482251e-86,2.494001323101235e-72,1.9687910856582843e-19,1.6447238632766919e-15,2.8011938066030165e-22,1.0907245258446662e-14,4.695699352011043e-57,4.808765246800805e-56,2.4699055842956945e-26,2.32633776513812e-18,1.645402561200307e-75,3.475994565454619e-75,3.448572510450361e-53,2.118192168585059e-48,4.808765612815733e-56,5.098418320587734e-50,8.453390714272898e-35,2.256381386111598e-33,1.129828699515736e-28,2.229898310988472e-16,3.3890963760341805e-08,1.6951335666131397e-24,9.889437645439333e-21,3.104368861340234e-23,1.5504649228217786e-19,2.991300812694018e-38,5.582756103518452e-35,4.015822795204117e-28,0.0001823458912505276,0.49999999260489686,9.99152083886773e-09,0.24999998890870836,9.78443965587593e-09,1.565646817568455e-15,3.1458588419665703e-35,3.938081059585185e-34,1.1047721411548252e-26,4.4212806198196695e-38,3.830360037844496e-44,6.925280470344206e-36,9.055788349462665e-43,1.2173218839649882e-44,5.259433159872191e-26,1.841461153754881e-18,1.5058115470720579e-25,9.703998783556153e-18,0.0,1.2381535664491696e-44,1.1669602880125693e-56,2.7131956627040322e-12,1.1891236501985245e-22,7.113769220247985e-27,1.348616232897845e-68,4.157669535315938e-21,9.034451017391888e-12,5.29004801228696e-28,8.038465521445194e-23,6.4292586847061e-27,5.961584851526567e-30,1.4725025558154074e-21,1.0590378063980259e-40,3.3922127138054235e-57,1.5211448309638648e-39,1.1458626827876322e-30,0.09999999936909006,2.120958190872084e-09,6.781023312377274e-14,3.783122500544605e-31,1.2998708237002459e-52,3.9029054632889605e-38,4.100881845434678e-27,6.730382077048037e-38,1.5496097064093048e-23,2.5079797197863776e-56,1.550203134397494e-22,5.179289393612735e-22,7.874583857782365e-50,3.889664274950163e-35,1.0974031653595104e-36,2.2559889091247366e-06,1.1090875262469901e-11,6.17999945547248e-05,5.4441460552428615e-12,1.0530309020520437e-31,3.2241830426022124e-23,4.458192551168843e-27,2.8542664226230017e-59,5.323697599447323e-25,1.1290747443176518e-15,1.0350781214225984e-29,1.1037213076327416e-19,1.1678340918190734e-74,2.4897276662738147e-33,1.574948456815952e-24,2.5999040153003314e-32,4.829406910724398e-25,3.170162762877602e-22,1.9666306121356192e-48,3.4053182652703254e-31,2.5261631440711684e-25,0.0003339999244050959,7.557844147545915e-11,4.371596770564422e-21,1.3668293378905531e-21,7.88439331760508e-52,2.8888821524471314e-32,1.1069490938615762e-38,7.347566365858593e-48,6.679165219034653e-40,1.3722302241871906e-51,2.4657295892509363e-16,1.6214077081893556e-14,6.536469160575037e-15,3.5099999934538264e-06,3.238943059731035e-40,1.2142402794710075e-34,1.406779403989353e-14,1.7799999859193973e-06,8.959336290761892e-36,8.777444510971157e-29,1.2606406796897539e-58,1.0450695713891504e-45,0.0,0.0,2.274056642313422e-23,1.1384797935835182e-17,5.819646740941993e-34,1.423516633408084e-18,4.2440701090682516e-47,5.46403106584775e-29,4.2440702695300837e-47,1.1112979907666146e-58,5.319399280825977e-42,5.448243775030578e-29,6.465326838761901e-22,1.8727012416001806e-25,2.579342736103034e-39,1.1913037647589017e-32,3.6381308031261395e-36,3.2469800463059536e-30,8.440891720750184e-25,1.21479999428284e-43,1.137066482306559e-49
0.048898037660883895,1.0080857088425526e-10,0.0001769999991732746,5.361338758837918e-32,8.678281390808976e-26,4.659959390975456e-36,1.5127921369988736e-27,8.59673291508944e-40,2.2001592152881545e-31,3.942203100487784e-70,3.660380823415106e-57,9.440342181439429e-66,1.649469349149862e-44,5.047148821962518e-36,2.4318814850843007e-51,7.804492514412588e-40,8.623677308383086e-41,6.852397969999449e-85,1.0230388836319345e-68,2.9133635152349864e-63,2.766047977932947e-75,5.91827635784957e-85,3.431833530582612e-71,4.11396847318834e-19,2.3779790778801097e-15,4.257485576138467e-22,1.5770961110378307e-14,6.436283123747092e-56,4.6160243532704995e-55,7.468652518628685e-26,4.86429366559407e-18,5.2030447163585865e-74,7.106912391805805e-74,4.7119264386005485e-52,1.9652849461177103e-47,4.616024861611072e-55,3.390173711674491e-49,3.7000557598473824e-34,9.875733901433265e-33,3.416302875706977e-28,4.466505685656779e-16,3.388693361394056e-08,3.542998601227792e-24,1.4305537309395616e-20,6.493995416971735e-23,2.2424685004444185e-19,1.1290872940223027e-37,1.3258981868850443e-34,8.612506100753208e-28,0.0001823557011882343,0.4999999893068832,1.4449745702212371e-08,0.24999998396037673,1.4146158469061538e-08,3.2736532281013436e-15,1.3769248954659764e-34,1.7236712899910407e-33,3.340548431388587e-26,1.9350984023150736e-37,2.4339220039193855e-43,3.031154166703623e-35,4.0108934540245154e-42,7.735454901528323e-44,1.1706817617449618e-25,5.5677281173564736e-18,3.148818904103006e-25,1.403226415523824e-17,0.0,5.419415069821983e-44,7.4147598095460885e-56,5.6729281244639234e-12,5.204292120554767e-22,1.487544781362956e-26,1.8533772016767736e-67,1.2572113475596471e-20,1.3062665743080297e-11,1.5992922349586267e-27,1.6807734458676718e-22,1.9440175870188022e-26,1.6017638024605396e-29,3.079085736513211e-21,4.635250725322218e-40,3.1497589333080117e-56,4.9092350494744605e-39,2.4874579760000246e-30,0.09999999842289026,3.0670840380927696e-09,1.4176349334969158e-13,8.862777764084625e-31,5.8905536678656386e-52,3.616211878118501e-37,1.7947964652990127e-26,4.276273862484514e-37,3.2406258993249705e-23,2.3264703350969213e-55,3.2417245968115294e-22,1.0830245454072238e-21,5.003817103331145e-49,1.176202654060072e-34,6.972357412213573e-36,2.255983961669922e-06,1.6038330077282676e-11,6.179999212527885e-05,7.87236008686098e-12,5.617927275108241e-31,9.748218704528141e-23,1.9511278902455242e-26,2.0300610385035742e-58,2.330160340952905e-24,2.3607544674181308e-15,6.576922819821124e-29,3.337261665189694e-19,6.265696075755353e-73,1.5821341027504133e-32,6.893097221014781e-24,1.6518918176178994e-31,1.0098999984469106e-24,9.585396726690057e-22,2.657042800973235e-47,1.0297638169241303e-30,5.282520441744217e-25,0.0003339998906885483,1.0927718814801663e-10,6.322690061796212e-21,4.132806404065064e-21,5.010261719862381e-51,8.735651016035711e-32,4.1782603924617645e-38,3.4322218187529607e-47,2.0732401366513246e-39,1.2734272978276043e-50,3.5656364541543176e-16,3.390119704164082e-14,9.452371152252153e-15,3.509999990533595e-06,1.4158289128523865e-39,3.6717720038885e-34,2.034244254014829e-14,1.7799999796390393e-06,1.8815920432202356e-35,2.6500567818221264e-28,1.1772742390435645e-57,3.644613718521397e-45,0.0,0.0,4.755491113464468e-23,1.645931214529987e-17,1.7596850272718258e-33,2.0584758382256152e-18,1.8575539548063196e-46,1.1424170783435827e-28,1.8575540567614393e-46,1.0320523582438714e-57,1.6083604111915515e-41,1.160418390028841e-28,9.355410462825677e-22,3.916273302847772e-25,7.914680462258589e-39,3.602112214051498e-32,1.1001480652634194e-35,9.817931345429821e-30,1.7651000115335418e-24,5.316714460025998e-43,7.224115397193846e-49
0.07071067811865467,1.0116926405697336e-10,0.00017699999880448436,1.0985369834914016e-31,1.5037524586147308e-25,1.3652789077921833e-35,3.177569793063073e-27,3.795661467474865e-39,6.762053774274568e-31,7.579106530628702e-69,4.856701097702084e-56,1.2530437487108987e-64,1.0007081686311496e-43,1.5418114316209748e-35,1.5389827854775287e-50,3.45773286128252e-39,2.625681135698535e-40,1.8924381525233688e-83,1.9992112164928944e-67,2.4597094951919544e-62,3.440469720526218e-74,1.0193370916113158e-83,4.581487938681128e-70,8.599054147152699e-19,3.4378588414835953e-15,6.777414751503177e-22,2.2802303477973893e-14,8.539739524672866e-55,4.53792485343716e-54,2.2583737191128024e-25,1.0170654484112182e-17,1.4695704694004975e-72,1.3665765142696348e-72,6.249899546504306e-51,1.799716864529065e-46,4.53792556430321e-54,2.3567307065313104e-48,1.6181723125130534e-33,4.31873450853726e-32,1.0329605541677208e-27,9.056171354747868e-16,3.388110653076273e-08,7.410054485373126e-24,2.0696578186641773e-20,1.358840582326445e-22,3.243562339245386e-19,4.429771228559801e-37,3.2898328935443802e-34,2.0928256335487443e-27,0.0001823698871718344,0.4999999845385776,2.089798511998617e-08,0.2499999768039289,2.0450338040953507e-08,6.8446306058291015e-15,6.0216803453709685e-34,7.538069463581413e-33,1.0100596247566067e-25,8.462282518583345e-37,1.5401238562809063e-42,1.3256074925787047e-34,1.7837351767892966e-41,4.895013885987293e-43,2.7872960500017776e-25,1.68331164727381e-17,6.584461262192409e-25,2.029071660676184e-17,0.0,2.370116744347138e-43,4.691488153615134e-55,1.1860588950537282e-11,2.2757098028517736e-21,3.110518586789093e-26,2.476990384913303e-66,3.801517858686682e-20,1.88857189515142e-11,4.835152803002015e-27,3.514167027255455e-22,5.877885209051485e-26,4.4708014313297266e-29,6.438399959535248e-21,2.0270637651028466e-39,2.885508442080698e-55,1.6780333997454617e-38,5.5341408891293016e-30,0.09999999705455809,4.435261621597863e-09,2.9633364068143775e-13,2.268552019412899e-30,2.7567616035574675e-51,3.311586720365459e-36,7.848292115636143e-26,2.70555279046333e-36,6.777103021789011e-23,2.13414053807162e-54,6.778971099080158e-22,2.2646343577747673e-21,3.1663578615793756e-48,3.5567017952858245e-34,4.4111579808788295e-35,2.255976807243713e-06,2.3192756286843147e-11,6.179998861166497e-05,1.138339828356324e-11,3.1081004818066504e-30,2.9471342554814995e-22,8.5316480685147e-26,1.5398666163789392e-57,1.0190498939905846e-23,4.935744010848326e-15,4.1614709420186815e-28,1.0090181220666798e-18,2.5547546647287288e-71,1.001214324887908e-31,3.014316673417555e-23,1.0451286754070733e-30,2.1118451531669098e-24,2.8981140769473263e-21,3.518458806594422e-46,3.1139898642618885e-30,1.1046322057091899e-24,0.00033399984193719105,1.5799139845514177e-10,9.145218865126509e-21,1.2495506616775468e-20,3.1706335714973e-50,2.641520285178417e-31,1.6392698878391975e-37,1.6750029424382788e-46,6.544834929883149e-39,1.1663339844282348e-49,5.156177388764773e-16,7.08776213854268e-14,1.3669105331964734e-14,3.5099999863106006e-06,6.186585899079622e-39,1.1103055170156287e-33,2.941527045212418e-14,1.7799999705579588e-06,3.9591264482183313e-35,8.005246187143589e-28,1.0872877130462773e-56,1.4103563015049986e-44,0.0,0.0,9.94472026208914e-23,2.379305582583526e-17,5.320524511274434e-33,2.9766267888235873e-18,8.12328069107554e-46,2.3883748633854797e-28,8.123281336158667e-46,9.457002390993261e-57,4.862701118083061e-41,2.490446679241452e-28,1.3541260586991662e-21,8.190024692810812e-25,2.4434948336791925e-38,1.0891095432975367e-31,3.326752333347155e-35,2.968682113006944e-29,3.691029970806104e-24,2.3250502638863354e-42,4.570585496230559e-48
0.1022535921518125,1.0169085947381723e-10,0.00017699999827118133,2.5714262072200626e-31,2.923771883555774e-25,4.599962308393697e-35,6.696693610420575e-27,1.6832219912522097e-38,2.0940528634689792e-30,1.4555521092077433e-67,6.434665680548208e-55,1.6604768882787313e-63,6.264465788232695e-43,4.755797962961043e-35,9.737513399034132e-50,1.5410161458943e-38,8.031497631717752e-40,5.29106441243481e-82,3.9235408539248156e-66,2.3749933975915574e-61,4.914943421298101e-73,2.0125296197383496e-82,6.130340148596454e-69,1.79780173938319e-18,4.969553999065171e-15,1.1668478655060542e-21,3.296603499173772e-14,1.1314129066104018e-53,4.811518566816315e-53,6.828687811144902e-25,2.1264350862136394e-17,4.1777235311377205e-71,2.6247272139114615e-71,8.280324565806262e-50,1.6466102300331907e-45,4.811519624524884e-53,1.8031034945661428e-47,7.07613478975264e-33,1.8883626033078445e-31,3.12311029196497e-27,1.852795570696682e-15,3.387268185044966e-08,1.5508281137601557e-23,2.9948981280871486e-20,2.844327933984353e-22,4.692060157420831e-19,1.805912103517413e-36,8.649673707282647e-34,5.587088752168639e-27,0.00018239040127298917,0.49999997764508614,3.022533828784382e-08,0.2499999664535487,2.9559956012937158e-08,1.4309887444064902e-14,2.6331521123632804e-33,3.2962173682016303e-32,3.0538893369713394e-25,3.700093627566531e-36,9.74211692784682e-42,5.796588169958836e-34,7.987376560816893e-41,3.096558396384143e-42,7.49937593960454e-25,5.088725619264213e-17,1.3768489719390483e-24,2.933974532551585e-17,0.0,1.0364354675194646e-42,2.9672970235547197e-54,2.4795102791185455e-11,9.94946269553828e-21,6.50406197527031e-26,3.3236706353132892e-65,1.1494544415166422e-19,2.730198675239334e-11,1.4618176014395357e-26,7.346874898784908e-22,1.7771142283963954e-25,1.2947493134868002e-28,1.3462332260109442e-20,8.863526823607231e-39,2.640909809268634e-54,6.291303058332004e-38,1.2825291145784183e-29,0.09999999507573522,6.4137615114978854e-09,6.193290097901689e-13,6.557049234842724e-30,1.3697239136094619e-50,3.030729797370108e-35,3.4313479479969457e-25,1.7110755776440866e-35,1.4173323092958071e-22,1.9580980640842733e-53,1.4175933891844137e-21,4.735281491134148e-21,2.0029565300983556e-47,1.0754887648733454e-33,2.789590498284727e-34,2.2559664613618697e-06,3.353863813023076e-11,6.179998352978382e-05,1.6459894636145054e-11,1.7760917412453984e-29,8.909000175566442e-22,3.729977756567164e-25,1.2882264794259922e-56,4.456121232212628e-23,1.0318495506378967e-14,2.6321375336891534e-27,3.0505319059059218e-18,1.0379477865942561e-69,6.333955900105136e-31,1.3179516077844026e-22,6.609665816386048e-30,4.416161771545193e-24,8.761677731162429e-21,4.6611574442111774e-45,9.416646084101805e-30,2.309880330657449e-24,0.00033399977145034824,2.284006841297577e-10,1.322909917629695e-20,3.777728574846131e-20,2.005845135136734e-49,7.987351351379133e-31,6.682942645744219e-37,8.775533573935989e-46,2.1261831836206537e-38,1.0672717720701433e-48,7.456199868912735e-16,1.481704973484477e-13,1.976705542492431e-14,3.5099999802035977e-06,2.70387779954892e-38,3.3573999522039725e-33,4.253358282776453e-14,1.779999957427722e-06,8.353302268533519e-35,2.419155954739026e-27,1.0070540225530136e-55,6.246500872950635e-44,0.0,0.0,2.079669149814053e-22,3.4389007433149976e-17,1.6085948571349904e-32,4.304238449208733e-18,3.551931070658738e-45,4.992654825225444e-28,3.551931478651197e-45,8.658421842830859e-56,1.4700537532268933e-40,5.400973243385145e-28,1.9608030657182804e-21,1.712807619061733e-24,7.608164760217563e-38,3.292731347751469e-31,1.0059692890806874e-34,8.976470854885623e-29,7.718304157686247e-24,1.0166783817817652e-41,2.8907115020476825e-47
0.14786730075483182,1.0244513605701047e-10,0.00017699999749997756,6.724946299369537e-31,6.487177392507134e-25,1.7497820630495156e-34,1.4201459006344812e-26,7.513480575979416e-38,6.557968844976503e-30,2.7810460118142436e-66,8.504949771856792e-54,2.194593658070798e-62,4.002778952141331e-42,1.494975948047355e-34,6.160321372546499e-49,6.928713770126096e-38,2.4773169921690192e-39,1.4703528561625445e-80,7.733300252282852e-65,2.591997817956653e-60,7.954653033308053e-72,4.521498108909292e-81,8.237425215184428e-68,3.7594224402731176e-18,7.18246605224018e-15,2.2501668028764553e-21,4.7654905992658985e-14,1.495392695314402e-52,5.8234166476199625e-52,2.0647201466617232e-24,4.4454724658770376e-17,1.1864797093193355e-69,5.015012132216239e-70,1.0942590350131574e-48,1.5047834791799688e-44,5.823418404451428e-52,1.613290466648711e-46,3.094041028202095e-32,8.255702613863996e-31,9.441837344076373e-27,3.815436932000617e-15,3.386050275907085e-08,3.2482214542425796e-23,4.3350486043128855e-20,5.95666440618587e-22,6.788445577269798e-19,7.641376055988644e-36,2.4593386531819346e-33,1.5819797549496268e-26,0.0001824200663372394,0.49999996768044525,4.3719025559524065e-08,0.24999995148278034,4.2719114872704144e-08,2.991419983657521e-14,1.151296072684571e-32,1.4411966482627227e-31,9.232650395953043e-25,1.617619684648587e-35,6.160309573960874e-41,2.5344424109669527e-33,3.610799435853326e-40,1.9582526294011238e-41,2.4170934338483718e-24,1.538129205515482e-16,2.87900854449982e-24,4.242285087542249e-17,0.0,4.53183376708445e-42,1.876082318549495e-53,5.182851122608175e-11,4.349122046505514e-20,1.3599433032444403e-25,4.480501555483929e-64,3.475410819198285e-19,3.9463510944860195e-11,4.419400530716313e-26,1.5358019085358876e-21,5.3724332987487125e-25,3.8864289651504703e-28,2.8147684669826024e-20,3.875165740727541e-38,2.4143587238884504e-53,2.668886999469776e-37,3.168758885803934e-29,0.09999999221398323,9.27483876843352e-09,1.294052460021711e-12,2.1630307744996368e-29,7.482927358304716e-50,2.770771685372543e-34,1.4999494749631319e-24,1.0816740458540453e-34,2.964265676151771e-22,1.7967497895987272e-52,2.9644211762880684e-21,9.900930677771407e-21,1.2666035246786272e-46,3.252028623758672e-33,1.763319826171557e-33,2.255951500389038e-06,4.849961096128744e-11,6.179997617907615e-05,2.3799345823166413e-11,1.0416257006295214e-28,2.692722295468601e-21,1.63040711669756e-24,1.2074103909582798e-55,1.9483767106724918e-22,2.1568756836962153e-14,1.6642012144608595e-26,9.221589249744184e-18,4.143855596474902e-68,4.005869832641352e-30,5.761580980811646e-22,4.178320311751276e-29,9.234811344489328e-24,2.6485643026461668e-20,6.160907809537033e-44,2.847570977270241e-29,4.830081115868248e-24,0.0003339996695449394,3.301441181948079e-10,1.9139472454096178e-20,1.1419877409866414e-19,1.268599339065925e-48,2.4151126873128412e-30,2.8277765651870672e-36,5.073959316888472e-45,7.240577342456032e-38,9.755014952197746e-48,1.078216404567212e-15,3.0970936869571354e-13,2.858561761493953e-14,3.509999971371946e-06,1.1819261171127702e-37,1.0152071854358362e-32,6.150008597513961e-14,1.779999938443995e-06,1.7693587256226573e-34,7.312786255157346e-27,9.36925769719187e-55,3.174589871266628e-43,0.0,0.0,4.3491301514608795e-22,4.9692303936332765e-17,4.8629462552852605e-32,6.2238426355440645e-18,1.5528847484423057e-44,1.0434943636293508e-27,1.5528850063788866e-44,7.919692471338625e-55,4.443581110502973e-40,1.1878260853124833e-27,2.8409664018940775e-21,3.582185410145256e-24,2.3964749907934616e-37,9.954014387196382e-31,3.0418768633953498e-34,2.7141912422286507e-28,1.6139518149933732e-23,4.445269631130487e-41,1.8275841773753407e-46
0.21382856261966862,1.0353589541841379e-10,0.0001769999963847464,1.901938437838425e-30,1.6199618922745273e-24,7.275048548099077e-34,3.0473010573330273e-26,3.387442175989361e-37,2.088351058945814e-29,5.324593215124239e-65,1.1254274692717552e-52,2.9030854264728508e-61,2.603416615557094e-41,4.87049537351004e-34,3.898823744843172e-48,3.15697637111357e-37,7.760768976201906e-39,4.1148458811391126e-79,1.5503848334611716e-63,3.1084096839906124e-59,1.4255954999441982e-70,1.1387822085022536e-79,1.1221197275853848e-66,7.862987290063471e-18,1.037824534187778e-14,4.9514210182111016e-21,6.887798367443038e-14,1.9787190492593738e-51,8.535953551884264e-51,6.242517844495831e-24,9.292436175904953e-17,3.4289862374819297e-68,9.601171772577964e-69,1.4474128171512044e-47,1.3755030685211753e-43,8.535957037296969e-51,1.764072711804344e-45,1.3528478511234744e-31,3.609011488773796e-30,2.854144410176242e-26,7.89397620495114e-15,3.384289851360864e-08,6.810210751507606e-23,6.277555761407601e-20,1.248317562513544e-21,9.82361308384816e-19,3.3536630980668334e-35,7.773526486864858e-33,4.628006378980216e-26,0.0001824629644066397,0.4999999532789391,6.324362268294449e-08,0.249999929827007,6.171888784035062e-08,6.252496300780926e-14,5.033645070621215e-32,6.301058213932055e-31,2.7909461657622003e-24,7.071385893944627e-35,3.895912244080201e-40,1.1080934927289124e-32,1.6536289030513467e-39,1.2386114521198487e-40,9.514965100450212e-24,4.648242191330552e-16,6.01985450096145e-24,6.133678744915893e-17,0.0,1.981524167987334e-41,1.1863152965592585e-52,1.083151979985208e-10,1.9008127835210174e-19,2.8433752066521356e-25,6.109802235262596e-63,1.0507297807004485e-18,5.703106640142105e-11,1.335997208407337e-25,3.209953930948466e-21,1.6239435577793057e-24,1.2089020850874248e-27,5.884860248889194e-20,1.6941311125421744e-37,2.208017112813124e-52,1.2905480617270503e-36,8.570774574721778e-29,0.09999998807521614,1.341219706228442e-08,2.702858422766073e-12,7.981707427461837e-29,4.634558064824001e-49,2.5340450834600516e-33,6.5558455080593236e-24,6.837959578070885e-34,6.199949211055515e-22,1.6520373272635163e-51,6.199099500293941e-21,2.0700505741091025e-20,8.010806015847217e-46,9.833054619734148e-33,1.1145723343379632e-32,2.255929865653131e-06,7.013434686753337e-11,6.179996554540876e-05,3.440948631406197e-11,6.23512862648363e-28,8.136875635265539e-21,7.125531839077783e-24,1.2643205283658753e-54,8.518744496932855e-22,4.5076928655706984e-14,1.0522944969944508e-25,2.7872045935012246e-17,1.6653828673091995e-66,2.534011100752545e-29,2.5184749614787308e-21,2.641341850767519e-28,1.9311456789895277e-23,8.005040321828685e-20,8.151349286706487e-43,8.610964284375953e-29,1.0099724187837516e-23,0.00033399952223232295,4.771184186354489e-10,2.7696278607713446e-20,3.451638292536798e-19,8.024981478750964e-48,7.302161050090552e-30,1.2410655781758677e-35,3.294135687531501e-44,2.6506293575060186e-37,8.918654032239549e-47,1.5591695059685584e-15,6.472323254031131e-13,4.133886460086732e-14,3.5099999585997725e-06,5.167467990904814e-37,3.0696813140524037e-32,8.891955093642816e-14,1.7799999109996634e-06,3.7687748634139908e-34,2.2111062267327618e-26,8.794032564536226e-54,1.80606587638198e-42,0.0,0.0,9.095360509842294e-22,7.178177546448023e-17,1.4699251687868421e-31,8.999262398881341e-18,6.788630817081136e-44,2.1804533092684815e-27,6.788632447847187e-44,7.248165330558607e-54,1.3429269218776748e-39,2.6606013086690937e-27,4.11972252711054e-21,7.492223909846536e-24,7.665728038995508e-37,3.0086964414277508e-30,9.197883463305235e-34,8.2065728597286e-28,3.374824769997099e-23,1.943605225135685e-40,1.1555400073284598e-45
0.3092140991185264,1.051132502169844e-10,0.00017699999477201653,5.680028442978012e-30,4.402024754230063e-24,3.220790368623011e-33,6.684668521971058e-26,1.5502884708142907e-36,6.816886544130831e-29,1.0187394528287772e-63,1.4890771440259172e-51,3.8387023047953244e-60,1.72673319561194e-40,1.6896375701325434e-33,2.4684012222217224e-47,1.4671466694517768e-36,2.502893069241224e-38,1.1546887781897545e-77,3.174980451712031e-62,3.974273980257755e-58,2.755074034844892e-69,3.1142458247762214e-78,1.5646281779909435e-65,1.6449469838340286e-17,1.499068082426242e-14,1.2283049575563206e-20,9.953017647180521e-14,2.6179384911684796e-50,1.5263654705946938e-49,1.8872165771382343e-23,1.9420614450141978e-16,1.0093069556939663e-66,1.8366990163434133e-67,1.9137786879119023e-46,1.2568928539749744e-42,1.526366317791508e-49,2.3228805423877456e-44,5.914864011795571e-31,1.5774512275276493e-29,8.626277265151344e-26,1.6387137260940333e-14,3.3817457481782084e-08,1.4297450679611348e-22,9.096036322117419e-20,2.6186126034017974e-21,1.4220250489443045e-18,1.5267140548927345e-34,2.8117713529909467e-32,1.377013675596195e-25,0.0001825249983941041,0.4999999324702731,9.150202280814877e-08,0.24999989849677998,8.913263369555282e-08,1.3065779424593053e-13,2.2005888779741275e-31,2.7546226998124873e-30,8.435427131124339e-24,3.090766359930717e-34,2.4638125400122787e-39,4.844293138610224e-32,7.703038475734797e-39,7.834779134778837e-40,4.413039839387519e-23,1.4042927922561048e-15,1.2586626651453541e-23,8.867677670009313e-17,0.0,8.663608804997655e-41,7.502121254193592e-52,2.2630353011604074e-10,8.305532273857582e-19,5.944490223528119e-25,8.459779672514673e-62,3.1763857419849097e-18,8.239547011003492e-11,4.038320488351493e-25,6.7075306781752544e-21,4.907837319744987e-24,3.899530596074146e-27,1.2302343340653182e-19,7.4054157057194155e-37,2.018979074747139e-51,6.954483697040614e-36,2.5867142956219946e-28,0.09999998208930871,1.9395164905204677e-08,5.642411983061426e-12,3.1792660823836707e-28,3.2697220310053906e-48,2.3171887366116316e-32,2.864689598134009e-23,4.3218516571351255e-33,1.2968676054620163e-21,1.5223096630212848e-50,1.2963371828872242e-20,4.327622623932878e-20,5.066598475552556e-45,2.973046688494371e-32,7.043280671467229e-32,2.255898580192047e-06,1.0141980795204006e-10,6.179995016003841e-05,4.974569485804675e-11,3.789777069344594e-27,2.458012404102043e-20,3.1133092081940626e-23,1.4451209650194672e-53,3.724279321330224e-21,9.418214320464692e-14,6.653147261197249e-25,8.422381295309345e-17,6.674180502106128e-65,1.6030936119123772e-28,1.100651871764315e-20,1.669388594727932e-27,4.0384863574888555e-23,2.418883653552337e-19,1.0781478997066455e-41,2.6039188732896598e-28,2.1117886224657825e-23,0.0003339993093127645,6.893313726449601e-10,4.0090861737961754e-20,1.0430195632155049e-18,5.076984417740367e-47,2.2076773231297604e-29,5.649785123707103e-35,2.3883761065850725e-43,1.0704228038128913e-36,8.151646013845956e-46,2.2546645970578377e-15,1.3521991158556061e-12,5.978293940058526e-14,3.509999940128328e-06,2.2595639152284596e-36,9.281391697653725e-32,1.2855431960739612e-13,1.7799998713290208e-06,8.09155378724192e-34,6.687081258511495e-26,8.358283923066707e-53,1.1140148662209782e-41,0.0,0.0,1.9021770931093556e-21,1.0364075165923844e-16,4.4423068625136115e-31,1.3011729161465834e-17,2.9673071491474018e-43,4.5546628489612354e-27,2.9673081800206348e-43,6.634603048457032e-53,4.057468193324993e-39,6.098319797131692e-27,5.9813591770689206e-21,1.5671366243840984e-23,2.5012349886424782e-36,9.092202431792452e-30,2.7811139782011642e-33,2.481199087853057e-27,7.056684980576437e-23,8.497509976389469e-40,7.305474629866721e-45
0.44714961332713477,1.0739429018697589e-10,0.0001769999924398489,1.7777617240677843e-29,1.2589027067486372e-23,1.5003055882033824e-32,1.5262818014695304e-25,7.257202333136346e-36,2.307085985099912e-28,1.9473552341486335e-62,1.969727758534587e-50,5.072554838581053e-59,1.1752987507567124e-39,6.460518252608509e-33,1.5634882402034392e-46,7.020526910903187e-36,8.515929861655263e-38,3.2546014062338324e-76,6.708494291190011e-61,5.336927533897275e-57,5.6997690997300485e-68,9.124704374795981e-77,2.2782804589023113e-64,3.442216582818151e-17,2.1642021829156885e-14,3.3227690218803544e-20,1.4377612185077127e-13,3.4626871029106235e-49,3.184056426020006e-48,5.704672116715099e-23,4.0577299369858544e-16,3.0540727612463454e-65,3.5100426816465855e-66,2.5288120696934923e-45,1.1478519463309128e-41,3.184058872317612e-48,3.490531637128365e-43,2.58581496406236e-30,6.893242017686848e-29,2.606554589430836e-25,3.410023131744886e-14,3.378070143527248e-08,3.007217266109282e-22,1.3191454921306484e-19,5.500759673982162e-21,2.0593797222210778e-18,7.2151390184314155e-34,1.1811529574783074e-31,4.1322101381014476e-25,0.00018261470427478148,0.4999999024149059,1.3241649179594306e-07,0.2499998531611123,1.286469174375477e-07,2.72948684774088e-13,9.619102563852813e-31,1.2040558462651522e-29,2.5489555273734735e-23,1.3506187922168366e-33,1.5580455917903159e-38,2.117496402446686e-31,3.6666011291537037e-38,4.956372737872235e-39,2.2810854748809527e-22,4.240752898595228e-15,2.6315051646947032e-23,1.2818938101259017e-16,0.0,3.787536508400029e-40,4.7460050962091814e-51,4.726304647409726e-10,3.627715335069657e-18,1.2426460221372667e-24,1.1988478308610947e-60,9.60093741281492e-18,1.1899150621049603e-10,1.2204605125621925e-24,1.4011425174246086e-20,1.4828346738043828e-23,1.305988685592365e-26,2.571456017744721e-19,3.2364878371173546e-36,1.8456001603870248e-50,4.030298881548591e-35,8.713643270048534e-28,0.09999997343130715,2.8047038969396834e-08,1.1769932080427066e-11,1.3239759709397546e-27,2.5643387962651126e-47,2.1182985193733694e-31,1.2513341658574094e-22,2.730697652148521e-32,2.7130323187598674e-21,1.4070301843162215e-49,2.710867512202289e-20,9.04617824857614e-20,3.2044195920220606e-44,8.988451797176258e-32,4.449057189153136e-31,2.255853339174274e-06,1.4666082572502964e-10,6.179992789441615e-05,7.190862273625159e-11,2.3292140234669463e-26,7.421784518447185e-20,1.3597374732918356e-22,1.754081075878042e-52,1.6279943971230156e-20,1.9670559458122045e-13,4.205741923844008e-24,2.5442555132208975e-16,2.6676502880038884e-63,1.014263699670438e-27,4.8088089377406704e-20,1.0547413127125102e-26,8.446524633396878e-23,7.306672528682541e-19,1.4253270897792852e-40,7.874098218777244e-28,4.415411412400441e-23,0.0003339990016362321,9.955324154403216e-10,5.805780828680954e-20,3.1507931972791458e-18,3.212285272285872e-46,6.673852831718672e-29,2.669997723295893e-34,1.8884844036416506e-42,4.837528067653687e-36,7.447020455494732e-45,3.260471105005752e-15,2.8238382679249772e-12,8.64584006842094e-14,3.5099999134132935e-06,9.881475672847284e-36,2.80611663946274e-31,1.858359115336441e-13,1.779999813995728e-06,1.7568063260676044e-33,2.0228797411527985e-25,8.095604731269962e-52,7.292089523004297e-41,0.0,0.0,3.978336266861758e-21,1.4953588401296958e-16,1.3421553561322949e-30,1.8811952014451846e-17,1.2967263789250636e-42,9.509396214315647e-27,1.2967270304193361e-42,6.07394981407048e-52,1.2254327879924387e-38,1.437059063256598e-26,8.699388573063179e-21,3.2783174938038427e-23,8.364371756817787e-36,2.7468231061915783e-29,8.408671703494523e-33,7.501163849660118e-27,1.4754868551570846e-22,3.7147646471887355e-39,4.617760447335509e-44
0.646615976660124,1.1069297501767164e-10,0.00017699998906728673,5.886103172304768e-29,3.701898531262565e-23,7.361454629922101e-32,3.7284384374632446e-25,3.5139244737805726e-35,8.2168225929327e-28,3.721538668316326e-61,2.60593438118765e-49,6.70045385349821e-58,8.298080546586519e-39,2.7985530869392417e-32,9.910228925089169e-46,3.504723514447632e-35,3.180718473186625e-37,9.245459726085163e-75,1.484181874867631e-59,7.5501407596467815e-56,1.280933310426751e-66,2.8901344509306e-75,3.587435931323272e-63,7.205878401401701e-17,3.1221602998696714e-14,9.474234858250451e-20,2.075931124446051e-13,4.5805717466081655e-48,7.332871593068982e-47,1.7241019598459003e-22,8.47499786172708e-16,9.638151804304483e-64,6.70543229855747e-65,3.3402616253447625e-44,1.0476468686610602e-40,7.332879526971079e-47,5.691248744929029e-42,1.1303029783293488e-29,3.0112975098351575e-28,7.873353122269165e-25,7.108513300209977e-14,3.372761975532287e-08,6.341679929500154e-22,1.9154564095003244e-19,1.1578099011575448e-20,2.984286586109987e-18,3.543633266357835e-33,5.6914783248047965e-31,1.2453459850857835e-24,0.0001827444255043789,0.49999985902672156,1.916873226826379e-07,0.2499997875404263,1.8552068191615072e-07,5.699407597243034e-13,4.20387323636288e-30,5.261936118692699e-29,7.699670667947856e-23,5.900427502352054e-33,9.852592692726756e-38,9.254070213964025e-31,1.7917421541080633e-37,3.1369250124745637e-38,1.2594495040664513e-21,1.2798609751456077e-14,5.501205811428987e-23,1.852791807942252e-16,0.0,1.6556251208557583e-39,3.006696167053541e-50,9.86516467494348e-10,1.58369404826274e-17,2.5972355676334782e-24,1.761721339865164e-59,2.9013798052920684e-17,1.7173918977060726e-10,3.6875619414577315e-24,2.925454707812962e-20,4.478438210519607e-23,4.545446624392179e-26,5.373818055238695e-19,1.4141872317531228e-35,1.6868891900696355e-49,2.436309582110962e-34,3.2154733152579643e-27,0.09999996090721643,4.055837496147385e-08,2.4524652179883966e-11,5.643703557468194e-27,2.1575002256866264e-46,1.9361619540124587e-30,5.46329700986528e-22,1.7246902475502239e-31,5.6765861258048266e-21,1.3063423094041775e-48,5.668914646378118e-20,1.890623354422013e-19,2.0267820866043957e-43,2.717217935897391e-31,2.8089578429809746e-30,2.2557879176720713e-06,2.120823279276318e-10,6.17998956608812e-05,1.0392774175540396e-10,1.4429557880747527e-25,2.23944475429848e-19,5.935345827629539e-22,2.2122963445777124e-51,7.115244296669055e-20,4.1060563144481856e-13,2.658190414415243e-23,7.682169870684224e-16,1.0657039472283976e-61,6.418573359244449e-27,2.100157473784234e-19,6.661334758573455e-26,1.7673093919281716e-22,2.2060334960255183e-18,1.8839866067444464e-39,2.381062926717103e-27,9.231313454094614e-23,0.0003339985571752141,1.4369136806621937e-09,8.413018596676695e-20,9.513610373171545e-18,2.03294042466179e-45,2.0172289582494718e-28,1.3112731133308757e-33,1.5832395903224442e-41,2.431169178679104e-35,6.800202902798715e-44,4.715385981065682e-15,5.893550472807387e-12,1.250412593835471e-13,3.5099998747732174e-06,4.321923658930541e-35,8.483185843418622e-31,2.6859966470182367e-13,1.7799997311575802e-06,3.8743060773704886e-33,6.121116473336674e-25,8.069507565668918e-51,5.0318156730818075e-40,0.0,0.0,8.321089146091168e-21,2.1553855773108116e-16,4.053451480387632e-30,2.7195081048256938e-17,5.66506445473426e-42,1.9840033943639236e-26,5.665068570919788e-42,5.563278272324299e-51,3.698968369308447e-38,3.495053304529968e-26,1.2683893771957277e-20,6.859050758693716e-23,2.879427203067275e-35,8.294797495350781e-29,2.542165007160516e-32,2.2674999397475293e-26,3.084978523936141e-22,1.6237272840343665e-38,2.918312186880944e-43
0.9350611267692971,1.1546337880611818e-10,0.00017699998419017034,2.111387701165126e-28,1.104332100024905e-22,3.84384882500842e-31,1.0067868616769935e-24,1.7867544210417565e-34,3.1318694801028647e-27,7.109838993611129e-60,3.4484136616976726e-48,8.846156420822824e-57,6.167725471483484e-38,1.3757070311488053e-31,6.28793917919372e-45,1.8551867850323975e-34,1.3729712057495718e-36,2.6544741149900402e-73,3.4955536773243774e-58,1.1466110189265056e-54,3.235468783788236e-65,1.0185200660336655e-73,6.415827412540431e-62,1.5092466835979857e-16,4.499372593400744e-14,2.779582405417153e-19,2.995308689162101e-13,6.060412778051885e-47,1.7919652775870446e-45,5.209358385623582e-22,1.769128157379219e-15,3.2239044841571725e-62,1.2803834486052782e-63,4.409800337504951e-43,9.55374093508437e-40,1.7919680366385297e-45,9.747233791984397e-41,4.9398380586400313e-29,1.3148789000290914e-27,2.3770315412670994e-24,1.4838352440601287e-13,3.365100669083275e-08,1.3422576207862214e-21,2.786206366343829e-19,2.4438734455575505e-20,4.3284566065996864e-18,1.8095004301539797e-32,3.0433118157926896e-30,3.761632601594618e-24,0.00018293201115803155,0.49999979643850684,2.776163729774076e-07,0.24999969251952253,2.672093922583443e-07,1.1893058081492088e-12,1.8367437348810422e-29,2.2989058598320597e-28,2.3247264755657886e-22,2.576964885755157e-32,6.230454649944226e-37,4.0431928355363626e-30,9.024920258756857e-37,1.988758056719984e-37,7.244252557345145e-21,3.859214123220874e-14,1.149878384088938e-22,2.677339395641933e-16,0.0,7.23587739340268e-39,1.913161636485123e-49,2.057450285072029e-09,6.90845155665848e-17,5.4271962788537166e-24,2.7366651259776354e-58,8.765284301386228e-17,2.4765553218187135e-10,1.1137767325824816e-23,6.103835070801262e-20,1.3518123657989492e-22,1.6437287887175068e-25,1.122691437551135e-18,6.178027016520651e-35,1.541728745110058e-48,1.5060867280392598e-33,1.2658001302250391e-26,0.09999994278828085,5.865081543338613e-08,5.101970197203674e-11,2.4329659979660346e-26,1.89082757184166e-45,1.7692866988783616e-29,2.383565699888154e-21,1.0887056123943422e-30,1.1880124151643714e-20,1.2204688468311727e-47,1.1854775241870033e-19,3.950351690404362e-19,1.282042710792805e-42,8.212983429471325e-31,1.7721997215272686e-29,2.255693314374288e-06,3.066856257109726e-10,6.179984897454166e-05,1.5016671106993285e-10,8.988153612574606e-25,6.750718266328069e-19,2.5887365410220897e-21,2.8579969504044575e-50,3.1089993405775045e-19,8.564196558165408e-13,1.6796837372574192e-22,2.318004882018658e-15,4.25465518169281e-60,4.063181136022218e-26,9.16677095203306e-19,4.204634340957687e-25,3.7023754402343514e-22,6.6557631764237456e-18,2.489676002837595e-38,7.200058665439818e-27,1.929821510139623e-22,0.0003339979154158554,2.0722490508447907e-09,1.220228679058556e-19,2.870641375006493e-17,1.287017216957211e-44,6.095980070896512e-28,6.695102949360169e-33,1.3756369538200485e-40,1.3280747766606213e-34,6.205541594811046e-43,6.821553928438003e-15,1.2289541266781204e-11,1.8085182944238403e-13,3.509999818879925e-06,1.8906085656639928e-34,2.564219923159798e-30,3.8813627638435165e-13,1.7799996115141542e-06,8.729194278038457e-33,1.8529172559964145e-24,8.390919914306251e-50,3.679676327912043e-39,0.0,0.0,1.7406017302591534e-20,3.102247188760882e-16,1.2234853399351538e-29,3.930841221229627e-17,2.473859457146617e-41,4.1351227243917873e-26,2.4738620567468535e-41,5.098987661111499e-50,1.1156307632530577e-37,8.793070448826441e-26,1.8558010529550777e-20,1.4354079112772607e-22,1.0237631882346784e-34,2.5032930367757074e-28,7.684812889291256e-32,6.853227816702546e-26,6.449919213724554e-22,7.095953158364507e-38,1.8437989514498405e-42
1.3521770917433409,1.2236226028619582e-10,0.00017699997713722362,8.45005114188131e-28,3.318518174184421e-22,2.166850897962064e-30,3.0748447989826276e-24,9.713602322338326e-34,1.2961598878343702e-26,1.3577700333400335e-58,4.564843207665615e-47,1.1670616125503127e-55,4.90931570387839e-37,7.4803069844195575e-31,3.995198011065359e-44,1.0587973174847445e-33,7.154590868134048e-36,7.731186747112733e-72,8.904344239271256e-57,1.923812337086184e-53,9.630589497989853e-64,4.180074459835733e-72,1.3696201059439218e-60,3.1633670876181934e-16,6.474174882452746e-14,8.272962098633766e-19,4.317577931803491e-13,8.020526851925739e-46,4.542695997484991e-44,1.5734208928619431e-21,3.690086814895845e-15,1.1623808430931531e-60,2.44376749175144e-62,5.817637216239774e-42,8.701668639407154e-39,4.542706004807178e-44,1.7217788162650355e-39,2.1583187471885345e-28,5.737628272674929e-27,7.171256596405839e-24,3.1007914358140125e-13,3.35405254914575e-08,2.8555681532862504e-21,4.0627391379519546e-19,5.1790885148350924e-20,6.285923664291935e-18,9.597414675427411e-32,1.7422420962591249e-29,1.1377337202636382e-23,0.00018320327121637797,0.49999970625175943,4.0232999983068487e-07,0.2499995548460858,3.8418617776626095e-07,2.479392527865499e-12,8.021950944370084e-29,1.00396552234299e-27,7.014027536834425e-22,1.1253135809488554e-31,3.9399369668978337e-36,1.7658144293085124e-29,4.697646233629565e-36,1.269500374682668e-36,4.280274034077084e-20,1.1621985100122226e-13,2.4030319842593093e-22,3.8675753211670565e-16,0.0,3.161628104912835e-38,1.2331970711019928e-48,4.285866061882647e-09,3.010339587248878e-16,1.1336927226972676e-23,4.6186437136159427e-57,2.6469138560530536e-16,3.5668477217967463e-10,3.3622506941529877e-23,1.2722601206536415e-19,4.07711793962961e-22,6.164039646529818e-25,2.3445259038003048e-18,2.698919446605776e-34,1.4094347746161502e-47,9.416308897355378e-33,5.192138093451149e-26,0.09999991657022424,8.481399789760759e-08,1.0589391729530934e-10,1.0538367305071105e-25,1.6960985043787103e-44,1.616293417135467e-28,1.0388504188430494e-20,6.867018413763534e-30,2.4871031367948118e-20,1.1500370006027089e-46,2.479071592405386e-19,8.251063586279772e-19,8.110628338448053e-42,2.4819098626853374e-30,1.1169524800319258e-28,2.255556513574551e-06,4.434864254470591e-10,6.179978130890612e-05,2.1689985617359834e-10,5.618735126436776e-24,2.032120448621375e-18,1.127783278922152e-20,3.7515471991021644e-49,1.357996506612438e-18,1.7842201403343654e-12,1.0610204246476147e-21,6.987504108296914e-15,1.6974539900564006e-58,2.5733451658891275e-25,3.997794547809515e-18,2.6517864317845962e-24,7.784843487345573e-22,2.0060439671483986e-17,3.2891389847774863e-37,2.1771783486951808e-26,4.033871432467782e-22,0.00033399698939141323,2.984887427277484e-09,1.7721729324551686e-19,8.653481304201188e-17,8.151947388969964e-44,1.8416298215471763e-27,3.5503283444054907e-32,1.2202545331232327e-39,7.678017050829824e-34,5.6576620591399185e-42,9.877755989254277e-15,2.559455875514214e-11,2.6159312245794603e-13,3.509999738019047e-06,8.272103226081658e-34,7.749417161570289e-30,5.606899091616312e-13,1.7799994388076442e-06,2.024311588336282e-32,5.6118451562092324e-24,9.259722750680037e-49,2.887981768761962e-38,0.0,0.0,3.641472000746527e-20,4.455766360485197e-16,3.68989637648781e-29,5.680567247951306e-17,1.0796341676489198e-40,8.605870511789806e-26,1.0796358085073704e-40,4.677959180215124e-49,3.3608834063312948e-37,2.288860153135737e-25,2.7284886498626147e-20,3.00487421461117e-22,3.7647310544600686e-34,7.547956084975107e-28,2.322709922337513e-31,2.0708097239332007e-25,1.3485543048601461e-21,3.100177087204629e-37,1.1644626136470672e-41
1.9553618850060341,1.3233961779985037e-10,0.0001769999669375946,3.838455237420916e-27,1.0009937172145612e-21,1.3343638549783373e-29,1.0593820658198623e-23,5.7398210046183626e-33,5.862806988956498e-26,2.591385034358094e-57,6.045542378774135e-46,1.538072810647759e-54,4.248086328352342e-36,4.3435695957063185e-30,2.543265811124678e-43,6.592283320853501e-33,4.5570484525604005e-35,2.2936920890552702e-70,2.4763999266434274e-55,3.6497223822966425e-52,3.5189876722155167e-62,2.0910671241295216e-70,3.5768110709630524e-59,6.637229798503334e-16,9.295226879958462e-14,2.4790302323042174e-18,6.214659448553167e-13,1.061841921944918e-44,1.1792938585479443e-42,4.7497748400094435e-21,7.68809347052144e-15,4.571526410554541e-59,4.6639456733965616e-61,7.666879618837649e-41,7.911597315310499e-38,1.1792975854285029e-42,3.1030348167231703e-38,9.426518533893986e-28,2.5013078625975598e-26,2.1612251615117788e-23,6.486295781159755e-13,3.338140170539751e-08,6.1182304076466745e-21,5.94418806113647e-19,1.1037076995027697e-19,9.144412060163536e-18,5.272859131835255e-31,1.0392003345141958e-28,3.444541235417673e-23,0.00018359552631375128,0.49999957649798865,5.836122833089993e-07,0.24999935521063785,5.509647079083836e-07,5.161797075054679e-12,3.501618566597965e-28,4.381860732752399e-27,2.114087496416395e-21,4.917086476441904e-31,2.4914815419323287e-35,7.707572880919121e-29,2.528079773491304e-35,8.335121396159653e-36,2.5757163813927404e-19,3.4934965921813727e-13,5.020443003027508e-22,5.584308630434399e-16,0.0,1.3809288770499656e-37,8.245533384844069e-48,8.912609353798192e-09,1.3096764125601992e-15,2.367042857458332e-23,8.771882558187631e-56,7.988065740748904e-16,5.127870691427712e-10,1.0142283414721098e-22,2.648000152242657e-19,1.2282295515602345e-21,2.3883247846859356e-24,4.893112726517351e-18,1.1800741855331803e-33,1.2903074778864943e-46,5.920011812863969e-32,2.1826439487710705e-25,0.09999987862291619,1.226481424598609e-07,2.190574821701551e-10,4.570024956036994e-25,1.5479902245602669e-43,1.475860205794491e-27,4.520991430422278e-20,4.3264531546408185e-29,5.208999385104532e-20,1.0960966949133257e-45,5.184271030206511e-19,1.7225041636301455e-18,5.1319999119448e-41,7.497880832011012e-30,7.0293033191066985e-28,2.2553586954132244e-06,6.413045867747344e-10,6.179968314225615e-05,3.131256242877137e-10,3.5197059283647946e-23,6.104751065153688e-18,4.9049586685744374e-20,4.9841297220735764e-48,5.928651516460964e-18,3.710988683243244e-12,6.698987206418989e-21,2.103390105524321e-14,6.765046100473066e-57,1.6308830844535341e-24,1.7414217602820424e-17,1.67044605496153e-23,1.654862608134827e-21,6.037301894244084e-17,4.3434433417424075e-36,6.583264837177435e-26,8.430980284777796e-22,0.0003339956544566844,4.2919705045203015e-09,2.578747696171522e-19,2.604917231575797e-16,5.1671826214898315e-43,5.5613285990774425e-27,1.9499251918737359e-31,1.0951532257609147e-38,4.5971680131400987e-33,5.151244580568573e-41,1.4344749154386998e-14,5.320721079552246e-11,3.784239614678196e-13,3.5099996210153635e-06,3.6203617102072557e-33,2.3413331227174418e-29,8.095778010038934e-13,1.7799991897019494e-06,4.874772605464269e-32,1.7008580208641723e-23,1.1038619738209885e-47,2.466115251913063e-37,0.0,0.0,7.619706384389574e-20,6.380654102120864e-16,1.1115090812589292e-28,8.206705153819868e-17,4.7075028414249884e-40,1.7872277362337035e-25,4.70751318994464e-40,4.297412072369432e-48,1.0107775580937678e-36,6.152749139669773e-25,4.0384466184166703e-20,6.293240245126259e-22,1.4307596358395649e-33,2.2729391331994834e-27,7.0187211576272675e-31,6.255125688516303e-25,2.8203302164146223e-21,1.3538960987882388e-36,7.350056151295299e-41
2.8276178650570496,1.467697915761428e-10,0.0001769999521870747,1.9614736746406033e-26,3.025795046272367e-21,9.001340495591686e-29,4.0106081673337315e-23,3.718224781500536e-32,2.88494835102745e-25,4.941449539726902e-56,8.011682385713866e-45,2.0239393944176003e-53,4.024295900879655e-35,2.616542724499708e-29,1.6230786650936638e-42,4.4849067186236377e-32,3.4824062098699344e-34,6.962835669665359e-69,7.508505423323728e-54,7.828974030900984e-51,1.5947179299453998e-60,1.300781885493131e-68,1.1308481851172772e-57,1.3946299828745566e-15,1.3303306647995035e-13,7.4489735818127e-18,8.92681932634534e-13,1.4064655986303222e-43,3.1099241250269095e-41,1.4327294594190447e-20,1.599132558311199e-14,1.965057739034097e-57,8.923451929163865e-60,1.0088580350746656e-39,7.174934352894573e-37,3.1099382398909477e-41,5.664294446096554e-37,4.114753395752999e-27,1.0889507421786903e-25,6.503476419365353e-23,1.358225303041552e-12,3.315262979066936e-08,1.3235618021358098e-20,8.736839464682533e-19,2.3703269610394195e-19,1.333413145026668e-17,2.9878416460390578e-30,6.34808731260717e-28,1.0438438175760452e-22,0.00018416273918364805,0.4999993902288156,8.47684887077583e-07,0.24999906539433273,7.872510125541052e-07,1.0724920789659362e-11,1.5272367476288838e-27,1.9108422421974055e-26,6.362697527984509e-21,2.1556233470316454e-30,1.5755143556955865e-34,3.3614790851696216e-28,1.4040970071585549e-34,6.094777240099111e-35,1.569415945309926e-18,1.0473279834615804e-12,1.0484386885769518e-21,8.057562089705472e-16,0.0,6.028384163903041e-37,6.05973279195425e-47,1.8488545296691135e-08,5.684871752964281e-15,4.9387141933533557e-23,1.9481140827941415e-54,2.408511839949282e-15,7.352846547261275e-10,3.0561499938499156e-22,5.499806212376105e-19,3.6937468695028466e-21,9.514210799189403e-24,1.0203119084517702e-17,5.179967656864336e-33,1.1872970829853003e-45,3.731746297082089e-31,9.305505667851782e-25,0.09999982367967374,1.7735945934932694e-07,4.509830213302532e-10,1.9796620076454836e-24,1.449313879921248e-42,1.3467418732188661e-26,1.963280021643095e-19,2.721340151315159e-28,1.091613945716912e-19,1.0601735615670187e-44,1.0841502274592376e-18,3.593290286167949e-18,3.2481228392399296e-40,2.2641162107840668e-29,4.4142660051823644e-27,2.2550726487623467e-06,9.273512376517527e-10,6.179954053532792e-05,4.5170111213553905e-10,2.2066222333726735e-22,1.8285865947323015e-17,2.128110066223413e-19,6.693107194343207e-47,2.586393654435017e-17,7.70004975614829e-12,4.2265809627785595e-20,6.318852064992518e-14,2.6919396250056344e-55,1.0345883135040989e-23,7.57244549795114e-17,1.0504600707682693e-22,3.629946941882555e-21,1.8130974469746134e-16,5.732088059225258e-35,1.9905484572436712e-25,1.762090561901281e-21,0.0003339937326500001,6.1559539624013466e-09,3.763225966567414e-19,7.825614281975371e-16,3.2788424975718465e-42,1.6784633701988368e-26,1.1043381702948225e-30,9.892843164850273e-38,2.809412060949378e-32,4.68105625979995e-40,2.101532904787508e-14,1.1032023664513569e-10,5.475219245166598e-13,3.5099994516676344e-06,1.585102156896283e-32,7.071049164487673e-29,1.1681584709385923e-12,1.7799988308130181e-06,1.2309986609934635e-31,5.160250684302605e-23,1.4391322797810776e-46,2.308257964289911e-36,0.0,0.0,1.594847554216273e-19,9.097796655614288e-16,3.3424771791273992e-28,1.1851090897687843e-16,2.0499620975547202e-39,3.700327595105796e-25,2.0499686163811368e-39,3.954944724886093e-47,3.0325326880363177e-36,1.7021385802674906e-24,6.031445863876899e-20,1.3188600115184819e-21,5.60364944157849e-33,6.831909198488561e-27,2.1202022247930206e-30,1.8884946787881163e-24,5.904755415282964e-21,5.909188656766381e-36,4.635516710322034e-40
4.088973428448061,1.676413644496115e-10,0.00017699993085447746,1.0953116793343492e-25,9.159205850422553e-21,6.59660890259702e-28,1.6143373298987035e-22,2.6307847552685478e-31,1.5234263349759253e-24,9.411094019575047e-55,1.0626878938590676e-43,2.6574693766871783e-52,4.155342969707022e-34,1.6046390956803302e-28,1.0392076165144727e-41,3.3025909543131347e-31,3.094815247779055e-33,2.1719907264407088e-67,2.4532306076396637e-52,1.853021409292517e-49,8.733578038097187e-59,9.88159054148779e-67,4.2005985587057085e-56,2.9364799770844876e-15,1.8953341290468236e-13,2.2393921158561337e-17,1.2784387914127465e-12,1.864217882978538e-42,8.283954023078008e-40,4.3168484597188156e-20,3.3182892541712835e-14,9.150883791573627e-56,1.7324821626082594e-58,1.3246424815229983e-38,6.48307293720672e-36,8.284008026199538e-40,1.0414437446687986e-35,1.7946579043559893e-26,4.731461767740971e-25,1.9527066606303057e-22,2.847517829555696e-12,3.2824576974483965e-08,2.900220108985727e-20,1.2919969337854071e-18,5.144266743037164e-19,1.9505621594665752e-17,1.7369219215060504e-29,3.931901554757159e-27,3.1668655241074168e-22,0.00018498293108780217,0.4999991236572497,1.2334774112037517e-06,0.24999864399717386,1.1189733561915253e-06,2.2219746996209297e-11,6.653272056631805e-27,8.32242769667815e-26,1.9108943286082797e-20,9.560771035379544e-30,9.96275624008763e-34,1.4642691829184424e-27,8.018564578354631e-34,6.084189667866129e-34,9.640288050600736e-18,3.1277626187547128e-12,2.1881672552103255e-21,1.1614716130113637e-15,0.0,2.6296328599347234e-36,5.4247892355068924e-46,3.821800949271822e-08,2.459487021962558e-14,1.0293952108142124e-22,5.217141816166825e-53,7.25241051095346e-15,1.050348508279772e-09,9.194971335737549e-22,1.1388246247516232e-18,1.1081179302915067e-20,3.875337623077102e-23,2.1248477503726567e-17,2.304505550134563e-32,1.1105353274024447e-44,2.3550971508505893e-30,3.9982564334358774e-24,0.09999974409151074,2.564765435681424e-07,9.220617792522896e-10,8.550653941921479e-24,1.4404359327947908e-41,1.2277620505606031e-25,8.49934155762995e-19,1.707683725699379e-27,2.2896048852023564e-19,1.0442498103485334e-43,2.2672197591102034e-18,7.488157769697328e-18,2.0565541434062485e-39,6.832494323112943e-29,2.7635100557850134e-26,2.2546590320585963e-06,1.340967941402763e-09,6.179933299076819e-05,6.508965024554002e-10,1.3829248986275425e-21,5.4542050849932565e-17,9.201051482301475e-19,9.087708584458247e-46,1.1271310953753083e-16,1.592235699571358e-11,2.663966256503967e-19,1.8927377929758748e-13,1.0689086238802174e-53,6.57225003981185e-23,3.2846222709675675e-16,6.589441121298812e-22,8.653324705720999e-21,5.428327733879348e-16,7.5579934994347104e-34,6.018389728391741e-25,3.684379841504815e-21,0.0003339909712615163,8.797672376271221e-09,5.51692351068483e-19,2.3441014644339743e-15,2.0843542052707138e-41,5.062713765060885e-26,6.414695519336827e-30,8.967579889369532e-37,1.7366516734190832e-31,4.241886348745229e-39,3.159198519287474e-14,2.2787687403598105e-10,7.923667036007377e-13,3.509999206462052e-06,6.943856810396724e-32,2.134284891231157e-28,1.6839239713849402e-12,1.7799983146153492e-06,3.2911557378799508e-31,1.5678125704307778e-22,2.0539007972487128e-45,2.3597684626856155e-35,0.0,0.0,3.339414717101795e-19,1.2892212722644024e-15,1.0026660524189e-27,1.7103086151497967e-16,8.910401764671942e-39,7.627817898071605e-25,8.910442758512943e-39,3.648436230669234e-46,9.066575820960228e-36,4.825950695030692e-24,9.116357060633553e-20,2.7663780107557677e-21,2.2522190314971884e-32,2.0480609500875918e-26,6.401571197516736e-30,5.697477497201592e-24,1.2407547099416229e-20,2.5769129054916616e-35,2.9200476158485435e-39
5.912999739169831,1.9783242741005606e-10,0.00017699990000129696,6.475469314241601e-25,2.7757961902197366e-20,5.170004732757299e-27,6.728617899773297e-22,2.0043597891900164e-30,8.485076369545536e-24,1.7890525347945435e-53,1.4112616792177744e-42,3.4781697470092985e-51,4.6133850012964894e-33,9.906514128733639e-28,6.681324553261041e-41,2.5896957015470323e-30,3.097808221256133e-32,6.983040724044276e-66,8.489042720866234e-51,4.6811233102658973e-48,5.522579801166274e-57,8.773917129540341e-65,1.772129171923119e-54,6.200806736939962e-15,2.6828255873767456e-13,6.725727244722917e-17,1.8230266720030627e-12,2.4731422138573127e-41,2.2185176473465508e-38,1.298554657513434e-19,6.861914735691124e-14,4.5433995602723324e-54,3.587852081134463e-57,1.7338008809100947e-37,5.827129848745125e-35,2.218538400735716e-38,1.9191785882434767e-34,7.818076855279648e-26,2.0500086858195416e-24,5.844494393621696e-22,5.978706739702826e-12,3.235591897221174e-08,6.461497469482723e-20,1.9261543985782647e-18,1.1322335592155598e-18,2.8663004326702504e-17,1.0300724397099113e-28,2.4554992002615625e-26,9.621931184843452e-22,0.0001861688971051418,0.4999987438106468,1.7992720492651535e-06,0.24999802998404336,1.5785812168390463e-06,4.584344231675533e-11,2.893520800555156e-26,3.6181784602102074e-25,5.721294168219857e-20,4.393030413607514e-29,6.299653147974561e-33,6.367240471489409e-27,4.6855579517864366e-33,9.87165496994528e-33,5.948514840673648e-17,9.28910144884155e-12,4.562834210590209e-21,1.671826639916747e-15,0.0,1.145777538565249e-35,6.427383258439067e-45,7.86037114541672e-08,1.0590067534064297e-13,2.14245617263422e-22,1.6982034764434703e-51,2.1796194401441198e-14,1.4922370825374272e-09,2.7605293991574272e-21,2.3477876893198983e-18,3.3125223376534773e-20,1.60517351161011e-22,4.416973603283297e-17,1.0679714221529893e-31,1.0897235385825487e-43,1.4868412065658707e-29,1.7245159723158614e-23,0.0999996287372137,3.7088632855196026e-07,1.866573850502718e-09,3.675422754987248e-23,1.6459464125220374e-40,1.1177561910963611e-24,3.663082218386952e-18,1.0679565641777664e-26,4.81062831673835e-19,1.0505665427823848e-42,4.741292501347353e-18,1.5582252814202997e-17,1.3027835401801416e-38,2.0599299177632545e-28,1.722355488634915e-25,2.2540609700164195e-06,1.939029983578934e-09,6.179903020197984e-05,9.364663241527125e-10,8.653389205750462e-21,1.6170064185330458e-16,3.958201593811904e-18,1.2490185749601465e-44,4.904485258702145e-16,3.276324948029613e-11,1.6765979587092497e-18,5.645772558433268e-13,4.2307580119565464e-52,4.183255431167629e-22,1.419630078720438e-15,4.1186809920630666e-21,2.4748091535310002e-20,1.6180403579576288e-15,9.952503073726749e-33,1.819499136677016e-24,7.718817881366284e-21,0.00033398701413212993,1.2508253684097263e-08,8.156305088858988e-19,6.992154835829219e-15,1.329823604703989e-40,1.5270310355801964e-25,3.799632078735872e-29,8.141629927140765e-36,1.079918595887029e-30,3.828326052761755e-38,5.097839406575234e-14,4.681524640337383e-10,1.1470903735593318e-12,3.509998851217438e-06,3.044240192481882e-31,6.436560655693761e-28,2.4240073390704617e-12,1.779997573934292e-06,9.388268715780235e-31,4.77295545961055e-22,3.172969320260579e-44,2.600121743693778e-34,0.0,0.0,6.996193923977123e-19,1.8109247597498595e-15,2.997201674536193e-27,2.4659890476397815e-16,3.862729327612421e-38,1.5625912257421698e-24,3.8627550433421525e-38,3.375675197584611e-45,2.697207511289374e-35,1.3965592472562204e-23,1.399987494661382e-19,5.810192717415565e-21,9.244516796261533e-32,6.116388443648314e-26,1.9314685897607585e-29,1.7171054994985606e-23,2.6370713041801935e-20,1.1223687994530302e-34,1.8362636519542386e-38
8.550695309529694,2.415099810435037e-10,0.00017699985537555202,3.9588111532686006e-24,8.422496115697565e-20,4.2592442538540365e-26,2.8546121678534912e-21,1.6141312099959732e-29,4.904551461630412e-23,3.39195527350926e-52,1.8771221350526304e-41,4.531317034205609e-50,5.413656518521669e-32,6.114314438005733e-27,4.319954742733794e-40,2.1248368287178952e-29,3.390123070581026e-31,2.3165983606953543e-64,3.057449088834288e-49,1.227794164578362e-46,3.855594296917042e-55,8.689464228033486e-63,8.223755786439219e-53,1.3146120540427547e-14,3.7626478775616683e-13,2.0154105051202686e-16,2.583516706575568e-12,3.284696904272366e-40,5.949228117409368e-37,3.89693017984822e-19,1.4119139732663244e-13,2.3645872004914864e-52,9.29229179905806e-56,2.2591340623002565e-36,5.198222767897654e-34,5.949307803560205e-37,3.5278017490136107e-33,3.399801782504999e-25,8.846247717494046e-24,1.741227351705233e-21,1.2577149902762552e-11,3.169001209662739e-08,1.4701933113153033e-19,2.905357231768414e-18,2.538823018753958e-18,4.244761999766018e-17,6.198136239743902e-28,1.5412907486501955e-25,2.929201584580667e-21,0.00018788367866330987,0.4999982057504659,2.633142829423463e-06,0.2499971328605645,2.203374951331381e-06,9.401523690994982e-11,1.255300785973954e-25,1.5688787546270061e-24,1.7053391899501487e-19,2.215039336600074e-28,3.9829987280984595e-32,2.761676710215844e-26,2.786460113905673e-32,2.2391731092488438e-31,3.6756116939905393e-16,2.7367726930197283e-11,9.502326297282841e-21,2.401435467003112e-15,0.0,4.984147087169185e-35,9.696851848667656e-44,1.6051075147630746e-07,4.5286154848284406e-13,4.449513932811729e-22,6.566602366409557e-50,6.532191178796058e-14,2.1033301946481142e-09,8.263017872378902e-21,4.809620611327115e-18,9.851385702027941e-20,6.726605250172431e-22,9.157497159648931e-17,5.512828287324693e-31,1.2081281697291828e-42,9.385463795925617e-29,7.44661756515125e-23,0.09999946143279911,5.363321344159795e-07,3.725182542884171e-09,1.5684333802115771e-22,2.4079357409022262e-39,1.0155904246757317e-23,1.568590132705709e-17,6.646255614199977e-26,1.0160670534490912e-18,1.0812538148448601e-41,9.914918328421099e-18,3.23610929814877e-17,8.258724461340585e-38,6.2019762774557695e-28,1.0665631601915983e-24,2.2531962471048092e-06,2.803752895190014e-09,6.179858708004264e-05,1.3442862369519287e-09,5.398413048521841e-20,4.752342625712194e-16,1.690518038662234e-17,1.7404503312925095e-43,2.129430114109328e-15,6.694570031002067e-11,1.0529407960576043e-17,1.6739754247434131e-12,1.6669192507746264e-50,2.670045952112751e-21,6.104129609687742e-15,2.5610343783072603e-20,9.329850684963741e-20,4.7923356348127766e-15,1.3081076262088679e-31,5.500084689755886e-24,1.6281036106979784e-20,0.0003339813644235062,1.7653297392257138e-08,1.229890133016785e-18,2.073127073100585e-14,8.565604573339455e-40,4.621945113242957e-25,2.282261948962807e-28,7.393390624301188e-35,6.731303506082685e-30,3.434842154919124e-37,9.698892330192577e-14,9.54314745970965e-10,1.661422643624614e-12,3.509998336133558e-06,1.3360565347058282e-30,1.9387391152886942e-27,3.482312631634142e-12,1.7799965148182878e-06,2.8694111342535643e-30,1.4570896624271515e-21,5.2092740492194626e-43,3.034441099120441e-33,0.0,0.0,1.4668598031768772e-18,2.5123051122282363e-15,8.914526134621999e-27,3.55075999456091e-16,1.668164994324158e-37,3.172724790165421e-24,1.6681810691270348e-37,3.1340065175154203e-44,7.966972865696322e-35,4.1114467674051606e-23,2.1994719262764443e-19,1.2229664453243333e-20,3.8567108067248634e-31,1.8167832626647615e-25,5.821481408059662e-29,5.167236197133989e-23,5.797137044137783e-20,4.879763913916629e-34,1.1518703868670152e-37
12.365025114423291,3.0471025138022075e-10,0.00017699979082280026,2.4674071860408967e-23,2.5590435238002956e-19,3.6343867591610793e-25,1.2200196749201697e-20,1.3501555391171286e-28,2.90355708451521e-22,6.405856453001269e-51,2.501553778699879e-40,5.863701073122943e-49,6.609581078914772e-31,3.753685124120524e-26,2.822626429014957e-39,1.796719664436743e-28,3.952888360471454e-30,7.918484770669409e-63,1.1290452076765784e-47,3.2830375118209344e-45,2.869543674010112e-53,9.240263723882323e-61,4.0799059133643944e-51,2.8020801006258814e-14,5.208983479125048e-13,6.01679677901302e-16,3.6287230947674126e-12,4.3682957193476546e-39,1.5907865124398796e-35,1.1654212018661192e-18,2.88425935918536e-13,1.2710261846768763e-50,3.8271631570317504e-54,2.924696236060028e-35,4.587691865259464e-33,1.5908168977979606e-35,6.433939525704273e-32,1.474599238925196e-24,3.79536999236335e-23,5.153026918342195e-21,2.652398054897683e-11,3.075122545283431e-08,3.436235489183058e-19,4.478661303968062e-18,5.83964492609557e-18,6.407140127410429e-17,3.7651724130496565e-27,9.705992422847134e-25,8.940638988396589e-21,0.00019036288262282955,0.49999744957338343,3.869385202381318e-06,0.24999581767356477,3.0297238395318284e-06,1.9112874198755802e-10,5.426425349211895e-25,6.776862067866043e-24,5.050178316176941e-19,1.3517272228515916e-27,2.5177211254327697e-31,1.1933587199626499e-25,1.6773781308594771e-31,5.6907507328372595e-30,2.267299246968499e-15,7.970827372973436e-11,1.975182856657311e-20,3.4390501955091226e-15,0.0,2.1628771808815387e-34,1.6690347256888725e-42,3.244683223884194e-07,1.9174441800794063e-12,9.212070567776745e-22,2.8838603382901793e-48,1.949609942369694e-13,2.930926863634901e-09,2.463384246497282e-20,9.764035071973737e-18,2.9081607465740175e-19,2.838660509672902e-21,1.8915383365843618e-16,3.543444199267192e-30,1.6946265285230281e-41,5.920774490138318e-28,3.212075056936507e-22,0.09999921862521695,7.755799130649464e-07,7.284986068261762e-09,6.6230815397549665e-22,4.6364583621775134e-38,9.201108950122472e-23,6.654935877534588e-17,4.1073277283727417e-25,2.1900992524154674e-18,1.1374614669379414e-40,2.0732272289932104e-17,6.702826886446921e-17,5.2403988831845325e-37,1.8635167741830256e-27,6.5436424717699314e-24,2.2519460308275515e-06,4.053969172447604e-09,6.179793613923328e-05,1.923448506675177e-09,3.3514604015225195e-19,1.3793913046627636e-15,7.145621894967456e-17,2.4637039330307775e-42,9.216663252853175e-15,1.3543888083116886e-10,6.592298563827557e-17,4.920994150189099e-12,6.52394400942708e-49,1.710786567596792e-20,2.6053090764349513e-14,1.580586657466249e-19,4.535460054225906e-19,1.4064805280955396e-14,1.7146309626263458e-30,1.6622949213059664e-23,3.507174338281989e-20,0.00033397333828563957,2.4655904210529108e-08,1.964637704323628e-18,6.093789811586103e-14,5.6910638824701533e-39,1.4257438976076442e-24,1.3828181049065591e-27,6.7073778679531144e-34,4.194399629034996e-29,3.055700227913482e-36,2.4250403213785336e-13,1.923803387474656e-09,2.4080503750305595e-12,3.509997588422609e-06,5.872398095891908e-30,5.829066876692186e-27,4.9881514039974266e-12,1.7799950079096366e-06,9.393277316495589e-30,4.465043632294006e-21,8.914733748385402e-42,3.6897000552548676e-32,0.0,0.0,3.078753708876337e-18,3.425239094246931e-15,2.632690558670784e-26,5.102524694773409e-16,7.1652224477140055e-37,6.3618348140640085e-24,7.165322424188617e-37,2.9194325489838682e-43,2.3296255191324643e-34,1.2293494281707218e-22,3.599600408327539e-19,2.5867541452751416e-20,1.6283044612449816e-30,5.355533350033141e-25,1.751867798973664e-28,1.5516077149627424e-22,1.395379207052183e-19,2.1161966249175357e-33,7.199839605551024e-37
17.88086705766717,3.9618343717128285e-10,0.00017699969743079267,1.5559670051891915e-22,7.786484148105099e-19,3.1767192769661973e-24,5.2184958951932647e-20,1.1567058520170365e-27,1.742683916186278e-21,1.2028411837812014e-49,3.340674006101633e-39,7.513712084329192e-48,8.293288502490576e-30,2.2814261910162215e-25,1.9006516741637205e-38,1.5470013492719215e-27,4.8121010449984375e-29,2.7775935337837816e-61,4.222782390354545e-46,8.853913140241862e-44,2.2222966604991996e-51,1.0273090824573948e-58,2.1143583314744895e-49,6.01471797958286e-14,7.082233234541788e-13,1.786039133117065e-15,5.031995413502139e-12,5.816772209789721e-38,4.221226620338411e-34,3.4677585902758753e-18,5.830720902530399e-13,6.975931237990165e-49,2.432007785356906e-52,3.751845872368716e-34,3.988136340674531e-32,4.221340793866624e-34,1.1565916477920664e-30,6.3708868060321646e-24,1.6150362677250883e-22,1.5102833950787404e-20,5.611280091734838e-11,2.944264569881043e-08,8.341961730570931e-19,7.307937710780787e-18,1.397488871217328e-17,1.0290062265457515e-16,2.2983989957099875e-26,6.1247494012461535e-24,2.738022900934519e-20,0.00019394681799795023,0.4999963975624729,5.714050971008388e-06,0.24999388225407745,4.08024827782305e-06,3.8366299960342756e-10,2.3335433608374057e-24,2.9110229487025043e-23,1.4814808155170207e-18,1.0697882593438766e-26,1.59074258370961e-30,5.128384459502364e-25,1.0167614746998492e-30,1.470804389687199e-28,1.3913970196496163e-14,2.2834333578541585e-10,4.0943221603866114e-20,4.903382424729495e-15,0.0,9.352376505755435e-34,3.0248494624738604e-41,6.467146981154852e-07,8.003321269358968e-12,1.898523019186099e-21,1.3706234881858344e-46,5.783594401209318e-13,4.017000141228646e-09,7.305946385180001e-20,1.9573267714593475e-17,8.49498070094377e-19,1.2010893533205067e-20,3.887884029834796e-16,3.0385241188078185e-29,3.1706004137652767e-40,3.730524215922961e-27,1.3808901682565026e-21,0.09999886609714735,1.1215506974479781e-06,1.3842271301644984e-08,2.755207215536239e-21,1.069688002837571e-36,8.30136467698799e-22,2.7860643664145024e-16,2.513056818016424e-24,5.108657825048269e-18,1.217921182214975e-39,4.334264781142369e-17,1.3835319292442042e-16,3.3291858864698085e-36,5.5827001055805006e-27,3.961471607575611e-23,2.2501385834953522e-06,5.861416504647495e-09,6.179697596882518e-05,2.739331315422906e-09,2.065389706359588e-18,3.933240397144854e-15,2.975953966347036e-16,3.55872087684234e-41,3.9714013600101143e-14,2.7020888502445543e-10,4.108861791480568e-16,1.4291303053794099e-11,2.528709821967331e-47,1.1019115083095488e-19,1.1002834490353743e-13,9.64985163027513e-19,2.546382560073676e-18,4.074119504453636e-14,2.238636772675906e-29,5.022746224715138e-23,8.01736140844096e-20,0.00033396200974284714,3.393541512795899e-08,3.730732513801742e-18,1.7692666827472908e-13,4.198627588744547e-38,4.751711876726428e-24,8.409514252563352e-27,6.071080519604688e-33,2.606212720563205e-28,2.6852120497107657e-35,8.000780599729086e-13,3.817285980060771e-09,3.493689886420044e-12,3.509996501224472e-06,2.586278770777789e-29,1.7479132098587625e-26,7.1154364775192765e-12,1.7799928792655675e-06,3.277955757833453e-29,1.3751003216839898e-20,1.5638018793926428e-40,4.614174223572004e-31,0.0,0.0,6.4710351720889714e-18,4.5596969145458284e-15,7.698171843903557e-26,7.310686293887229e-16,3.054144361045248e-36,1.2536169715893377e-23,3.054206095051475e-36,2.72543001667749e-42,6.7160079020545075e-34,3.7425706973530715e-22,6.494699400304559e-19,5.555097631009347e-20,6.93144171590326e-30,1.5620027007916447e-24,5.259535699438947e-28,4.644877584373805e-22,4.090393622757156e-19,9.144550559925413e-33,4.4774563642134915e-36
25.857238766221403,5.286263914310944e-10,0.0001769995622846151,9.89071463947379e-22,2.3721921406866853e-18,2.822015683219349e-23,2.2228365851800746e-19,1.0042386009468542e-26,1.051706709588081e-20,2.2394469150438914e-48,4.4687946827214354e-38,9.4907434391819e-47,1.0599138051691305e-28,1.3655656945438644e-24,1.4159727712264282e-37,1.3434215861482312e-26,6.026276224760082e-28,9.934714441137262e-60,1.582752639192976e-44,2.394364351139493e-42,1.7620683672164774e-49,1.1729777070384406e-56,1.1251514289362261e-47,1.30241833800654e-13,9.395315150664937e-13,5.2566447129904156e-15,6.85179966943611e-12,7.750404347760272e-37,1.104708567624732e-32,1.0242320212954907e-17,1.161038873411561e-12,3.874403098043016e-47,1.8596503165419563e-50,4.7521049086084586e-33,3.395575721424288e-31,1.1047503705595158e-32,2.0314598832974934e-29,2.736297992372873e-23,6.792953629542774e-22,4.3645105761571914e-20,1.191539258720814e-10,2.7648227733701815e-08,2.1664926552685863e-18,1.406390318860459e-17,3.614219059295233e-17,2.009994782934632e-16,1.4034807438445688e-25,3.868792962814066e-23,8.418630005435918e-20,0.00019912661795138864,0.49999495173818326,8.483281752025009e-06,0.24999102344357524,5.341834684169244e-06,7.560938082154819e-10,9.958963052566697e-24,1.240271256881876e-22,4.286372264068487e-18,1.0417561508096355e-25,1.0040606285742607e-29,2.1860097396750616e-24,6.1732809309380374e-30,3.74330252488285e-27,8.458573250633433e-14,6.388470346279738e-10,8.452331115321383e-20,6.946471089144901e-15,0.0,4.0225417608143344e-33,5.554454685076779e-40,1.2642858626935022e-06,3.272519436686429e-11,3.886428464626999e-21,6.774152153775663e-45,1.700311650514029e-12,5.374824220560078e-09,2.1543803799635447e-19,3.8609937544502983e-17,2.445985477840535e-18,5.072651848224713e-20,7.950393923152547e-16,3.255451246871681e-28,7.299061779558205e-39,2.3453433876147017e-26,5.899803437539441e-21,0.09999835437920174,1.621850127463628e-06,2.526078687279498e-08,1.1225199929014822e-20,2.655017889653421e-35,7.444327213197456e-21,1.1443202048737168e-15,1.5159471631505123e-23,1.5242752910624078e-17,1.3168667310924304e-38,9.056813259922641e-17,2.8435627669096524e-16,2.1179749356910905e-35,1.6650570150043397e-26,2.3527667019883155e-22,2.2475257327225994e-06,8.47426727740018e-09,6.179555433331746e-05,3.875363726781081e-09,1.2590842668067994e-17,1.0936821148483831e-14,1.213560570364018e-15,5.329989554851171e-40,1.7004297235224022e-13,5.287329809675908e-10,2.544321802463191e-15,4.0798263137399284e-11,9.6637329877997e-46,7.14617740856157e-19,4.57743514018653e-13,5.800051642710054e-18,1.5114115705365364e-17,1.1583106413394925e-13,2.906078142396845e-28,1.5172875796492196e-22,2.1122245329650591e-19,0.00033394614638933957,4.5770577299032324e-08,1.0380628897916807e-17,5.047784814385827e-13,4.112980925167275e-37,2.0063451218317693e-23,5.107171992444051e-26,5.472989711323182e-32,1.6100407503986326e-27,2.3182670059972737e-34,3.1322481822443964e-12,7.407116675967248e-09,5.075979697863162e-12,3.5099949166969112e-06,1.14199583274131e-28,5.220574581521914e-26,1.0089678455803607e-11,1.7799899033837163e-06,1.2099182968891417e-28,4.261720002991953e-20,2.773725611261359e-39,5.878501220950206e-30,0.0,0.0,1.362547202861929e-17,5.879777339797677e-15,2.2203924755963286e-25,1.0427646070706287e-15,1.287905178057049e-35,2.4121970287215987e-23,1.2879429116332723e-35,2.5413910418224745e-41,1.8983395002630174e-33,1.1790567130739047e-21,1.4916426550518313e-18,1.2607980877753529e-19,2.965416007493858e-29,4.489549677786465e-24,1.5733678095232894e-27,1.3845989137811575e-21,1.6018482048055505e-18,3.93301995588288e-32,2.7647665027095365e-35
37.39174361383633,7.204869639358543e-10,0.0001769993666491665,6.32618202271069e-21,7.229139839990847e-18,2.5331001816993415e-22,9.380635549483779e-19,8.762001197801348e-26,6.334297737839714e-20,4.1166532236428453e-47,5.977468524461853e-37,1.1738005113272137e-45,1.370670707879538e-27,8.001157847784753e-24,1.385048502785376e-36,1.1668650358963917e-25,7.681673938699029e-27,3.593046937662844e-58,5.8823996832964536e-43,6.485379131783574e-41,1.4143076643410775e-47,1.3586901258230273e-54,6.085329880659728e-46,2.8487825970084817e-13,1.2067197107573162e-12,1.5275011665260507e-14,9.092437892974927e-12,1.0312845655471923e-35,2.8265827456720786e-31,2.9923683719452813e-17,2.2619698961621746e-12,2.1604813811076066e-45,1.482339314795552e-48,5.919552810316867e-32,2.814363083450654e-30,2.8267292868566236e-31,3.4437706824718183e-28,1.164664682247334e-22,2.8106105310363928e-21,1.2356815285148522e-19,2.540059319409153e-10,2.5245106658236367e-08,6.499857478111427e-18,3.8593816967324914e-17,1.1115834463921717e-16,5.911705518695794e-16,8.530544250944563e-25,2.442748303868299e-22,2.5993975938351805e-19,0.00020661004636117578,0.4999929911751605,1.265723342453086e-05,0.24998678913894803,6.7379008661646326e-06,1.450614362064567e-09,4.2031762008741816e-23,5.221275125266729e-22,1.2153413726752572e-17,1.1091817362464672e-24,6.324446555081575e-29,9.205293670781497e-24,3.732132879587405e-29,9.239720583120879e-26,5.064517194795606e-13,1.7280822950027273e-09,1.7342541778173675e-19,9.748717774639797e-15,0.0,1.7163048824893503e-32,1.0150635473513219e-38,2.4083335803222555e-06,1.2991539782698067e-10,7.876841744008822e-21,3.38203032377263e-43,4.931565349928287e-12,6.945341482408186e-09,6.333490940051588e-19,7.513212224556763e-17,6.924596423624521e-18,2.1273805245697966e-19,1.6282794090897096e-15,3.893690272190754e-27,1.8435240901785335e-37,1.468729144005787e-25,2.49480935655779e-20,0.09999761257269352,2.3453179823966774e-06,4.359944013932296e-08,4.449266341360088e-20,6.653488975592564e-34,6.61707757934111e-20,4.573738296418274e-15,8.963410659735845e-23,7.0979399521645e-17,1.4223042956145866e-37,1.890489789299689e-16,5.815730908053674e-16,1.3492436340191706e-34,4.9329796110241196e-26,1.3596091067684496e-21,2.2437488698627627e-06,1.2251130137235418e-08,6.179344496623402e-05,5.430742098588159e-09,7.555431844152526e-17,2.935732486705892e-14,4.803627019221803e-15,8.71838461561302e-39,7.215818125784156e-13,1.0075825004715899e-09,1.5605856425128177e-14,1.1371368593318939e-10,3.617403282689262e-44,4.673500618860825e-18,1.86427393417864e-12,3.408188760908112e-17,9.07513518507889e-17,3.207143965920474e-13,3.7411892037658846e-27,4.58370728454011e-22,7.122462651307186e-19,0.0003339241275828333,6.006548588473866e-08,4.501880684472354e-17,1.4051270647230808e-12,6.250597165961991e-36,1.2903586159083746e-22,3.079734554053309e-25,4.90135094287007e-31,9.848686979582525e-27,1.951527943962251e-33,1.3200960246257937e-11,1.393208802761071e-08,7.389697400322419e-12,3.5099925997739893e-06,5.05860741626564e-28,1.5499925048866715e-25,1.418660249368393e-11,1.7799858046025181e-06,4.681464441173533e-28,1.3306107843329287e-19,4.91710020691102e-38,7.57622525907902e-29,0.0,0.0,2.875010280667751e-17,7.283401884977338e-15,6.2874395275658495e-25,1.4772058238353403e-15,5.351054135373144e-35,4.497365263535843e-23,5.35128150250067e-35,2.351458615061249e-40,5.223600861806061e-33,4.099509389449803e-21,5.151238463159779e-18,3.439673369768156e-19,1.2712855218844964e-28,1.2651778628936666e-23,4.6803131644847036e-27,4.104548262316562e-21,8.083778743899046e-18,1.683286258580532e-31,1.6916039630099266e-34
54.07160846228208,9.986150310822901e-10,0.00017699908330354248,4.0659977661125997e-20,2.197902173709901e-17,2.2857482092634262e-21,3.896035988155676e-18,7.62675855313918e-25,3.776206750927027e-19,7.423354709074378e-46,7.958713127510683e-36,1.407407281552627e-44,1.7832982116377896e-26,4.565777082408708e-23,2.060230439662125e-35,1.0049558373052075e-24,9.884417766421643e-26,1.3005081628841397e-56,2.1407367877712108e-41,1.7761102287836775e-39,1.1385591954752988e-45,1.5815418741248985e-52,3.3534147688837277e-44,6.29406352551078e-13,1.4889703741020547e-12,4.354376607241049e-14,1.1641744282645922e-11,1.364079608006725e-34,6.980889164716902e-30,8.602832018212182e-17,4.2701999956590815e-12,1.1993221575624445e-43,1.1692398447187141e-46,7.244416800016096e-31,2.2682649799940183e-29,6.981366802848577e-30,5.535775566625447e-27,4.888068467205143e-22,1.136222996582676e-20,3.3953881956104233e-19,5.430078019673536e-10,2.213486290458302e-08,2.5613186943760242e-17,1.576175804782389e-16,4.696843205277483e-16,2.6194476384115304e-15,5.129808574571809e-24,1.5376256486890185e-21,8.051670988734534e-19,0.00021741441181361888,0.49999036688278387,1.8948801083834578e-05,0.24998051470315596,8.112006261483834e-06,2.6761026092163636e-09,1.7451976914773418e-22,2.159467545553919e-21,3.344797577281295e-17,1.1779437255621303e-23,3.966889142083373e-28,3.805758003767471e-23,2.2299119636522443e-28,2.1834407967136545e-24,2.9621581655350623e-12,4.4567016978916e-09,3.5256211970943525e-19,1.3493404898723391e-14,0.0,7.233652687203431e-32,1.8244134659789382e-37,4.4363589107394375e-06,4.943694062229058e-10,1.5728049411445952e-20,1.6768242333562155e-41,1.401333489033898e-11,8.532013349342896e-09,1.887186662592351e-18,1.4945225179844424e-16,1.946428572136363e-17,8.800202262426631e-19,3.470206619551675e-15,4.93849494579918e-26,4.757696914308912e-36,9.13298559454175e-25,1.0375059967577955e-19,0.09999654016914056,3.3914982218639485e-06,6.982275361784822e-08,1.7118615686388326e-19,1.6269215099803973e-32,5.806363968809669e-19,1.7587095293854915e-14,5.153329224619893e-22,4.733714878571133e-16,1.5187615420244315e-36,3.937248720599853e-16,1.1834564238289547e-15,8.600581457281414e-34,1.446583818739728e-25,7.556782608619035e-21,2.2382897989689975e-06,1.7710201031000475e-08,6.179031924017248e-05,7.509062793541742e-09,4.43208363963182e-16,7.505015007590356e-14,1.8238065407677678e-14,1.7440004009765323e-37,3.023870396119452e-12,1.8534987961538106e-09,9.439383989543459e-14,3.066489109175352e-10,1.3136091240366968e-42,3.083906978064731e-17,7.369369591252075e-12,1.9381404291482884e-16,5.398208820643482e-16,8.555206549243007e-13,4.7581224528697405e-26,1.3866931146938088e-21,3.1333284184917733e-18,0.00033389381174894967,7.605913385147802e-08,2.5043555877840895e-16,3.779650964540676e-12,1.297459776056234e-34,1.1713071414007974e-21,1.830852196873938e-24,4.343560829653856e-30,5.928323483126057e-26,1.5855392590030568e-32,5.698428116887925e-11,2.510965906489689e-08,1.0788243789875141e-11,3.5099891966344315e-06,2.248451975734132e-27,4.560382294462411e-25,1.9710654427133546e-11,1.7799802785688929e-06,1.8845561595051083e-27,4.185957316838625e-19,8.616021205509195e-37,9.81822019817538e-28,0.0,0.0,6.078694829950528e-17,8.618242044711588e-15,1.7384433068735306e-24,2.0704691000218685e-15,2.1792103173203167e-34,8.056890201881003e-23,2.1793446339635594e-34,2.1353516117123374e-39,1.3870600192069378e-32,1.8802013061991952e-20,2.5339409258050777e-17,1.406478380524629e-18,5.444580730602711e-28,3.474155917915283e-23,1.3798355485876133e-26,1.2091289641486683e-20,4.675889359731657e-17,7.208880689324237e-31,1.0259470222698816e-33
78.19209694774575,1.4021746702989136e-09,0.00017699867260643505,2.6199091069620933e-19,6.627580922089005e-17,2.060515203072939e-20,1.5767206943187247e-17,6.572731345155729e-24,2.204378708537471e-18,1.2997608537766272e-44,1.0444726814456185e-34,1.6119953043864678e-43,2.3185118851451576e-25,2.5527174401575694e-22,4.287549792642075e-34,8.48877039485754e-24,1.2732785626574084e-24,4.649665380546463e-55,7.496409552523582e-40,5.14777744369438e-38,9.099999130298277e-44,1.8319034185022198e-50,1.9607047343473227e-42,1.400493181450694e-12,1.757422256707109e-12,1.2058431336132165e-13,1.4204656251629644e-11,1.7766908991714984e-33,1.6318348882165658e-28,2.414994906926367e-16,7.70474394768741e-12,6.548561892771463e-42,8.854540336988838e-45,8.854051029903396e-30,1.8246768940646005e-28,1.6319720888518632e-28,8.221423195803179e-26,2.0066104106210843e-21,4.4442714241295305e-20,8.930789471155776e-19,1.1597652968988004e-09,1.830307986327966e-08,1.3979124420398235e-16,7.886999632142231e-16,2.805273830125265e-15,1.3902809799085215e-14,3.027150082725564e-23,9.598061489443527e-21,2.4927066620043082e-18,0.00023299531045891254,0.49998689369424565,2.8382328668762728e-05,0.24997124477760302,9.256284635989424e-06,4.660621331232292e-09,7.074056358915958e-22,8.700307187873214e-21,8.807861811586762e-17,1.1770022483063102e-22,2.4670888592851387e-27,1.5298217205471891e-22,1.3027193060064623e-27,4.8689998496985693e-23,1.6722008162707687e-11,1.075083828684077e-08,7.066756627645911e-19,1.8298591762042174e-14,0.0,2.9910066289948084e-31,3.183459960160895e-36,7.842115236227784e-06,1.77083019058957e-09,3.070479969255613e-20,8.338009193715964e-40,3.8588444887132646e-11,9.737945063702104e-09,6.089542543454313e-18,3.534516667940929e-16,5.805283442236011e-17,3.557066572253447e-18,8.872412445350814e-15,7.0821215020382735e-25,1.2075787889492935e-34,5.606648599491666e-24,4.199577370824071e-19,0.09999499558204165,4.9043310946499455e-06,1.0157697971328782e-07,6.574739923019391e-19,3.7829216771823625e-31,4.999290666290097e-18,6.403572235130885e-14,2.8494719440865905e-21,3.559944013509311e-15,1.6083563508774408e-35,8.161939955985263e-16,2.397666424005477e-15,5.473003019355547e-33,4.174905141112074e-25,3.975212712432703e-20,2.230399720298672e-06,2.560027970132571e-08,6.178571828811641e-05,1.019028662362135e-08,2.5169814473361972e-15,1.7956102343207272e-13,6.536420764288017e-14,4.766400928556773e-36,1.2452141751574616e-11,3.2571454812664158e-09,5.593116896150675e-13,7.90596045784876e-10,4.561337176464842e-41,2.048504989091952e-16,2.7940951181760366e-11,1.0507974622624486e-15,3.137800659071087e-15,2.1666465557779728e-12,5.944740942493117e-25,4.2205474821368785e-21,1.6304806020060865e-17,0.000333852275316859,9.217095107774907e-08,1.510678036546998e-15,9.700635686694656e-12,2.9563546998458535e-33,1.205913605050364e-20,1.0625491068309795e-23,3.7873205670260775e-29,3.47642855919332e-25,1.2275843588343494e-31,2.4607658009509057e-10,4.274759721001972e-08,1.5810587296754933e-11,3.509984167596288e-06,1.0020912726367914e-26,1.3230347812414112e-24,2.693498422071837e-11,1.7799730520958847e-06,7.894519696774053e-27,1.3239633808571563e-18,1.4742475564588643e-35,1.2705947800090417e-26,0.0,0.0,1.286500470485457e-16,9.781873271438975e-15,4.668998451217009e-24,2.853326404129439e-15,8.645128648670654e-34,1.3773544512260222e-22,8.645900955939972e-34,1.8735002172479757e-38,3.5194721321576025e-32,1.385505257057967e-19,1.4577818544394198e-16,8.805964722499112e-18,2.320587458934035e-27,9.230958426444347e-23,4.0086846587061285e-26,3.546131707086806e-20,2.839173968405749e-16,3.1856494562292586e-30,6.258730359143651e-33
113.07235347641867,1.988448076582253e-09,0.00017699807662423852,1.6831390273054902e-18,1.959011337636435e-16,1.8372775693998794e-19,6.120469766440643e-17,5.556436210670688e-23,1.2400906053658582e-17,2.173784032648063e-43,1.325614134738244e-33,1.7256111841741165e-42,2.9806808159361364e-24,1.4827593447798631e-21,1.178580105924622e-32,6.921394959441322e-23,1.6234866022577245e-23,1.6132999532206988e-53,2.459866760795389e-38,1.823024490334302e-36,7.117902971970419e-42,2.0836965877590694e-48,1.39804210346036e-40,3.112631273281287e-12,1.996754700958451e-12,3.1958503318012394e-13,1.6301211430055817e-11,2.2393686988988945e-32,3.502309400410017e-27,6.544345122561255e-16,1.3032513470812746e-11,3.4493601996568914e-40,6.201991106407747e-43,1.170773986496044e-28,1.6387825338401666e-27,3.5026181407700666e-27,1.0853308656047471e-24,7.952273679068302e-21,1.657762465208994e-19,2.2033436378149146e-18,2.4528761691936077e-09,1.390655973833769e-08,9.393805623796758e-16,4.084611067508941e-15,2.042005441814045e-14,7.523321866929048e-14,1.7331896271174695e-22,5.878564255530618e-20,7.645369770405188e-18,0.00025541889438730054,0.4999823570295191,4.2384956348333444e-05,0.24995763873566915,1.0007501486372368e-05,7.453544308627904e-09,2.7676355120563662e-21,3.3719794670662215e-20,2.1713602131128334e-16,1.056271037667903e-21,1.5088057859548943e-26,5.88755857693943e-22,7.318166219485114e-27,1.0077108692689558e-21,8.950355335886e-11,2.365218101893613e-08,1.3857602838776579e-18,2.4074572439412468e-14,0.0,1.1996875899797125e-30,5.292440106070178e-35,1.322177282183862e-05,5.819948246087429e-09,5.791005927809162e-20,4.577397670593268e-38,1.0121107296587391e-10,9.985808710874903e-09,2.54902789861487e-17,1.300608123899872e-15,2.266409636509342e-16,1.3859996125191935e-17,3.495966540224303e-14,1.4272490666462432e-23,2.9266803812499783e-33,3.3619468591525334e-23,1.6263491464313394e-18,0.09999277763114107,7.091948096923109e-06,1.3191087800709367e-07,2.9145325377936516e-18,8.12469261670704e-30,4.1850738563501777e-17,2.1603239337598517e-13,1.4926025516740283e-20,2.6352216140077912e-14,1.7927114229598101e-34,1.6763837258261513e-15,4.843412106980291e-15,3.4572235784621826e-32,1.1746646086980775e-24,1.9361523477507e-19,2.2189969087444137e-06,3.700309125558434e-08,6.177903796278044e-05,1.3478421308489644e-08,1.3652358954242035e-14,3.9354679915914743e-13,2.1651860784566364e-13,1.8436732502505179e-34,5.0041192990060145e-11,5.404977610148785e-09,3.2136832083530075e-12,1.9188227502507704e-09,1.4822488738223673e-39,1.357583882376651e-15,9.995803342148026e-11,5.3109095782775374e-15,1.7574494000483348e-14,5.1082183460402126e-12,7.2348607670792e-24,1.3096445458643195e-20,9.016700319528687e-17,0.00033379533783681447,1.0635211447701199e-07,9.208185216120669e-15,2.3376015193557192e-11,6.541717822466795e-32,1.2486169209691576e-19,5.937746708037531e-23,3.2278953929043387e-28,1.9529425661650065e-24,8.937158770659457e-31,1.0449527610900668e-09,6.765119095842248e-08,2.3291054275927415e-11,3.5099766765230267e-06,4.4646485007278693e-26,3.7540877046840035e-24,3.598259109694675e-11,1.7799640014645943e-06,3.5547646462207095e-26,4.181745036996517e-18,2.426833554632682e-34,1.6249179912547078e-25,0.0,0.0,2.7165478238395655e-16,1.0908555704494061e-14,1.2143357924897005e-23,3.825997931996343e-15,3.3183802848420725e-33,2.243167355288834e-22,3.318808488763375e-33,1.5574668126345356e-37,8.451077839082176e-32,1.4808768311704157e-18,8.655397607702127e-16,6.689923184838496e-17,9.788622607840739e-27,2.3550928050921676e-22,1.1361689358987692e-25,1.0450097016797111e-19,1.7270619035981178e-15,1.6275739702666385e-29,4.1264741700201616e-32
163.5121402261457,2.841507718375243e-09,0.00017699721012419598,1.0652949418738792e-17,5.556620283577146e-16,1.5919160337967204e-18,2.2217371340198587e-16,4.549146637937357e-22,6.55474130854723e-17,3.3814809478172796e-42,1.5728638439022967e-32,1.6722254215551672e-41,3.71879011651842e-23,1.0894402455980016e-20,4.778976591450641e-31,5.311070872043614e-22,2.0105772096787857e-22,5.294789553197175e-52,7.252175580238132e-37,9.721503133523875e-35,5.321881281469986e-40,2.2786957336484782e-46,1.4813116038789636e-38,6.796121197193663e-12,2.2440041060654186e-12,7.925041977620963e-13,1.7439960770054637e-11,2.651870096014332e-31,6.583084803067742e-26,1.6836379174573312e-15,2.0124043214756335e-11,1.6955505033657814e-38,3.7895784971661724e-41,2.0172276165192372e-27,1.991513209370549e-26,6.583432169001128e-26,1.2021261908183193e-23,2.978864739427544e-20,5.769497166735508e-19,4.948069059432375e-18,5.046807537215642e-09,9.3543120432301e-09,6.713314558823507e-15,2.0279427153850197e-14,1.5646447323148493e-13,3.8596824908181394e-13,9.500652699449205e-22,3.461508347003672e-19,2.282486134831227e-17,0.00028757674914618335,0.49997661002294536,6.292786405823643e-05,0.2499378419690459,1.0358518513944439e-05,1.049152573368572e-08,1.0278706630521204e-20,1.234628121082301e-19,4.845959270527391e-16,8.111320717757085e-21,8.93408063227304e-26,2.116396589643654e-21,3.847184843986553e-26,1.8981087238302654e-20,4.4238810314943215e-10,4.598862822104304e-08,2.62568697844962e-18,3.028667709415545e-14,0.0,4.579677382507558e-30,8.138856919477526e-34,2.1204749246655965e-05,1.6931701216237198e-08,1.0353491164266179e-19,3.478101972773435e-36,2.460001553073131e-10,8.761354530561206e-09,1.6761366953633594e-16,7.21041086396915e-15,1.407807880074667e-15,5.109843108603904e-17,2.092578696977861e-13,4.362192573853711e-22,6.534934518461693e-32,1.9316313955703194e-22,5.854774165761436e-18,0.09998959361112907,1.0255286458525182e-05,1.5259252841667613e-07,1.992451301098941e-17,1.5507143340024392e-28,3.358479574650687e-16,6.557912159673099e-13,7.249731113965817e-20,1.7998467809915768e-13,2.540133532551232e-33,3.3824979605177022e-15,9.773321434241622e-15,2.141548560770947e-31,3.171224915065953e-24,8.480054557760527e-19,2.2025202768351177e-06,5.3479723164880006e-08,6.176955374716785e-05,1.7227000129926688e-08,6.942511480399399e-14,7.711144324994093e-13,6.449810983077287e-13,1.139469799574108e-32,1.9427617476463775e-10,8.367192980167734e-09,1.7621529151379765e-11,4.295826992158141e-09,4.3647740547413704e-38,8.78421941499032e-15,3.296190916369889e-10,2.4171080449239644e-14,9.31298926375599e-14,1.0926385317236837e-11,8.4669145473549e-23,4.2750304021143834e-20,4.966831007263302e-16,0.0003337169737810226,1.1718199998986992e-07,5.4827709969534596e-14,5.186544941142481e-11,1.3077181351934169e-30,1.2447665308873974e-18,3.138678256033052e-22,2.6905654542759663e-27,1.0213683718009793e-23,6.05845730340119e-30,4.2700142071692735e-09,9.80950231005475e-08,3.4540672184491673e-11,3.509965405159919e-06,1.97306826919572e-25,1.0277903334263113e-23,4.6647684894667115e-11,1.7799533287953218e-06,1.978624784662676e-25,1.2995110159608286e-17,3.769688794489816e-33,2.0162235715745142e-24,0.0,0.0,5.678981807128987e-16,1.250042916237885e-14,3.0641020599548745e-23,4.904903841964262e-15,1.224191964400455e-32,3.5055675208270215e-22,1.224418103174008e-32,1.2008733644801065e-36,1.9048146298131112e-31,1.807247593581438e-17,4.998029553542337e-15,5.174563181552595e-16,4.048860257498663e-26,5.717614044935256e-22,3.085998323380523e-25,3.166851206017043e-19,1.0195678678298568e-14,1.2139658751328441e-28,3.610104358608129e-31
236.45231729355083,4.085302791597923e-09,0.00017699594563947175,6.487643963913493e-17,1.4594853286368715e-15,1.2982335879816562e-17,7.242140635628068e-16,3.537216585456062e-21,3.123530115605796e-16,4.685273804219328e-41,1.6493251706822506e-31,1.4015079810875697e-40,4.351379260931293e-22,1.2270148744019626e-19,2.6244196065407637e-29,3.677170992293109e-21,2.3383987268388187e-21,1.5805539715279512e-50,1.7953721839813552e-35,7.442509204709188e-33,3.65269469728205e-38,2.3110812447322936e-44,2.178127490203922e-36,1.4168027577864526e-11,2.6216818295670153e-12,1.778279973760279e-12,1.7468340235793828e-11,2.8178815234169173e-30,1.0078052279022476e-24,4.016161652054354e-15,2.737731458851909e-11,7.351844253813736e-37,1.842677319389685e-39,4.8673224768746017e-26,3.1634642485370803e-25,1.0077124812320678e-24,1.0248038376570978e-22,1.0199422369642419e-19,1.8129269828487666e-18,9.675215221473555e-18,9.791182896528404e-09,5.2909448204197895e-09,4.6928091385720966e-14,9.277100292051371e-14,1.1653784430207372e-12,1.786990819463295e-12,5.0551662397213954e-21,1.8883647156763417e-18,6.426236783669551e-17,0.0003334134173270711,0.4999699456462471,9.27940112089156e-05,0.24990929183719962,1.045576240881547e-05,1.2157720562210403e-08,3.5381733638503516e-20,4.165932971049425e-19,9.29188682756996e-16,5.041288409528733e-20,4.980326242109327e-25,6.83159671586883e-21,1.8094725844438995e-25,3.1694456067229444e-19,1.9431675408208695e-09,7.638986032307245e-08,4.714050476955833e-18,3.569994043667563e-14,0.0,1.6105515289502725e-29,1.1053341762347629e-32,3.2370948159173845e-05,4.1497428956749166e-08,1.702909477403191e-19,3.769782905236999e-34,5.30619806351148e-10,6.129531914490254e-09,1.5531520629353126e-15,4.4123176985127506e-14,1.1369944636033633e-14,1.7447326742340243e-16,1.4081022458499855e-12,1.4743191810273784e-20,1.2781202742786125e-30,1.0281521980135756e-21,1.8684855650176628e-17,0.09998501076634776,1.4829444709616245e-05,1.612790586340444e-07,2.050292053428651e-16,2.5045588756047494e-27,2.526178371875996e-15,1.7230708255120368e-12,3.1619237588667625e-19,1.0762667960352851e-12,5.479509739377454e-32,6.6066867639230336e-15,1.9728525455399624e-14,1.269591974146348e-30,7.994752353125018e-24,3.219120270608114e-18,2.178722289423912e-06,7.727771057608697e-08,6.175656105749468e-05,2.1074638651282993e-08,3.2267449464447007e-13,1.3177755381290362e-12,1.6671610588761629e-12,1.106999339031837e-30,7.17129986026919e-10,1.1932642556042031e-08,8.984586901794586e-11,8.627604451508203e-09,1.1102161916253604e-36,5.316699789135099e-14,9.674288989761468e-10,9.37924549970003e-14,4.553227765718404e-13,2.0509422129575663e-11,9.33820768943342e-22,1.544953428773122e-19,2.6174280870689632e-15,0.0003336090733359081,1.2510536247042468e-07,3.089898955052178e-13,1.0357857199509572e-10,2.190971105861069e-29,1.1618447677481948e-17,1.554150962144657e-21,2.2680711834568725e-26,4.736061004772452e-23,3.8072746088582175e-29,1.625048928519061e-08,1.2950436506920846e-07,5.164430716500958e-11,3.509948234613124e-06,8.505880563837194e-25,2.653563739190925e-23,5.822471146523505e-11,1.77994172219085e-06,1.7561434139518674e-24,3.8634225900241066e-17,5.382984443802942e-32,2.347806497643475e-23,0.0,0.0,1.1570629408219433e-15,1.528039162270054e-14,7.55871621955288e-23,5.842849205399122e-15,4.3088659752644416e-32,5.328573219086672e-22,4.3099831313588926e-32,8.401030269526778e-36,3.998605496243135e-31,2.1969186258522374e-16,2.6822630779700677e-14,3.736423685008147e-15,1.6157475644612368e-25,1.3033620807657455e-21,7.781784673061053e-25,1.019962910186727e-18,5.6332690590118665e-14,1.4349006795590374e-27,5.073313984644142e-30
341.9299525782251,5.903579333065468e-09,0.00017699408450240408,3.644638109837224e-16,3.3607584046439816e-15,9.428757330569939e-17,1.9912578289019016e-15,2.527863268483454e-20,1.254436741098823e-15,5.3959559855745506e-40,1.4007402949523964e-30,9.539950504421677e-40,4.493029164656061e-21,1.71385603856361e-18,1.4483043059340152e-27,2.1396396508716e-20,2.406158840935487e-20,4.0398880942051706e-49,3.351518093965755e-34,6.147571513470996e-31,2.146481796958145e-36,2.043987683747576e-42,3.2643987540052827e-34,2.6999158412588105e-11,3.3230596213831305e-12,3.4422048437321544e-12,1.675067874597383e-11,2.516667667866513e-29,1.1282463967700925e-23,8.605344984703444e-15,3.1380604593201014e-11,2.5640757526203724e-35,6.217620232925417e-38,1.2671200284381967e-24,4.8158615009604484e-24,1.1276545555920867e-23,5.925892020845038e-22,3.0312132664476136e-19,4.903123887400238e-18,1.5431531122287888e-17,1.7072815424158472e-08,2.367780734764561e-09,3.0745651775913233e-13,3.7725865768437034e-13,8.043859630808446e-12,7.06944737146545e-12,3.367467890328286e-20,8.969253176443331e-18,1.619575601104663e-16,0.00039806569922431177,0.4999640958847596,0.00013602053758367328,0.2498684687341711,1.0458747485346727e-05,1.0403126011926958e-08,1.0919944244335254e-19,1.255225514496201e-18,1.4116353217636112e-15,2.373098967573922e-19,2.491788805431711e-24,1.8637061515461138e-20,7.075850120664512e-25,4.492901088449109e-18,7.192021788905727e-09,1.058571352590926e-07,7.790328671621953e-18,3.845966812787549e-14,0.0,4.9379129164131606e-29,1.237244404285462e-31,4.703522097896902e-05,8.027161136129732e-08,2.462384974082463e-19,4.102018806128535e-32,9.504900894658246e-10,3.1057877396841933e-09,1.5880672579491027e-14,2.45288092780844e-13,8.863709787298453e-14,5.45438597074177e-16,8.559420970978463e-12,3.940750217186225e-19,2.0434761845296174e-29,4.792424472708346e-21,4.909918718351435e-17,0.0999783951391263,2.1443434421460435e-05,1.6291656831354674e-07,2.2203432317304097e-15,3.2809611074639945e-26,1.7173259391319145e-14,3.725006882052449e-12,1.1771072970891154e-18,5.288043242387528e-12,1.5188430038917304e-30,1.2205484966317433e-14,3.980922475693606e-14,6.886171028818078e-30,1.798185506460114e-23,1.0155862224946487e-17,2.144382348920042e-06,1.1161765107995702e-07,6.173979227855511e-05,2.4471850582147412e-08,1.3239986943100549e-12,1.924951754217499e-12,3.5643038457251135e-12,1.1527507794184205e-28,2.4510588230858743e-09,1.5487924081721803e-08,4.080810388151911e-10,1.4944009435065514e-08,2.2739352098183755e-35,2.795503500168839e-13,2.391407881215623e-09,2.8476594170482985e-13,1.98510519918028e-12,3.242207054374455e-11,9.399118480621411e-21,6.363290057213481e-19,1.2672415433838657e-14,0.00033346161275091225,1.3237976330881356e-07,1.5810463923589372e-12,1.8144273898136657e-10,2.777726603276097e-28,9.680387067837837e-17,7.7892174782563e-21,2.0831184720225573e-25,1.794695464287195e-22,2.202159524804036e-28,5.494245386094411e-08,1.573106750284285e-07,7.793737980866658e-11,3.5099216828588932e-06,3.465272491854144e-24,6.21796387764353e-23,6.953848123706673e-11,1.7799302809582512e-06,2.3843668034929624e-23,1.0472493078399089e-16,6.81270097345706e-31,2.4176210572745984e-22,0.0,0.0,2.2356833789262012e-15,1.9773331515266718e-14,1.835050808937859e-22,6.205282393816044e-15,1.427773382858729e-31,7.902129467725e-22,1.428272867337226e-31,5.19232576864341e-35,7.6897701661077775e-31,2.4546856856576122e-15,1.2632454832021096e-13,2.3462253020585477e-14,6.043939832445688e-25,2.7258953511259093e-21,1.7254615243521192e-24,3.509337483914984e-18,2.7637093597426334e-13,2.107121379767402e-26,9.593049094511879e-29
494.45949106516065,8.570005246452389e-09,0.0001769912937132859,1.7653772299573954e-15,6.301861356168368e-15,5.574770956969777e-16,4.227737604635961e-15,1.5649773850687016e-19,3.8166867599977e-15,4.655139228898246e-39,8.507184788499179e-30,4.8692417391662555e-39,3.6903157881099094e-20,2.095798396625626e-17,6.229534695394266e-26,9.293787513283515e-20,1.9788765742950884e-19,8.087338954737827e-48,4.000450533895995e-33,4.2510181656736575e-29,9.601459628326287e-35,1.4221760382508113e-40,3.7086075277321224e-32,4.439028370165226e-11,4.508376590904005e-12,5.404617018766639e-12,1.5783862981750725e-11,1.7372398797698343e-28,7.994445933424931e-23,1.5951878823852775e-14,2.902279151197227e-11,6.244585651300348e-34,1.2109147855300956e-36,2.586593782854214e-23,5.257886707194651e-23,7.980711604507262e-23,1.9677938480739114e-21,7.25867637130866e-19,1.070436282223014e-17,1.835946497000553e-17,2.524943621269501e-08,8.375586050989569e-10,1.8252837258829573e-12,1.3014183473370103e-12,4.911022780004301e-11,2.2422994545085038e-11,4.616455797233275e-19,3.3846554344555616e-17,3.3796896910953094e-16,0.0004877083525804409,0.49996446386689986,0.000198497864593069,0.24981068428918077,1.0440184916080386e-05,5.486446764547017e-09,2.894750688772079e-19,3.2529735102600306e-18,1.5157044261751842e-15,7.773616817914092e-19,1.0398543820420204e-23,3.956280881782937e-20,2.0566145437257515e-24,4.9981791978913496e-17,2.100653861068475e-08,1.2382383540028315e-07,1.1426518975773672e-17,3.713971523599732e-14,0.0,1.2093166783165278e-28,1.0423781624910947e-30,6.452000063155024e-05,1.1398382632964618e-07,2.9523387163931287e-19,3.1355791955510473e-30,1.2875409772007773e-09,1.039017440458252e-09,1.5106225865642709e-13,1.1112768875080312e-12,5.57905837613399e-13,1.5937311667063014e-15,4.0889458424964716e-11,6.4481995763575035e-18,2.4550542829284445e-28,1.7966643792522435e-20,9.613502108486235e-17,0.09996883242633703,3.100646915759597e-05,1.6259462141464103e-07,1.9749270426794112e-14,3.559425907267404e-25,9.95458627313033e-14,6.210882887962533e-12,3.4547898445092846e-18,1.97289670862263e-11,3.8558257355475597e-29,2.0684577306863897e-14,7.946670814865195e-14,3.1670993742858434e-29,3.3577930508532647e-23,2.5627421585044448e-17,2.0949284986561383e-06,1.6107150134386027e-07,6.172011716222212e-05,2.6890840960157745e-08,4.580521936685394e-12,2.3868705349238003e-12,5.906653023280645e-12,9.384048135912115e-27,7.430993937918608e-09,1.817297644724193e-08,1.5412270159491268e-09,2.1196459067274474e-08,3.3917364239646013e-34,1.1424116579930076e-12,4.562700220172501e-09,5.967624312712691e-13,7.392090523645822e-12,4.1430440585926835e-11,8.203770727360519e-20,2.7916293918039937e-18,5.313009240346595e-14,0.00033326208940874855,1.4156733187339965e-07,6.964337325550627e-12,2.706091290454493e-10,2.3356021276833246e-27,6.625098117608903e-16,5.485385231964927e-20,1.9812416646063995e-24,4.891915273520114e-22,1.1953612652948699e-27,1.5573664533132395e-07,1.8104823909335392e-07,1.1877272758151792e-10,3.5098799201461048e-06,1.2650380524162401e-23,1.2440063809186002e-22,7.94500178111365e-11,1.7799198919651893e-06,3.428776130956866e-22,2.3979213884937587e-16,7.23894226708307e-30,1.989159327338916e-21,0.0,0.0,3.9448697631421125e-15,2.5839090481480963e-14,4.323237333175759e-22,5.641275103208956e-15,4.303249779430999e-31,1.1066520852036757e-21,4.305127184714363e-31,2.7087072511641837e-34,1.293605117145331e-30,2.308869859922609e-14,4.826488849535635e-13,1.1661438184402675e-13,2.0220782878870906e-24,5.0509274287301035e-21,3.0985959124906607e-24,1.2071732728161763e-17,1.1161815383910186e-12,2.898398741030935e-25,1.747645846543124e-27
715.0300418577249,1.2492041083144897e-08,0.00017698698952589903,6.733380002334561e-15,8.95569604714521e-15,2.3566570371144624e-15,6.2977478249561755e-15,7.561443971820115e-19,7.558043466342052e-15,2.6287786416897596e-38,3.181667872713097e-29,1.7182519591383784e-38,2.0472646936084873e-19,1.7297637899713145e-16,1.6324384088009834e-24,2.4992522642118233e-19,1.1090948436804266e-18,1.129917190165079e-46,2.425693724502254e-32,1.9278381174931295e-27,2.7204497492393912e-33,6.636209762846065e-39,2.28970275303192e-30,5.966063062169697e-11,6.128228183219774e-12,6.5284298874011e-12,1.4716912994344702e-11,8.457873478046927e-28,3.120550148948311e-22,2.484993077047383e-14,2.1801053865163007e-11,8.777942966419782e-33,1.1248106840358668e-35,3.2284913201423665e-22,3.2969830063689465e-22,3.1052064548153135e-22,3.2845455292413978e-21,1.2824316231718842e-18,1.763899658404296e-17,1.500123065055502e-17,3.071733183099682e-08,3.4200409361190666e-10,9.353086547383471e-12,3.582431695518246e-12,2.488180954683632e-10,5.411126989449146e-11,6.867523177511092e-18,9.114478153786347e-17,5.309120702583098e-16,0.0006089908188561627,0.4999841194699279,0.0002887621265660573,0.24972993620112327,1.0413405723190077e-05,1.368114307557247e-09,6.291746146199343e-19,6.930096363846071e-18,1.0478841348710122e-15,1.614837583958153e-18,3.3098260523703914e-23,6.067097849459377e-20,3.863785300319259e-24,3.8141779942089716e-16,4.5687729482104765e-08,1.2950242349352702e-07,1.4475656991437394e-17,3.2471410295116214e-14,0.0,2.119012949140808e-28,6.044027302231935e-30,8.162955835055854e-05,1.1497411448969173e-07,2.827779017687496e-19,1.2253961716785013e-28,1.1922142310819938e-09,2.8033553675202587e-10,1.1378914730839681e-12,3.689088740005275e-12,2.428759257816862e-12,4.410690328712193e-15,1.3447297106277817e-10,5.129890683447858e-17,2.0377774509603483e-27,4.893841936740759e-20,1.2744483566950958e-16,0.09995500709864218,4.483247823328404e-05,1.6191324055119912e-07,1.2081464742090785e-13,3.390286032169769e-24,4.5166306218887757e-13,7.427271590115003e-12,7.188565292564419e-18,5.1787621966339404e-11,6.577056062746529e-28,3.125392044718324e-14,1.511598880271522e-13,1.109202671140991e-28,4.7456291914224745e-23,5.070986451266283e-17,2.023992328676192e-06,2.3200767132380698e-07,6.169953111116294e-05,2.8161616699227e-08,1.2687539693313523e-11,2.558878112255912e-12,7.046900242292744e-12,4.779575174380952e-25,1.8843684426458744e-08,1.9457402390887662e-08,4.388660322345922e-09,2.3517806973567163e-08,3.210360739613506e-33,3.1652542971180193e-12,5.957725148568236e-09,7.452226809826353e-13,2.2477800743005837e-11,4.265017573996079e-11,5.751907990541213e-19,1.1167545541196297e-17,1.7620437036253195e-13,0.0003329972130476274,1.546345071978859e-07,2.5013898608427243e-11,3.328481845689928e-10,1.1735738767321108e-26,3.3290849035044175e-15,5.837191223370686e-19,1.4387631652450846e-23,8.091348933033083e-22,6.578679118778809e-27,3.5297660160081416e-07,2.0372833529708938e-07,1.8281803667805044e-10,3.5098134148596114e-06,3.84786222553968e-23,1.9524357839635395e-22,8.7845171654995e-11,1.779910179586234e-06,3.870628359924915e-21,4.1665853170085454e-16,5.940829042719157e-29,1.1151269934330076e-20,0.0,0.0,6.160001588348202e-15,3.229843977137561e-14,9.34326998903956e-22,4.446077326106405e-15,1.0917671846004675e-30,1.3595036488048741e-21,1.092258394836999e-30,1.0915949810456533e-33,1.7264675604047942e-30,1.6235343978458452e-13,1.3663838125136847e-12,4.031836579382271e-13,5.712816461222735e-24,8.037339913658755e-21,4.148278429362314e-24,3.71464024035758e-17,3.375143525830089e-12,2.9814291311310913e-24,2.3246294565350072e-26
1033.9936233354333,1.8272119681760932e-08,0.00017698022066076812,1.8637562660587922e-14,9.60778078559148e-15,6.1723164611716556e-15,6.43249337193526e-15,2.451079800536291e-18,8.401566840713557e-15,8.588239606875736e-38,6.537210218553681e-29,4.02855804844423e-38,6.182928549937365e-19,7.469598635839417e-16,1.9642477304224446e-23,3.267850845710191e-19,3.4449798891736493e-18,9.876789896588213e-46,5.773544484276011e-32,4.3695273042314423e-26,3.8634849714378264e-32,1.6950021115618612e-37,4.945883949059061e-29,6.541450880247263e-11,7.879047220736189e-12,6.222110567277983e-12,1.3468410738954376e-11,2.7145242789755483e-27,6.599236055949186e-22,3.2688788711884755e-14,1.483973066826784e-11,5.882298696867679e-32,4.5882653296657034e-35,2.087358787717525e-21,1.051945019597154e-21,6.514811908300782e-22,3.0415942853483983e-21,1.5863366445410725e-18,2.119491242270438e-17,8.9060612546752e-18,3.2542323543768724e-08,2.6739526932502496e-10,3.83271495982073e-11,7.468532693444218e-12,9.674240845492116e-10,9.95742010781058e-11,5.517519471314037e-17,1.6172622246020232e-16,5.939240631336462e-16,0.0007691249486888074,0.5000475097488779,0.0004191294808899726,0.24961837440156176,1.0377894219827665e-05,2.0440879929119232e-10,1.0868138300517503e-18,1.1585861309162069e-17,5.349817999714707e-16,2.091751230426527e-18,7.571240865066893e-23,6.816416913843586e-20,4.321478218833228e-24,1.6469694261168925e-15,7.344327510352837e-08,1.2746278440743202e-07,1.6106525400803877e-17,2.6985450157273737e-14,0.0,2.558355035388644e-28,2.3185842358633146e-29,9.134052084011977e-05,9.054052141183738e-08,2.3113339487633904e-19,1.7449462015730387e-27,7.342691225534543e-10,1.5160326506157203e-10,5.565297764262064e-12,8.113779328229636e-12,6.1672763789883905e-12,1.006536926098296e-14,2.72425141534822e-10,1.7438288206375796e-16,1.1093040137434672e-26,9.139954768152658e-20,1.1266765892442057e-16,0.09993502092100044,6.481956660278602e-05,1.610025127964854e-07,4.232109683936158e-13,2.2898504904367304e-23,1.4510005755428156e-12,6.214846019597548e-12,9.898867810365039e-18,9.376212009766704e-11,5.8289221977634205e-27,4.1758197915425667e-14,2.533865132103644e-13,2.69424024849531e-28,4.833151240874992e-23,7.922429826901957e-17,1.9230239883564664e-06,3.3297601164353105e-07,6.167920156325466e-05,2.860453158083822e-08,2.7390412530704677e-11,2.4878602605536323e-12,5.963368041611746e-12,1.2005234367511662e-23,3.804963217941143e-08,1.9603825309426746e-08,8.554960850572471e-09,2.0838590439603377e-08,1.647684373849917e-32,5.321590866241781e-12,4.901991015566188e-09,5.151102518544099e-13,5.461548432903101e-11,3.8622616710410294e-11,2.9382345199548587e-18,3.550477647800279e-17,4.13742849076997e-13,0.0003326655450434331,1.7349727402589623e-07,7.102893726450067e-11,3.338605644468197e-10,3.9132034087649185e-26,1.1040934912351634e-14,5.472754339185615e-18,5.965328017688135e-23,7.109783031476285e-22,2.7570400037258686e-26,6.404726464354749e-07,2.266832026706105e-07,2.836345408398876e-10,3.5097085872442716e-06,9.171298746978513e-23,2.2334813180896936e-22,9.614601116247867e-11,1.7798994969563988e-06,2.734230482734335e-20,4.943425644378701e-16,3.339068591598838e-28,3.464181842079993e-20,0.0,0.0,8.530436533717575e-15,3.6868219390843834e-14,1.6920741023658723e-21,3.349123695786245e-15,2.0645859854660256e-30,1.361632164829352e-21,2.0649725930226554e-30,2.964219102449125e-33,1.6180846552182602e-30,7.473806502000761e-13,2.708443151310969e-12,8.519664408113044e-13,1.3277624714836562e-23,1.1032972187364724e-20,4.251797547258469e-24,9.421805826438927e-17,7.041238201515621e-12,1.993626182173108e-23,1.8817241356166882e-25
1495.2418087505669,2.680034658705782e-08,0.00017696965790315596,3.691812526678653e-14,8.645935456828936e-15,9.431183781227591e-15,5.1390587333579834e-15,4.668041905700373e-18,5.526796461888777e-15,1.565831785280269e-37,7.452435158762009e-29,6.439415522117583e-38,8.664651577265812e-19,1.3912324758264169e-15,8.857886526335647e-23,1.8965086203585232e-19,5.137034015918225e-18,5.174452552465506e-45,4.5615082492881497e-32,3.99854613054189e-25,2.274372863664708e-31,2.007808751743198e-36,2.425407974623459e-28,6.289488019250118e-11,9.273242675387647e-12,5.300125386996681e-12,1.196487232715442e-11,5.725759205566117e-27,8.555733287518925e-22,3.7363661259078804e-14,9.948452843557157e-12,1.7561477006863502e-31,8.959098149122258e-35,6.387848552176272e-21,1.616466744376398e-21,8.305779837800035e-22,2.006283240770625e-21,1.4317593509547952e-18,1.8293613825969737e-17,4.772645953365918e-18,3.306945813728071e-08,2.677578134188753e-10,1.1633426705624744e-10,1.190720859553203e-11,2.7625366041133645e-09,1.4825235949767746e-10,2.1722544230567818e-16,1.898713610170064e-16,5.113151619573279e-16,0.000980809521720983,0.500184704672851,0.0006073426970709853,0.2494638243886299,1.0330986524455301e-05,9.849838111089656e-11,1.4907817105648598e-18,1.5019164733830955e-17,2.7024047201402835e-16,1.8731362016452614e-18,1.268968684353673e-22,6.203072586411595e-20,3.1489096251426367e-24,3.3421525804344723e-15,9.18910179171584e-08,1.1904235163866404e-07,1.6786868253803068e-17,2.2117385879815983e-14,0.0,2.476121587696469e-28,6.047799823139029e-29,8.583183353036009e-05,6.463591381301298e-08,1.7861018387854652e-19,7.280658058718954e-27,3.3145232751328566e-10,1.3283334067624358e-10,1.4885037856719715e-11,1.1729833168640336e-11,8.413498936178656e-12,1.519245985206812e-14,3.4184680747368905e-10,2.765312977163269e-16,3.9981062102359773e-26,1.2321432239006907e-19,7.556991720831994e-17,0.09990613348871336,9.370820124324336e-05,1.5980015944022275e-07,7.742396609655007e-13,7.73362670927141e-23,3.0847780881212973e-12,4.173102353011179e-12,1.0071583564849623e-17,1.2550011805894294e-10,2.3661304575351094e-26,5.0188860766490245e-14,3.3754698178297213e-13,4.644526126367103e-28,3.963966192625462e-23,1.0053298547617941e-16,1.7812653782891323e-06,4.7473462171086573e-07,6.165915279470016e-05,2.8713652220547742e-08,4.819148198230176e-11,2.309796168605673e-12,4.1617195733837754e-12,1.234450977197193e-22,6.165852548673271e-08,1.9258046697354477e-08,1.1298586766069532e-08,1.654158189692534e-08,4.183418644974855e-32,5.4157320295451304e-12,2.946795222640745e-09,2.398061435404988e-13,1.0898345139128957e-10,3.409633055716763e-11,9.997986903594719e-18,8.830036767237338e-17,6.488509869343829e-13,0.0003322952106347218,2.0074733297037725e-07,1.6033328017123798e-10,2.894431054015495e-10,1.12566539462846e-25,2.295347354521884e-14,3.289729510689661e-17,1.3011922351602552e-22,3.771440646922522e-22,5.274302222512388e-26,9.752688271030705e-07,2.4875864374090894e-07,4.379774147513563e-10,3.5095508596612697e-06,1.7316020771448046e-22,1.944285324309241e-22,1.0591479995502015e-10,1.7798869520879826e-06,1.0312650537751401e-19,4.0438959086458236e-16,1.124452670235016e-27,5.1661095661842844e-20,0.0,0.0,1.0743192041754378e-14,3.67319582451033e-14,2.3742435737880096e-21,2.5554722022475066e-15,2.6248630159944498e-30,1.0892212210835365e-21,2.6226193240091808e-30,4.8526731935559976e-33,1.0399526962320063e-30,2.0942949128298758e-12,3.9005129795315074e-12,1.0878689866371073e-12,2.6464092336809185e-23,1.3490150215225925e-20,3.950642310850911e-24,1.9581090147584583e-16,1.010303112473761e-11,8.506408679544158e-23,9.009049325956755e-25
2162.245507301719,3.941297552120464e-08,0.00017695368919826322,5.4545180114574986e-14,7.175956410086374e-15,9.250256521325854e-15,3.666323002847407e-15,5.233613961870623e-18,2.905792921846929e-15,1.7078019577936957e-37,5.291885659177853e-29,7.239638528127372e-38,6.294818704682146e-19,1.2826413747098442e-15,1.5677920725892086e-22,7.238448498072039e-20,4.086367469607043e-18,1.7066086240940295e-44,1.3394050058468097e-32,1.4151592180374624e-24,5.345641443899249e-31,1.0746278365475311e-35,2.6137360395951864e-28,5.700183633273981e-11,9.759586792657343e-12,4.337501356355886e-12,1.0127052456694944e-11,8.255592096964234e-27,7.356077981464789e-22,3.727789503334154e-14,6.353898537941426e-12,2.7804871488778164e-31,9.347723763991868e-35,8.675181366080521e-21,1.1876687899447571e-21,6.923396766056874e-22,9.996896845910221e-22,1.00296477740814e-18,1.0946689359827133e-17,2.3451438019008782e-18,3.3318972708130965e-08,2.7137752700342047e-10,2.560999681839668e-10,1.5411155928014016e-11,5.971569407243618e-09,1.863956399210331e-10,4.749922258678981e-16,1.6274836227474363e-16,3.8983745520072995e-16,0.0012749376811703327,0.5004101487574838,0.0008789100134739804,0.2492442304121833,1.0266408492722737e-05,6.545171997156697e-11,1.6457359920328159e-18,1.545166957411012e-17,1.3187479893955453e-16,1.246985755555433e-18,1.6478094716476126e-22,4.765300533602228e-20,1.697790240475632e-24,3.0791388488984713e-15,9.380529411363433e-08,1.0650348460684642e-07,1.7203457054931975e-17,1.7793630403180566e-14,0.0,1.985146486404468e-28,1.1097650188218106e-28,6.651318224873755e-05,4.362296349538429e-08,1.218229661575535e-19,1.0566986576349383e-26,1.2647117740638774e-10,1.177268674877037e-10,2.1698708401301763e-11,1.241942128173753e-11,7.126071200433921e-12,1.4274578172445932e-14,3.046369795172069e-10,2.5413629507044405e-16,9.973640024482239e-26,1.3143982958874093e-19,4.4711558825276294e-17,0.09986439187552044,0.00013545146264379296,1.5815195175568072e-07,8.678204249836246e-13,1.2976733823824113e-22,4.3400709243854244e-12,2.6480380600813875e-12,9.001951345670818e-18,1.3381005400450614e-10,4.648997896503157e-26,5.574480735931914e-14,3.342462594075367e-13,6.089647581226172e-28,3.070574735289664e-23,1.0811422437935603e-16,1.5865629035040727e-06,6.694370964959253e-07,6.164205856117215e-05,2.877522294838542e-08,7.534001560870171e-11,2.0902910459456883e-12,2.782175715074586e-12,5.400298018964664e-22,8.429745873604771e-08,1.875620185222916e-08,1.1086311816525928e-08,1.2668647541801993e-08,5.471088067960871e-32,3.712370483893598e-12,1.6569203853415907e-09,1.0178301815743757e-13,1.8506179091779496e-10,3.0027446762539534e-11,2.159476782406189e-17,1.8539698865827156e-16,7.312390552436235e-13,0.0003319461751901937,2.401235007479646e-07,2.917686858822056e-10,2.398615874870866e-10,2.528502002562459e-25,3.0551212049689865e-14,1.1792008227382563e-16,1.6376819636210518e-22,1.6772632483364353e-22,4.2842024105123945e-26,1.2892759897390675e-06,2.7259173577100303e-07,6.591372855612374e-10,3.509328839937575e-06,2.794469560932229e-22,1.5336048788586894e-22,1.1783265382046437e-10,1.7798729931601657e-06,2.0815658444040749e-19,2.7553682943791364e-16,2.106726677965321e-27,4.1098184745497677e-20,0.0,0.0,1.2447697675306657e-14,3.133165571511692e-14,2.4841532606385526e-21,1.9392867453877316e-15,2.1999921893051215e-30,7.064147164861045e-22,2.19212116991849e-30,4.828797387407926e-33,5.036780074960754e-31,3.730281733317147e-12,4.429694387282345e-12,9.682154481108587e-13,4.736907199082114e-23,1.489269618463714e-20,3.4839489899228935e-24,3.4761248725224437e-16,1.088248817054807e-11,2.4445291916097685e-22,2.749149575236586e-24
3126.7889959237978,5.810403780394923e-08,0.00017693061324015224,6.105762204609928e-14,5.515874132781357e-15,6.5161646638345224e-15,2.3449136062989047e-15,3.863105782377645e-18,1.34923946473324e-15,1.207377036570019e-37,2.602322674433089e-29,5.62582269109885e-38,3.1408291897074917e-19,8.003847087418834e-16,1.3215727308667044e-22,2.4003131429963885e-20,2.141729265690887e-18,3.871948327235552e-44,2.2394504382512528e-33,2.0977750874771773e-24,5.463866531590316e-31,2.914539631967699e-35,9.640722763536135e-29,5.003261213806165e-11,9.531046661085028e-12,3.3801861100647744e-12,8.123735782206886e-12,8.287985136192623e-27,4.234165449695399e-22,3.17555765119912e-14,3.756828329344131e-12,3.205586113542629e-31,5.366293211090172e-35,5.53413774938879e-21,4.773083186796877e-22,3.7907526594756346e-22,3.798845337136748e-22,5.567161549781721e-19,4.783198602055741e-18,1.0075095024225402e-18,3.3425424797985226e-08,2.7435029567341984e-10,4.171106110450966e-10,1.6603268919389478e-11,1.0304555574467387e-08,2.0060262539034877e-10,6.460001262330227e-16,1.151564274816704e-16,2.770651090709741e-16,0.0017064671496466023,0.5007205885222655,0.0012703561762241777,0.24892391422029073,1.0173219762359885e-05,4.14608277072606e-11,1.4679471175479311e-18,1.2851188402787038e-17,5.779596760695622e-17,6.444626810001237e-19,1.698858593589165e-22,3.0222624729868785e-20,7.007506663110899e-25,1.524518189576603e-15,8.146595627442402e-08,9.413230755846177e-08,1.748231128624761e-17,1.3859111124468908e-14,0.0,1.2467351614748808e-28,1.4392989799184696e-28,4.6107436416764134e-05,2.839416175088409e-08,7.094830696274116e-20,7.680215376350055e-27,5.753698500197927e-11,1.0122709363215613e-10,1.978613856693768e-11,1.0354839769993095e-11,4.418990557382232e-12,8.994935141720619e-15,2.1540119862867004e-10,1.566161629773904e-16,1.7777532603816727e-25,1.1467627715163427e-19,2.4179677808832245e-17,0.09980410288768125,0.00019574281344803704,1.5578898681992712e-07,7.244326626926988e-13,1.3350475340465155e-22,4.1263588365916676e-12,1.630031897193753e-12,7.174494401592898e-18,1.1814228900766733e-10,5.376479110090088e-26,5.874431006627491e-14,2.6517030701614433e-13,5.85759981918297e-28,2.30583452147004e-23,1.0439225255642428e-16,1.328125479885783e-06,9.278745201142157e-07,6.163386487970384e-05,2.8863983851922284e-08,1.0970114297021659e-10,1.8292867335854452e-12,1.772179872200111e-12,1.1801105857830667e-21,9.935519414162421e-08,1.807183465148438e-08,8.664177556298322e-09,9.299357825684275e-09,4.029901954863856e-32,1.8816268003279736e-12,8.852581866615135e-10,4.008295389844528e-14,2.6501822733473825e-10,2.6357662540420146e-11,2.8907733073425974e-17,3.354067885616583e-16,6.536368441999419e-13,0.0003316773919295246,2.9699393829131883e-07,4.280782537200637e-10,1.9987501712114993e-10,3.5329363616494154e-25,2.87788820425013e-14,2.5623987614474857e-16,1.3979544198115075e-22,6.780612155545085e-23,1.9902507551849224e-26,1.502764414189681e-06,3.0644654354693145e-07,9.579809175259018e-10,3.5090314537433335e-06,4.048266659791764e-22,1.1858544361848172e-22,1.3326001262803773e-10,1.7798573354416957e-06,2.4937860800302203e-19,1.7715392115254258e-16,2.258827027173321e-27,2.1542160061625657e-20,0.0,0.0,1.3250862487518477e-14,2.454576893738421e-14,2.0025354912359347e-21,1.436274303075834e-15,1.2814103901454075e-30,4.0395179280512046e-22,1.2700091097946593e-30,3.1956700456754545e-33,2.073603417325684e-31,4.541383618094699e-12,4.152575519963532e-12,6.711761900615817e-13,7.594270485725943e-23,1.4756401488931465e-20,2.7948541517368643e-24,5.447313826021808e-16,9.572502748408922e-12,5.002269223943713e-22,5.755551023356044e-24
4521.600064384307,8.554959938978505e-08,0.0001768988849711875,5.0245897246985635e-14,3.8773769894008985e-15,3.4856782508960172e-15,1.329974775219796e-15,2.0635662105071296e-18,5.470380110085473e-16,5.851453605064411e-38,1.0245478839407758e-29,2.992467766247451e-38,1.2623616037092525e-19,3.8087283998811793e-16,6.072372341737393e-23,6.897175032629607e-21,8.230427631344749e-19,6.538592983571022e-44,2.8359449724279504e-34,1.3804474293902315e-24,2.6442855948092793e-31,4.7717669686200315e-35,1.7462495134351443e-29,4.356331173690904e-11,9.19058518455629e-12,2.5313360310902846e-12,6.267133682347306e-12,5.8351462471838645e-27,1.7706685873350966e-22,2.2912973043245274e-14,2.09044530315832e-12,3.310742285571449e-31,1.843212694388583e-35,1.9705344191372213e-21,1.228636078131982e-22,1.491423463786057e-22,1.2110146744101976e-22,2.6514726353549293e-19,1.7118658029838125e-18,3.964979571388036e-19,3.3474154276074344e-08,2.7774000547164074e-10,5.060028636664498e-10,1.4734729877219443e-11,1.4649601726008776e-08,1.8854255666503822e-10,5.801056625206534e-16,7.4491157062562e-17,1.8869684322503663e-16,0.002342630275450129,0.5011383890786089,0.0018336967209191082,0.24845514644440891,1.003873961925105e-05,2.4965989658102986e-11,1.066658715521689e-18,8.852378130599438e-18,2.3221659845140276e-17,2.8496792759928337e-19,1.4038900684780908e-22,1.580813545413282e-20,2.41931662407884e-25,4.942632369957701e-16,6.458659369585962e-08,8.323338806469097e-08,1.754330448554863e-17,1.0456587771600221e-14,0.0,6.829700938399294e-29,1.333656652537609e-28,3.16543152426155e-05,1.8117082207435175e-08,3.8217388086899573e-20,3.351340193433207e-27,3.8659249340943006e-11,8.448047945505311e-11,1.2666664785421868e-11,6.903997020446187e-12,2.119400645394684e-12,4.196497751030525e-15,1.302952919446938e-10,7.240429304156401e-17,2.302303063991138e-25,8.261051090244174e-20,1.2274829773575648e-17,0.0997170891056236,0.0002827599791898313,1.5240530269465564e-07,4.776922566931709e-13,9.494418174416192e-23,2.7131677179426418e-12,9.811084403134484e-13,5.128737783297009e-18,9.029341080690195e-11,4.525331634333878e-26,5.983694749041915e-14,1.9447830776963545e-13,4.389042476936005e-28,1.6735601443566967e-23,9.487647276133073e-17,1.0044762474590086e-06,1.2515237525409898e-06,6.16402105500405e-05,2.898381168859581e-08,1.4956191103886624e-10,1.5274858230018285e-12,1.058419003339997e-12,1.3659100419112464e-21,1.0002888147726039e-07,1.7056702625460063e-08,5.604631605257733e-09,6.487988000883239e-09,1.8376768108125223e-32,7.77143784458094e-13,4.424147084763447e-10,1.4440227793833692e-14,3.1019205331641603e-10,2.2660161119873736e-11,2.3390724106630455e-17,4.978330050859027e-16,4.790442045895891e-13,0.0003315029213380639,3.789881883332369e-07,5.083688234108273e-10,1.6836484972625352e-10,2.804818690008563e-25,2.140845599474232e-14,3.5192571949178515e-16,9.454643356057072e-23,2.53847374398753e-23,7.316273025842057e-27,1.5805128088535253e-06,3.548767847092574e-07,1.3531351608738389e-09,3.508638811862704e-06,5.2686301395913835e-22,8.987705564247923e-23,1.549832821481482e-10,1.779837271714018e-06,1.836292837517841e-19,1.110696674428133e-16,1.509283956058872e-27,8.279216320306511e-21,0.0,0.0,1.298822493709626e-14,1.92216205841014e-14,1.4448606576581546e-21,1.0395026219236142e-15,6.200974680949955e-31,2.2664950191235375e-22,6.10145619282891e-31,1.7074080692566687e-33,8.261034968004874e-32,3.9734304800105115e-12,3.348564201248538e-12,3.8964852766546903e-13,1.0688269803042918e-22,1.3090509859934874e-20,2.0684939871770738e-24,7.708627076963558e-16,7.30749851507981e-12,7.7495129066571885e-22,8.925404950039235e-24
6538.614268149506,1.248967171793874e-07,0.00017685703282182237,2.9355118855781606e-14,2.5027895311787758e-15,1.537657459204191e-15,6.7749395309353e-16,8.856853403723655e-19,1.9748669608222763e-16,2.1798604106125957e-38,3.864655305621018e-30,1.1945229072122976e-38,4.3998514565137587e-20,1.442183689698102e-16,1.6562034597803723e-23,1.7571480365386862e-21,2.5721978402464845e-19,8.917997378589612e-44,3.151630574570634e-35,4.184827216128729e-25,6.695707408493434e-32,5.732877114166093e-35,1.9762041662449093e-30,3.810788838095985e-11,8.779878730644614e-12,1.839001613701249e-12,4.686952158933944e-12,3.0473199227670974e-27,6.440924515502543e-23,1.4583453640185647e-14,1.1127605676362148e-12,3.3010575144496106e-31,5.0237123767170787e-36,4.723019530112424e-22,2.2557015036342175e-23,5.1104067082422905e-23,3.507174379808885e-23,1.210920493048985e-19,5.347915427331253e-19,1.48291443441308e-19,3.350559452245083e-08,2.823110541391265e-10,4.5092488351167163e-10,1.0679104909920129e-11,1.7350213140683413e-08,1.5985303932975467e-10,3.7303641637648107e-16,4.6690557148072996e-17,1.2566980450385157e-16,0.003267229520284538,0.5017243589644386,0.0026424872440091785,0.24777285255901993,9.848740641245234e-06,1.4420747534041724e-11,6.661101521366694e-19,5.31023078377029e-18,8.806273060141355e-18,1.1591822256757885e-19,9.81360339946261e-23,7.184178348681931e-21,7.88543013644417e-26,1.2076281435251105e-16,4.9243658748332596e-08,7.289610949628485e-08,1.7316505248651343e-17,7.703908589170659e-15,0.0,3.4757363580778157e-29,9.358976608180581e-29,2.174682040014725e-05,1.1299835175060527e-08,1.9702060931414012e-20,9.723673256253585e-28,2.912973683058247e-11,6.854393904557672e-11,6.13323542146646e-12,3.7235295322056855e-12,8.097524492689964e-13,1.5562632408809417e-15,7.125745984723393e-11,2.780510180693582e-17,2.1930309243600675e-25,5.1826890685554346e-20,6.003166144853318e-18,0.09959166345072384,0.0004081903658275828,1.4767356486041883e-07,2.544260266013815e-13,5.016986415781026e-23,1.3634996218686676e-12,5.785375548560786e-13,3.356856579664668e-18,6.19999911741751e-11,3.130426858305951e-26,5.933639220702456e-14,1.371746951540645e-13,2.9181491780627685e-28,1.1790756428392869e-23,8.250677101900147e-17,6.401559305935594e-07,1.6158440694064377e-06,6.166115796499627e-05,2.9120445236920636e-08,1.8796911702117815e-10,1.2045130053820141e-12,5.908556659721909e-13,8.208380667758719e-22,8.52768591478869e-08,1.557919854304849e-08,3.1986971272415036e-09,4.293023003168751e-09,6.064799051253556e-33,2.969236111846601e-13,2.0754858509276148e-10,4.8165611759340225e-15,2.9291143944282813e-10,1.876153764382012e-11,1.1970597360027185e-17,5.700441930301249e-16,2.915338832373444e-13,0.0003313823273566115,4.968919924654269e-07,5.064112640269098e-10,1.4161311536169538e-10,1.2532294926853111e-25,1.3336572711217075e-14,3.1774703195613205e-16,5.67347157373633e-23,9.103033501844638e-24,2.4804044674602924e-27,1.5513497984525082e-06,4.1672774981514463e-07,1.8771806167466335e-09,3.5081172047234518e-06,6.0348100441765085e-22,6.664732034352279e-23,1.8792879036482346e-10,1.779806679102825e-06,8.241340040641e-20,6.92112536250876e-17,7.359435516941593e-28,2.5876562639660155e-21,0.0,0.0,1.1918852034767413e-14,1.5193343523295716e-14,1.0470297687298709e-21,7.413533985921631e-16,3.0149228323611443e-31,1.271533633766601e-22,2.942146054548547e-31,8.98041457359188e-34,3.2734131616572516e-32,2.7183173444866103e-12,2.4430629603488708e-12,2.028036487053018e-13,1.313377102226269e-22,1.054322663300513e-20,1.457612516690402e-24,1.0111589646537485e-15,5.117048083909348e-12,9.845656238421753e-22,1.1253868466236087e-23
9455.38657529853,1.8042843824022909e-07,0.00017680209318233,1.2997611836884335e-14,1.551434275622964e-15,6.258349263872798e-16,3.246021797754302e-16,3.4787473955173086e-19,6.6787415918932e-17,7.263599181847279e-39,1.4709414517863896e-30,4.22606168710947e-39,1.4343643853065907e-20,4.507602281461449e-17,2.927920915150922e-24,4.18294250752337e-22,7.382764056528455e-20,1.0663539719741714e-43,3.318137095500425e-36,6.72296847194513e-26,1.1132660323826532e-32,6.018854953927305e-35,1.719977311072934e-31,3.3505747421656516e-11,8.256997644343761e-12,1.2995292511218076e-12,3.417277014787995e-12,1.3579900735967784e-27,2.239475747247656e-23,8.785884625653816e-15,5.727818993954633e-13,3.230928505004225e-31,1.3236410114455814e-36,8.581723852709366e-23,3.176969056451707e-24,1.6520451837282727e-23,9.3871070544986e-24,5.474184030653501e-20,1.5598418867380376e-19,5.36498865391604e-20,3.352743819179355e-08,2.8870094065444953e-10,2.9272971193422567e-10,6.458409363141284e-12,1.7026186486566482e-08,1.2631779576062689e-10,2.006016030755332e-16,2.8520809554085904e-17,8.233624355569161e-17,0.004597966258105187,0.5025690276570779,0.0037995216027030057,0.2467826980456976,9.585736129089238e-06,8.06666760976591e-12,3.898792953255297e-19,2.96218188669291e-18,3.2120569088627527e-18,4.393000885417774e-20,6.400287028317294e-23,3.0672079130264792e-21,2.5235666975187848e-26,2.5965348943720152e-17,3.6127767686242985e-08,6.264175395945254e-08,1.6756992909604228e-17,5.579462582052799e-15,0.0,1.6807387131815272e-29,5.485857325961247e-29,1.4826611022709807e-05,6.857615827532742e-09,9.820293754277247e-21,2.082937838053632e-28,2.1488789551319805e-11,5.4305410391076115e-11,2.371796388403389e-12,1.6675929576985322e-12,2.5500793372317755e-13,4.867849771217409e-16,3.6287251730747756e-11,9.513947891117102e-18,1.5515881392007257e-25,3.0818750819280505e-20,2.8575909896355004e-18,0.09941128209499145,0.0005885781780430388,1.4121708171348438e-07,1.1259027570167682e-13,2.116310675434614e-23,6.095437204267836e-13,3.3454590015797593e-13,2.038525497097929e-18,3.889938728569677e-11,1.947618393561139e-26,5.730086020113771e-14,9.357664896294808e-14,1.8282422314763917e-28,8.083850812611118e-24,6.898636104185367e-17,3.0334398808672276e-07,1.952656011913278e-06,6.168880835176352e-05,2.9265660431910987e-08,2.1165399543039937e-10,8.934309228352055e-13,3.0835472757499996e-13,2.5302389942961866e-22,6.279971186235023e-08,1.3657138373367159e-08,1.7072587459899018e-09,2.691136906200917e-09,1.7163001476936562e-33,1.0968519794032826e-13,9.165043231495278e-11,1.4995741541795853e-15,2.335003502874909e-10,1.50765225697136e-11,4.785014115652618e-18,4.987201678739974e-16,1.51892870810406e-13,0.00033125164663351465,6.658401132713754e-07,4.53432190608084e-10,1.179152288443163e-10,3.4290319565716344e-26,7.483678067979119e-15,1.962642542194439e-16,3.178013985450266e-23,3.1797179338472794e-24,8.22255755211801e-28,1.4690327240443656e-06,4.892266076578367e-07,2.573896369161362e-09,3.5074223620629105e-06,6.021619406377395e-22,4.8025804581353843e-23,2.398819608628097e-10,1.7797566663297633e-06,2.6602466116233863e-20,4.305097763017332e-17,3.27818539545577e-28,7.427456435354765e-22,0.0,0.0,1.0479769774047308e-14,1.204409399909691e-14,7.643316882163314e-22,5.239475532177597e-16,1.5123886718205531e-31,7.107530026670612e-23,1.4601014399658003e-31,4.77524866591598e-34,1.286943904457676e-32,1.642169279056928e-12,1.687082380308011e-12,9.93668177599534e-14,1.445278089852933e-22,7.8797885728109e-21,9.975936417919084e-25,1.2634097339026345e-15,3.431254403851161e-12,1.1100945434001205e-21,1.2571415812713858e-23
13673.284830982668,2.59823457024249e-07,0.00017672629923890144,5.552075566575555e-15,9.713051758889238e-16,2.534540789806257e-16,1.5335417487841053e-16,1.3636301043370781e-19,2.2239911519084195e-17,2.3530755264313276e-39,5.553702619089448e-31,1.441105779323189e-39,4.671919599965864e-21,1.2293699328802524e-17,3.8140738694146975e-25,9.797941495654017e-23,2.107506115872595e-20,1.1856834071469407e-43,3.4296414973445227e-37,8.329508498655465e-27,1.7619414907420052e-33,6.07890965691926e-35,1.3517437563970904e-32,2.959261543604308e-11,7.680429446948825e-12,8.968512000617549e-13,2.4467448970812517e-12,5.8620824689823015e-28,7.383455696788877e-24,5.180392599894015e-15,2.8815111279040833e-13,3.0847329985258695e-31,3.3269889709748613e-37,1.2867484491708601e-23,3.706800289501221e-25,4.9561185089256604e-24,2.324523795318958e-24,2.4274452203805973e-20,4.390171089939509e-20,1.8973866710478823e-20,3.3540175954068445e-08,2.9774189299665646e-10,1.461005450503749e-10,3.452369225733798e-12,1.365123262420934e-08,9.423986837461759e-11,9.895123352516927e-17,1.691656550848766e-17,5.3301952672590346e-17,0.006497554073504963,0.5038080049425641,0.0054455388844725314,0.24534786940439732,9.229935865260473e-06,4.415180192594421e-12,2.23300746137411e-19,1.5827777830218762e-18,1.1434477817565285e-18,1.5477250922212194e-20,4.076252578513367e-23,1.2778405791917856e-21,7.899836142374379e-27,5.174906970984399e-18,2.516429440150157e-08,5.245529791049134e-08,1.5841459167737485e-17,3.993079620259185e-15,0.0,7.784993962386926e-30,2.872307727873546e-29,9.991267786417115e-06,4.035388569056958e-09,4.763991437451241e-21,3.6654239279670686e-29,1.536451361138243e-11,4.2302459131173115e-11,7.793258672118679e-13,6.528320165295125e-13,6.99552412540629e-14,1.632206651892729e-16,1.7412842163337688e-11,2.9824330045404778e-18,8.240763349598101e-26,1.8098432828087095e-20,1.3342401070174061e-18,0.09915296384471387,0.0008469049876567028,1.3265774565621664e-07,4.3564374372965624e-14,7.704042825098335e-24,2.551938506957517e-13,1.8988888505572693e-13,1.1595433844195089e-18,2.2395789762846418e-11,1.1275898657968371e-26,5.379242115401315e-14,6.17585629298189e-14,1.0871606792235028e-28,5.397628297226463e-24,5.5234310051700964e-17,8.616369213925507e-08,2.16983630786075e-06,6.171365141516637e-05,2.9438230296401153e-08,2.0458438406712661e-10,6.247669256522126e-13,1.5106028686933446e-13,4.5029503182058645e-23,4.2158488852733594e-08,1.1498024606780283e-08,8.632158798153594e-10,1.606594516541766e-09,4.427726650841285e-34,3.878938024590815e-14,3.8396472608962157e-11,4.4073830177900233e-16,1.7131789300497707e-10,1.1940579105787716e-11,1.7727125044187195e-18,3.6208371522668005e-16,7.193740004410008e-14,0.00033107185867603815,9.067323110268022e-07,3.832393491342371e-10,9.661223429707513e-11,7.998485877981984e-27,3.980289798441301e-15,8.929338355558554e-17,1.6843058320062553e-23,1.0943701657430613e-24,2.720333924102723e-28,1.3572213280806028e-06,5.675996592287279e-07,3.4807622530002657e-09,3.506516805263374e-06,5.399169375162698e-22,3.3599415673311504e-23,3.203295679797201e-10,1.77967754369879e-06,1.0066828469764819e-20,2.6803232126526355e-17,1.5229041601232548e-28,2.120240532527418e-22,0.0,0.0,8.92919052146448e-15,9.488866176697793e-15,5.493435981107429e-22,3.6833368361288e-16,7.568369058680469e-32,3.932321696512743e-23,7.207392231842605e-32,2.4837038731446864e-34,4.992756149999883e-33,9.371921494763327e-13,1.1239998116952562e-12,4.672806147201954e-14,1.4748805083930556e-22,5.529745135252101e-21,6.678477822209853e-25,1.5102062343768889e-15,2.2389860512640977e-12,1.1388089701085847e-21,1.2788592664444587e-23
19772.720721709713,3.752488573760801e-07,0.00017661575027643346,2.5626046065052127e-15,6.147242308775401e-16,1.0188500023542807e-16,7.185065371549201e-17,5.3249461766651766e-20,7.346245839527677e-18,7.429558716207889e-40,2.048372879246399e-31,4.715833813542092e-40,1.5146836510172262e-21,3.0662198206413353e-18,4.058622325285247e-26,2.2807272921293865e-23,5.984207778609274e-21,1.265417119912256e-43,3.5018825620268163e-38,1.0148538571529362e-27,3.063192589821529e-34,6.085231468638459e-35,1.0368741426823238e-33,2.617901523625161e-11,7.106478684294431e-12,6.067493829156685e-13,1.7318229184862359e-12,2.470895413731334e-28,2.2864351854261797e-24,2.9830889380694013e-15,1.4301415770712577e-13,2.8083095531448567e-31,7.777015039529838e-38,1.6920084831366002e-24,3.8144497835124665e-26,1.3668729583108157e-24,5.35937124470301e-25,1.0495764895940158e-20,1.1907249348121773e-20,6.6193256422595435e-21,3.354364555328585e-08,3.106006738506124e-10,6.374836755129769e-11,1.7082210483726885e-12,8.913311737940517e-09,6.610677136791587e-11,4.195168049217801e-17,9.716037345878876e-18,3.417111488845286e-17,0.00918186214612787,0.5056524043565347,0.007766333276112456,0.24327084184629416,8.762494618221287e-06,2.3914452869311073e-12,1.2471539421324577e-19,8.060624381851773e-19,4.0170588430257267e-19,5.087531717891841e-21,2.4941643978352703e-23,5.202516156685743e-22,2.4117918198844268e-27,9.522863290553246e-19,1.653077906660362e-08,4.260837957168999e-08,1.457603744611113e-17,2.836591884901511e-15,0.0,3.457744029566961e-30,1.3551877484649835e-29,6.63678010655007e-06,2.2985431396442488e-09,2.2608810120845105e-21,5.753076750437073e-30,1.0685857438427763e-11,3.267647013844242e-11,2.286562923099673e-13,2.33565539810324e-13,1.752262176953462e-14,8.026758452492216e-17,7.89155065951117e-12,8.5416397383610535e-19,3.4016135577996825e-26,1.0485282237667588e-20,6.145617513549188e-19,0.09878599337805447,0.0012138863830466035,1.2172901515068088e-07,1.539333958622281e-14,2.5451192692863403e-24,9.963755766703485e-14,1.057161214128177e-13,6.210528222573508e-19,1.1827397904033835e-11,5.95580395440374e-27,4.898441375855588e-14,3.929506985103063e-14,6.089666057077817e-29,3.510029313882375e-24,4.2016055596187766e-17,1.3001994486431938e-08,2.242998005513567e-06,6.173225917136148e-05,2.9673962346476533e-08,1.5804228725630697e-10,4.090401705945376e-13,6.90419671971076e-14,6.076689115589407e-24,2.6866695834263668e-08,9.338268597884494e-09,4.1295831589880735e-10,9.208541224344973e-10,1.0315880650959954e-34,1.309527292077725e-14,1.5421428200186226e-11,1.2390035424887375e-16,1.2009308631372542e-10,9.331207092926787e-12,6.134167474450925e-19,2.3661497016266894e-16,3.2386166223618865e-14,0.0003308237340587071,1.24751444906403e-06,3.0562002149002764e-10,7.74744816181544e-11,2.5671909899552965e-27,2.0039819783115157e-15,3.398549788319559e-17,8.362816655940683e-24,3.7308908687833047e-25,8.90986887230191e-29,1.2125340795873562e-06,6.448820889937258e-07,4.608929468278617e-09,3.5053895309671522e-06,4.543441415475398e-22,2.296516945433877e-23,4.373551908663994e-10,1.7795613840242067e-06,5.51083891807133e-21,1.6710863483359877e-17,7.187613495179408e-29,6.019716974370178e-23,0.0,0.0,7.382278131258382e-15,7.344113421947498e-15,3.8054354839193737e-22,2.5833457308448895e-16,3.680588775145077e-32,2.1335559195805694e-23,3.4485136682995034e-32,1.2347289718769225e-34,1.8970485311793832e-33,5.045869327438757e-13,7.201343339427624e-13,2.1062215233500764e-14,1.4105099573178393e-22,3.659527629205817e-21,4.372735128216823e-25,1.6970892390490484e-15,1.4140268875143904e-12,1.0348837561513112e-21,1.1540569594527909e-23
28593.018398390996,5.403465103964665e-07,0.0001764546958350008,1.2202931991315398e-15,3.889177214208546e-16,4.0021710539714e-17,3.3295788281435685e-17,2.0348673848633198e-20,2.4062506664547554e-18,2.2546465054412245e-40,7.297120679371451e-32,1.4712547307048774e-40,4.795173760433681e-22,7.153490019562877e-19,3.689348588273839e-27,5.2934535919822135e-24,1.6698084817465472e-21,1.3170453279271079e-43,3.6146218067002494e-39,1.1763960416087826e-28,5.439017405357478e-35,6.075475261144229e-35,8.118452256721643e-35,2.3051461119012e-11,6.518984638427735e-12,4.0337641546374193e-13,1.2175366954049386e-12,9.92064662011875e-29,6.665552837676365e-25,1.6741384183938564e-15,7.056556563075461e-14,2.323138616591903e-31,1.6767127695869133e-38,2.0008275469430854e-25,3.579774824665771e-27,3.4811153202130337e-25,1.1656814123843378e-25,4.421537763583917e-21,3.114133854135223e-21,2.2988757332278876e-21,3.353727610937001e-08,3.2887937481075727e-10,2.641705082754483e-11,7.950121623352282e-13,4.946240899163873e-09,4.36116254192507e-11,1.491691783790999e-17,5.396574862052322e-18,2.1695644286389598e-17,0.012916995090223354,0.508442486781474,0.010990639024380253,0.24026776919476692,8.171682699142595e-06,1.2981346882534314e-12,6.756129200976849e-20,3.897833735669668e-19,1.4068624835451083e-19,1.5762975495750364e-21,1.4417357144083806e-23,2.0742339524934029e-22,7.202895978015107e-28,1.6247048073579712e-19,1.0254975972931488e-08,3.354643150990887e-08,1.3015489993640407e-17,2.0088250679984568e-15,0.0,1.4788588561702423e-30,5.7661648737455796e-30,4.338054796878249e-06,1.2700961033264696e-09,1.0575756096582262e-21,8.407929118683284e-31,7.2730028896869265e-12,2.5273378241534586e-11,6.122825381677058e-14,7.796777532494915e-14,4.101795180813509e-15,4.729611818640932e-17,3.403748706556684e-12,2.244728874395534e-19,1.199148759975279e-26,5.980080706000165e-21,2.8045847931453235e-19,0.09827265387586612,0.0017272391587072973,1.0845554256909954e-07,5.061745001044072e-15,7.814598207720265e-25,3.6319281415913224e-14,5.782118146864643e-14,3.1499353243937054e-19,5.770824036418321e-12,2.8144538245900445e-27,4.320382785356142e-14,2.4066845453238994e-14,3.202323507896986e-29,2.225873160287506e-24,3.0253731504472617e-17,5.49986925850691e-09,2.2505001307414966e-06,6.174523663636271e-05,3.001671754230002e-08,8.69501654681924e-11,2.454247712585474e-13,2.88675135342136e-14,7.384269023897664e-25,1.6397064124863064e-08,7.355435663290062e-09,1.875810190897323e-10,5.113176999365795e-10,2.1595927484480546e-35,4.222137719439045e-15,6.007574646774549e-12,3.3805573161631893e-17,8.014372700868814e-11,7.174358826946926e-12,1.9634883651863267e-19,1.4188288871222377e-16,1.403812968648227e-14,0.00033047283174587313,1.7232713676523982e-06,2.279094575206038e-10,6.071152149810539e-11,1.0215600456474983e-27,9.450956731963276e-16,1.1728103838167895e-17,3.852322275937895e-24,1.2627957382022767e-25,2.8512385278297626e-29,1.039576422726929e-06,7.135837068134828e-07,5.932004947583907e-09,3.504067048470182e-06,3.6276247618475586e-22,1.5368462598269602e-23,5.957787318895047e-10,1.7794035025856497e-06,3.9192866466452226e-21,1.0414281712741937e-17,3.260826826360742e-29,1.6791664490330834e-23,0.0,0.0,5.9322209274071465e-15,5.552838787896051e-15,2.511645828241769e-22,1.813177074165773e-16,1.7176659116589638e-32,1.1320102287191361e-23,1.5806589091080982e-32,5.816247524392616e-35,7.0570253170948816e-34,2.55014898110479e-13,4.4288000869512335e-13,9.110758151374525e-15,1.2640765868772855e-22,2.301413478507287e-21,2.8003696767819687e-25,1.7638237962646113e-15,8.612879328723055e-13,8.125687238336202e-22,9.011074487774156e-24
41347.91122766806,7.674021838335726e-07,0.00017623009334111176,5.886342325245106e-16,2.4527032258850017e-16,1.540638472330565e-17,1.5352095207548134e-17,7.648915155365723e-21,7.892246831791268e-19,6.562560593826863e-41,2.501119180858421e-32,4.4168537813391396e-41,1.4838787766691826e-22,1.6069553913676356e-19,3.0306255499171503e-28,1.2441775696452127e-24,4.618642012779966e-22,1.3488289229745173e-43,3.970856856809064e-40,1.294794015693062e-29,9.66786615310528e-36,6.056611230504222e-35,6.746460142827003e-36,2.006579094114152e-11,5.890848008087526e-12,2.6469351483677333e-13,8.545278699047284e-13,3.764221951346823e-29,1.8548196499681273e-25,9.205224878843647e-16,3.493062196016466e-14,1.5863689287852287e-31,3.36280350623065e-39,2.202319289413488e-26,3.200760489897562e-28,8.345875268094755e-26,2.4496553555169342e-26,1.825535567106765e-21,7.948476830082309e-22,8.0476880169281715e-22,3.3519932437500885e-08,3.546790474352556e-10,1.0605794509594009e-11,3.5480012098697924e-13,2.5349544941635852e-09,2.733453943338328e-11,4.7338513358547385e-18,2.9131531899059973e-18,1.3664128801947297e-17,0.017981227471337947,0.5127473089599738,0.01535971241004451,0.23593394175063287,7.4619817590949705e-06,7.166361829290874e-13,3.560355728295926e-20,1.8025561643360128e-19,4.981487685143736e-20,4.695862366548133e-22,7.856420937590084e-24,8.189632718655059e-23,2.13018638171774e-28,2.633380201083316e-20,6.061572518886129e-09,2.5690297641042845e-08,1.1272726748825758e-17,1.425482844968869e-15,0.0,6.170038564110592e-31,2.2463066452398867e-30,2.791114505603625e-06,6.859941179547353e-10,4.938944295676794e-22,1.173934473869475e-31,4.889594804909581e-12,1.978228407631785e-11,1.5401715671364286e-14,2.491560540615499e-14,9.240652314715815e-16,2.766535585368273e-17,1.420572068527734e-12,5.536163559074802e-20,4.005255493322128e-27,3.3702576754234726e-21,1.2776591066530802e-19,0.09757570480577987,0.0024242033211134355,9.336322251053242e-08,1.585645328659905e-15,2.303593977285978e-25,1.2564343975743358e-14,3.1302255503567864e-14,1.5343147116126394e-19,2.648525274215097e-12,1.189833673621737e-27,3.6929425486490454e-14,1.4253291814667543e-14,1.5931820822427292e-29,1.3838800763169564e-24,2.0700496112112493e-17,5.878096203047845e-09,2.250121903796955e-06,6.175362445922969e-05,3.0531910243481007e-08,3.11577897740509e-11,1.3620203379348443e-13,1.1208878458183875e-14,8.408169682887674e-26,9.677764911108908e-09,5.672431411062372e-09,8.201199095557938e-11,2.7894422656932357e-10,4.1351598221346905e-36,1.3170822848934688e-15,2.31104669686062e-12,9.152502290500478e-18,5.106003994287686e-11,5.4418513763076484e-12,5.885286048028149e-20,7.915234447891845e-17,5.950166438447458e-15,0.0003299693222727982,2.3724449733552074e-06,1.5934740357720718e-10,4.6671647346727694e-11,3.9372901082220187e-28,4.186711349919283e-16,3.7401829975411615e-18,1.6568560575008573e-24,4.2786153931107755e-26,8.885454696198683e-30,8.552883456598629e-07,7.674707009943959e-07,7.379704195131207e-09,3.502619726496492e-06,2.751331583888891e-22,1.009013615197381e-23,7.982807826460654e-10,1.77920132089474e-06,3.1366901367902777e-21,6.484726069733303e-18,1.405007904589833e-29,4.640797930010605e-24,0.0,0.0,4.655735745628437e-15,4.127972899306565e-15,1.5870083247184083e-22,1.2787612340676495e-16,7.73834981627381e-33,5.934761701837928e-24,6.99071863797591e-33,2.6223943875226047e-35,2.6071370461930003e-34,1.2225313055554754e-13,2.633258928974083e-13,3.825519229761497e-15,1.0702113988899519e-22,1.3947283762788374e-21,1.7617772820729444e-25,1.683570643474485e-15,5.08938454589713e-13,5.488775477594347e-22,6.061525327946843e-24
59792.559815487155,1.0637219702773596e-06,0.00017593506264062956,2.899024400508231e-16,1.5494976429256418e-16,5.934841055490634e-18,7.155939557729438e-18,2.9097785311904025e-21,2.6499258065658096e-19,1.8652969812666214e-41,8.342313582894602e-33,1.3106777427077964e-41,4.598087963226893e-23,3.643662467767827e-20,2.4682600823320373e-29,3.0551290703770177e-25,1.3052104461336596e-22,1.3673345742026349e-43,4.618036642030336e-41,1.4290945838062424e-30,1.7793999914177226e-36,6.02822384594779e-35,6.260681568552563e-37,1.7193783128686957e-11,5.231206101305086e-12,1.7319141283571542e-13,6.034173330483607e-13,1.3692817881043695e-29,5.069766794607459e-26,5.02780809827797e-16,1.759236874718335e-14,7.447995107272808e-32,6.476658646656578e-40,2.4066230843808952e-27,2.9301464594941356e-29,1.9558720187037934e-26,5.173313739754355e-27,7.509509158969055e-22,2.036880117646561e-22,2.8972477376040053e-22,3.34899327694545e-08,3.9051510061807664e-10,4.247444283739214e-12,1.569144864444219e-13,1.2693951445845396e-09,1.6591411912128525e-11,1.4303991164523101e-18,1.5539538564273899e-18,8.599173509400961e-18,0.024543394318405826,0.5195460495602755,0.021029936406259112,0.2297018713973712,6.663297276879643e-06,4.095262211944362e-13,1.8492510894101488e-20,8.143114027623274e-20,1.824708333282756e-20,1.39025184056906e-22,4.0946121690506625e-24,3.276114149403172e-23,6.405491841574312e-29,4.269681121403407e-21,3.4696661195732296e-09,1.928103470284679e-08,9.501184497313832e-18,1.0207851720819586e-15,0.0,2.574146766890147e-31,8.267534582203544e-31,1.7761238434565031e-06,3.6719764155340695e-10,2.349366616868393e-22,1.6601311262601517e-32,3.292381358210286e-12,1.5850222348337073e-11,3.8220393267798826e-15,7.941493682848529e-15,2.1001772064718859e-16,1.5934385236054205e-17,5.884296362033609e-13,1.3342943153110968e-20,1.3178962374292982e-27,1.8969275606348958e-21,5.904828355215775e-20,0.09668252958125581,0.0033173943133496257,7.759551025609521e-08,4.916691632216722e-16,6.812205012724071e-26,4.2719529579952045e-15,1.702483313223393e-14,7.366517213348578e-20,1.1766407916418938e-12,4.591727026110901e-28,3.072393817383819e-14,8.27825273602325e-15,7.664198264451193e-30,8.540396866696747e-25,1.3626427567406574e-17,6.247138716567318e-09,2.2497528612834393e-06,6.17584477899873e-05,3.132092568761395e-08,9.5455933333954e-12,7.590203670289095e-14,4.433235017231237e-15,9.518649836726144e-27,5.636372232882983e-09,4.3465207669393034e-09,3.542896274728347e-11,1.5274794100124422e-10,7.59215051730525e-37,4.100183564714439e-16,9.02500480506147e-13,2.5441121566204227e-18,3.151149437654915e-11,4.1074535616701996e-12,1.7142987223712902e-20,4.224114362310502e-17,2.539226367149925e-15,0.00032927025435360073,3.2233546157484075e-06,1.0591895507238933e-10,3.552983260253408e-11,1.4409626749983322e-28,1.7758875539920791e-16,1.140497304482251e-18,6.844414110590999e-25,1.4845922620504097e-26,2.73284884809923e-30,6.793171877850151e-07,8.023491444673023e-07,8.83600589336071e-09,3.5011636537906364e-06,1.9987204403703567e-22,6.5527474982768025e-24,1.0412097104054214e-09,1.7789585711073572e-06,2.5918278160594264e-21,4.055673613651428e-18,5.885334455173226e-30,1.3092622657806709e-24,0.0,0.0,3.5991701420495865e-15,3.064879134730475e-15,9.781030967291669e-23,9.119489582916291e-17,3.442540438680188e-33,3.1425656795041064e-24,3.0560188132522126e-33,1.162410432537671e-35,9.83867418626625e-35,5.700401681861817e-14,1.5382400997512555e-13,1.5949102286149666e-15,8.707898102720295e-23,8.321703127426252e-22,1.1008560453418847e-25,1.4789091719522094e-15,2.9619924139572584e-13,3.240834237613321e-22,3.5698021977068585e-24
86465.07412679883,1.4200278862986533e-06,0.00017557939491915755,1.4957665316161204e-16,9.946256925285398e-17,2.3807925224643584e-18,3.4671904197683804e-18,1.177426989296775e-21,9.453181767935763e-20,5.395579851670044e-42,2.7956875520356197e-33,4.01818635242816e-42,1.5002759903030274e-23,8.924598193541534e-21,2.31495837401055e-30,8.245417220475042e-26,3.9769565591917453e-23,1.3776414583497098e-43,5.0220061445569135e-42,1.7531610523323946e-31,3.6554951190339352e-37,5.987119568189649e-35,7.096866884197914e-38,1.4502276179646402e-11,4.574359076358536e-12,1.1488923313273198e-13,4.336044031355071e-13,4.968367988520556e-30,1.4251838479944568e-26,2.7893856971468465e-16,9.204396491889218e-15,1.743211634493588e-32,1.2711527468966016e-40,2.885025617921245e-28,3.0513214520136302e-30,4.7466174096870884e-27,1.1626925949570735e-27,3.1687761708497874e-22,5.501632539366673e-23,1.105537251562668e-22,3.344541038355711e-08,4.389278801579583e-10,1.7890430803947491e-12,7.209112123525428e-14,6.448859232485328e-10,1.003086364277488e-11,4.372212541759839e-19,8.442943470821673e-19,5.4940549803406205e-18,0.03240186064318028,0.5305085484343423,0.027863780100668166,0.22080558357111713,5.832839517287067e-06,2.474065646445581e-13,9.704706333189632e-21,3.7281401621076405e-20,7.159812304391926e-21,4.29094142074874e-23,2.1065348386565818e-24,1.3764280246204118e-23,2.0460039563998155e-29,7.525916336861789e-22,1.9677449668125063e-09,1.4336293867286052e-08,7.858169218848475e-18,7.45124215142324e-16,0.0,1.1156832739796087e-31,3.017462562908486e-31,1.1311870737070473e-06,1.9879031576158043e-10,1.170043432471237e-22,2.636908815030815e-33,2.262949246466159e-12,1.3151380474095899e-11,1.0043983899819008e-15,2.6754882571991114e-15,5.1510777660729904e-17,9.243625447795957e-18,2.5082623207972354e-13,3.33835739950835e-21,4.399557457361892e-28,1.0867808419413605e-21,2.8467682975568494e-20,0.09565712277033699,0.004342815981152876,6.27386258084759e-08,1.593156672153573e-16,2.129398336738237e-26,1.5078583242510508e-15,9.520611800411647e-15,3.6300056875233505e-20,5.267647998891253e-13,1.6874410045526118e-28,2.5107906241317244e-14,4.8417051428702306e-15,3.700793697500785e-30,5.347906701268847e-25,8.817508588091084e-18,6.4996211524750264e-09,2.249500378847537e-06,6.176060707260152e-05,3.2543425505219394e-08,3.813758764301582e-12,4.5010768233435626e-14,1.91020604902969e-15,1.1932440112201528e-27,3.338496382512939e-09,3.3763530551309434e-09,1.573819662143182e-11,8.650402220556046e-11,1.449482490775532e-37,1.337353785665573e-16,3.721170684309814e-13,7.624725720952037e-19,1.9311560823207717e-11,3.1278490516066405e-12,5.17196510384297e-21,2.2509160795707165e-17,1.139889273194067e-15,0.00032837689018020685,4.263554938154155e-06,6.861113475695587e-11,2.7179683276117026e-11,5.201338476173117e-29,7.496483684787419e-17,3.5477506318979403e-19,2.851731893294341e-25,5.497309480191094e-27,8.59496153362771e-31,5.2641659761344e-07,8.157654350279343e-07,1.0152778378624039e-08,3.499847014573013e-06,1.4175141098365917e-22,4.285400406192043e-24,1.3070244882943307e-09,1.7786928522826747e-06,2.1581628810102376e-21,2.58339715756095e-18,2.522005229042631e-30,3.977307247153979e-25,0.0,0.0,2.7748831694467333e-15,2.3242453024591073e-15,6.063246415006424e-23,6.639068578190481e-17,1.5713679918539874e-33,1.735145763456635e-24,1.3740331591680991e-33,5.2843332284347106e-36,3.952744869883377e-35,2.686439643779855e-14,9.051304758018305e-14,6.83482097945598e-16,6.975219167766736e-23,5.035695004876242e-22,6.970453748735026e-26,1.2098704300846503e-15,1.739582870162233e-13,1.7349954380009074e-22,1.9103219719592662e-24
125035.77479913068,1.7953425401735913e-06,0.00017520438425921493,8.351276319553861e-17,6.632201601657993e-17,1.0452226952575178e-18,1.8088480600153197e-18,5.335745778812335e-22,3.75213091232411e-20,1.686461893514236e-42,9.88413352958389e-34,1.342405756890013e-42,5.511803422569243e-24,2.5595109984681738e-21,2.788453898591538e-31,2.605813032671724e-26,1.3971704244846135e-23,1.3832371155375428e-43,5.716288159915369e-43,2.727822742183145e-32,9.12812051242415e-38,5.928133014545125e-35,1.1081891755491515e-38,1.2092099944038728e-11,3.961373070553974e-12,7.856115064870397e-14,3.212953681061001e-13,1.9096438513213136e-30,4.360766863164741e-27,1.6145554106241852e-16,5.126631726769094e-15,1.2447602065915453e-33,2.750269912380439e-41,4.2939974135086173e-29,4.100788545974881e-31,1.2771349360746768e-27,2.971813782100805e-28,1.4230335564077854e-22,1.667095914542935e-23,4.633454525735896e-23,3.338480982543204e-08,5.019965352339745e-10,8.49200012644159e-13,3.640315043166198e-14,3.492487573636412e-10,6.242340264156343e-12,1.4607587693853864e-19,4.849405373847484e-19,3.647975439171883e-18,0.04066357173497765,0.5482283611164452,0.035168546643188504,0.20829476221640122,5.038831914007523e-06,1.6135515739866421e-13,5.322566298159433e-21,1.8123782852728346e-20,3.1404115221622873e-21,1.459002689395131e-23,1.1177405899194052e-24,6.3473768648686904e-24,7.331563004941028e-30,1.599735096793847e-22,1.1332727841221865e-09,1.0679073430618057e-08,6.456783803464648e-18,5.609060072865164e-16,0.0,5.257365170774393e-32,1.1572525131990778e-31,7.340778246671212e-07,1.1130470095947358e-10,6.280219359391667e-23,5.330816626884474e-34,1.6214327012229534e-12,1.141085147564415e-11,3.0416437759126317e-16,1.0204367028500563e-15,1.4766578582409906e-17,5.560034681787644e-18,1.1476120087729067e-13,9.310002628363177e-22,1.5678363315099862e-28,6.491665134535236e-22,1.4824634572773133e-20,0.09469973376942517,0.005300217481090465,5.023960001375187e-08,5.746054734948693e-17,7.418615487936967e-27,5.910727806730328e-16,5.626745234303757e-15,1.9328330070718243e-20,2.4881785897100706e-13,6.25835398383281e-29,2.041252503200377e-14,2.952817347548033e-15,1.8797313226144846e-30,3.500214066977169e-25,5.7662715328665006e-18,6.6468716699166765e-09,2.2493531283300987e-06,6.17606534399236e-05,3.4459637396596746e-08,1.882240102669821e-12,2.915112589920179e-14,9.289463547583119e-16,1.9067997324016016e-28,2.0851959914205896e-09,2.7222686325742537e-09,7.543960689057574e-12,5.246927840059195e-11,3.198113985925798e-38,4.848666361821657e-17,1.6965321320386815e-13,2.609482389900195e-19,1.2114390344900876e-11,2.442285951833682e-12,1.7558259319740492e-21,1.2636388583891094e-17,5.678470720168062e-16,0.0003273799846263152,5.398835799821501e-06,4.4692306571932466e-11,2.1257398934021968e-11,1.954033934379673e-29,3.321972004107199e-17,1.2261353314978953e-19,1.2686209500546042e-25,2.2881726435053618e-27,2.9160789071740234e-31,4.0268965380432954e-07,8.060637760797062e-07,1.1186475404940336e-08,3.498813392998776e-06,1.0098565570286144e-22,2.8985385924666618e-24,1.5622497163409435e-09,1.7784376772876064e-06,1.816646660735335e-21,1.712811350902276e-18,1.1732684241525096e-30,1.3910871246293284e-25,0.0,0.0,2.1644470970494966e-15,1.847030248019089e-15,3.926417328884347e-23,4.989690218313438e-17,7.720653207773866e-34,1.0364480493894459e-24,6.672344750531088e-34,2.5936902970384975e-36,1.7738147556635163e-35,1.3363351914569449e-14,5.5255992092293594e-14,3.13621262100157e-16,5.653330654996701e-23,3.199857458053603e-22,4.597592225582732e-26,9.406843704323227e-16,1.0613248594046436e-13,8.868138851167205e-23,9.790559281773363e-25
180812.25439872022,2.1216371971568378e-06,0.00017487823458098745,5.1148651559471525e-17,4.6746091034686255e-17,5.157337530426682e-19,1.0371882819335368e-18,2.741532950729143e-22,1.700088415989102e-20,5.947754163466955e-43,3.8142336145755423e-34,5.034013707199002e-43,2.382213645238022e-24,9.070455881911737e-22,-2.106337527494361e-31,1.0027538993569996e-26,5.888814982262952e-24,1.3861784586131079e-43,9.990755079788705e-44,5.894742081049871e-33,2.849688920241725e-38,5.843896612939168e-35,2.56432338499367e-39,1.000096944049283e-11,3.4136336473959667e-12,5.538785425947937e-14,2.471253897079934e-13,8.155005567210506e-31,1.498707835293403e-27,9.896010100860316e-17,3.075240074487314e-15,1.49135157809554e-35,6.89768906637173e-42,8.655500411845456e-30,7.741464113314684e-32,3.9591923126051575e-28,8.94591962644407e-29,6.9418918858562e-23,5.894978321474116e-24,2.1688153046166044e-23,3.330582962699569e-08,5.824410389839996e-10,4.792978801093257e-13,2.1079944380746008e-14,2.0973261437435587e-10,4.082614337846227e-12,5.644160585615426e-20,3.007569105434471e-19,2.563615466177084e-18,0.047855906520993516,0.5758616668316451,0.041764864954395055,0.19118110582111136,4.322602836971098e-06,1.145741046105298e-13,3.1238107099866144e-21,9.663016962158964e-21,1.5805791438752662e-21,5.6313134109998625e-24,6.328496859097997e-25,3.305473470039838e-24,3.0490663195836364e-30,4.4039481144599606e-23,6.693075370957424e-10,7.98636664208524e-09,5.32029812412951e-18,4.3774898503366345e-16,0.0,2.7713206313099104e-32,4.8347357944561847e-32,4.909120189122648e-07,6.491726222367384e-11,3.6760029373134754e-23,1.4754768790166257e-34,1.2254055770292633e-12,1.0389354339038381e-11,1.1265717848251682e-16,4.623844750697638e-16,5.218163444538849e-18,3.516900117350994e-18,5.770368314359053e-14,3.014613204854855e-22,6.168450898011327e-29,4.0860470556897224e-22,8.50087921576202e-21,0.0941034553845659,0.005896505463860147,4.0641689454625715e-08,2.4006789467603897e-17,2.9446615669713653e-27,2.702285607539195e-16,3.567709582931232e-15,1.158319044848635e-20,1.27443933561243e-13,2.437486662440136e-29,1.666130411199719e-14,1.922368789716507e-15,1.0375437755324301e-30,2.4501408832719854e-25,3.883526738852598e-18,6.70104647751941e-09,2.2492989535224975e-06,6.175871083679825e-05,3.7505963394037547e-08,1.1260904232433284e-12,2.1244101058570735e-14,5.276650385019669e-16,4.31626440483615e-29,1.4097959097092514e-09,2.3216602213017633e-09,4.031483691875393e-12,3.491720649054994e-11,8.819286914419229e-39,2.0292291702281995e-17,8.804896465532074e-14,1.0551630074007413e-19,7.931898316676734e-12,1.9741401888560096e-12,7.157948666521373e-22,7.804350682155524e-18,3.2661837614290796e-16,0.00032645626008028005,6.458054574658073e-06,2.992661039072368e-11,1.71835474932676e-11,7.879721850760294e-30,1.6086241915991806e-17,5.015700042502197e-20,6.219960068869152e-26,1.1044368748944704e-27,1.1081800739420157e-31,3.0519624772170214e-07,7.714502631979757e-07,1.1856309575383907e-08,3.4981436019184138e-06,7.412486743059227e-23,2.072768595271583e-24,1.769837602414037e-09,1.7782301161101392e-06,1.5524568248329196e-21,1.2022742015849985e-18,6.076939714156817e-31,5.831486527637893e-26,0.0,0.0,1.7228597773546415e-15,1.5672203901044834e-15,2.7310895456384166e-23,3.8909685872355535e-17,4.217854279130602e-34,6.858579199772361e-25,3.61564522445855e-34,1.4230108470334039e-36,9.150672310440022e-36,7.18107392831728e-15,3.5618552925518075e-14,1.576270603493258e-16,4.7302912439204453e-23,2.1889611318225205e-22,3.2280934626655883e-26,7.079681936533272e-16,6.843030732783722e-14,4.5055748335633215e-23,5.006693677309224e-25
261469.73850698897,2.3527605545395227e-06,0.0001746471876288195,3.330307719469569e-17,3.445025605609607e-17,2.752132769665395e-19,6.360159568428757e-19,1.5121219418123922e-22,8.442213873731313e-21,2.2738039736893373e-43,1.5434534461125655e-34,2.016986172596383e-43,1.1682825724305422e-24,3.8142370309774315e-22,1.6018712876338301e-31,4.495410894313696e-27,2.8546576766093738e-24,1.387461999998695e-43,2.2827918442192873e-44,1.670991955694939e-33,1.0211920416098751e-38,5.724263312373215e-35,8.148882602711495e-40,8.139673335443031e-12,2.9111068632811084e-12,3.9099574281001784e-14,1.9445784131893474e-13,3.773886368032565e-31,5.457295819696474e-28,6.266914997464105e-17,1.929231522750574e-15,1.7349904863351066e-38,1.8808149456307082e-42,2.2356171027352273e-30,1.9261111097659823e-32,1.3319835630230393e-28,2.9667712121620315e-29,3.5456265423267644e-23,2.3192699919829406e-24,1.0848670175721628e-23,3.3199767153347435e-08,6.893373866940754e-10,3.1757256186241156e-13,1.3837179928893617e-14,1.373450934077067e-10,2.7540559252104065e-12,2.4319863473985976e-20,1.9696238685450076e-19,1.8864540858716195e-18,0.05299028360432491,0.6156354707442825,0.04680880442700217,0.1687732091884211,3.663918539488613e-06,8.657490391377758e-14,1.9191025943810354e-21,5.530965120851449e-21,8.83983515061625e-22,2.3458380238573596e-24,3.77028094116245e-25,1.8903954763653297e-24,1.4136501569043849e-30,1.4976640007481343e-23,3.9235263389535204e-10,5.865561484101326e-09,4.369404091068389e-18,3.4905290441384863e-16,0.0,1.59029525061208e-32,2.1154691070938504e-32,3.316615572113244e-07,3.80115591363676e-11,2.2700066404929407e-23,5.237992293968613e-35,9.620269840303477e-13,9.846858070866112e-12,4.9474099376813524e-17,2.425858434194898e-16,2.1825832721272918e-18,2.2824859861318017e-18,3.075364578776557e-14,1.0691156515708238e-22,2.566838814825306e-29,2.6394868834819665e-22,5.2148176922770565e-21,0.09401276495998533,0.005987203282062269,3.3248067812960953e-08,1.119133372726578e-17,1.2593405363732111e-27,1.4083664042864813e-16,2.364999941772621e-15,7.746811044619558e-21,6.85507424289867e-14,9.577996704440625e-30,1.3561045721902411e-14,1.3140570100675297e-15,6.1025948392859e-31,1.8170586627861286e-25,2.6504807357909284e-18,6.686564631305097e-09,2.249313435368714e-06,6.175440423103063e-05,4.2443501911470697e-08,7.955554455788899e-13,1.7382891127145342e-14,3.4410644569107704e-16,1.3206484739490577e-29,1.020731323899178e-09,2.0950933893826053e-09,2.3461958424564653e-12,2.5130692575804483e-11,2.920936304274644e-39,9.439293520632818e-18,5.0522325150589546e-14,4.823241589685335e-20,5.321455398839139e-12,1.6324641232398108e-12,3.4423055601504633e-22,5.285039400457486e-18,2.1388312740913396e-16,0.00032574511984796034,7.313809347216001e-06,2.0305486271820827e-11,1.420379291411455e-11,3.270355135159831e-30,8.307133764402649e-18,2.3559979093187984e-20,3.2559979185683234e-26,5.97837106592861e-28,4.5280671470819947e-32,2.2487553615686417e-07,7.096830955845126e-07,1.2199825855888954e-08,3.497800112575706e-06,5.599717909613258e-23,1.5552375084940596e-24,1.9150173831767915e-09,1.7780849519481817e-06,1.3347036475940015e-21,8.833382594181338e-19,3.357526784490565e-31,2.810104074911129e-26,0.0,0.0,1.3854975677695508e-15,1.4173564161442594e-15,2.022932508498946e-23,3.1018397955237745e-17,2.5034992431136094e-34,4.945138885754397e-25,2.134959648139258e-34,8.525511530454891e-37,5.258386175565583e-36,4.032725202106754e-15,2.371750879742354e-14,8.365053499984422e-17,4.076870624581455e-23,1.5952134961661438e-22,2.391081280868642e-26,5.134478267728888e-16,4.560252459395982e-14,2.2332900019466564e-23,2.505954196932642e-25
378107.249324784,2.508572069718693e-06,0.00017449142706416485,2.150413283965647e-17,2.5336824646599396e-17,1.4391327726406031e-19,3.857597434560497e-19,8.111260403824204e-23,4.100950523908285e-21,3.6358355456931213e-31,6.369974030663508e-35,1.656868096606492e-34,5.777930443960016e-25,1.6342232647284856e-22,2.3595126042943143e-31,2.0471907149315817e-27,1.4096232421334083e-24,-9.77001574472142e-37,5.084934631457248e-45,4.977123613416447e-34,3.534859193096779e-39,5.555664192879328e-35,2.8470641643778002e-40,6.365924192679714e-12,2.4080750825616865e-12,2.6316498997864987e-14,1.5047369858557947e-13,1.6815095367460046e-31,1.774913093720204e-28,3.814793244620818e-17,1.1705554845670876e-15,-6.414857866936794e-36,-4.3748414875391317e-35,5.024997178623732e-31,1.6331177265150553e-33,4.074586185763525e-29,9.037012640581382e-30,1.7037131834183814e-23,8.705402032814345e-25,5.1605276844026795e-24,3.304126212558133e-08,8.483848365719965e-10,2.2551304224116706e-13,9.5395635989307e-15,8.983312699452857e-11,1.7951415037889741e-12,1.003401004079702e-20,1.282305930095518e-19,1.3865216374990736e-18,0.056506175549899895,0.6671927209840669,0.05056832407905424,0.14111575333085408,2.999525472789708e-06,6.575639755285876e-14,1.13978527232999e-21,3.1196967883613616e-21,4.964722391684048e-22,9.099739644527537e-25,2.1919062285038515e-25,1.0791172897338273e-24,6.421462023160137e-31,5.2315491957552044e-24,2.0973730422722342e-10,4.0160193737881806e-09,3.4814442592005504e-18,2.7365041378559503e-16,0.0,9.059676406537624e-33,8.488060087792747e-33,2.1287453061067787e-07,2.040670019837145e-11,1.361444061998432e-23,1.9621662009622754e-35,7.489615080495019e-13,9.53831994141158e-12,2.2442229649390838e-17,1.3142424602999468e-16,9.27150654846933e-19,1.4348745599407538e-18,1.5609855934414082e-14,3.47651743771201e-23,9.838976124554795e-30,1.6477336005311766e-22,3.1642648312868014e-21,0.09425606084910991,0.0057439139029546084,2.673805101806599e-08,5.116543879930018e-18,5.071358395687155e-28,7.497053633148157e-17,1.5195861624653031e-15,5.3942553569988536e-21,3.4929080535115765e-14,3.2842792172920365e-30,1.0707359903451037e-14,8.887231775734084e-16,3.5230972401323603e-31,1.3576389007195273e-25,1.7237398117673855e-18,6.6408116630284694e-09,2.249359188336994e-06,6.174656081440073e-05,5.0705995193673547e-08,6.03876758883404e-13,1.5287007599398124e-14,2.372215015483062e-16,4.332807860038005e-30,7.489888656944253e-10,1.958161329443216e-09,1.3571585231458591e-12,1.8422864234433408e-11,9.641625425708341e-40,4.2882252674901776e-18,2.904068593362657e-14,2.172325788850375e-20,3.4258131966368114e-12,1.329569568222615e-12,1.731002734767754e-22,3.691759537596119e-18,1.4747450941094966e-16,0.0003252175606934845,8.00546383633015e-06,1.3131141132191862e-11,1.1564426799114853e-11,1.2411798118634646e-30,4.1040607777228925e-18,1.1007893215363268e-20,1.6679972592399093e-26,3.2895413716391126e-28,1.72439300059166e-32,1.5362438000659257e-07,6.189590528573369e-07,1.2357113631661745e-08,3.4976428447215617e-06,4.196354175068904e-23,1.1689696451262755e-24,2.0165266350313405e-09,1.7779834535189298e-06,1.1303884433889992e-21,6.479127443827232e-19,1.8024107157946104e-31,1.3779314829395297e-26,0.0,0.0,1.089333502508806e-15,1.3355605402565796e-15,1.5167412336879098e-23,2.4320167481577883e-17,1.4775036727457188e-34,3.653712349358492e-25,1.255606224207734e-34,5.090183902080443e-37,3.045426781465697e-36,2.151160938509844e-15,1.5202987892003054e-14,4.2030123561252966e-17,3.5272067919865986e-23,1.1747140617263208e-22,1.7805909305598522e-26,3.4494911876366743e-16,2.9274207318953855e-14,9.77683918709374e-24,1.1088968267250668e-25
546774.9071395234,2.6370651008760724e-06,0.00017436297408252453,1.2921332245298898e-17,1.762671557122322e-17,6.721780302383387e-20,2.134486610557043e-19,3.8764209554788544e-23,1.7250402524245767e-21,1.8704652821474246e-31,1.4875178084266714e-35,1.3133192489994165e-33,2.563476370522372e-25,5.991407068012935e-23,9.833606562235403e-34,8.182889005686783e-28,6.316895652598125e-25,-8.589606720770986e-35,3.425358752250676e-45,1.226363779867146e-34,8.631086571286575e-40,5.3207105991033e-35,8.752197266178741e-41,4.6426317531020616e-12,1.8830893766489533e-12,1.618664447959508e-14,1.093570525526249e-13,6.207256607380293e-32,4.1806534708503723e-29,2.046623628295116e-17,6.269469604463032e-16,2.8969780336065e-34,1.0441795929708396e-34,3.6377185544420627e-31,9.219794616015452e-33,9.107398576671087e-30,2.0138785979537762e-30,6.769527463991902e-24,2.601344429510152e-25,2.0364747639728194e-24,3.277426865632082e-08,1.1158575473647872e-09,1.5475394243084324e-13,6.32724800668632e-15,5.293323692605739e-11,1.0486493037570073e-12,3.3027906770739238e-21,7.891209432804693e-20,9.637313522288902e-19,0.05944092506084799,0.7273795548460121,0.05381485632919363,0.10940000974716826,2.294778701656418e-06,4.7144038465733287e-14,5.952411815063917e-22,1.5669399231381235e-21,2.4965962036338333e-22,2.7516067930428873e-25,1.1310804904527717e-25,5.503605068967281e-25,2.4606012250605525e-31,1.5274607084389108e-24,9.179843104708772e-11,2.396602463097904e-09,2.595351924665574e-18,2.0161580654480321e-16,0.0,4.605374187305703e-33,2.6429769798264675e-33,1.2001842352882563e-07,8.97478788743872e-12,7.220464230372989e-24,6.369261904254158e-36,5.474918365991361e-13,9.279160439680508e-12,8.997148097492963e-18,6.438672690234509e-17,3.347509894791793e-19,8.286261576069267e-19,6.665118476203465e-15,8.390252582335761e-24,2.9317733819223994e-30,9.382253688002808e-23,1.7536943182952906e-21,0.09456745719958166,0.00543252396475953,2.032577434518575e-08,1.973932148934646e-18,1.6666786129938922e-28,3.5839685271134163e-17,8.639369181669483e-16,3.603872916819462e-21,1.4915165851578304e-14,8.139741252122695e-31,7.909349795556167e-15,5.578783908857274e-16,1.8081818852159468e-31,9.620929315354491e-26,9.85956440946114e-19,6.594789973473378e-09,2.2494052100265524e-06,6.173230021635705e-05,6.530871437965183e-08,4.418030048602926e-13,1.3784314119840556e-14,1.5759946001579912e-16,1.1647207843939352e-30,5.219666953713603e-10,1.851506325209339e-09,7.000215559640137e-13,1.2841410413251207e-11,2.5369355228535483e-40,1.632060984907311e-18,1.4918114489096263e-14,8.217935799514186e-21,1.9482779925836407e-12,1.0179662480673717e-12,7.891734373741559e-23,2.469267804271867e-18,9.802595662506546e-17,0.0003247549619819507,8.650480055494055e-06,7.46864428319192e-12,8.851570865886282e-12,3.785738508047329e-31,1.6896741840162579e-18,4.312545792979887e-21,7.764971907052204e-27,1.6722755874114724e-28,5.1276348467960906e-33,9.13422644023672e-08,5.006286850332189e-07,1.2459320128054567e-08,3.4975406542940363e-06,2.9707889382439095e-23,8.315958739355766e-25,2.1014997443541132e-09,1.7778984885596797e-06,9.261616281778047e-22,4.493144342436603e-19,8.616140606999108e-32,6.117861131399686e-27,0.0,0.0,8.038158422510468e-16,1.28189892034393e-15,1.0843628100866072e-23,1.7922468944762124e-17,7.809824813745616e-35,2.584498777970095e-25,6.618200356408873e-35,2.719659116235757e-37,1.58710864079125e-36,9.767725326417996e-16,8.597596053776902e-15,1.7513446562239817e-17,2.9859702585424016e-23,8.21553572288711e-23,1.2576192424045955e-26,2.0197981866183546e-16,1.660196607536369e-14,3.2913908472045667e-24,3.7687946645040674e-26
790682.5367969447,2.757218601000936e-06,0.00017424284970726886,7.00656250475843e-18,1.119262959102434e-17,2.6965381118370878e-20,1.0287043069771291e-19,1.5532168792474593e-23,5.798619902178364e-22,1.7185808006696608e-30,3.5439557882105974e-35,1.780206692478581e-33,9.690537465964759e-26,1.667117846856838e-23,2.002588564549554e-33,2.627255510331747e-28,2.45149682492628e-25,-1.6963701663589801e-34,2.4134106716725863e-45,2.1828579438534945e-35,-1.8200423927112303e-40,4.998593147480892e-35,2.0747747324694663e-41,3.0693431599696248e-12,1.362816560015776e-12,8.87019930978626e-15,7.185838875105955e-14,1.7833860475211863e-32,5.90247158055499e-30,8.977374731708808e-18,2.7455099221175823e-16,9.799761812583411e-35,-2.0828965414177764e-34,-1.249515184748972e-30,-2.4406352621674666e-32,1.2292367842853936e-30,2.7104704645673805e-31,1.9872486993452846e-24,5.373420254773373e-26,5.941855147069322e-25,3.22761039691808e-08,1.6145287358935582e-09,9.657963323417662e-14,3.827681507799048e-15,2.6545525576055086e-11,5.254939192121844e-13,7.673120281443646e-22,4.5790614984489323e-20,6.103494765281428e-19,0.062193389700026226,0.790597350841566,0.05682956775565463,0.0762846616613004,1.5831791357718513e-06,3.039866040173792e-14,2.534035347088615e-22,6.483038731514687e-22,1.0341348032967064e-22,5.557063369072511e-26,4.792474254725909e-26,2.307281831133316e-25,7.10153760326449e-32,3.2654330245650675e-25,2.951979398315377e-11,1.1606239126964478e-09,1.7469282841232393e-18,1.3432322158264817e-16,0.0,1.9260054791662287e-33,5.486273026120539e-34,5.518614006343681e-08,2.896543511902578e-12,3.1360091290845077e-24,1.583872842622568e-36,3.589850444120127e-13,8.977911221229069e-12,2.8961213389260034e-18,2.6025249418406177e-17,9.017384061930403e-20,4.278445108547583e-19,2.192709355992305e-15,1.2732860360007499e-24,5.845561069591393e-31,4.7178069726081454e-23,8.488377239792714e-22,0.09482933160487429,0.0051706557174171055,1.416782420177268e-08,5.745922065626281e-19,4.0304360879278366e-29,1.4073759438273126e-17,4.0180831068756157e-16,2.194451497655031e-21,4.871446349031021e-15,1.2224989928888654e-31,5.2780011168640996e-15,3.1261133400093983e-16,7.625675818225817e-32,6.189056909464588e-26,4.597618031768453e-19,6.5593202409516215e-09,2.249440679759071e-06,6.170447222008982e-05,9.343053820866525e-08,2.9158693005571944e-13,1.2532786368111424e-14,9.546799836824056e-17,2.1438984023014044e-31,3.300837013917786e-10,1.7564137022552603e-09,2.9611484318980764e-13,8.120668048610314e-12,4.499339960659974e-41,4.606030078153733e-19,6.287147743022626e-15,2.3064201115078458e-21,9.086576241057759e-13,7.032256829906702e-13,2.969763424855263e-23,1.5061707745662e-18,5.962263823026192e-17,0.00032430652798147983,9.284741792793574e-06,3.4638925678761133e-12,6.113380823453184e-12,8.430234081757163e-32,5.144398617806181e-19,1.2476159640688193e-21,3.234113006674561e-27,7.5202464250486e-29,1.021349777083031e-33,4.408676543576162e-08,3.6340256299190095e-07,1.2552606285801169e-08,3.4974473801218585e-06,1.9106329845682127e-23,5.367356561240961e-25,2.179213039843115e-09,1.7778207808480116e-06,7.314826158322095e-22,2.8397710515240945e-19,3.450515208164991e-32,2.3455417612338987e-27,0.0,0.0,5.363829078754536e-16,1.243485594071694e-15,7.075536976426242e-24,1.1943728413758248e-17,3.4054254919781996e-35,1.670799132505448e-25,2.8787401244792405e-35,1.1961809725567926e-37,6.8356851545359925e-37,3.4674381499137947e-16,3.967921976370196e-15,5.3861885384489096e-18,2.4625625126280295e-23,5.2235579202856165e-23,8.069482368992222e-27,9.622879890608263e-17,7.707185187363317e-15,7.432960814032732e-25,8.574791844604152e-27
1143393.4985537303,2.861894222640994e-06,0.00017413819110440146,3.3914425727109062e-18,6.314839052919585e-18,9.333533098169785e-21,4.2224492768328844e-20,4.8475293712014466e-24,1.4648604189940655e-22,2.595363214407272e-31,4.628395864463965e-36,8.493495650585404e-34,3.127142649068188e-26,3.2276991291123802e-24,2.6017919845438095e-32,6.376109478604287e-29,8.283118644638825e-26,-4.411837286703232e-34,2.877000301772957e-46,2.6167120172546198e-36,-9.547186791475742e-40,4.5673092038184954e-35,3.3868587291449446e-42,1.7838295846549984e-12,9.021406111932791e-13,4.24341634083352e-15,4.100727916613931e-14,3.313523258594666e-33,4.03798755623367e-31,2.9656808059209476e-18,9.055759874386598e-17,-1.7348417752050035e-34,6.340059946307132e-36,1.3103444749425923e-33,1.0582690428092046e-35,8.112222100089694e-32,1.784226597866436e-32,3.807197387034959e-25,6.741343506452566e-27,1.1325184299770159e-25,3.123944349794734e-08,2.6517922483889395e-09,5.2631002371534524e-14,2.032584709886725e-15,1.1652100097310188e-11,2.331343393095464e-13,1.2336959386335978e-22,2.6343380715776136e-20,3.418971795536955e-19,0.06459197472789104,0.848988029079226,0.059425759082874924,0.04579200831179093,9.425063448015474e-07,1.67272567013856e-14,8.132650710949414e-23,2.043443945143938e-22,3.261171240277833e-23,6.329345502033467e-27,1.5383793424628413e-26,7.339076819505118e-26,1.3924295343824496e-32,4.624069335673401e-26,6.118588653959255e-12,4.1723237729367594e-10,1.017950639929124e-18,7.761526621957645e-17,0.0,6.118647103811535e-34,6.397970890323327e-35,1.8995477872314474e-08,6.018440983881515e-13,1.0280767529996267e-24,2.68948466561925e-37,2.0025407774563844e-13,8.54727232966205e-12,7.058955151844591e-19,8.015626842430718e-18,1.6052421873727927e-20,1.9442108470534558e-19,5.429205654064291e-16,1.0883838837959312e-25,6.598273709320363e-32,2.0587030252282506e-23,3.5126802896914923e-22,0.09502665357744612,0.004973339051456139,8.8612133965003e-09,1.153525564740948e-19,6.51489464782094e-30,4.204086613185294e-18,1.406381813890438e-16,1.1716419099209674e-21,1.1729526768126016e-15,9.266208579285258e-33,3.053126441608572e-15,1.5250786191397442e-16,2.4393708158140245e-32,3.4724110980796495e-26,1.6016537579284142e-19,6.534324480720175e-09,2.2494656755193014e-06,6.164326174622247e-05,1.5487672097414295e-07,1.6603112912384747e-13,1.1521452827058005e-14,5.071344691906137e-17,2.3690290830819341e-32,1.8189943165070703e-10,1.673912790820201e-09,9.459720576357446e-14,4.474170244659599e-12,4.5766261719682946e-42,8.51586375972074e-20,2.0021296536239226e-15,4.242293042631196e-22,3.2077513330542057e-13,4.189796009984759e-13,8.56096738827476e-24,8.059210086951804e-19,3.207402898340917e-17,0.0003238999332078299,9.857991565041137e-06,1.2010915466399824e-12,3.6431239443324284e-12,1.2467516467903015e-32,1.0187125177070668e-19,2.3691343571571605e-22,1.2248905338833033e-27,2.95627385831187e-29,1.154875911081783e-34,1.5806750206730934e-08,2.2582220464473723e-07,1.2633341736457704e-08,3.497366652214007e-06,1.0740309965625887e-23,3.021617775130495e-25,2.2452347467059732e-09,1.7777547622565112e-06,5.651115792140729e-22,1.5890917235098348e-19,1.0757631790266416e-32,7.816836783946782e-28,0.0,0.0,3.1040693464108407e-16,1.2184997511422925e-15,4.038153461245222e-24,6.903062992564971e-18,1.125764672794582e-35,9.462957923189306e-26,9.497569134208617e-36,3.9797366043549945e-38,2.2371005500505512e-37,8.935600908401458e-17,1.3703878692988665e-15,1.0751855763559619e-18,2.0118685143920153e-23,2.904821379893151e-23,4.519390176049516e-27,3.4214355104177585e-17,2.6976469648252674e-15,9.771428734213393e-26,1.13337693086565e-27
1653443.236309495,2.9397533999433586e-06,0.00017406033934098876,1.4612023520788367e-18,3.085342350957542e-18,2.850074142769035e-21,1.4536754054349894e-20,1.0396126251941872e-24,2.5615867055836492e-23,1.3434859849440722e-31,1.7730436948347115e-38,4.083460060664193e-44,8.856292551406913e-27,4.197697222058594e-25,-1.3194495919845816e-34,1.0832405440064198e-29,2.4897445343383045e-26,-5.283834126143973e-34,4.261540771061988e-50,2.005758907682912e-37,-1.2173155255186213e-39,4.0094061171874825e-35,3.1656400250610576e-43,8.8047004596308e-13,5.556047936645582e-13,1.714290897733304e-15,1.9151474560751547e-14,2.6425613642132714e-34,9.823919771538759e-33,6.539722734432623e-19,1.9945156160674207e-17,-1.786680601657268e-36,-3.4534448978294595e-47,-1.2881107524306676e-32,-9.749432940556944e-35,1.9246512948433535e-33,4.225194662620368e-34,3.9684278490224035e-26,4.402290135133959e-28,1.1761355153180436e-26,2.8807641027055887e-08,5.084520609807355e-09,2.3584190186698122e-14,8.934304589450519e-16,5.661707700933421e-12,1.1555162169387158e-13,1.7087053132224973e-23,1.6518241415376743e-20,1.63827369383856e-19,0.06637584896754631,0.8942726249038992,0.06134275298320433,0.022191788735161047,4.5441739124733667e-07,7.14786929654852e-15,1.7501748771365665e-23,4.362864280234952e-23,6.963626935150711e-24,3.178790367841623e-28,3.323153092250037e-27,1.574869889119478e-26,1.6374321115567652e-33,3.747813630164988e-27,6.760316978464383e-13,9.789603285649875e-11,4.82829310046548e-19,3.659531729131843e-17,0.0,1.3128616975471567e-34,3.269251382688589e-36,4.323945282853941e-09,6.659501494806774e-14,2.256284469675397e-25,2.585476792413514e-38,8.644838102884007e-14,7.744766886869659e-12,1.2269080952397042e-19,1.6728475617239658e-18,1.5799018175571227e-21,7.560298056641441e-20,1.1866103951297374e-16,5.423037360780498e-27,3.29762013736459e-33,7.633862244661747e-24,1.2234236862506813e-22,0.09515968225786096,0.004840314272895194,4.959359409245582e-09,1.532043880708438e-20,6.155192399105111e-31,8.514145685035333e-19,3.306231659668591e-17,5.168274114534828e-22,2.3985552075370067e-16,3.0576367164699358e-34,1.4404654285047064e-15,6.275794100673081e-17,5.259819165060769e-33,1.6027245793006853e-26,3.6740987768140456e-20,6.518382861494534e-09,2.2494816171385284e-06,6.14827460599322e-05,3.155681233177014e-07,7.65024557999023e-14,1.0719022772910775e-14,2.2246138515071278e-17,1.4193172246053177e-33,8.208889934135331e-11,1.601210634202827e-09,2.0174704458368398e-14,2.018684460163705e-12,2.0983214998891155e-43,8.585764038303397e-21,4.2600923437723295e-16,4.2547393680642154e-23,7.72053757657556e-14,2.0171051350454706e-13,1.6898073436451903e-24,3.563472125460044e-19,1.4596786120867444e-17,0.00032358537679818,1.0298531892700355e-05,2.7467418438171173e-13,1.7572812495790372e-12,1.0577894584827912e-33,1.0901991584179168e-20,2.5435974514674333e-23,4.1992539589946064e-28,1.0038814798931703e-29,5.84993809024489e-36,3.7030411466006248e-09,1.1227950786770249e-07,1.2692443238249231e-08,3.4973075545608896e-06,4.993411030204981e-24,1.40165887430547e-25,2.2934125796657485e-09,1.7777065857378498e-06,4.434998386094982e-22,7.626358724067552e-20,2.3046174904113678e-33,2.3227187872401474e-28,0.0,0.0,1.4652708623891753e-16,1.204588810758235e-15,1.8928724528737784e-24,3.255375620425846e-18,2.492317024821937e-36,4.4117541976423115e-26,2.099703184697447e-36,8.848114365721551e-39,4.917604763579059e-38,1.5386065940854935e-17,3.125388953249004e-16,1.1565997991576907e-19,1.682136957598908e-23,1.3356821715806696e-23,2.0836492273380645e-27,8.030831329837828e-18,6.373631077435013e-16,6.851301467928693e-27,7.97484705325079e-29
2391018.0870852144,2.9857257046550594e-06,0.0001740143692897998,5.798355108567486e-19,1.3250265307413793e-18,7.547288220713456e-22,4.0668126858927615e-21,1.2563444923649612e-25,2.677998289729984e-24,-1.7787562550376704e-30,-2.328218018164856e-34,1.0715610717163173e-32,2.1941337488873067e-27,4.7900532953715014e-26,-6.595237670092988e-34,1.1049973769360148e-30,6.529551788073044e-27,-8.260008463914965e-34,-1.7056294461676077e-47,1.1535805000888986e-38,-1.9140514660834045e-39,3.323484341011815e-35,1.2190180823382165e-44,3.6799183669707453e-13,3.4939922841916834e-13,5.44369785667056e-16,6.670647401101383e-15,2.394398354933458e-34,5.313939389795477e-35,7.987227582404935e-20,2.4339592766953436e-18,-9.198569549375287e-34,1.314581814310478e-34,2.2995816275588527e-30,5.019404871702318e-32,1.0262840827014417e-35,2.2507186088051916e-36,1.700139679239524e-27,1.2426697274150627e-29,5.028063972773044e-28,2.2790695858550617e-08,1.1103346240921584e-08,7.775308363593754e-15,2.905396627621233e-16,4.186441556210622e-12,8.633966718308697e-14,2.6407393184620206e-24,1.2295827105941274e-20,6.663451922137399e-20,0.06742892904900062,0.9217334123337593,0.06246944140079867,0.007898388039422789,1.6164078844031976e-07,1.91832715189106e-15,2.091244856008256e-24,5.233722740158245e-24,8.352857290998112e-25,4.836253473465347e-30,4.010797083951721e-28,1.89341177461899e-27,1.0249888843532222e-34,1.3290985541945426e-28,2.99779516178881e-14,1.2398113828912357e-11,1.6971791668398814e-19,1.2819766819133418e-17,0.0,1.581017225830438e-35,5.022145742924288e-38,5.411182197509742e-10,2.9548943284228665e-15,2.7527694725951424e-26,1.0117812905336885e-39,2.3391884577873023e-14,5.932590316509925e-12,1.423213568268981e-20,1.9474571685180069e-19,6.443939407328653e-23,2.3470888089358798e-20,2.954924897329132e-17,1.6876995751493305e-28,5.019402021027425e-35,2.27978879307057e-24,3.4615418555749397e-23,0.09523368248788827,0.004766316327911745,2.674315493880861e-09,1.7498107700701434e-21,2.8211377556890504e-32,9.540854357616958e-20,4.518509044872396e-18,1.6813470746558552e-22,5.639776420810263e-17,5.4347920128300424e-36,5.047712217100319e-16,2.0597053299085565e-17,6.351953744514592e-34,5.545649421706944e-27,4.5928572976943616e-21,6.509841294433059e-09,2.249490158705589e-06,6.094877668643887e-05,8.496892728671583e-07,2.5339449337834722e-14,9.850893628760793e-15,7.16196053837423e-18,5.36107623495621e-35,2.705994400581713e-11,1.5061522281262037e-09,2.332773253106138e-15,6.653324814406009e-13,2.9218046914252034e-45,3.504563966673221e-22,4.9192533950398537e-17,1.7207871217740327e-24,1.1310745941003027e-14,7.102560222499406e-14,1.8656401812649477e-25,1.1634189740762397e-19,5.318914646689519e-18,0.0003233941776674352,1.056476298585788e-05,3.4405681602730087e-14,6.239079571277592e-13,3.999402061704107e-35,4.776410790496475e-22,1.5146785429020015e-24,1.216091254613908e-28,2.8215755654227717e-30,9.44967121876123e-38,4.701051904229485e-10,4.057113850807184e-08,1.2726914993255528e-08,3.4972730843724126e-06,1.7752507601174694e-24,4.916289013198715e-26,2.3215091907355977e-09,1.7776784895178911e-06,3.7253756895048593e-22,3.127890859222429e-20,2.783050247404178e-34,6.054627808055031e-29,0.0,0.0,5.136629295843296e-17,1.1981127069178236e-15,6.616634682077098e-25,1.140523399135361e-18,3.054869572184228e-37,1.5373760475573387e-26,2.5715777993729603e-37,1.0870446693229098e-39,6.003172747848454e-39,1.6106664153849557e-18,3.9108303791669395e-17,5.077101691352351e-21,1.4900204099422613e-23,4.6589658815224475e-24,7.205512201474136e-28,1.0528831926429558e-18,8.941404891693329e-17,3.480425518155335e-28,4.0589139426418814e-30
3457613.4016726078,3.005098445378977e-06,0.00017399499702461992,2.609903405613694e-19,6.158420478956453e-19,1.5219676242632486e-22,8.326933222924101e-22,6.495755651644096e-27,1.2937764751305106e-25,-1.003908733425791e-31,3.3593147507024583e-42,8.807589840690872e-52,4.14321228480613e-28,6.877832442985385e-27,2.4153619257352273e-33,5.111443298420152e-32,1.3106434208112946e-27,-2.0761283021393353e-33,-6.706818109171432e-55,2.1111603478150287e-39,-4.876044496347508e-39,2.544188680222425e-35,-5.130037284962909e-46,1.5716687966067885e-13,2.6226957659747454e-13,1.1883985378310953e-16,1.516579275907961e-15,5.3298393471372105e-34,3.304681351522581e-38,4.1430266912337334e-21,1.261214652581327e-19,-2.8355739868711433e-48,2.117755840498622e-54,-2.6932467999462884e-31,-3.945707534807076e-33,6.345891371508856e-39,1.3909289885045857e-39,2.0198694002453466e-29,1.0971448728108685e-31,5.982517886153803e-30,1.1754357039182846e-08,2.2142942420286297e-08,1.49219781873451e-15,5.4534258063710813e-17,4.024351626009038e-12,8.301115333303401e-14,3.8863192806299854e-25,1.0836692418122471e-20,2.744990519695946e-20,0.06787263307867188,0.9334345928132772,0.06294125978298866,0.0018120299192550618,3.756152676562973e-08,1.9882871033907313e-16,1.0396392273983167e-25,2.6950967053021317e-25,4.2981557394130914e-26,1.3160159418448157e-32,2.070367589923731e-29,9.757043139232061e-29,3.2583520462650985e-36,1.3153533415470745e-30,3.5988066916302713e-16,6.52518717990887e-13,3.8734835396741186e-20,2.9216973096523257e-18,0.0,8.208388346824443e-37,1.3689655873990874e-40,2.9271221672047464e-11,3.544521569361522e-17,1.4369392469806733e-27,-4.3156753769250754e-41,2.4647046544052615e-15,2.6978769978648874e-12,1.1419740338872083e-21,9.398389144070538e-21,7.0878675888504e-25,5.075208405292844e-21,6.42204378607713e-18,2.0561830985613146e-30,1.4566404577802532e-37,4.834540537231397e-25,7.133335553171349e-24,0.09526395166197894,0.004736048110133675,1.7180029800378788e-09,2.5051409087428683e-22,5.303982095509009e-34,4.006402559272541e-21,3.2203140864989604e-19,3.120258962369409e-23,1.2095056692880333e-17,6.379423969198302e-38,1.1505646707424949e-16,5.031475481881542e-18,3.301723668310776e-35,1.2574077408298073e-27,2.4042134417083873e-22,6.506399837952848e-09,2.2494936001620674e-06,5.874302080108391e-05,3.055741007555653e-06,4.588452812025166e-15,7.725401142996847e-15,1.280068765873556e-18,1.4742644811228409e-36,5.0496925751375955e-12,1.2329745736305253e-09,9.926570784970227e-17,1.241421086996038e-13,6.412623516090849e-48,3.529849348289656e-24,2.0919827241116347e-18,1.6676580148231754e-26,9.798131228939286e-16,1.569217954760546e-14,7.786163944073759e-27,2.1876007424738672e-20,1.5490719374841246e-18,0.000323312628295497,1.0677972985578877e-05,1.9520036141851074e-15,1.4299657095511913e-13,-2.4983021892239203e-34,6.2644967253728585e-24,1.2271509051948433e-25,2.556778509330727e-29,5.814215390763286e-31,3.5371190631195286e-40,2.6523036968848563e-11,9.367129018222567e-09,1.2741612328954762e-08,3.4972583875386976e-06,4.593656147065885e-25,1.189435095795964e-26,2.333290940342841e-09,1.777666707849556e-06,3.4290915403617043e-22,1.3170273188226642e-20,1.438565069706453e-35,1.2129702372743442e-29,0.0,0.0,1.1710428040924548e-17,1.1957403245891093e-15,1.507027657332326e-25,2.5994397951975843e-19,1.5863620071709847e-38,3.4970170307504086e-27,1.3349545413239144e-38,5.650059142887119e-41,3.112112193281656e-40,1.3656828231517864e-19,2.23997264138691e-18,6.783118850297532e-23,1.4099503607742003e-23,1.1214641445382347e-24,1.6333963146398807e-28,6.926983932740191e-20,7.620850544517075e-18,1.7935467727590495e-29,2.0932007782569118e-31
4999999.999999989,3.0100938018737255e-06,0.00017399000174502438,1.855944624267253e-19,4.407226074437341e-19,2.2627943881311643e-23,1.2413607296043746e-22,1.532098351816334e-28,2.991656247731856e-27,-1.5616077999604423e-32,7.794781352097642e-44,4.9144681193634886e-55,5.479005609356744e-29,8.877743107552594e-28,8.561942251232718e-34,1.0575713495021448e-33,1.9460972937347062e-28,-1.9144536043683157e-33,3.1779383436860332e-55,1.1605873450906587e-39,-4.516536083738992e-39,1.765642608840554e-35,-5.290357573701554e-46,1.0472056370817765e-13,2.4013117980487264e-13,1.802741368860081e-17,2.324354935056578e-16,-4.7194731940425944e-35,2.900742649130282e-42,9.788189154330249e-23,2.9644202919307786e-21,2.3843908700089765e-52,2.8496962419212705e-58,-1.4452604104891235e-32,-2.0413001546307896e-34,5.56572242800157e-43,1.2199087065580198e-43,7.695870670663243e-32,6.281695381454231e-34,2.3308213175156585e-32,4.356816395959185e-09,2.9542631430944585e-08,1.4885508470130631e-16,4.530300548777316e-18,4.024835492112289e-12,8.300771642489857e-14,5.52526100403082e-26,1.0500030686028584e-20,1.777345747101914e-20,0.06798703281976244,0.9363859531973066,0.06305730659752018,0.00027836200757479413,6.348663802544722e-09,6.239839533294408e-18,2.1976844104611537e-27,6.356826312340624e-27,1.0086617390761889e-27,7.733068364880665e-36,4.887694570404342e-31,2.3012899980277128e-30,6.460093266436926e-38,9.462625956218287e-33,1.3451228495473346e-18,1.5399260105788286e-14,5.9426199247948824e-21,4.480664548877858e-19,0.0,1.9701236408631262e-38,8.152209130966686e-44,8.587811446489194e-13,1.2828537699241597e-19,3.4534243544310133e-29,-4.4292064493777027e-41,8.499183025348512e-17,5.520818649507653e-13,1.020889102265877e-22,2.8457564817842592e-22,3.29134843932148e-27,7.680207534392803e-22,9.963556590535291e-19,2.97040383748283e-32,3.174012136107011e-40,7.278389545360932e-26,1.0653761045781894e-24,0.0952716918435587,0.004728308168099644,1.4784569779450766e-09,3.231779062308543e-23,6.039919018257434e-36,4.3199217252469725e-23,1.3177308298659727e-20,2.1958378766425684e-24,1.8526518676460048e-18,9.406647806550935e-40,1.7645952197460025e-17,9.856416491381367e-19,7.926750563147406e-37,1.925839755648819e-28,5.6663538242844835e-24,6.505478450453237e-09,2.2494945215495526e-06,5.264129372728169e-05,9.158139369925947e-06,2.9127741322730653e-16,3.1760240206366927e-15,8.070554743416766e-20,1.8961598069837465e-38,3.5587858200334145e-13,5.665288427985169e-10,1.0730480968221922e-18,8.747909322421484e-15,1.6352104355085224e-51,7.40184459434194e-27,2.260768575111813e-20,2.763810909736047e-29,7.36507418811249e-17,2.1599112848144416e-15,8.381834729120004e-29,1.6663166749721744e-21,3.9220754465059764e-19,0.0003232924303548268,1.0706121640414472e-05,2.029414191332641e-16,2.196376560190836e-14,2.095773802495672e-35,1.1041128032701927e-25,1.5289898200451586e-26,3.847884712616264e-30,8.689198627947532e-32,9.384056479424397e-43,2.473490400969078e-12,1.441361457678903e-09,1.2746188882218038e-08,3.4972538110973387e-06,1.326754231092657e-25,2.6367733906975097e-27,2.33637378079651e-09,1.7776636250219077e-06,3.355408207237493e-22,8.70106312990386e-21,3.3949847493745826e-37,1.8003515325808045e-30,0.0,0.0,1.796080428825019e-18,1.1951320220316266e-15,2.3108098257478913e-26,3.9865026655186903e-20,3.730485326707931e-40,5.360307453375135e-28,3.1390737999935833e-40,1.328880667333534e-42,7.31567592555125e-42,6.419416156809364e-20,2.5437151516819434e-19,1.4044981716402817e-24,1.3901502484655775e-23,2.449662431109906e-25,2.5016571852527565e-29,6.7704799761857e-21,9.185661692653742e-19,1.724864730779292e-30,2.0132468415444143e-32
