time_years,C,C+,C2,C2+,C2H,C2H+,C2H2,C2H2+,C2H3,C2H4,C2H5,C2N,C2N+,C2N2+,C2NH+,C3+,C3H2,C3H5+,C3N,C4H,C4N,C4N+,CH,CH+,CH2,CH2+,CH2CO,CH2OH,CH3,CH3+,CH3CCH,CH3CHO,CH3CN,CH3CNH+,CH3OH,CH3OH2+,CH4,CH4+,CH5+,CL,CL+,CN,CN+,CO,CO+,CO2,CS,CS+,E-,H,H+,H2,H2+,H2CL+,H2CN,H2CO,H2CO+,H2COH+,H2CS,H2CS+,H2CSH+,H2NO+,H2O,H2O+,H2S,H2S+,H2S2,H2S2+,H2SIO,H3+,H3O+,H3S+,HC3N,HCL,HCL+,HCN,HCN+,HCNH+,HCO,HCO+,HCO2+,HCOOH,HCS,HCS+,HE,HE+,HEH+,HNC,HNCO,HNO,HNO+,HNS+,HOC+,HOSO+,HS,HS+,HS2,HS2+,HSO+,MG,MG+,N,N+,N2,N2+,N2H+,NCCN,NH,NH+,NH2,NH2+,NH2CHO,NH3,NH3+,NH4+,NO,NO+,NO2,NS,NS+,O,O+,O2,O2+,O2H,O2H+,OCN,OCS,OCS+,OCSH+,OH,OH+,S,S+,S2,S2+,SI,SI+,SIC,SIC+,SIC2,SIC2+,SIC3,SIC3+,SIH,SIH+,SIH2,SIH2+,SIH3,SIH3+,SIH4,SIH4+,SIH5+,SIO,SIO+,SIOH+,SIS,SIS+,SISH+,SO,SO+,SO2,SO2+
0.0,1e-10,0.000177,0.0,0.0,0.0,0.0,0.0,0.0,0.0,0.0,0.0,0.0,0.0,0.0,0.0,0.0,0.0,0.0,0.0,0.0,0.0,0.0,0.0,0.0,0.0,0.0,0.0,0.0,0.0,0.0,0.0,0.0,0.0,0.0,0.0,0.0,0.0,0.0,0.0,0.0,3.39e-08,0.0,0.0,0.0,0.0,0.0,0.0,0.0,0.0001823239,0.5,0.0,0.25,0.0,0.0,0.0,0.0,0.0,0.0,0.0,0.0,0.0,0.0,0.0,0.0,0.0,0.0,0.0,0.0,0.0,0.0,0.0,0.0,0.0,0.0,0.0,0.0,0.0,0.0,0.0,0.0,0.0,0.0,0.0,0.0,0.1000000014901161,0.0,0.0,0.0,0.0,0.0,0.0,0.0,0.0,0.0,0.0,0.0,0.0,0.0,0.0,2.256e-06,0.0,6.18e-05,0.0,0.0,0.0,0.0,0.0,0.0,0.0,0.0,0.0,0.0,0.0,0.0,0.0,0.0,0.0,0.0,0.0,0.0,0.000334,0.0,0.0,0.0,0.0,0.0,0.0,0.0,0.0,0.0,0.0,0.0,0.0,3.51e-06,0.0,0.0,0.0,1.78e-06,0.0,0.0,0.0,0.0,0.0,0.0,0.0,0.0,0.0,0.0,0.0,0.0,0.0,0.0,0.0,0.0,0.0,0.0,0.0,0.0,0.0,0.0,0.0,0.0,0.0
1e-09,1.0000000001646074e-10,0.000177,6.766636708574142e-40,1.4459053827674154e-33,1.2431491201996393e-51,6.282153262340377e-43,1.1072992679816244e-66,1.8160448635474945e-54,-1.752160984339129e-124,-8.869998529531483e-104,-1.3173571993207212e-116,1.3729223514325118e-68,4.267039340271696e-59,-3.9104218474984e-85,-2.2176488853377865e-70,7.287309792291406e-64,1.6235733351954913e-145,-1.2545441024127442e-126,-3.253378435555645e-97,-2.7575468416124636e-116,-8.27467811214453e-133,-7.282761604199708e-117,1.5768185564995712e-29,4.865989973103494e-23,7.884000000619345e-30,3.226490607261299e-22,-1.7324270285734944e-102,-3.875181638533443e-99,9.826724708804357e-49,2.0350121558151512e-33,-2.1807520602263175e-138,-4.3954522132203745e-132,-4.390272745246567e-99,-8.331670925619421e-88,-3.875181638533773e-99,-2.501702095587224e-86,-1.0817389717445163e-64,-2.887681815026659e-63,2.9228168290044896e-51,9.018844574621093e-25,3.3899999999732734e-08,1.8919173768069394e-34,2.9225482225109794e-28,4.582722886756855e-34,4.583582746796038e-27,3.6518187996313746e-61,3.515047701114298e-50,6.589865299766359e-36,0.0001823239000021254,0.4999999999999992,9.654746400059952e-16,0.24999999999999895,9.460799999860247e-16,1.3696395429499046e-30,-2.2971370339637477e-65,-3.1684361342544784e-64,2.8579775837097714e-49,-5.658342329259938e-68,-2.5689473231956984e-80,-5.056917155475476e-66,-1.1282954472355012e-72,-2.0252001989107215e-80,4.3558196029538184e-41,1.5570427454110743e-40,1.3170355705441703e-40,2.870053426577421e-25,0.0,-1.5843997891621784e-74,-5.941851900122117e-93,7.757250508723238e-27,-4.973919516050476e-52,6.222169841724167e-42,-3.0985858462145105e-103,1.2824738369083238e-41,2.6726759999740796e-19,2.9422411258608514e-46,7.032213168532112e-38,1.6632590586520747e-49,2.0802112371443494e-45,1.2879777256707268e-36,-1.3553063655907421e-70,-3.8626564572554955e-100,3.685452523107518e-62,9.398562095446218e-46,0.10000000149011591,2.049840030544994e-16,1.9393210599302652e-28,2.942036021317963e-46,-1.6088609905317716e-82,-2.8583242700040702e-83,-1.715306324048419e-56,-1.120007326780917e-73,1.355136239079615e-38,-1.7717210122649887e-95,1.3557889084782721e-37,2.3092790704536363e-35,-4.008843518206871e-86,1.0061028991316533e-57,-1.8263084727019239e-72,2.2559999999989608e-06,1.0394917092382752e-18,6.179999999999948e-05,5.262096959985214e-19,1.7840775890498853e-50,1.8168649525450566e-42,9.516465441172108e-54,-1.46666502574268e-91,3.2996679297503663e-45,3.228085270846111e-30,-1.722276140142549e-65,9.331748901171751e-42,-3.979994405483527e-144,-4.1418109960774267e-69,-6.58731448178637e-54,-4.326556111128941e-68,4.22380870785547e-40,2.847788424288842e-44,2.7606729420223177e-98,8.807768757581875e-54,2.209439728817128e-40,0.00033399999999999267,7.306758748730788e-18,1.292377093483906e-28,7.590318699537044e-42,-1.0443734996034933e-86,2.442058518631647e-54,1.3513916367838652e-61,-8.53138826244588e-78,1.649921329874055e-62,-1.7897308186080035e-91,7.292090122384726e-24,4.6358190542468505e-29,1.9330204077887215e-22,3.51e-06,3.697043145446714e-65,3.140744499933963e-57,4.1606872820499907e-22,1.7799999999999997e-06,7.760531105070246e-51,4.116639785375379e-46,-1.7148754298253556e-98,2.326101071334039e-68,0.0,0.0,1.9887947645884516e-38,3.36874276470059e-25,1.5055590952336592e-56,4.2100559999933475e-26,-5.431439093281396e-77,4.780650232267704e-44,-5.431439093281496e-77,-3.721760326657658e-101,1.3762678171950623e-64,4.567154075160578e-44,1.9092670116635086e-29,1.6376981359276683e-40,6.451999576416553e-62,3.081993561543943e-55,9.410275735536032e-59,5.985235740542044e-49,7.382550433988628e-40,8.836852852037312e-70,-1.679630530275843e-82
1.4460841682246074e-09,1.0000000002380361e-10,0.00017699999999999997,9.785126217121734e-40,2.09090088291375e-33,2.599622995332845e-51,1.3136983983024816e-42,3.3490926503519086e-66,5.491706112131249e-54,-3.2839059421171868e-124,-1.8616845765577287e-103,-2.830662487389518e-116,4.151706939532075e-68,1.2903495103524616e-58,-1.8490389867367898e-85,-1.047104108055328e-70,2.2036770402291888e-63,4.382296486884032e-145,-2.8495424212735852e-126,-1.5383566857318588e-97,-5.0725536743343544e-116,-1.649899960452309e-132,-1.3436055657624445e-116,2.280224321055311e-29,7.036631062807071e-23,1.1400927583577952e-29,4.66577698606965e-22,-3.591291890333749e-102,-7.726918738344547e-99,2.6509064517018103e-48,4.2555348426709365e-33,-3.8458929298847655e-138,-8.014483558999665e-132,-8.359857257614707e-99,-1.5325095338490543e-87,-7.726918738345746e-99,-4.6014396606205004e-86,-5.107631290301789e-65,-1.3634725693226242e-63,8.838576265565578e-51,1.3042009440967571e-24,3.389999999961351e-08,2.735881279534432e-34,4.226250715486188e-28,6.627177870058425e-34,6.628246443921112e-27,1.1043073279043133e-60,7.350525153512308e-50,9.529499881659466e-36,0.0001823239000030735,0.4999999999999989,1.396157591738889e-15,0.24999999999999847,1.3681113098447122e-15,2.864134634412297e-30,3.3264339609165905e-65,3.2787526187067454e-64,8.642502871966169e-49,-2.6716913593422194e-68,-3.879003508924268e-80,7.322811270747325e-66,-5.327456552013453e-73,-3.724998485011998e-80,9.108713201454226e-41,4.708485635298764e-40,2.7541313419109316e-40,4.150338822127713e-25,0.0,-7.481037697776611e-75,-1.0928988323281088e-92,1.6221647486877683e-26,-2.34852842373833e-52,1.3011549087238786e-41,-1.463591762376402e-103,2.6918897155876633e-41,3.8649144503396664e-19,6.1528228227527926e-46,1.470547882195239e-37,5.029682973421958e-49,4.3500534101784446e-45,2.6933667558301692e-36,-6.399330573468159e-71,-8.00719645329247e-100,1.1144780911672809e-61,1.9653891688043934e-45,0.10000000149011581,2.96424121556416e-16,4.055429505927156e-28,6.152266344739296e-46,-7.596535817407739e-83,9.77293511477201e-81,-8.099137198582259e-57,-2.0600558886404476e-73,2.833805913892899e-38,-3.2587763815887086e-95,2.835170749656885e-37,3.3686350122606366e-35,-7.373560421399762e-86,3.042447654191433e-57,-3.359172242623346e-72,2.255999999998497e-06,1.5031925037300766e-18,6.179999999999924e-05,7.609435105487915e-19,3.730800220166326e-50,3.801897379030715e-42,2.882530606772221e-53,-6.926806132878929e-92,4.773732376813759e-45,6.750440927797121e-30,-3.1678227369944404e-65,2.8219138994746894e-41,-9.566901611777323e-144,-7.618130639082188e-69,-3.110322804339267e-54,-7.957936685936634e-68,8.832657374419689e-40,8.455491941227572e-44,1.8935326703656e-97,2.6634626953614297e-53,4.620290705348547e-40,0.0003339999999999894,1.0566188147531588e-17,1.8688860542709182e-28,1.5980366917434153e-41,-5.473773981351518e-87,7.384766724949858e-54,4.0865984027362914e-61,-4.0282536038803857e-78,4.989349788909441e-62,-3.2921899807479485e-91,1.0544976079242956e-23,9.694236692031116e-29,2.79531020856082e-22,3.51e-06,1.1179936152008894e-64,9.497587915200375e-57,6.016704007483954e-22,1.7799999999999995e-06,1.6228507738943739e-50,8.608572805315235e-46,-3.1545421206815796e-98,7.034112271430022e-68,0.0,0.0,4.1588869095885915e-38,4.871485578815403e-25,4.552799461652945e-56,6.088095328925105e-26,-2.5645547853160007e-77,9.997101774475725e-44,-2.5645547853162074e-77,-7.811415715647586e-101,4.161823602265029e-64,9.55064727956159e-44,2.7609607985326514e-29,3.424687886669321e-40,1.951079856827559e-61,9.319925516185795e-55,2.845660355579444e-58,1.2516865404563685e-48,1.5438089895389914e-39,2.6726542803681597e-69,-7.956544841751293e-83
2.0911594215898465e-09,1.0000000003442201e-10,0.00017699999999999997,1.415011610817574e-39,3.023618664407556e-33,5.43622611983504e-51,2.7471527829222683e-42,1.012988546548827e-65,1.6606878295288802e-53,-2.0387538151595844e-124,-2.263667249522562e-103,-3.7685823239375104e-116,1.2554730785985422e-67,3.9020072845043154e-58,3.0223594269697906e-84,1.7149749818304242e-69,6.663902916584603e-63,1.016966495492145e-144,-4.5402567875463476e-126,2.514531513587862e-96,-2.59754495556979e-116,-1.574806961415445e-132,-7.104291320205547e-117,3.297421322564917e-29,1.0175560777484186e-22,1.648670088252271e-29,6.747106231987905e-22,-4.142965854740603e-102,-7.375961173202724e-99,7.345712079307063e-48,8.899001780119487e-33,-1.0458525508207344e-138,-3.732855228900273e-132,-5.888820293782226e-99,-7.841082953180312e-88,-7.375961173206703e-99,-2.3535445792635812e-86,8.365414875801122e-64,2.233131738738457e-62,2.6727788627352536e-50,1.8859845645270938e-24,3.38999999994411e-08,3.956334498397603e-34,6.111514250696316e-28,9.58382265000377e-34,9.585002245712054e-27,3.339417292218824e-60,1.5371120037231998e-49,1.3780458911920435e-35,0.00018232390000444453,0.4999999999999984,2.018961389768282e-15,0.24999999999999778,1.9784041055166092e-15,5.9893621254245655e-30,4.6939392398125256e-64,5.608305745141776e-63,2.6134864149242085e-48,4.375767364116807e-67,2.9515150009953404e-80,1.0333237206627684e-64,8.725450048641745e-72,-1.90526240465827e-80,1.904777142975527e-40,1.4238425401675635e-39,5.759327703928436e-40,6.00173926343704e-25,0.0,1.225264306260466e-73,-5.589959474595066e-93,3.3922050975676857e-26,3.846482489851555e-51,2.720922346321282e-41,2.3958895406863102e-102,5.659508650746803e-41,5.588991598143715e-19,1.2866919191402751e-45,3.075150058735902e-37,1.5209723753790607e-48,9.096655423279345e-45,5.63225926723889e-36,1.048099428735747e-69,-9.237090957436608e-100,3.370173426308731e-61,4.1099420812928186e-45,0.10000000149011569,4.2865422926261784e-16,8.48054961981127e-28,1.2865369731244668e-45,1.244180892484613e-81,6.804533369038216e-80,1.326498291507527e-55,-1.0536774851615311e-73,5.925939935805389e-38,-1.6668487835638527e-95,5.928794024977619e-37,4.932439938352108e-35,-3.771429040102542e-86,9.200338987672702e-57,-1.7181495804473574e-72,2.2559999999978266e-06,2.173742881437693e-18,6.17999999999989e-05,1.1003883635158631e-18,7.801726942870426e-50,7.958063887145016e-42,8.733834438963022e-53,1.134110179891419e-90,6.907683121526752e-45,1.4116248145963443e-29,-1.6202731096906652e-65,8.533446560089006e-41,-1.7660817308540553e-143,-3.8965218264781175e-69,5.094169643647983e-53,-4.070325839701949e-68,1.847049468617593e-39,2.524270750416611e-43,8.913456467263695e-97,8.05429130218749e-53,9.661764438966552e-40,0.0003339999999999847,1.52795973985345e-17,2.7025665353130383e-28,3.374348261390867e-41,7.732909639505231e-86,2.2331479432535393e-53,1.2357843715763705e-60,6.59758055580195e-77,1.5087756532703988e-61,-1.6855761767596545e-91,1.524892296249068e-23,2.027219439353289e-28,4.042253837881589e-22,3.51e-06,3.380842142392086e-64,2.872063493506933e-56,8.700660410070035e-22,1.7799999999999993e-06,3.393639686278954e-50,1.8001966872202956e-45,-1.615372746872214e-98,2.1271102987916193e-67,0.0,0.0,8.696895544345717e-38,7.044578171177202e-25,1.37676315752969e-55,8.803898269791771e-26,4.20029622450949e-76,2.090553356411622e-43,4.200296224509468e-76,-9.497981449731492e-101,1.258532349584794e-63,1.997192605737819e-43,3.992581699956703e-29,7.1615683402253476e-40,5.900050927840132e-61,2.81833851669886e-54,8.605255666139955e-58,2.617712969864183e-48,3.2283507136072305e-39,8.083510310264426e-69,1.2972685586131387e-81
3.023992532794805e-09,1.0000000004977712e-10,0.00017699999999999997,2.0462258885744214e-39,4.3724070819737506e-33,1.1368015470088907e-50,5.744734425112778e-42,3.0638996726738943e-65,5.021907601358935e-53,1.6561125019334464e-123,2.9915532575967316e-103,2.661604445768223e-116,3.796541215502129e-67,1.1799640892657652e-57,1.9146729874375958e-83,1.0862602031922421e-68,2.015159266528086e-62,2.0914542000136096e-144,-1.6318674549831848e-126,1.5929626121524205e-95,2.8789073882116686e-115,5.142201342695344e-132,7.496092916338065e-116,4.768401116191916e-29,1.471471734296285e-22,2.3841157134217855e-29,9.756883503335959e-22,7.0643800625936566e-102,2.407811800804043e-98,2.0811027654292404e-47,1.8609231415133876e-32,2.7143575466276946e-137,4.759447273712607e-131,3.816134150555005e-98,8.701491746728572e-87,2.4078118008027793e-98,2.613119939489145e-85,5.298629615291682e-63,1.4144591936868226e-61,8.082463322651993e-50,2.7272928951499545e-24,3.3899999999191784e-08,5.721234283693523e-34,8.837764001986346e-28,1.3859778842084875e-33,1.386072000006102e-26,1.0098373454931577e-59,3.2143462815352363e-49,1.9927703467484965e-35,0.00018232390000642718,0.49999999999999767,2.919588102017576e-15,0.2499999999999968,2.8609388552987118e-15,1.25247110378089e-29,2.4499129806676034e-63,2.98592795946399e-62,7.903163403224148e-48,2.771598410536199e-66,5.0683949109655704e-79,5.393238103763272e-64,5.526674880371571e-71,2.1153961658467508e-79,3.983192668554574e-40,4.3056892092754473e-39,1.2043672390079883e-39,8.679020130647852e-25,0.0,7.760788728480615e-73,6.20648305984162e-92,7.093641649678317e-26,2.4363508997998116e-50,5.689882399910444e-41,1.517613941744849e-101,1.1926677055025127e-40,8.082152266342851e-19,2.6907945878376823e-45,6.4306290180808305e-37,4.5994091056880865e-48,1.9022557449846214e-44,1.17779520314864e-35,6.638631510888184e-69,1.5751570674549471e-99,1.019137927721263e-60,8.594544117147301e-45,0.10000000149011551,6.198700945791923e-16,1.7734181237420975e-27,2.6903539126675776e-45,7.880605841317087e-81,3.1649384071199934e-79,8.402001866980736e-55,1.1698888861061316e-72,1.2392085128569043e-37,1.8506033625714923e-94,1.2398053484048082e-36,7.26051443129287e-35,4.187384640840176e-85,2.782175639784407e-56,1.907646435647439e-71,2.2559999999968567e-06,3.1434151666374193e-18,6.179999999999841e-05,1.5912541913747028e-18,1.6314742232265188e-49,1.6664835875706717e-41,2.645878275418459e-52,7.1836221015937655e-90,9.998426941585601e-45,2.9519325307674254e-29,1.7989838085172743e-64,2.580507867639911e-40,-1.9439383655466048e-143,4.32627406686465e-68,3.226632339516916e-52,4.5192471409584794e-67,3.862474898437145e-39,7.5650708986641e-43,3.5226923893730644e-96,2.4356116754872774e-52,2.020428973570548e-39,0.0003339999999999779,2.2095583894671406e-17,3.9081386803235234e-28,7.154878617983971e-41,4.963137612554243e-85,6.7530227049844715e-53,3.7370028965810613e-60,4.178888502625099e-76,4.5625263168474134e-61,1.8686326534102762e-90,2.2051226078514185e-23,4.239239030194455e-28,5.845439278916551e-22,3.51e-06,1.022374700514259e-63,8.685098558061194e-56,1.2581887272004657e-21,1.7799999999999988e-06,7.096641605304358e-50,3.764519051307437e-45,1.7903476644257425e-97,6.432365661170352e-67,0.0,0.0,1.8186595056240828e-37,1.0187052964988093e-24,4.163321507781793e-55,1.2731177906587129e-25,2.660455497563531e-75,4.3716803475446906e-43,2.6604554975635357e-75,1.2552837129215365e-100,3.805792427366293e-63,4.176448139190161e-43,5.773609186880456e-29,1.497598110805876e-39,1.784170997657956e-60,8.522634629340446e-54,2.602222887719073e-57,5.474771426745554e-48,6.750996010949077e-39,2.444845283306153e-68,8.21996417671169e-81
4.372947726504e-09,1.0000000007198192e-10,0.0001769999999999999,2.9590148627419666e-39,6.32286865958352e-33,2.377233266020533e-50,1.2013155519293814e-41,9.256825395431496e-65,1.5186211012879931e-52,-4.327371626660342e-119,-2.033523152078366e-99,-2.4182671114858394e-111,1.1480712276845271e-66,3.5682025930346646e-57,-7.5754659732157e-83,-4.271284789074674e-68,6.093826566041196e-62,2.9964271644807168e-139,-2.7133133077513945e-120,-6.302608528300725e-95,-6.783441233381539e-113,-1.9670279429375727e-128,-2.1541147173204367e-113,6.895618824999262e-29,2.1278719789215032e-22,3.447631988760107e-29,1.4109274765236795e-21,-3.6180228863262517e-98,-9.186200786773679e-95,5.999985309299957e-47,3.891486960197688e-32,-3.3169386498384205e-132,-7.454031067675857e-126,-6.586631911700748e-95,-2.0410385486633024e-84,-9.186200786777354e-95,-6.115953119904036e-83,-2.083474458059827e-62,-5.5617958181485025e-61,2.444130873523584e-49,3.943896070819489e-24,3.389999999883125e-08,8.273473315428783e-34,1.2780150606144441e-27,2.0044005736169713e-33,2.0043767752574166e-26,3.0537399273806667e-59,6.7217106104061535e-49,2.8817136501951487e-35,0.00018232390000929425,0.4999999999999968,4.2219701320999125e-15,0.2499999999999953,4.13715838482366e-15,2.61911674891441e-29,-6.308234569969912e-63,-8.14172779110698e-62,2.389910711770367e-47,-1.0898203721752945e-65,-4.886533226663484e-77,-1.3886946730113268e-63,-2.1731444443740316e-70,-4.951040934164132e-77,8.329490876832196e-40,1.3020372018274272e-38,2.5185238989016214e-39,1.255059360658972e-24,0.0,-3.0516201895880933e-72,-1.4526145118176175e-89,1.4833935568908995e-25,-9.57997678490857e-50,1.189845118826965e-40,-5.976850817745877e-101,2.5218010875388607e-40,1.1687472437386123e-18,5.627233228183244e-45,1.3447470457765677e-36,1.3908578791473453e-47,3.9779202521627915e-44,2.4629575357564345e-35,-2.6103766826434963e-68,-8.063011103777304e-96,3.08186548087903e-60,1.7972561940111673e-44,0.10000000149011522,8.963843301268585e-16,3.708500017788465e-27,5.625958932172146e-45,-3.0987335132847948e-80,-2.0742565620384965e-76,-3.303751641252646e-54,-2.738100718467374e-70,2.591382556985355e-37,-4.343371563398975e-92,2.5926306352694767e-36,1.0766546588808375e-34,-9.80048707102215e-83,8.413278359710496e-56,-4.4648069893736015e-69,2.255999999995455e-06,4.545642906630298e-18,6.17999999999977e-05,2.3010874937592848e-18,3.411699131269294e-49,3.491915331297857e-41,7.937578427313465e-52,-2.8276172996517228e-89,1.4478089015922513e-44,6.172961523534013e-29,-4.210481082445039e-62,7.803436522978898e-40,-7.351370656851533e-136,-1.0125554893619242e-65,-1.2687442896003406e-51,-1.0577204374944494e-64,8.077050774505819e-39,2.2733881261931978e-42,9.441107151862268e-93,7.36527151932355e-52,4.225039083728745e-39,0.000333999999999968,3.1952074057354676e-17,5.6514974729125455e-28,1.5260092357662292e-40,-2.916026053399366e-84,2.042109023420379e-52,1.1300666394527692e-59,-1.6431814807644154e-75,1.37970454103955e-60,-4.4024824479246456e-88,3.188792892203857e-23,8.864924638243793e-28,8.45299719758213e-22,3.5099999999999994e-06,3.0915128781401054e-63,2.626367318638193e-55,1.8194467990231355e-21,1.779999999999998e-06,1.4840208960206055e-49,7.872272344991108e-45,-4.218516413323778e-95,1.945142571169582e-66,0.0,0.0,3.80310695987982e-37,1.4731336013175328e-24,1.2589853151355932e-54,1.8410354813527303e-25,-1.0461178618800206e-74,9.141880546790743e-43,-1.0461178618802191e-74,-8.528423744362379e-97,1.1508687882505948e-62,8.733618890083998e-43,8.34912483914448e-29,3.1317163991780346e-39,5.395319737298927e-60,2.5772383479462065e-53,7.869102581139268e-57,1.1450785896012822e-47,1.411740891339047e-38,7.3878986751340115e-68,-3.2776336387237975e-80
6.3236504757711994e-09,1.0000000010409191e-10,0.00017699999999999988,4.2789845479392436e-39,9.143400269122743e-33,4.971173743112799e-50,2.512142335229866e-41,2.7933931458750285e-64,4.5922988186739285e-52,-4.209420995222862e-118,-2.01970510717117e-98,-2.4161452078977635e-110,3.4717588131442437e-66,1.0790217983749828e-56,-1.1637313344578613e-81,-6.576332027119187e-67,1.8427685973581564e-61,3.18347940217731e-138,-2.738741539816977e-119,-9.68196940915325e-94,-6.6892798080984945e-112,-1.935407322421945e-127,-2.125835570300673e-112,9.971874117797723e-29,3.077081980655287e-22,4.985566037574688e-29,2.040319886282785e-21,-3.593136630597983e-97,-9.038847413207934e-94,1.7530670088231783e-46,8.137719620712743e-32,-2.933224974099695e-131,-7.175487467329418e-125,-6.482751665742391e-94,-2.012625140949405e-83,-9.038847413212671e-94,-6.030754743642781e-82,-3.2078451727830504e-61,-8.563282259237532e-60,7.391033511371677e-49,5.703207745722838e-24,3.389999999830989e-08,1.1964320698242529e-33,1.8481173459838225e-27,2.898866307981864e-33,2.8984975219178384e-26,9.234482088438963e-59,1.4056168773103242e-48,4.16720048869124e-35,0.00018232390001344026,0.4999999999999954,6.105324166820769e-15,0.24999999999999323,5.982679241558766e-15,5.476990665657362e-29,-1.1500999290125779e-61,-1.447142658432506e-60,7.227072147066906e-47,-1.6779543449691127e-64,-4.884450158336888e-76,-2.531829828157054e-62,-3.3459064225751805e-69,-4.882070384503773e-76,1.7418293324063494e-39,3.937350776369684e-38,5.2666349796749225e-39,1.814921471622079e-24,0.0,-4.69846177002396e-71,-1.4323788436781547e-88,3.1020124123581856e-25,-1.474992033951544e-48,2.4881558304551786e-40,-9.197011123308098e-100,5.357382058150924e-40,1.6901068857945716e-18,1.1768508569337544e-44,2.812080454387475e-36,4.2059438411429244e-47,8.318466105426175e-44,5.150436855838944e-35,-4.019096181672166e-67,-8.007510559457147e-95,9.31953818420465e-60,3.7583492337825924e-44,0.10000000149011483,1.2962471884410618e-15,7.755064751883121e-27,1.1764777027354703e-44,-4.7710003185230966e-79,-2.022101575310416e-75,-5.086658832553044e-53,-2.6999575655204706e-69,5.4189940490146e-37,-4.282686371897465e-91,5.421603979692387e-36,1.6128156481216389e-34,-9.663961239596279e-82,2.5441690936639643e-55,-4.402609928931087e-68,2.255999999993427e-06,6.573382241678048e-18,6.179999999999666e-05,3.3275661944066877e-18,7.134486727847536e-49,7.323417800036252e-41,2.3558799861019677e-51,-4.3519150776741967e-88,2.0977355454450213e-44,1.2908646648814216e-28,-4.151826935481561e-61,2.359753377854645e-39,-7.532105206646016e-135,-9.984500699973444e-65,-1.9534365918426946e-50,-1.0429858471516578e-63,1.6890400825720972e-38,6.844839298615228e-42,1.089313973805656e-91,2.2272526075476394e-51,8.835230286505232e-39,0.0003339999999999538,4.6205388435426856e-17,8.172541022487581e-28,3.281273967093555e-40,-3.9466252348858e-83,6.175322438351564e-52,3.4173113589238202e-59,-2.5299428008119545e-74,4.172216157927238e-60,-4.34127875310715e-87,4.611262917154272e-23,1.85379706785882e-27,1.2223745421517783e-21,3.509999999999999e-06,9.34772863907703e-63,7.942115160090514e-55,2.6310732109521966e-21,1.7799999999999974e-06,3.1033242802513725e-49,1.6462366581079288e-44,-4.1599588898751083e-94,5.882096599325368e-66,0.0,0.0,7.95290295055751e-37,2.130275178469798e-24,3.8071621920080074e-54,2.6622922627157355e-25,-1.6106672768355222e-73,1.9117129635996937e-42,-1.610667276835718e-73,-8.470429618602073e-96,3.4802186224441543e-62,1.826338947204009e-42,1.2073537249422413e-28,6.548918253922295e-39,1.631540633992145e-59,7.793549519839945e-53,2.3796107445224442e-56,2.395196891775254e-47,2.9521752657608676e-38,2.230391615859572e-67,-5.020849045985884e-79
9.144530838398738e-09,1.0000000015052565e-10,0.00017699999999999986,6.187771813752697e-39,1.3222126378639413e-32,1.0395516813979587e-49,5.253290114233951e-41,8.4478922270471e-64,1.3887077342143114e-51,-1.4093979094195092e-117,-7.02320809449712e-98,-8.505630218609409e-110,1.0498572727367862e-65,3.2629538611632536e-56,-3.410635271317521e-81,-1.926294331012211e-66,5.5725184787677334e-61,1.2410727145092384e-137,-9.81905810497371e-119,-2.837567868374579e-93,-2.2327677763114377e-111,-6.610442856600005e-127,-7.143496818737048e-112,1.442064796581971e-28,4.449719536404573e-22,7.209548118172692e-29,2.9504742856021317e-21,-1.2488720061487864e-96,-3.087432081154233e-93,5.173023140827641e-46,1.7017269054811754e-31,-7.914635516368443e-131,-2.354019297714809e-124,-2.2109604653496882e-93,-6.716384096199081e-83,-3.087432081156575e-93,-2.0123717068607367e-81,-9.396201244588727e-61,-2.508298221321904e-59,2.2350430147945918e-48,8.247322771661396e-24,3.389999999755596e-08,1.7301795170209245e-33,2.672533235208814e-27,4.192703898290732e-33,4.19147137821122e-26,2.7925005428467736e-58,2.9393690671408696e-48,6.026122656251855e-35,0.00018232390001943574,0.4999999999999934,8.828812619673258e-15,0.2499999999999902,8.651457734423631e-15,1.1453260632210934e-28,-3.364647737256484e-61,-4.2343831315553834e-60,2.1854612206625703e-46,-4.914949398515083e-64,-1.6223843778242955e-75,-7.406935073764004e-62,-9.800600957744628e-69,-1.629073097886885e-75,3.6424428192417626e-39,1.1906519346662308e-37,1.1013373357784484e-38,2.6245292066648768e-24,0.0,-1.3762413692238068e-70,-4.779631706355932e-88,6.486802481810416e-25,-4.320446042815164e-48,5.203130507202246e-40,-2.694311771917213e-99,1.1456834658135938e-39,2.444036810088059e-18,2.461305352796253e-44,5.880508536330123e-36,1.2718742768920668e-46,1.7395240861484332e-43,1.0770384556288983e-34,-1.1772462355757496e-66,-2.7831545762429756e-94,2.8182213880143435e-59,7.859307442101719e-44,0.10000000149011425,1.8744825373102722e-15,1.62170767200891e-26,2.460202432627395e-44,-1.3974888672158988e-78,-6.751104417961792e-75,-1.4899494043731505e-52,-9.009350314426898e-69,1.133198046123031e-36,-1.4290696380701605e-90,1.1337438242402416e-35,2.4491261640144917e-34,-3.224717801038409e-81,7.693548341400676e-55,-1.4690843905793234e-67,2.2559999999904947e-06,9.505663991374203e-18,6.179999999999519e-05,4.811940792412773e-18,1.4919590905311183e-48,1.5378742826489581e-40,7.129409176372914e-51,-1.2748536925550354e-87,3.0420388953201747e-44,2.6994038058930022e-28,-1.3854018969121805e-60,7.135876593835322e-39,-2.770599528774557e-134,-3.331676974136546e-64,-5.721873202765854e-50,-3.480286131200941e-63,3.532052082099525e-38,2.0636281208051497e-41,4.7657436217221143e-91,6.735195253883225e-51,1.847587505548269e-38,0.00033399999999993315,6.681688070135381e-17,1.1818182187093682e-27,7.134265915787362e-40,-1.1954662136775948e-82,1.8674128941131077e-51,1.0333924234699345e-58,-7.410536061585208e-74,1.2616750515234538e-59,-1.4489808795819708e-86,6.668274299999475e-23,3.8765852040599994e-27,1.767656473056389e-21,3.509999999999998e-06,2.826757766795972e-62,2.4016896938692228e-54,3.80475331570984e-21,1.779999999999996e-06,6.489545812042112e-49,3.442600783120128e-44,-1.3885234918669777e-93,1.7787416194848821e-65,0.0,0.0,1.6630787934323087e-36,3.080557209389815e-24,1.1512830039754473e-53,3.8498986922829308e-25,-4.7178567092105233e-73,3.99769657506381e-42,-4.7178567092111756e-73,-2.945429707825872e-95,1.0524155126699918e-61,3.819165910211031e-42,1.7459351072961036e-28,1.3694832108013434e-38,4.933766697185732e-59,2.356763555191324e-52,7.19592512239344e-56,5.010719294172506e-47,6.173469121160969e-38,6.74512476506446e-67,-1.4725317855171991e-78
1.3223761271250085e-08,1.0000000021767276e-10,0.00017699999999999978,8.948038862518705e-39,1.9120307638377699e-32,2.173868294209031e-49,1.0985467121391988e-40,2.5588902355826207e-63,4.199441856051231e-51,-2.9621949120097884e-117,-1.6108993006011807e-97,-2.00323494593106e-109,3.174760557959461e-65,9.867148120504698e-56,-3.542133595889533e-81,-1.9913708824740122e-66,1.685125431092852e-60,3.516431304749639e-137,-2.400266382871303e-118,-2.9469714063284536e-93,-4.63311630496362e-111,-1.4564108593382866e-126,-1.5085619725588698e-111,2.085447170787653e-28,6.434668974320172e-22,1.0425613397083969e-28,4.266634153026625e-21,-2.8614532488458396e-96,-6.803160399779096e-93,1.5375016404655428e-45,3.558582251279683e-31,-6.755192252946134e-131,-4.69651473309327e-124,-4.853094950080767e-93,-1.3929171730112417e-82,-6.803160399787938e-93,-4.172558492036515e-81,-9.713635102015621e-61,-2.5930365895982776e-59,6.758753386732925e-48,1.1926331971146676e-23,3.389999999646571e-08,2.5020647606657795e-33,3.864708000824823e-27,6.064464919311688e-33,6.061220401864593e-26,8.44450416200357e-58,6.146689593487926e-48,8.714280576801522e-35,0.0001823239000281057,0.49999999999999045,1.2767206153854498e-14,0.24999999999998584,1.2510736061060453e-14,2.3950593878251815e-28,-3.215243351657432e-61,-4.092669281987551e-60,6.6088184115413236e-46,-5.080992171420967e-64,-3.3080472076956653e-75,-7.078036280376564e-62,-1.0131697748916132e-68,-3.3778067768634944e-75,7.616928618995327e-39,3.6005225591367514e-37,2.3030719460504453e-38,3.795290134762017e-24,0.0,-1.4227352227027643e-70,-9.910342507050401e-88,1.3564938125282675e-24,-4.4664045816604875e-48,1.0880575381783136e-39,-2.7886188353399104e-99,2.472523859176009e-39,3.534282937486681e-18,5.147957404332034e-44,1.229708082909034e-35,3.846138315668847e-46,3.637622814434862e-43,2.252259113872027e-34,-1.217017393701566e-66,-6.376706244243543e-94,8.52228044548761e-59,1.6435064902252783e-43,0.1000000014901134,2.7106595208178577e-15,3.391249277128724e-26,5.14467549679859e-44,-1.444700539769497e-78,-1.4073199273648568e-74,-1.5402846790772092e-52,-1.8680465956766526e-68,2.3696977707058296e-36,-2.963161045067821e-90,2.3708390797715082e-35,3.786013347607092e-34,-6.686301343163664e-81,2.3265232734691605e-54,-3.0460776845970706e-67,2.2559999999862544e-06,1.3745990206378056e-17,6.179999999999303e-05,6.958471398262504e-18,3.1199974220194785e-48,3.2353871969341065e-40,2.1881649463435887e-50,-1.3189469546461253e-87,4.416899768526885e-44,5.6448837011532925e-28,-2.872565953251538e-60,2.157883753258477e-38,-7.11227952647807e-134,-6.908076179129164e-64,-5.915176451995749e-50,-7.216210306745014e-63,7.386083988986051e-38,6.227334285931895e-41,1.581526581426184e-90,2.0367180155357216e-50,3.863600019421177e-38,0.00033399999999990333,9.662283334864644e-17,1.7090086158594794e-27,1.574322455884387e-39,-1.571494857383606e-82,5.647042647170358e-51,3.124972220023582e-58,-7.66088946910686e-74,3.8152959865904567e-59,-3.006379718383637e-86,9.642885894569488e-23,8.106557672737402e-27,2.556180040567288e-21,3.5099999999999977e-06,8.548807644983896e-62,7.26269170024022e-54,5.50199353366402e-21,1.7799999999999944e-06,1.3570674882251955e-48,7.199200897666858e-44,-2.8812628402194234e-93,5.378901383154873e-65,0.0,0.0,3.477762887815406e-36,4.454745009480029e-24,3.481471207053981e-53,5.567277548143068e-25,-4.8772410615958045e-73,8.359820857169257e-42,-4.8772410615971524e-73,-6.755725548842705e-95,3.182496651314083e-61,7.986484817329043e-42,2.5247691178478187e-28,2.8638077190072016e-38,1.4919673837794893e-58,7.12683539215806e-52,2.1760423836622443e-55,1.048420262621836e-46,1.2909708116551077e-37,2.042407304103259e-66,-1.5380961175384257e-78
1.912267181873642e-08,1.0000000031477313e-10,0.0001769999999999997,1.29396173484288e-38,2.764957419245726e-32,4.545905169037361e-49,2.2972363085576908e-40,7.755138672299817e-63,1.2699080965327683e-50,-3.041865246552428e-117,-2.368165055842138e-97,-3.199366704328071e-109,9.600452239561926e-65,2.983818227448809e-55,1.6474887932047006e-80,9.365268472419004e-66,5.095806737414557e-60,8.422400640316356e-137,-4.248183293447032e-118,1.3706716772864297e-92,-4.4222826424078144e-111,-1.8505375472687748e-126,-1.5820419078991641e-111,3.0159414600951956e-28,9.3050729308734e-22,1.5076314484539965e-28,6.169912100012928e-21,-4.191617242508871e-96,-8.648938792779765e-93,4.593315496565233e-45,7.441562801993121e-31,4.5410302648604785e-130,-3.4928481935954757e-124,-6.073653406010449e-93,-1.325370162954035e-82,-8.648938792809625e-93,-3.9652442820496036e-81,4.5682507926177654e-60,1.2194859444977472e-58,2.0438419770550997e-47,1.724649883788517e-23,3.3899999994889115e-08,3.6183625960999456e-33,5.58869305550485e-27,8.772784380840084e-33,8.765034863814254e-26,2.553613106545159e-57,1.285370868723309e-47,1.2601583195925153e-34,0.00018232390004064322,0.4999999999999863,1.8462454692225022e-14,0.24999999999997952,1.8091577349159724e-14,5.008451003900064e-28,1.8209672427685707e-60,2.259081669985041e-59,1.998501752527198e-45,2.3895530677412703e-63,-2.829511125640513e-75,4.008677041393235e-61,4.76486142368738e-68,-3.209979928714337e-75,1.5928212044995116e-38,1.0887953331176163e-36,4.816090598548431e-38,5.488308977616528e-24,0.0,6.691018597482315e-70,-9.417945619958088e-88,2.8366448162312327e-24,2.1005170682491048e-47,2.2753017721588417e-39,1.3077636610166515e-98,5.402433456861176e-39,5.110870601633441e-18,1.0768149612629293e-43,2.5715156432606903e-35,1.16306935454482e-45,7.60685113358275e-43,4.709832865741584e-34,5.72354285950481e-66,-9.340268071118533e-94,2.5771312479185006e-58,3.4368341109718337e-43,0.10000000149011219,3.9198418185019696e-15,7.091642876049588e-26,1.0758336638546624e-43,6.794319743462133e-78,-1.3824839848919866e-74,7.243845018408338e-52,-1.7752324135057167e-68,4.9554158196179805e-36,-2.816250867576199e-90,4.957802478865279e-35,5.985912212906087e-34,-6.354091436985844e-81,7.035389006183573e-54,-2.894732846539076e-67,2.2559999999801228e-06,1.9877858813991025e-17,6.179999999998994e-05,1.0062535323904334e-17,6.524633104859036e-48,6.824517704422215e-40,6.746381505610586e-50,6.191358107113782e-87,6.424561037389011e-44,1.1804351734794466e-27,-2.729842070979534e-60,6.525424355642598e-38,-1.4134806703778112e-133,-6.564847353935659e-64,2.7818637709337063e-49,-6.857671790128632e-63,1.5445479122093876e-37,1.880409819415047e-40,4.696892366736336e-90,6.159020070669374e-50,8.079403581813579e-38,0.00033399999999986023,1.3972474958667484e-16,2.471370302888633e-27,3.541438181734459e-39,3.606445399521192e-82,1.7076614796323626e-50,9.449897667564762e-58,3.602857779643769e-73,1.1537426782439902e-58,-2.8677678874585745e-86,1.3944424628052235e-22,1.695210445301302e-26,3.696451487839374e-21,3.5099999999999965e-06,2.5854393267417844e-61,2.1962325469073548e-53,7.95634574232081e-21,1.779999999999992e-06,2.8378444684410705e-48,1.505520246164055e-43,-2.7501486577560115e-93,1.6265757649655147e-64,0.0,0.0,7.272556629162175e-36,6.441936230999168e-24,1.0527942932864611e-52,8.050751922406941e-25,2.2937304227540766e-72,1.7481718146963749e-41,2.2937304227539504e-72,-9.930796660306894e-95,9.623846107623305e-61,1.670101309686888e-41,3.6510286506609805e-28,5.988678493316957e-38,4.511698302758773e-58,2.1551497007125846e-51,6.580335919221233e-55,2.19422521051143e-46,2.6996257757723273e-37,6.187007495668569e-66,7.055218627325077e-78
2.76529929712296e-08,1.0000000045518843e-10,0.00017699999999999956,1.871177581696803e-38,3.9983611550175556e-32,9.506212436910182e-49,4.80388735452634e-40,2.3501247263421436e-62,3.840192645182916e-50,8.701726407731294e-117,5.540004074704539e-98,-8.006782299927779e-110,2.9031695938926624e-64,9.02304405012799e-55,1.2906864500045968e-79,7.317043875702687e-65,1.5409681571962381e-59,1.7830245022898877e-136,-3.386674867964711e-118,1.0738205830353204e-91,1.5594665347100185e-110,2.201302771501963e-126,4.244484881016301e-111,4.361742924977523e-28,1.3455918648137356e-21,2.1801619705878555e-28,8.922212206569587e-21,1.0718362704398822e-96,1.025494489708396e-92,1.3772883759192815e-44,1.5561494163915568e-30,3.2621952332999965e-129,2.1580357932946256e-123,7.879596389833502e-93,4.712825555530031e-82,1.0254944896988333e-92,1.4146679133447358e-80,3.5691544972158114e-59,9.52779069880768e-58,6.180562876264392e-47,2.4939928636672323e-23,3.389999999260923e-08,5.232804745856816e-33,8.081720550098503e-27,1.2692578684559462e-32,1.267497815166515e-25,7.722110911380086e-57,2.6879156540313637e-47,1.8222949988374902e-34,0.0001823239000587735,0.4999999999999802,2.669826343840494e-14,0.24999999999997038,2.6161943579534177e-14,1.0473469503718227e-27,1.3648268660855014e-59,1.7023506460910795e-58,6.043454375887428e-45,1.8669474294145668e-62,1.306922344329956e-74,3.0045296781629765e-60,3.7227657474973276e-67,1.14521459005775e-74,3.3308430686385534e-38,3.292508956561186e-36,1.0071213230281385e-37,7.936556722685076e-24,0.0,5.227663760067597e-69,3.360011267194961e-87,5.931876532665231e-24,1.6411248584789067e-46,4.7580187377054426e-39,1.022458516876801e-97,1.1998891376879122e-38,7.39074906225524e-18,2.252683824699224e-43,5.37744916480824e-35,3.5171130429073997e-45,1.5907144201481882e-42,9.849011371026296e-34,4.4717791679660884e-65,2.3926046152590083e-94,7.79322566420877e-58,7.186968120787312e-43,0.10000000149011044,5.668421195680393e-15,1.4829755812449287e-25,2.2497397029571306e-43,5.308372518943809e-77,4.502365948874017e-74,5.659584637891277e-51,6.333441662857914e-68,1.0362564479349695e-35,1.004444622571226e-89,1.036755536444678e-34,9.724753512017846e-34,2.266929505740036e-80,2.1274963819538085e-53,1.0327448663657319e-66,2.255999999971256e-06,2.874505692906881e-17,6.179999999998546e-05,1.4551273023750118e-17,1.3644716607168683e-47,1.4448987286282373e-39,2.0778139997371623e-49,4.8394911830846844e-86,9.368608421417024e-44,2.4684781344006734e-27,9.739172968712678e-60,1.9732834522302343e-37,-1.9088927338062856e-133,2.342120243129597e-63,2.1734580770736833e-48,2.446590309640928e-62,3.2298959186748226e-37,5.680633420617336e-40,1.3338868139320758e-89,1.862483070385578e-49,1.689532092077379e-37,0.0003339999999997979,2.0205374827011224e-16,3.573809469109581e-27,8.159529489375759e-39,3.5416495138354603e-81,5.163955562630933e-50,2.857643458250852e-57,2.814897496575982e-72,3.488909304575111e-58,1.0129774549098926e-85,2.016481168945814e-22,3.544955293968986e-26,5.345379975265339e-21,3.5099999999999948e-06,7.819183652221212e-61,6.641390821999469e-53,1.1505545614086538e-20,1.7799999999999885e-06,5.934385211417147e-48,3.1484418113614026e-43,9.698079469563178e-93,4.9187529767115295e-64,0.0,0.0,1.5208075314878686e-35,9.315581994922783e-24,3.1836420813487022e-52,1.1642064897139569e-24,1.7920816139612897e-71,3.655705960464298e-41,1.7920816139613366e-71,2.3275595760625034e-95,2.910243876157045e-60,3.492448126781036e-41,5.279694731376753e-28,1.2523281454454474e-37,1.3643342196478388e-57,6.517156601654868e-51,1.9898886682952918e-54,4.5939520813706585e-46,5.645347875719467e-37,1.874089453926972e-65,5.5463285681168084e-77
3.998855533972139e-08,1.0000000065824078e-10,0.00017699999999999934,2.705880282374621e-38,5.781966776054433e-32,1.9879005740457085e-48,1.0045694314579337e-39,7.087374932094474e-62,1.16127137124029e-49,-1.4108589122005232e-112,-6.49572182324674e-94,-7.524281584875782e-105,8.77916315107483e-64,2.728561778740443e-54,6.732051777297836e-80,4.656819733432028e-65,4.659876181372165e-59,9.856103564043938e-132,-8.615284877345257e-113,5.600903804584959e-92,-2.238408197668345e-108,-6.435646801696668e-123,-1.891128070887912e-108,6.3083627471212945e-28,1.9458390923116376e-21,3.152697712887667e-28,1.2902269816213121e-20,-1.1435344246605456e-92,-2.923795371296467e-89,4.14038715518391e-44,3.254156513239284e-30,2.3346129899333334e-125,-2.2824766571932057e-118,-1.9990878110778377e-89,-6.463131548360652e-80,-2.9237953713075922e-89,-1.896468731118663e-78,2.271539614251821e-59,6.063832469253942e-58,1.8689975988484565e-46,3.6065318997880015e-23,3.3899999989312316e-08,7.567803572483072e-33,1.1686848142578809e-26,1.8367908130703493e-32,1.8329085240155342e-25,2.335159036481897e-56,5.620860905394916e-47,2.635191954802337e-34,0.00018232390008499145,0.49999999999997136,3.860793608032453e-14,0.24999999999995715,3.7832372413455976e-14,2.190169442744283e-27,9.558970918830147e-60,1.1779055623573095e-58,1.8275360907042544e-44,1.1881932346466798e-62,-1.476981190402556e-72,2.1043117212881403e-60,2.3692942044119793e-67,-1.5352462937373568e-72,6.965323864642004e-38,9.956522500858958e-36,2.1060512433030276e-37,1.1476929026533501e-23,0.0,3.327075242981995e-69,-4.5043478241585694e-85,1.2404499497476397e-23,1.0444715542105892e-46,9.949775711137415e-39,6.208150549429389e-98,2.721305177673782e-38,1.0687645208969498e-17,4.713418626414601e-43,1.1245103484014369e-34,1.0635723580144064e-44,3.326439196088472e-42,2.0595852921012084e-33,2.8460028697203846e-65,-2.53641748537975e-90,2.356665615855095e-57,1.502909636815131e-42,0.10000000149010792,8.197014149902079e-15,3.101138357996653e-25,4.704564378152035e-43,3.3784402877916745e-77,-6.63331993559057e-71,3.601965516989133e-51,-8.490454879798306e-66,2.1669774343611058e-35,-1.3851746046019706e-87,2.1680211080384855e-34,1.6297468188963277e-33,-3.0389895212695623e-78,6.433533172758471e-53,-1.3844721633633088e-64,2.255999999958433e-06,4.156777173974189e-17,6.179999999997895e-05,2.1042365546429394e-17,2.8535299341635125e-47,3.075290092844639e-39,6.136394078526642e-49,2.98671166627404e-86,1.3711067547263217e-43,5.161981307144993e-27,-1.3056093912184406e-57,5.967194425597105e-37,-2.3009102554744328e-126,-3.139788347702764e-61,1.383267764827875e-48,-3.2798383174539247e-60,6.754227280974182e-37,1.7166248698782638e-39,2.9266422766652484e-86,5.632134896984017e-49,3.5330809523768772e-37,0.0003339999999997078,2.921867264697086e-16,5.168029294119989e-27,1.9342415973403627e-38,-2.8314838715176544e-80,1.5615763062321413e-49,8.641486792125602e-57,1.7914876130222647e-72,1.0550435447809525e-57,-1.4521010407491618e-83,2.9160014939001396e-22,7.413066661189748e-26,7.72986935556534e-21,3.5099999999999927e-06,2.3641902706304206e-60,2.0083516253602e-52,1.6637987357633523e-20,1.7799999999999834e-06,1.2409745589229684e-47,6.584374463712818e-43,-1.3920310731346669e-90,1.4874272235450887e-63,0.0,0.0,3.1802509981256126e-35,1.3471115637649744e-23,9.627309881551533e-52,1.683540573286877e-24,1.1405458762553243e-71,7.644663960589996e-41,1.1405458762491311e-71,-2.7113943486718143e-91,8.800555751921517e-60,7.3032659197034e-41,7.634882968120856e-28,2.61881780035572e-37,4.1257364072589185e-57,1.9707832899841322e-50,6.01740847403882e-54,9.623249670977646e-46,1.1805322398300731e-36,5.654989938452106e-65,2.0893090737361878e-77
5.78268167869447e-08,1.0000000095187155e-10,0.00017699999999999904,3.9129306490513335e-38,8.361210638929262e-32,4.157017026498478e-48,2.1007148351369456e-39,2.092917266771728e-61,3.511675511145261e-49,-2.886431419851523e-111,-1.3556497068206546e-92,-1.576196153943845e-103,2.654812324179662e-63,8.251150331927911e-54,-8.056300617227682e-78,-4.3922788354373834e-63,1.4091430276358904e-58,2.1795087134836095e-130,-1.8204913956621848e-111,-6.7026522908323975e-90,-4.7744574625472845e-107,-1.332373617525087e-121,-3.966553515438492e-107,9.124337654376987e-28,2.8138471047035514e-21,4.559066256193828e-28,1.8657768112779344e-20,-2.386607725798097e-91,-6.055317166400955e-88,1.2469219153095004e-43,6.804960051233952e-30,1.9881776438973812e-123,-4.6240146776811504e-117,-4.1408208096735436e-88,-1.3798872677086166e-78,-6.055317166430444e-88,-4.051363834954197e-77,-2.1424925781023713e-57,-5.719343526125836e-56,5.651834788417786e-46,5.215366047413233e-23,3.389999998454471e-08,1.0945202198698511e-32,1.6900166081839704e-26,2.658950212964159e-32,2.6505399988929584e-25,7.061463610580198e-56,1.1754118541105456e-46,3.8107093810228457e-34,0.00018232390012290478,0.4999999999999586,5.5830325139769225e-14,0.24999999999993805,5.4708794779060177e-14,4.579993464470692e-27,-7.939940211276461e-58,-9.94517991291706e-57,5.526455497081494e-44,-1.1206914624593907e-60,-3.170260484066264e-71,-1.7478983321056896e-58,-2.234704275009777e-65,-3.2796962107916468e-71,1.4565602623411142e-37,3.0108449748600773e-35,4.4040888996895195e-37,1.6596605364359048e-23,0.0,-3.1380627442583545e-67,-9.622490249131179e-84,2.5939785989675434e-23,-9.851346549328565e-45,2.0806567220094282e-38,-6.199886110161928e-96,6.332209981095924e-38,1.5455234529618516e-17,9.8646673589407e-43,2.3515304094038798e-34,3.2162348723472294e-44,6.956119955223785e-42,4.306921187886763e-33,-2.6843202219747253e-63,-5.293432552112221e-89,7.126539078318358e-57,3.1428237283810935e-42,0.10000000149010425,1.1853572388886231e-14,6.484974692827256e-25,9.837994130456652e-43,-3.1865108058162255e-75,-1.3608759321657662e-69,-3.3973362436987565e-49,-1.813787977432397e-64,4.531495278474728e-35,-2.9555036873297872e-86,4.533677766633445e-34,2.8240532877537184e-33,-6.492093455794821e-77,1.9454956278637297e-52,-2.9576023906997696e-63,2.25599999993989e-06,6.011049662100696e-17,6.179999999996957e-05,3.042903167716116e-17,5.967796979404895e-47,6.593541596943489e-39,1.474463264001766e-48,-2.924475269182053e-84,2.0164511883303226e-43,1.0794525842706176e-26,-2.789130441555725e-56,1.8044751409789247e-36,-4.927200519071818e-125,-6.707426676963491e-60,-1.304683714998385e-46,-7.006610826604543e-59,1.4124166013813791e-36,5.1885630415712636e-39,6.98243442521407e-85,1.7031533863903088e-48,7.388235520653978e-37,0.0003339999999995775,4.2252659924182663e-16,7.473405344380538e-27,4.734138435931293e-38,-8.489218732327108e-79,4.722195092656268e-49,2.613164396435557e-56,-1.6897302903890235e-70,3.190443186679594e-57,-3.0968241438483074e-82,4.2167835947741726e-22,1.5501904188673907e-25,1.1178041697923456e-20,3.5099999999999893e-06,7.140859883645958e-60,6.073240319622582e-52,2.405993010547547e-20,1.779999999999976e-06,2.5950756538577027e-47,1.3770430348103332e-42,-2.969160480075351e-89,4.497968721665068e-63,0.0,0.0,6.650411838446314e-35,1.9480367045641647e-23,2.9112913204695774e-51,2.434541369525307e-24,-1.075751006800709e-69,1.5986211062456244e-40,-1.0757510068020325e-69,-5.6584503794464125e-90,2.6612814925242547e-59,1.527229368403659e-40,1.1040683394849711e-27,5.476365516899132e-37,1.2476193877243941e-56,5.959633956256602e-50,1.8196598292811403e-53,2.017383709707938e-45,2.4686811157621668e-36,1.6782975521932022e-64,-3.6292222073234777e-75
8.362244425442554e-08,1.0000000137648637e-10,0.0001769999999999986,5.658427087209407e-38,1.2091014379986021e-31,8.69298535666847e-48,4.3929296313714134e-39,6.299368344615432e-61,1.0619280262018456e-48,-1.1252753923381203e-110,-5.460048115875994e-92,-6.416656294007809e-103,8.028132609988855e-63,2.495141692466262e-53,-2.933763731084633e-77,-1.594963438748269e-62,4.2612379637974656e-58,9.697142008447517e-130,-7.526229540354697e-111,-2.4408223203933507e-89,-1.8634502414035462e-106,-5.282465414344178e-121,-1.5769666483255854e-106,1.3198563037793285e-27,4.0690597486599764e-21,6.592793548329734e-28,2.6980703076840922e-20,-9.611986684574682e-91,-2.4019523227952883e-87,3.759958952011262e-43,1.423025632239919e-29,1.8813635584093756e-122,-1.770451781317887e-116,-1.642264499663448e-87,-5.37715294060607e-78,-2.4019523228117536e-87,-1.5777071452007806e-76,-7.780009657355858e-57,-2.076858902122675e-55,1.709110620011261e-45,7.541894585503222e-23,3.389999997765035e-08,1.583086482372882e-32,2.4439062624721952e-26,3.8509128934209056e-32,3.832903930711997e-25,2.1353789763176145e-55,2.457974268896227e-46,5.510606536870282e-34,0.00018232390017773064,0.49999999999994016,8.073534930438477e-14,0.2499999999999104,7.911352196250187e-14,9.577496482226703e-27,-2.885251660040804e-57,-3.6135795196442573e-56,1.6711960159162251e-43,-4.069554538350111e-60,-1.234260086281574e-70,-6.351592619614538e-58,-8.114857488635327e-65,-1.2771995696378249e-70,3.0458997155418884e-37,9.104772724521818e-35,9.209651995818819e-37,2.400008826210592e-23,0.0,-1.1395212612050997e-66,-3.747249628090117e-83,5.424422785248733e-23,-3.5773085984707795e-44,4.3509849070349787e-38,-2.2530304274158514e-95,1.518163347975429e-37,2.2349569963888126e-17,2.065326058096459e-42,4.917424969778781e-34,9.72587023982513e-44,1.4546371778934148e-41,9.006458819312411e-33,-9.74754239509248e-63,-2.13173251696041e-88,2.155060087137758e-56,6.572145696628579e-42,0.10000000149009897,1.7141263368472148e-14,1.3561115921172403e-24,2.0572814135448893e-42,-1.157114157605882e-74,-5.295151466634166e-69,-1.2336709602166115e-48,-7.063365248057316e-64,9.476079046191706e-35,-1.1509219638477482e-85,9.480642977215673e-34,5.06102217857169e-33,-2.5281911605556394e-76,5.883164251523053e-52,-1.1517678032476074e-62,2.255999999913076e-06,8.692483750732168e-17,6.179999999995599e-05,4.400294095955803e-17,1.2481463067657418e-46,1.4279907525600388e-38,4.234469281400541e-48,-1.062483233744841e-83,2.9864595576888943e-43,2.2573074412124508e-26,-1.086160415923489e-55,5.456719353408054e-36,-2.0832011806375994e-124,-2.612047553984837e-59,-4.737683573796135e-46,-2.7285576947753203e-58,2.95358828308135e-36,1.568495269635775e-38,3.456998034813135e-84,5.150323122161853e-48,1.5449978317491e-36,0.000333999999999389,6.110090256680938e-16,1.0807173153811465e-26,1.198436967102769e-37,-3.2535991306854597e-78,1.4279882700488103e-48,7.902180938470746e-56,-6.13589982116809e-70,9.647876011225856e-57,-1.208259705820555e-81,6.097823997077162e-22,3.2416952988422566e-25,1.6164389131949408e-20,3.509999999999984e-06,2.1588944236181446e-59,1.8365433377176062e-51,3.47926840067587e-20,1.7799999999999652e-06,5.426716942653039e-47,2.880056099771198e-42,-1.1588505800879433e-88,1.3601823770874858e-62,0.0,0.0,1.3907071375522534e-34,2.8170250362760434e-23,8.803723214595376e-51,3.520551731214886e-24,-3.906362759465058e-69,3.342971586783251e-40,-3.9063627594702126e-69,-2.2788185075816192e-89,8.047695363823224e-59,3.1936801878019942e-40,1.5965757481243287e-27,1.14519533475137e-36,3.7727915821709068e-56,1.8021888584021442e-49,5.5026377360047045e-53,4.233817489409558e-45,5.1624057739786156e-36,5.0564664847870176e-64,-1.3259300873324511e-74
1.2092509274456956e-07,1.0000000199051514e-10,0.000176999999999998,8.18256187859374e-38,1.7484624572717513e-31,1.8178418339257958e-47,9.186316222710532e-39,1.9320237274685034e-60,3.2112626608277087e-48,-2.6275685042651768e-110,-1.3679232248914842e-91,-1.643417940017244e-102,2.427701336914871e-62,7.54528990675927e-53,-4.4801921445461366e-77,-2.380902481714136e-62,1.28859520522891e-57,2.9049440319038233e-129,-1.9864423940024722e-110,-3.727414594542973e-89,-4.335789296096679e-106,-1.2800128742982554e-120,-3.837755920415109e-106,1.9094603566666045e-27,5.8842028794697126e-21,9.533734402553508e-28,3.901636755558104e-20,-2.4079129029421315e-90,-5.826473633553992e-87,1.1347663020227595e-42,2.97577345733253e-29,1.029623902267605e-121,-3.962383137961574e-116,-3.982141201017748e-87,-1.2462580427302536e-77,-5.826473633618962e-87,-3.6506080584612457e-76,-1.1613706650182085e-56,-3.1002570649594823e-55,5.168337749569575e-45,1.090629029445851e-22,3.389999996768053e-08,2.289941540017894e-32,3.534094157589653e-26,5.580971358135876e-32,5.542701694759395e-25,6.457391564093017e-55,5.140018154899484e-46,7.968800935683884e-34,0.00018232390025701346,0.49999999999991346,1.1675011047219803e-13,0.24999999999987046,1.1440481153942374e-13,2.002807199854505e-26,-4.291517912745716e-57,-5.377462206081128e-56,5.053684270069231e-43,-6.0748783629892e-60,-2.852261595451182e-70,-9.447346965779861e-58,-1.2113561183498543e-64,-2.9552728190073057e-70,6.369461886884733e-37,2.7532764702978248e-34,1.925885053975493e-36,3.470614766855142e-23,0.0,-1.701034599592635e-66,-8.670645713883608e-83,1.1343332809872323e-22,-5.340072077805244e-44,9.098603080666663e-38,-3.3835774311934514e-95,3.76136795090093e-37,3.2319359279714205e-17,4.326385778727161e-42,1.028311955248657e-33,2.941095896063414e-43,3.0418830769875113e-41,1.8833941212801648e-32,-1.4550765654751413e-62,-5.339291632238998e-88,6.516885690047219e-56,1.3743405139371544e-41,0.10000000149009132,2.478770958051486e-14,2.8358455306160683e-24,4.302103416850905e-42,-1.727296679619589e-74,-1.2302614822841159e-68,-1.8415777304437852e-48,-1.634370369284656e-63,1.981599197934937e-34,-2.6634053637184386e-85,1.982553588776306e-33,9.362152204253314e-33,-5.849903804628417e-76,1.7790644763263904e-51,-2.665040109970731e-62,2.2559999998743e-06,1.2570063134392465e-16,6.179999999993637e-05,6.36319562702688e-17,2.6106320686365716e-46,3.1348644424563573e-38,1.485863845982909e-47,-1.5923793925472893e-83,4.46811575292129e-43,4.7203897214695626e-26,-2.513233195729222e-55,1.6501078564767644e-35,-5.730840821503886e-124,-6.0439365325709505e-59,-7.072236319733116e-46,-6.313525765478084e-58,6.176423965338703e-36,4.74202572441086e-38,1.1994767419365239e-83,1.5574538667353318e-47,3.23083677206215e-36,0.0003339999999991164,8.835704783487761e-16,1.5628082006378973e-26,3.136483515192956e-37,-6.935125178702688e-78,4.318225863810866e-48,2.3896215654116593e-55,-9.159451639965029e-70,2.9175108326011556e-56,-2.8090747493911534e-81,8.817966742469239e-22,6.778901663585805e-25,2.3375067214465057e-20,3.509999999999977e-06,6.533024436319642e-59,5.553693338707952e-51,5.0313149496824477e-20,1.7799999999999495e-06,1.1348130381924523e-46,6.023985745249402e-42,-2.696359580247021e-88,4.113181402933892e-62,0.0,0.0,2.90819033400056e-34,4.073655303702044e-23,2.662239325527327e-50,5.091014121625484e-24,-5.831271817970962e-69,6.99068652649871e-40,-5.831271817982892e-69,-5.708189767012366e-89,2.4336170661093937e-58,6.678494732197393e-40,2.3087829164082926e-27,2.3947860140620468e-36,1.1408894763252761e-55,5.449805648561143e-49,1.6639935424061327e-52,8.899390349698754e-45,1.0795413471876567e-35,1.546186592040019e-63,-2.0772385894178516e-74
1.7486786215901368e-07,1.0000000287845243e-10,0.00017699999999999707,1.1832673294245593e-37,2.5284238991177244e-31,3.801397110924383e-47,1.921005182674205e-38,5.969591378545785e-60,9.710835429779015e-48,-3.515869318997343e-110,-2.309524656144934e-91,-2.9473055399382988e-102,7.341350857966862e-62,2.281690061960241e-52,7.143906596009643e-77,4.26062307252793e-62,3.8967024047801417e-57,7.190735952659057e-129,-3.839184512435836e-110,5.943560229356454e-89,-5.701914596546174e-106,-1.9523121949642708e-120,-5.93105221970699e-106,2.762990799634179e-27,8.509052621128287e-21,1.3786582442021848e-27,5.642095139990267e-20,-4.064369774081206e-90,-8.917550722311269e-87,3.426835446289333e-42,6.222816699731825e-29,4.421944789052468e-121,-4.4166620202856335e-116,-6.087015579121395e-87,-1.6134295455482582e-77,-8.917550722534983e-87,-4.694395864540354e-76,2.078275567172282e-56,5.54791754419184e-55,1.5629014747277998e-44,1.57715725230417e-22,3.3899999953263335e-08,3.312839332019743e-32,5.110597616168316e-26,8.096123327433834e-32,8.0152131746484165e-25,1.9527204691136625e-54,1.0748603755669709e-45,1.152355700963164e-33,0.00018232390037166313,0.4999999999998749,1.688304864488714e-13,0.24999999999981268,1.654389866040532e-13,4.188189143938394e-26,7.826812221060042e-57,9.78224395801006e-56,1.528230348219328e-42,1.087100958376389e-59,-3.647350177689561e-70,1.7229943345108613e-57,2.167719239711319e-64,-3.8002492447498206e-70,1.3319560233768201e-36,8.325887473399836e-34,4.02733267525821e-36,5.018801067671265e-23,0.0,3.044005502732949e-66,-1.1149770891478172e-82,2.3720717264931435e-22,9.556072043983395e-44,1.902662955279706e-37,5.87865954834602e-95,9.639634248320244e-37,4.6736513757106436e-17,9.069720561536704e-42,2.150364232636173e-33,8.893852018765305e-43,6.361077084207685e-41,3.9384773605668953e-32,2.603863043716905e-62,-9.007769348314041e-88,1.9707014033661314e-55,2.873965339724005e-41,0.10000000149008027,3.584511439092947e-14,5.930205093572678e-24,8.996384111126523e-42,3.0910010023158102e-74,-1.6137638017811926e-68,3.295507847874551e-48,-2.1016722093610373e-63,4.143839833234343e-34,-3.4269642411184035e-85,4.1458356169527095e-33,1.7811719593763223e-32,-7.52251785919965e-76,5.379877690576163e-51,-3.427032721001006e-62,2.255999999818227e-06,1.8177369292038407e-16,6.179999999990799e-05,9.201716454164745e-17,5.460939311204313e-46,7.005193576274027e-38,5.456923835397125e-47,2.7945840683901635e-83,6.781896131286944e-43,9.871087434647176e-26,-3.23182093829776e-55,4.989913829958986e-35,-1.2136811417741698e-123,-7.772028726561625e-59,1.2655784116113748e-45,-8.118699352775829e-58,1.2915887165870716e-35,1.4337566283572732e-37,3.6278826599793064e-83,4.709728865270722e-47,6.756194755105772e-36,0.00033399999999872225,1.277717279597949e-15,2.25995219804122e-26,8.465093281165447e-37,-5.60096070519291e-78,1.3058282758942216e-47,7.226235077538729e-55,1.639076953224342e-69,8.822532525720627e-56,-3.682501540241364e-81,1.2751522101538002e-21,1.4175764074243061e-24,3.3802314633643883e-20,3.5099999999999664e-06,1.9777139308061136e-58,1.6794327182380638e-50,7.275704890869089e-20,1.779999999999927e-06,2.3730750125429333e-46,1.2601134332438272e-41,-3.545931462485687e-88,1.2438230089648152e-61,0.0,0.0,6.081489618644749e-34,5.890848435738915e-23,8.050591837877949e-50,7.362034920862941e-24,1.0435074897301114e-68,1.4618639983258682e-39,1.0435074897285764e-68,-9.632539542180181e-89,7.359239823717529e-58,1.3965798142691827e-39,3.3386944309690914e-27,5.0078793367109994e-36,3.450041816026025e-55,1.6480171577361177e-48,5.031904046717917e-52,1.8748551958744017e-44,2.2574930590315738e-35,4.7559695943213423e-63,2.8684265490660102e-74
2.5287364699943266e-07,1.0000000416248446e-10,0.00017699999999999576,1.7111041740485207e-37,3.6563138148297714e-31,7.949327483379387e-47,4.017128119306278e-38,1.8442226897981361e-59,2.936549727168864e-47,3.6175188267528423e-110,-9.636675958931402e-92,-2.1841601907690023e-102,2.220019061521428e-61,6.899813796605201e-52,8.516949053979666e-76,4.8052128973899566e-61,1.1783599362371626e-56,1.563285517660247e-128,-4.2843612910169504e-110,7.085900169864997e-88,6.582206213860717e-106,3.3907777365345393e-121,5.603077743008288e-107,3.999177634498638e-27,1.2304806270513886e-20,1.993655872552828e-27,8.158944452568454e-20,-1.6902705813441903e-90,1.3601943618888604e-87,1.0352918565303017e-41,1.3012901764162666e-28,1.6672666087772024e-120,1.0715793600712883e-115,9.757452045724491e-88,2.0437846782589304e-77,1.3601943611654898e-87,6.175881452454529e-76,2.34391733160562e-55,6.257043158323642e-54,4.726202384657625e-44,2.2807353397488533e-22,3.389999993241485e-08,4.793553573738281e-32,7.390354315167591e-26,1.1761144629803133e-31,1.1590672886560021e-24,5.905043055284848e-54,2.2477063257021367e-45,1.6664033639472976e-33,0.00018232390053745615,0.49999999999981903,2.441430936856325e-13,0.2499999999997291,2.392386990595737e-13,8.758171182711223e-26,8.7509271388518e-56,1.0950007918158114e-54,4.6213571572327766e-42,1.226052398631507e-58,4.948147466519068e-70,1.926428982036101e-56,2.44479639871936e-63,4.999554648656434e-70,2.7853323869950052e-36,2.5177421507023254e-33,8.421794666951513e-36,7.257608765996831e-23,0.0,3.433085257330877e-65,1.466848225992494e-82,4.960380135714012e-22,1.0777513264095783e-42,3.9787715642432e-37,6.722875488979918e-94,2.552261773405213e-36,6.758493257103195e-17,1.9034447367984183e-41,4.496754422158436e-33,2.6894942064407876e-42,1.330207051225402e-40,8.235984037105549e-32,2.936684498447881e-61,-3.7210099939167834e-88,5.959386441652475e-55,6.009920379493947e-41,0.10000000149006429,5.183505242891825e-14,1.2401004235396292e-23,1.881287344966472e-41,3.4860879366648285e-73,1.8869302114113364e-68,3.7167341773391118e-47,2.7649305217782415e-63,8.665429710816615e-34,4.49333946414153e-85,8.669603213706053e-33,3.4693312596162497e-32,9.896518963753393e-76,1.6268709959983807e-50,4.508556257084092e-62,2.25599999973714e-06,2.628600595279104e-16,6.179999999986694e-05,1.3306456481942673e-16,1.142481067219086e-45,1.6008842586921742e-37,1.9458894377280985e-46,3.180736025612999e-82,1.0504228711844078e-42,2.0642017475241012e-25,4.251738283422323e-55,1.5089462141652623e-34,-1.866433016237307e-123,1.022477207100574e-58,1.4273425412680815e-44,1.0680847088503264e-57,2.700917913213679e-35,4.3351916950063655e-37,1.036965498269352e-82,1.424218492648255e-46,1.412828031499287e-35,0.00033399999999815234,1.8476867281283865e-15,3.2680810968889245e-26,2.346621296057857e-36,3.1675874280072784e-77,3.9488149529176214e-47,2.1852195398163661e-54,1.848585863130268e-68,2.667927724552225e-55,4.333799352334118e-81,1.843977423038284e-21,2.9643782579119878e-24,4.888099204862946e-20,3.5099999999999516e-06,5.987135178201e-58,5.078591998269233e-50,1.0521281648629833e-19,1.7799999999998944e-06,4.962478279433355e-46,2.6363136584061614e-41,4.093371648396057e-88,3.761311565229542e-61,0.0,0.0,1.271736431914494e-33,8.5186626483111e-23,2.4344929593025987e-49,1.0646122143664299e-23,1.176886894786475e-67,3.0569906701550687e-39,1.176886894786676e-67,-3.992464233958497e-89,2.2254286237514988e-57,2.920471327343645e-39,4.828033175231776e-27,1.0472274059306213e-35,1.0432902404477759e-54,4.9835915761283384e-48,1.5216440262594718e-51,3.9625058174501154e-44,4.720777879157282e-35,1.4628468063671836e-62,3.68202446451631e-73
3.6567657748709683e-07,1.0000000601930289e-10,0.00017699999999999387,2.4744007026916016e-37,5.287337613196019e-31,1.6623311363548463e-46,8.400455413106295e-38,5.652862858667773e-59,8.88010511758366e-47,-1.3551194646996505e-106,-5.321570870822828e-89,-5.984715503907932e-99,6.713321143542863e-61,2.086498556807833e-51,3.6987894678447267e-75,2.137543750024014e-60,3.5633517235983384e-56,1.1196242800594993e-124,-6.867727699904787e-106,3.0773050463778493e-87,-2.1387400065268225e-104,-6.399139764858783e-118,-1.2740651342641591e-103,5.790801905896664e-27,1.7793785516833903e-20,2.882994219742632e-27,1.179852039185151e-19,-9.358198222082311e-88,-2.2706271247848383e-84,3.128664203233335e-41,2.721205210727585e-28,9.276196161211309e-117,-1.823913120081601e-111,-1.7271840360664365e-84,-4.091554058621668e-76,-2.2706271248715353e-84,-8.80614858826293e-75,1.0426650760747984e-54,2.7833747930294663e-53,1.4292000711092405e-43,3.2982047065790385e-22,3.3899999902266175e-08,6.937965248812557e-32,1.0687074398372215e-25,1.7119416964616788e-31,1.6761088580725235e-24,1.7856866317505125e-53,4.7003180794561426e-45,2.4097595823704705e-33,0.0001823239007772068,0.49999999999973843,3.530514628074711e-13,0.24999999999960826,3.4595929456022893e-13,1.831473216939473e-25,3.88876944445335e-55,4.8666773379030185e-54,1.397494952672828e-41,5.453955255344781e-58,-6.804663161246017e-69,8.560736524826916e-56,1.087539429233154e-62,-7.12883252090531e-69,5.824574062012846e-36,7.613633455163739e-33,1.761131526209769e-35,1.0495113132682963e-22,0.0,1.5271690954052302e-64,-2.0915693793890428e-81,1.0372945643886492e-21,4.794254738871099e-42,8.320245640501886e-37,2.972451775962695e-93,6.959439028202995e-36,9.773350089457318e-17,4.0010347910932165e-41,9.40343036810038e-33,8.133010391798905e-42,2.781688384814668e-40,1.7222755608718185e-31,1.3063508432842858e-60,-1.9801932593456868e-85,1.8021140320233058e-54,1.2567703686968336e-40,0.10000000149004115,7.495784867654078e-14,2.593247678962787e-23,3.9340717729085476e-41,1.5507466796423807e-72,-5.111189620381014e-66,1.6533471127124487e-46,-3.942496236290686e-62,1.8120794987914315e-33,-9.508787321176163e-84,1.8129522450715657e-32,6.88561905306399e-32,-1.41113833547183e-74,4.91964574300567e-50,-6.428720573783617e-61,2.255999999619882e-06,3.8011777053356876e-16,6.179999999980758e-05,1.9242256047607392e-16,2.3906570707287197e-45,3.7589266755628862e-37,6.459894684217067e-46,1.4092562400675825e-81,1.6706545660646018e-42,4.316574927843521e-25,-6.062526388861421e-54,4.56304208024263e-34,-1.8278118928474848e-117,-1.4579436317629566e-57,6.34937166527028e-44,-1.5229749763590378e-56,5.648049940260879e-35,1.310858848711956e-36,2.3054282938872504e-80,4.3068260880852255e-46,2.954448648780228e-35,0.000333999999997328,2.671910522530282e-15,4.7259203396142714e-26,6.650295393584378e-36,-4.44412667317682e-77,1.1941186926148015e-46,6.608109852012459e-54,8.223215466649385e-68,8.067794444910202e-55,-1.381001676209573e-79,2.666546557722856e-21,6.198987516243094e-24,7.068602874446601e-20,3.5099999999999295e-06,1.8117786312150922e-57,1.5357624277904131e-49,1.521465880744152e-19,1.7799999999998479e-06,1.0377333537526976e-45,5.516628050508661e-41,-1.3300476234221442e-86,1.1374178230376331e-60,0.0,0.0,2.659403623135523e-33,1.2318703165029792e-22,7.361888528263384e-49,1.5395188682194092e-23,5.235248060279303e-67,6.39265483245314e-39,5.235248060276427e-67,-2.1190926861797034e-86,6.729679533397721e-57,6.107172010830375e-39,6.981742371965975e-27,2.1899194571114447e-35,3.154902230427849e-54,1.507034370729397e-47,4.601440172898656e-51,8.412890425006508e-44,9.87189913799195e-35,4.471603029870607e-62,1.5505606604824789e-72
5.287991093946486e-07,1.000000087044186e-10,0.0001769999999999911,3.578191779112747e-37,7.645935405896976e-31,3.4761995079880278e-46,1.7566691781172386e-37,1.3416010178992686e-58,2.685333909555396e-46,-2.1733355318656935e-104,-8.863599839928501e-87,-9.80117838749175e-97,2.030102778010854e-60,6.309555234333386e-51,-6.678312062852571e-74,-2.6684830479652126e-59,1.077554534848893e-55,1.9169472514263135e-122,-1.131594946555066e-103,-5.556203975458029e-86,-4.744974915889065e-102,-1.0584459314817e-115,-2.148521883362325e-101,8.389993617509344e-27,2.5731311478433336e-20,4.169052351702374e-27,1.706165352531729e-19,-1.5587740260679407e-85,-3.789318761387864e-82,9.456768956102932e-41,5.6904739087237915e-28,2.300934137582434e-114,-2.8969952590048077e-109,-2.872559043711882e-82,-1.0387723674115414e-73,-3.789318761560286e-82,-2.5391341767471327e-72,-1.3016413957387245e-53,-3.474706841126835e-52,4.321890384502438e-43,4.769626819561134e-22,3.389999985866866e-08,1.0045602890336405e-31,1.5454409145737634e-25,2.498993438395648e-31,2.42379448814579e-24,5.399611422748755e-53,9.829132034323844e-45,3.4847153066504184e-33,0.00018232390112390647,0.49999999999962175,5.105421314515684e-13,0.24999999999943348,5.002862575082065e-13,3.8299024683873473e-25,-4.8415507137134955e-54,-6.061269630614386e-53,4.22601434083382e-41,-6.808603587833584e-57,-1.9799777651642494e-66,-1.0658189182870509e-54,-1.357674381456543e-61,-2.05550264355078e-66,1.218011292097383e-35,2.3023571106340464e-32,3.6828067829687945e-35,1.5176816938639779e-22,0.0,-1.9064860391160748e-63,-6.030758007391607e-79,2.1691482977837817e-21,-5.985047053545097e-41,1.739896005376216e-36,-4.1267238343428805e-92,1.9458976723514861e-35,1.413308681252133e-16,8.429181717780086e-41,1.9664071984200205e-32,2.459416295900002e-41,5.816994325410702e-40,3.6015527637137537e-31,-1.6308210597300409e-59,-3.300944658168682e-83,5.449578301933619e-54,2.6281078209015176e-40,0.1000000014900077,1.0839535825529981e-13,5.422894299929518e-23,8.226771302995821e-41,-1.9359211180872128e-71,-8.542149935732383e-64,-2.0640038670602776e-45,-1.1367656096826647e-59,3.789347118386615e-33,-2.344875000267664e-81,3.7911721708738835e-32,1.3864880030918493e-31,-4.0688267965739316e-72,1.4876972025418023e-49,-1.853634875619061e-58,2.2559999994503176e-06,5.496822900120292e-16,6.179999999972174e-05,2.7825921818614017e-16,5.003892224757989e-45,9.104048706461263e-37,-8.33919320010927e-46,-1.8890206157982776e-80,2.4044416274177456e-42,9.026646315588042e-25,-1.748047621056267e-51,1.3798605360652638e-33,-3.047309859490654e-115,-4.203783667384428e-55,-7.926422582658521e-43,-4.3912928961958207e-54,1.1810972843474902e-34,3.963818555571581e-36,4.194856953413243e-78,1.3023809869942842e-45,6.178223126363925e-35,0.00033399999999613616,3.863807499573726e-15,6.834078593714374e-26,1.9178058836742101e-35,-4.1943357294545354e-74,3.6110060332913095e-46,1.9981795743791424e-53,-1.0265905803881986e-66,2.4396905217933135e-54,-3.0682714394471394e-77,3.856050760336997e-21,1.2963071127905973e-23,1.0221794711514504e-19,3.5099999999998978e-06,5.41713203896949e-57,4.6441341233425295e-49,2.2001677196948943e-19,1.7799999999997799e-06,2.170065979303908e-45,1.1547264633555721e-40,-2.9508235513170666e-84,3.439542299404685e-60,0.0,0.0,5.5612369476476354e-33,1.7813881567437902e-22,2.2262296024356644e-48,2.2262738614412848e-23,-6.535574533827813e-66,1.3368060354174944e-38,-6.535574533910744e-66,-3.5323109071385816e-84,2.0350501000695015e-56,1.2771072948329305e-38,1.0096187180986139e-26,4.5794707072347705e-35,9.540384621452124e-54,4.557260709986716e-47,1.3914720726909107e-50,1.7975711108051364e-43,2.064371488764457e-34,1.11990984069419e-61,-3.938437554998112e-71
7.646880202668737e-07,1.0000001258732194e-10,0.00017699999999998714,5.17436668583646e-37,1.1056666542078076e-30,7.269287626321522e-46,3.673475392676235e-37,3.550252054008188e-58,8.12042521715954e-46,-1.0253756403921127e-103,-4.3156428691521376e-86,-4.813025750899527e-96,6.139014879829848e-60,1.9080046782498712e-50,-3.162869849028452e-73,-1.263631524756276e-58,3.2585163634603274e-55,1.0149876667653479e-121,-5.631450280307029e-103,-2.631435901611865e-85,-2.2729032770787173e-101,-5.066389406941995e-115,-1.042538920437434e-100,1.2166109419899276e-26,3.7209642051549455e-20,6.028800714091658e-27,2.4672587001077644e-19,-7.589570267027004e-85,-1.8199820469817122e-81,2.8588231342002034e-40,1.1899688110094863e-27,1.793309351964692e-113,-1.3499365313857229e-108,-1.3791970160419565e-81,-4.9420740076676133e-73,-1.8199820470953683e-81,-1.2029283928391152e-71,-6.163783195164152e-53,-1.6454101494143648e-51,1.3069364307602247e-42,6.897585488977016e-22,3.3899999795622986e-08,1.4553389324934178e-31,2.2348376507030277e-25,3.6626496149231556e-31,3.505010845258775e-24,1.632798286570903e-52,2.0554335275926677e-44,5.0391918982131586e-33,0.00018232390162526335,0.49999999999945305,7.382868945851957e-13,0.24999999999918077,7.234560340420781e-13,8.008936616612668e-25,-2.2931018408422017e-53,-2.8707227186822504e-52,1.2779435864353256e-40,-3.2241411891652887e-56,-9.380248941850681e-66,-5.0480341280156405e-54,-6.429121414514362e-61,-9.7380536877528e-66,2.547055787501872e-35,6.962310764181249e-32,7.70133609991185e-35,2.1946954685921084e-22,0.0,-9.02796011859745e-63,-2.8571038564376325e-78,4.5360348891477095e-21,-2.8341548270782325e-40,3.638399922016914e-36,-1.9542530887130938e-91,5.552656292682096e-35,2.0437633040973968e-16,1.781539977591222e-40,4.112070932002302e-32,7.437256550351956e-41,1.2164384814398794e-39,7.531420988213699e-31,-7.72257818070437e-59,-1.6061014860430517e-82,1.647948261045399e-53,5.495794316498723e-40,0.10000000148995936,1.5674881148197875e-13,1.1340136457840325e-22,1.7203490470889337e-40,-9.167346780512881e-71,-4.036230047791927e-63,-9.773868894625291e-45,-5.385487857784412e-59,7.924128933789501e-33,-1.1102142832509994e-80,7.927945412157011e-32,2.822139740199657e-31,-1.927628455168676e-71,4.498785236309226e-49,-8.781694332915399e-58,2.2559999992051134e-06,7.948868571034615e-16,6.179999999959761e-05,4.023862498148028e-16,1.0478010582499089e-44,2.2798454018845182e-36,-6.361892419719295e-45,-8.945523398695684e-80,3.1988298863211804e-42,1.887615644655956e-24,-8.281469093222612e-51,4.1726879825946424e-33,-1.546605010438669e-114,-1.9915649913256182e-54,-3.753472382646926e-42,-2.0803984915056667e-53,2.4698627131574607e-34,1.1986121010642743e-35,2.4592107655896257e-77,3.938390371193456e-45,1.2919649495944274e-34,0.00033399999999441255,5.587390841716757e-15,9.882652880327736e-26,5.604454135153594e-35,-1.9870628608416865e-73,1.091965531299909e-45,6.042331445665104e-53,-4.861309609760973e-66,7.377599728874523e-54,-1.4671130645668088e-76,5.576173955097602e-21,2.710784825834524e-23,1.47815755100856e-19,3.5099999999998525e-06,1.6296401159980034e-56,1.4043826923452606e-48,3.1816277007350732e-19,1.7799999999996816e-06,4.5379542189981893e-45,2.4180785662120113e-40,-1.4134819539608912e-83,1.040114925703478e-59,0.0,0.0,1.1629433054847387e-32,2.5760371999367836e-22,6.732101706123523e-48,3.219379383962465e-23,-3.094851209671622e-65,2.795474527430671e-38,-3.094851209710912e-65,-1.7186799746494758e-83,6.15397635381037e-56,2.670635755933175e-38,1.459993658878793e-26,9.576403321295846e-35,2.8850029584983495e-53,1.378112239314373e-46,4.207801157955619e-50,3.8748315262777085e-43,4.3169298872566746e-34,3.0665645296354086e-61,-1.8654196399387034e-70
1.1058032397389417e-06,1.0000001820232698e-10,0.0001769999999999814,7.4825701702569155e-37,1.5988871277330542e-30,1.520124014123292e-45,7.68182295026786e-37,1.2291603779047669e-57,2.4556118952914014e-45,-2.6444037152619353e-103,-1.1872470840777602e-85,-1.3468215630739543e-95,1.8564337121710757e-59,5.769792246794036e-50,-6.676153213512002e-73,-2.4192128501796054e-58,9.853730697083659e-55,3.235689106225539e-121,-1.6159353783919373e-102,-5.554409400561403e-85,-6.01990470685199e-101,-1.3465553915699679e-114,-2.8480218413863277e-100,1.766321450929482e-26,5.380827405633389e-20,8.718153499883012e-27,3.5678637356009606e-19,-2.08790042239129e-84,-4.870508872533527e-81,8.643184602586186e-40,2.4884144852654575e-27,8.579897460279545e-113,-3.387443497304114e-108,-3.6885629778657365e-81,-1.2877648744818393e-72,-4.870508873007266e-81,-3.101094001408068e-71,-1.180048930679173e-52,-3.150117969118309e-51,3.952165989862697e-42,9.97512416951333e-22,3.3899999704453634e-08,2.1101054973317e-31,3.2317633686786378e-25,5.398746376877072e-31,5.068540711439658e-24,4.937693163176583e-52,4.2982552793250815e-44,7.287096174645303e-33,0.0001823239023502676,0.4999999999992091,1.0676249921288142e-12,0.24999999999881534,1.0461783119632512e-12,1.674796322063404e-24,-4.389258431069679e-53,-5.495035950185716e-52,3.8644918460779115e-40,-6.1725795798536075e-56,-2.4179510248674533e-65,-9.662513034726976e-54,-1.230851465116184e-60,-2.5104254016854136e-65,5.326299703682597e-35,2.10539755967265e-31,1.6104721537543049e-34,3.1737143684682184e-22,0.0,-1.7283921522532653e-62,-7.365482198348333e-78,9.485572063082119e-21,-5.425955308509156e-40,7.608474269748019e-36,-3.866725454300742e-91,1.6097503976870027e-34,2.9554537478759963e-16,3.782527798814333e-40,8.598995848551163e-32,2.249020816063924e-40,2.543803782591241e-39,1.5749401939381233e-30,-1.478478319513474e-58,-4.4123004086291326e-82,4.983383689167804e-53,1.1492587767167583e-39,0.10000000148988944,2.266719746720188e-13,2.3714033045504214e-22,3.5975241645795386e-40,-1.755077958072242e-70,-1.0434374693134635e-62,-1.8711954408850133e-44,-1.388353969293805e-58,1.6570616894421486e-32,-2.863949278187713e-80,1.6578597767172497e-31,5.789866334162268e-31,-4.969337418596899e-71,1.3604292946624112e-48,-2.2638803571832282e-57,2.255999998850527e-06,1.1494732995110501e-15,6.179999999941812e-05,5.818843848106794e-16,2.1953962277134723e-44,5.904673415414154e-36,-7.449258169742151e-45,-1.751695849070982e-79,5.298186626365013e-42,3.947305227070266e-24,-2.1349246091343076e-50,1.261817722357812e-32,-4.597384934971989e-114,-5.134162846083616e-54,-7.185977758570353e-42,-5.363171519453655e-53,5.16487668017306e-34,3.62450268356908e-35,9.026220005111858e-77,1.1909663099296464e-44,2.7017046756691996e-34,0.0003339999999919201,8.079837411783056e-15,1.4291147915375514e-25,1.6540100275629717e-34,-5.08457749562974e-73,3.3020956027584585e-45,1.827242156992147e-52,-9.306983850531412e-66,2.230982549624215e-53,-3.871077436595349e-76,8.063616873022482e-21,5.668683209239837e-23,2.137540234102727e-19,3.5099999999997864e-06,4.954103709657988e-56,4.2468427707960407e-48,4.600901434347695e-19,1.7799999999995395e-06,9.489586629736857e-45,5.066752754672626e-40,-3.743681678536474e-83,3.1453000648841666e-59,0.0,0.0,2.431899854901958e-32,3.725166588597633e-22,2.0357825252274193e-47,4.655493556147324e-23,-5.92505559684242e-65,5.845782870537824e-38,-5.92505559694371e-65,-4.721610875342045e-83,1.860957839559581e-55,5.584727553830041e-38,2.1112737465386849e-26,2.002578604831656e-34,8.724234240488453e-53,4.167401109943488e-46,1.2724359279467582e-49,8.45314064016743e-43,9.027388602648577e-34,1.0255763040613966e-60,-4.174705048580949e-70
1.5990845581579638e-06,1.0000002632209687e-10,0.0001769999999999731,1.082042715130702e-36,2.3121255374205717e-30,3.178821907237641e-45,1.606391726269129e-36,4.644071354214545e-57,7.425760219044735e-45,-4.1554358759560974e-103,-2.2459499457108604e-85,-2.657518971678371e-95,5.61384291708849e-59,1.7447810739558693e-49,-1.9394708525149554e-73,1.039528927701749e-58,2.9797617261547816e-54,8.25288998813378e-121,-3.3779843883340653e-102,-1.6136067032539166e-85,-1.0249175251693899e-100,-2.3203577704506934e-114,-5.290942427089977e-100,2.5688868260546208e-26,7.781129277289358e-20,1.2607184241576562e-26,5.159431242487069e-19,-3.9496712141304923e-84,-8.558066457732608e-81,2.6133004365282314e-39,5.203671379731677e-27,3.375567205879531e-112,-4.841417186410054e-108,-6.469807435229358e-81,-2.085089464800216e-72,-8.558066459402953e-81,-4.8482269518383086e-71,5.070840488760056e-53,1.353651979962718e-51,1.1951320336860902e-41,1.4426197013242803e-21,3.389999957261508e-08,3.0630230801521646e-31,4.67340189192105e-25,8.0208559348145e-31,7.3295365178262e-24,1.493228228191348e-51,8.988385687987575e-44,1.0537755563852172e-32,0.00018232390339868477,0.49999999999885625,1.5438756034474626e-12,0.24999999999828684,1.5128618830463325e-12,3.502266095392455e-24,1.8942008141161353e-53,2.3700353058117742e-52,1.168619438644686e-39,2.652448176118506e-56,-3.778860825985724e-65,4.1698932292653123e-54,5.2888482061002916e-61,-3.924780148815517e-65,1.1138141798968132e-34,6.366706400590901e-31,3.367754015530256e-34,4.589458096985116e-22,0.0,7.427152695561022e-63,-1.1515139409138731e-77,1.9835843292057348e-20,2.3316132590022164e-40,1.591053263287882e-35,6.909776135447939e-92,4.722812139208564e-34,4.2738348542769176e-16,8.082368332554126e-40,1.7981871114900784e-31,6.801022087068983e-40,5.319611108671127e-39,3.293451019526471e-30,6.353238443419695e-59,-8.317315131049601e-82,1.506971776819127e-52,2.403285043448353e-39,0.10000000148978833,3.2778675395321954e-13,4.958982317212101e-22,7.522996692576049e-40,7.54179479579091e-71,-1.6519642106318851e-62,8.040803335311091e-45,-2.1705421147724962e-58,3.4651801690629207e-32,-4.490712723415815e-80,3.4668490992234776e-31,1.1946038065671837e-30,-7.769024759741068e-71,4.1139280197402027e-48,-3.539333451305407e-57,2.2559999983377653e-06,1.6622351400607382e-15,6.179999999915855e-05,8.414537954454366e-16,4.603906290940673e-44,1.5786356175547587e-35,4.773026333445515e-44,4.500312675795212e-80,1.4883224129586915e-41,8.254444477399461e-24,-3.3377250872518095e-50,3.815727323989617e-32,-1.0344934559621085e-113,-8.026711493113654e-54,3.087920526064092e-42,-8.384741926932532e-53,1.0800580523595275e-33,1.0960277914340177e-34,2.7942603161222035e-76,3.6014732432797444e-44,5.649695183736965e-34,0.0003339999999883158,1.1684124908415104e-14,2.0666202840438153e-25,4.916451682809664e-34,-7.730761821296831e-73,9.985512385949101e-45,5.52583862856206e-52,3.9988444225553735e-66,6.7464858977510505e-53,-6.51740872673937e-76,1.1660668693038458e-20,1.185412024292882e-22,3.091063094506227e-19,3.5099999999996907e-06,1.5136620960125986e-55,1.2842420802750934e-47,6.653290696858567e-19,1.7799999999993341e-06,1.9844241239405894e-44,1.062612658032498e-39,-6.3737961453746096e-83,9.511365679248071e-59,0.0,0.0,5.085490308646022e-32,5.386904379697499e-22,6.1561911325969355e-47,6.732235521568606e-23,2.5460824773430466e-65,1.2224463849746686e-37,2.5460824771846805e-65,-8.900538762223006e-83,5.6275225240693436e-55,1.1678562993061415e-37,3.0530796039102825e-26,4.187711122424613e-34,2.6382059942017552e-52,1.2602189771501681e-45,3.8478367435723176e-49,1.8736018631649532e-42,1.8877708718406103e-33,3.6868518608069397e-60,-2.87888930863902e-70
2.312410863204668e-06,1.0000003806396758e-10,0.00017699999999996112,1.564725026249387e-36,3.343528501326794e-30,6.64742414841089e-45,3.359221442711807e-36,1.7076165409512408e-56,2.245547022324656e-44,7.551811475750698e-104,-1.9598533288606824e-85,-2.886896807603634e-95,1.697622313933131e-58,5.2762056159379795e-49,5.452738592463177e-72,3.047329395261743e-57,9.010780223092523e-54,1.8231221746987768e-120,-4.60920506181948e-102,4.536549452317975e-84,-3.032921986522788e-101,-8.506315119173015e-115,-4.116035827408789e-100,3.745435580586375e-26,1.1252167762716323e-19,1.8231050561380735e-26,7.460971795089109e-19,-3.446180763146093e-84,-4.075700117146541e-81,7.901780997592801e-39,1.088170638434504e-26,1.2011875220156875e-111,3.879147329853842e-108,-3.0176329843935445e-81,2.1667312695226326e-75,-4.075700122609242e-81,1.054077978864613e-71,1.4864455100578424e-51,3.9680382760986407e-50,3.614070311274483e-41,2.08642719082108e-21,3.389999938196543e-08,4.453715489678978e-31,6.75813259018048e-25,1.2045952528091405e-30,1.0599126800431663e-23,4.51575143814334e-51,1.87962945769117e-43,1.5238483911190351e-32,0.00018232390491478424,0.4999999999983461,2.2325740777428077e-12,0.24999999999752265,2.187725594731515e-12,7.323796703785674e-24,5.5339997761255304e-52,6.92730870238647e-51,3.5338964237121045e-39,7.775274555369874e-55,8.301485857606757e-66,1.2182546361527358e-52,1.5504204562930617e-59,8.533064868726141e-66,2.32916301404379e-34,1.9252872291941636e-30,7.042510533121628e-34,6.636742682811161e-22,0.0,2.1771647369704895e-61,2.5035648452371625e-78,4.147991029256336e-20,6.83479145584744e-39,3.327146015658569e-35,4.273836193947662e-90,1.3978402888780612e-33,6.1803248776191755e-16,1.7423158451977623e-39,3.76029589880323e-31,2.05662397881398e-39,1.1124493159910017e-38,6.887131112492911e-30,1.8623615341617196e-57,-7.104817395589173e-82,4.557072284904902e-52,5.025657376875726e-39,0.10000000148964211,4.740072354450746e-13,1.037002245658068e-21,1.573178584227603e-39,2.210777556352264e-69,2.2417708775353027e-63,2.357046786169921e-43,4.71908735835656e-59,7.246244173254022e-32,8.898777449043652e-81,7.249734179649626e-31,2.4747533981276923e-30,1.6891027063972259e-71,1.2440487583645495e-47,7.695047629294411e-58,2.255999997596269e-06,2.4037319195757516e-15,6.17999999987832e-05,1.2168130094470184e-15,9.666850283242733e-44,4.3410519564105463e-35,3.74144713007361e-43,2.0203757317504191e-78,5.623281172644265e-41,1.7261359223752316e-23,7.256715550211187e-51,1.1538730783909027e-31,-1.7553817320419827e-113,1.7451283062148805e-54,9.051799215053086e-41,1.8229695303495436e-53,2.2585735697881127e-33,3.3143398714744445e-34,8.060654231204139e-76,1.089082824459552e-43,1.1814413303080815e-33,0.0003339999999831037,1.6896227935454628e-14,2.988506894198347e-25,1.468901607001539e-33,3.0714942275265314e-73,3.0196114697051285e-44,1.6710984426201493e-51,1.1723209590752802e-64,2.0401360027608624e-52,-1.5070722722187966e-76,1.6862308376062166e-20,2.4788855055022166e-22,4.469937410279067e-19,3.509999999999553e-06,4.628149777837136e-55,3.8835384531729595e-47,9.62121828704275e-19,1.7799999999990372e-06,4.149748035302109e-44,2.2313878678198193e-39,-1.8861210610618695e-83,2.8762304581749292e-58,0.0,0.0,1.0634571016796163e-31,7.789917038692436e-22,1.861627594319114e-46,9.735379193525862e-23,7.463480966229562e-64,2.5563302521804497e-37,7.463480966232999e-64,-7.603874900713836e-83,1.7017585807637303e-54,2.4421759265532742e-37,4.4150102139061935e-26,8.757171585055625e-34,7.977928553877767e-52,3.81089275495796e-45,1.1635829576709993e-48,4.23828754720972e-42,3.947629841314872e-33,1.3064228511185249e-59,2.385115265866742e-69
3.34394073971087e-06,1.0000005504370091e-10,0.00017699999999994378,2.2627244792455994e-36,4.8350243995012386e-30,1.3900825961747718e-44,7.02466832380824e-36,5.978503014405576e-56,6.790524619405272e-44,3.8901900652200675e-102,7.532958159987909e-85,5.6768786937362324e-95,5.133598300926802e-58,1.5955208202669445e-48,3.2790235815323436e-71,1.655719467992789e-56,2.724854020552472e-53,3.5169725386285104e-120,1.861544875708972e-102,2.7280710821939324e-83,6.807813973439178e-100,1.4473091516667544e-113,2.0600823101009387e-99,5.480223419790778e-26,1.6271581458951166e-19,2.6363635729725443e-26,1.0789193105216314e-18,1.3249370182841804e-83,4.803399564037329e-80,2.389321197196763e-38,2.2755382682725393e-26,4.034009778335256e-111,6.241416288799904e-107,3.667514740260153e-80,1.738020107839887e-71,4.803399562315346e-80,4.639435652550963e-70,8.076359225612079e-51,2.155968819266508e-49,1.0928921542153587e-40,3.017730001887206e-21,3.389999910626999e-08,6.49131764848921e-31,9.77282875981371e-25,1.835445996404857e-30,1.5327229633704268e-23,1.3656244530046762e-50,3.9306493508565476e-43,2.2036135425501268e-32,0.00018232390710719174,0.4999999999976083,3.2284900488924744e-12,0.24999999999641753,3.1636352987550796e-12,1.5315226362479394e-23,3.006293500073327e-51,3.7632826958834644e-50,1.0686476309857742e-38,4.2245684967208456e-54,3.6210203895469546e-64,6.618054121631338e-52,8.423976274940759e-59,3.755757447963393e-64,4.87065117548826e-34,5.82205411807921e-30,1.4727012234683382e-33,9.597288497164148e-22,0.0,1.1829269332216774e-60,1.1019233709254088e-76,8.674110432956448e-20,3.713572324821424e-38,6.957592719151331e-35,2.3859813782943372e-89,4.16362416459671e-33,8.937269870597687e-16,3.8012030646177604e-39,7.8633781327280975e-31,6.219215495992742e-39,2.3264111611632985e-38,1.440208906361381e-29,1.0118837375824409e-56,2.876840277938033e-81,1.3780554937794574e-51,1.0509466545153627e-38,0.10000000148943068,6.85454358800179e-13,2.1685369746212236e-21,3.289767348673779e-39,1.2011901120884135e-68,1.503252641302771e-61,1.2806628822651928e-42,2.077066642371473e-57,1.515305182004111e-31,4.247627399778347e-79,1.5160350002072565e-30,5.141332594175761e-30,7.434447306595928e-70,3.7619941480694704e-47,3.3869103330242095e-56,2.255999996524002e-06,3.475998672858933e-15,6.179999999824039e-05,1.7596140235504581e-15,2.0334059850601774e-43,1.222240048739986e-34,1.7487879099930805e-42,1.1176544630170547e-77,2.1522247521005645e-40,3.609625362197832e-23,3.193984050612537e-49,3.4893035322767077e-31,-1.3891174265975312e-113,7.6810369753579975e-53,4.9181473141499304e-40,8.023648642172402e-52,4.72303739295937e-33,1.0022455379898521e-33,2.266553492613968e-75,3.2933783421548526e-43,2.470582166056145e-33,0.00033399999997556657,2.443336748144182e-14,4.321632547548643e-25,4.404662712613068e-33,8.19295408625659e-72,9.131282484161434e-44,5.0536282219506105e-51,6.369647665128874e-64,6.16936599171894e-52,4.569303050665692e-75,2.4384317157558102e-20,5.183744726760889e-22,6.463905735197042e-19,3.5099999999993536e-06,1.4132089659935613e-54,1.1743791262047682e-46,1.3913091326234176e-18,1.7799999999986078e-06,8.677787217490946e-44,4.694296972707913e-39,4.233671575352789e-82,8.697700984147251e-58,0.0,0.0,2.223858351080813e-31,1.1264875491216389e-21,5.629547924658761e-46,1.4078177700473003e-22,4.055160606275115e-63,5.3456940215436156e-37,4.055160606290266e-63,3.078080788660309e-82,5.14610516474558e-54,5.1069859209205455e-37,6.384476653852226e-26,1.831264191646635e-33,2.4125232178017852e-51,1.1524111176164937e-44,3.518666174406965e-48,9.831481513971547e-42,8.255123326127093e-33,4.4651322926310685e-59,1.6033658050362283e-68
4.835619763177152e-06,1.0000007959782447e-10,0.00017699999999991862,3.2720908676262885e-36,6.99185384514936e-30,2.9068849771173766e-44,1.468970363015647e-35,-2.8602939937083003e-56,2.053431089059505e-43,-3.291348044913863e-97,-7.261506323219106e-81,-5.523574648923118e-90,1.5523872351164878e-57,4.824838355398608e-48,-1.3611989704987214e-69,-1.386423381924002e-55,8.239917394173644e-53,4.2950576578389e-114,-6.364437372696182e-96,-1.1324956646341816e-81,-1.2578918113163804e-96,-1.872804131916831e-109,-2.9636670827745028e-95,8.058715937318187e-26,2.353007591961005e-19,3.812404073258446e-26,1.5602081154954528e-18,-1.2768895403128361e-79,-2.1434740978304878e-76,7.22493077723118e-38,4.758513244774691e-26,1.2440918617452465e-105,-1.64638367833044e-101,-3.3044221803150633e-76,-1.5701347094965308e-68,-2.1434740987462512e-76,-1.4356687783656485e-67,-6.762311941551465e-50,-1.8051844723284466e-48,3.3048979502993725e-40,4.365105859727603e-21,3.3899998707591186e-08,9.493369369449695e-31,1.4132333396662314e-24,2.8497325521341247e-30,2.2164464472783812e-23,4.127977943415111e-50,8.219748987812451e-43,3.186611730927051e-32,0.00018232391027759735,0.49999999999654143,4.66866839021914e-12,0.24999999999481942,4.5748828187599486e-12,3.202657954953364e-23,-2.5164228195133015e-50,-3.1501862205094063e-49,3.2315826801952025e-38,-3.537215029336162e-53,-1.1191306386255783e-61,-5.53965340572599e-51,-7.054044370205079e-58,-1.1622155767115097e-61,1.0185307983812792e-33,1.7605850401490286e-29,3.0796530331088827e-33,1.38784869012923e-21,0.0,-9.904607437173087e-60,-3.409891519211123e-74,1.8138947488033703e-19,-3.1093587452903378e-37,1.4549435510299654e-34,-4.1969094365043404e-88,1.2458116607542006e-32,1.2924044280047123e-15,8.425934980653435e-39,1.6443577074181917e-30,1.880686272858844e-38,4.865205933248391e-38,3.0117064084751255e-29,-8.472464286722702e-56,-1.863092823659802e-77,4.167223167424483e-51,2.197701765355928e-38,0.10000000148912488,9.912246962996917e-13,4.534756399757582e-21,6.879428331599083e-39,-1.0057595591491849e-67,-4.844595502889724e-58,-1.0722937942758952e-41,-6.427460837905573e-55,3.168744721842304e-31,-4.119795939795552e-76,3.170270894790048e-30,1.0702509938142504e-29,-2.3005837036844697e-67,1.1376242408990675e-46,-1.0480757250828677e-53,2.2559999949734143e-06,5.026586648136198e-15,6.179999999745546e-05,2.544549970976111e-15,4.2863672726191715e-43,3.5068145173994303e-34,-1.05791215347056e-41,-1.6199909444735065e-76,-1.2955284172202562e-39,7.548301979268642e-23,-9.88375643903411e-47,1.0551628868973626e-30,-1.7078043803789225e-105,-2.37688977265241e-50,-4.1179453379637516e-39,-2.4829097563753047e-49,9.876624122072357e-33,3.030765863124795e-33,2.2872089407856417e-71,9.959151170097932e-43,5.1663811646714416e-33,0.0003339999999646672,3.533270539209708e-14,6.249444494088326e-25,1.3241700107556414e-32,-2.3094780664137292e-69,2.7612931387746504e-43,1.5275990567374647e-50,-5.334420104484312e-63,1.8655860691467226e-51,-8.104495306420724e-72,3.526177494267957e-20,1.0840036463870516e-21,9.34735177624654e-19,3.5099999999990643e-06,3.922453826431856e-54,3.551313762720311e-46,2.011950085181871e-18,1.7799999999979865e-06,1.814664410748784e-43,9.901525361514123e-39,-7.822567624796281e-79,2.630173902486006e-57,0.0,0.0,4.650442383807044e-31,1.6289957665266113e-21,1.7023711385966467e-45,2.0358229842118725e-22,-3.3953727222646507e-62,1.1178698206411767e-36,-3.3953727227335316e-62,-1.9938926162708617e-78,1.556178554713145e-53,1.0679542054537769e-36,9.23249119909364e-26,3.8294653828711844e-33,7.295360174728931e-51,3.484882763732272e-44,1.0640420259355987e-47,2.348807318925969e-41,1.7262778891125733e-32,2.786644437852543e-60,-1.190275956641647e-66
6.992713183084506e-06,1.0000011510515385e-10,0.00017699999999988233,4.731720527328097e-36,1.0110812522612474e-29,6.078761870681658e-44,3.0718519044546485e-35,-6.829662141451071e-55,6.2095076231254324e-43,-2.005831861091531e-96,-4.599753057563225e-80,-3.512068599125193e-89,4.694379684666199e-57,1.4590261790768328e-47,-8.597239425155554e-69,-9.568130692315735e-55,2.4917389369738183e-52,2.90514724860793e-113,-4.0939987273901244e-95,-7.15276445831639e-81,-7.916814157481602e-96,-1.157317656980159e-108,-1.8773036381160514e-94,1.1933486599992185e-25,3.4026469385857604e-19,5.513058113338206e-26,2.2561922168072606e-18,-8.088370419866619e-79,-1.3373307514133881e-75,2.18473865915405e-37,9.95080967117739e-26,1.2102152627502197e-104,-1.0006611598345208e-100,-2.0584354226504557e-75,-9.823273601923498e-68,-1.3373307521796326e-75,-8.883718895473877e-67,-4.666911493797957e-49,-1.2458220180146747e-47,9.993987397901483e-40,6.314849729558829e-21,3.3899998131068083e-08,1.3950663886671916e-30,2.0436544522505598e-24,4.529823264946068e-30,3.20516819172719e-23,1.2478245221193058e-49,1.718921245714833e-42,4.6081110477333166e-32,0.00018232391486227084,0.4999999999949986,6.751287536218877e-12,0.24999999999250844,6.615665404889533e-12,6.697268250141664e-23,-1.7367485858744474e-49,-2.174137503862797e-48,9.772282531829397e-38,-2.4411579216897252e-52,-6.925052518926999e-61,-3.8232784430815646e-50,-4.868196993444654e-57,-7.191628451833947e-61,2.1299102350573275e-33,5.32399664796701e-29,6.4400454386792e-33,2.006946007741832e-21,0.0,-6.835521526483173e-59,-2.1099934912115306e-73,3.7931430127639506e-19,-2.1458791638747632e-36,3.042518897701947e-34,-2.735257767227154e-87,3.7395855396272426e-32,1.868925543181556e-15,1.9062458299147393e-38,3.4386140537881735e-30,5.687181675465461e-38,1.0174856579103743e-37,6.297958185422315e-29,-5.847148960728554e-55,-1.1754128497532928e-76,1.260163356051123e-50,4.595759166832266e-38,0.10000000148868272,1.4333943404684795e-12,9.482898189587413e-21,1.4385982381618798e-38,-6.941098892723257e-67,-2.9807401490326763e-57,-7.400281168301893e-41,-3.977223408356269e-54,6.626350421758935e-31,-2.5383650075081297e-75,6.62954191306775e-30,2.2310033217774945e-29,-1.4235692367422722e-66,3.4401672656681157e-46,-6.485346863301725e-53,2.2559999927311335e-06,7.26886736903666e-15,6.179999999632038e-05,3.679633405980218e-15,9.065584124740679e-43,1.0208870596034197e-33,-7.719069380236239e-41,-1.0678410967539835e-75,-9.411469952764004e-39,1.578470248252355e-22,-6.11593119778084e-46,3.190804987884271e-30,-1.1177167415647331e-104,-1.4707863544285665e-49,-2.8419406086216406e-38,-1.5363900511170865e-48,2.0653595523668109e-32,9.164977686885634e-33,1.7076921224538935e-70,3.0116397790741215e-42,1.08037266217525e-32,0.0003339999999489058,5.109406484408687e-14,9.03722292334513e-25,3.9879761686386325e-32,-1.4295210199807698e-68,8.350130214449022e-43,4.617698122380183e-50,-3.6813895855614046e-62,5.64144541354863e-51,-5.084620271721656e-71,5.099149437971761e-20,2.2668243896110404e-21,1.3517057476343529e-18,3.5099999999986467e-06,1.0861396587748882e-53,1.0739146455059897e-45,2.909449113973808e-18,1.7799999999970882e-06,3.794754880539333e-43,2.0962713504805851e-38,-4.923301589633084e-78,7.953613645777857e-57,0.0,0.0,9.72481652842397e-31,2.3556648961510002e-21,5.14795775324491e-45,2.9439713767415255e-22,-2.3432673332545738e-61,2.337643943534198e-36,-2.343267333544711e-61,-1.2579338667854304e-77,4.705872886317913e-53,2.233268646361042e-36,1.3350960584960473e-25,8.008022660672987e-33,2.206085256394211e-50,1.0538259880626464e-43,3.2176551474331443e-47,5.797421098662492e-41,3.6099222634238704e-32,-3.682640875712489e-58,-7.440094219222645e-66
1.0112051826993984e-05,1.000001664517408e-10,0.0001769999999998298,6.842469782597657e-36,1.4621092989224325e-29,1.2711666472345207e-43,6.42373413841029e-35,-1.3497154128761248e-54,1.8777567853946458e-42,-5.697373310750146e-96,-1.4101215896343458e-79,-1.0848002403170112e-88,1.41957826158215e-56,4.412085869052838e-47,-2.3924210144316465e-68,-2.2485083403844374e-54,7.535007050812485e-52,9.972702736134375e-113,-1.2917295883575483e-94,-1.9904569962957975e-80,-2.3929653083471472e-95,-3.381757032826927e-108,-5.756240904693515e-94,1.7842152186004889e-25,4.920513684214691e-19,7.972348027664109e-26,3.262643765426637e-18,-2.4796070135605356e-78,-3.980113417749736e-75,6.606476612267451e-37,2.080872899294958e-25,6.141526750828135e-104,-2.826318615105727e-100,-6.1107969377266165e-75,-2.9280584927923696e-67,-3.980113421172363e-75,-2.5659561168437156e-66,-1.09670729083853e-48,-2.9276359468960756e-47,3.022174245483776e-39,9.137114202070872e-21,3.389999729736717e-08,2.063901843099469e-30,2.9552965447716882e-24,7.405518499100716e-30,4.634943134554762e-23,3.773979363765306e-49,3.594661415612929e-42,6.663721267522213e-32,0.00018232392149209457,0.49999999999276756,9.762930210366591e-12,0.24999999998916658,9.566808563461418e-12,1.40050552781771e-22,-4.081255968140604e-49,-5.1091005535268633e-48,2.9551308639425607e-37,-5.736631358326874e-52,-2.0002043882893268e-60,-8.984477321512298e-50,-1.144031723116536e-56,-2.0772159834247354e-60,4.453981814973666e-33,1.6099725348412367e-28,1.346716164395657e-32,2.9022128253886566e-21,0.0,-1.6063226142846042e-58,-6.094464269240488e-73,7.93206650373072e-19,-5.0427367421319565e-36,6.362392007141426e-34,-7.181426749746324e-87,1.1250471012259034e-31,2.702623557822261e-15,4.422470204265309e-38,7.190689998755994e-30,1.7197994403606522e-37,2.1280075858933073e-37,1.3170034457958786e-28,-1.374058523477976e-54,-3.5750966894567765e-76,3.8107266816687972e-50,9.610508689147944e-38,0.1000000014880433,2.072808862566376e-12,1.9830250742865588e-20,3.0083386076116196e-38,-1.6311353636493286e-66,-8.623997236301335e-57,-1.7390387503851095e-40,-1.1487734595565015e-53,1.3856755242421889e-30,-7.341046121425685e-75,1.386342922114067e-29,4.655171160370948e-29,-4.111809839900239e-66,1.0403040055686172e-45,-1.8732149399004996e-52,2.2559999894886067e-06,1.0511394016926433e-14,6.179999999467895e-05,5.321059566615643e-15,1.9282253212834796e-42,3.004405101288032e-33,-1.7919770910075302e-40,-2.743682053149677e-75,-2.2173344109297817e-38,3.3008328350393837e-22,-1.766513739714538e-45,9.648970100622923e-30,-3.635138371205212e-104,-4.248190720196591e-49,-6.678455737849913e-38,-4.437679165283623e-48,4.318996067940975e-32,2.77147466633877e-32,6.729076717960386e-70,9.107176321032755e-42,2.2592314633904748e-32,0.00033399999992611356,7.388631607816994e-14,1.3068585371088072e-24,1.2025514586278987e-31,-4.126667155297771e-68,2.525073095814431e-42,1.3965983981914696e-49,-8.651520025749177e-62,1.70597762408228e-50,-1.5274309190122024e-70,7.373799250996174e-20,4.740291032552522e-21,1.9546802938573858e-18,3.5099999999980428e-06,3.404458147044064e-53,3.247509850275711e-45,4.207308194349339e-18,1.779999999995789e-06,7.93544437922748e-43,4.461367957151731e-38,-1.4881348788578251e-77,2.4051682175685786e-56,0.0,0.0,2.0336142078491895e-30,3.40648951973024e-21,1.5567385634497031e-44,4.257230378627447e-22,-5.506592852467996e-61,4.8883859632765915e-36,-5.506592853306029e-61,-3.8260921936573764e-77,1.4230523800063822e-52,4.670139361687066e-36,1.9306615301863747e-25,1.6746052173155098e-32,6.671216789876074e-50,3.1867618677266763e-43,9.730165131239649e-47,1.4801653020094063e-40,7.548922926129239e-32,-6.617076212059704e-58,-2.11001058682997e-65
1.462287805528269e-05,1.0000024070322742e-10,0.00017699999999975388,9.894794922295405e-36,2.1143345955686387e-29,2.658214118067465e-43,1.3433058477337765e-34,2.4892458149168582e-54,5.678380503903516e-42,-9.861780099482612e-96,-2.9803225793016987e-79,-2.3322646265102946e-88,4.292815813678968e-56,1.3342129424513787e-46,-3.76731636309441e-68,-8.777050248693184e-55,2.278587037187268e-51,2.6229952497966235e-112,-2.9074596834418685e-94,-3.1343564148172382e-80,-4.8907821974220916e-95,-6.3454920505334116e-108,-1.2171855612905297e-93,2.7025264153673944e-25,7.115476554062313e-19,1.1528690405700624e-25,4.718057328928562e-18,-5.240696996955392e-78,-7.833184134468741e-75,1.9977608312563366e-36,4.351436846509715e-25,2.4721289724576345e-103,-4.809044422474805e-100,-1.195153843566934e-74,-5.779090050245843e-67,-7.833184146887439e-75,-4.643894731165703e-66,-4.279796262007771e-49,-1.142477201034388e-47,9.139031608049023e-39,1.322414021344347e-20,3.389999609176552e-08,3.0818532552337123e-30,4.2736079557758594e-24,1.2496971566606478e-29,6.702518213723848e-23,1.1417695074428527e-48,7.517382227428113e-42,9.636312187228523e-32,0.0001823239310793777,0.4999999999895413,1.4118019208148576e-11,0.24999999998433395,1.3834409482231146e-11,2.9286802321057094e-22,-1.5921973665652619e-49,-1.993263342893157e-48,8.936292963365784e-37,-2.2386560872670457e-52,-3.6199023683345125e-60,-3.5050648517749766e-50,-4.4662321856873e-57,-3.759367552530222e-60,9.31398612437612e-33,4.868544225808361e-28,2.8161981800806573e-32,4.196843971749681e-21,0.0,-6.268508326403453e-59,-1.102982659611271e-72,1.658721486153447e-18,-1.9678685036159725e-36,1.330477583489497e-33,-8.541392732948116e-87,3.3900037508744748e-31,3.908220968657837e-15,1.0567174492390202e-37,1.503687860327984e-29,5.200660192064834e-37,4.450858537846187e-37,2.754064122130815e-28,-5.3621106512603976e-55,-7.418860796446288e-76,1.1523628709682168e-49,2.009723771153983e-37,0.10000000148711866,2.9974560798964914e-12,4.146821219503364e-20,6.290916784380394e-38,-6.365524215661959e-67,-1.574203116046328e-56,-6.786395082460712e-41,-2.0790623094463454e-53,2.8976684662520914e-30,-1.3371903179236145e-74,2.899064120227491e-29,9.719936885425436e-29,-7.441597792530266e-66,3.145871482915628e-45,-3.390164073359191e-52,2.25599998479964e-06,1.520036046054437e-14,6.17999999923053e-05,7.694699899925578e-15,4.134518092761859e-42,8.912254631448377e-33,-4.396293432653148e-41,-2.8549304377291103e-75,-7.971455966217292e-39,6.902567390897119e-22,-3.1970556450883714e-45,2.91784102613459e-29,-8.691258328717566e-104,-7.688420706598478e-49,-2.6061909823054746e-38,-8.031358909520315e-48,9.031709261946267e-32,8.380901762764714e-32,2.143733052200165e-69,2.754003426991375e-41,4.724413136194376e-32,0.00033399999989315403,1.0684582736385937e-13,1.889827519442653e-24,3.6293763970463524e-31,-7.454027611155309e-68,7.635801765752371e-42,4.225230915013245e-49,-3.379127648659741e-62,5.158943911078195e-50,-3.075364264503789e-70,1.0663134309133424e-19,9.912703809659562e-21,2.826632252201573e-18,3.5099999999971695e-06,1.1396763481650525e-52,9.820445366678945e-45,6.084121545632789e-18,1.7799999999939106e-06,1.6594300319617127e-42,9.564487749337686e-38,-3.041473111949411e-77,7.2732240676716035e-56,0.0,0.0,4.252611623068581e-30,4.926070161708479e-21,4.707565634863106e-44,6.156313407135291e-22,-2.148892061112898e-61,1.0222393778127248e-35,-2.1488920626295887e-61,-7.939725633944537e-77,4.303299157122284e-52,9.766062145114679e-36,2.7918996102972504e-25,3.50186651935901e-32,2.0173998524714365e-49,9.636743623130814e-43,2.942394662896054e-46,3.905183884927039e-40,1.5786001220491778e-31,2.14872548748531e-57,-3.5772571762821653e-65
2.1145912449623337e-05,1.0000034807712699e-10,0.00017699999999964408,1.4308722646705784e-35,3.057508914702359e-29,5.558755751931886e-43,2.809068588672455e-34,3.0841924634222223e-53,1.7171586061400174e-41,-1.8679148793726122e-96,-3.788441416257461e-79,-3.158355454358146e-88,1.2981524411488778e-55,4.034655193016093e-46,1.624160346501936e-68,1.8357493894732034e-53,6.890453361648911e-51,5.856515043233348e-112,-4.564333249565006e-94,1.3512264820605954e-80,-5.3982597311746e-95,-4.1411705058020576e-108,-1.55018343719196e-93,4.16404076343816e-25,1.028957719075219e-18,1.6671465382445533e-25,6.8227076593100185e-18,-6.661689037194911e-78,-7.122707335981932e-75,6.041145364502333e-36,9.099547790159646e-25,8.889618213415276e-103,-4.141140478704233e-101,-1.0474915824067122e-74,-5.3359090523579886e-67,-7.122707377148376e-75,-2.0711864198616562e-66,8.954604210024565e-48,2.39041501023566e-46,2.7636360703054647e-38,1.9146440084489508e-20,3.3899994348364134e-08,4.660042009076584e-30,6.1799976633641874e-24,2.1810601297683883e-29,9.69240615828702e-23,3.454550965359904e-48,1.572117005024186e-41,1.3934940910092682e-31,0.00018232394494339607,0.4999999999848759,2.0415844890555476e-11,0.24999999997734554,2.000571860130598e-11,6.124336965718601e-22,3.332652971428159e-48,4.171913719570308e-47,2.7023280699021684e-36,4.683960121508638e-51,-1.6139617755965932e-60,7.336501720231829e-49,9.339897367421313e-56,-1.6766850825615887e-60,1.947703050007092e-32,1.4722438909357973e-27,5.889119311064733e-32,6.068989523966402e-21,0.0,1.3115616790651964e-57,-4.919326066072537e-73,3.4686508396611128e-18,4.1173969808117726e-35,2.7822406871510035e-33,2.2364842054086778e-86,1.0225979787831194e-30,5.651616111153559e-15,2.608654694224713e-37,3.144450874365531e-29,1.572675590636933e-36,9.31004164227684e-37,5.759187010218694e-28,1.1219188515472778e-53,-8.758512918225378e-76,3.4847437165679955e-49,4.202692700674193e-37,0.10000000148578155,4.334573782052626e-12,8.671663210948245e-20,1.315531362359829e-37,1.3318094789999611e-65,-7.843626474944283e-57,1.4199258777976466e-39,-9.272651671618295e-54,6.0594868301694464e-30,-6.490955350455335e-75,6.062405421459424e-29,2.0304581385549245e-28,-3.318970598146636e-66,9.513091654330907e-45,-1.5120183434266795e-52,2.2559999780190004e-06,2.1981000585480202e-14,6.179999998887282e-05,1.1127183500555648e-14,8.963021987461498e-42,2.658872695926994e-32,1.63380928717447e-39,1.112517041775034e-74,1.8609446018726748e-37,1.4434367952081359e-21,-1.425894700695464e-45,8.823528313908116e-29,-1.5984431575883746e-103,-3.42905034718084e-49,5.4529607846594065e-37,-3.5820014395380173e-48,1.8886743742792118e-31,2.534374753847472e-31,6.256979173023561e-69,8.328086181812725e-41,9.879500968578795e-32,0.00033399999984549174,1.5450804984513194e-13,2.7328498213673056e-24,1.0960296087489759e-30,-3.239576663169755e-68,2.3090606028626843e-41,1.278390694660766e-48,7.06209056599168e-61,1.5600892849235556e-49,-3.1593939246679783e-70,1.541978960897248e-19,2.072904262192185e-20,4.0875482022369304e-18,3.5099999999959066e-06,3.837280438158054e-52,2.969695285176433e-44,8.798151374062854e-18,1.7799999999911941e-06,3.470139108748839e-42,2.071167668735902e-37,-3.357054236325886e-77,2.199422285573832e-55,0.0,0.0,8.89288920197755e-30,7.123511231771694e-21,1.4235642772094644e-43,8.90254726092151e-22,4.496129913607259e-60,2.1376653290250247e-35,4.4961299135396057e-60,-9.373490397348978e-77,1.3013142339661238e-51,2.0422562871809692e-35,4.0373229492914968e-25,7.322961291287244e-32,6.1007045499614214e-49,2.914143909387208e-42,8.897779464022924e-46,1.0615560807256163e-39,3.3011044941540043e-31,2.1221774487794902e-56,-1.7703115609952203e-66
3.0578769216063876e-05,1.0000050334882389e-10,0.00017699999999948527,2.0691652299474935e-35,4.4214218466536075e-29,1.1624263685569215e-42,5.874216018823927e-34,1.5810062061256283e-52,5.192732038611964e-41,7.396242893699742e-95,3.764743236462542e-79,1.8290485749896684e-88,3.9256263796509086e-55,1.2200781687620283e-45,4.184749283020475e-67,1.1394399736026293e-52,2.0836743963206933e-50,1.1229442779889313e-111,-1.3351918633300622e-94,3.481624291138497e-79,1.090059367219625e-94,3.0644644393901935e-107,1.5204350977752011e-93,6.556806865948529e-25,1.487959299312845e-18,2.410836050960659e-25,9.866208801094579e-18,6.620224774379566e-78,2.6238297484411375e-74,1.826823535634361e-35,1.9028603978132048e-24,3.001320106354973e-102,3.8931450325028516e-99,4.229503263429652e-74,1.8896944947132737e-66,2.6238297353764245e-74,2.797878488439126e-65,5.557941156570345e-47,1.4836815402869206e-45,8.35721410674114e-38,2.773592120469523e-20,3.3899991827259155e-08,7.164202793875925e-30,8.936798573444063e-24,3.9358665086336244e-29,1.4016036524056262e-22,1.0451676799822787e-47,3.2878876057107757e-41,2.0151146578746065e-31,0.00018232396499193355,0.4999999999781293,2.952303180646826e-11,0.2499999999672397,2.8929948912209293e-11,1.2806964056368632e-21,2.068457687468591e-47,2.5893653133408197e-46,8.171819211253955e-36,2.907237902979371e-50,2.181240611977678e-59,4.5535025805074525e-48,5.797281746607006e-55,2.264964080254165e-59,4.072957850676345e-32,4.452053844354974e-27,1.231508719226403e-31,8.776269458425278e-21,0.0,8.14059573786978e-57,6.645308145076185e-72,7.253501206484358e-18,2.5555834561106537e-34,5.818108684612632e-33,2.031493534483719e-85,3.0870241855115435e-30,8.172711835536676e-15,6.661353272266263e-37,6.575547582102913e-29,4.755758775395665e-36,1.947660412028433e-36,1.2043377794769846e-27,6.963520166203774e-53,1.324644450820688e-75,1.0537858460432757e-48,8.788621115585976e-37,0.10000000148384795,6.268158522156052e-12,1.8133827043597127e-19,2.750986962239522e-37,8.266290630558287e-65,9.003836350689866e-56,8.813187487844607e-39,1.2526050307094006e-52,1.2671353326666775e-29,7.74852240202422e-74,1.267745673668237e-28,4.242923309972804e-28,4.4834518505683895e-65,2.8767517517091493e-44,2.042525114348471e-51,2.2559999682136242e-06,3.178637689022196e-14,6.179999998390915e-05,1.609084347055772e-14,1.9715000554505037e-41,7.964739208987444e-32,9.853761697441535e-39,8.905352739718206e-74,1.1478471127641237e-36,3.0184561874906824e-21,1.9261783254700038e-44,2.6682280505540758e-28,-1.7484350414690426e-103,4.632161211906785e-48,3.384540660300164e-36,4.838776474288719e-47,3.949519159657547e-31,7.663922398111934e-31,1.7656185743380513e-68,2.518407149218454e-40,2.0659611311335496e-31,0.0003339999997765681,2.234316247808331e-13,3.951931205492346e-24,3.3112671199165795e-30,4.5401646166520655e-67,6.982581605666515e-41,3.867746101646003e-48,4.3836274819652557e-60,4.7177776004154064e-49,8.209835097549726e-70,2.2298313423617813e-19,4.334772871791364e-20,5.9109388528056426e-18,3.50999999999408e-06,1.2690976276254026e-51,8.980336198585646e-44,1.272286642751158e-17,1.7799999999872658e-06,7.25663333299806e-42,4.546089612793193e-37,6.77889469008955e-77,6.651049828120112e-55,0.0,0.0,1.8596450068133707e-29,1.0301195056526257e-20,4.3048475897920855e-43,1.2873832458993122e-21,2.790656212307276e-59,4.470198457725198e-35,2.79065621239865e-59,1.4176118295984684e-76,3.935163920695894e-51,4.2707348856972896e-35,5.838311148540058e-25,1.5313479879779064e-31,1.8448769934426267e-48,8.812348959033825e-42,2.690681858783201e-45,2.96051884133755e-39,6.903135692051036e-31,1.0512034664162675e-55,2.9772704816072328e-64
4.4219474047143965e-05,1.0000072788476788e-10,0.00017699999999925571,2.992194643315086e-35,6.393762157968696e-29,2.430822578098233e-42,1.2283939591257848e-33,-4.705595471592908e-52,1.5701945203015288e-40,-1.1476999337092132e-89,-1.4233218839652259e-74,-2.6348063062231302e-83,1.1867739321734213e-54,3.689485231810916e-45,-5.4067666347998245e-65,-5.1050568844631845e-52,6.300921142100818e-50,1.7265193046952134e-105,-3.0308863279139286e-88,-4.498890775397863e-77,-5.327985258455535e-91,-7.00527105091496e-103,-9.938352180275016e-89,1.0600995085464972e-24,2.1517140343542087e-18,3.486275730737558e-25,1.426736682224747e-17,-2.5027896611380787e-73,-1.0252983240107228e-70,5.524270334741912e-35,3.979184111540694e-24,5.449706454161501e-97,-7.912892103431011e-94,-9.626050890621139e-70,-5.44522392046501e-63,-1.0252983281449925e-70,-6.834692782939834e-63,-2.4879257506500894e-46,-6.641377479561825e-45,2.5272163778173816e-37,4.0210017662413785e-20,3.389998818152948e-08,1.1249599078008676e-29,1.2923366680673797e-23,7.326610288825802e-29,2.0268371501847454e-22,3.1530534710490383e-47,6.87652593700505e-41,2.914036366422914e-31,0.0001823239939838061,0.4999999999683732,4.269279250958069e-11,0.24999999995262592,4.183513267983063e-11,2.6781400855616664e-21,-9.258696108775507e-47,-1.1590393908024494e-45,2.4711530414535275e-35,-1.301361452288339e-49,-5.327472733579278e-57,-2.038211862534638e-47,-2.5982987293672312e-54,-5.532725993634576e-57,8.517200490696817e-32,1.3462987648044157e-26,2.575281018663977e-31,1.2691223882214924e-20,0.0,-3.643986080288049e-56,-1.6232787965529235e-69,1.5168225339968708e-17,-1.1439455286768201e-33,1.2166592363906489e-32,-1.2233052255913759e-83,9.32404432022409e-30,1.1818427633301846e-14,1.7577619411860043e-36,1.3750516798021137e-28,1.4381385857992196e-35,4.0752331686397126e-36,2.5184621787085337e-27,-3.1170698299546467e-52,-8.8959063090871e-72,3.1866002030465655e-48,1.8378771722655755e-36,0.10000000148105183,9.064284802662088e-12,3.7920713652860996e-19,5.752753474135401e-37,-3.700681361808986e-64,-2.322385104232734e-52,-3.9450145360821865e-38,-3.0597821689618355e-50,2.649782095708112e-29,-1.536142351116427e-70,2.651058467554022e-28,8.86816282265425e-28,-1.0951972735832748e-62,8.699276707206405e-44,-4.9893423710557684e-49,2.2559999540342245e-06,4.5965776264513697e-14,6.179999997673127e-05,2.3268713104220317e-14,4.326527020656141e-41,2.3927092255467154e-31,-4.206310008592978e-38,-3.69012933644151e-72,-5.1116692678580245e-36,6.312072289902377e-21,-4.705174488422219e-42,8.0687064229534155e-28,-8.105773035794187e-96,-1.1315189391873573e-45,-1.515012804498106e-35,-1.1819855642741517e-44,8.259074042885618e-31,2.3175643369783807e-30,1.058628591729738e-64,7.615642854738141e-40,4.3202540175668525e-31,0.0003339999996768987,3.2310089352947096e-13,5.7148258709511465e-24,1.0006732884480973e-29,-1.0966693958187566e-64,2.1115280707475767e-40,1.1668186829332632e-47,-1.9677505068501122e-59,1.4265356377693104e-48,-3.4305078444548857e-66,3.224523758656609e-19,9.06469990311541e-20,8.547715325868678e-18,3.5099999999914397e-06,2.2477417954808087e-51,2.7156472070539883e-43,1.8398333657216764e-17,1.7799999999815852e-06,1.5174835348254118e-41,1.0156597752195397e-36,-3.3129695914600794e-73,2.011234828589417e-54,0.0,0.0,3.8888144877567683e-29,1.4896391408969377e-20,1.3017829225308988e-42,1.861664490203918e-21,-1.2491871165242495e-58,9.347896002587878e-35,-1.2491871187563499e-58,-9.520621431153912e-73,1.1899915169740766e-50,8.930942954763884e-35,8.442694234375667e-25,3.2022928881785295e-31,5.578477501284457e-48,2.664848421234979e-41,8.136601951227814e-45,8.43059590753838e-39,1.4435557021547994e-30,-2.8100424555286782e-55,-5.205596592599105e-62
6.394508134679367e-05,1.0000105258264448e-10,0.00017699999999892368,4.326981846314254e-35,9.245948164378677e-29,5.083241213740506e-42,2.5687728537673934e-33,-7.348646989748714e-51,4.747733242024382e-40,-1.0340577679664475e-88,-1.3375283850885185e-73,-2.4715238318802073e-82,3.5867535212965386e-54,1.1156838215716331e-44,-5.032383765324599e-64,-6.884872048970137e-51,1.9053347160656537e-49,1.708656033027593e-104,-2.8720805979910187e-87,-4.187373473717835e-76,-4.965475458146554e-90,-6.395590359089596e-102,-9.318353154945712e-88,1.767056752738897e-24,3.1115588649087976e-18,5.041456404414544e-25,2.0631810094022174e-17,-2.3519290478683684e-72,-9.465835614019785e-70,1.6705286977514466e-34,8.321107325045628e-24,7.691840276681477e-96,-7.1381193904745475e-93,-8.862681093218613e-69,-5.0584718078943495e-62,-9.46583566411066e-70,-6.313106756816586e-62,-3.356267233501293e-45,-8.959405843613261e-44,7.642290154228712e-37,5.835940866578026e-20,3.389998290949822e-08,1.8128079217921338e-29,1.8688283796844188e-23,1.4013978147560458e-28,2.9309777382757714e-22,9.487801558383858e-47,1.4383021869398319e-40,4.213966853389979e-31,0.00018232403590849404,0.499999999954265,6.173737890756669e-11,0.2499999999314931,6.049710541611765e-11,5.600417057951913e-21,-1.2490370367039081e-45,-1.5635910006914223e-44,7.47275467886643e-35,-1.7555735006954728e-48,-4.920912728922147e-56,-2.7496323895222147e-46,-3.5037608009459673e-53,-5.110495766095787e-56,1.7810796517990278e-31,4.0712037000488787e-26,5.38532303745657e-31,1.8352577016191618e-20,0.0,-4.9158290819757966e-55,-1.499398282218984e-68,3.1719171136880917e-17,-1.5432173403064974e-32,2.544228295689917e-32,-1.1613921115418386e-82,2.817263691277044e-29,1.709043782423678e-14,4.778814522327766e-36,2.8754518277171223e-28,4.3489246130416197e-35,8.529110059036143e-36,5.266505563286004e-27,-4.20501456927845e-51,-8.291665205048744e-71,9.636004718621749e-48,3.843403815485973e-36,0.1000000014770084,1.3107718749094997e-11,7.929822854119543e-19,1.2029919668351914e-36,-4.992127297250396e-63,-2.1187814704848238e-51,-5.321943431652064e-37,-2.826274697677273e-49,5.541117116275487e-29,-1.4020207566574472e-69,5.543786369048678e-28,1.853828306084232e-27,-1.0116173112900325e-61,2.6306553370974377e-43,-4.608580341884648e-48,2.25599993352962e-06,6.647038108186379e-14,6.179999996635147e-05,3.364851576979839e-14,9.335307973712646e-41,7.202456767144888e-31,-5.760732157531202e-37,-3.5520140985692486e-71,-6.905657843106665e-35,1.319954700378592e-20,-4.346099320029542e-41,2.439973746982214e-27,-7.799168847189943e-95,-1.0451670128984244e-44,-2.0437964403733956e-34,-1.0917823335865858e-43,1.727104001873333e-30,7.008302859818972e-30,1.1488072515432135e-63,2.302963738672741e-39,9.034339691577225e-31,0.0003339999995327683,4.672309995730117e-13,8.26412072340001e-24,3.024668722673672e-29,-1.0130753104602558e-63,6.385248911762945e-40,3.511055879250897e-47,-2.6521613079896455e-58,4.313103723099568e-48,-3.1873745208819735e-65,4.662932666818643e-19,1.8955728892260074e-19,1.2360716291296749e-17,3.5099999999876213e-06,-3.134693710956323e-51,8.212098414979199e-43,2.660553471971757e-17,1.7799999999733707e-06,3.1733175855825423e-41,2.320465545755562e-36,-3.087554185578581e-72,6.081725940206845e-54,0.0,0.0,8.132131995188406e-29,2.1541428092948848e-20,3.9365832480989794e-42,2.6921234619143205e-21,-1.685184116079218e-57,1.9547935903022392e-34,-1.6851841181409757e-57,-8.873948348052363e-72,3.5985309946669757e-50,1.8676495616305491e-34,1.220885674398684e-24,6.696505292732822e-31,1.6866671096707717e-47,8.05848595184694e-41,2.460502418085352e-44,2.440249924369276e-38,3.0187050408043363e-30,-4.590672990159982e-54,-4.824743887574154e-61
9.246996977143298e-05,1.0000152212310918e-10,0.00017699999999844354,6.257216746522085e-35,1.3370483683327783e-28,1.062990518406268e-41,5.371729490526656e-33,-2.0948377701763378e-50,1.4357222266766412e-39,-3.318665530130445e-88,-4.6503052465711666e-73,-8.566882403935911e-82,1.084557808704269e-53,3.3738221851129644e-44,-1.645410998960813e-63,-1.9672052467229815e-50,5.7617305197970335e-49,6.480748897072484e-104,-1.0137926374515545e-86,-1.3691311738247922e-75,-1.6979431955216142e-89,-2.1066731553933833e-101,-3.227159967697938e-87,3.04477736026468e-24,4.499574476632731e-18,7.29038799448155e-25,2.9835327268229435e-17,-8.177162649786142e-72,-3.180137673954494e-69,5.051653250033709e-34,1.7400758896227567e-23,4.279980692573886e-95,-2.2965964568725585e-92,-2.9670292203942563e-68,-1.7180869426673142e-61,-3.180137698408194e-69,-2.0705976935588817e-61,-9.588938504800123e-45,-2.5597207614060457e-43,2.3110226918143826e-36,8.483665122385079e-20,3.389997528569873e-08,3.0104736696299574e-29,2.702484772407941e-23,2.7415251058936745e-28,4.238441809253654e-22,2.8701129761221704e-46,3.008660004609514e-40,6.093809299014455e-31,0.00018232409653512143,0.4999999999338633,8.927746203959916e-11,0.24999999990093325,8.748386950322158e-11,1.1711362433110308e-20,-3.5685265001870435e-45,-4.4672135629925127e-44,2.259755298512411e-34,-5.0157096391992616e-48,-1.6139767612914236e-55,-7.855761711379877e-46,-1.0011618618186017e-52,-1.6761572829704354e-55,3.724518837261943e-31,1.2311288235087029e-25,1.1261568621118723e-30,2.653936915525483e-20,0.0,-1.4044635436472892e-54,-4.917776559539226e-68,6.632982484463152e-17,-4.409001527226058e-32,5.320386580045573e-32,-3.7822541887213446e-82,8.514533760266153e-29,2.4714204728425006e-14,1.3328883122458532e-35,6.013026827097003e-28,1.3151114636899226e-34,1.7857354767182534e-35,1.1013101670217709e-26,-1.2013814142523248e-50,-2.836957873809243e-70,2.913921361211793e-47,8.037503015691433e-36,0.10000000147116125,1.895486456395149e-11,1.658251497695899e-18,2.5156494312888814e-36,-1.4262803058040747e-62,-6.953339875487359e-51,-1.5204895576189317e-36,-9.269707875363764e-49,1.1587360236559442e-28,-4.601032120420716e-69,1.1592942540682346e-27,3.8757162861399064e-27,-3.317936704611022e-61,7.955081975918876e-43,-1.511537128750142e-47,2.2559999038782358e-06,9.61217652063409e-14,6.179999995134138e-05,4.865858203858354e-14,2.152212813681507e-40,2.171097559963238e-30,-1.6454357531581017e-36,-1.1458290280377228e-70,-1.9730587399998387e-34,2.7602349714282975e-20,-1.425448408266698e-40,7.378461756261293e-27,-2.8261023036771606e-94,-3.427973306704178e-44,-5.839167403897552e-34,-3.5808638045200077e-43,3.6116496605717834e-30,2.1193047263941207e-29,4.958728995592542e-63,6.96414535862878e-39,1.8892243956308744e-30,0.00033399999932434373,6.756551688298456e-13,1.1950617294320386e-23,9.143723741253482e-29,-3.3225862610128036e-63,1.9308944212905132e-39,1.0621139992853948e-46,-7.579473877427031e-58,1.3042947004561596e-47,-1.0836397203077318e-64,6.74299291744367e-19,3.963943983499667e-19,1.7874637149021924e-17,3.509999999982099e-06,-7.34188641382068e-51,2.4833323954237274e-42,3.8473833545618687e-17,1.7799999999614915e-06,6.635966174380074e-41,5.446857713245893e-36,-1.0557851284143513e-71,1.839107198991638e-53,0.0,0.0,1.7005587282809572e-28,3.115070205092947e-20,1.190419804331058e-41,3.893036941699586e-21,-4.814610057481291e-57,4.087783553435405e-34,-4.8146100642435105e-57,-3.0361842314583288e-71,1.088192966606502e-49,3.905695139274806e-34,1.7655055935196246e-24,1.4003461189773196e-30,5.100524768898434e-47,2.4368800434742788e-40,7.440540925485796e-44,7.151032737469006e-38,6.312593286450153e-30,-1.3077062338529807e-53,-1.580234563548042e-60
0.00013371935932267675,1.0000220111815376e-10,0.00017699999999774924,9.048545703447564e-35,1.933498502563495e-28,2.222902065709822e-41,1.1233191081063194e-32,-1.855689363264018e-50,4.342008771033757e-39,-6.440459230247811e-88,-1.0920512537234914e-72,-1.9991031314510904e-81,3.280688432350586e-53,1.0202515599864347e-43,-3.326480256371692e-63,-1.911807978536048e-50,1.7423876352817087e-48,1.7863041733991554e-103,-2.455398371334805e-86,-2.767980880365441e-75,-3.847095852402443e-89,-4.3749497566344844e-101,-7.516820505569654e-87,5.4265533391738225e-24,6.506760201528104e-18,1.0542552954451389e-24,4.314438046720011e-17,-1.9202780926800136e-71,-6.923100206933797e-69,1.5276136219036723e-33,3.638775158085058e-23,1.790925642982544e-94,-4.4872638933852915e-92,-6.4080606411766235e-68,-3.834202397398305e-61,-6.923100298810785e-69,-4.232877169486413e-61,-9.311594887660655e-45,-2.4856548412054668e-43,6.988510298841483e-36,1.2360948521376337e-19,3.389996426104601e-08,5.166863579983346e-29,3.90802387252611e-23,5.459629055252196e-28,6.129146326246e-22,8.714724982592464e-46,6.294434068705314e-40,8.812302547475104e-31,0.00018232418420632734,0.49999999990436084,1.2910275750364702e-10,0.24999999985674112,1.265089615784475e-10,2.4490318445203418e-20,-3.4652644930278925e-45,-4.337945180545662e-44,6.8334783601320965e-34,-4.870578249056277e-48,-3.299396103633585e-55,-7.62844905233901e-46,-9.732766851911468e-53,-3.426513652378561e-55,7.788572100780636e-31,3.7229196152628707e-25,2.3549734153755172e-30,3.837815756763909e-20,0.0,-1.363833645289615e-54,-1.0053253030577748e-67,1.387061815373607e-16,-4.281407232217693e-32,1.1125775340490837e-31,-7.511002549138442e-82,2.573774809818998e-28,3.573880589030177e-14,3.7959687675514956e-35,1.2574193607996365e-27,3.976884019086995e-34,3.740800599572418e-35,2.3030148121324343e-26,-1.166619783338513e-50,-6.436260357631067e-70,8.811844034975647e-47,1.6808710999547775e-35,0.10000000146270578,2.7410329555400714e-11,3.4676655828877885e-18,5.260637461318294e-36,-1.3851686871926755e-62,-1.430057532483538e-50,-1.4764883188045928e-36,-1.894975464212202e-48,2.4231020471504576e-28,-9.46098264801761e-69,2.4242695383822907e-27,8.103389057911117e-27,-6.782754234117763e-61,2.40561042838731e-42,-3.089984541345206e-47,2.255999860999839e-06,1.3900016177419781e-13,6.179999992963555e-05,7.036439697794262e-14,5.454387846626824e-40,6.550903263120536e-30,-1.582338606296751e-36,-2.2032277523152354e-70,-1.915251032506694e-34,5.772089139622485e-20,-2.91399978732178e-40,2.2312390954673874e-26,-7.197341378206513e-94,-7.007694091261745e-44,-5.670199734072848e-34,-7.320243170881546e-43,7.552534776785215e-30,6.408753781249113e-29,1.6366430380574154e-62,2.105953092393597e-38,3.950669210690809e-30,0.0003339999990229443,9.77053861069504e-13,1.7281605060983164e-23,2.764456306342341e-28,-6.791299975543823e-63,5.839007444112048e-39,3.2249704249366744e-46,-7.378427632236945e-58,3.9447272484898504e-47,-2.423925462498594e-64,9.75093490800737e-19,8.289235411464412e-19,2.5848231910760382e-17,3.5099999999741137e-06,5.288149553841826e-50,7.509577456638713e-42,5.563638276139652e-17,1.7799999999443132e-06,1.3877024091132874e-40,1.3187695716884418e-35,-2.392116766996264e-71,5.5615890581541475e-53,0.0,0.0,3.5561402664703985e-28,4.504650344908418e-20,3.599819532458916e-41,5.62965872074693e-21,-4.675333683502657e-57,8.548202615121876e-34,-4.675333697326439e-57,-6.8882523419891915e-71,3.29068322218314e-49,8.167861087431275e-34,2.5530741806773108e-24,2.9283472992600525e-30,1.54259168085939e-46,7.36910386073228e-40,2.250013971630408e-43,2.114732455107773e-37,1.3200638318933103e-29,-1.126402575673331e-53,-3.214461502939997e-60
0.00019336944850166022,1.000031830021637e-10,0.0001769999999967452,1.3085153737938077e-34,2.796032575083786e-28,4.648517381732119e-41,2.349053987624563e-32,1.2083365450708793e-49,1.3131764503459937e-38,-3.983572132127586e-88,-1.7537076074560104e-72,-3.1507168612386213e-81,9.925152638186227e-53,3.0852737157897432e-43,-2.7925449025502483e-63,1.0167374520123906e-49,5.269143562323461e-48,4.111505640014371e-103,-4.294166987604006e-86,-2.3239535070109866e-75,-5.517810967616608e-89,-4.33584388896051e-101,-1.1781467122281316e-86,9.987658719276232e-24,9.409316195229575e-18,1.5245502857731208e-24,6.239037637151344e-17,-3.083742363608251e-71,-8.554354675039686e-69,4.619487215354978e-33,7.609256134155087e-23,6.569942550297493e-94,-2.947890050402503e-92,-7.6604575403441e-68,-5.213684876705356e-61,-8.554354984530372e-69,-3.820274604661718e-61,4.960765592759596e-44,1.3242722540869515e-42,2.1133182952670738e-35,1.8069146096029092e-19,3.389994831847661e-08,9.172812766804457e-29,5.651338620168454e-23,1.102169693938459e-27,8.863267171667144e-22,2.6493613032922e-45,1.3171274979128673e-39,1.274368423136323e-30,0.00018232431098626995,0.4999999998616978,1.8669352285245815e-10,0.2499999997928356,1.8294244527987105e-10,5.121313763643249e-20,1.8461834181656418e-44,2.311121304706996e-43,2.0664368617249154e-33,2.594879474454613e-47,-2.9776701696541104e-55,4.064186458580332e-45,5.172427269338278e-52,-3.0924158680899775e-55,1.6287209042473893e-30,1.12580623365466e-24,4.924624491294665e-30,5.549803769444428e-20,0.0,7.265940667665131e-54,-9.073038967755346e-68,2.9005656713980424e-16,2.2810106986647385e-31,2.3265766348762663e-31,-5.518155793029975e-82,7.780956685815057e-28,5.1681291490387223e-14,1.0988232871146693e-34,2.629463105276566e-27,1.2026054829771606e-33,7.842403171457077e-35,4.8159701555969403e-26,6.215346664148405e-50,-9.272900311713846e-70,2.6647630453806316e-46,3.5152759270001135e-35,0.10000000145047847,3.963764361301688e-11,7.251433511129305e-18,1.1000890219050441e-35,7.377832891502774e-62,-1.3426074972827888e-50,7.866293849427095e-36,-1.7102046487326734e-48,5.067093564859775e-28,-8.87203185988049e-69,5.069535405912287e-27,1.69435221490405e-26,-6.121434842363742e-61,7.274546309479213e-42,-2.7886914261342727e-47,2.25599979899407e-06,2.0100593099592435e-13,6.179999989824705e-05,1.017528234203307e-13,1.4979995962784494e-39,1.9779586217330595e-29,8.620670425337683e-36,-1.2038977162756538e-70,1.0213138013668186e-33,1.2070351853120956e-19,-2.629885442343901e-40,6.747241554151368e-26,-1.4193939481729098e-93,-6.324418450862272e-44,3.0209017277743185e-33,-6.606492850666186e-43,1.5793552929857903e-29,1.9379994908700657e-28,4.84779129596757e-62,6.368389334195675e-38,8.261478585923702e-30,0.0003339999985870955,1.4129013216864313e-12,2.499066926335189e-23,8.358437739238011e-28,-6.12374085478614e-63,1.7657103582053968e-38,9.804221644895304e-46,3.9092968092932726e-57,1.1930999064681809e-46,-3.323946326435877e-64,1.4100671767009445e-18,1.7334102458134375e-18,3.737872336931533e-17,3.509999999962566e-06,4.565266463744134e-49,2.2708901556686498e-41,8.045485293329544e-17,1.779999999919472e-06,2.9019556254598322e-40,3.3013050844948675e-35,-3.430883190533817e-71,1.6818794711568975e-52,0.0,0.0,7.436458822929259e-28,6.51409651755851e-20,1.0885823171495857e-40,8.140959581210767e-21,2.4908168963293253e-56,1.7875640900714265e-33,2.4908168950817357e-56,-9.924114158153914e-71,9.950984966633467e-49,1.7081599681825412e-33,3.6919695484994335e-24,6.12364200940731e-30,4.665563171381608e-46,2.2284102430292253e-39,6.804025258355277e-43,6.295113322130413e-37,2.7604637357020153e-29,7.766011168445814e-53,-2.811066787655626e-60
0.0002796284980965741,1.0000460288913913e-10,0.00017699999999529325,1.8922702532031303e-34,4.04336832773799e-28,9.721044556022543e-41,4.9122907369072216e-32,8.782322230599631e-49,3.9714885962802065e-38,3.40778318291084e-87,-5.212753874509101e-73,-6.060387378898206e-82,3.002669622229312e-52,9.329962508805157e-43,1.3331361537753309e-62,7.696838325019314e-49,1.5934361974928308e-47,8.114378366801591e-103,-3.223354854895013e-86,1.1091553603163473e-74,2.0216771322380177e-89,1.3626763553117483e-100,-1.895810987705152e-87,1.891893016737535e-23,1.3606649134023618e-17,2.2046467506087445e-24,9.022167452140217e-17,-9.166093987474022e-72,1.1673452173897895e-68,1.3969285067392142e-32,1.5912159126389264e-22,2.243648830946561e-93,2.273573471362077e-91,1.2307670368523887e-67,3.6841950660539896e-61,1.1673451183867826e-68,1.5393055471705696e-60,3.753905997839852e-43,1.0020960305438018e-41,6.390652946147974e-35,2.6535555645194613e-19,3.389992526419266e-08,1.6821939216715806e-28,8.172326299519233e-23,2.24765811338207e-27,1.2817042264778513e-21,8.052325340842724e-45,2.7569276279670015e-39,1.8429351684618494e-30,0.00018232449432073713,0.4999999998000035,2.6997469231528144e-10,0.24999999970042278,2.645498367268417e-10,1.0709476718339344e-19,1.3970324740313808e-43,1.7488571691074882e-42,6.248884156966799e-33,1.9635827424344933e-46,1.1999082217381506e-54,3.0754276906588235e-44,3.9162110308412384e-51,1.2461238616967264e-54,3.405940074700532e-30,3.404424201154134e-24,1.0298173832687469e-29,8.025481617498793e-20,0.0,5.498259629016942e-53,3.656068226355918e-67,6.065540054166723e-16,1.7260700772022687e-30,4.865241568390838e-31,3.475145844936269e-81,2.3525125184347934e-27,7.473543489446919e-14,3.2202093634634633e-34,5.498622802774731e-27,3.636666305930378e-33,1.6459579855779631e-34,1.0070958441210039e-25,4.7032440613396085e-49,3.139481519600032e-70,8.058422290380843e-46,7.351930589389763e-35,0.10000000143279675,5.731936888851732e-11,1.516387918353626e-17,2.3004823297241167e-35,5.583228165996389e-61,4.891037053611612e-50,5.952527464167706e-35,6.891498958646921e-48,1.0596103138019646e-27,3.2420147439207985e-68,1.0601210719582712e-26,3.5428771837366685e-26,2.4666772318032722e-60,2.1998168900349825e-41,1.123742740844834e-46,2.2559997093285113e-06,2.906714896675773e-13,6.179999985285665e-05,1.4714311135318882e-13,4.331624314207982e-39,5.974993690720892e-29,6.492047301364286e-35,1.2631159118048664e-69,7.726941005331464e-33,2.524100963765398e-19,1.0597307118949651e-39,2.040358254565919e-25,-1.883569501192177e-93,2.5484952557727003e-43,2.2859580892237483e-32,2.6621603151629796e-42,3.302683300172176e-29,5.860487905244198e-28,1.3748847735733476e-61,1.9257970221473407e-37,1.7276067101096732e-29,0.00033399999795682175,2.0431725631647765e-12,3.613863999783459e-23,2.527321505840624e-27,2.4729679307564186e-62,5.339491655299189e-38,2.9798412917976345e-45,2.961863334022607e-56,3.608555194509992e-46,2.1656440265526903e-64,2.0390756470350063e-18,3.624834061277025e-18,5.405278934946911e-17,3.5099999999458677e-06,2.2401646108927057e-48,6.867153541363998e-41,1.163444067856568e-16,1.7799999998835496e-06,6.068598991139272e-40,8.547240644890288e-35,1.2575483087232723e-71,5.086164843131293e-52,0.0,0.0,1.5550828793829357e-27,9.419917144337197e-20,3.291863577090552e-40,1.1772511159852917e-20,1.8848442900869615e-55,3.738077395511236e-33,1.884844290589693e-55,3.3598587556664084e-71,3.009165634094662e-48,3.572427935008364e-33,5.338918361145957e-24,1.2805514600174846e-29,1.411088135356477e-45,6.73869227804747e-39,2.0575321022001008e-42,1.8827629965529168e-36,5.772569194086192e-29,5.58632392406109e-52,1.2219758422022298e-59
0.0004043663440818802,1.0000665616532711e-10,0.00017699999999319367,2.736498543211679e-34,5.847212366887918e-28,2.03283254237434e-40,1.0272515847439962e-31,1.1897758957564185e-49,1.2007503859957347e-37,-3.786828379188054e-82,-4.1486567794184816e-68,-8.97092638799804e-77,8.97120798977564e-52,2.82128782278536e-42,-1.7746002498962327e-60,3.7082083272566445e-50,4.818273603627855e-47,5.722571039896102e-97,-1.0333153384804845e-80,-1.4859033462869057e-72,-1.8037692209434847e-85,-2.326709577239894e-96,-3.2437278535076066e-82,3.6718274682886226e-23,1.9676330515154045e-17,3.1881474322845598e-24,1.3046800759752105e-16,-7.29494555302503e-67,-3.4971616969729875e-65,4.224297776171444e-32,3.327483568077751e-22,1.7555566322753152e-88,-2.7125062555170302e-86,-3.0765887830553354e-63,-1.7845934957446517e-57,-3.4971618352388326e-65,-2.2888200757248122e-58,2.5621994886861836e-44,6.870931859785235e-43,1.9325315332328497e-34,3.922176266254679e-19,3.3899891925785366e-08,3.1764848723482045e-28,1.181790302904211e-22,4.617570939835064e-27,1.8534546848062924e-21,2.4147486314148433e-44,5.7730382713522354e-39,2.665282459075224e-30,0.00018232475943780627,0.49999999971078835,3.9040643077674205e-10,0.24999999956678592,3.825606256924e-10,2.239520254815245e-19,9.557439474887272e-45,1.1970261388717849e-43,1.889660601818662e-32,1.3464485210016445e-47,-1.778200501946141e-52,2.1030979894724374e-45,1.5722662897338054e-52,-1.8466351229630733e-52,7.122284885150455e-30,1.0294980155560818e-23,2.153511999952024e-29,1.1605518249393992e-19,0.0,3.7612125203058254e-54,-5.417962445818588e-65,1.2683995574392003e-15,1.1854568369387701e-31,1.0173992473062482e-30,-2.3041834459898493e-78,7.113049714092396e-27,1.0807359846045551e-13,9.52330472907381e-34,1.1498485559294138e-26,1.0997269940659832e-32,3.4600347410350134e-34,2.105997078735191e-25,3.2242656038919475e-50,-3.0285985054171246e-66,2.4363584381610346e-45,1.5376830767041913e-34,0.10000000140722745,8.288863186977328e-11,3.171001526811951e-17,4.810660691770007e-35,3.371242211163388e-62,-7.928906850994071e-47,4.087174696913097e-36,-1.0212172034845509e-45,2.2158149043541954e-27,-5.098222184939053e-65,2.2168833749653975e-26,7.408309567626296e-26,-3.6555532830903416e-58,6.652232221495892e-41,-1.6652006285124802e-44,2.255999579664572e-06,4.203354291893172e-13,6.179999978721822e-05,2.1278124920558288e-13,8.925368847149667e-39,1.805515636522604e-28,5.07637786193578e-36,-1.1391094550778182e-67,5.2965197961801615e-34,5.278291353948361e-19,-1.5704719317863475e-37,6.170040694025179e-25,-2.747744491325636e-86,-3.7766521370500494e-41,1.5684541187875915e-33,-3.944949636279424e-40,6.906436086646912e-29,1.772210736097003e-27,3.508212761395932e-58,5.82359166541615e-37,3.612700540575755e-29,0.00033399999704539343,2.9545960055885034e-12,5.225957543500758e-23,7.642071429893808e-27,-3.6595771365303566e-60,1.6146599056644758e-37,8.936016010244995e-45,-6.251088845374917e-60,1.0908845658539266e-45,-1.1533463714359532e-60,2.9486746485383035e-18,7.580096507148791e-18,7.816490228378384e-17,3.5099999999217196e-06,2.5419721566967904e-48,2.076622758927574e-40,1.6824363261615044e-16,1.7799999998316032e-06,1.2690852876758674e-39,2.284410198746128e-34,-1.115390078987866e-67,1.5373405620307286e-51,0.0,0.0,3.251928592347731e-27,1.3621962308464933e-19,9.954576889101059e-40,1.7024038652838453e-20,1.2887481739550994e-56,7.816903386513594e-33,1.2887474289573538e-56,-3.241523008917443e-67,9.099717982559253e-48,7.47170512520313e-33,7.72056640343402e-24,2.677838132794009e-29,4.266010759183128e-45,2.0377773131636132e-38,6.221961985144888e-42,5.649815108987762e-36,1.2071360779258786e-28,9.540317178771576e-53,-1.7244928701372117e-57
0.0005847477683396706,1.0000962537575012e-10,0.0001769999999901575,3.9575065288188064e-34,8.45594508885607e-28,4.25010159673018e-40,2.1481852454155417e-31,-5.149198970245725e-47,3.6264696431972976e-37,-6.758697363496804e-81,-7.694275471271254e-67,-1.6591419780273061e-75,2.5452795006267793e-51,8.52994593771139e-42,-3.3312406138449424e-59,-4.668279935594049e-47,1.4565063428480894e-46,1.1097801799609027e-95,-1.928092451385536e-79,-2.7890285087167364e-71,-3.3222623137117595e-84,-4.200959785532967e-95,-5.99900818409513e-81,7.267082539949618e-23,2.845356860831635e-17,4.610429419142145e-24,1.8866745350147066e-16,-1.3529513829870769e-65,-6.389771218537077e-64,1.2774217387870261e-31,6.9582908133736565e-22,4.773028653727659e-87,-4.848486430130218e-85,-5.5975950359799325e-62,-3.278469367141624e-56,-6.389771541016023e-64,-4.2856282316566926e-57,-2.2630178489634085e-41,-6.040499522654641e-40,5.844019342434988e-34,5.849361073724949e-19,3.3899843715700415e-08,6.149079873424212e-28,1.7089748028856125e-22,9.536600918089357e-27,2.68025669268606e-21,6.888684460831612e-44,1.2095972351242163e-38,3.854889688255822e-30,0.0001823251428193999,0.49999999958177604,5.645611910804877e-10,0.24999999937353565,5.532133901362426e-10,4.683187653703858e-19,-8.42150906027949e-42,-1.0542250901817699e-40,5.71437478488226e-32,-1.1836192119402807e-44,-3.329634764994102e-51,-1.8539273047119365e-42,-2.381015912934506e-49,-3.457777909031725e-51,1.489160288544949e-29,3.113249145875083e-23,4.5033359297141687e-29,1.678254855074239e-19,0.0,-3.3144359771532865e-51,-1.0145002498871763e-63,2.6524209500669972e-15,-1.0404157238092455e-28,2.1275430323888276e-30,-4.285745375526494e-77,2.150780846308995e-26,1.5628324632674768e-13,2.8349916225697142e-33,2.4045132177743483e-26,3.325603439952113e-32,7.289768909131226e-34,4.403972959410945e-25,-2.8350619198009435e-47,-5.577607361294204e-65,7.359425980038667e-45,3.2163334335021628e-34,0.10000000137025211,1.1986393824645838e-10,6.63104747468835e-17,1.0058814447667766e-34,-3.373877363311407e-59,-1.4346572283043105e-45,-3.58799717485959e-33,-1.9122049025023097e-44,4.633624674126311e-27,-9.225888274659047e-64,4.635860207127398e-26,1.5491356559366245e-25,-6.844927585081158e-57,2.011634911856202e-40,-3.1180490921874565e-43,2.2559993921596128e-06,6.078403882207354e-13,6.179999969229946e-05,3.0769943980101156e-13,-3.028357007366293e-38,5.4572059907807185e-28,-3.898681736644381e-33,-2.1635438181113325e-66,-4.657564479674224e-31,1.1037730073919188e-18,-2.9406694225400562e-36,1.8658414202909783e-24,-5.196763059870958e-85,-7.071684447376593e-40,-1.3779250113205033e-30,-7.386827591446525e-39,1.4442455210556011e-28,5.35922733415134e-27,7.402569606710645e-57,1.761041279171066e-36,7.554731236340355e-29,0.00033399999572739265,4.272587207052352e-12,7.557187071501982e-23,2.3108739504081855e-26,-6.852679475563618e-59,4.882752574547921e-37,2.5492337409077576e-44,-1.822629151882433e-54,3.292031827736147e-45,-2.1186916526363902e-59,4.2640309685460235e-18,1.5851161825908294e-17,1.1303306818224847e-16,3.5099999998867994e-06,-7.892756695371683e-47,6.279705138916878e-40,2.4329409364694435e-16,1.7799999997564843e-06,2.65399414620843e-39,6.280086196199625e-34,-2.0542317933439742e-66,4.637710259614475e-51,0.0,0.0,6.800308304708696e-27,1.9698439752521529e-19,3.01026892368376e-39,2.4618185757853247e-20,-1.1362247166316112e-53,1.6346353732553346e-32,-1.136224730581514e-53,-5.969742824840963e-66,2.751796172136076e-47,1.5628121295726322e-32,1.1164674762662499e-23,5.599789109350169e-29,1.2877683637807237e-44,6.162260221216487e-38,1.8815172149882572e-41,1.699380406298728e-35,2.524313475059101e-28,-3.2332249685367904e-50,-3.2326569054460588e-56
0.0008455944902006664,1.0001391910442546e-10,0.0001769999999857669,5.723682085091517e-34,1.2228950909479706e-27,8.88657808731168e-40,4.492317063022832e-31,-1.8186367298839254e-46,1.0964096036567714e-36,-2.52563009206994e-80,-3.085492729219791e-66,-6.620980407573453e-75,7.539444414521702e-51,2.5793485544424476e-41,-1.2699651903271866e-58,-1.6479863998499584e-46,4.404184920253022e-46,4.79122322736861e-95,-7.81590985123048e-79,-1.0635573442756688e-70,-1.311388703253101e-83,-1.6040466346372634e-94,-2.393813753804446e-80,1.46018765593023e-22,4.114612661697872e-17,6.667310123633454e-24,2.728284597618978e-16,-5.425488301542294e-65,-2.4830847477296983e-63,3.8629115820496866e-31,1.4550871804894553e-21,2.9776654715801568e-86,-1.81708356091421e-84,-2.1682417570266683e-61,-1.2873532529768693e-55,-2.483084923687972e-63,-1.6343888471882785e-56,-7.984869197831983e-41,-2.1313231148034816e-39,1.767230021815767e-33,8.829984522153516e-19,3.389977399998115e-08,1.2145190268715468e-27,2.471335115240101e-22,1.9769868308353878e-26,3.8758876784244115e-21,2.0621726112008228e-43,2.536631981639375e-38,5.5763691609268744e-30,0.000182325697221447,0.49999999939521395,8.164043227777906e-10,0.24999999909407913,7.9999004263727e-10,9.793273154872561e-19,-2.9714480311756063e-41,-3.719728006528275e-40,1.7280254445296963e-31,-4.1762682654208376e-44,-1.2695852654495518e-50,-6.541407880427066e-42,-8.407077886767694e-49,-1.3184437236062785e-50,3.1137463556287523e-29,9.414469733334796e-23,9.417190398992908e-29,2.4268961756473476e-19,0.0,-1.169466528861283e-50,-3.8682725510009644e-63,5.546620742026671e-15,-3.670980761863964e-28,4.449028665865236e-30,-1.704484583205507e-76,6.503536520580979e-26,2.2599815652911062e-13,8.479164737648293e-33,5.028210117561143e-26,1.00566186801557e-31,1.5408882725406633e-33,9.209401461448034e-25,-1.0003203746080638e-46,-2.2013471665484767e-64,2.224788218888539e-44,6.728343942149358e-34,0.10000000131678263,1.733333433844286e-10,1.3866510138179163e-16,2.1033196546907065e-34,-1.1907456823521746e-58,-5.46672933408571e-45,-1.2659818383865775e-32,-7.291190790547914e-44,9.68965533259297e-27,-3.515626815557673e-63,9.694333789745678e-26,3.2394014295833664e-25,-2.6099623499368943e-56,6.083171393057896e-40,-1.1889040695777282e-42,2.2559991210116833e-06,8.789883177265659e-13,6.179999955503874e-05,4.4495896230946256e-13,-1.3030404290493783e-37,1.649681765263045e-27,-1.3756979314359413e-32,-8.245964548201174e-66,-1.6433866371980334e-30,2.3081596929041118e-18,-1.121273865701135e-35,5.6423034518467436e-24,-2.155165281720357e-84,-2.6964190365537408e-39,-4.8618495258949834e-30,-2.8165827960921154e-38,3.020146517439508e-28,1.620630088635743e-26,3.6014166450340235e-56,5.3253714095759776e-36,1.5798142756292963e-28,0.0003339999938214552,6.17850545178813e-12,1.0928354937427884e-22,6.987842870582126e-26,-2.612907996757498e-58,1.4765423952426307e-36,7.631301769848329e-44,-6.441795367456833e-54,9.9514515804366e-45,-8.320148223889148e-59,6.166146091439095e-18,3.314722051078184e-17,1.634554150318784e-16,3.5099999998363023e-06,-2.822192327045833e-46,1.8989788195900817e-39,3.5182298447278175e-16,1.7799999996478565e-06,5.5503316554743576e-39,1.7677859369418216e-33,-8.107429661456809e-66,1.401429507735756e-50,0.0,0.0,1.4220550524870916e-26,2.848546744184208e-19,9.103036933323339e-39,3.559995400059093e-20,-4.0090618279025953e-53,3.418271842580344e-32,-4.0090618810933385e-53,-2.3561169978504875e-65,8.321435329386934e-47,3.2691763815145734e-32,1.614523908270812e-23,1.1710059823907019e-28,3.893060749804471e-44,1.863464741419548e-37,5.689694288503682e-41,5.119829891854186e-35,5.278740372088977e-28,-1.141699555104085e-49,-1.232505921180432e-55
0.0012228008050171417,1.0002012819851118e-10,0.00017699999997941774,8.279097804885166e-34,1.7686486421316527e-27,1.85866543669559e-39,9.394524598770195e-31,-2.613493522851796e-46,3.318086642211153e-36,-5.52957762194858e-80,-7.896438422389673e-66,-1.6780821483282652e-74,2.336522353290271e-50,7.800726529328587e-41,-2.896920751030301e-58,-2.3803400527825153e-46,1.3321160142013077e-45,1.3986422622378616e-94,-2.042825618828333e-78,-2.4277829389366485e-70,-3.249454672753216e-83,-3.697360557194119e-94,-6.0663113975484874e-80,2.967483408700501e-22,5.950049362018346e-17,9.642093363845498e-24,3.9453174984405463e-16,-1.3884979679932788e-64,-5.951091337294199e-63,1.1681425918081836e-30,3.042812133861802e-21,1.3000930539965433e-85,-4.006918033668586e-84,-5.1621419150535236e-61,-3.1550558828053494e-55,-5.951092023607091e-63,-3.7329378520088096e-56,-1.1488183460719165e-40,-3.066240563618902e-39,5.344057825864734e-33,1.3545385874972517e-18,3.389967318543694e-08,2.4365916638144207e-27,3.57378725167382e-22,4.1092495742978646e-26,5.6048826203624576e-21,6.465617309787885e-43,5.326296694257659e-38,8.069268704569493e-30,0.000182326498933458,0.4999999991254305,1.1805921312920672e-09,0.24999999868996078,1.1568464894606496e-09,2.047923848408662e-18,-4.275025236246204e-41,-5.351539950381818e-40,5.225505250259034e-31,-6.008206588157236e-44,-2.8984871035449354e-50,-9.411182862155425e-42,-1.2161952485387512e-48,-3.0100186785050406e-50,6.511817773395713e-29,2.8468980499811905e-22,1.9692837479478217e-28,3.5094927905800684e-19,0.0,-1.6825123527045666e-50,-8.831319921795925e-63,1.1598824927260672e-14,-5.281159619084664e-28,9.303619166247472e-30,-4.28580710559673e-76,1.9665831646725585e-25,3.268111606028235e-13,2.5444539963410145e-32,1.0514757656684894e-25,3.0410932303446743e-31,3.27235679291566e-33,1.925830218407851e-24,-1.4391200699078358e-46,-5.453203186267656e-64,6.730804667211207e-44,1.4077866959287053e-33,0.10000000123946122,2.506546035790105e-10,2.8996879924408575e-16,4.3986947973468445e-34,-1.7162570623398703e-58,-1.25343345680352e-44,-1.821277355837859e-32,-1.6645807673097055e-43,2.0262636532534803e-26,-8.061271627864709e-63,2.0272430825968949e-25,6.773972877819672e-25,-5.958597152998045e-56,1.839543780279994e-39,-2.7142684360609058e-42,2.2559987289090037e-06,1.2710909972895959e-12,6.179999935654775e-05,6.434474288570499e-13,-1.3008044308024065e-37,4.987355495750006e-27,-1.978188270385976e-32,-1.8763844906003156e-65,-2.3643832127504462e-30,4.826712861319265e-18,-2.559892334148737e-35,1.706214012043339e-23,-5.875871699399592e-84,-6.155949102758823e-39,-6.994463814223933e-30,-6.430284263747621e-38,6.315604494616768e-28,4.900731055599662e-26,1.241925623599557e-55,1.6103930714829379e-35,3.3036421018940683e-28,0.00033399999106531475,8.934606994263212e-12,1.5803376176411793e-22,2.1130511785371185e-25,-5.965236058101138e-58,4.4650347393078113e-36,2.39266973056784e-43,-9.39028760916263e-54,3.0129924798277066e-44,-2.03950427021756e-58,8.91676292734706e-18,6.931586276264878e-17,2.363704648998407e-16,3.509999999763279e-06,-3.706188069040985e-46,5.7424902883080153e-39,5.087640741201104e-16,1.7799999994907726e-06,1.1607858864937922e-38,5.071218312873184e-33,-2.0083020361040426e-65,4.2419006641815686e-50,0.0,0.0,2.973750396240544e-26,4.119210239430559e-19,2.7527447117489484e-38,5.1480499183445154e-20,-5.767877751863477e-53,7.148117141585037e-32,-5.767877873298663e-53,-5.8366185664275245e-65,2.51636893318327e-46,6.839656413784081e-32,2.3347750335078147e-23,2.4487626326797315e-28,1.1785241057307003e-43,5.635082925413458e-37,1.720558993971326e-40,1.544236379299758e-34,1.1038683024089237e-27,-1.6340488637372535e-49,-2.81277734603979e-55
0.0017682728850275922,1.0002910707331241e-10,0.00017699999997023634,1.1978356938291718e-33,2.558243368136664e-27,3.889183410956421e-39,1.964660489220769e-30,5.339447652895168e-46,1.0045583864595082e-35,-5.6936058244738274e-80,-1.4341085343132555e-65,-2.9714309217161663e-74,7.375064237966719e-50,2.3593124167491224e-40,-3.6017310170249526e-58,4.748391825199688e-46,4.0296630705206133e-45,3.3431840485566287e-94,-3.908308818284239e-78,-3.027422848567739e-70,-5.403982365441632e-83,-4.81639903534646e-94,-1.0738078237025886e-79,6.081128150145878e-22,8.604216001013656e-17,1.3944831768987756e-23,5.705236780668918e-16,-2.521710487660924e-64,-8.92660240609967e-63,3.532459697120784e-30,6.3629836922324624e-21,4.866366071813097e-85,-4.2815564043068125e-84,-7.57389950816817e-61,-5.0793140912717474e-55,-8.926604751426524e-63,-4.667072109161555e-56,2.331525843357654e-40,6.22459874214311e-39,1.616024160814619e-32,2.1211533995652963e-18,3.3899527399651165e-08,4.946179785908243e-27,5.168057111820109e-22,8.557103668277403e-26,8.105179722037276e-21,2.060631774183487e-42,1.120427149677674e-37,1.168445592983389e-29,0.00018232765827647915,0.49999999873530326,1.707241372724342e-09,0.2499999981055701,1.6728839141217125e-09,4.282518031225135e-18,8.677296563987425e-41,1.0862691106405048e-39,1.580174763805323e-30,1.2196971366282315e-43,-3.617279129747191e-50,1.9102021167437444e-41,2.4094907669293544e-48,-3.7563997459787757e-50,1.3621762971206483e-28,8.60885824982862e-22,4.118083557299148e-28,5.075014963945642e-19,0.0,3.4151068673126816e-50,-1.1021285388601025e-62,2.4254861103709735e-14,1.072202887045844e-27,1.9455323521300807e-29,-7.424640441858283e-76,5.946771023754123e-25,4.725939451628932e-13,7.65330363197626e-32,2.198793987603993e-25,9.196148055901984e-31,6.995139033806629e-33,4.027210612156003e-24,2.9214459965699455e-46,-9.06193074656319e-64,2.036991542077946e-43,2.9463433971493724e-33,0.10000000112764786,3.6246765368846775e-10,6.063648360224755e-16,9.200882949434037e-34,3.4559784141032165e-58,-1.5978356086271406e-44,3.697579628523147e-32,-2.0773155415730532e-43,4.237247129753672e-26,-1.0278741059840597e-62,4.239298567631143e-25,1.4165253076646708e-24,-7.436282489004323e-56,5.5627542417814874e-39,-3.387260427131519e-42,2.255998161895628e-06,1.8381043730148e-12,6.179999906951219e-05,9.304777136857117e-13,8.851792699104266e-37,1.507892109874999e-26,4.025093348632788e-32,-2.3062666937745976e-65,4.798802254671439e-30,1.009337458662051e-17,-3.1947320780302177e-35,5.1595126690497583e-23,-1.2349357824660091e-83,-7.68241603210642e-39,1.419963216187451e-29,-8.024777009054747e-38,1.3206925732375251e-27,1.4819580707422217e-25,3.74668758341134e-55,4.869838334178833e-35,6.908438058471704e-28,0.00033399998707971514,1.2920126968331484e-11,2.285312735072444e-22,6.389666782200788e-25,-7.444094548596893e-58,1.3502147144158385e-35,7.625563877490093e-43,1.7974616445404252e-53,9.128293823056966e-44,-3.285338896283001e-58,1.2894382770153515e-17,1.4494973414023178e-16,3.4181195728676165e-16,3.509999999657681e-06,1.093651746467757e-45,1.7365213435174823e-38,7.357123820155441e-16,1.7799999992636176e-06,2.427760537531129e-38,1.4761258284237943e-32,-3.3369262147995237e-65,1.2848816974390223e-49,0.0,0.0,6.218606041770259e-26,5.956665931433273e-19,8.324247992155799e-38,7.444507067106767e-20,1.1707110969085842e-52,1.4947749005800265e-31,1.1707110817537623e-52,-9.69916160557376e-65,7.609357504604198e-46,1.4312753350932815e-31,3.3763597774341266e-23,5.120760428309153e-28,3.5696519824090005e-43,1.704035449301859e-36,5.2029561268834375e-40,4.661390426278115e-34,2.308363198046173e-27,3.3987910350500436e-49,-3.5044145118050405e-55
0.0025570714241392473,1.0004209128649619e-10,0.00017699999995695925,1.733910318239998e-33,3.7011364966352244e-27,8.142653843051434e-39,4.1087726844416304e-30,5.650459854287281e-45,3.0413475346829315e-35,1.753091043854849e-79,-1.1796248093729893e-65,-2.0548639328990336e-74,2.328715292900935e-49,7.135708077844219e-40,5.529661204401985e-58,5.0768870205275516e-45,1.2189803262904787e-44,6.851932043927758e-94,-4.2274331210832163e-78,4.580881958032306e-70,-1.90291872472023e-83,5.736155604934914e-94,-7.406298594413734e-80,1.2536823370546859e-21,1.2442303055827396e-16,2.0169540087578604e-23,8.250201576205992e-16,-2.0742074475470183e-64,2.269966913821063e-63,1.0682148118111506e-29,1.3305948071194157e-20,1.679947793211823e-84,1.1779635685078449e-83,2.9712526533629028e-61,-8.530782579011507e-56,2.2699593715147263e-63,6.970471229653357e-56,2.4741275368650642e-39,6.604541235725071e-38,4.886799484338543e-32,3.4069252894519214e-18,3.389931658224385e-08,1.0127783167458842e-26,7.473570924685504e-22,1.7842463097890666e-25,1.1720871821892774e-20,6.552715197017091e-42,2.3630314452084383e-37,1.6942620685781967e-29,0.00018232933478401438,0.49999999817115104,2.468826812473031e-09,0.24999999726048885,2.4191027563837375e-09,8.955375858992895e-18,9.207496432865257e-40,1.1526273983636816e-38,4.778393653852235e-30,1.2941434699957884e-42,5.451085298430182e-50,2.0269408276474426e-40,2.5839831628393047e-47,5.661251869677729e-50,2.8504322411216002e-28,2.6032695859880497e-21,8.611561046707678e-28,7.338884156793959e-19,0.0,3.6237755473137844e-49,1.660936704346976e-62,5.072038541306596e-14,1.1376004926225552e-26,4.068410036584785e-29,-4.269595985134608e-76,1.7982667773066713e-24,6.83405393846337e-13,2.305750690313764e-31,4.598000137283959e-25,2.780879306592273e-30,1.5088970077966138e-32,8.421517056562908e-24,3.099781122240644e-45,-3.15208559443022e-64,6.16489287382255e-43,6.168766300379117e-33,0.10000000096595611,5.241587349910475e-10,1.2679869410757764e-15,1.9250827958523457e-33,3.679900517463351e-57,2.1524916699327248e-44,3.923133108117496e-31,3.130890888102064e-43,8.860779820483607e-26,1.3828734651711315e-62,8.865079669413984e-25,2.9621466936605783e-24,1.1206006703335289e-55,1.682168946214116e-38,5.105320084967768e-42,2.2559973419467745e-06,2.6580532265510446e-12,6.179999865443279e-05,1.3455461080976984e-12,6.628829752654736e-36,4.559241753220169e-26,4.266561430274894e-31,3.7422394514323866e-65,5.092177684936219e-29,2.1106699662915633e-17,4.8142104706300194e-35,1.5602127391216395e-22,-1.872891820105801e-83,1.1578106802993858e-38,1.5066097295004244e-28,1.2094077502644469e-37,2.76177566402857e-27,4.481371226072407e-25,1.0698821709881941e-54,1.472642091691266e-34,1.444663248728222e-27,0.0003339999813162267,1.8683451465426402e-11,3.3047786677538006e-22,1.93218430074078e-24,1.1221323167469133e-57,4.083013444921274e-35,2.4248885460094516e-42,1.9573716084792818e-52,2.7655899558278777e-43,-5.6302660292967435e-59,1.864634828977664e-17,3.0311062736116615e-16,4.942896340030074e-16,3.509999999504977e-06,1.0054964066621904e-44,5.251217118897731e-38,1.063895146191269e-15,1.779999998935136e-06,5.077959980776882e-38,4.343758374990691e-32,-1.15849074704744e-65,3.8922331843313295e-49,0.0,0.0,1.300415673978373e-25,8.613717379512314e-19,2.5172367901133072e-37,1.0765370390803233e-19,1.2422588412044436e-51,3.1257813181810474e-31,1.2422588434883238e-51,-3.374215753750949e-65,2.3010264372305343e-45,2.996031219562858e-31,4.882664709920183e-23,1.0708348724918495e-27,1.0812286636690467e-42,5.1529617710493844e-36,1.5733696139499853e-39,1.407848843858742e-33,4.8271512084433014e-27,3.5692091094123615e-48,5.325272874695859e-55
0.0036977405034673127,1.0006086756099744e-10,0.00017699999993775942,2.51242818915729e-33,5.356882271387755e-27,1.7060352219413548e-38,8.593176775851857e-30,2.7228735310434994e-44,9.205981803791461e-35,-1.686658808258227e-77,-2.471341018512781e-64,-5.535661153949645e-73,7.252514044856169e-49,2.1581156718101647e-39,5.187796004760948e-57,2.450059513333684e-44,3.6872212426698024e-44,2.5307254682918027e-92,-2.7678472913553754e-76,4.264658712350135e-69,-3.106269991224139e-83,-1.7544717730189854e-92,-1.998242303352559e-78,2.5956631349248368e-21,1.7992371793268825e-16,2.9178205539142755e-23,1.1930379218147821e-15,-4.345323916953139e-63,1.2387608789141457e-62,3.2302777727586703e-29,2.782466142877626e-20,-1.935820750930695e-82,-1.1825636414095515e-81,-2.0434956580053774e-59,2.107970639078615e-55,1.2387607456121984e-62,6.562702189296838e-55,1.1929257334350045e-38,3.1844023516360835e-37,1.477753073380868e-31,5.636783479616688e-18,3.3899011724848754e-08,2.0867755826170226e-26,1.0807674721984745e-21,3.723725553893756e-25,1.6949575753523657e-20,2.0622449939761904e-41,5.002126767136758e-37,2.4636573573280753e-29,0.00018233175915490773,0.49999999735534945,3.5701566535057442e-09,0.24999999603842352,3.498167254708836e-09,1.872696114201333e-17,4.439457644199067e-39,5.557463600638272e-38,1.4449718542739632e-29,6.239755881085375e-42,5.154934737866596e-49,9.773046871969838e-40,1.2474570608432974e-46,5.353583775813848e-49,5.967173686812907e-28,7.872160387595716e-21,1.800812227186582e-27,1.061261358514464e-18,0.0,1.7472282478214235e-48,1.570705506969872e-61,1.0606321462095938e-13,5.484952107824232e-26,8.507668965660812e-29,-1.0312880231674267e-74,5.437879689549697e-24,9.882507875038273e-13,6.954574483966482e-31,9.615064742834224e-25,8.409285354022968e-30,3.2948923916904165e-32,1.7610667127121734e-23,1.4945709363923125e-44,-9.148386624867575e-65,1.8653823352799523e-42,1.292269712244975e-32,0.1000000007321358,7.579776472587568e-10,2.65150659641019e-15,4.029141137523726e-33,1.774565456287772e-56,7.164153522401613e-44,1.8915439470267652e-30,2.9607171843973314e-42,1.8529365385999301e-25,4.617976382602219e-62,1.853838719229575e-24,6.194260262521724e-24,1.0597263727154173e-54,5.0868568225038e-38,4.827811226266661e-41,2.2559961562321625e-06,3.843767838512013e-12,6.179999805418916e-05,1.9457666875733042e-12,2.972157419249781e-35,1.3785796358761532e-25,2.0568380907247453e-30,3.384880986581287e-64,2.455236069818085e-28,4.413700302687152e-17,4.552762107105891e-34,4.718021292827411e-22,-8.764102621008904e-81,1.0948835298993541e-37,7.264155567622136e-28,1.1437053863091539e-36,5.7753039708352764e-27,1.355148503269584e-24,8.103899598981184e-55,4.453275321349082e-34,3.0210172786515477e-27,0.00033399997298178767,2.7017551460368697e-11,4.779038512123628e-22,5.842804061438728e-24,1.0610464837124008e-56,1.2346937384131733e-34,7.631500365100689e-42,9.463337799303682e-52,8.376091684530504e-43,1.2697430483947481e-58,2.6964158750819394e-17,6.338454627144423e-16,7.147860329301995e-16,3.509999999284153e-06,4.737017054211316e-44,1.5879615066621043e-37,1.5384675367607937e-15,1.779999998460131e-06,1.0622228038306205e-37,1.2884496071470984e-31,-4.1678873815922146e-66,1.1784810357177741e-48,0.0,0.0,2.719394670753146e-25,1.2455903293993519e-18,7.612081155127031e-37,1.556760362521565e-19,5.989645106377246e-51,6.536412408041186e-31,5.989645127975354e-51,-9.953609580895693e-66,6.958192260265157e-45,6.274270055765544e-31,7.061087683427753e-23,2.2392931788786175e-27,3.2740736575271993e-42,1.5582445756093668e-35,4.757856873750278e-39,4.25365758349021e-33,1.0094329902707236e-26,1.7182520470296177e-47,5.018175105497375e-54
0.005347244000266954,1.0008801965390564e-10,0.00017699999990999484,3.6480040782300806e-33,7.75992566302353e-27,3.5750178770260167e-38,1.7972916075545737e-29,9.076306992118123e-44,2.784604648053785e-34,-1.4332102968493219e-75,-2.4052123042180608e-62,-5.457720971691206e-71,1.920040897022087e-48,6.525585576712422e-39,-2.937809718719449e-56,8.157388900050025e-44,1.115062949028408e-43,2.5492249292610927e-90,-2.409560417967246e-74,-2.968234505943536e-68,-2.638902277131137e-80,-1.882245946414877e-90,-1.9714755924302322e-76,5.3904028547361224e-21,2.601797027220613e-16,4.222603539405473e-23,1.7252109454779932e-15,-4.2290833490913096e-61,-5.092972844204316e-60,9.768339212303238e-29,5.818520643521182e-20,-1.469926945976253e-80,-1.0057584377908958e-79,-2.1851083693839632e-57,-2.4400551698115038e-52,-5.092971681273734e-60,-4.27661498099378e-54,3.9918740501557437e-38,1.0656750957558143e-36,4.4687043642024455e-31,9.636192495781728e-18,3.3898570880247564e-08,4.318959902336598e-26,1.5629355433812508e-21,7.776399064605687e-25,2.4510949289448938e-20,6.29913886660914e-41,1.0643076714264755e-36,3.603247736115096e-29,0.00018233526499904188,0.4999999961756523,5.16279989011365e-09,0.24999999427120032,5.058521029850726e-09,3.916058507169399e-17,1.485625937331819e-38,1.8597729581405802e-37,4.369574741970538e-29,2.0881660008777223e-41,-2.957708626076573e-48,3.270442168511552e-39,4.1453829781856955e-46,-3.0705117042326095e-48,1.2491132159009261e-27,2.380526130975397e-20,3.765777972448619e-27,1.5346668485821395e-18,0.0,5.846951843236171e-48,-9.008772865829029e-61,2.2179147016136634e-13,1.835616553500023e-25,1.779081647375537e-28,-1.1196259259027967e-72,1.6443955728852134e-23,1.4290709556448314e-12,2.099300903490017e-30,2.0106371453798407e-24,2.542955306244214e-29,7.311143736116047e-32,3.682650803221903e-23,5.001637059899588e-44,-4.076036077915018e-61,5.6304766846189494e-42,2.709122745508436e-32,0.10000000039401108,1.0960994733765745e-09,5.54455292230384e-15,8.433444341535053e-33,5.889350259751981e-56,-1.2129004268892808e-41,6.330292362631754e-30,-1.697589315222885e-41,3.8748045055432514e-25,-7.789654010409325e-60,3.876700221109445e-24,1.2953061062600187e-23,-6.08036252444159e-54,1.5382608827921339e-37,-2.7678780271363455e-40,2.2559944415899624e-06,5.558410038658922e-12,6.179999718617833e-05,2.813729359542671e-12,7.600381418939834e-35,4.168564950764336e-25,6.883383576435404e-30,-2.2403110606952375e-63,8.215938133231068e-28,9.229608591133008e-17,-2.6118135444707294e-33,1.426721757292755e-21,-7.831212391567136e-79,-6.2800869988558074e-37,2.4310117829518217e-27,-6.557748234544195e-36,1.207705334179938e-26,4.09794613096542e-24,-1.0504600873479678e-52,1.346668570838975e-33,6.317416996702443e-27,0.0003339999609295925,3.906904300850042e-11,6.910997328099265e-22,1.766844752956432e-23,-6.085189595163748e-56,3.7336990436033587e-34,2.3310452951727904e-41,3.0904767877895833e-51,2.533209055028583e-42,-1.5809893367275087e-55,3.899237970570525e-17,1.3254501942246425e-15,1.0336441507976062e-15,3.5099999989648214e-06,1.5790595432333935e-43,4.801981466458476e-37,2.2247234552716633e-15,1.7799999977732502e-06,2.222306502805733e-37,3.8437630890065813e-31,-1.5086820053478345e-62,3.547185184987548e-48,0.0,0.0,5.686742769701323e-25,1.8011747064460943e-18,2.30188557484085e-36,2.2512006456410997e-19,2.0043677822346927e-50,1.3668394179468487e-30,2.004367769847728e-50,-4.363811711647023e-62,2.1041439665860327e-44,1.3147990043879657e-30,1.0211645498307839e-22,4.682739430150158e-27,9.904618794322769e-42,4.712113719485575e-35,1.4387722722846138e-38,1.285538132613853e-32,2.110881429005897e-26,5.748734327094259e-47,-2.8606879375731103e-53
0.007732564892420054,1.0012728390660971e-10,0.00017699999986984494,5.319235501314487e-33,1.1260272701712222e-26,7.529212471067392e-38,3.7594542960663067e-29,4.517106747774058e-43,8.436339227793135e-34,-3.3103990820243125e-75,-6.67773309286073e-62,-1.4756889079238016e-70,6.68835566740889e-48,1.9739640577673066e-38,5.770530118520147e-56,4.067583219164902e-43,3.373812321220213e-43,1.285844691561373e-89,-7.493044558400932e-74,3.3943868641492886e-68,-5.77150874646131e-80,-4.068106912771146e-90,-5.331975689454619e-76,1.1218011156724182e-20,3.76231006530267e-16,6.115375435648421e-23,2.494753591614201e-15,-1.1741312881674312e-60,-9.356815892223178e-60,2.9539459977022705e-28,1.2167273894750904e-19,-2.3997437565780565e-80,-2.3372783157731152e-79,-5.0651491902858533e-57,-4.9010837446196155e-52,-9.356818724452299e-60,5.969335610528783e-54,1.9817466352081767e-37,5.2901350440462954e-36,1.3513129361572366e-30,1.7040068472577614e-17,3.389793339199415e-08,8.967304538009822e-26,2.2602509581074984e-21,1.6247171530403585e-24,3.5445807658443955e-20,2.0466365416915077e-40,2.2814940016923207e-36,5.332159320368126e-29,0.00018234033474425406,0.49999999446975396,7.465953751303225e-09,0.2499999917156177,7.314789440357143e-09,8.188958655599341e-17,7.375077339636826e-38,9.232381743374026e-37,1.321337297453278e-28,1.0365887055714727e-40,5.7109951372281e-48,1.6235522442131906e-38,2.0705727076731222e-45,5.933597475140031e-48,2.6232377990930834e-27,7.198506200484638e-20,7.874819457180839e-27,2.21924404909054e-18,0.0,2.9025945863803414e-47,1.740767490737141e-60,4.637903750568272e-13,9.111988538513043e-25,3.7203204749864396e-28,-3.07916077872615e-72,4.972626822382871e-23,2.066509076153798e-12,6.34033026075842e-30,4.204483651859774e-24,7.689750889134009e-29,1.6574515028515092e-31,7.700948097258401e-23,2.482876984831021e-43,-8.5698076895618e-61,1.7066296361337748e-41,5.687252395446576e-32,0.09999999990505243,1.5850520906644254e-09,1.1594029807321392e-14,1.7693508501598564e-32,2.9385157872184703e-55,-1.8656133590391517e-41,3.1423643630347857e-29,3.2825191843650443e-41,8.102890796089284e-25,-1.1994396181855561e-59,8.106882610501281e-24,2.7086623997902395e-23,1.1740226908310276e-53,4.651672859894358e-37,5.353073310820254e-40,2.255991962074963e-06,8.037925037376216e-12,6.179999593094477e-05,4.068862206938287e-12,4.389829480046716e-34,1.2604859451243574e-24,3.416606643328597e-29,2.848750541592527e-63,4.078748858612448e-27,1.9300152425648886e-16,5.0443977390444805e-33,4.3143082017882124e-21,-2.827642229225839e-78,1.2134269320950752e-36,1.2067702040818518e-26,1.2679231086601658e-35,2.5254959841931986e-26,1.2391900723547889e-23,3.9033754323737126e-52,4.072344668656054e-33,1.3210690548357195e-26,0.0003339999435013237,5.649584810505152e-11,9.994104221781858e-22,5.342798742727504e-23,1.175929727627618e-55,1.1290565196703855e-33,7.573712945036379e-41,1.5646059772765752e-50,7.684474367083467e-42,-3.1777976425120566e-55,5.638613048068821e-17,2.7716619925369003e-15,1.4947435203988262e-15,3.5099999985030377e-06,7.729733712645946e-43,1.4521110309610442e-36,3.217074439627121e-15,1.7799999967799953e-06,4.6503115363595475e-37,1.1513873233053916e-30,-3.1791980269804e-62,1.0783827033082358e-47,0.0,0.0,1.1892051985072426e-24,2.6045378348342334e-18,6.960842811058876e-36,3.255413341232585e-19,9.950327963202209e-50,2.8581925821391994e-30,9.950327987140024e-50,-9.175945742552192e-62,6.362751062665448e-44,2.7577681837606137e-30,1.4768401079458737e-22,9.792416363412828e-27,3.002893050245011e-41,1.42492710265097e-34,4.3508347078589213e-38,3.885832503224506e-32,4.414177861540751e-26,2.85113196786037e-46,5.573101770546991e-53
0.011181939670698044,1.0018406340659186e-10,0.00017699999981178472,7.823005376777855e-33,1.639671996627952e-26,1.6011235798390264e-37,7.864938092738652e-29,2.2818391919501067e-42,2.5592870243595382e-33,9.787311280209158e-75,7.475597994082797e-62,2.0198945884336464e-70,2.785750333168863e-47,5.973337270494907e-38,1.4392646815543933e-54,2.0584162201633168e-42,1.0212426975207181e-42,3.915588265837529e-89,8.0008268669606475e-75,1.2177459143693308e-66,2.1895065716792897e-79,1.5313530394767307e-89,7.285606337018956e-76,2.338063013906837e-20,5.440392390652002e-16,8.86990740123722e-23,3.6075261351559834e-15,1.3145506113475632e-60,5.7370199035724175e-59,8.93274958078493e-28,2.54431640121774e-19,1.8062626798408788e-79,6.753179320016047e-79,1.4995368692859592e-56,2.3975624382141037e-51,5.737014572223163e-59,1.858838009924394e-52,9.979459442135934e-37,2.6637456167737313e-35,4.0862576758634485e-30,3.113539966909481e-17,3.389701155153785e-08,1.8660504886129624e-25,3.268752775128064e-21,3.395646296597823e-24,5.125952805095592e-20,6.92598664484823e-40,4.9418709210385716e-36,8.07586426584169e-29,0.0001823476660215248,0.4999999920029717,1.0796628719365607e-08,0.24999998801996937,1.057726226858478e-08,1.7123982638798053e-16,3.7137235958994653e-37,4.6489307031765246e-36,3.9956171516390043e-28,5.219536275091341e-40,1.4384709591401477e-46,8.175461529478439e-38,1.049795945007183e-44,1.4938018594260512e-46,5.544495903382978e-27,2.1767266417275374e-19,1.6467434465796376e-26,3.209185696239746e-18,0.0,1.4616018799807711e-46,4.382651202907638e-59,9.698265096163695e-13,4.588039136842004e-24,7.779714041488496e-28,3.7651010038684813e-72,1.5037222514278632e-22,2.988246086782587e-12,1.9156224483215768e-29,8.792006233701902e-24,2.325309583303906e-28,3.859118019523005e-31,1.6103723204874452e-22,1.2502083933900672e-42,3.679748696625733e-60,5.193402637489385e-41,1.1964864881876937e-31,0.09999999919797314,2.2921187245336237e-09,2.424340964115611e-14,3.729088096618317e-32,1.4895851663827664e-54,1.6747227449045808e-40,1.5822396130937365e-28,8.260750266293575e-40,1.6944608270620758e-24,1.074589772864201e-58,1.695303922048412e-23,5.66416902636634e-23,2.957138664443827e-52,1.4066538745320244e-36,1.3469939211183783e-38,2.2559883764916373e-06,1.1623508362832779e-11,6.179999411573619e-05,5.883860187390494e-12,2.639962044456772e-33,3.811410570688404e-24,1.7202201679799268e-28,9.485948188936264e-62,2.0539251239920445e-26,4.0358393714808074e-16,1.2703776627529628e-31,1.304598425780174e-20,-2.9304920111919203e-78,3.0550919221486435e-35,6.076389518989412e-26,3.191018025850367e-34,5.281189499657583e-26,3.747168878996931e-23,5.929090450407383e-51,1.2314888937457953e-32,2.762555258909903e-26,0.00033399991829904,8.169508234118869e-11,1.4452776775127228e-21,1.615599290598855e-22,2.960462343275232e-54,3.414200415151066e-33,2.562994590035388e-40,8.056421755832136e-50,2.337054101138549e-41,1.5512681739234216e-54,8.153881366836126e-17,5.7957885168206e-15,2.1615397422708636e-15,3.5099999978352517e-06,3.8582106500997375e-42,4.391149348309025e-36,4.652028827695305e-15,1.779999995343734e-06,9.733966789120784e-37,3.4589094401530514e-30,1.3557718135456315e-61,3.309340057438875e-47,0.0,0.0,2.486867931847674e-24,3.7661459143126345e-18,2.104932061911003e-35,4.707576030227693e-19,5.010529237891367e-49,5.976674655661909e-30,5.010529298154762e-49,3.9385865152903994e-61,1.924006473554487e-43,5.792075905752123e-30,2.135949209558528e-22,2.047769024480281e-26,9.120579920766883e-41,4.308904240519562e-34,1.3156881882295542e-37,1.1747241228203434e-31,9.230714175641892e-26,1.4348192516287882e-45,1.3965122850384415e-51
0.016170025927839105,1.0026617152195373e-10,0.00017699999972782456,1.1704876960806657e-32,2.4046039055461442e-26,3.453162259659707e-37,1.645734585400941e-28,1.0077393873294886e-41,7.767543971402667e-33,6.368583859352386e-74,1.1948615356452869e-60,2.8779426608095224e-69,1.1415380237399174e-46,1.8078415788611677e-37,9.308534162856588e-54,9.099619859735824e-42,3.091756890067e-42,9.514984430913973e-89,4.2263608287838514e-73,8.026838812343941e-66,2.200292467112787e-78,1.3819810212704553e-88,1.037780721713397e-74,4.878080022743445e-20,7.866795600934101e-16,1.2904721817690513e-22,5.216582469524573e-15,2.101027549415942e-59,5.1465720927160204e-58,2.7012703192628013e-27,5.320406278218383e-19,-3.203881929177283e-79,4.423673697566899e-78,1.5178354706603663e-55,2.2882726539490905e-50,5.146568941214527e-58,1.2169924239189032e-51,4.398965245333451e-36,1.1741322053218649e-34,1.2356457410049681e-29,5.860536282631856e-17,3.3895678537009794e-08,3.8894125151822707e-25,4.727392704189277e-21,7.09871013361919e-24,7.412957857614628e-20,2.3505552176988994e-39,1.0855695039621585e-35,1.2777293762161222e-28,0.00018235826766339056,0.4999999884359855,1.561331729493725e-08,0.2499999826756237,1.5294484604753542e-08,3.580766098452778e-16,1.6369815695875624e-36,2.049203699433501e-35,1.2082380484170332e-27,2.3006780796848397e-39,9.310726964481544e-46,3.603696897958998e-37,4.645894553320317e-44,9.668497315140854e-46,1.1831061807153075e-26,6.582071633036682e-19,3.4435823775372307e-26,4.6406940990458594e-18,0.0,6.442629192467316e-46,2.8366402354518762e-58,2.0279617448821956e-12,2.022294108045454e-23,1.6268413139397173e-27,5.717992660058893e-71,4.547267116677411e-22,4.321046307783818e-12,5.789231180259032e-29,1.8384762837006728e-23,7.031492437329797e-28,9.268809185763264e-31,3.367488712160738e-22,5.510707697272989e-42,3.640779822513223e-59,1.5831249590139044e-40,2.5250050155984503e-31,0.09999999817546884,3.314596579190122e-09,5.0692132419204684e-14,7.912940894517834e-32,6.591056296546292e-54,1.4069485561796434e-39,6.974137226930901e-28,5.346541149987632e-39,3.543439672089253e-24,9.029435764386684e-58,3.54522795991775e-23,1.1844468836818353e-22,1.9140573476580785e-51,4.253681278346644e-36,8.717967023797456e-38,2.2559831914448445e-06,1.680855515563955e-11,6.17999914907182e-05,8.508437802340914e-12,1.2795655495718044e-32,1.1524813062887024e-23,7.582094638465201e-28,6.242608408667534e-61,9.053728184551046e-26,8.439189858683907e-16,8.222617562411814e-31,3.944939469684727e-20,-6.528835393134995e-77,1.97739331197432e-34,2.6783476823010107e-25,2.065305817248304e-33,1.1043733356345933e-25,1.133095117854416e-22,3.388516643452505e-50,3.7240648623364015e-32,5.776910976614285e-26,0.00033399988185537813,1.181323838344045e-10,2.090089544924375e-21,4.885361308830521e-22,1.9161329097475108e-53,1.0324315380513853e-32,8.69830393763104e-40,3.596961128003073e-49,7.114222945180677e-41,1.481392015966942e-53,1.1791140892400558e-16,1.2119317304645278e-14,3.1257993530522217e-15,3.50999999686956e-06,1.6935898872478292e-41,1.327872119414058e-35,6.726950080956096e-15,1.779999993266923e-06,2.03837888723791e-36,1.041199147483075e-29,1.343305203522269e-60,1.0196044939756549e-46,0.0,0.0,5.2005893394574735e-24,5.445672578677874e-18,6.365223980628318e-35,6.807497498408566e-19,2.2086133306488674e-48,1.2497388207060101e-29,2.2086133696537502e-48,3.8971911359519195e-60,5.817887786355931e-43,1.2188190790729848e-29,3.0894191245621126e-22,4.2822678813822456e-26,2.7718638076815314e-40,1.3029870175723047e-33,3.978627865607028e-37,3.5516072252962743e-31,1.9302787752063904e-25,6.322742908521944e-45,9.035429328551259e-51
0.023383218494029506,1.0038490714272712e-10,0.00017699999960641086,1.8104883325823886e-32,3.576898427302983e-26,7.681079719472898e-37,3.4449406624262613e-28,4.447788111917985e-41,2.361413755308926e-32,2.8431723838394697e-72,2.2683266440273298e-59,5.4107658688671725e-68,5.438570558923392e-46,5.47530600049753e-37,6.087224599563458e-53,4.0215751743472863e-41,9.365812510844194e-42,2.7045007653177937e-87,2.750009715338509e-71,5.5837107187411845e-65,2.485363386357074e-77,2.7031725482214855e-87,1.955986972250771e-73,1.018497401970942e-19,1.137506645147406e-15,1.889279957160814e-22,7.543190821793218e-15,3.9883627450245354e-58,5.439199638928687e-57,8.168680577725223e-27,1.1125318958559833e-18,6.8823828090698214e-77,1.974477380202016e-76,2.717771628099593e-54,2.3554630989632465e-49,5.439194634357078e-57,8.273783026573425e-51,1.9355610924324083e-35,5.165875702209907e-34,3.736427794486691e-29,1.1315097887669863e-16,3.389375097856779e-08,8.116218102258912e-25,6.837255323803012e-21,1.4843316392956822e-23,1.0720594427265175e-19,8.246280929074402e-39,2.430820687110814e-35,2.1789390929726704e-28,0.00018237359852539794,0.49999998327821765,2.2579181769250796e-08,0.24999997494698423,2.211475579435186e-08,7.487554622961012e-16,7.202544544330983e-36,9.016209711859231e-35,3.653555611702156e-27,1.0122373166594881e-38,6.09191035229157e-45,1.585598080638562e-36,2.0565528772802765e-43,6.325604981920757e-45,2.582215042122662e-26,1.990267414009258e-18,7.201017143886638e-26,6.710711870534593e-18,0.0,2.834686484828672e-45,1.8558588120395598e-57,4.240488640906899e-12,8.897346516576282e-23,3.4019212848678316e-27,1.0639504238458205e-69,1.3751033271884225e-21,6.248159524398431e-12,1.74986919433796e-28,3.844328123006287e-23,2.1262188567821388e-27,2.3065331603780745e-30,7.041784774702018e-22,2.424573857106832e-41,3.769126234769974e-58,4.868834307515298e-40,5.3566418222488905e-31,0.09999999669682451,4.793185595292015e-09,1.0599111315069713e-13,1.7049596171322144e-31,2.926667037893611e-53,1.42066247713207e-38,3.0683737120643052e-27,3.4977890502402617e-38,7.41005426028305e-24,9.122017912469478e-57,7.413870260036891e-23,2.476805867679773e-22,1.2523486189428324e-50,1.2862970979952854e-35,5.703343420384171e-37,2.255975693448515e-06,2.4306551484984172e-11,6.179998769456739e-05,1.2303667810678221e-11,6.484403922467964e-32,3.4847647141088414e-23,3.3357686659819155e-27,4.2707410010131507e-60,3.983666672045432e-25,1.7646501035502925e-15,5.3797782324983114e-30,1.1928782015142942e-19,1.2423663782988304e-75,1.293726814099883e-33,1.1783911405683417e-24,1.3511419044590194e-32,2.3093980827562573e-25,3.4262698068729903e-22,5.125443403887399e-49,1.126177064086501e-31,1.2080343608904644e-25,0.0003339998291567863,1.7081769943099523e-10,3.02264693588073e-21,1.4772444565769516e-21,1.2536409813272004e-52,3.121977095244585e-32,3.051546227310016e-39,1.6210329367532763e-48,2.1738403436683454e-40,1.5255813908502003e-52,1.705086139449227e-16,2.5341608920120266e-14,4.520233683771447e-15,3.5099999954730556e-06,7.430599227329246e-41,4.015439590390431e-35,9.727160656195013e-15,1.7799999902639804e-06,4.2712056934767366e-36,3.1386649409403786e-29,1.3956696422939786e-59,3.2071972498771973e-46,0.0,0.0,1.0875721125351491e-23,7.873873446682681e-18,1.924806169468024e-34,9.844102116787122e-19,9.717727301647245e-48,2.6131638432606463e-29,9.717727556832133e-48,4.035255643553679e-59,1.7591963440781794e-42,2.5717410331160187e-29,4.468933333236804e-22,8.955075317591529e-26,8.442605148130821e-40,3.940124817173946e-33,1.2031326078752347e-36,1.0738347322458883e-30,4.03648826146896e-25,2.7813428513320196e-44,5.909670770106087e-50
0.0338141020663529,1.005566096284538e-10,0.00017699999943083576,2.9733441312864356e-32,5.470326709811091e-26,1.806628114822928e-36,7.215493011345227e-28,1.953499978625456e-40,7.195537197586716e-32,5.393080958783813e-71,3.0057783860847052e-58,7.168767030564158e-67,2.870965711105991e-45,1.6603266675325797e-36,3.848548995513848e-52,1.7693375743898352e-40,2.839767532836641e-41,6.549149349950244e-86,5.334379972620727e-70,3.8844604880717344e-64,2.524450372422693e-76,3.8679260531051645e-86,2.5966015764858267e-72,2.1276369196202673e-19,1.6447250050891002e-15,2.801086418043076e-22,1.0907196992861635e-14,5.284826670023218e-57,5.210808840738113e-56,2.470228495172874e-26,2.3263307353296363e-18,1.887109713532085e-75,3.745425148541047e-75,3.580470931188351e-53,2.1539789807852865e-48,5.21080213856914e-56,5.574771852152048e-50,8.464437867948748e-35,2.25889030963785e-33,1.1298258118414556e-28,2.2302871382955784e-16,3.3890963760792255e-08,1.695154219268397e-24,9.889436627312124e-21,3.104359965918749e-23,1.5504624013914282e-19,2.993171678600337e-38,5.583601092888828e-35,4.150361936113906e-28,0.0001823957682329182,0.49999997582047584,3.265351069778465e-08,0.24999996377016523,3.197487179569552e-08,1.56564664736339e-15,3.1496178761172235e-35,3.942679150368099e-34,1.1047689805624757e-26,4.4262194119737173e-38,3.852755550343444e-44,6.933758201469225e-36,9.067074526619377e-43,4.0002535304339664e-44,5.893795595596508e-26,6.01792347808031e-18,1.5058285554845043e-25,9.703998239124893e-18,0.0,1.2395857662164577e-44,1.1736201881407253e-56,8.866622621427144e-12,3.890424846355839e-22,7.113768453159468e-27,1.4048450117011446e-68,4.158365766458623e-21,9.034450528224789e-12,5.289778531614677e-28,8.038441117959487e-23,6.429242014737436e-27,5.96151679854261e-30,1.4724977547126454e-21,1.0602007334494946e-40,3.4509899146435475e-57,1.521600717474379e-39,1.1462629837312796e-30,0.09999999455854477,6.931349717038552e-09,2.216013301370393e-13,3.783208316071662e-31,1.3017427133640051e-52,1.295485316776007e-37,1.3416737606933927e-26,2.211829553576836e-37,1.5496079187598136e-23,8.323377556925402e-56,1.5504290412508243e-22,5.179214064307524e-22,7.920328658589472e-50,3.889696975511281e-35,3.606448924103728e-36,2.2559648507518445e-06,3.5149248155268485e-11,6.179998220469206e-05,1.779161773170709e-11,3.3628810705947447e-31,1.0536576782105248e-22,1.458560668104335e-26,2.8798621608730455e-59,1.7421006351878267e-24,3.689804771150815e-15,3.4022201175576845e-29,3.606959101220277e-19,5.1857508668901404e-74,8.18155941455864e-33,5.152697109321286e-24,8.543839551622729e-32,4.829252642229742e-25,1.036014573725597e-21,6.609182914008396e-48,3.405648645223347e-31,2.526162744286449e-25,0.0003339997529543908,2.469923685518129e-10,4.37142330846025e-21,4.466812950454154e-21,7.928039959503187e-52,9.440455092376133e-32,1.1076201561486137e-38,7.360613594307843e-48,6.681114695121033e-40,1.395443142411778e-51,2.4656729119892325e-16,5.2987854330648226e-14,6.536773717040618e-15,3.509999993453522e-06,3.2432607575735998e-40,1.2142504962828437e-34,1.4065089987773619e-14,1.7799999859221014e-06,8.957905886790902e-36,9.4708513890593e-29,1.28253774606434e-58,1.0458517634755807e-45,0.0,0.0,2.2744256842762084e-23,1.1384135609264122e-17,5.820457931761978e-34,1.4235165480166375e-18,4.249526152795455e-47,5.46381875825291e-29,4.249526314168476e-47,3.6952632881378896e-58,5.3192420198106194e-42,5.44747135113484e-29,6.465324814543669e-22,1.8727005520623955e-25,2.579140104954823e-39,1.1914484459519461e-32,3.638257595444081e-36,3.2468651579862484e-30,8.440842626146822e-25,1.2160584441132066e-43,3.73640500548628e-49
0.048898037660883895,1.0080490751484853e-10,0.0001769999991769381,5.373022561798021e-32,8.803949574336208e-26,4.660161233791971e-36,1.5128824535059751e-27,8.596622305016524e-40,2.200240013574466e-31,1.0235372208747256e-69,3.9602646061944064e-57,9.450599775703004e-66,1.650151850841608e-44,5.0472820004576586e-36,2.4321824409920937e-51,7.805040482980512e-40,8.623720192034581e-41,1.7596368230797522e-84,1.024708345051111e-68,2.9191907524075447e-63,2.7728206208449335e-75,5.926304573189027e-85,3.4344536876355863e-71,4.446317507711167e-19,2.377981475852162e-15,4.257319495924473e-22,1.5770860067242003e-14,6.962685368311668e-56,5.241615787574138e-55,7.470064338122495e-26,4.864272368910419e-18,5.199550989114539e-74,7.108981298178483e-74,4.7150655870509895e-52,1.9660400389561005e-47,5.24160629847031e-55,4.0009141572316805e-49,3.701226543386093e-34,9.876086198908158e-33,3.416291234637071e-28,4.467643274030658e-16,3.388693361488273e-08,3.543061622989392e-24,1.4305535151683716e-20,6.49396926107697e-23,2.242463230794435e-19,1.1290548299113976e-37,1.326299652206228e-34,9.019548363827501e-28,0.00018242782747648794,0.49999996503767746,4.722414322519659e-08,0.24999994760638236,4.622805650634399e-08,3.273652696002577e-15,1.3771381770550174e-34,1.7238704083220057e-33,3.3405355346085037e-26,1.935182353131373e-37,2.435326653243666e-43,3.0317517585400474e-35,4.011163618101288e-42,2.528288245138515e-43,1.4637424729648007e-25,1.8195400693306647e-17,3.1488703199363756e-25,1.4032262964004684e-17,0.0,5.419955253471582e-44,7.417619623452155e-56,1.8538754529002303e-11,1.700848297525151e-21,1.4875445424115583e-26,1.854832223700592e-67,1.2575159508063647e-20,1.306266468767453e-11,1.5991748192479365e-27,1.6807660573995317e-22,1.9440109311468342e-26,1.601687755094251e-29,3.079071199898464e-21,4.6353230516993424e-40,3.1514508400600323e-56,4.90922265669354e-39,2.489163377506554e-30,0.09999999146633792,1.0023314906891185e-08,4.632737585619505e-13,8.861921224032979e-31,5.889560441212203e-52,1.1823111208811215e-36,5.865682849775826e-26,1.3978199761336223e-36,3.240620493179065e-23,7.603903673038127e-55,3.2424076932340393e-22,1.0830018006297932e-21,5.006437871511949e-49,1.1762170459141554e-34,2.2791252028955e-35,2.2559491713774582e-06,5.082862254219865e-11,6.179997426519776e-05,2.572708624046292e-11,1.809243319316623e-30,3.185694637813857e-22,6.376542380714954e-26,2.0304851660674967e-58,7.617622407317556e-24,7.71488180393841e-15,2.150399861385552e-28,1.0906125074933873e-18,2.0531238594352698e-72,5.171146325658546e-32,2.2527635575973496e-23,5.39937939625899e-31,1.009854279640841e-24,3.132520696700287e-21,8.675451962406316e-47,1.0299082710686787e-30,5.282519273725175e-25,0.0003339996427681021,3.571207333379784e-10,6.322327275078737e-21,1.35060299789524e-20,5.0109108574217275e-51,2.854620311945817e-31,4.178026929263547e-38,3.431833760577143e-47,2.0741152633552762e-39,1.2739410876606417e-50,3.565518370948623e-16,1.1078945187863697e-13,9.453008014296742e-15,3.5099999905329582e-06,1.416339836482806e-39,3.671816941411342e-34,2.0336788581222024e-14,1.7799999796446939e-06,1.8811594380766191e-35,2.859827526480794e-28,1.1775035695466207e-57,3.6447472828122426e-45,0.0,0.0,4.756607043448175e-23,1.6457927553730226e-17,1.7600402410406982e-33,2.0584756467640923e-18,1.858085786875926e-46,1.14235288898419e-28,1.8580858888655752e-46,3.3753134708953677e-57,1.6082924266803124e-41,1.160190112483792e-28,9.355405887860194e-22,3.91627118600608e-25,7.913406223402983e-39,3.602746060325692e-32,1.1002035649052501e-35,9.817430103249061e-30,1.765085228556499e-24,5.316319860538646e-43,2.3610610552574252e-48
0.07071067811865467,1.0116397058715798e-10,0.00017699999880977797,1.102201187559759e-31,1.5417863253715658e-25,1.3655149525671382e-35,3.1780238893833192e-27,3.795474730030369e-39,6.762640385251522e-31,1.9712986356278084e-68,5.255286636941489e-56,1.2546076065858944e-64,1.0012281134502322e-43,1.5419218061980769e-35,1.5390186883174735e-50,3.4580045985666525e-39,2.6257897289984436e-40,4.9227976683304265e-83,2.0038820253781382e-67,2.467406644158605e-62,3.4537108476937883e-74,1.0236249359778283e-83,4.585242325368015e-70,9.29458450374641e-19,3.437863887043649e-15,6.777316618017313e-22,2.2802091841806583e-14,9.23884904061937e-55,5.818831369207864e-54,2.2589907627347386e-25,1.0170589914929248e-17,1.4756597759730197e-72,1.369271124924602e-72,6.257153993488603e-51,1.800177820148341e-46,5.818816673856908e-54,3.224188853565043e-48,1.6188402078199534e-33,4.318763269856448e-32,1.0329554583335472e-27,9.05953148361597e-16,3.388110653273358e-08,7.410247072211009e-24,2.0696573588518417e-20,1.358832990712034e-22,3.2435513289128897e-19,4.4295143039116955e-37,3.2920918182569433e-34,2.2159952771119945e-27,0.00018247418780026534,0.499999949448447,6.82993220368012e-08,0.2499999242297633,6.68281308547081e-08,6.8446289212778114e-15,6.022757942606553e-34,7.538989215276838e-33,1.0100539756766335e-25,8.462438209849289e-37,1.5411684702079935e-42,1.3259257382066784e-34,1.783832826904958e-41,1.5997482540663414e-42,4.16959517272102e-25,5.501070308138371e-17,6.584616666798944e-25,2.029071395623292e-17,0.0,2.370351881142461e-43,4.693446014370512e-55,3.87591263345679e-11,7.437198887765707e-21,3.1105178336554705e-26,2.4787560264715767e-66,3.8028497949911424e-20,1.8885716646311886e-11,4.834639586578096e-27,3.51414464614441e-22,5.877856098860866e-26,4.470557707331404e-29,6.438355921776501e-21,2.0270187495060156e-39,2.886663485923911e-55,1.6781334390676082e-38,5.541729766034848e-30,0.09999998699459109,1.4494556616569483e-08,9.683864667837413e-13,2.2684122415406165e-30,2.756062818876355e-51,1.0829470459636268e-35,2.564879053931836e-25,8.843391073600902e-36,6.777086669607477e-23,6.97577688536484e-54,6.781036584004188e-22,2.2645657298973495e-21,3.1682647944820497e-48,3.5567647053893117e-34,1.4418480773947387e-34,2.2559264978446673e-06,7.35021553320488e-11,6.179996278261501e-05,3.7201251878991855e-11,1.0078898831608002e-29,9.631118538261026e-22,2.7881769395686086e-25,1.5402238187625652e-57,3.3317765780885883e-23,1.6129757847975452e-14,1.3607236772782556e-27,3.2974387003462033e-18,8.405179401963848e-71,3.272117146127886e-31,9.850935505183733e-23,3.415847915416428e-30,2.1117118853494007e-24,9.471058260406657e-21,1.1508213442779579e-45,3.1146215702725842e-30,1.1046318744708136e-24,0.0003339994834478284,5.163199723099151e-10,9.144460077260388e-21,4.0835243745167086e-20,3.170733967480306e-50,8.631622980809925e-31,1.6391119982681496e-37,1.6747594881902247e-46,6.550455752387255e-39,1.1666651801482757e-49,5.155932373180014e-16,2.3162822219868124e-13,1.3670437069459052e-14,3.509999986309269e-06,6.18954000552794e-39,1.1103251617513302e-33,2.94034490732115e-14,1.7799999705697823e-06,3.957818348974088e-35,8.63996498345634e-28,1.087200723864386e-56,1.410525851226278e-44,0.0,0.0,9.94809460639224e-23,2.379016175097259e-17,5.322077633570971e-33,2.9766263494573395e-18,8.126279713562505e-46,2.388180809841263e-28,8.12628035886125e-46,3.092775433551665e-56,4.862403913713871e-41,2.4897796144426185e-28,1.3541249986979717e-21,8.190018151835735e-25,2.442939885700997e-38,1.0893867110295009e-31,3.326995008942847e-35,2.9684629526608097e-29,3.690985605940456e-24,2.3246961031944534e-42,1.4936304941224357e-47
0.1022535921518125,1.0168321318364184e-10,0.00017699999827882793,2.5830999850306703e-31,3.0388978846479084e-25,4.601849459033998e-35,6.698859837801335e-27,1.6830771071188946e-38,2.094456636117661e-30,3.7773600047218916e-67,6.955651909737081e-55,1.6608077514246679e-63,6.268182045643277e-43,4.7566016564835866e-35,9.735786461256128e-50,1.5411894106954846e-38,8.032540853236561e-40,1.3718332601307736e-81,3.9231321434009406e-66,2.383438252598819e-61,4.9314097574256874e-73,2.017570995704196e-82,6.127824497696654e-69,1.943410206191189e-18,4.969564643897155e-15,1.1669343055108226e-21,3.296559140266831e-14,1.2226849836110173e-53,7.471195180145044e-53,6.8313846311247725e-25,2.1264154870370826e-17,4.1773083935927675e-71,2.6238864250598707e-71,8.281515060160318e-50,1.6461354361819098e-45,7.471169333819299e-53,3.059020560144835e-47,7.080069792627525e-33,1.8883040470298283e-31,3.1230879705735538e-27,1.853794956371064e-15,3.3872681854572906e-08,1.5508871318910293e-23,2.99489714091189e-20,2.844306352174817e-22,4.692037161848422e-19,1.805726173461303e-36,8.662488170059205e-34,5.959891623885481e-27,0.00018254122864509064,0.4999999269126382,9.878587245334005e-08,0.24999989042012954,9.659410354661616e-08,1.4309882020013995e-14,2.6337258947982604e-33,3.2966643006204163e-32,3.053864570944905e-25,3.7000468843756057e-36,9.749608091234961e-42,5.79836361648038e-34,7.987684103997782e-41,1.0117915088273117e-41,1.4179811918248983e-24,1.6629927282218395e-16,1.3768959327378665e-24,2.933973930068419e-17,0.0,1.0365419352642302e-42,2.9685684051557355e-54,8.102622667116098e-11,3.251453301191999e-20,6.504059564269821e-26,3.321599037440067e-65,1.150036756279072e-19,2.7301981635112498e-11,1.4615933086930544e-26,7.346807050477662e-22,1.7771014928718398e-25,1.2946785984804912e-28,1.3462198744325102e-20,8.862886760435618e-39,2.640667123522193e-54,6.292467468604678e-38,1.2858939644544328e-29,0.09999998052774418,2.0960348046846013e-08,2.0238632682192153e-12,6.557343287279711e-30,1.3691477624206672e-50,9.90787811602584e-35,1.121350852221845e-24,5.592100815938633e-35,1.4173273630743924e-22,6.396957999872753e-53,1.4182179056596527e-21,4.7350746258605295e-21,2.004278798691913e-47,1.0755162548270981e-33,9.117004566361708e-34,2.2558937103471714e-06,1.0628965282776621e-10,6.179994617489644e-05,5.379137353603689e-11,5.782068243386904e-29,2.9114040797534337e-21,1.2189267373649083e-24,1.2879510412326444e-56,1.4571583575125435e-22,3.3719949915518756e-14,8.606886434413708e-27,9.968958723677213e-18,3.386639980629299e-69,2.069629050933061e-30,4.306968412856386e-22,2.159911852602247e-29,4.415786254425093e-24,2.8633149175267645e-20,1.523273712271213e-44,9.419408204559885e-30,2.3098794504741664e-24,0.00033399925309570837,7.464191590509924e-10,1.3227512031996517e-20,1.2345539278849013e-19,2.005513960166363e-49,2.609878245245422e-30,6.681892631287303e-37,8.773253624150844e-46,2.1297651930599871e-38,1.067006676371367e-48,7.455695874116558e-16,4.8421983206185e-13,1.976984017160303e-14,3.5099999802008144e-06,2.705635605492013e-38,3.3574858039782375e-33,4.2508868336904294e-14,1.7799999574524412e-06,8.349347091122954e-35,2.6112578035599177e-27,1.0062572862344077e-55,6.247896706822806e-44,0.0,0.0,2.0806894529731281e-22,3.438295947219387e-17,1.6092737957871007e-32,4.3042374125319225e-18,3.553682667973042e-45,4.992068247353995e-28,3.553683076076773e-45,2.8306079301697248e-55,1.4699238558904951e-40,5.399057669470981e-28,1.9608005373497667e-21,1.7128055800920583e-24,7.605755664651073e-38,3.2939431416488184e-31,1.0060753806062837e-34,8.975512650815248e-29,7.71817186950307e-24,1.0164130451124254e-41,9.444482936252126e-47
0.14786730075483182,1.0243409668009967e-10,0.0001769999975110176,6.763193887230051e-31,6.835749023415296e-25,1.7512795471084116e-34,1.42115013629724e-26,7.513148835464161e-38,6.560712385436149e-30,7.224721846808057e-66,9.199675672603448e-54,2.196428300709034e-62,4.006869792263332e-42,1.4955549389396882e-34,6.159166530687187e-49,6.930618765556787e-38,2.478154013073409e-39,3.819550681967806e-80,7.742696363348718e-65,2.6048200372395143e-60,7.995959188829245e-72,4.5439625072068825e-81,8.238238871347097e-68,4.064402933139764e-18,7.182488595651687e-15,2.2508091345024415e-21,4.765397528297303e-14,1.6169058925313543e-52,1.1498829502535317e-51,2.065898741447602e-24,4.445412876941256e-17,1.1892647513912337e-69,5.018637214441153e-70,1.095094820658104e-48,1.5044866457299516e-44,1.1498775412244807e-51,3.482192763226181e-46,3.0965682286267927e-32,8.255438883831263e-31,9.441739079346037e-27,3.818424112579405e-15,3.3860502767698896e-08,3.2484031283372116e-23,4.335046464759636e-20,5.956605124558142e-22,6.788397580273728e-19,7.640618394410948e-36,2.4668180149049133e-33,1.6948606005013104e-26,0.00018263817517043257,0.4999998943396952,1.4289302365684214e-07,0.24999984151795082,1.3958917664255503e-07,2.99141819926701e-14,1.1516733595451571e-32,1.4414974022382296e-31,9.23254130504901e-25,1.6176165897581988e-35,6.167575806982141e-41,2.5355968374699563e-33,3.611133756298952e-40,6.398503951084933e-41,5.740400395852809e-24,5.026574848799714e-16,2.879150407416581e-24,4.2422836818869565e-17,0.0,4.5325648529446274e-42,1.8775380351912518e-53,1.693623366328302e-10,1.4212861886528194e-19,1.3599425157879942e-25,4.4792865001855505e-64,3.47795621397897e-19,3.9463499347192766e-11,4.418420315375058e-26,1.5357813178929089e-21,5.372377304152733e-25,3.8863136164341795e-28,2.81472794072711e-20,3.8748178631912484e-38,2.4145700001379284e-53,2.670374447172251e-37,3.183689619800081e-29,0.09999997117546167,3.031042579422587e-08,4.228633511154467e-12,2.1636329529007098e-29,7.480075076636712e-50,9.061470070095712e-34,4.901792647389747e-24,3.53541981269436e-34,2.964250715868992e-22,5.870307955873352e-52,2.9663093394211858e-21,9.900308024535059e-21,1.2678997356003525e-46,3.2521486609629425e-33,5.7634723485722583e-33,2.2558462975755527e-06,1.5370242444687903e-10,6.179992215260116e-05,7.777688477337074e-11,3.3991998009549383e-28,8.799542645958453e-21,5.328036143928275e-24,1.2075761300571298e-55,6.373031189906662e-22,7.048373223249641e-14,5.443589670270036e-26,3.0135254704264415e-17,1.3565053802529689e-67,1.308922610166686e-29,1.8828400367443856e-21,1.3654476115538958e-28,9.233831960407449e-24,8.655469255784718e-20,2.0145973603104696e-43,2.8487786011834895e-29,4.830079146333944e-24,0.0003339989200674156,1.0789188794922521e-09,1.9136152438695502e-20,3.731967829884523e-19,1.2683837496684842e-48,7.890861339320415e-30,2.8272794805685042e-36,5.073443341310211e-45,7.26363155632942e-38,9.753655128911537e-48,1.078114672460442e-15,1.0121223155779757e-12,2.8591440574930146e-14,3.509999971366124e-06,1.1830526120059827e-37,1.0152446807973451e-32,6.144842186089246e-14,1.7799999384956704e-06,1.7681630002386873e-34,7.894415344881094e-27,9.361174365251867e-55,3.1764788242764376e-43,0.0,0.0,4.352215120563851e-22,4.967966880875829e-17,4.8659133794209616e-32,6.223840111238185e-18,1.5540117433731167e-44,1.0433170872805455e-27,1.5540120014291182e-44,2.5900813988141423e-54,4.443013210749824e-40,1.1872912568698661e-27,2.8409601756930987e-21,3.582178978105296e-24,2.3954493377937855e-37,9.959311186813368e-31,3.0423405643035734e-34,2.713772265517395e-28,1.6139128760316403e-23,4.443649104393936e-41,5.970773380874833e-46
0.21382856261966862,1.0351996878002066e-10,0.0001769999964006744,1.915062385828511e-30,1.725546305995214e-24,7.286569615778548e-34,3.051876063835461e-26,3.38772647575149e-37,2.0901739578327957e-29,1.3843541547592447e-64,1.21823830394294e-52,2.9075379168532286e-61,2.607855469886357e-41,4.874557592251576e-34,3.8980066087200886e-48,3.158887987483221e-37,7.766945768309437e-39,1.069967199715304e-78,1.554372247604657e-63,3.1281270759588214e-59,1.4356192193704098e-70,1.1468283245122702e-79,1.1229498611461843e-66,8.50223244186625e-18,1.0378293339943082e-14,4.954763490707649e-21,6.887602806681576e-14,2.140676150660106e-51,2.1047052106934617e-50,6.2476683962997134e-24,9.29225457602006e-17,3.4439927553854036e-68,9.616332852032227e-69,1.4494794873349634e-47,1.3753321047579312e-43,2.10469160358306e-50,4.636901336908406e-45,1.3544639207331671e-31,3.6088946569720185e-30,2.8541010215790135e-26,7.90293631670722e-15,3.38428985316685e-08,6.810773709842274e-23,6.277551074158344e-20,1.248302245280043e-21,9.823513009220103e-19,3.3534599766715014e-35,7.818360267145696e-33,4.969988250511918e-26,0.00018277836763054664,0.49999984726933533,2.0671959885236778e-07,0.24999977077914287,2.0166128917052458e-07,6.252490274872178e-14,5.036097920223866e-32,6.303044013637077e-31,2.790897957012099e-24,7.071526932576661e-35,3.902792990107084e-40,1.1088381967234492e-32,1.6539478504829812e-39,4.047084047936465e-40,2.659221228511856e-23,1.519025972528324e-15,6.02028285419905e-24,6.133675364825019e-17,0.0,1.98201336183847e-41,1.1879850514776893e-52,3.539327365872609e-10,6.211873204091271e-19,2.843372570209763e-25,6.110213669646653e-63,1.0518422455597206e-18,5.70310394405803e-11,1.3355688932495457e-25,3.209891344594994e-21,1.6239188776386405e-24,1.2089553639501544e-27,5.8847370371281e-20,1.6939439062574665e-37,2.2086678193585336e-52,1.2921061740240974e-36,8.63710143219254e-29,0.0999999576498608,4.383142336648063e-08,8.831911724189855e-12,7.986796250444967e-29,4.6338186714615465e-49,8.29128395058072e-33,2.142444574266557e-23,2.2352387451391178e-33,6.199903983468039e-22,5.397764722445466e-51,6.204807673334671e-21,2.0698635539921758e-20,8.023153851993815e-46,9.833578442639845e-33,3.643493304031923e-32,2.2557777362002866e-06,2.2226379971312168e-10,6.179988740152705e-05,1.124510795474359e-10,2.0379510707914262e-27,2.659003144258586e-20,2.3285639443413318e-23,1.2651739574147603e-54,2.7875801206628673e-21,1.473018907034297e-13,3.443650045922712e-25,9.108156984139508e-17,5.460859168342393e-66,8.279842700300537e-29,8.230174863240942e-21,8.632148121810295e-28,1.930940613723504e-23,2.616020117101153e-19,2.6670384223285334e-42,8.616243822753182e-29,1.0099722278044174e-23,0.0003339984386481581,1.5592336361048196e-09,2.7689333522716186e-20,1.1279700627320156e-18,8.023500613335609e-48,2.3855822528654928e-29,1.240855710706858e-35,3.2950296038214363e-44,2.6654718037876094e-37,8.918292399581904e-47,1.5589727872706764e-15,2.1151233992261983e-12,4.135104016144525e-14,3.509999958587595e-06,5.174661833960356e-37,3.0698449850703433e-32,8.881156691534131e-14,1.779999911107672e-06,3.7651608683526596e-34,2.3873029919339623e-26,8.785482235403787e-54,1.8082781139039744e-42,0.0,0.0,9.104687595942857e-22,7.175539003123191e-17,1.4712215517140039e-31,8.999256042495494e-18,6.795846168637598e-44,2.1799176831840084e-27,6.795847800595065e-44,2.371624409701326e-53,1.3426786577233102e-39,2.6591783397323142e-27,4.11970668938108e-21,7.49220329943435e-24,7.661419934258817e-37,3.011011308620182e-30,9.19990979592886e-34,8.204740763215659e-28,3.3747132396953405e-23,1.9426071641369817e-40,3.774901152685561e-45
0.3092140991185264,1.0509029681808337e-10,0.00017699999479497267,5.7283606314202064e-30,4.722058172456176e-24,3.2295883095795265e-33,6.705285564131401e-26,1.55083007318786e-36,6.82876873099617e-29,2.647857799489765e-63,1.612246367732758e-51,3.8453848911799345e-60,1.7313223908768236e-40,1.6924118698281102e-33,2.467471179241076e-47,1.4689132923057067e-36,2.5072616384788955e-38,3.0004851400382767e-77,3.184851152343588e-62,4.003340449004577e-58,2.777186472106901e-69,3.137864470326556e-78,1.5662307996878303e-65,1.779071866452335e-17,1.4990783781898235e-14,1.2298719201871557e-20,9.952605877522171e-14,2.8321438678719743e-50,4.369578155154161e-49,1.8894670010724625e-23,1.9420059163510863e-16,1.0144168177067707e-66,1.8392662275368175e-67,1.9168325240882367e-46,1.2564008909239273e-42,4.3695387269068736e-49,6.88151513462122e-44,5.9249861364345545e-31,1.5773539419370306e-29,8.626085331359389e-26,1.6414079680081348e-14,3.381745751960019e-08,1.4299211533773005e-22,9.096025965471799e-20,2.618577684223249e-21,1.4220042244088437e-18,1.5267129672332053e-34,2.839292623271141e-32,1.4807035258391498e-25,0.00018298109693949758,0.49999977927021105,2.9910986022507895e-07,0.2499996684386638,2.912091289599421e-07,1.306575845031217e-13,2.2021047885678713e-31,2.7558345003619028e-30,8.435213552567346e-24,3.090882280046287e-34,2.4699198093247544e-39,4.84892406213866e-32,7.70555999004368e-39,2.5596904199008896e-39,1.3490209056743221e-22,4.589125599866595e-15,1.2587919194670326e-23,8.867669269888291e-17,0.0,8.666567296047565e-41,7.52125786993074e-52,7.394323217476451e-10,2.7142067300589074e-18,5.944481135737413e-25,8.458013812092827e-62,3.1812464641517297e-18,8.239540555435956e-11,4.036449659041033e-25,6.707340018941795e-21,4.90772845122143e-24,3.900329870938304e-27,1.2301967863629325e-19,7.404247939545816e-37,2.0194510190680557e-51,6.968916195655855e-36,2.616232576946265e-28,0.09999993808775981,6.338392006720573e-08,1.8436225529841667e-11,3.182793843223812e-28,3.2699867609055886e-48,7.584212875851916e-32,9.361590418176613e-23,1.4128145208275392e-32,1.29685395531008e-21,4.972360821132521e-50,1.2980626226340885e-20,4.3270626219504995e-20,5.0775158339484424e-45,2.9732750969323704e-32,2.3025449898685976e-31,2.2556785937813142e-06,3.2140621868606366e-10,6.179983712181162e-05,1.6257015466526118e-10,1.2400947557992184e-26,8.03220015872141e-20,1.0173729248326927e-22,1.446337014339222e-53,1.2193810320718154e-20,3.0775736136301267e-13,2.1784233374564524e-24,2.7522369144889436e-16,2.1861359350203445e-64,5.237320629680816e-28,3.596734434361875e-20,5.455361972464749e-27,4.0384087958233646e-23,7.904762985198181e-19,3.5278532049701997e-41,2.6062266578206767e-28,2.111790458666689e-23,0.0003339977428255795,2.252748691073595e-09,4.007633482300758e-20,3.40846428266011e-18,5.075255593830663e-47,7.211323244471002e-29,5.648912403063895e-35,2.389973790065431e-43,1.0799419421786265e-36,8.149439814325918e-46,2.2543233446793124e-15,4.418873889158306e-12,5.98083968796245e-14,3.50999994010287e-06,2.2640774226022063e-36,9.282105657505685e-32,1.2832867060915425e-13,1.779999871554723e-06,8.08063585150897e-34,7.221265918553823e-26,8.346190914701349e-53,1.116358467629372e-41,0.0,0.0,1.9049967932447776e-21,1.0358568617158011e-16,4.447968813015521e-31,1.3011712611466657e-17,2.971820072522823e-43,4.5530451127437386e-27,2.971821104408764e-43,2.1715852583385837e-52,4.05638339684068e-39,6.094866501110693e-27,5.981317666622641e-21,1.5671298883113444e-23,2.499445802730776e-36,9.102316588180265e-30,2.7819991891379345e-33,2.480397996418576e-27,7.056384811423064e-23,8.491070921914256e-40,2.3859616095293316e-44
0.44714961332713477,1.0736126048146529e-10,0.0001769999924728843,1.7974115171717516e-29,1.3560018909951193e-23,1.507286640220089e-32,1.5355243496432428e-25,7.264183943081447e-36,2.3147907451376867e-28,5.0626521795536925e-62,2.1341311332647838e-50,5.0847779214722495e-59,1.1803850900523934e-39,6.479624329871448e-33,1.562611519129669e-46,7.03709840334268e-36,8.546720566827557e-38,8.457661730058975e-76,6.741784177096183e-61,5.385659571796812e-57,5.7592853646406664e-68,9.212092073182435e-77,2.283414098285837e-64,3.724050653662477e-17,2.164224493655547e-14,3.329819755110664e-20,1.437674260078103e-13,3.747230768291317e-49,9.869519887840434e-48,5.714501910712613e-23,4.0575593428627327e-16,3.077184974901318e-65,3.516477254151099e-66,2.5343808324499103e-45,1.1471485233954252e-41,9.869393994649715e-48,1.0969780569066462e-42,2.5922006809149735e-30,6.892609948723879e-29,2.606469192213895e-25,3.418138510710336e-14,3.3780701514513955e-08,3.007775139616355e-22,1.3191432147935595e-19,5.5007039400965815e-21,2.0593365711111577e-18,7.216422072266816e-34,1.1985663561845995e-31,4.446966863903134e-25,0.00018327425892579252,0.49999968108076437,4.3290507005689874e-07,0.24999952034936565,4.202573664597075e-07,2.729479303754159e-13,9.628643439341357e-31,1.204816543923724e-29,2.5488603116430576e-23,1.3507753139628676e-33,1.5636018626127487e-38,2.1204140602971747e-31,3.6687887765433553e-38,1.6193907665964217e-38,7.269214945603625e-22,1.3858273900088081e-14,2.6318948077982267e-23,1.2818916510870956e-16,0.0,3.789392322963517e-40,4.771020521743265e-51,1.5441653171000827e-09,1.185502517733912e-17,1.2426427867276671e-24,1.198834087781468e-60,9.622167330001241e-18,1.1899134654838927e-10,1.219643721318711e-24,1.4010842526058332e-20,1.48278642103642e-23,1.3066839174526052e-26,2.5713412143875164e-19,3.235910483797939e-36,1.8462515987218417e-50,4.043701669690875e-35,8.845726907112162e-28,0.09999990979319369,9.165846799076609e-08,3.8454413684847485e-11,1.326305424304728e-27,2.566122322070084e-47,6.937637269096631e-31,4.08919405571583e-22,8.927700639700578e-32,2.7129913352732697e-21,4.594516623074575e-49,2.7160821355488066e-20,9.044509014959711e-20,3.214348243033381e-44,8.989446380441222e-32,1.4546541689225102e-30,2.2555352319787324e-06,4.647680212686535e-10,6.179976435737169e-05,2.3499905236886833e-10,7.63055941359357e-26,2.4251756707516807e-19,4.443235010925072e-22,1.756439459172765e-52,5.3346948218425085e-20,6.427412812399727e-13,1.3782232753544757e-23,8.31373312377865e-16,8.741623815323498e-63,3.313107615070702e-27,1.5713835786694978e-19,3.44664191977038e-26,8.449576218736231e-23,2.387745997114076e-18,4.666034140556123e-40,7.884184104068644e-28,4.4154316022512516e-23,0.00033399673733845443,3.2534164617894043e-09,5.80274372670699e-20,1.0296212063768495e-17,3.2106519476924007e-46,2.17953626793453e-28,2.66989092018647e-34,1.8910554014607436e-42,4.8989255748516925e-36,7.443753987473262e-45,3.2600645989863503e-15,9.22792806072793e-12,8.651162556960258e-14,3.509999913360067e-06,9.90997548180553e-36,2.806427710663759e-31,1.8536453529101238e-13,1.7799998144672184e-06,1.753511304951982e-33,2.1850147817592874e-25,8.081181466654066e-52,7.3185105041605e-41,0.0,0.0,3.9868595024827405e-21,1.494210674180075e-16,1.3446267766970652e-30,1.8811907558860468e-17,1.2995716454550706e-42,9.504512899979094e-27,1.2995722978634136e-42,1.989357516851208e-51,1.2249588925559769e-38,1.4363863578489945e-26,8.69927718011471e-21,3.278294952861623e-23,8.357177278303843e-36,2.751240386719379e-29,8.412536954016257e-33,7.497661033162547e-27,1.4754185808625218e-22,3.710682498007859e-39,1.5077128100450098e-43
0.646615976660124,1.1064555187675053e-10,0.000176999989114722,5.976094360892467e-29,3.99691957682508e-23,7.419039923243299e-32,3.769802896788464e-25,3.521627701041647e-35,8.266634410076788e-28,9.680195299292257e-61,2.8265610116091688e-49,6.72381815858736e-58,8.357176539206407e-39,2.8118855015008406e-32,9.902208066909557e-46,3.5202434544079093e-35,3.202851755818378e-37,2.40351530357442e-74,1.4965156716276488e-59,7.643191380970622e-56,1.3001188171996794e-66,2.929172133249564e-75,3.604607664437763e-63,7.799348845043288e-17,3.122209309975535e-14,9.505399227229447e-20,2.0757467172818987e-13,4.9598316148410856e-48,2.3586033827274167e-46,1.728393665000923e-22,8.474470314299365e-16,9.753770369134981e-64,6.723532758829342e-65,3.3509026417020543e-44,1.0467204964119994e-40,2.3585605144802646e-46,1.835573195012761e-41,1.1343352816547638e-29,3.010903699251593e-28,7.872970336165383e-25,7.13298715654094e-14,3.372761992150772e-08,6.343477774094287e-22,1.9154516632132861e-19,1.1578148916587047e-20,2.9841980930960235e-18,3.545601324477852e-33,5.805079518967635e-31,1.3410522698736757e-24,0.00018369819233673802,0.4999995393884208,6.267821611000137e-07,0.2499993059991281,6.059443953578695e-07,5.699379543238182e-13,4.2098957450040266e-30,5.266733293687067e-29,7.699242720207376e-23,5.902486304261143e-33,9.903378288582316e-38,9.27248917274265e-31,1.7936852331545547e-37,1.0257465314039518e-37,4.0859293583997764e-21,4.1823465206787024e-14,5.502378754242679e-23,1.852786077382993e-16,0.0,1.6567966980281092e-39,3.0429816817032907e-50,3.2227441690374092e-09,5.175269312579191e-17,2.597223655501137e-24,1.7630536003470286e-59,2.9106472519345594e-17,1.7173878155989372e-10,3.683998297931386e-24,2.9252758633002187e-20,4.478223073056951e-23,4.550622171077688e-26,5.373465401350336e-19,1.414050789023166e-35,1.6880728263300558e-49,2.4486789288760907e-34,3.275041079785737e-27,0.09999986886417171,1.3254582736324612e-07,8.011697526217903e-11,5.65871408483625e-27,2.1619743714097805e-46,6.347230369729652e-30,1.7852931207124005e-21,5.639720847362781e-31,5.676465023798203e-21,4.2641728567525826e-48,5.684670102607449e-20,1.8901291393542212e-19,2.035859010242932e-43,2.7176501762997438e-31,9.186052189321337e-30,2.25532793228583e-06,6.720677141701454e-10,6.179965901782712e-05,3.3963807794302387e-10,4.733927548108561e-25,7.317329235114301e-19,1.9394196501800583e-21,2.2170544216503726e-51,2.334353602635091e-19,1.3415749377068963e-12,8.721522599173297e-23,2.5101328485282485e-15,3.4964910291919495e-61,2.0962234787799372e-26,6.8624332029319405e-19,2.1766846294804513e-25,1.7702483304384552e-22,7.208960769387281e-18,6.172294836962277e-39,2.3854696991933447e-27,9.231464384088487e-23,0.0003339952848435981,4.695850819785177e-09,8.406678956050615e-20,3.108782069679873e-17,2.0314489463213698e-45,6.5858248423275245e-28,1.3115966877901893e-33,1.5869985817443518e-41,2.4710407318026865e-35,6.795897237227039e-44,4.715882119454183e-15,1.925891770781136e-11,1.2515252856577829e-13,3.5099998746619465e-06,4.339939020106079e-35,8.484538912670246e-31,2.6761542665398233e-13,1.779999732142057e-06,3.864382163621755e-33,6.614028080198098e-25,8.054007892977771e-51,5.0628619285163225e-40,0.0,0.0,8.346847957528251e-21,2.1529946603907493e-16,4.0642303236278076e-30,2.719495832774092e-17,5.683019112728248e-42,1.9825304865213435e-26,5.6830232372556855e-42,1.823882875655013e-50,3.696899006676109e-38,3.494643784773497e-26,1.2683591316521261e-20,6.858973367481156e-23,2.876682625468879e-35,8.314078656037108e-29,2.5438516331553165e-32,2.26596834145407e-26,3.084910255099843e-22,1.6211479172305496e-38,9.524483315454956e-43
0.9350611267692971,1.1539551338656647e-10,0.00017699998425806172,2.1579268534731045e-28,1.1941532886573189e-22,3.893260518911282e-31,1.0253251267336478e-24,1.7946303477995998e-34,3.1640607105856067e-27,1.8507074561174379e-59,3.746284919414355e-48,8.890679275537459e-57,6.239354393531888e-38,1.3851863462313204e-31,6.280587498155824e-45,1.8696918340219077e-34,1.3896548573625654e-36,6.904270362181626e-73,3.5427439310999804e-58,1.1667913833510515e-54,3.3088027775396318e-65,1.0391649113567467e-73,6.473423741443773e-62,1.634596069372682e-16,4.499482176530436e-14,2.7932436003001263e-19,2.994915355406578e-13,6.567569558691702e-47,5.863865485666499e-45,5.228083535098017e-22,1.7689635417664112e-15,3.2844997193648883e-62,1.2855703826672397e-63,4.430056522612376e-43,9.541499503542232e-40,5.863712963556479e-45,3.179229432226938e-40,4.9652812623787767e-29,1.3146345650280227e-27,2.3768582618034468e-24,1.4912220538734772e-13,3.365100703980392e-08,1.342849904294572e-21,2.7861987171075074e-19,2.4439845375485437e-20,4.328280275748241e-18,1.8117718286786377e-32,3.119821816723652e-30,4.053338993731745e-24,0.00018431122833067608,0.49999933510864253,9.079718394012568e-07,0.2499989956135797,8.725357030974467e-07,1.189295040609066e-12,1.8405416106028847e-29,2.3019264493334495e-28,2.324532042469875e-22,2.579594175146875e-32,6.276856271075999e-37,4.054810238838054e-30,9.042297701002654e-37,6.530222002377114e-37,2.369303882047391e-20,1.2610806935119054e-13,1.1502307509101836e-22,2.6773237416933743e-16,0.0,7.243264238844621e-39,1.970548439154246e-49,6.720131848485556e-09,2.257516114328013e-16,5.4271509657953556e-24,2.743302314614457e-58,8.805707493420225e-17,2.4765445489298843e-10,1.1122234830807717e-23,6.103282747216517e-20,1.3517156911747557e-22,1.6473212112046293e-25,1.1225824082992126e-18,6.180197492633519e-35,1.5441762667686582e-48,1.5174394126651485e-33,1.2929588246476567e-26,0.09999980965111786,1.9167235540535716e-07,1.6664281133450388e-10,2.442515686452416e-26,1.901187514795655e-45,5.808200722594853e-29,7.788743230640934e-21,3.561003492166624e-30,1.1879783907809087e-20,3.9817057345759536e-47,1.1902360490351518e-19,3.9489032002609225e-19,1.29033674597531e-42,8.214856628659054e-31,5.797332741879742e-29,2.2550281877653115e-06,9.718122346880542e-10,6.179950644688571e-05,4.907475973549981e-10,2.9544549372443107e-24,2.2056136560853133e-18,8.458368087090316e-21,2.867411996271088e-50,1.0217555106324314e-18,2.797912864351649e-12,5.520719851611174e-22,7.573461725217272e-15,1.3983337860448998e-59,1.3266148961725864e-25,2.995129933103698e-18,1.3738465701094943e-24,3.723753765755204e-22,2.1749371296990458e-17,8.165651328252548e-38,7.219305765307762e-27,1.9299228585165301e-22,0.0003339931875882285,6.772119957315437e-09,1.2189113529611805e-19,9.380055870584212e-17,1.2856560719920652e-44,1.989336850635652e-27,6.700578405072034e-33,1.380843611285001e-40,1.3542035009864736e-34,6.199832681155971e-43,6.828499271388421e-15,4.015843648161689e-11,1.8108441266791362e-13,3.5099998186473393e-06,1.9019937313838968e-34,2.5648070466052364e-30,3.86082557626853e-13,1.7799996135683694e-06,8.699432760439372e-33,2.0031183819405212e-24,8.376487321881196e-50,3.7175876152302174e-39,0.0,0.0,1.7483844384913447e-20,3.0972777865162334e-16,1.2281808886573007e-29,3.930806568827939e-17,2.48517755973317e-41,4.130685257540332e-26,2.4851801669330934e-41,1.6740138284600859e-49,1.1147277147337078e-37,8.798936371403652e-26,1.8557197876692717e-20,1.4353807081264749e-22,1.0228162664585797e-34,2.511702264356572e-28,7.692165473242815e-32,6.846531302191823e-26,6.450570095878495e-22,7.079657166605743e-38,6.014031214806825e-42
1.3521770917433409,1.2226561158427446e-10,0.0001769999772339283,8.717949337160679e-28,3.5927853826441406e-22,2.2109779978445372e-30,3.1582981517687358e-24,9.790876971732718e-34,1.3170156662040846e-26,3.5379827494878284e-58,4.970444586765464e-47,1.175538366013703e-55,4.999940816219805e-37,7.549382471340503e-31,3.988464234308598e-44,1.0723690195037886e-33,7.291085532561185e-36,2.0123753740406448e-71,9.09104395605238e-57,1.972902090159033e-53,9.96325083851783e-64,4.3099714718505054e-72,1.3899682015117745e-60,3.42926791765163e-16,6.474425382617565e-14,8.332591901734806e-19,4.3167322800715076e-13,8.701949964282588e-46,1.501445155638128e-43,1.5815828657763223e-21,3.689566895644904e-15,1.1958521510121617e-60,2.4596461089198705e-62,5.856144792953803e-42,8.685515677354905e-39,1.5013891150041476e-43,5.6484120116611856e-39,2.1743576726033375e-28,5.7361268349971424e-27,7.17046178040984e-24,3.12309932897284e-13,3.3540526225628385e-08,2.8575740744788442e-21,4.0627440865832887e-19,5.1798491387703406e-20,6.28560320088218e-18,9.621011800144242e-32,1.7955556884028744e-29,1.2269475863132496e-23,0.00018519771423214251,0.4999990409871079,1.3163100359015574e-06,0.24999854590538031,1.2540538007609984e-06,2.4793500284900482e-12,8.04587368561205e-29,1.005864087393048e-27,7.013131362010508e-22,1.1286530549085385e-31,3.98232509420282e-36,1.7731339439865678e-29,4.713264692634234e-36,4.247371372202596e-36,1.406675637039296e-19,3.7975601297981197e-13,2.4040873664714833e-22,3.867531511936626e-16,0.0,3.1662798956469195e-38,1.3301879096499334e-48,1.399528128109423e-08,9.836671243235368e-16,1.133674967305305e-23,4.644760703848025e-57,2.664525799475793e-16,3.5668184795762176e-10,3.355490616292912e-23,1.272088143719263e-19,4.0766789058882117e-22,6.188061627553203e-25,2.344185867831556e-18,2.704321710019245e-34,1.415131113083195e-47,9.520223546018964e-33,5.317791100454869e-26,0.09999972397010638,2.7717421824147833e-07,3.4579144733299274e-10,1.0598701213621623e-25,1.7211358636810705e-44,5.316532961865649e-28,3.394468205480396e-20,2.2469656647567077e-29,2.4870236906828987e-20,3.748920652919835e-46,2.4934354862075857e-19,8.246883532503611e-19,8.186395266197539e-42,2.4827182890772827e-30,3.655444182155415e-28,2.2545947910115034e-06,1.4052089884965777e-09,6.179928531699359e-05,7.088318773504605e-10,1.8519277432455845e-23,6.6386745805114884e-18,3.6845537666847506e-20,3.7701197664734595e-49,4.4740795601582175e-18,5.828204661508897e-12,3.496134829901269e-21,2.2827305700854748e-14,5.5927546364357274e-58,8.398679725467996e-25,1.3061116458684853e-17,8.663879301949481e-24,7.927463249371793e-22,6.554986752569722e-17,1.0804890772873195e-36,2.1855802833564302e-26,4.034525685751334e-22,0.0003339901613801769,9.754597213609992e-09,1.7694707800243594e-19,2.827420707902342e-16,8.139614970856082e-44,6.00616455398344e-27,3.5568535694812004e-32,1.2272946529737416e-39,7.851411064721534e-34,5.650095935960154e-42,9.918248092551609e-15,8.363131093026329e-11,2.620791936793729e-13,3.5099997375329765e-06,8.34403639213853e-34,7.75195578201419e-30,5.564087586516768e-13,1.779999443089825e-06,2.0154660655384073e-32,6.071064648614808e-24,9.25030309750651e-49,2.9361672521232566e-38,0.0,0.0,3.6649773445886754e-20,4.445466001135538e-16,3.7103167226709947e-29,5.680467638625896e-17,1.0867589377777413e-40,8.592524001133028e-26,1.0867605855493578e-40,1.5388830454910205e-48,3.3569462529269623e-37,2.2937406372089183e-25,2.728283026111609e-20,3.004777430899878e-22,3.7621873813908966e-34,7.584588515364301e-28,2.3259106644306066e-31,2.0678821552008293e-25,1.3492871803933063e-21,3.089886330023247e-37,3.7949397236507277e-41
1.9553618850060341,1.3220297408719362e-10,0.000176999967074361,4.006590037898465e-27,1.0850883009633714e-21,1.3753799698555808e-29,1.097239989331555e-23,5.813803389940708e-33,5.998656294177773e-26,6.76258840875298e-57,6.604310747678029e-46,1.554197125564118e-54,4.3677574738580845e-36,4.395343416319866e-30,2.5371199841924853e-43,6.719779389793952e-33,4.682474431864035e-35,5.977142754790133e-70,2.552805134952674e-55,3.780456208422827e-52,3.697238838232755e-62,2.1880088224391996e-70,3.6559683957418714e-59,7.204728105736933e-16,9.29581477947231e-14,2.504984888058344e-18,6.212821915251647e-13,1.1540165452720798e-44,3.932115303046913e-42,4.78530061753234e-21,7.686425230522786e-15,4.766876845965305e-59,4.720587293074882e-61,7.739974551134716e-41,7.890338377838706e-38,3.9319043091495926e-42,1.0224940277032778e-37,9.527485123548482e-28,2.5003986815496762e-26,2.1608542978707826e-23,6.55369028980128e-13,3.33814032541314e-08,6.125259902929802e-21,5.944350620899794e-19,1.104128182270178e-19,9.14402691126361e-18,5.296118967544394e-31,1.077708563713546e-28,3.7187065037825996e-23,0.00018647961372116382,0.49999861831589004,1.9103404180199913e-06,0.24999789380417614,1.797513448101019e-06,5.161625409333888e-12,3.516662527455276e-28,4.3937630718233476e-27,2.1136667349435722e-21,4.959628119913978e-31,2.5301919041067747e-35,7.753616435845583e-29,2.542157569414875e-35,3.007922268819809e-35,8.502448532959949e-19,1.141445278478327e-12,5.023590097886098e-22,5.584183639176294e-16,0.0,1.3838531773128285e-37,9.963387475897742e-48,2.9093498747156987e-08,4.2792706979864796e-15,2.3669715064955987e-23,8.871609394915002e-56,8.064672659100203e-16,5.127789449629974e-10,1.0112925166177633e-22,2.6474590007908603e-19,1.2280274130196075e-21,2.4040309482948462e-24,4.892040135450277e-18,1.188845474722645e-33,1.3046981976096485e-46,6.014976990317383e-32,2.241881605504985e-25,0.09999959995808994,4.008169550652559e-07,7.150710550941795e-10,4.607959327950049e-25,1.611740722066666e-43,4.868521962673561e-27,1.477134396614716e-19,1.4164447085876561e-28,5.2089701619282834e-20,3.568839145870469e-45,5.2275943551590715e-19,1.7213269977706615e-18,5.201189092344965e-41,7.501348416926965e-30,2.3019237815089394e-27,2.253968186034714e-06,2.0318139652866235e-09,6.179896451413763e-05,1.0232972526281645e-09,1.1645849989260888e-22,1.9940266545904963e-17,1.6022740178194441e-19,5.020948634019212e-48,1.9602440078812408e-17,1.2119590459579049e-11,2.2153759298646642e-20,6.870419716624722e-14,2.237048452973643e-56,5.320026249569104e-24,5.68860613596309e-17,5.4569759817022e-23,1.746954066112561e-21,1.9726401320107757e-16,1.4301042513276458e-35,6.619914148417724e-26,8.435142188586643e-22,0.0003339857989140249,1.4026078453156e-08,2.573410878313661e-19,8.510479917530483e-16,5.156241266657923e-43,1.8121847381199865e-26,1.9568054010353565e-31,1.1045573474238087e-38,4.714151017527141e-33,5.141230989006198e-41,1.4543828374859813e-14,1.7384533827964628e-10,3.794395150292256e-13,3.5099996199998185e-06,3.665793795582547e-33,2.342425044720718e-29,8.006658719749842e-13,1.7799991986160061e-06,4.848986969970906e-32,1.8419207120200268e-23,1.1039432070493887e-47,2.5298761631405447e-37,0.0,0.0,7.690657038977086e-20,6.359389051643082e-16,1.1203679148830608e-28,8.206414937202479e-17,4.7522642855460625e-40,1.7832232647006122e-25,4.752274696819766e-40,1.4177772828836962e-47,1.0090633289378714e-36,6.181096631250045e-25,4.0380271113588387e-20,6.292902940148353e-22,1.4306533939739541e-33,2.2888697685029304e-27,7.03262614484143e-31,6.242329626308488e-25,2.8259199491909302e-21,1.3474021066838854e-36,2.3923821317879813e-40
2.8276178650570496,1.4657871964211706e-10,0.00017699995237842043,2.0744909618358586e-26,3.285144946862408e-21,9.398188982471142e-29,4.184285763034778e-23,3.7879532652164434e-32,2.974189199928569e-25,1.2922750868451094e-55,8.793284132428723e-45,2.0545061419858712e-53,4.189155003828583e-35,2.6564839493343434e-29,1.617531689836925e-42,4.6054996060603963e-32,3.614481576885131e-34,1.8174737092303988e-68,7.831281387857834e-54,8.201293483663905e-51,1.7060374875333636e-60,1.3854362032322113e-68,1.1657134454348742e-57,1.516784654528123e-15,1.330472769804646e-13,7.5616452341736e-18,8.922771131798563e-13,1.5322766007704767e-43,1.0478814494804701e-40,1.4481601911142448e-20,1.5985865617444134e-14,2.0851663748983962e-57,9.184837722765539e-60,1.0226716139233374e-39,7.14696998385011e-37,1.0478005068911412e-40,1.875711937676915e-36,4.178181592632022e-27,1.0884117599005014e-25,6.501708781537718e-23,1.3785905555082133e-12,3.3152633070518336e-08,1.3261324935197396e-20,8.7382020487169e-19,2.3724768755282426e-19,1.3335071530246158e-17,3.0100693741173304e-30,6.636586877727241e-28,1.1286685757185053e-22,0.0001883332752551375,0.4999980125503901,2.7766226441591073e-06,0.24999694714508058,2.566474053179851e-06,1.0724214954328075e-11,1.5366731232612654e-27,1.9182740781389433e-26,6.360676671368974e-21,2.210104880203575e-30,1.6108425965292579e-34,3.390373206838428e-28,1.4167943749483523e-34,2.784457295632472e-34,5.209028361846131e-18,3.421624274505935e-12,1.0493710334373734e-21,8.057200253629971e-16,0.0,6.046715596268567e-37,9.201184381676415e-47,6.032190663096616e-08,1.8573073422622927e-14,4.938421609758881e-23,1.9886807154888299e-54,2.441754031556832e-15,7.352616822177654e-10,3.043440366174789e-22,5.498082112878096e-19,3.692800374001913e-21,9.615366893408926e-24,1.0199688920379317e-17,5.306654739404263e-33,1.2254527201790223e-45,3.818410638314091e-31,9.591223553886554e-25,0.09999942040427352,5.796144382089235e-07,1.4714043115271012e-09,2.0034025777444132e-24,1.617840586874004e-42,4.4608239398158105e-26,6.413849908203675e-19,8.916467855841774e-28,1.0917954241613303e-19,3.4457202287708665e-44,1.0972017985658304e-18,3.5901063671208916e-18,3.3112577335522466e-40,2.2655899311377966e-29,1.4468640531105572e-26,2.2530623193133385e-06,2.9376806866622374e-09,6.179849849326994e-05,1.4761593206394076e-09,7.34157969685436e-22,5.97143116302319e-17,6.950405706877612e-19,6.766703240995856e-47,8.59541016559278e-17,2.5140012406559333e-11,1.4050062927521983e-19,2.0634822866975648e-13,8.947590953828682e-55,3.3726553128598906e-23,2.473159631319524e-16,3.4309545652432565e-22,4.217457618465445e-21,5.92359802430714e-16,1.8935158188521258e-34,2.0065179757999648e-25,1.7647264418364057e-21,0.00033397951869294,2.0117421342008746e-08,3.753921845027017e-19,2.5563504146069486e-15,3.269720654779353e-42,5.46353986768529e-26,1.1111635694410738e-30,1.001746912852501e-37,2.8899707470713153e-32,4.667771013127176e-40,2.1937244648065696e-14,3.604178478124709e-10,5.496428926590707e-13,3.5099994495466914e-06,1.6137798670389225e-32,7.075709297944461e-29,1.1496442598900038e-12,1.7799988493315982e-06,1.223803520473172e-31,5.596440386981964e-23,1.440322809501033e-46,2.3960775103554046e-36,0.0,0.0,1.6162462395838971e-19,9.054150156731152e-16,3.380773701410803e-28,1.1850237041123452e-16,2.078001179132288e-39,3.6883549800625757e-25,2.078007754721973e-39,1.310152480184026e-46,3.025083601029007e-36,1.7166609987780405e-24,6.031350495694043e-20,1.3187556131339844e-21,5.609508714535835e-33,6.90101709620015e-27,2.126224851381845e-30,1.8829039329220162e-24,5.9430145809045e-21,5.8682461733862885e-36,1.506106661098434e-39
4.088973428448061,1.6737872122051446e-10,0.00017699993111774433,1.1756920402743091e-25,9.965502782213886e-21,6.996437882594319e-28,1.695218722502462e-22,2.6958259369683978e-31,1.582749045814571e-24,2.4685150879082964e-54,1.1741812578535802e-43,2.7151763007601983e-52,4.392265676278935e-34,1.6362887173225974e-28,1.0343952039807067e-41,3.4178065794844954e-31,3.25364603565865e-33,5.683364296185232e-67,2.5941770971884743e-52,1.9647785582698933e-49,9.528424285417804e-59,1.0731810253387228e-66,4.375725067224718e-56,3.2025230858923177e-15,1.8956883674922073e-13,2.2881430991584365e-17,1.277531564606261e-12,2.0380363944555094e-42,2.8312582710210556e-39,4.3836689814338036e-20,3.316459488894625e-14,9.92826469575804e-56,1.8924890635867738e-58,1.3506058073012367e-38,6.44636821700877e-36,2.8309431270825274e-39,3.471321092802658e-35,1.8343854128075262e-26,4.728376171551144e-25,1.9518427295156298e-22,2.9090629886111478e-12,3.2824583959846745e-08,2.910164962205122e-20,1.2929473389289511e-18,5.1550385400038385e-19,1.951849333154647e-17,1.7577365327724232e-29,4.1558420139452726e-27,3.4317611830213705e-22,0.00019101366566554636,0.49999714768251996,4.044127846460049e-06,0.24999557072995698,3.6440003836328107e-06,2.221680837050407e-11,6.712245546974523e-27,8.368563741799902e-26,1.9098977348917898e-20,1.0261907895486552e-29,1.0284877831535555e-33,1.4823383977787878e-27,8.132959168225097e-34,4.175410199371359e-33,3.2237370788649484e-17,1.021675719835021e-11,2.1909025526306375e-21,1.1613657779251007e-15,0.0,2.641078043161999e-36,1.1299911298282364e-45,1.2460230050787298e-07,8.034119367475634e-14,1.0292733947922765e-22,5.404529137971989e-53,7.396158393377989e-15,1.0502827726357084e-09,9.140209981340924e-22,1.1382687093308842e-18,1.1076663301209288e-20,3.939755405630366e-23,2.1237350111885483e-17,2.479490135284033e-32,1.2145240025372996e-44,2.434071326894177e-30,4.1397013147261474e-24,0.09999916031395183,8.381699754043015e-07,3.006188841781316e-09,8.698410608976835e-24,1.8965801887520915e-41,4.0905251035236057e-25,2.77615578079694e-18,5.601512985593126e-27,2.291876128414439e-19,3.3848527414279956e-43,2.3064719559483968e-18,7.480147515867523e-18,2.1141066560494516e-39,6.838670347392722e-29,9.069563048034427e-26,2.2517528943754594e-06,4.247105624540702e-09,6.17978202931057e-05,2.1271219009018235e-09,4.637369810671786e-21,1.7805277447005525e-16,3.004183880049869e-18,9.237121271620398e-46,3.773179960845815e-16,5.1963520536924e-11,8.921167507729902e-19,6.178815133019092e-13,3.57893450541891e-53,2.140793904972275e-22,1.0724396330008594e-15,2.1515478544283736e-21,1.238945866422597e-20,1.7732375402549494e-15,2.5083595924484038e-33,6.087873158705154e-25,3.70107659151809e-21,0.00033397049505521037,2.8750220214192467e-08,5.508533610294939e-19,7.65582258935022e-15,2.0783324157091153e-41,1.646549566599673e-25,6.4800153356689e-30,9.131800414551625e-37,1.7934787294129924e-31,4.2242354751822596e-39,3.576427534169028e-14,7.443745502177606e-10,7.967937803329204e-13,3.50999920203505e-06,7.124726431355879e-32,2.1362504562524035e-28,1.6455732579549552e-12,1.7799983529749619e-06,3.2731688790422745e-31,1.7039316430155962e-22,2.0536341079842346e-45,2.485713894967775e-35,0.0,0.0,3.4038749079198755e-19,1.280338993396214e-15,1.0191379406071909e-27,1.710055709051251e-16,9.085305816420941e-39,7.592205635627374e-25,9.085347321181696e-39,1.2156384145853857e-45,9.034298574410544e-36,4.8960081046476e-24,9.123304665826838e-20,2.7662081756733485e-21,2.258746229266491e-32,2.0779334860449067e-26,6.427541679447872e-30,5.67307060760272e-24,1.265923980748816e-20,2.551137869127058e-35,9.462642645876376e-39
5.912999739169831,1.9748123784038604e-10,0.000176999900353942,7.075472626576428e-25,3.029212329616161e-20,5.589392845705096e-27,7.11237820473125e-22,2.06458582000175e-30,8.88551087017898e-24,4.712204848944163e-53,1.5741638642009917e-42,3.586472378317655e-51,4.968368731794375e-33,1.0162894690413852e-27,6.64517578767943e-41,2.7012510949312294e-30,3.3112945426362695e-32,1.8337908071265117e-65,9.125244986327746e-51,5.0316588522223094e-48,6.155215354872472e-57,9.731745320567393e-65,1.8707723935762065e-54,6.789466436518653e-15,2.683735220364792e-13,6.93569210399557e-17,1.8209524195842935e-12,2.717089269494753e-41,7.734471406963195e-38,1.3273621548377974e-19,6.855618326451944e-14,5.071279950821351e-54,4.7752117763235975e-57,1.7822267556335603e-37,5.779133620126961e-35,7.733229926090342e-38,6.454962019368621e-34,8.065824145480113e-26,2.0483453889036898e-24,5.840153009225209e-22,6.1646853374107956e-12,3.2355933971853824e-08,6.503184823276285e-20,1.932412952734264e-18,1.1377615981781226e-18,2.875882613954732e-17,1.0492700613006756e-28,2.6350302535666544e-26,1.0459631535370728e-21,0.00019488937812336176,0.4999959194414958,5.90679433839623e-06,0.2499935652885864,5.132899830516864e-06,4.583111643057345e-11,2.930180205532572e-26,3.6465754334849016e-25,5.716235938799364e-20,5.298026118712851e-29,6.592957140713526e-33,6.479663090704883e-27,4.788289088434851e-33,9.222678104571654e-32,2.0101644810549947e-16,3.033477665466129e-11,4.570740726242857e-21,1.6715150058946064e-15,0.0,1.1528811724005731e-35,1.7602060332917687e-44,2.5600632086413255e-07,3.4584071949263005e-13,2.1419436091048187e-22,1.7985091543750268e-51,2.241465734430038e-14,1.4920478117207964e-09,2.7371071463619337e-21,2.3459876003246706e-18,3.310330882937545e-20,1.645794234271179e-22,4.41333293864329e-17,1.305267377554733e-31,1.3776893710395306e-43,1.5586708469209977e-29,1.796485306900986e-23,0.0999987833492564,1.2120616350694299e-06,6.0792245656429844e-09,3.766703234395839e-23,2.898512985013849e-40,3.754904562335846e-24,1.1961341564719264e-17,3.508666369377451e-26,4.833142370105643e-19,3.3915362436665886e-42,4.859049325138403e-18,1.5564946341657623e-17,1.3551697616052395e-38,2.0624619296402527e-28,5.662839935897727e-25,2.2498604664304513e-06,6.13953356954952e-09,6.179683093984718e-05,3.0603439405873007e-09,2.934183113408234e-20,5.276144032147436e-16,1.2918016532669358e-17,1.2801401992591118e-44,1.658838131326209e-15,1.0686140266038501e-10,5.673502134218615e-18,1.842130117277668e-12,1.4312047479219528e-51,1.3615083559878524e-21,4.633056538399819e-15,1.3441411472943563e-20,4.852933064929729e-20,5.284304787106124e-15,3.3249648953413245e-32,1.8496718420850742e-24,7.82483115736596e-21,0.0003339575645430072,4.0875709118722935e-08,8.205768214816479e-19,2.282950176415188e-14,1.3304191853301092e-40,4.973945661046569e-25,3.860626988890978e-29,8.356855352919343e-36,1.1210690071018733e-30,3.804849537956904e-38,6.972651291357612e-14,1.5289462975007055e-09,1.1563233181182638e-12,3.509998841984703e-06,3.1581741333792858e-31,6.444701581137721e-28,2.3448993381015197e-12,1.7799976530601958e-06,9.357471950630732e-31,5.20306358342309e-22,3.15864096796769e-44,2.7881864735313933e-34,0.0,0.0,7.190023808972865e-19,1.793074714806046e-15,3.0675377247111506e-27,2.465236814305813e-16,3.9711748687146566e-38,1.552077629173501e-24,3.971201041056278e-38,1.1339152355214388e-44,2.6832798209641255e-35,1.4293528759277992e-23,1.4066716458430788e-19,5.811753762670908e-21,9.297827847684473e-32,6.244850918458446e-26,1.9425941079426943e-29,1.7064679287527666e-23,2.8003609849665535e-20,1.1061802521438988e-34,5.928016506544808e-38
8.550695309529694,2.410620897056681e-10,0.00017699985582693282,4.425884622609592e-24,9.230462989089392e-20,4.7165201302848713e-26,3.040647297812375e-21,1.669570813350072e-29,5.179841991491426e-23,8.985006238732868e-52,2.1218085073958524e-41,4.7327896770549275e-50,5.967131356243939e-32,6.325162852015962e-27,4.309161487712759e-40,2.234615464041099e-29,3.70258929689007e-31,6.114704295685074e-64,3.3536764098321095e-49,1.342026439804135e-46,4.403298772252726e-55,9.869039212591675e-63,8.830425971579541e-53,1.4475835192348195e-14,3.7650452073123766e-13,2.1052336501272514e-16,2.5786708683448074e-12,3.6337560203165256e-40,2.1322459625740663e-36,4.020318887792906e-19,1.4096874748051238e-13,2.7386382271927412e-52,1.8999721706947354e-55,2.348460095035749e-36,5.135840460135075e-34,2.1317521151586042e-36,1.2013796091842511e-32,3.5533172386451345e-25,8.838267338873017e-24,1.7389831417552295e-21,1.3138947833805697e-11,3.169004468829232e-08,1.4898579510953624e-19,2.9456950660752604e-18,2.5692477905653004e-18,4.3086420400201184e-17,6.372859005389171e-28,1.6892068088855232e-25,3.198519920128665e-21,0.00020049316769106402,0.49999418784766925,8.659182323603004e-06,0.24999063550904416,7.149008892586157e-06,9.396340316193423e-11,1.2779108294463585e-25,1.5861359243660494e-24,1.702696872711147e-19,3.3833623046758336e-28,4.249496536523029e-32,2.8310984733780584e-26,2.878176243246799e-32,2.366484867570105e-30,1.2603930049147602e-15,8.933499439142186e-11,9.52465703051895e-21,2.4005146813813952e-15,0.0,5.027850022129333e-35,3.1254764703566244e-43,5.219982400880293e-07,1.4782262760599566e-12,4.447343435039797e-22,7.175113722382021e-50,6.796317426450716e-14,2.1027849975376496e-09,8.164035382912048e-21,4.803934376726655e-18,9.840696127421581e-20,6.980181995856609e-22,9.145769038692752e-17,8.708318680112268e-31,2.0140669025038147e-42,1.0036981582752816e-28,7.822452427533082e-23,0.09999823663822978,1.7527374893724975e-06,1.2114396900819246e-08,1.6242449534871708e-22,5.879640784750357e-39,3.451429319359728e-23,5.11958973955877e-17,2.188429684312777e-25,1.0371316115740019e-18,3.4693130593435576e-41,1.0266906843279659e-17,3.2338029309415943e-17,8.734504075942053e-38,6.21199128559671e-28,3.515581713706497e-24,2.247126158373034e-06,8.873841626966323e-09,6.179538327467093e-05,4.393052431769245e-09,1.859248749111452e-19,1.5495361345475597e-15,5.513478040117468e-17,1.808230153061736e-43,7.307344597500288e-15,2.1816887306951186e-10,3.6154815513003773e-17,5.457858968495838e-12,5.720142656233916e-50,8.685398007790294e-21,1.9907418179963584e-14,8.351045764010736e-20,2.4513147223247726e-19,1.5645009256495975e-14,4.410885220406487e-31,5.630778317347278e-24,1.6956570659810687e-20,0.0003339391046589439,5.7688376558504343e-08,1.2815485199471708e-18,6.765699742903958e-14,8.73279152039981e-40,1.5256513467359072e-24,2.338106969488628e-28,7.67364049476667e-35,7.03707422221201e-30,3.4035942271212125e-37,1.813164760459139e-13,3.1158175483524847e-09,1.680655427077671e-12,3.5099983169013575e-06,1.4076944646201309e-30,1.9420142760965975e-27,3.3201125248941406e-12,1.779996677053762e-06,2.87483037332539e-30,1.5952572141222553e-21,5.136000648521116e-43,3.326483338768429e-33,0.0,0.0,1.5249895497696518e-18,2.4770956523792593e-15,9.211776285196193e-27,3.5485180546560593e-16,1.7348230292040244e-37,3.142024827861968e-24,1.734839507874164e-37,1.0645914814563079e-43,7.90723982610879e-35,4.2638836058454084e-23,2.249136512312813e-19,1.2256742517835088e-20,3.895412999220003e-31,1.871616539551236e-25,5.868673571322848e-29,5.1210298529224616e-23,6.854141391097986e-20,4.778484683450037e-34,3.698142564615112e-37
12.365025114423291,3.0418826413365547e-10,0.0001769997913533809,2.8442405836866223e-23,2.821325973324404e-19,4.150876902889656e-25,1.3122388423914208e-20,1.4008918093904168e-28,3.0966133835859764e-22,1.7097261109196022e-50,2.880092583695954e-40,6.23367083178837e-49,7.504247991312716e-31,3.9282612059609924e-26,2.8738914225809437e-39,1.906707815810051e-28,4.439969282518602e-30,2.1049610453565965e-62,1.2707031070698542e-47,3.668029269848556e-45,3.375581715845122e-53,1.0796419929593913e-60,4.4781179432078826e-51,3.110316524769612e-14,5.215430882036109e-13,6.397266746572033e-16,3.6171674224760508e-12,4.879013347365965e-39,5.922256489291985e-35,1.2177667272196217e-18,2.8761859764829173e-13,1.5457959933409554e-50,1.214693174750844e-53,3.086955891790996e-35,4.5075284941179184e-33,5.920275985031879e-35,2.228187270063176e-31,1.5688323489873117e-24,3.792521905270683e-23,5.141121472855056e-21,2.8219605050922378e-11,3.075129748002786e-08,3.5449547739294604e-19,4.736408887497983e-18,6.0270274194398e-18,6.821130921110036e-17,3.922020364520171e-27,1.0950662481823334e-24,9.82461263906954e-21,0.0002085948017666189,0.499991770361571,1.2752800187099487e-05,0.24998634137193382,9.800433380406973e-06,1.9091129596100333e-10,5.56426715888185e-25,6.879738833844798e-24,5.036013702938077e-19,2.8543929669128267e-27,2.7590660297860365e-31,1.235749050731236e-25,1.7584853204193541e-31,6.282877962873755e-29,7.932843329279756e-15,2.600003400977743e-10,1.9812565169964323e-20,3.4363284119363134e-15,0.0,2.1894097834149247e-34,5.882831243271369e-42,1.0529919174200325e-06,6.253680644147124e-12,9.202856502028749e-22,3.2861824325831085e-48,2.061190724704972e-13,2.929365499887684e-09,2.422459626359071e-20,9.748219887550759e-18,2.903112263111993e-19,2.9950732414138373e-21,1.888122805453199e-16,7.839286640454145e-30,3.9693989125160553e-41,6.509272749523107e-28,3.412505411767234e-22,0.09999744325541773,2.5345940797479064e-06,2.36406186141924e-08,6.959520611890628e-22,1.431890865813492e-37,3.1774320097908763e-22,2.17027304553884e-16,1.3565880453126293e-24,2.3839743116383602e-18,3.6164152442005753e-40,2.17787885153884e-17,6.708060751692263e-17,5.6710659104211494e-37,1.8672365713301255e-27,2.1644203072347857e-23,2.243176874428972e-06,1.2823125571027948e-08,6.179325728708214e-05,6.2856500427015325e-09,1.1794464910156472e-18,4.49286858941788e-15,2.3280401583798354e-16,2.624063276021611e-42,3.226883626865275e-14,4.4086340697420285e-10,2.309669692731971e-16,1.6026521449975862e-11,2.282899714203544e-48,5.567438551643242e-20,8.487394507991297e-14,5.146577159722381e-19,1.4269740761386544e-18,4.588496357316796e-14,5.856380390869427e-30,1.718743076976451e-23,3.9395547261225194e-20,0.00033391288358855303,8.057050105151591e-08,2.332238688701225e-18,1.9873060166453836e-13,6.276326219674621e-39,5.001586527862259e-24,1.4329944326336867e-27,7.0691513907640416e-34,4.4266381100765805e-29,3.014168503701343e-36,6.24075451378304e-13,6.278580530525609e-09,2.448043744818153e-12,3.509997548430791e-06,6.321586806879045e-30,5.84161101289442e-27,4.658439274577166e-12,1.7799953376897646e-06,9.501280369341777e-30,4.918313690342544e-21,8.642880683859057e-42,4.15992783596072e-32,0.0,0.0,3.2523928053728665e-18,3.357697425425296e-15,2.7564863391823726e-26,5.095843149603176e-16,7.569884402422366e-37,6.273618734089176e-24,7.56998789758154e-37,1.0068655329386986e-42,2.304234377527654e-34,1.3023082266853065e-22,3.9411927777880446e-19,2.6170813671018017e-20,1.654719305585404e-30,5.58707895196212e-25,1.7715852359002454e-28,1.5316792485053408e-22,2.0823369574953323e-19,2.053281864233902e-33,2.2931445490440984e-36
17.88086705766717,3.956922331868643e-10,0.00017699969794366267,1.8689725756202297e-22,8.656020199023122e-19,3.777685547946736e-24,5.684790804598443e-20,1.2027821562372422e-27,1.8806176642385006e-21,3.2413458776758204e-49,3.943012246105536e-39,8.180049961641405e-48,9.783828543788227e-30,2.4256275962963193e-25,2.112131090585367e-38,1.659102076679749e-27,5.606913035518515e-29,7.45352446461875e-61,4.9130465056564744e-46,1.0191018097379551e-43,2.713970299336025e-51,1.2439008690981881e-58,2.3891454021794777e-49,6.751184952175712e-14,7.099803251051283e-13,1.944838479101499e-15,5.004002644798658e-12,6.581344518389447e-38,1.6538278545666628e-33,3.686682662007157e-18,5.80087079921779e-13,9.052070592981919e-49,9.766062491383496e-52,4.040658247417832e-34,3.887505019517081e-32,1.653028419336944e-33,4.094573556372754e-30,6.94126983424722e-24,1.6150874342257955e-22,1.5038387469630757e-20,6.122123445240616e-11,2.9442808745057995e-08,9.056182603483237e-19,8.948098008098993e-18,1.5291759464562055e-17,1.295661269810295e-16,2.436895518617295e-26,7.18676805264385e-24,3.035323077037727e-20,0.00022030580285981632,0.4999884375748842,1.8883595424056043e-05,0.24998002468016525,1.3143590918126864e-05,3.827581779189526e-10,2.4161379568540862e-24,2.970559480157505e-23,1.4737363112467716e-18,2.9843176375548737e-26,1.8081665420528082e-30,5.382886846954806e-25,1.0874288727049471e-30,1.664460408611138e-27,5.0020592765900116e-14,7.438937062772444e-10,4.1097893667992627e-20,4.895359295154384e-15,0.0,9.5102077232873e-34,1.1366481716999585e-40,2.0925732523919794e-06,2.6062206159004052e-11,1.894617001142058e-21,1.6505129089285814e-46,6.247455511163783e-13,4.012587097019466e-09,7.144514305495083e-20,1.955317745702712e-17,8.47463344002762e-19,1.2960550863434064e-20,3.8822650637185617e-16,8.821116780988579e-29,9.63968616446047e-40,4.258671848086677e-27,1.489050274460298e-21,0.09999629149379441,3.6652114883872718e-06,4.4784833334993004e-08,2.9543579631766964e-21,3.779327599435456e-36,2.9297015341321044e-21,9.072618208050023e-16,8.334559139353338e-24,6.8838908960818374e-18,3.820480324272829e-39,4.642950083067647e-17,1.3901002152544586e-16,3.7170172727563176e-36,5.594877556027999e-27,1.316445333718129e-22,2.237475663061925e-06,1.852433693807405e-08,6.179012301844938e-05,8.951728807866889e-09,7.484927863394225e-18,1.2791089044507341e-14,9.679396445389265e-16,3.997646823779228e-41,1.4289619555604322e-13,8.781256446522393e-10,1.4793643657984718e-15,4.646368027178602e-11,9.082065498664551e-47,3.596082700090649e-19,3.578042955527032e-13,3.134017364171335e-18,8.815331774787995e-18,1.3275486156492638e-13,7.780693305708652e-29,5.2659856980533414e-23,1.0798775542083679e-19,0.000333875883275296,1.10892119128e-07,6.161182319797279e-18,5.763354905492512e-13,5.896500181182143e-38,2.0437333222726175e-23,8.85083449073307e-27,6.532327447141714e-33,2.7850304162977038e-28,2.6303548285776923e-35,2.543104216039746e-12,1.2450769641173707e-08,3.5766435798511207e-12,3.5099964182745808e-06,2.866735726039959e-29,1.7522957521464797e-26,6.45340934143338e-12,1.7799935414181519e-06,3.36721539511991e-29,1.5275892299969317e-20,1.4767058128964371e-40,5.395164111263204e-31,0.0,0.0,6.986576374081977e-18,4.435483678731725e-15,8.203263510024075e-26,7.2908199579681375e-16,3.2954820293301174e-36,1.2288565390295413e-23,3.2955467619518864e-36,9.589784824817683e-42,6.609465486016813e-34,4.1322589662759054e-22,8.785622058023474e-19,5.859338562456047e-20,7.104852163571595e-30,1.658268354303431e-24,5.3399800447886685e-28,4.560226379327323e-22,8.590199036054423e-19,8.759300422728943e-33,1.4097950357872894e-35
25.857238766221403,5.284689093939707e-10,0.0001769995624976189,1.2547807434934653e-21,2.6667903934228768e-18,3.536827942304228e-23,2.461571209097105e-19,1.0455411549882379e-26,1.1515206745399455e-20,6.10254747024931e-48,5.448284984023842e-38,1.0655664178085194e-46,1.3137512917338303e-28,1.4834913829074513e-24,2.04637620432829e-37,1.459015030339009e-26,7.364419940509428e-28,2.6970367682619728e-59,1.9210524849138072e-44,2.87370301187803e-42,2.2572333449966016e-49,1.486298775183814e-56,1.3235139665457066e-47,1.4840780971367757e-13,9.443467022033775e-13,5.904942464742121e-15,6.783581562034145e-12,8.916453339404008e-37,4.624987294496182e-32,1.1138519817190991e-17,1.1498905147501097e-12,5.471870155068228e-47,8.453246066840015e-50,5.2544601753095435e-33,3.2760365520801366e-31,4.6217490937924587e-32,7.390508640797992e-29,3.0743279447231566e-23,6.808196204922478e-22,4.3292358408679255e-20,1.3448621789228092e-10,2.764860923291485e-08,2.707524081850824e-18,2.4463073626376775e-17,4.654777794543708e-17,3.726931339201641e-16,1.5231004533773711e-25,4.779942629128276e-23,9.444601513430111e-20,0.00023722926700977618,0.4999839131773155,2.812233215703635e-05,0.24997070087561402,1.711092320521305e-05,7.523858403810063e-10,1.0441086769959122e-23,1.273131129611524e-22,4.24358845409847e-18,3.4362673039664154e-25,1.1982598340614535e-29,2.3348858670822985e-24,6.77488921968524e-30,4.3395100408381574e-26,3.1504221716296277e-13,2.0764711155664794e-09,8.486868299538108e-20,6.922976588603336e-15,0.0,4.1134390227887504e-33,2.2257409388563997e-39,4.0740046236800826e-06,1.0625293271416456e-10,3.869965270936632e-21,8.771424244174399e-45,1.888572746148968e-12,5.3626301360656506e-09,2.0984944023580556e-19,3.886406393035673e-17,2.4433742266712683e-18,5.636474581373944e-20,7.992890748002245e-16,1.1089530950837342e-27,2.5803686424212004e-38,2.8144320013061665e-26,6.482078335001595e-21,0.09999461995296804,5.300152041474755e-06,8.138510656969267e-08,1.2383159031214465e-20,1.022873073577152e-34,2.7036499230518143e-20,3.71652699019274e-15,5.0544176253369656e-23,3.1434208928661625e-17,4.053089465477445e-38,9.956559571692875e-17,2.883172445180312e-16,2.464403345570703e-35,1.667873709154408e-26,7.8653540575418215e-22,2.229251278946738e-06,2.67487210532619e-08,6.178548681329555e-05,1.2663805351640906e-08,4.743797364007524e-17,3.5483701045472114e-14,3.9362427499746505e-15,6.806020864200146e-40,6.344620704482622e-13,1.7145068551625415e-09,9.495102329263028e-15,1.3228704943713426e-10,3.5882477135310226e-45,2.3500951099042574e-18,1.4840924243501109e-12,1.8747450281547957e-17,5.563286444787976e-17,3.7660141394192135e-13,1.033582254328941e-27,1.62220002160228e-22,3.9104493765760356e-19,0.0003338240987926136,1.4956455255167546e-07,2.6294915732471477e-17,1.6412116809087018e-12,8.791029741203124e-37,1.2902466517613904e-22,5.484771527451128e-26,6.050243813356364e-32,1.747718426764551e-27,2.246974009330797e-34,1.1188831987870033e-11,2.4138762800663755e-08,5.247409075965712e-12,3.5099947452749043e-06,1.315936809506326e-28,5.232963006927115e-26,8.783368037502112e-12,1.779991209911038e-06,1.271531579037005e-28,4.788949818365558e-20,2.518879576455216e-39,7.206298697681245e-30,0.0,0.0,1.5141789156354522e-17,5.6656659780457505e-15,2.4207062866086853e-25,1.036889039569164e-15,1.4282547783741097e-35,2.3450268645459097e-23,1.4282949847916784e-35,9.173170315504891e-41,1.8544581469677245e-33,1.4471692774078693e-21,3.0205746340372654e-18,1.5545071521561714e-19,3.076016538925094e-29,4.8808640955612126e-24,1.6049306341103272e-27,1.3498326200609215e-21,4.5797281677140015e-18,3.7048924515913625e-32,8.568050825175639e-35
37.39174361383633,7.214167895684947e-10,0.00017699936586221493,8.612159888812917e-21,8.244063405956916e-18,3.3935746990736943e-22,1.0600843265988698e-18,9.123052949843384e-26,7.056487026858536e-20,1.1340121648248124e-46,7.5828600795495e-37,1.3682414821784346e-45,1.807814970990292e-27,8.95921482646286e-24,3.1242941007490106e-36,1.2859417136417743e-25,9.974097772764141e-27,9.87747850581564e-58,7.519776596286969e-43,8.304279635575074e-41,1.9238101920578325e-47,1.8233491485455157e-54,7.619437095600726e-46,3.3093088035998783e-13,1.2198933956817597e-12,1.7834256578095464e-14,8.927778900825561e-12,1.210089343775967e-35,1.2844504035157794e-30,3.3474379678864505e-17,2.2204741086721588e-12,3.397388417301041e-45,7.473237175383005e-48,6.785277224385347e-32,2.6934332377163933e-30,1.283142471399891e-30,1.2918669524137546e-27,1.358611648824288e-22,2.8314008355029658e-21,1.2164052738005322e-19,2.996724328174921e-10,2.5246038885698756e-08,1.0984931816794354e-17,1.0411154347866733e-16,2.0042295235201253e-16,1.6953259004551367e-15,9.531565321037235e-25,3.2202853542940733e-22,2.9613162006089466e-19,0.0002616719392796124,0.49997787778162717,4.2094910253505025e-05,0.24995690726584316,2.142587738156444e-05,1.4357959554575353e-09,4.473446822715289e-23,5.388645290589999e-22,1.1917650767043147e-17,4.00535968755793e-24,8.034134436819768e-29,1.0041153907750205e-23,4.225885557269157e-29,1.101748355161316e-24,1.9713819136878006e-12,5.592910700972537e-09,1.7396272893573262e-19,9.680722781071976e-15,0.0,1.7659066423421794e-32,4.3841525064088776e-38,7.716562345015438e-06,4.1938571066594564e-10,7.808231329396739e-21,4.828535407464008e-43,5.668315757700772e-12,6.912824410268458e-09,6.231774374307245e-19,7.899442204554693e-17,7.018650324483957e-18,2.4512365969809056e-19,1.703924422872793e-15,1.484248952290642e-26,7.143123029879491e-37,1.8782935592085329e-25,2.8008378269395305e-20,0.09999219747273508,7.664356140313041e-06,1.3966124066696922e-07,5.12622217231185e-20,2.760754537435374e-33,2.4920988752463316e-19,1.4780452447581148e-14,3.0075013328757194e-22,2.1745776219263077e-16,4.27487247864366e-37,2.1480452512319003e-16,6.010323737725299e-16,1.6546472318484133e-34,4.9301602275529415e-26,4.5773900257433864e-21,2.2173990306389417e-06,3.860096936105901e-08,6.177861914997076e-05,1.7745797893361898e-08,2.991808119422886e-16,9.490751908857259e-14,1.5507277987695552e-14,1.4811943556213207e-38,2.8209001792009485e-12,3.2577659463523274e-09,6.093803571016888e-14,3.671163405465095e-10,1.3978672133180982e-43,1.5618009424490868e-17,6.0127691916323075e-12,1.0916812379913129e-16,3.5275604096235036e-16,1.0383516276320633e-12,1.37000145076682e-26,5.041380707282879e-22,1.879127576577932e-18,0.00033375230191327003,1.9627741116164595e-07,1.5003547936831802e-16,4.5538127265957925e-12,1.8831774799514526e-35,1.2082559455117246e-21,3.3904965588852682e-25,5.603914674429435e-31,1.08860187065459e-26,1.8622385992789126e-33,5.089112137169592e-11,4.5345351369539064e-08,7.742069815768468e-12,3.5099922474032294e-06,6.125867215951e-28,1.551309582988684e-25,1.1671297491018392e-11,1.779988320243214e-06,5.076909247777467e-28,1.5174485804205942e-19,4.2219895000690275e-38,9.863591250401211e-29,0.0,0.0,3.314358265507701e-17,6.9499837758116435e-15,7.051958556714774e-25,1.4599976028293053e-15,6.138721539881734e-35,4.3237387901399494e-23,6.138968308122811e-35,8.753129045377305e-40,5.047495551171257e-33,6.7259216517140646e-21,1.538585239316648e-17,6.230991062868585e-19,1.3400285363500627e-28,1.4191247844413912e-23,4.7959247266398404e-27,3.9726863726449355e-21,2.8004166398739145e-17,1.5603267885359098e-31,5.1429120808705835e-34
54.07160846228208,1.0023726500102156e-09,0.00017699907990791246,6.037861170010395e-20,2.5477529068850402e-17,3.319840419642471e-21,4.503686878077335e-18,7.925831822949747e-25,4.2863174121850915e-19,2.0556735403228035e-45,1.054208696023099e-35,1.708659178298104e-44,2.5333678643076184e-26,5.378950380771317e-23,6.986134819469879e-35,1.1245022437163966e-24,1.381652029636489e-25,3.6093628033514564e-56,2.9013227344246767e-41,2.577690369509246e-39,1.6636695011116003e-45,2.2746419945508136e-52,4.748219377125754e-44,7.475535712352741e-13,1.5246963462133397e-12,5.31348727320639e-14,1.1256909816918152e-11,1.6318199013495615e-34,3.482026915068658e-29,9.939589224893037e-17,4.119073007183883e-12,2.146073689906634e-43,6.563559045783812e-46,8.837383405818905e-31,2.2151866666262522e-29,3.476830527585681e-29,2.1352837337915832e-26,5.945665883103831e-22,1.1566475796103939e-20,3.2920081487103295e-19,6.769525413969825e-10,2.2137262611841536e-08,6.444659194495788e-17,5.650762564830188e-16,1.272389280317388e-15,9.666156575079684e-15,5.928870329481515e-24,2.1870511504808517e-21,9.338869995036889e-19,0.00029693811266047254,0.4999699760639445,6.320572493050826e-05,0.24993650532723322,2.556700320179014e-05,2.61917587606409e-09,1.8872078159854435e-22,2.2326731591845904e-21,3.217449559853813e-17,4.481986902706891e-23,5.434832967190958e-28,4.244416383748032e-23,2.6116630312808227e-28,2.6882816999046785e-23,1.2135853903530928e-11,1.4306695647452666e-08,3.5214503286598417e-19,1.3300398897973883e-14,0.0,7.479088149738751e-32,8.598688848782155e-37,1.4104885167099494e-05,1.577669286144337e-09,1.544752468247326e-20,2.766928699784704e-41,1.6738171302920816e-11,8.449870799394411e-09,2.0003479767940188e-18,1.8955450811789756e-16,2.1358396444606185e-17,1.0568863010347657e-18,4.3186139160351625e-15,2.2538915512989633e-25,1.978270086424798e-35,1.2606453059437374e-24,1.1891037617218453e-19,0.09998869646131205,1.108307338209732e-05,2.2195542200267752e-07,2.1529584234552457e-19,7.265530076949798e-32,2.283471414327936e-18,5.6286620789372455e-14,1.7400677550692394e-21,1.7744843869934748e-15,4.4934362419875945e-36,4.654127722345339e-16,1.2688432039250699e-15,1.1234381764064983e-33,1.4364639709000256e-25,2.5619822757641663e-20,2.200342941367425e-06,5.565705863257736e-08,6.176847117856723e-05,2.4535776963145617e-08,1.864615262552389e-15,2.4127800024288016e-13,5.838444354324939e-14,4.685287177147301e-37,1.2516313035579069e-11,5.970391064351025e-09,3.8900827273458756e-13,9.82794627853519e-10,5.296534443958157e-42,1.0595461398638344e-16,2.3543293986749392e-11,6.099519229449434e-16,2.2223972065597848e-15,2.7470273712367894e-12,1.803828343661664e-25,1.5939908479543071e-21,1.0703215598482795e-17,0.00033365371680220526,2.4855313324760284e-07,9.500264828249525e-16,1.2178681385318026e-11,4.581485154130478e-34,1.3276377914065638e-20,2.072192886497146e-24,5.164273249013138e-30,6.666103617784004e-26,1.482029940259237e-32,2.347679959954836e-10,8.157161361814892e-08,1.1506863497652938e-11,3.5099884779086367e-06,2.891730004145367e-27,4.541938878327455e-25,1.502874899436005e-11,1.7799849608799812e-06,2.1299686789586328e-27,4.856155547459096e-19,6.840430748392078e-37,1.375441322521942e-27,0.0,0.0,7.320784693195251e-17,8.178276305441027e-15,2.0158916179000358e-24,2.0209237742506967e-15,2.5996894060399885e-34,7.6362702673137e-23,2.5998377832399247e-34,8.226244435278442e-39,1.3187471763461922e-32,5.264843452857838e-20,9.404718363275024e-17,4.028494620225381e-18,5.8597478545204e-28,4.051441629855766e-23,1.4167414276503068e-26,1.1691059579604972e-20,1.8104804527204459e-16,6.757135151648892e-31,3.0908036892186075e-33
78.19209694774575,1.4125889404398694e-09,0.0001769986630624438,4.298122615365803e-19,7.789809584686818e-17,3.2760493363411065e-20,1.859379528350589e-17,6.789835656111568e-24,2.5410288942919225e-18,3.556092635492248e-44,1.433113439984883e-34,2.023896318537647e-43,3.572450196531701e-25,3.4094610406295173e-22,2.1568920989314975e-33,9.604015165517371e-24,1.93358103815852e-24,1.2867656180994932e-54,1.0734230244667107e-39,1.0079060116788946e-37,1.4369148666893044e-43,2.8448906998044633e-50,3.734173505434257e-42,1.6968508615332798e-12,1.852664479665941e-12,1.536766802036778e-13,1.3360626326963651e-11,2.1453135860148393e-33,8.912377266811167e-28,2.878484761001358e-16,7.179649715606392e-12,1.351003290224741e-41,5.503749701084964e-44,1.2633367646237114e-29,2.055555491456421e-28,8.892619324574196e-28,3.203303101305296e-25,2.537451703184653e-21,4.608712099500725e-20,8.399346634064426e-19,1.5409338338340833e-09,1.8309594176910814e-08,4.793179695690994e-16,3.2592182218284944e-15,1.016257885367421e-14,5.788669063629341e-14,3.621020920487593e-23,1.4765093398450245e-20,2.939660857024898e-18,0.0003477192034998046,0.499959854753463,9.488540669011513e-05,0.2499064440541819,2.8888820424330125e-05,4.454989023784409e-09,7.742462935921929e-22,8.91892839864186e-21,8.150079371474529e-17,4.589478644910302e-22,3.6724125927828556e-27,1.734253959040181e-22,1.569107079346431e-27,6.187666812416323e-22,7.219877988972486e-11,3.396947581162197e-08,6.975781892237901e-19,1.776760523387965e-14,0.0,3.0892893073376153e-31,1.646422576348372e-35,2.4671922900030915e-05,5.521841566163079e-09,2.9592965006060057e-20,1.804119504123937e-39,4.779022209875221e-11,9.546692743371874e-09,8.48892037577432e-18,7.218734748628345e-16,8.535193408792642e-17,4.4496315026111055e-18,1.7271405671471724e-14,4.931695830902412e-24,5.32597817404423e-34,8.406429958080972e-24,4.862155838703795e-19,0.09998365511964193,1.602657267636102e-05,3.1979779786517485e-07,1.0575880920854082e-18,1.807724133076762e-30,2.059927990298911e-17,2.0106809549612277e-13,9.653673955364557e-21,1.4692991981357512e-14,5.03551644650272e-35,1.0070225954525138e-15,2.741030416781661e-15,7.659446240695834e-33,4.0809114906184686e-25,1.3526616235423014e-19,2.1758480600575502e-06,8.015193994245067e-08,6.175360835013852e-05,3.3294204965936116e-08,1.1341850197415854e-14,5.72162394505476e-13,2.060309713633148e-13,2.203077574671431e-35,5.5023009934525456e-11,1.0442171366485644e-08,2.443578744688361e-12,2.501481259264859e-09,1.903937101909796e-40,7.31135750733064e-16,8.768079742475575e-11,3.193767885614588e-15,1.37176264521905e-14,6.842461697268187e-12,2.338355401421767e-24,5.245584366662036e-21,6.497245131915218e-17,0.0003335195708324379,3.012465473916061e-07,6.176719764004434e-15,3.0922156518033974e-11,1.1047713765536391e-32,1.487523258627251e-19,1.2340240111586331e-23,4.6975311466156877e-29,3.938451631354325e-25,1.1249800426437407e-31,1.0821205768145306e-09,1.384679675763458e-07,1.7259214094629406e-11,3.509982718013751e-06,1.3781581451438755e-26,1.301275649649111e-24,1.861169091437294e-11,1.7799813754427807e-06,9.44815436630092e-27,1.5598851423578063e-18,1.0518946752156073e-35,1.9328802956971377e-26,0.0,0.0,1.6232895152184212e-16,9.349851224379239e-15,5.613235774481678e-24,2.7148583808440622e-15,1.0736529324521142e-33,1.2829062987943064e-22,1.0737390228163639e-33,7.460111952317843e-38,3.2647281212567104e-32,6.350267211517188e-19,6.041373382672027e-16,3.293057415376533e-17,2.5613134999203804e-27,1.12461361978323e-22,4.089801029964107e-26,3.5173266220426825e-20,1.1871747432719371e-15,3.449016976378584e-30,2.0162121379817662e-32
113.07235347641867,2.013594561854551e-09,0.00017699805328635616,3.0545365730004206e-18,2.3014294801136556e-16,3.18767731659881e-19,7.252200118991464e-17,5.654763916733118e-23,1.4296775238173446e-17,5.6392624140518165e-43,1.8207181870490245e-33,2.174302597336147e-42,4.947112275775301e-24,2.8475563716099297e-21,1.0613620588038042e-31,7.791038695711935e-23,2.669858113175408e-23,4.312659881353265e-53,3.6214963630635246e-38,6.362434863140273e-36,1.2028356728905425e-41,3.474184986707102e-48,4.686461902910589e-40,3.789928955582532e-12,2.2426092841864464e-12,4.191537278026259e-13,1.4634714779303217e-11,2.645951876168685e-32,2.0268053907994757e-26,7.941427771684828e-16,1.135327071874855e-11,8.124834493972931e-40,4.089372994149068e-42,2.456041027380761e-28,2.6947625764248e-27,2.0199778817292975e-26,4.066677160429006e-24,1.026082298846046e-20,1.765353408242122e-19,1.95024236157613e-18,3.475798620148716e-09,1.3924927601998388e-08,3.859086658424798e-15,1.838510334682723e-14,8.743628259259393e-14,3.3629613800024074e-13,2.136467763262774e-22,9.604542982936265e-20,9.058436888169727e-18,0.00042056139625098934,0.499947392117782,0.00014188093822194625,0.2498624869201297,3.094663934583668e-05,6.779331846000552e-09,3.022211772646542e-21,3.350115020783113e-20,1.8583273362602694e-16,4.044946114137643e-21,2.420687545032551e-26,6.637817485275278e-22,8.848925415979778e-27,1.3074469286360961e-20,4.0244505614860737e-10,7.247457233264059e-08,1.3306451947564224e-18,2.2685731340064082e-14,0.0,1.2175493383682252e-30,2.9630392705598868e-34,4.0991600483658004e-05,1.731622238269864e-08,5.3721655017185343e-20,1.705388352580767e-37,1.278029810216224e-10,9.592138950830656e-09,6.009897881602711e-17,4.409602126282871e-15,5.685487672948926e-16,1.7831119499617242e-17,1.1164313344735021e-13,1.756652211993136e-22,1.336714710897513e-32,5.421149469515775e-23,1.843632666226335e-18,0.09997641600087749,2.317475694586116e-05,4.107322928049505e-07,8.336997014975227e-18,4.0471291677658924e-29,1.7970017261604983e-16,6.530259164729272e-13,5.0216643712367397e-20,1.1508150666930892e-13,7.676742709007371e-34,2.1483414076815227e-15,6.1121766246543224e-15,5.151579365957743e-32,1.1081059131526157e-24,6.540203975829568e-19,2.1407740548900123e-06,1.1522594510998965e-07,6.17322393613075e-05,4.4032850188826275e-08,6.594289764626191e-14,1.2359145547875363e-12,6.626443385880467e-13,1.7466959676602936e-33,2.364755812069974e-10,1.7223742713046506e-08,1.4802855715694573e-11,5.92949390742354e-09,6.218683966387382e-39,5.0161475745549914e-15,3.0296439218092235e-10,1.5065324093330476e-14,8.110379946646607e-14,1.5597973628453594e-11,2.936020227273601e-23,1.8947990273888465e-20,3.9508509518272387e-16,0.0003333389715356173,3.4769179938556535e-07,3.973811310343735e-14,7.297994288027701e-11,2.432140939771975e-31,1.6075645447610561e-18,7.012117462813174e-23,4.211273125948768e-28,2.1653108878295582e-24,8.201870778584934e-31,4.870449009772581e-09,2.1810994212891242e-07,2.616144193808589e-11,3.509973799549624e-06,6.547159558438325e-26,3.5871955308851904e-24,2.205450862403533e-11,1.7799779268455393e-06,4.7561721816956407e-26,4.942272511018755e-18,1.5034940308286328e-34,2.6757090308224478e-25,0.0,0.0,3.5646473366202235e-16,1.0702615083697669e-14,1.5103511447880265e-23,3.4587382953414507e-15,4.256369716304168e-33,2.0430732957026488e-22,4.256838525866787e-33,6.337209426488609e-37,7.534847645848778e-32,9.002617969362914e-18,3.835055350234488e-15,2.7901477015471234e-16,1.1086734242065639e-26,2.9846686210575786e-22,1.1277151110437065e-25,1.1414244624141826e-19,7.65388741529949e-15,2.829647094906494e-29,1.8554820242379433e-31
163.5121402261457,2.8976638938391233e-09,0.00017699715609239663,2.089527997294127e-17,6.269069245790671e-16,2.92348321751287e-18,2.537487878387517e-16,4.465992589263601e-22,7.252148021904352e-17,7.63908245704563e-42,1.98551336857455e-32,1.9640348118512342e-41,6.41151180637782e-23,3.9316087926798883e-20,7.567907622115334e-30,5.700975588976395e-22,3.472440831523549e-22,1.2770812290581795e-51,1.0177211200676849e-36,6.070067107575498e-34,9.207695854798265e-40,3.937026531164148e-46,8.62351471891819e-38,7.989689841309923e-12,2.838401839468136e-12,1.0269942947061692e-12,1.4619019437241513e-11,2.8603849451628885e-31,3.687427120279058e-25,2.006406479825062e-15,1.543113145097679e-11,4.3105915968270396e-38,2.355242503231844e-40,6.953293590295725e-27,4.7531741540553686e-26,3.6678569762188904e-25,3.883795449206759e-23,3.737035096509054e-20,6.287921207825728e-19,3.886986786455102e-18,7.50241634514068e-09,9.405968502092582e-09,3.076686528088688e-14,9.667604768547789e-14,7.444591298238276e-13,1.7874376667124653e-12,1.2661023326465176e-21,5.668104761748671e-19,2.6234199893571973e-17,0.0005242968229559346,0.4999336384441659,0.0002107352179538439,0.24979887654518892,3.181074480784823e-05,8.598807684715791e-09,1.0818604729292501e-20,1.1392035855009568e-19,3.5514537338237653e-16,2.817938876492068e-20,1.4842302469850648e-25,2.24887038994733e-21,4.3959078761782617e-26,2.432625336512806e-19,1.9962277815150333e-09,1.3297827334342932e-07,2.376959892483514e-18,2.6940201631134584e-14,0.0,4.39289551029679e-30,4.6832340103135404e-33,6.431950375280856e-05,4.584344087879108e-08,8.903172383805818e-20,2.4492326318030187e-35,3.0265805725290585e-10,8.090149410797974e-09,6.260414028236678e-16,3.0803334590895294e-14,5.162584213917229e-15,6.554392642095705e-17,8.358692507647625e-13,7.19688209511992e-21,2.9222609228565614e-31,3.2078347373690463e-22,6.058917002040505e-18,0.09996602096234103,3.351051505215137e-05,4.700127229075747e-07,1.0512119956078002e-16,7.5809029338610345e-28,1.4688546583653713e-15,1.8380708023564636e-12,2.3589290432194944e-19,8.021329636014631e-13,2.0439884001072627e-32,4.410145880806338e-15,1.4033479253607181e-14,3.2935017751307134e-31,2.772301754313521e-24,2.76835345347023e-18,2.0907729271683695e-06,1.6522707283163314e-07,6.170255954243459e-05,5.6271423711999525e-08,3.54584875153484e-13,2.363883243557581e-12,1.8639897923023327e-12,2.3407683079577216e-31,9.707269561407511e-10,2.644551638666481e-08,8.345605307191532e-11,1.2693731104891676e-08,1.719583590659887e-37,3.2311148735473713e-14,9.327236437906457e-10,5.990561550138158e-14,4.4278445768777506e-13,3.117380877689487e-11,3.4696473745502883e-22,8.112512284458453e-20,2.3027261279750427e-15,0.0003331012610008615,3.832709347814073e-07,2.4334733353216873e-13,1.5540211129105811e-10,4.44347870367498e-30,1.6133084468348036e-17,3.7966199002610273e-22,3.873125547065333e-27,1.0358063524316402e-23,5.8298058606794005e-30,2.0550610210432135e-08,3.1375052305378035e-07,4.0084618718257226e-11,3.509959821163282e-06,3.0164489680651064e-25,9.22610692964366e-24,2.5051174833770172e-11,1.7799749062160185e-06,3.4974412554754893e-25,1.486883944015217e-17,1.9481963054489536e-33,3.4854099274797785e-24,0.0,0.0,7.539743671060129e-16,1.2632805565699364e-14,3.888660328516427e-23,4.016851363357137e-15,1.5796538898703725e-32,3.072566115313663e-22,1.5798804149570937e-32,4.8363261610502114e-36,1.582636625016358e-31,1.2781453736065812e-16,2.284827981608244e-14,2.214549120439142e-15,4.6485749193479035e-26,7.353128799282368e-22,2.8430714766585776e-25,4.249828899015852e-19,4.6492611846551934e-14,4.19182669642239e-28,3.143786591668955e-30
236.45231729355083,4.203623504854435e-09,0.000176995820238098,1.2862449691095863e-16,1.4508814396792223e-15,2.3259131914034388e-17,7.282214478717083e-16,3.184168638645145e-21,3.02335208037359e-16,7.867642992549494e-41,1.609935497604006e-31,1.3263089940649585e-40,7.1073219177531045e-22,6.846415938617006e-19,5.465255945852933e-28,3.4203415653393605e-21,3.899059587546332e-21,3.024037114926331e-50,2.0370446844115892e-35,6.128846806953869e-32,5.775659592084598e-38,3.7626378057567465e-44,1.5919110267846312e-35,1.4846120144170846e-11,3.8837444967443184e-12,2.098375597751392e-12,1.3519473691771705e-11,2.4424592033715275e-30,4.533135455309862e-24,4.374528144061097e-15,1.67294444040072e-11,1.7571437685277944e-36,8.456919519886082e-39,2.0143797081713284e-25,7.619926682180523e-25,4.493069801037324e-24,2.3105363902967175e-22,1.126984090473378e-19,1.9405227076178615e-18,6.051655059905382e-18,1.458526770561565e-08,5.4256656590843144e-09,2.304392586029053e-13,4.4986940996826353e-13,5.897322717641779e-12,8.047369621187731e-12,1.2451315289570693e-20,2.739449786990204e-18,6.629429966481171e-17,0.0006701092153690872,0.4999236058039325,0.00031071127332367356,0.24970793104632813,3.197125967205328e-05,8.035114534306276e-09,3.353013552764031e-20,3.3350325399952185e-19,5.051121006778632e-16,1.388020498121952e-19,7.77919226771283e-25,6.136097804431756e-21,1.7229281679224388e-25,3.720758700314994e-18,8.12368366158723e-09,1.9947470243160427e-07,3.803508647773277e-18,2.8634705325113427e-14,0.0,1.345042293359938e-29,5.820389492722316e-32,9.469593084735666e-05,9.349774251093457e-08,1.2667905777009814e-19,3.478315288658379e-33,5.768318607445279e-10,5.2771202402491736e-09,7.213483523474987e-15,1.953349589081227e-13,4.5327409374514675e-14,2.132990115656795e-16,5.607542866975685e-12,2.2651782410944612e-19,5.0266855511219e-30,1.5886344549031847e-21,1.5478489897213068e-17,0.09995105444295302,4.845452495266111e-05,4.925222104352207e-07,1.4092755463687627e-15,1.1097871597454088e-26,1.0662717553765822e-14,4.168997209175659e-12,9.383567448010508e-19,4.5689158081110054e-12,7.378747399874019e-31,8.365379101198004e-15,3.237482906787448e-14,1.865994263870493e-30,5.986087892638113e-24,9.607203212867608e-18,2.019967141509018e-06,2.3603285849098325e-07,6.166395314802411e-05,6.882815641152592e-08,1.6779436915527049e-12,3.883176652523674e-12,4.311238536669569e-12,3.419557015509542e-29,3.660215090707716e-09,3.7253853926646236e-08,4.120693543471613e-10,2.3423561052755334e-08,3.6128774477701125e-36,1.7585732868925152e-13,2.390350349073485e-09,1.80359742421387e-13,2.109826992480312e-12,5.131356884943872e-11,3.6764573731365816e-21,4.141900335774158e-19,1.220057832396206e-14,0.00033280430081034454,4.0944103252384835e-07,1.3372470492671389e-12,2.861671920398108e-10,5.834478453061262e-29,1.41394289744498e-16,2.3997322922116134e-21,3.9159890215221005e-26,3.833651933968613e-23,3.8961748376729127e-29,7.60144215597327e-08,4.084904897933761e-07,6.195930589218696e-11,3.5099377111497183e-06,1.2806798136629221e-24,2.0958862131505015e-23,2.7627029635854347e-11,1.7799722168883636e-06,4.47135349758854e-24,3.956842898553252e-17,2.2082782492414357e-32,3.917156235336676e-23,0.0,0.0,1.465293151939731e-15,1.5359115591415845e-14,9.38877935196339e-23,4.013675255181513e-15,5.252037640587013e-32,4.2831898222538725e-22,5.252884669218401e-32,3.114541633400065e-35,2.8920288614851193e-31,1.6354526159652296e-15,1.1854866843170109e-13,1.502022010386136e-14,1.7997839723133717e-25,1.6010089923127339e-21,6.060910983643249e-25,1.7480528194389164e-18,2.47867740621234e-13,7.963513142418313e-27,7.624877664312929e-29
341.9299525782251,6.1406277578409516e-09,0.0001769937835328094,6.395992297030873e-16,2.5366797118900126e-15,1.394902312979063e-16,1.4932126270278103e-15,1.8527202314897258e-20,8.852107235154774e-16,5.187927463330843e-40,7.853973032054745e-31,5.736596441861923e-40,5.747818908656096e-21,9.859891971352267e-18,2.901540529978411e-26,1.419682946448346e-20,3.24056695179542e-20,4.956643346120781e-49,2.257172575836527e-34,4.7038377284570395e-30,2.4372500516629983e-36,2.5588298092784752e-42,2.0031484720395567e-33,2.227501194929309e-11,5.467610316237217e-12,3.2538167059819946e-12,1.2051140234942114e-11,1.4402755337380952e-29,2.976836479739134e-23,7.66281009312041e-15,1.351318888192953e-11,4.4333997924516924e-35,1.3984955699879815e-37,3.942892164874538e-24,7.661212957711981e-24,2.929578266658192e-23,6.614848590594076e-22,2.478917869462695e-19,4.582336764353998e-18,6.422114174093393e-18,2.3545115381790734e-08,2.6611053807138302e-09,1.534826154602542e-12,1.722157569727288e-12,4.015405564580768e-11,2.7600168051182886e-11,2.792116675616087e-19,9.368590608416851e-18,1.3014727081694354e-16,0.000870694724687994,0.4999325173511261,0.0004552677807470141,0.24957972199806006,3.187859352548952e-05,4.4938095819941004e-09,8.321078722475297e-20,7.907275335052555e-19,4.512743510900208e-16,4.223992102274504e-19,3.062961558105627e-24,1.1823331314985425e-20,4.474692078604909e-25,4.1531718596286174e-17,2.42008783895604e-08,2.370386170403375e-07,5.1559454514437645e-18,2.6282364896742553e-14,0.0,3.079413323124125e-29,4.876434774910034e-31,0.0001289129305902925,1.3018441926642175e-07,1.4219177818285793e-19,3.0391587468234816e-31,7.598109596646298e-10,2.4401586958366457e-09,7.463953441579203e-14,9.7442678868253e-13,3.0822350898924447e-13,6.172386587302874e-16,2.8083840795870684e-11,3.893415053510737e-18,5.958347647178844e-29,5.729278472038623e-21,2.6690951143297358e-17,0.0999294473579175,7.00597612022372e-05,4.943709964005255e-07,1.4826407272243542e-14,1.3347826175504672e-25,6.298843233639282e-14,6.874560533523818e-12,2.8444601084911155e-18,1.8791094413224297e-11,2.1582513897303176e-29,1.3871308447052225e-14,7.113744593242126e-14,8.310703315112258e-30,1.0038435996826366e-23,2.5138674818463358e-17,1.9207257652779376e-06,3.352742347220623e-07,6.161955532323506e-05,7.9911231373284e-08,6.521722351112611e-12,5.338590841699086e-12,7.498716027485966e-12,3.6819638585590426e-27,1.1916120144191132e-08,4.743946081964969e-08,1.6144171460913632e-09,3.487596739333188e-08,4.930992882416497e-35,6.917120066719498e-13,4.563278600970894e-09,3.5302821763286905e-13,8.116148233390481e-12,6.470151873721493e-11,3.227193254824593e-20,2.1652629798796276e-18,5.4116383290583593e-14,0.0003324648075675577,4.3358974298204007e-07,6.054901861733083e-12,4.30072730327496e-10,4.540239980458133e-28,9.652207856799484e-16,2.855796295936445e-20,3.6186673865563947e-25,9.139209160794269e-23,2.2651291185681714e-28,2.245753609611201e-07,4.845351636224182e-07,9.6169029947656e-11,3.509902628505438e-06,4.61265361549581e-24,3.844232711718208e-23,3.025115132596414e-11,1.779969153695759e-06,6.616838137571888e-23,8.304750916748745e-17,2.043848453623442e-31,3.257269858318329e-22,0.0,0.0,2.4631905401956825e-15,1.870051241501731e-14,2.0287814482945637e-22,3.29601104888491e-15,1.4426486677175553e-31,5.281007343543179e-22,1.4427891645737276e-31,1.5270046256633206e-34,4.218198634501513e-31,1.6581573676558305e-14,4.778095555654372e-13,7.621901688928881e-14,5.916352265913525e-25,2.8830130790822e-21,9.726080656738947e-25,6.639280740659261e-18,1.0368487998501372e-12,1.2522882730300913e-25,1.5977258159134365e-27
494.45949106516065,9.022974456821145e-09,0.00017699059472754865,2.242540303925599e-15,3.0320304272315163e-15,5.128916568123679e-16,1.8806604203991723e-15,7.308346318584759e-20,1.4483729852387107e-15,1.7943194812719913e-39,1.8139736182677645e-30,1.3857830992890745e-39,2.6237705217606294e-20,8.466887904055838e-17,7.980122449101236e-25,3.095507103533191e-20,1.5599151383395846e-19,4.768733008750205e-48,9.748624440075211e-34,1.926566849957741e-28,5.062436276367586e-35,9.503532399016205e-41,1.060136646048066e-31,2.5548036970346266e-11,7.214766537827347e-12,3.594395569442077e-12,1.0525369806717583e-11,5.109581770981562e-29,8.440258951607879e-23,1.0301866887482386e-14,8.500564758009853e-12,5.24022834658326e-34,7.951097900955022e-37,3.7964466483425905e-23,3.7034324348339e-23,8.18404966977818e-23,7.638664261517969e-22,3.419133969902283e-19,7.082781453504131e-18,4.119891723088651e-18,2.998517893342027e-08,1.3163136334393295e-09,8.329336602750833e-12,4.931799096095864e-12,2.0907167293305716e-10,6.492634955132995e-11,4.28331999941315e-18,1.9467520736342782e-17,1.7357386856277799e-16,0.001138835413191986,0.499995234502093,0.0006640044891225204,0.24940179338769383,3.170854893834978e-05,1.1734502888185203e-09,1.5293443517146038e-19,1.3964392204729314e-18,2.306685159979338e-16,6.901894785577655e-19,7.837556094100272e-24,1.453808003305197e-20,6.206512615774239e-25,2.777278039764175e-16,4.7076069427892884e-08,2.314192833277663e-07,5.781432192085006e-18,2.1130196844538358e-14,0.0,4.5063895696970934e-29,2.3629111953895768e-30,0.00015704931861139915,1.1508860230854326e-07,1.1979491210962622e-19,1.0249241608385071e-29,5.684499167906339e-10,8.566072275311702e-10,5.529602123490742e-13,3.2841514792392594e-12,1.3157325343041937e-12,1.5904967817464934e-15,8.608886745995812e-11,2.612649558784752e-17,4.218993653539761e-28,1.2944909631345273e-20,2.792311051238342e-17,0.09989821940169526,0.00010129181823425393,4.902701866442778e-07,9.632254398963996e-14,1.367359074362423e-24,2.6603409255299955e-13,7.389313740506131e-12,5.703980607677537e-18,4.8286758053202814e-11,3.146097424188149e-28,1.917473319250454e-14,1.3681731277678085e-13,2.4594184121778218e-29,1.1578492204490625e-23,4.604811250366711e-17,1.7838322508375344e-06,4.721677491624657e-07,6.157774568080729e-05,8.78119387081328e-08,1.9287202293728826e-11,6.0990182251479036e-12,8.876657456565769e-12,2.125896887865507e-25,3.085390896214912e-08,5.417250872912811e-08,4.365265424823062e-09,3.9280141717516574e-08,3.502365850413918e-34,1.6386423099698487e-12,5.58887224761453e-09,3.8264567790093853e-13,2.3200289997269015e-11,6.159259344146188e-11,2.0811284267294793e-19,9.24445359551707e-18,1.7744756691141403e-13,0.00033211715896723146,4.641717636352958e-07,2.0520776130998897e-11,4.963031556690816e-10,1.8513212418162493e-27,4.335800596613181e-15,4.0734028618644167e-19,1.894894865683505e-24,1.1219095323779463e-22,1.0271347007474807e-27,4.868531508470554e-07,5.366930959788437e-07,1.4891339943097085e-10,3.5098477930258556e-06,1.271331019625567e-23,5.071484970091158e-23,3.363734814885416e-11,1.7799646868556802e-06,6.937894623482965e-22,1.185429110598757e-16,1.3394849971313363e-30,1.5683844456059524e-21,0.0,0.0,3.454117451078488e-15,2.19570882417781e-14,3.6369551370157955e-22,2.36371856745426e-15,2.8765770805257344e-31,5.444466755355442e-22,2.875877844995117e-31,4.854616858662013e-34,4.3419083209247e-31,1.1133643197205149e-13,1.296857506712749e-12,2.39708755605583e-13,1.503027339555103e-24,4.102722623369163e-21,1.0752765703073872e-24,1.914747417100025e-17,2.9386978648917717e-12,1.132167505015244e-24,1.8497661185871647e-26
715.0300418577249,1.3307733710514053e-08,0.00017698564261408898,5.059924548358405e-15,2.6447106962927527e-15,9.35306797464307e-16,1.4697852601854157e-15,1.52744425054013e-19,1.1065433253112567e-15,2.913581678429535e-39,1.778509216517135e-30,1.854201952557969e-39,4.8643216683931505e-20,3.1132684167685993e-16,7.518801139084885e-24,2.5591323506406062e-20,3.2084112223424665e-19,2.4384253205243784e-47,1.1496196724930114e-33,2.8761625887467695e-27,3.5963996927988526e-34,1.4297472461518513e-39,1.2417590634999399e-30,2.399412045353915e-11,8.65118653531187e-12,3.035464274768012e-12,8.940772020863211e-12,1.0092710494500163e-28,1.0503407787923471e-22,1.0915530991031708e-14,5.058691257414389e-12,2.3377459676023398e-33,1.4653837980068788e-36,1.528832881392619e-22,7.835157599430927e-23,9.918301487595006e-23,4.437371747101655e-22,2.76999341105171e-19,6.567007604216722e-18,1.8241498459813417e-18,3.2130612794358814e-08,9.203864415245454e-10,3.2336798526715224e-11,9.76094209697266e-12,7.338750262934677e-10,1.0320553134782844e-10,2.5040979239635818e-17,2.30151498202827e-17,1.525802074711998e-16,0.0014904133809149527,0.5001680346648109,0.000965255666010848,0.24915705649715494,3.148370842443608e-05,2.2986769900497218e-10,2.018673990010067e-19,1.6973025582875026e-18,9.396108136278238e-17,6.005721209600889e-19,1.2284346215078483e-23,1.2197099712533876e-20,4.192722885859561e-25,8.496275475462938e-16,5.888882271256695e-08,2.0286780278902226e-07,5.8057598863792874e-18,1.6240325515301526e-14,0.0,4.1823028290647925e-29,6.250712176604756e-30,0.00016228039833166477,7.524658817073427e-08,8.525495062556126e-20,8.152497665559357e-29,2.2183281287086195e-10,3.9730025224073347e-10,2.2117319192028568e-12,6.481238525797953e-12,2.8109263011388988e-12,2.922249372280678e-15,1.3644307034645108e-10,5.705234248583856e-17,1.6322808527487723e-27,1.7671154244585668e-20,1.86730967542217e-17,0.09985308489245642,0.0001464322376212815,4.843600384091727e-07,3.0230707816946553e-13,7.364879198727605e-24,6.921352445992898e-13,5.195719137857854e-12,6.97796951349012e-18,7.250700855497265e-11,1.6106529269035903e-27,2.2326245475448893e-14,2.0680986389340675e-13,4.2993382836988413e-29,9.341347554599577e-24,5.881872643355095e-17,1.5996333712653972e-06,6.563666287346027e-07,6.154693372316715e-05,9.200472266459454e-08,4.1969098268442444e-11,5.951965364030652e-12,7.0907673051307705e-12,4.621505241420987e-24,5.951663159032888e-08,5.61323506912166e-08,7.16177013410333e-09,3.389311634217475e-08,1.0101789584089574e-33,2.0382071961606703e-12,4.0871343162499626e-09,2.206096461691505e-13,4.7612575447360844e-11,5.0489380785508406e-11,8.460619121512742e-19,2.7434133645446558e-17,3.7366058626340985e-13,0.0003318100565421286,5.077699604737094e-07,4.911887595818391e-11,4.395599195030221e-10,4.8863641946211824e-27,1.0939367055012177e-14,3.475477910848724e-18,4.189123371619537e-24,6.476239669789663e-23,2.2015264921271973e-27,7.721792163503329e-07,5.708556739780515e-07,2.273510565282069e-10,3.509767001610556e-06,2.5396674227421285e-23,4.604229063077419e-23,3.82580106643921e-11,1.7799587511289793e-06,3.6399315543195424e-21,1.0531948220902091e-16,4.930765629962556e-30,3.226258044334884e-21,0.0,0.0,4.15654095252702e-15,2.3509284612086594e-14,5.05348261193508e-22,1.7078236755057008e-15,3.657202415301687e-31,4.607426559581163e-22,3.652547444140182e-31,8.449004759803452e-34,2.9772610516672397e-31,4.078923668882863e-13,2.1616832222768907e-12,3.918057832605513e-13,2.9066568849349932e-24,4.765826903012009e-21,9.240699892429657e-25,3.873496985301023e-17,5.027963735140114e-12,4.937251226386514e-24,9.185330240638927e-26
1033.9936233354333,1.9605830025279598e-08,0.0001769783573076237,7.527591848650805e-15,2.06111489467972e-15,8.366644804331757e-16,9.331734563409694e-16,1.5074745238045155e-19,5.063511077505676e-16,2.5031255181308815e-39,9.276176466363036e-31,1.5609055482401787e-39,3.210996664666493e-20,4.0325320029495353e-16,1.857092684970152e-23,8.750164062489961e-21,2.5026652081138983e-19,7.061202320557987e-47,3.213085464006577e-34,1.2244613537104026e-26,7.2425415733018945e-34,7.628788891249713e-39,1.919998182816718e-30,2.1233643683126498e-11,9.319930362550466e-12,2.317369031487573e-12,7.32176436494007e-12,1.1650299758677054e-28,7.063018408407167e-23,9.663955756325993e-15,3.0242334541105584e-12,4.280764527233512e-33,1.0879575366026713e-36,2.3115309900559484e-22,6.655218349051767e-23,6.443358036408942e-23,1.79818853598626e-22,1.5540160243514236e-19,3.770669768177275e-18,7.682084065762982e-19,3.2557600827387134e-08,8.648009359445074e-10,8.022235993394808e-11,1.3435569955327585e-11,1.6746754702484335e-09,1.2141986174394892e-10,5.641010666990717e-17,1.7819738086455082e-17,1.08396590890686e-16,0.0019631031151808513,0.5004978733665792,0.0013998027435820045,0.24881566878382777,3.118572343585565e-05,1.0974762206841843e-10,1.9864009097136864e-19,1.4914159874266589e-18,4.0788826417476805e-17,3.390785245064874e-19,1.2991657503987407e-23,8.147789866911827e-21,1.7607544328684527e-25,9.60932902694518e-16,5.3534194645233817e-08,1.6743035868419246e-07,5.795724085095074e-18,1.2522384301290283e-14,0.0,3.100548809839884e-29,9.623644112198052e-30,0.0001352633925482521,4.536985892470778e-08,5.651718309139942e-20,1.2679570117533069e-28,6.910269210616354e-11,2.987479224937131e-10,3.9116403096509855e-12,7.457671902089204e-12,2.798713143257331e-12,2.9149978810512457e-15,1.1799999880123815e-10,4.824058933662422e-17,3.6126700687785686e-27,1.6809264269278805e-20,1.0195335245071276e-17,0.09978786768505803,0.0002116572331194786,4.7657193867635515e-07,4.2132768478344785e-13,1.4372483374258918e-23,1.01733801324528e-12,2.982292501877777e-12,6.000941313647245e-18,7.12653080764683e-11,2.8106306318848267e-27,2.3569432284283138e-14,2.2256324354366435e-13,4.968196170228126e-29,6.815212433237512e-24,5.746822387073262e-17,1.3610181714862858e-06,8.949818285137147e-07,6.153079662047414e-05,9.355710083359572e-08,7.143394071002496e-11,5.22846168962705e-12,4.557058033762239e-12,2.958551705699425e-23,8.61199689290292e-08,5.449152320258081e-08,7.1995981124247955e-09,2.523858800873293e-08,1.1227708898765668e-33,1.376686233741893e-12,2.2062682969278607e-09,8.843345654272851e-14,7.356325820083265e-11,4.013508703097678e-11,1.8975116474170357e-18,5.662138018614738e-17,4.814003432666084e-13,0.0003316027450918863,5.708491259923419e-07,8.381158161831836e-11,3.3904256749216945e-10,1.0048264636539793e-26,1.4912833007924153e-14,1.4314618869941847e-17,4.399637162065642e-24,2.5047746996133683e-23,1.6453609753216537e-27,9.637844479436025e-07,5.933292878632867e-07,3.3523829813079236e-10,3.509658645842713e-06,3.954978712965616e-23,3.461943346745349e-23,4.4063903324483327e-11,1.7799524511428412e-06,7.985942141582848e-21,6.888234676915017e-17,8.276083182324452e-30,2.516703642806568e-21,0.0,0.0,4.515194356779673e-15,2.1526992941280504e-14,5.297873716217245e-22,1.2659534473070203e-15,2.9319279181762545e-31,3.1849844350519577e-22,2.9220920063996114e-31,7.979814389923808e-34,1.5054919957758574e-31,7.542375911926912e-13,2.358791841375288e-12,3.445473597177939e-13,4.653874173587206e-24,4.8312333765251335e-21,7.549765231153721e-25,5.924268132518227e-17,5.375482124349732e-12,1.1283445226928338e-23,2.1123742855859283e-25
1495.2418087505669,2.8689262647007844e-08,0.00017696829780072877,7.70471505321595e-15,1.4948515230407422e-15,4.806113659155639e-16,5.404197205312563e-16,8.750088818439396e-20,2.0567739217481336e-16,1.4305711313719767e-39,3.783924595852947e-31,9.219255667473076e-40,1.226115668343693e-20,2.434756197966174e-16,1.425950677504435e-23,2.4260734234870173e-21,1.0516255778093737e-19,1.3747704076800878e-46,3.443109539532543e-35,1.5293452450845515e-26,4.959513950852408e-34,1.7401810093521592e-38,5.561346918160104e-31,1.860315799982982e-11,8.963628587492619e-12,1.7070115489427175e-12,5.682558311683049e-12,8.755539344524041e-29,3.044689462438239e-23,7.354105658828956e-15,1.707601477699867e-12,4.921395819517876e-33,4.213033864543746e-37,1.3152858532868333e-22,2.4458215946862437e-23,2.690888310429358e-23,5.612664748187171e-23,7.519231501286238e-20,1.4639960779216088e-18,3.036483792419751e-19,3.2681997282054206e-08,8.68601070645252e-10,1.2579980118997987e-10,1.375112464420883e-11,2.686152828720622e-09,1.1390983885172604e-10,6.080515042659876e-17,1.1900610570070648e-17,7.374231708184179e-17,0.002642068877539977,0.5009806294433494,0.002026075640811515,0.24832375046753064,3.076831308335391e-05,6.552466359990649e-11,1.554671764179904e-19,1.0608484985486976e-18,1.6629988476990134e-17,1.460953950426081e-19,1.0681642920428075e-23,4.559540323858085e-21,6.180103665611571e-26,4.4112075503608986e-16,4.055793380663581e-08,1.3279723819686947e-07,5.823575023658679e-18,9.496104945789328e-15,0.0,1.8172596493225144e-29,9.511054698048e-30,9.384949066532879e-05,2.610061248438227e-08,3.172941817382495e-20,6.318399197996225e-29,3.757694159993592e-11,2.463000421006356e-10,3.420681842588834e-12,5.7979438179729626e-12,1.624069299809662e-12,1.620523110632489e-15,7.188165232069772e-11,2.2740209890307637e-17,5.102791978711342e-27,1.2869176418950849e-20,5.26763190925758e-18,0.0996936720863254,0.00030586361539960803,4.6578839106128355e-07,3.346749810251611e-13,1.2485245681648931e-23,8.825244877650398e-13,1.622706631619945e-12,4.366016515249506e-18,5.356947026549823e-11,2.2585755965864625e-27,2.402126957754116e-14,1.7403554703010887e-13,4.2309005969644055e-29,4.990819235077004e-24,4.804061295004205e-17,1.069011634602267e-06,1.1869883653977348e-06,6.153222469102065e-05,9.407762879327767e-08,1.0411431000601816e-10,4.276094639245524e-12,2.677852317430622e-12,6.084820431967404e-23,9.851945950779556e-08,5.088174395598236e-08,5.178394737289032e-09,1.7528409967123275e-08,6.137583696154738e-34,6.371527416848842e-13,1.0925100243757727e-09,3.185200664961237e-14,8.960711944199937e-11,3.1091423115243824e-11,2.242447302066241e-18,8.914625366058776e-17,4.235968660538991e-13,0.0003315152931506326,6.620918250617467e-07,1.057219498203322e-10,2.5528124099104144e-10,1.2760944060368994e-26,1.2296087418349709e-14,2.825967884581329e-17,3.124349076955283e-24,9.180569477253806e-24,6.337746191979224e-28,1.004432016021123e-06,6.149493292377197e-07,4.759225162747504e-10,3.509519230426367e-06,5.316900605505794e-23,2.582382338472724e-23,5.1846585965225754e-11,1.7799452026471543e-06,8.126902455634041e-21,4.302734492850928e-17,6.736125252545931e-30,1.0575156778310245e-21,0.0,0.0,4.569567476892192e-15,1.7200808058512418e-14,4.288562856194325e-22,9.286210550765811e-16,1.6507101319982406e-31,1.8440845669637386e-22,1.640296278450286e-31,4.898918255260457e-34,6.183011596444071e-32,7.869555080160643e-13,1.9342026739973265e-12,2.0686665727824388e-13,6.5218029816231045e-24,4.42228724745286e-21,5.782698024195587e-25,7.654436523923374e-17,4.21559268443618e-12,1.638443357961429e-23,2.884951218598439e-25
2162.245507301719,4.1613918361139814e-08,0.00017695487172878158,5.493306926598749e-15,9.851814618856467e-16,2.218011017552497e-16,2.7909200710791976e-16,3.940785638385253e-20,7.446813830694226e-17,6.229705540953046e-40,1.4610234131464327e-31,4.170904999624679e-40,4.1380197561978046e-21,1.0060198723101544e-16,5.0979816129545386e-24,6.094387481403672e-22,3.410522387953909e-20,2.069483250291248e-46,3.3852458548657483e-36,7.124255467189089e-27,1.6343751727104796e-34,2.409139587508315e-38,7.281122814132388e-32,1.6276609682630485e-11,8.271848019702597e-12,1.2117317279925188e-12,4.226020270167582e-12,4.8184254220750797e-29,1.0314484143712358e-23,4.9692106785471786e-15,9.062463422648252e-13,5.027903558567362e-33,1.1457725626630972e-37,3.918017965978212e-23,5.309803501253678e-24,8.92087216778134e-24,1.5067887314990492e-23,3.469806926142459e-20,4.671405121704915e-19,1.1173809413198518e-19,3.2759601682671947e-08,8.772794501071272e-10,1.3120581403575336e-10,1.1015222782850578e-11,3.2733950295598467e-09,9.084490746925199e-11,3.7664855952581e-17,7.687294052023316e-18,4.88584104323959e-17,0.0036472754810912334,0.5016146276245838,0.0029272122113142823,0.24760445383374557,3.016965778737294e-05,3.75394461375427e-11,1.0378859589722145e-19,6.634326932529592e-19,6.237660996778001e-18,5.503136540161672e-20,7.56048589924069e-24,2.2106972324587748e-21,2.0304511398717342e-26,1.2247638487670553e-16,2.8709016406844643e-08,1.038544402650497e-07,5.82888606034427e-18,7.0044942353238254e-15,0.0,9.215108203741109e-30,6.820838363979775e-30,6.213557495079964e-05,1.4551503858936444e-08,1.6168386081184055e-20,1.7686554462634522e-29,2.797848370240109e-11,1.9760093738087825e-10,1.9550647825361694e-12,3.4222638795790592e-12,6.804123647020309e-13,6.168743510412794e-16,3.665268034605654e-11,7.730376328675597e-18,4.945191431974465e-27,8.555615526806231e-21,2.586817825425417e-18,0.09955771554169796,0.00044183543468960214,4.5051372847992204e-07,1.9393236233431522e-13,6.792908358748073e-24,5.253394654681917e-13,8.534035410378231e-13,2.8696512691738534e-18,3.4075009739974245e-11,1.2627816563434358e-27,2.4126553150649287e-14,1.2102374483587258e-13,2.8951916276187775e-29,3.580656388468354e-24,3.7767786523191295e-17,7.414176944034822e-07,1.5145823055965201e-06,6.155115827074842e-05,9.447818099045255e-08,1.3532908575748516e-10,3.26567918032583e-12,1.4481453565237598e-12,5.0117178859741026e-23,9.282787045453565e-08,4.59190675793233e-08,3.1021815055586126e-09,1.1468623052597861e-08,2.2582360937893684e-34,2.541985075908328e-13,5.04756187575243e-10,1.0496123870534674e-14,8.704925494842141e-11,2.3509619299139776e-11,1.5045948388983396e-18,1.121362120566072e-16,2.882694921460195e-13,0.0003314776749406433,7.937267569236614e-07,1.0458676004303596e-10,1.9232304412661673e-10,8.927124579919397e-27,7.529255601797784e-15,2.982526717185104e-17,1.8629401803847826e-24,3.1946571810112703e-24,1.9725394433339144e-28,9.299990398818223e-07,6.473387787579485e-07,6.670998640318414e-10,3.5093296668287796e-06,6.39187377931977e-23,1.9013100755623743e-23,6.377089564133844e-11,1.77993422080321e-06,4.663812416895746e-21,2.6719525818779554e-17,3.679688352847054e-30,3.4294359418429196e-22,0.0,0.0,4.419230880550892e-15,1.3410705112734871e-14,3.13469474408686e-22,6.665623319842997e-16,8.088795425360938e-32,1.0174992613703077e-22,8.010822288809305e-32,2.5471048145136075e-34,2.38365230060968e-32,5.557078756906181e-13,1.3326011171425066e-12,1.0146892580781747e-13,8.229464260513548e-24,3.734621087400962e-21,4.168866186151021e-25,9.117518161035405e-17,2.7925739653890005e-12,1.8256302485858617e-23,2.945964355323989e-25
3126.7889959237978,6.005243797785467e-08,0.00017693664972905516,2.89128693278976e-15,6.176868425650754e-16,9.433253377393587e-17,1.346698668130337e-16,1.6245738929827422e-20,2.5131341221451574e-17,2.406762283389924e-40,5.777944882379458e-32,1.6762267343407117e-40,1.3428214411280644e-21,3.3361533556394893e-17,1.1211156866643067e-24,1.431893601883216e-22,1.0135105619459985e-20,2.658346686231873e-46,3.4359334526313065e-37,1.6561906436975425e-27,3.454490324433605e-35,2.666727114253369e-38,6.841475816467067e-33,1.4436843325448645e-11,7.619045551897843e-12,8.412713854529556e-13,3.063136886017106e-12,2.3355665085544875e-29,3.3576414582708014e-24,3.182247719800686e-15,4.63166749522718e-13,5.0116833889298e-33,3.000027680910532e-38,8.388759110356562e-24,8.52479444035369e-25,2.8341622743456267e-24,3.814422421271892e-24,1.600010520315007e-20,1.4153495322052166e-19,3.973731664277658e-20,3.2816381893835514e-08,8.882228572951529e-10,9.610822008939365e-11,7.270335582509967e-12,3.160793870385448e-09,6.711643219846904e-11,1.668280633102038e-17,4.910541060284809e-18,3.214177844233202e-17,0.005115795249300661,0.5024751263957271,0.004220674138239709,0.24655931274240503,2.933099457425891e-05,2.0623395806302626e-11,6.467657378108328e-20,3.9384566718676564e-19,2.2396977493703373e-18,1.9767454729989953e-20,5.1053864674562345e-24,1.0028782154479757e-21,6.611109303672192e-27,2.866232057789848e-17,2.0097778233241657e-08,8.059665734916054e-08,5.784993555717961e-18,5.061115928426541e-15,0.0,4.54857509096606e-30,4.2170092695887664e-30,4.153450722706484e-05,7.96151995313767e-09,8.052994912149415e-21,3.68213273037089e-30,2.0859388963982565e-11,1.5391246409893749e-10,8.697282690395522e-13,1.6514984712496773e-12,2.295816083515846e-13,2.0328002717458304e-16,1.7395526234205426e-11,2.323265553220749e-18,3.451013905898531e-27,5.377074786561687e-21,1.2370442490751771e-18,0.09936171110028756,0.0006378609379084432,4.294519199992489e-07,9.153804584562479e-14,2.8726249188286438e-24,2.638359116547195e-13,4.403194267173436e-13,1.770236637709918e-18,1.987169652687601e-11,6.533603893238134e-28,2.389274145959311e-14,8.354055484854339e-14,1.9087120765820857e-29,2.5181823784190153e-24,2.920939529816352e-17,4.2169872070058787e-07,1.8343012792994137e-06,6.158036427737872e-05,9.497834327022973e-08,1.574522458703347e-10,2.329075252826518e-12,7.252002884245141e-13,1.9348347663064393e-23,7.515378416507699e-08,3.9933706226026505e-08,1.7207014291008921e-09,7.113170005755157e-09,7.158677445101518e-35,9.692898162824352e-14,2.1945113021903073e-10,3.2146824247304884e-15,7.083388240660679e-11,1.752917199203503e-11,7.241842599250088e-19,1.1574929778107783e-16,1.6489645432031058e-13,0.00033138448100308415,9.82990754254101e-07,9.127373452033881e-11,1.4528618449763087e-10,3.5300041158832785e-27,4.089103294282444e-15,1.9928694929644564e-17,1.0507551003073449e-24,1.0803472019529943e-24,6.083796373520469e-29,8.298995978652487e-07,6.901423205574781e-07,9.382733975369005e-10,3.5090596924813132e-06,6.950584430655207e-23,1.374078783743566e-23,8.262536715710477e-11,1.779916120302085e-06,1.835061230882203e-21,1.673210705500632e-17,1.8286653226564735e-30,1.0190138625077067e-22,0.0,0.0,4.1662243063965734e-15,1.058759190398323e-14,2.3372609980668783e-22,4.715730349963471e-16,4.094443133761673e-32,5.64535253822387e-23,4.0372860618890973e-32,1.3555390641314902e-34,9.234929983450051e-33,3.300872725556069e-13,8.625451704129414e-13,4.645618279960021e-14,9.817024988476015e-24,2.9685042907662108e-21,2.935260411157468e-25,1.0688502869627011e-16,1.7564325747038856e-12,1.8713884622857412e-23,2.7713984575476046e-25
4521.600064384307,8.69421009640157e-08,0.00017691051942500844,1.3455229486808389e-15,3.890644677444222e-16,4.01853724969401e-17,6.37425822396789e-17,6.741561376422925e-21,8.33029056493769e-18,9.125547021620796e-41,2.3261152388859334e-32,6.565744330604321e-41,4.435000124010164e-22,9.640170496510104e-18,1.8109970467834444e-25,3.3156425881961594e-23,3.022264093204978e-21,3.1278445501791857e-46,3.5512310558962795e-38,2.7283360585356992e-28,6.405121866288124e-36,2.73883279880904e-38,5.66278188431736e-34,1.2971198759523315e-11,7.004314019266551e-12,5.738042496620339e-13,2.1808312537793943e-12,1.1434064322205453e-29,1.0834156729861694e-24,2.0076080268968057e-15,2.30960997741559e-13,4.9342655562092963e-33,7.990016142138705e-39,1.4939620686351328e-24,1.1355576846888717e-25,8.797831261289415e-25,9.211277041086797e-25,7.344215578163816e-21,4.1946929078292364e-20,1.38150555330087e-20,3.285386412404204e-08,9.02759096446546e-10,5.411580619871744e-11,4.213567863230525e-12,2.4886156061536566e-09,4.8387407942621005e-11,7.002427905238843e-18,3.101510040986817e-18,2.1091850358415998e-17,0.00723343191823649,0.503687243780799,0.006070837478426474,0.24505023572423873,2.8189640923237406e-05,1.1001601641471541e-11,3.9785491755742174e-20,2.3010208801086485e-19,7.848919565691383e-19,6.816631282682586e-21,3.487304329303281e-24,4.4592708015139655e-22,2.1371456836775173e-27,6.34022087061398e-18,1.3815071360740727e-08,6.184825229225096e-08,5.674189167887167e-18,3.607356929692679e-15,0.0,2.1951235896242502e-30,2.4867968386284595e-30,2.7638863500936877e-05,4.279168963051523e-09,3.929542967861465e-21,6.682539501636834e-31,1.5159342686134764e-11,1.1721583518368268e-10,3.3040315011191297e-13,6.945611441824775e-13,6.721712460354795e-14,7.205286368566022e-17,8.051334333555995e-12,6.837556731048058e-19,1.8352222675557737e-27,3.3611712746922674e-21,5.820912575715685e-19,0.09907971028945922,0.0009198897792573375,4.0142139948397054e-07,3.774957025764952e-14,1.0755808303574088e-24,1.2540768840614296e-13,2.245356200546247e-13,1.0360436605131997e-18,1.0993417841306927e-11,3.445366602788981e-28,2.3267065153235268e-14,5.671727900076081e-14,1.2418612676886545e-29,1.7408575013941014e-24,2.222931871879355e-17,1.737609241228374e-07,2.0822390758771625e-06,6.161001490552225e-05,9.563073198160763e-08,1.6145115451398646e-10,1.5588467374466362e-12,3.3938244826391583e-13,4.313718771757502e-24,5.524460277359012e-08,3.344350822431968e-08,9.158489097036408e-10,4.20685379219268e-09,2.1567251098600218e-35,3.5727120761602275e-14,9.061224331498038e-11,9.288082443929752e-16,5.3285818747503403e-11,1.3020798368645174e-11,3.1885618437916756e-19,1.0280655805176614e-16,8.513411545183184e-14,0.00033117635857273224,1.254271064175055e-06,7.837750069064986e-11,1.096032786089623e-10,8.848242266938074e-28,2.19972813784415e-15,1.0010948442352544e-17,5.928188573409455e-25,3.602785538666181e-25,1.95207520476973e-29,7.480269670236926e-07,7.384003479797891e-07,1.3198445449625553e-09,3.508678873482019e-06,6.975945136584389e-23,9.769233868645931e-24,1.1179711503154634e-10,1.7798874184126355e-06,7.561557337269716e-22,1.058305349049245e-17,9.585809289261295e-31,3.038087850802025e-23,0.0,0.0,3.851557618033532e-15,8.310208193006346e-15,1.7436977694742162e-22,3.308703349543262e-16,2.1020076979606837e-32,3.099423947669011e-23,2.0598137356035367e-32,7.231141714294072e-35,3.53541397122971e-33,1.9307644651393697e-13,5.57749390449268e-13,2.114326517696266e-14,1.1433585300316886e-23,2.238238704261812e-21,2.0394916515786305e-25,1.2616820473147467e-16,1.112964502864179e-12,1.928730949705482e-23,2.655324775855135e-25
6538.614268149506,1.268029319744155e-07,0.0001768715477438118,6.557198636811356e-16,2.4935006838528834e-16,1.7247006443948103e-17,2.9971216612159546e-17,2.8363059100392047e-21,2.7465283176297808e-18,3.386004930481631e-41,9.339948727446322e-33,2.499657067416155e-41,1.497418317803742e-22,2.5426753065995914e-18,2.3832301300342625e-26,7.656003258124152e-24,9.101890634659411e-22,3.498817910078097e-46,3.670887586958275e-39,4.229105429473514e-29,1.2744484920615088e-36,2.7574485026936465e-38,4.4062598023200976e-35,1.174981452784298e-11,6.42836883767183e-12,3.845937541055443e-13,1.5333461707754258e-12,5.662179093122886e-30,3.3837197623541777e-25,1.2452802538306056e-15,1.1326167753714961e-13,4.772207928512481e-33,2.0735016108819642e-39,2.352850602730901e-25,1.3322017943199912e-26,2.6011116966281434e-25,2.1115017384390716e-25,3.3213377107726224e-21,1.2047451380905451e-20,4.7213299192951035e-21,3.287275691653326e-08,9.228135023474787e-10,2.66317952344465e-11,2.2459319178873088e-12,1.6564328683714462e-09,3.399539572137853e-11,2.9560222554414757e-18,1.9228676477434537e-18,1.3796365044506497e-17,0.010260417044535404,0.5054256486324352,0.00870407587812965,0.24288023353356708,2.668261316977857e-05,5.755318649073171e-12,2.413452742330303e-20,1.3149748776754443e-19,2.708547260739816e-19,2.2403565756934205e-21,2.3865548848576848e-24,1.9464978412905795e-22,6.804174934332099e-28,1.3159499600198062e-18,9.17809494566902e-09,4.674041252891336e-08,5.4809850354503544e-18,2.547191663907684e-15,0.0,1.0278159921150525e-30,1.3874855432690184e-30,1.8141643732646223e-05,2.255548440981738e-09,1.875763673053687e-21,1.1226567894251018e-31,1.0757859068190128e-11,8.79164034019026e-11,1.1247233690784889e-13,2.6591157244097236e-13,1.7885332103543476e-14,3.319080316394915e-17,3.637934842108994e-12,1.966943797514928e-19,8.220568187852415e-28,2.0862825981274933e-21,2.703034162091253e-19,0.09867546144250061,0.0013241744955259027,3.655520895327816e-07,1.4197489377420764e-14,3.737965576296635e-25,5.649745290924623e-14,1.1348445713210321e-13,5.759420807774893e-19,5.7572117897726194e-12,1.823093230115558e-28,2.2210557259443754e-14,3.7416151323103447e-14,7.817019859078073e-30,1.18316549366241e-24,1.6500492275201325e-17,4.290890770169975e-08,2.2130910922982982e-06,6.163486255771213e-05,9.651936035459145e-08,1.408532334878171e-10,9.847003554785095e-13,1.493523289787271e-13,7.309580816254021e-25,3.83456593650918e-08,2.7023399818073044e-08,4.658706864281658e-10,2.38491933218874e-09,6.110079256975128e-36,1.2656388222028712e-14,3.576675623099666e-11,2.554727672445408e-16,3.9333375064721776e-11,9.645354438423939e-12,1.340667007697887e-19,8.255818514907427e-17,4.1494296052955404e-14,0.00033083533282158336,1.641656137020485e-06,6.71147743948734e-11,8.21624679471822e-11,2.1402662505929917e-28,1.182594493746442e-15,4.361027403463633e-18,3.3096705433787365e-25,1.1904216689213882e-25,6.436222646965167e-30,6.763470467294405e-07,7.864412204714324e-07,1.841873389999665e-09,3.5081573151749864e-06,6.64163960938099e-23,6.856123184547021e-24,1.552387550073481e-10,1.7798442695347351e-06,4.614198505327904e-22,6.738473695102843e-18,5.260468324990533e-31,9.146649054276514e-24,0.0,0.0,3.478480507874312e-15,6.395502457977436e-15,1.2668690501642614e-22,2.3097450525885436e-16,1.0582001556037482e-32,1.6626453162062388e-23,1.0283235888022799e-32,3.734057666325261e-35,1.3198631291347498e-33,1.1242091044689037e-13,3.596361764262685e-13,9.541463712837504e-15,1.2934030739173589e-23,1.5999674803044672e-21,1.396578446325902e-25,1.4791886140398121e-16,7.0749778842319e-13,1.9600252432537632e-23,2.5452921253685455e-25
9455.38657529853,1.850524713798316e-07,0.00017681400073381662,3.3302613516130866e-16,1.6062758766917793e-16,7.299099103751851e-18,1.3920319489083493e-17,1.1819879965929254e-21,8.95656495918515e-19,1.1992316104651344e-41,3.673313338188677e-33,9.056732445672906e-42,5.058852168222141e-23,6.21159047857169e-19,2.634443076526118e-27,1.7535885376248504e-24,2.7116233023925935e-22,3.783597183304569e-46,3.730000308397081e-40,6.277377039765953e-30,2.647868146237856e-37,2.7612854536254226e-38,3.252494104905684e-36,1.0653417466254532e-11,5.848005253210793e-12,2.528515974197687e-13,1.067738818448099e-12,2.7359984036672763e-30,1.0070846111528355e-25,7.522820981640441e-16,5.4862827612569e-14,4.456944865976013e-33,5.077403285063271e-40,3.315773754858007e-26,1.4016381790628786e-27,7.198684025043242e-26,4.577832374215395e-26,1.4689388723974686e-21,3.3088409099508217e-21,1.5919606394380135e-21,3.287299418074129e-08,9.511335172602632e-10,1.2311564966495566e-11,1.1167615467654191e-12,9.879809580354079e-10,2.294511573044466e-11,1.1749840180776405e-18,1.1607279988843066e-18,8.96815806172821e-18,0.014548144011678615,0.5079456908000194,0.012424036967982192,0.2397719166749577,2.476411050545356e-05,2.9791431313083253e-12,1.4252527882276497e-20,7.241712390051404e-20,9.24806964298484e-20,6.982076236415721e-22,1.5967482839836265e-24,8.285078614377762e-23,2.1218226005848938e-28,2.5148173629250694e-19,5.8304002700031886e-09,3.467079717242757e-08,5.19327802534533e-18,1.78708039429849e-15,0.0,4.650639600021475e-31,7.135635384432417e-31,1.1675183781664585e-05,1.1638146611828352e-09,8.76540836148568e-22,1.7532079725878416e-32,7.47073939742182e-12,6.542241946973562e-11,3.469573841819691e-14,9.411832729813285e-14,4.3951204489593704e-15,1.881251613482222e-17,1.5914022631722684e-12,5.386183159724809e-20,3.49787722475958e-28,1.2725463766695744e-21,1.238572353167744e-19,0.09809986132913133,0.001899818323763105,3.218372216518238e-07,4.932162023814231e-15,1.2081040568935898e-25,2.3791695216440965e-14,5.689364342373728e-14,3.0459383424739966e-19,2.8321620168271763e-12,9.278986441047432e-29,2.070793618112162e-14,2.3804897703626e-14,4.6978086661146225e-30,7.897202152412031e-25,1.1859030411423349e-17,6.9785292658337354e-09,2.249021470734165e-06,6.1653971591254e-05,9.777222595329696e-08,9.809809586507064e-11,5.878807439821475e-13,6.181936016164109e-14,1.089419014021406e-25,2.532731517058067e-08,2.1140156803408053e-08,2.2528450191548072e-10,1.3032420873546788e-09,1.5884228032133146e-36,4.2857190630782196e-15,1.3583144154970014e-11,6.742310835868128e-17,2.8339948235239482e-11,7.094684546318244e-12,5.2593884665618167e-20,6.075996231433782e-17,1.929052360500576e-14,0.0003303362473974605,2.1916921856423526e-06,5.571433895566496e-11,6.096062644579014e-11,7.629895166228689e-29,6.142187474417245e-16,1.7498762956007516e-18,1.7789156767129808e-25,3.901290381780983e-26,2.1293840765452716e-30,6.006741897391783e-07,8.28436261613224e-07,2.5325998977598866e-09,3.507466891660024e-06,6.072462918781149e-23,4.7581486366138604e-24,2.1721250133252395e-10,1.779782484960937e-06,3.851345297377479e-22,4.297051282554391e-18,2.864257470657488e-31,2.7235048300636824e-24,0.0,0.0,3.0540547225745516e-15,4.792337177971567e-15,8.830787274673649e-23,1.6073564507205204e-16,5.134871352104367e-33,8.663533389864143e-24,4.936663551234439e-33,1.8372185310866173e-35,4.778359667147613e-34,6.312715824488004e-14,2.2719909710284607e-13,4.200040424990447e-15,1.397779364949e-23,1.084524420621485e-21,9.4057119022809e-26,1.6825664632207712e-16,4.4259515294448266e-13,1.8696185480361203e-23,2.3206568090799583e-25
13673.284830982668,2.6758976812457926e-07,0.00017673191433262305,1.6975358137723936e-16,1.0308351386133332e-16,3.0063338896394975e-18,6.368985041913533e-18,4.822972448249098e-22,2.883010145098262e-19,3.986187777740404e-42,1.3923528451095008e-33,3.08178204779299e-42,1.6828338661172756e-23,1.4179873024213218e-19,2.4863724918140726e-28,3.9844639392829755e-25,7.905552195808427e-23,3.989587483970749e-46,3.7322075524965295e-41,8.538582232827919e-31,5.435184896597801e-38,2.7600648587505466e-38,2.325566934371061e-37,9.58993762746246e-12,5.220333095262589e-12,1.6274919730150352e-13,7.378440411533517e-13,1.2555473791603192e-30,2.834666672444766e-26,4.399704670552729e-16,2.6335798461132085e-14,3.8772278304197404e-33,1.1484796390533545e-40,4.1910326135638286e-27,1.3366699886718694e-28,1.848414447381286e-26,9.394102241341497e-27,6.319171728722277e-22,8.62385991553786e-22,5.315088958582968e-22,3.285302945680092e-08,9.916709972957661e-10,5.397153724199599e-12,5.216869900795474e-13,5.574434714867966e-10,1.4776146384771816e-11,4.344499320448538e-19,6.776232644093611e-19,5.773590125279058e-18,0.020546702664070996,0.5116325953259979,0.01761931753051319,0.23533974586875986,2.2430278128462176e-05,1.5395788496939643e-12,8.122591007290637e-21,3.801898526555609e-20,3.13873139539119e-20,2.0623775864540785e-22,1.0233778675870129e-24,3.428807712536008e-23,6.463396480370934e-29,4.392388971935115e-20,3.5219035644019832e-09,2.5201621833701384e-08,4.8060738269584476e-18,1.248685294366918e-15,0.0,2.033230436448622e-31,3.3322621918904943e-31,7.331383264632916e-06,5.876290035292966e-10,4.021598838141307e-22,2.5417207832046552e-33,5.0886253893281544e-12,4.867134166425455e-11,9.743312230687082e-15,3.109575278605307e-14,1.0076718661090313e-15,1.0976333803517325e-17,6.716073951262568e-13,1.383675687605257e-20,1.4549187427806434e-28,7.582629792149405e-22,5.598350502828275e-20,0.09729061632757366,0.0027091134129563314,2.7174958601086057e-07,1.5930227829182952e-15,3.649062378369291e-26,9.313706934312132e-15,2.832997542682558e-14,1.5398005648220782e-19,1.3075199384175459e-12,4.414513794670656e-29,1.8782750945453033e-14,1.4538708376381296e-14,2.6748156247550348e-30,5.1706586965611e-25,8.216522778162046e-18,4.206774905416883e-09,2.2517932250945844e-06,6.166745886518451e-05,9.958304530892109e-08,4.976438782698142e-11,3.3155656877369995e-13,2.4046349732312787e-14,1.4513870805600185e-26,1.5921867646918117e-08,1.6104934401944946e-08,1.0354390794983086e-10,6.916875200383599e-10,3.736251463666478e-37,1.3831558253842426e-15,5.005430266769137e-12,1.7240911683085432e-17,1.9630288552292174e-11,5.1703844325775356e-12,1.90054323215204e-20,4.0926605368105894e-17,8.578629336350746e-15,0.00032962831961979666,2.965559999822282e-06,4.3945594888126973e-11,4.470008837410034e-11,3.142714067671131e-29,3.0062078249459305e-16,6.431530631889602e-19,9.030027087785045e-26,1.2694727264398508e-26,6.946770849203055e-31,5.165662583434516e-07,8.594661944968534e-07,3.4110417262320603e-09,3.506588645517732e-06,5.311356234103192e-23,3.2614763422386685e-24,3.023866300477716e-10,1.7796974326162437e-06,3.6353605418504387e-22,2.7303911448454566e-18,1.49824465216814e-31,7.932947950098773e-25,0.0,0.0,2.597931726673779e-15,3.500366046189623e-15,5.876176441907695e-23,1.116745744376438e-16,2.387984462801961e-33,4.39485357887747e-24,2.2659352377716737e-33,8.581360931122099e-36,1.6826314815833671e-34,3.356854776322233e-14,1.391847056884211e-13,1.7877416511980086e-15,1.42734854847601e-23,6.994585319041295e-22,6.222761577521446e-26,1.8212410630104126e-16,2.693645290962911e-13,1.6127425779630976e-23,1.934997969108542e-25
19772.720721709713,3.811917410431777e-07,0.00017661858050877071,8.558011658866987e-17,6.566124516341408e-17,1.2015178955710036e-18,2.877525969950467e-18,1.9351223572968128e-22,9.196240655388112e-20,1.23634656883043e-42,5.029398174492494e-34,9.824064030422472e-43,5.473582375688521e-24,3.0777838207861346e-20,2.0735833216043936e-29,9.053170375771254e-26,2.2581499904727647e-23,4.127281574714837e-46,3.770700860438906e-42,1.0579944564584657e-31,1.0877020011269214e-38,2.756265405080014e-38,1.6863578485180377e-38,8.507945434652996e-12,4.5461481253234584e-12,1.026332324286742e-13,5.074678321497992e-13,5.387756657227493e-31,7.550275397949355e-27,2.4888990788466613e-16,1.258547809572208e-14,2.9223013852834624e-33,2.378759588006172e-41,4.8238101605938825e-28,1.1826892517319863e-29,4.408748224802047e-27,1.8397503138865777e-27,2.6390220994947454e-22,2.1341478031368095e-22,1.7672488548181817e-22,3.280915481938121e-08,1.0501305757744463e-09,2.2616970028287637e-12,2.3218701561600187e-13,3.01640110349861e-10,9.082102396352086e-12,1.487616142101762e-19,3.819183984208444e-19,3.675651846366881e-18,0.02877511475214923,0.5170891216649716,0.024741837529395315,0.22905726609611685,1.974522261612129e-05,8.022539034738743e-13,4.45424860825932e-21,1.8953864351242403e-20,1.067034264076335e-20,5.812292567989905e-23,6.1997298084464425e-25,1.3844275838673717e-23,1.9281185558863923e-29,7.062383658426605e-21,2.021821627039266e-09,1.7953777037562554e-08,4.326122101963829e-18,8.710343995083682e-16,0.0,8.628718037315524e-32,1.4069849800173263e-31,4.477835293160355e-06,2.9086840337646876e-10,1.8231673420836387e-22,3.4797538303233384e-34,3.4111392190578914e-12,3.650121172172299e-11,2.5275610497020494e-15,9.752458179144861e-15,2.1946919561541565e-16,6.212381768702996e-18,2.7389981436285655e-13,3.3282830600176637e-21,5.695292888128282e-29,4.409254234536096e-22,2.503111326546799e-20,0.0961801499724452,0.0038196329203773927,2.1859729334869065e-07,4.848770079563589e-16,1.0499528151325218e-26,3.4061300200716195e-15,1.4060146515375348e-14,7.509831860402467e-20,5.698524525111535e-13,1.93095393165153e-29,1.6515837741205203e-14,8.514949312827145e-15,1.4397261630974046e-30,3.321393712098885e-25,5.480280909005872e-18,4.810559679936506e-09,2.2511894403200586e-06,6.167564230080787e-05,1.0225476832594125e-07,1.7652282568726335e-11,1.796673223599001e-13,8.97696399463018e-15,1.7527623732905555e-27,9.584875483152544e-09,1.2055343554626683e-08,4.549787909780486e-11,3.604786489803168e-10,7.950014743786588e-38,4.275617057133789e-16,1.8120859526654747e-12,4.3321703910074395e-18,1.297506805236966e-11,3.737813651413445e-12,6.33024974671065e-21,2.536920301974745e-17,3.686802611994366e-15,0.0003286388064117611,4.037741652276151e-06,3.25987298114525e-11,3.243835796154226e-11,1.2360008307494321e-29,1.3688304956773655e-16,2.1605377500297472e-19,4.307462916975237e-26,4.123715253949758e-27,2.2105587788122964e-31,4.2675799403975567e-07,8.759688449947697e-07,4.473708208367038e-09,3.505526103078776e-06,4.4185684551630106e-23,2.2041174644421736e-24,4.156239430064339e-10,1.7795842713247654e-06,3.449914893838541e-22,1.7238672830747427e-18,7.476864993393564e-32,2.2624209297076787e-25,0.0,0.0,2.138839183914245e-15,2.5142510145082994e-15,3.746875551140132e-23,7.759816799647107e-17,1.0685491137409355e-33,2.193156711840423e-24,9.987455041155289e-34,3.829375187978555e-36,5.831578983824974e-35,1.681794132337428e-14,8.244662256969357e-14,7.352439169197925e-16,1.3739760499566208e-23,4.323664547911491e-22,4.0451705019210854e-26,1.8474109870964636e-16,1.589001605680666e-13,1.2271987788455794e-23,1.4364101483050617e-25
28593.018398390996,5.320834782230082e-07,0.0001764678414617754,4.276582951927899e-17,4.154696436160183e-17,4.69750654800531e-19,1.2950683360277718e-18,7.804360780367349e-23,2.9409764193613266e-20,3.600415937966683e-43,1.724616036269244e-34,2.960743543428046e-43,1.7506023917101777e-24,6.541067010304387e-21,1.622338538450103e-30,2.0951026970947125e-26,6.4155410063629635e-24,4.211866986500064e-46,3.930509483670096e-43,1.2288966456297952e-32,2.1711789855265137e-39,2.750184896721843e-38,1.3262259767904173e-39,7.393766016743975e-12,3.855229987446684e-12,6.376877214181751e-14,3.489430430011439e-13,2.1559153514132178e-31,1.9219763429234806e-27,1.3683539936191e-16,6.03175571542554e-15,1.6586685810075074e-33,4.5391639987252526e-42,5.23300319347015e-29,1.0133329160978539e-30,9.902005422158756e-28,3.502778203788504e-28,1.0736846770920294e-22,5.077483002271695e-23,5.910585041378276e-23,3.2734751260931806e-08,1.1346983448042833e-09,9.254836379931837e-13,1.0076712827551492e-13,1.5664730603762116e-10,5.368039997351761e-12,4.714016664643115e-20,2.0925268515793235e-19,2.318863199161e-18,0.03968877009568177,0.5253006281194569,0.03420453663164132,0.22022586012289055,1.6854532348979624e-05,4.267803845339678e-13,2.3590360124991504e-21,9.020483459163134e-21,3.682824459168655e-21,1.5875672209263435e-23,3.5359046162526216e-25,5.5165868504820736e-24,5.695415681141341e-30,1.0746342724891538e-21,1.107972086885491e-09,1.255816365378921e-08,3.775788335001566e-18,6.086527717001938e-16,0.0,3.597016946271061e-32,5.4124230918401e-32,2.66094725327792e-06,1.418025623596116e-10,8.262801677715375e-23,4.704416183557821e-35,2.264063088605004e-12,2.785955079068838e-11,6.233934310609185e-16,2.9825545871730446e-15,4.6768205106576066e-17,3.4109355945175428e-18,1.089174780444486e-13,7.591481310406644e-22,2.0662242420529822e-29,2.5119038068990752e-22,1.1170408730219577e-20,0.094725774107776,0.005274060221166984,1.6716117307591196e-07,1.422985735183176e-16,2.9601838548590494e-27,1.1848305977068534e-15,7.005115243782589e-15,3.589540791885954e-20,2.376358833920897e-13,7.713420007892048e-30,1.40530406621213e-14,4.808714291036466e-15,7.3676654913984895e-31,2.1006829537449003e-25,3.526074176182834e-18,5.353485416265356e-09,2.250646514583725e-06,6.167892213392929e-05,1.062697960724554e-07,5.6383427215302705e-12,9.770187518894568e-14,3.3845101230973967e-15,1.9973686092709428e-28,5.599638138248014e-09,8.977635862920493e-09,1.937794816791165e-11,1.8736024822755974e-10,1.5580508028702648e-38,1.2854559636798494e-16,6.563668089262981e-13,1.0925654619984653e-18,8.189587053153447e-12,2.693046211817352e-12,1.9760226092734934e-21,1.4694162042295594e-17,1.5622540549252471e-15,0.000327289256918753,5.483527896469552e-06,2.270068878645942e-11,2.340370932745624e-11,4.506514920155261e-30,5.800903600202974e-17,6.747363013152805e-20,1.9527489723401534e-26,1.3564532168042274e-27,6.835656396536988e-32,3.3765355432905884e-07,8.754880834165469e-07,5.6767901486879975e-09,3.504323097423014e-06,3.4887705570105746e-23,1.4689822850822814e-24,5.596769638339049e-10,1.7794402637556933e-06,3.16403892614701e-22,1.0825152825321916e-18,3.612148093149862e-32,6.410599515757636e-26,0.0,0.0,1.7078060610121288e-15,1.803078547111861e-15,2.3163991876298083e-23,5.408365211575144e-17,4.661239998183788e-34,1.096165312747767e-24,4.286676853722861e-34,1.658733357308453e-36,2.0307812474318374e-35,7.995059846991575e-15,4.742496099879039e-14,2.943917320055093e-16,1.2546952381534347e-23,2.5942189940021403e-22,2.592006244639645e-26,1.7361575409137938e-16,9.119745590293807e-14,8.131292356459562e-24,9.35551144062241e-26
41347.91122766806,7.209069535937632e-07,0.00017627910024600857,2.1574623130054245e-17,2.6298657212345466e-17,1.8385289702813428e-19,5.911912749135716e-19,3.289303479818835e-23,9.649859332776906e-21,1.0056393048048884e-43,5.659418382142484e-35,8.62965568804449e-44,5.646688467565498e-25,1.4251690759458782e-21,1.4461219532300777e-31,5.108634214502515e-27,1.876158700727413e-24,4.2598477089010025e-46,4.0001817477701684e-44,1.432069473202934e-33,4.575606575019549e-40,2.74125401108626e-38,1.2378997626927008e-40,6.268199315164129e-12,3.188619819378971e-12,3.9519769281447726e-14,2.4152803168871693e-13,8.15936751051109e-32,4.777516469826185e-28,7.395719929965026e-17,2.9338417052350613e-15,5.4974939898978715e-34,8.183978760419471e-43,5.691605287494409e-30,9.019045393849025e-32,2.156394633459793e-28,6.695079290355143e-29,4.30624965285662e-23,1.1961557795753436e-23,2.022229668923338e-23,3.261944460389335e-08,1.2569287374754672e-09,3.8410685046816985e-13,4.41603360122486e-14,7.939126897230754e-11,3.0987169753599316e-12,1.4159643377692345e-20,1.1363039879454018e-19,1.461465033720913e-18,0.05333232113871324,0.5379250303194324,0.04610873850211625,0.20796619339005448,1.3968373002072862e-05,2.356129690525098e-13,1.221845228934293e-21,4.171577041880881e-21,1.3201403569047337e-21,4.3177923951151634e-24,1.915261007620841e-25,2.2182811212750166e-24,1.7061066544811306e-30,1.6369630128530726e-22,5.850997580779847e-10,8.651708877090631e-09,3.1934100935107694e-18,4.2838318942246787e-16,0.0,1.5057749966459968e-32,1.9390024113244028e-32,1.5481160529987768e-06,6.86486147036977e-11,3.8125651013882464e-23,6.811219381833321e-36,1.5038318323789898e-12,2.188721382972026e-11,1.5330397507165036e-16,9.263116066845787e-16,1.0205496652235195e-17,1.845817579337016e-18,4.303420160509981e-14,1.6927193645607602e-22,7.040309170021128e-30,1.417233025106524e-22,5.068994587310444e-21,0.09298407272804037,0.007015806382745661,1.22379329994519e-07,4.171172528482036e-17,8.46116507542444e-28,4.059438708998815e-16,3.548089411145401e-15,1.7252788178888767e-20,9.700201591900285e-14,2.827269168985055e-30,1.158710394626626e-14,2.6618890375002455e-15,3.6459888899695826e-31,1.3215804731321541e-25,2.203958717137181e-18,5.769591687644042e-09,2.2502304083123504e-06,6.167745100600728e-05,1.1242225461681823e-07,2.20260936382947e-12,5.527862029335995e-14,1.342528807468228e-15,2.3097827547803665e-29,3.2442528251598253e-09,6.76288760862744e-09,8.197464616846541e-12,9.926983930510037e-11,2.9371189757428925e-39,3.86676848489392e-17,2.4436346693020226e-13,2.855689946592224e-19,4.984985961136053e-12,1.949753496775977e-12,6.005317498781235e-22,8.174211873849416e-18,6.742931973017179e-16,0.00032553807414848797,7.340478564831089e-06,1.4951063898153094e-11,1.6924997412391082e-11,1.5429583813466955e-30,2.3289268302552382e-17,2.0379016848632173e-20,8.654207702693609e-27,4.647901392990719e-28,2.0712286295691532e-32,2.560696642580534e-07,8.559187619969555e-07,6.921478956917907e-09,3.503078453999885e-06,2.627503269074138e-23,9.711471256403805e-25,7.307365701733613e-10,1.779269230131709e-06,2.8008607473966787e-22,6.808662372481733e-19,1.7481778613054458e-32,1.8666963091293e-26,0.0,0.0,1.3304643243929563e-15,1.3189583316116451e-15,1.417807452183111e-23,3.800268403665493e-17,2.031119789426638e-34,5.634524570670429e-25,1.838321634110642e-34,7.170251699148149e-37,7.333229655700687e-36,3.6804362301256294e-15,2.681277773574132e-14,1.167875383527014e-16,1.103362735729434e-23,1.5413342530244283e-22,1.651851005986423e-26,1.5017812120971184e-16,5.1526187383582196e-14,4.695852157706556e-24,5.3466483876628e-26
59792.559815487155,9.34291084223291e-07,0.00017606575827189928,1.131930926328692e-17,1.6895574097698154e-17,7.476095925313476e-20,2.8131125980304663e-19,1.5050017812164812e-23,3.361786480150984e-21,2.7952634924193846e-44,1.8168094648788464e-35,2.518094805401572e-44,1.9246081093805423e-25,3.3894668723453547e-22,7.282748397839162e-32,1.3793355063962449e-27,5.955056506024377e-25,4.285317249124816e-46,3.845809514015814e-45,1.8590234216802984e-34,1.0900211421021711e-40,2.728360393753656e-38,1.525778888084365e-41,5.176370467561118e-12,2.5863423749946853e-12,2.4825980532803185e-14,1.697848251679861e-13,3.020195528004178e-32,1.196839754404063e-28,3.998368223660594e-17,1.471704938857841e-15,7.065099728073164e-35,1.4569003038051933e-43,6.796845691491778e-31,9.19977049263963e-33,4.752632138281776e-29,1.3418892446054974e-29,1.7373950666288898e-23,2.924061744012157e-24,7.243838922713133e-24,3.244785555849126e-08,1.4330722382670158e-09,1.708983110437067e-13,2.0481300759705134e-14,4.0649157282721384e-11,1.7867399564603166e-12,4.236448065370554e-21,6.306774938236812e-20,9.345801380958424e-19,0.06874152733991752,0.5576393869329682,0.05976145266100278,0.19128638406505905,1.1302179642517256e-05,1.3765347876058148e-13,6.327623893833532e-22,1.9328901493961304e-21,5.076009895951612e-22,1.2126787326890374e-24,1.008108888240008e-25,9.30257445541348e-25,5.378523005389822e-31,2.7185297064248996e-23,3.0133497247568224e-10,5.886974584944482e-09,2.6249015554196166e-18,3.0596426623893245e-16,0.0,6.531586263137574e-33,6.698167077647014e-33,8.931259243788712e-07,3.333259871971474e-11,1.8308404476244006e-23,1.17540781915848e-36,1.0150057645198288e-12,1.7919543998414524e-11,4.01828955018259e-17,3.085313722502099e-16,2.425467939606589e-18,1.010906350122652e-18,1.7370019666232988e-14,3.8629711714722486e-23,2.3251609226257776e-30,8.063051319277319e-23,2.4056383325479658e-21,0.09122620072412699,0.008773713257195621,8.750879339331427e-08,1.2802005425478781e-17,2.5445630394725905e-28,1.4428359486517637e-16,1.8587426766599714e-15,8.65730597402258e-21,3.997109746887901e-14,9.669232539316057e-31,9.306391623197233e-15,1.4855027204842337e-15,1.794565558220616e-31,8.424867792517038e-26,1.354633431965585e-18,6.053711807237666e-09,2.24994628819276e-06,6.167067412315947e-05,1.2207885504084797e-07,1.006965093075101e-12,3.360393309919475e-14,5.816778128362018e-16,3.0157043601408835e-30,1.9195657180027685e-09,5.261954134987108e-09,3.5667554635648798e-12,5.5149237689142583e-11,5.716180579783167e-40,1.2125997790184002e-17,9.687140537253703e-14,8.072063494797719e-20,2.9788794685079517e-12,1.4338276570401082e-12,1.8894621812008003e-22,4.547946975317043e-18,3.101019736589383e-16,0.0003234599825150928,9.532478387099533e-06,9.46447882873614e-12,1.2404925656181017e-11,5.144166140199593e-31,9.18099193249461e-18,6.3328499672050885e-21,3.901872262695083e-27,1.7304292087779149e-28,6.295300609299983e-33,1.8661607758581036e-07,8.146106850650633e-07,8.058902291587929e-09,3.5019410569842423e-06,1.915104208839977e-23,6.458046749860151e-25,9.133482221815864e-10,1.7790866328040831e-06,2.4245010803486754e-22,4.351551445486511e-19,8.801262811662241e-33,5.8880730103914514e-27,0.0,0.0,1.0207983355984759e-15,1.010206972547425e-15,8.84865728665799e-24,2.7116074372536417e-17,9.156026605524585e-35,3.0795067131139713e-25,8.170666187269925e-35,3.215198131991671e-37,2.8593287723634067e-36,1.6909237430728023e-15,1.517714132726648e-14,4.7105974709523407e-17,9.543255979806144e-24,9.320157174642575e-23,1.0644441486714157e-26,1.1947856762567243e-16,2.9187202335411166e-14,2.399713493203598e-24,2.7216578520405206e-26
86465.07412679883,1.1398699472182554e-06,0.00017586020066958695,6.316130607551362e-18,1.1194430760594098e-17,3.2593060088323383e-20,1.428023719544153e-19,7.49983735432162e-24,1.2785058479225443e-21,7.998839637988982e-45,5.824875548043547e-36,7.554337759579542e-45,7.259010626169652e-26,9.315284112358653e-23,-9.020905896150261e-31,4.310267691665701e-28,2.151734438811644e-25,4.298107698771229e-46,4.473862648764288e-46,2.9716808808276584e-35,3.0152420869984006e-41,2.709839031857169e-38,2.6682298080101317e-42,4.160614985777302e-12,2.070239014733614e-12,1.5905339688566046e-14,1.2191192572680626e-13,1.1354942860137158e-32,3.0855911468849126e-29,2.191267740179891e-17,7.692301389831707e-16,2.058285060722098e-36,2.7273350548215323e-44,9.728928080306086e-32,1.1782896399861999e-33,1.0913218025865578e-29,2.4781045194932024e-30,7.159991589218856e-24,7.733738014780352e-25,2.7571825274809015e-24,3.2195564640526916e-08,1.6882118494844471e-09,8.62342445914488e-14,1.0527548365899335e-14,2.18431845772233e-11,1.0492632188183318e-12,1.3291939184253756e-21,3.675017017884085e-20,6.167504633984826e-19,0.08359270302880781,0.5879790061556031,0.07334700882652778,0.1693267550014607,8.985232145987329e-06,8.62924455896173e-14,3.347749223110855e-22,9.254357926416822e-22,2.153233657697618e-22,3.607795011214727e-25,5.296031686375097e-26,4.191872560172296e-25,1.8436192520039319e-31,5.346875861937774e-24,1.5183409734147392e-10,3.939242636119094e-09,2.1050245966146107e-18,2.228122358374186e-16,0.0,3.0151981130516514e-33,2.2967614836342513e-33,5.165505339159846e-07,1.6235817305340332e-11,9.267848252587231e-24,2.6088087431122097e-37,7.051065570925344e-13,1.5432110985885493e-11,1.1974103845878069e-17,1.1597688632404727e-16,6.636497750325203e-19,5.725450464968532e-19,7.320441456318421e-15,9.352273385028827e-24,7.65615485265877e-31,4.68938700750777e-23,1.2220903242246609e-21,0.08995989879223742,0.010040039866782594,6.28310959307719e-08,4.283137090231023e-18,8.221985377039271e-29,5.601775906803896e-17,1.0187049914786551e-15,4.716468736942943e-21,1.7032011833071736e-14,3.1259100839793076e-31,7.32214793693113e-15,8.589088443817974e-16,9.025590004269671e-32,5.554430430765047e-26,8.266309775464421e-19,6.209705522626746e-09,2.249790294477371e-06,6.165674175009954e-05,1.3770990837396697e-07,5.368108328552442e-13,2.2773580026748244e-14,2.867558873678099e-16,4.936849343242682e-31,1.1927548412059045e-09,4.3168774611790785e-09,1.6480664464641143e-12,3.294706257164126e-11,1.233824896290398e-40,4.109110571451987e-18,4.2126265442549456e-14,2.5536466846772897e-20,1.7752396822447534e-12,1.0788514368145017e-12,6.577394090884875e-23,2.6434457971939193e-18,1.5887679507161032e-16,0.00032131345462427393,1.1804146684324425e-05,5.8503731087241415e-12,9.29126397641464e-12,1.7259207008457076e-31,3.689949787956313e-18,2.1514865934969753e-21,1.8460199702181885e-27,7.266447316064643e-29,1.962913497127012e-33,1.3036580063682704e-07,7.478694965266633e-07,8.937272730413385e-09,3.5010627018010085e-06,1.377724217079371e-23,4.394178060786487e-25,1.080796812119895e-09,1.7789191920228834e-06,2.07785864344601e-22,2.871338833180311e-19,4.650462234467421e-33,2.1106598091983783e-27,0.0,0.0,7.776124874994266e-16,8.296988498652382e-16,5.791578608544892e-24,1.973675392794771e-17,4.405985412125758e-35,1.8410905751507957e-25,3.888771448494723e-35,1.547934577723979e-37,1.2441049495160561e-36,7.930364927130564e-16,8.724931264396537e-15,1.9687093614128652e-17,8.276999567191633e-24,5.889764825149906e-23,7.064648079608298e-27,8.75490870500045e-17,1.6812059400259253e-14,1.1035887676390204e-24,1.2549916537630782e-26
125035.77479913068,1.3017183605344732e-06,0.00017569836362488995,3.697717850247651e-18,7.638585583641577e-18,1.501576712588335e-20,7.645457592650949e-20,3.8692129727134015e-24,5.20400741786782e-22,2.3054293016754682e-45,1.81475952987781e-36,2.261001725260039e-45,3.01398172275597e-26,2.9334540711344405e-23,-7.7761410273549825e-31,1.5775998727250183e-28,8.772249882297498e-26,4.3039522541881425e-46,6.485949510998951e-47,5.8559235658452585e-36,9.08961024574222e-42,2.683318573229006e-38,6.322769210399891e-43,3.2296020065305346e-12,1.6308507088701831e-12,1.01634039998672e-14,8.850939238859923e-14,4.316107849709806e-33,7.791862946211072e-30,1.1992051060745575e-17,4.1035264599536814e-16,8.085771468378213e-39,4.741577041438718e-45,1.6611515590239277e-32,1.8777357762635138e-34,2.530911012936701e-30,6.495884507071003e-31,2.9391465701084272e-24,2.1647215879163946e-25,1.0808953995972079e-24,3.181444059876899e-08,2.0710489923972054e-09,5.002993914977881e-14,6.061809274564201e-15,1.2365665646173558e-11,6.226721729700579e-13,4.342156214048901e-22,2.2397246712328885e-20,4.196247691816543e-19,0.09531488983135848,0.6315427107102416,0.08471044830924297,0.14186558910803093,6.991984325602045e-06,5.73275616695133e-14,1.792805647355826e-22,4.566208890544456e-22,9.946399587023845e-23,1.0974863850710406e-25,2.7770318318180666e-26,2.011788965982138e-25,6.749287946523947e-32,1.2454952966145342e-24,7.254142735967681e-11,2.525348290403235e-09,1.6393412376187877e-18,1.6373406616532496e-16,0.0,1.4648381917466181e-33,7.63206222321153e-34,2.9525455165321804e-07,7.647824004634997e-12,4.8347190493311275e-24,7.198610569821662e-38,5.00352902667171e-13,1.3952728369349872e-11,4.078711113250119e-18,4.923382813936289e-17,2.0700493170284473e-19,3.3188437150870575e-19,3.1550093072174e-15,2.317058501144339e-24,2.4534566972063607e-31,2.748440351300815e-23,6.564610805817578e-22,0.08960071973415491,0.0103992359015681,4.58543927537458e-08,1.5390934127308794e-18,2.7468365782689434e-29,2.3883307513007005e-17,5.723109161503381e-16,2.8166706646057853e-21,7.363270502421787e-15,9.196831292958189e-32,5.619783451858688e-15,5.134363973452691e-16,4.614213419741829e-32,3.7930286648761225e-26,4.935163820399235e-19,6.260252196516061e-09,2.249739747803485e-06,6.163137268443856e-05,1.6405548370559314e-07,3.33642731325477e-13,1.7476028295457742e-14,1.6162287616383203e-16,1.0182850199664505e-31,7.80723821292561e-10,3.766530864435862e-09,8.035635389532764e-13,2.1128089661149005e-11,2.946372363180599e-41,1.4795236288460892e-18,1.984952776261778e-14,8.836864943744925e-21,1.0439264530385472e-12,8.223423747809384e-13,2.57805861046277e-23,1.632909620832272e-18,9.153771097701371e-17,0.00031943925554681345,1.3820754713640468e-05,3.503367832018948e-12,7.0510600918907645e-12,5.706612606257056e-32,1.5021450732399737e-18,7.968616649621652e-22,9.082762551993825e-28,3.413847782199631e-29,6.10334603731597e-34,8.545071900781416e-08,6.518974932585682e-07,9.490387062493343e-09,3.5005095967861023e-06,9.858412658783654e-24,3.062425932295124e-25,1.2093770220067157e-09,1.7787906162426193e-06,1.7638410844668575e-22,1.9528515455506803e-19,2.4779875310760286e-33,8.527271520414013e-28,0.0,0.0,5.853781192063776e-16,7.368287389285835e-16,3.989745989139592e-24,1.4501145483310448e-17,2.2467484182494757e-35,1.2013696692586794e-25,1.9681006652677288e-35,7.947836975428769e-38,5.964045773588683e-37,3.721834890956187e-16,5.017969838268284e-15,8.310652101828947e-18,7.243279696396316e-24,3.901994860645411e-23,4.8335733929300524e-27,5.849652721575239e-17,9.700218699478269e-15,4.487165288474492e-25,5.144399946288544e-27
180812.25439872022,1.4118510225104938e-06,0.00017558823797134504,2.1447517664952637e-18,5.1734171877620495e-18,6.76952918939865e-21,4.046420474898504e-20,1.8858188262767153e-24,2.0599236385490797e-22,5.8797084853907676e-46,4.860861706207983e-37,5.92101538863717e-46,1.262389646182693e-26,9.336259529223711e-24,-1.0881443697267326e-30,5.607695809040453e-29,3.685408211768013e-26,4.3057846720144885e-46,8.769946958349502e-48,1.2057938245368167e-36,2.571161700715409e-42,2.6454866299833607e-38,1.6759057414572845e-43,2.365206990129913e-12,1.2380121114196727e-12,6.162270303791218e-15,6.259960924586092e-14,1.5102509925211449e-33,1.6359309671860425e-30,6.137744165948451e-18,2.075025818487911e-16,2.89648801625508e-42,6.843429708634607e-46,2.8342262686253657e-33,3.0783162631865673e-35,4.970720023568175e-31,1.2547893002762925e-31,1.0886837293779044e-24,5.584827858589012e-26,3.9076380432556287e-25,3.119425411542715e-08,2.692361320615066e-09,3.129207356499974e-14,3.69984837899665e-15,6.939637695230679e-12,3.55060052239652e-13,1.3174393851351685e-22,1.3732895398817462e-20,2.8357790332549664e-19,0.10333926612946616,0.6869238865819515,0.0931289110136063,0.1099678679700488,5.190076938223218e-06,3.8186364208350235e-14,9.070314976716884e-23,2.17050574120018e-22,4.587174099730831e-23,2.965151659139236e-26,1.372238101042617e-26,9.49686487237033e-26,2.3670695683864856e-32,2.9661252301931984e-25,3.0044031089590324e-11,1.4589489669644264e-09,1.2105786892258784e-18,1.170529437695826e-16,0.0,6.931168121100707e-34,2.175618759119176e-34,1.5667302679230065e-07,3.1589216767076164e-12,2.4042442228381756e-24,2.0911338461228154e-38,3.4705543650468355e-13,1.2999322157004756e-11,1.4336486095575538e-18,2.1542105444926583e-17,6.475680302220674e-20,1.8713723647166467e-19,1.2696721529156758e-15,5.014298812025786e-25,6.770638970081124e-32,1.542384643253354e-23,3.4939582305283544e-22,0.08999430179506944,0.010005666600042871,3.309500305516145e-08,5.312605732623455e-19,8.393227549236689e-30,1.029230249834462e-17,3.0575304778637523e-16,1.7550710998356387e-21,2.9501962236310502e-15,2.1458354940939143e-32,4.104284562500219e-15,3.020541874130779e-16,2.245621135179631e-32,2.583246157916755e-26,2.7128736213283503e-19,6.250532230538105e-09,2.2497494677694738e-06,6.158497311360541e-05,2.1104584396334614e-07,2.2486067877645933e-13,1.4787105466697214e-14,9.77461064614422e-17,2.2099418838959974e-32,5.158835160824822e-10,3.4492343368472255e-09,3.828500893384802e-13,1.3836067176421434e-11,6.716165187429993e-42,5.055981035132529e-19,9.293612160635671e-15,2.9568151377912898e-21,5.70821862564696e-13,6.106650848627949e-13,1.0472580026212111e-23,1.032474139342363e-18,5.609428844862923e-17,0.0003179755777292189,1.5446709180880623e-05,1.922965872473974e-12,5.218656492394214e-12,1.6733063785441842e-32,5.627708525262626e-19,2.8544708894978894e-22,4.395951452782035e-28,1.661514792353237e-29,1.6630655481834737e-34,4.982001693351789e-08,5.263781489374532e-07,9.79039219630585e-09,3.5002095979418616e-06,6.855015982127226e-24,2.1110702596425133e-25,1.2974618392643826e-09,1.7787025341676243e-06,1.4665493949029916e-22,1.318594571957982e-19,1.2292996461540016e-33,3.5456182740400244e-28,0.0,0.0,4.2324832333702163e-16,6.962543959550658e-16,2.777859049654009e-24,1.0367270946365323e-17,1.124263878740408e-35,8.116350162484425e-26,9.800494786550788e-36,4.0183529119471156e-38,2.880321766724313e-37,1.6048796936597244e-16,2.699421968622943e-15,3.193684075480324e-18,6.331035684918724e-24,2.6025146569511288e-23,3.287904746152427e-27,3.426635113770411e-17,5.24528391109056e-15,1.4727993738978367e-25,1.706255989611105e-27
261469.73850698897,1.4902558534431638e-06,0.00017550983787227145,1.152369741823504e-18,3.2743734636170763e-18,2.7311536766869984e-21,1.942551506723216e-20,7.828141834592833e-25,6.933461404416786e-23,1.0743610954646787e-46,9.191418583339499e-38,1.1030026593672217e-46,4.77069899943021e-27,2.469178874904449e-24,-5.440511519419079e-31,1.7849611378721197e-29,1.4264129222761642e-26,4.305136430351038e-46,8.004379427607767e-49,2.0271801817475192e-37,5.742391673299825e-43,2.591814260264994e-38,3.856805583223052e-44,1.5743396693003517e-12,8.763390687838771e-13,3.3664626871411864e-15,4.0787820688621653e-14,4.143839177059328e-34,2.2053638417870317e-31,2.6492832114369425e-18,8.898056889663094e-17,4.3982869101592205e-45,5.873881858313165e-47,3.6367311579800313e-34,3.8498109852413834e-36,6.371637648225615e-32,1.593560102169253e-32,3.117023373206901e-25,1.0700915623137487e-26,1.1026595475922776e-25,3.008091777538934e-08,3.806718975774034e-09,1.8913428058244762e-14,2.1752864803564907e-15,3.5722469156890976e-12,1.8460960631124984e-13,3.190318496100785e-23,8.22228447114139e-21,1.7897244973263699e-19,0.10909048538946746,0.7477146438507648,0.09947539932657745,0.07640114684202653,3.5113661087979354e-06,2.3433492064979877e-14,3.8756566492863245e-23,8.868399243103617e-23,1.8464516467583988e-23,5.721876565668589e-27,5.762668944390424e-27,3.8830483245075856e-26,6.732572803656779e-33,5.737901729739408e-26,9.393040555139139e-12,6.935676553073539e-10,8.128896723770558e-19,7.702289337238799e-17,0.0,2.828415701115478e-34,4.3566120736614134e-35,6.976032143328756e-08,9.883232309603038e-13,1.0170003899118105e-24,5.1099607197552366e-39,2.1885175210727103e-13,1.2120963592282069e-11,4.413874422855777e-19,8.35754759850348e-18,1.6534343424232686e-20,9.655630517752973e-20,4.2488878653717393e-16,7.585783165736626e-26,1.317832811864788e-32,7.796757372099463e-24,1.6933980379420843e-22,0.09058901599268372,0.009410963124424963,2.2373006510344507e-08,1.4829767917200896e-19,1.993212757238976e-30,3.892457837293301e-18,1.3871000515538495e-16,1.0453586667657958e-21,9.711308195647262e-16,3.19783939919237e-33,2.7317491449206588e-15,1.6309733321027625e-16,9.325077662423423e-33,1.6430828734261803e-26,1.2441488479086842e-19,6.227041051329931e-09,2.249772958948668e-06,6.149419190841885e-05,3.022431317669683e-07,1.4544270622390704e-13,1.314805960430017e-14,5.718406030888753e-17,3.766109963951375e-33,3.19934594759894e-10,3.2353034788845324e-09,1.571551154382982e-13,8.54261466033564e-12,1.1382391373331976e-42,1.3690384053547782e-19,3.776368416091902e-15,7.903964701581183e-22,2.6346330409727857e-13,4.1616090409383507e-13,3.793407191681066e-24,6.194829178719462e-19,3.3279097428371736e-17,0.00031680435301709257,1.6791173782902543e-05,8.794143904001522e-13,3.5493421897187407e-12,3.7376265041492454e-33,1.6450984054066992e-19,8.133708254942658e-23,1.9698390693426272e-28,7.565065463852277e-30,3.226107500467838e-35,2.37756301644669e-08,3.7998032160002124e-07,9.970496407309124e-09,3.5000294981743905e-06,4.40845393954994e-24,1.353660483333185e-25,1.3608937190219794e-09,1.778639104035174e-06,1.1853298030132202e-22,8.312896602104003e-20,5.1596114956422545e-34,1.3550053816397133e-28,0.0,0.0,2.8021872299039447e-16,6.807090153098369e-16,1.8212392195851118e-24,6.822779207334815e-18,4.869501577112305e-36,5.222354893062461e-26,4.230601954094339e-36,1.7570739936005762e-38,1.2195382537746872e-37,5.62926202497814e-17,1.2207154725431484e-15,9.499275394812516e-19,5.467461361370138e-24,1.630349772286679e-23,2.0873494511464343e-27,1.6371378648522887e-17,2.3950470419289506e-15,3.3465458976171245e-26,3.9126919404012315e-28
378107.249324784,1.5516686901021126e-06,0.00017544842795546884,5.50211315656684e-19,1.8316495018703904e-18,9.471100667553457e-22,7.980727368058507e-21,2.485345421866888e-25,1.7709827196042877e-23,1.5269932180222859e-31,9.856399739220051e-39,1.1630703335947502e-47,1.5357986661502246e-27,4.612075053373882e-25,1.4482187697570755e-33,4.3627989287725336e-30,4.815575073860037e-27,6.345946303943958e-36,4.3143938547622165e-50,2.3191402729524492e-38,2.6446543082310752e-42,2.5163071817741653e-38,6.168782373412176e-45,9.108437399823548e-13,5.644668803450719e-13,1.596649832753432e-15,2.308683693673517e-14,8.287027497728106e-35,1.4326150550590224e-32,8.603191083404419e-19,2.875781254532655e-17,1.5342665500190412e-41,2.1365179333354077e-48,-1.7093661106477814e-31,-4.546047882169403e-33,3.985823032703809e-33,9.901532660641131e-34,5.812483129695266e-26,1.2328258385226195e-27,2.0346174043820488e-26,2.7890549533119413e-08,5.998399523417101e-09,1.0070877086454037e-14,1.1321357008270858e-15,1.750555861209977e-12,9.226834234911957e-14,6.139867998361851e-24,4.953454610856094e-21,9.950236580715232e-20,0.11360895268417506,0.8046819200844765,0.10445169734742851,0.045430978053456646,2.0488740539909224e-06,1.2058869415272153e-14,1.2423387549465816e-23,2.76234316007965e-23,5.693235734197429e-24,6.226836212372449e-28,1.8322010111390843e-27,1.2108053533812776e-26,1.3307670410609041e-33,7.408258333627515e-27,1.8806392049878344e-12,2.4330138954886186e-10,4.709671694917387e-19,4.39714628490864e-17,0.0,8.800397399028638e-35,4.8774025496785104e-36,2.3246263086703318e-08,1.9796138329532477e-13,3.251901001728168e-25,8.538152409816557e-40,1.1491932285970398e-13,1.0923965270955793e-11,1.0442590153796101e-19,2.492383125151071e-18,2.81545423562869e-21,4.372287539209497e-20,1.1583317541580611e-16,6.983825318046399e-27,1.4421902725489347e-33,3.405920360449127e-24,7.065523090708356e-23,0.09104646372827956,0.008953524221057534,1.354077810747752e-08,2.8810434517195116e-20,3.176078664479686e-31,1.1275114220992656e-18,4.7551725421964325e-17,5.492307457630954e-22,2.535981434691874e-16,2.4482799081737443e-34,1.5716640852623363e-15,7.682340687454248e-17,2.938500604465118e-33,9.140621404418557e-27,4.2468882114509745e-20,6.210861826547112e-09,2.249789138173449e-06,6.129394316454245e-05,5.028193572699535e-07,8.138822491360318e-14,1.1920218458928952e-14,2.95949358701654e-17,3.926810845213518e-34,1.7330174858804018e-10,3.0589793770275834e-09,4.880973685006385e-14,4.6125208915001016e-12,1.1101465797421963e-43,2.4329285931322e-20,1.1642544961013387e-15,1.3908582804269029e-22,9.244128413726335e-14,2.4417749210426277e-13,1.0630511154387623e-24,3.2734600211323594e-19,1.7681470397979577e-17,0.0003158347733933497,1.7923285926990453e-05,2.993751189355106e-13,2.0830351230494625e-12,5.486377782144274e-34,3.131081327936248e-20,1.5317320909668005e-23,7.92601340705449e-29,3.0231422760664936e-30,3.54364168325703e-36,8.361639360405336e-09,2.33326714370311e-07,1.0103825206677132e-08,3.4998961722499745e-06,2.478875542065958e-24,7.583555109973072e-26,1.4101202682131687e-09,1.7785898784646953e-06,9.425263087093069e-23,4.617326344136493e-20,1.650710669459743e-34,4.5118663894928714e-29,0.0,0.0,1.6069457106399017e-16,6.755130564440884e-16,1.0461669807239468e-24,3.8956120626803004e-18,1.6016092105715537e-36,2.959135966149004e-26,1.3880045720310461e-36,5.8176640727564e-39,3.945159923465415e-38,1.4385472415362802e-17,4.1235650077579505e-16,1.8316014680201065e-19,4.701556383070948e-24,8.97161512427746e-24,1.1596902697719955e-27,5.7773994965974265e-18,8.264954099582896e-16,4.503039657176527e-27,5.298329173935471e-29
546774.9071395234,1.596074996711702e-06,0.00017540402311348488,2.290600434548746e-19,8.636956338459361e-19,2.834827952822249e-22,2.728020090735723e-21,5.244827986632734e-26,3.0824806857641004e-24,-1.92275274981411e-32,4.622686304615349e-40,5.267513762446909e-49,4.21648486170369e-28,5.80064611521255e-26,-3.9748461216396204e-35,7.316766711991404e-31,1.4192569227807897e-27,3.539634726851585e-35,6.005898233809037e-52,1.6200245094020494e-39,1.371761821327406e-41,2.411499038464041e-38,5.445645133302851e-46,4.3476480750847594e-13,3.343486185196073e-13,6.3236102476186695e-16,1.0597766365596784e-14,-1.4319575910073102e-35,3.163870717155996e-34,1.8309205878715415e-19,6.099334987857326e-18,3.8160850946592544e-48,2.2061945607940613e-50,1.2976649488491394e-32,3.074473737741535e-35,8.579695629615734e-35,2.1211899156722423e-35,5.737439672570598e-27,7.004142743312278e-29,1.9936379032825305e-27,2.3358883661548227e-08,1.053219516367161e-08,4.341463085882505e-15,4.801527617006016e-16,1.0480959698926602e-12,5.643836423659484e-14,1.1643242698493503e-24,3.2721225382851695e-21,4.615463176608593e-20,0.11687876070587416,0.8488027918011284,0.10800529266522348,0.021594925848264,9.614956609528362e-07,4.5255129347502434e-15,2.5986805932070396e-24,5.714024985409781e-24,1.1692681304181086e-24,2.8875792451559524e-29,3.842262634651092e-28,2.504714528807908e-27,1.605487410226342e-34,5.313837951396239e-28,1.9542458353033554e-13,5.471404030114307e-11,2.1980038646237596e-19,2.0313721022609142e-17,0.0,1.818919529323883e-35,2.3072192754601037e-37,5.043829462384703e-09,2.0568884024293224e-14,6.850478089720161e-26,7.765209130601165e-41,4.376334497608927e-14,8.872885921996532e-12,1.7378481694808925e-20,4.918975850388165e-19,2.5673461304258214e-22,1.6742523097270972e-20,3.073487414226989e-17,4.059263735337845e-28,6.718905229239097e-35,1.247629602360457e-24,2.465124837911933e-23,0.09133036006655228,0.008669634194244533,7.229318228339234e-09,3.710274758758592e-21,2.930189115069691e-32,2.1603928554534155e-19,1.0880851753294222e-17,2.343828545408039e-22,6.278997046951946e-17,8.78467238892073e-36,7.298879183548948e-16,3.0470996804157405e-17,6.126941883472801e-34,4.1464696081652105e-27,9.370281284345483e-21,6.2023916664990825e-09,2.2497976083334932e-06,6.07688806391064e-05,1.0281621575489885e-06,3.599745160411817e-14,1.0827679516013223e-14,1.241830178414279e-17,2.190324283966815e-35,7.555545944774368e-11,2.8793965723693158e-09,9.859895154319876e-15,2.0062357334535598e-12,4.662546303668993e-45,2.2772963187973057e-21,2.33974145454556e-16,1.291088655678547e-23,2.211662176672206e-14,1.143503447540187e-13,1.9900682073554769e-25,1.4039975724581437e-19,7.921060662184795e-18,0.00031511179764726966,1.8772737675594433e-05,6.594186254807804e-14,9.816408592013644e-13,4.46048709342112e-35,3.1413759996055125e-21,1.6490164785832255e-24,2.788317014131713e-29,1.0292896157140262e-30,1.6856871737867548e-37,1.8843601140466103e-09,1.1352205043303929e-07,1.0198511814469145e-08,3.4998014872036495e-06,1.143647410403234e-24,3.470634741311601e-26,1.445214484413663e-09,1.7785547846717328e-06,7.644483061595737e-23,2.1410511877138977e-20,3.5009475074274747e-35,1.3126518939331817e-29,0.0,0.0,7.447711711257916e-17,6.747230161744062e-16,4.873775885222674e-25,1.799880412287876e-18,3.4539233505902085e-37,1.3656303895560077e-26,2.9881683983933606e-37,1.2596590983616644e-39,8.41139130679166e-39,2.431527314850881e-18,9.03636133999981e-17,1.8546701478769062e-20,4.129596602896923e-24,4.048940257084205e-24,5.256922492572371e-28,1.3179723524593834e-18,1.915628226375906e-16,3.507452086199738e-28,4.14279366179778e-30
790682.5367969447,1.6216974208250629e-06,0.00017537840127061443,8.420856542104656e-20,3.3650530098181006e-19,7.178724189513251e-23,7.447229916517633e-22,5.949622755622722e-27,3.076945362037535e-25,6.15508943801728e-33,6.685010255525918e-42,6.800191123544481e-51,9.726589584371142e-29,6.70045265104212e-27,9.256514051978008e-36,6.986163325626707e-32,3.566062049231349e-28,3.736064194781767e-35,2.664861503578048e-53,6.51035526649307e-41,1.4812089634301517e-41,2.269450531599757e-38,2.0114690478857135e-47,1.6406253691862025e-13,2.0081729872898613e-13,1.9349088495675608e-16,3.561902066414667e-15,6.767478810703484e-36,1.4210414232581128e-36,2.080326649674456e-20,6.91623213432402e-19,1.476513759761834e-50,3.7610904439974543e-53,1.5524009899140185e-33,-9.25994222589286e-36,3.798998570914624e-37,9.366913777288125e-38,2.203941142980862e-28,1.5911020931252893e-30,7.626567589468712e-29,1.5001149174619913e-08,1.889346712335211e-08,1.3055602946417317e-15,1.4275286369414582e-16,8.901809417586808e-13,4.826754047757093e-14,2.256907994182171e-25,2.5442902609706487e-21,1.7084234883181362e-20,0.11876598172584253,0.8751522815750268,0.11004034134796495,0.007403337132787374,3.2757135814315144e-07,9.246949004510807e-16,2.8545949127189868e-25,6.391645822768598e-25,1.3025062216589989e-25,3.7816771596497387e-31,4.3295872910451663e-29,2.800670665876157e-28,1.0615489855899689e-35,1.5494504539126262e-29,7.73331381182049e-15,6.415451661349384e-12,7.457384084671448e-20,6.8529042254436234e-18,0.0,2.0377428963925447e-36,3.054533055997038e-39,5.813151907045524e-10,8.136886259269252e-16,7.75753152898491e-27,2.91619090767961e-42,9.045620554204478e-15,5.373731712190232e-12,1.875890482570547e-21,5.05856811184423e-20,8.907514633668064e-24,5.0235152797973384e-21,8.590990827982065e-18,1.3153713513239106e-29,8.850672921051911e-37,3.608790293473308e-25,6.857368188428202e-24,0.09147965657861346,0.00852034126560916,3.6458923129964186e-09,4.312051770980596e-22,1.2981234031680713e-33,2.132311996529437e-20,1.438102719885162e-18,6.979777525428145e-23,1.6884341063036832e-17,1.8739671125824474e-37,2.469474840432262e-16,9.679713427397279e-18,6.897829295260735e-35,1.384437306014801e-27,1.086961905166535e-21,6.198451481587004e-09,2.2498015485184068e-06,5.907249884014842e-05,2.724908836395796e-06,1.0686184591180016e-14,9.248194821183167e-15,3.5781105676943765e-18,7.66941782033448e-37,2.2774622250282227e-11,2.5688613506520923e-09,1.0042742837602724e-15,6.038991083119857e-13,5.326639847436713e-47,7.886166792886691e-23,2.3761268720185285e-17,4.422868121060261e-25,3.2438679048633318e-15,3.798337016078487e-14,1.9385371215924157e-26,4.205870576429843e-20,2.8133465972552574e-18,0.0003146853255442892,1.927499893698179e-05,7.676429435127595e-15,3.349661855414287e-13,1.5247335476471266e-36,1.2254937431944338e-22,1.2090797323796265e-25,7.963416211518585e-30,2.835213407307376e-31,2.4178578417666624e-39,2.219679840690917e-10,3.944546172259863e-08,1.0252426054299937e-08,3.4997475736524883e-06,4.00215962758766e-25,1.1842365273641432e-26,1.465283892132057e-09,1.778534715396059e-06,6.616848939744438e-23,7.935024065178048e-21,3.982129683837889e-36,3.271205308247737e-30,0.0,0.0,2.5171732461616448e-17,6.752556508258507e-16,1.6543284549123404e-25,6.072367720183798e-19,3.9594805854359393e-38,4.6110005640815426e-27,3.4222926635297085e-38,1.4470286962020304e-40,9.581311283860224e-40,2.4982311662467e-19,1.0498703246123847e-17,7.291271535822841e-22,3.79690630554122e-24,1.3614141825381621e-24,1.7545928601409962e-28,1.6259541610129596e-19,2.663592448074054e-17,2.2218056469402276e-29,2.6294530722736744e-31
1143393.4985537303,1.6321322365050722e-06,0.00017536796663526706,3.3300753249209957e-20,1.2912503760329348e-19,1.3270983563096163e-23,1.4162793867898532e-22,2.606496498470076e-28,1.2772768707298757e-26,-8.290358907743726e-31,2.812163279008113e-43,1.3111922117865952e-53,1.5572630606394136e-29,9.001263763496453e-28,-6.07900027988624e-33,2.5924764186148794e-33,6.57176656949319e-29,9.528129058894031e-35,-1.2472501465479029e-53,2.3366722175195174e-42,3.896218564060295e-41,2.086987193829138e-38,-5.1285557079988414e-48,5.522882331029533e-14,1.4645351776359988e-13,3.88966605729096e-17,7.453514226714275e-16,-1.127963556047624e-34,5.815760635105925e-40,9.134875965452487e-22,3.033212952502641e-20,-8.972287880890604e-51,6.581208896267308e-57,5.592429823797393e-32,1.3126380657495769e-33,1.5459366248770658e-40,3.8074217578517e-41,2.0929859595150313e-30,-6.589406231837088e-33,7.40487060819751e-31,5.9030264478044395e-09,2.7995303627146252e-08,1.8755245555184684e-16,2.008075637475551e-17,8.779450580045346e-13,4.760206564954886e-14,3.5904342427861094e-26,2.296341454947513e-21,5.645680176466551e-21,0.11953465099621634,0.886014987907635,0.11086156325972757,0.0015616489010986318,6.932914962140556e-08,6.020066375653155e-17,1.1254392148551476e-26,2.7893963672834945e-26,5.672200713704587e-27,7.360403735389095e-34,1.8949896037388662e-30,1.2218860282341653e-29,3.3555232852908066e-37,9.838000065817315e-32,7.213872662117266e-17,2.8519220726377137e-13,1.5664851984053412e-20,1.436199848334023e-18,0.0,8.974235481905733e-38,5.95866316239595e-42,2.617733960502599e-11,7.580933890685366e-18,3.431157261696624e-28,-7.334965888122361e-43,6.033420790702848e-16,1.6692615062568194e-12,1.3521069417301409e-22,1.7714838563267272e-21,6.537634071776987e-26,1.0018208992579278e-21,1.7685866519256968e-18,1.3017250631080955e-31,1.8671788917495304e-39,7.068494309673701e-26,1.3172878501371922e-24,0.09153803756124636,0.00846196172307054,2.205798085527807e-09,5.802448044728271e-23,2.0394916592571288e-35,6.146663296527879e-22,9.166069307725263e-20,9.669604020138726e-24,3.4522077383868313e-18,2.042615400854167e-39,5.18159583349466e-17,2.2557355921176166e-18,3.043892729732027e-36,2.889406004994508e-28,4.811226120622329e-23,6.1969815809731435e-09,2.2498030184190274e-06,5.3159070792182565e-05,8.639220586574471e-06,1.3495540484783655e-15,5.490936820457964e-15,4.452230387425423e-19,1.483584228289338e-38,3.1709822066288723e-12,1.7053448619467912e-09,2.932290949562482e-17,8.402336707058099e-14,6.795235097226689e-50,5.024774362077251e-25,6.928828666882647e-19,2.702824911385061e-27,2.5474728736218057e-16,7.200332488687139e-15,5.559215590773997e-28,5.941320160986679e-21,7.542214406376925e-19,0.00031451048091291897,1.9481141041141716e-05,3.7961712134331295e-16,7.052532480317523e-14,1.489961133652228e-38,1.2757790300781975e-24,1.3166380933128148e-26,1.5562106064055756e-30,5.431821027399335e-32,7.290249059164696e-42,1.0736850166684457e-11,8.365948998504288e-09,1.0274470063044964e-08,3.499725529878306e-06,1.0432655049493792e-25,2.750942569076177e-27,1.4734324925708931e-09,1.7785265668257942e-06,6.200893777813273e-23,2.636627072948246e-21,1.7735143070602552e-37,6.008406876213892e-31,0.0,0.0,5.279535270168184e-18,6.756489353518917e-16,3.4766525926776174e-26,1.2726535351846233e-19,1.7446630051945644e-39,9.669458691937035e-28,1.50739022742709e-39,6.380843653679458e-42,4.2109125450524306e-41,2.830368292641604e-20,5.28638276373875e-19,8.18979924558811e-24,3.661976746567356e-24,3.0241814300402457e-25,3.6614949769748767e-29,9.638433022388975e-21,2.370316135961839e-18,1.1564431081561368e-30,1.369606080093081e-32
1653443.236309495,1.6346667601504465e-06,0.0001753654321497507,2.1926960605646947e-20,8.072797763323103e-20,1.4515984384523214e-24,1.5589516938683694e-23,3.331153685880694e-30,1.6048586881928126e-28,2.2799735077120373e-33,-1.579146695532193e-46,2.1357498270508945e-57,1.3704939472595591e-30,7.865577658213029e-29,1.3654735040124078e-35,2.626136143528182e-35,7.182635978623844e-30,1.7999635781977176e-34,1.8860777204954238e-55,4.637018806355435e-43,7.197335759616411e-41,1.8756982117522998e-38,6.389370928551056e-48,2.96369488935821e-14,1.3347451439013823e-13,4.342348937377379e-18,8.401170069452102e-17,2.4101128020729883e-36,1.1552062958434425e-44,1.1659478917747603e-23,3.8549799857697235e-22,-1.2282017946517405e-52,3.0379434628848205e-61,1.8051046021787521e-34,2.663620785676671e-35,3.067811630898105e-45,7.554296144161225e-46,2.5285286527408344e-33,-2.105644148044852e-35,8.665053029193852e-34,2.2873124785869327e-09,3.1612474957572935e-08,1.0466229714157562e-17,8.644238371936416e-19,8.792178591989947e-13,4.766819658393074e-14,3.952131650662165e-27,2.2419403324827972e-21,2.976294084313287e-21,0.11972134759926421,0.8885951991300526,0.11105205982268437,0.0001763605915702421,8.313927363996457e-09,8.64337513899243e-19,1.158593978742599e-28,3.5557724563923572e-28,7.197657502800596e-29,1.3407170032098866e-37,2.4178406384990622e-32,1.5571452866634652e-31,3.855017310592715e-39,3.2587605357133935e-34,1.127951953303886e-19,3.6365139032714185e-15,1.7673106878524006e-21,1.6193913869119723e-19,0.0,1.1589954218377115e-39,1.1386783624851956e-45,4.022460125552177e-13,1.08995910165078e-20,4.435654988028924e-30,9.344298117599966e-43,1.0449484364560764e-17,2.125525260115657e-13,9.062726679933757e-24,3.7156381928797846e-23,1.5461689852493375e-28,1.1162758329905695e-22,2.015678974365734e-19,1.4225361841124677e-33,2.2668679566517103e-42,7.840778565187103e-27,1.4538363496194277e-25,0.09155207331195477,0.008447926311102551,1.867057612281405e-09,5.0742233384842276e-24,9.957660535969004e-38,1.924472993576551e-24,1.788447867936684e-21,2.685611749535884e-25,3.896126573045496e-19,2.083755505077612e-41,5.844335384048497e-18,3.133807089031209e-19,3.93293744070277e-38,3.2547412365591444e-29,6.128727036762164e-25,6.196594863323796e-09,2.2498034051366717e-06,4.290420868162611e-05,1.8895370753962044e-05,3.05569008433792e-17,1.0910939916483838e-15,9.975363010053097e-21,7.23533960954501e-41,8.818928813003032e-14,4.2047096448102167e-10,9.197169593377175e-20,2.3359675440816456e-15,2.7174059731561084e-54,2.4745687984284487e-28,2.17203568150461e-21,9.553480453526026e-31,1.1148920139390291e-17,6.560599910561813e-16,1.738450829467569e-30,1.914842388453932e-22,1.218347357355048e-19,0.0003144695978930441,1.952945410092808e-05,4.611127319942403e-17,7.96154601439083e-15,2.0055774482759153e-40,1.8594313315427606e-26,1.1539812034025357e-27,1.7281156388265034e-31,5.9933059670683315e-33,9.613996463368034e-45,1.0310559147438202e-12,9.460277657746366e-10,1.0280275523201066e-08,3.499719724470119e-06,3.498697357415101e-26,6.212562516072296e-28,1.4754274821160834e-09,1.778524571841434e-06,6.103539487509019e-23,1.400499816073009e-21,2.2418125422958836e-39,6.56181896385667e-32,0.0,0.0,5.954226211916054e-19,6.757314846916436e-16,3.922703655638785e-27,1.4349935276655536e-20,2.2197194022702875e-41,1.090423940525079e-28,1.917689753500379e-41,8.119204731046043e-44,5.354353668784666e-43,1.882585528597318e-20,7.349058306282623e-20,1.7895804143973676e-25,3.630627938552019e-24,5.513710776665471e-26,4.124442839171632e-30,8.787749905553934e-22,2.5138189095733816e-19,1.0465503972283682e-31,1.2395717048483837e-33
2391018.0870852144,1.6349334729451495e-06,0.00017536516544072256,2.080470372908421e-20,7.590552303853087e-20,3.107277414096167e-25,3.339934756012035e-24,1.5575916942219015e-31,7.449856713674743e-30,-3.804701625546416e-34,-6.425739351424645e-47,4.691842727711264e-60,2.7183327301731607e-31,1.5723043227938284e-29,-5.055098151707407e-35,1.1373161395075726e-36,1.5374728196155182e-30,1.7953355852636939e-34,2.438685052137001e-57,-2.102682061334529e-33,7.178465528440829e-41,1.632746557271131e-38,6.013184708885103e-48,2.7083504061379876e-14,1.321530769782825e-13,9.316162403688878e-19,1.8043833587474984e-17,1.0436282504864607e-37,4.2171048305423507e-47,5.467025546209329e-25,1.7783507797205494e-23,2.839149015014716e-54,7.278031713851246e-64,-6.318869835347986e-35,-2.0810862667463983e-36,1.121676080142849e-47,2.76365504475798e-48,-2.3884000885472625e-35,2.0265376735998993e-35,-1.1448414124111835e-35,1.8731365392825514e-09,3.202681720803532e-08,5.22091305362708e-18,3.260142208299417e-19,8.793910921839439e-13,4.767921837248778e-14,1.0246046008368132e-27,2.236644592931107e-21,2.7103641210534997e-21,0.11974098832006859,0.8888539296739227,0.11107029172650702,3.788600917564401e-05,2.219619608321775e-09,4.0397111275399115e-20,5.0607061314902316e-30,1.6681031051738698e-29,3.321431724920541e-30,2.2490729777565012e-39,1.1351227103778782e-33,7.300108296193698e-33,1.766405550786034e-40,1.5795634938023876e-35,8.94660716051231e-21,1.678865209840786e-16,3.7958939719991326e-22,3.4782150531683897e-20,0.0,5.372236800363806e-41,2.19972022169321e-47,3.166317935861518e-14,1.080797899254333e-22,2.0562450885728554e-31,8.798706753090944e-43,8.308649318659872e-19,4.625181049831032e-14,1.791289608073902e-24,6.6052593957090185e-24,5.9036026944642874e-30,2.3940302229926654e-23,4.500700662183586e-20,2.806869397964468e-34,9.33235913956753e-44,1.680934053236058e-27,3.1154913556200455e-26,0.09155357092524376,0.008446428731642117,1.8332290100713675e-09,1.013835534341234e-24,1.069434751550337e-38,2.211248480742244e-26,9.066262874708335e-23,1.4295395632864158e-26,8.370211047480415e-20,2.965590261700958e-42,1.2550959186769473e-18,7.102481502425924e-20,1.822478418584248e-39,6.989484505630877e-30,2.829150159989143e-26,6.196544920336644e-09,2.249803455079654e-06,3.999577337996231e-05,2.1804122399982724e-05,1.5417734640301831e-18,2.5215365452356346e-16,4.95143807805849e-22,7.200197853663106e-42,4.693881159628231e-15,1.0421458660786611e-10,1.051923574032419e-21,1.2435499689624353e-16,1.4564325386422145e-57,1.3133072135805533e-30,2.48351238634712e-23,2.3463106025068588e-33,5.579361682294478e-18,1.3148369617511215e-16,1.995572530866131e-32,1.5773171928953575e-23,2.8612936000680886e-20,0.0003144656550506501,1.9534139783582095e-05,4.200288709167127e-17,1.7112861295189185e-15,1.835615536466722e-37,4.5197332026103856e-27,2.3107106960829984e-28,3.7260703649628657e-32,1.2856276706173351e-33,3.2841164083582873e-46,9.115135403371465e-13,2.0332337434086022e-10,1.0280982415550907e-08,3.4997190175829475e-06,2.8072768338765823e-26,4.089209189611144e-28,1.475641297858569e-09,1.778524358026173e-06,6.09396958702948e-23,1.2773639143256852e-21,1.0425841060914054e-40,1.404382198872571e-32,0.0,0.0,1.2786491611480505e-19,6.757353532945116e-16,8.424413782399566e-28,3.082160609994826e-21,1.0236567902949667e-42,2.3420856678999282e-29,8.84410749781634e-43,3.7444533102205066e-45,2.470119625225349e-44,1.868364411138621e-20,6.788312800539942e-20,3.6533173109327337e-26,3.627602002445374e-24,3.0498864280770757e-26,8.857844453595939e-31,5.824515531200386e-22,1.1552951190372234e-19,6.934867974770464e-32,8.213849840241144e-34
3457613.4016726078,1.6349415492551008e-06,0.00017536515736452628,2.077123032569074e-20,7.576153782429791e-20,2.767667073018276e-25,2.9750710249244444e-24,1.2412513854878755e-31,5.918872553310399e-30,5.745639909363489e-36,-1.5110038986398386e-49,2.9692297311763065e-60,2.425811871977148e-31,1.3969849142324007e-29,1.455234896775332e-39,9.014093381967644e-37,1.369445614402984e-30,1.78097312090502e-34,-3.936902357102068e-37,6.603770987740825e-35,7.122710095719518e-41,1.3399947880416964e-38,5.92173559324068e-48,2.7007259778582907e-14,1.321134161074821e-13,8.298737610198866e-19,1.607410164394519e-17,1.4910755242604277e-39,3.2272959850438634e-47,4.349493616871182e-25,1.4112820540081104e-23,4.597169862014559e-33,4.8385510671125716e-64,9.872601136932527e-36,1.0378056853867816e-37,8.585070416929614e-48,2.1153349093974446e-48,1.8917607283908968e-35,-7.876114902104308e-38,6.518723600692343e-36,1.8605961747529356e-09,3.203936260554471e-08,5.149218091232151e-18,3.193707108928728e-19,8.793960694578349e-13,4.7679557163808793e-14,9.3791480126593e-28,2.2364872100240175e-21,2.7024246630285743e-21,0.11974158299031819,0.888861665882689,0.11107082704551706,3.375044435329261e-05,2.037626403174336e-09,3.2071324634008404e-20,4.0152461495146165e-30,1.327244961066216e-29,2.6360461043187574e-30,1.9245638385314933e-39,9.032666920291569e-34,5.807840151602734e-33,1.3953773660235474e-40,1.2583341990767285e-35,8.62898259950683e-21,1.3324389873666893e-16,3.3814893176532977e-22,3.0985229387524257e-20,0.0,4.264111455985307e-41,1.8624163351691603e-47,2.6750363223163954e-14,7.641420069884444e-23,1.632111632859554e-31,8.664508422633847e-43,7.020421893786594e-19,4.121896780237751e-14,1.5912123709108964e-24,5.859762620782788e-24,4.6655769735197826e-30,2.132507501260077e-23,4.0330998797971425e-20,2.5119255793542255e-34,7.408117606850513e-44,1.4973040566802521e-27,2.775155760469273e-26,0.0915536166242158,0.008446383033680442,1.8322186165661547e-09,9.007167609201608e-25,9.404553408677634e-39,1.5720393857689386e-26,7.218398397329465e-23,1.139939647380635e-26,7.456545489107044e-20,2.6090425900696455e-42,1.1180536170169982e-18,6.339468815009378e-20,1.4464779300884475e-39,6.2263961651896314e-30,2.2453587259572418e-26,6.196543313460461e-09,2.2498034566865302e-06,3.9890661697788704e-05,2.190924501152634e-05,1.2293093378980456e-18,2.2513148903983494e-16,3.9382183722897364e-22,6.308164056504025e-42,3.7428422546449884e-15,9.328626233659333e-11,7.472823933558153e-22,9.916319126223175e-17,8.230921942091268e-58,9.007328843293118e-31,1.7642150284855273e-23,1.4848143625673747e-33,5.508000759745597e-18,1.1683909862025923e-16,1.418504516745626e-32,1.326971662171743e-23,2.5570130118838732e-20,0.00031446553896219144,1.953427805718495e-05,4.196177345052695e-17,1.5246350356990798e-15,-9.611962346332686e-37,4.1446455463098536e-27,2.053576231091465e-28,3.321992142890562e-32,1.1453734461991527e-33,2.64713414341808e-46,9.103208270718103e-13,1.8113985502853642e-10,1.0281004710541128e-08,3.4997189952881e-06,2.786632233961831e-26,4.025810525292736e-28,1.4756478094814946e-09,1.7785243515145674e-06,6.09368519718209e-23,1.273687680097391e-21,8.323770429471799e-41,1.2508832953660802e-32,0.0,0.0,1.1390298160763953e-19,6.757354332413224e-16,7.504569420875468e-28,2.7457034678136645e-21,8.123102772742103e-43,2.0864170466587842e-29,7.018190085186012e-43,2.9713865177330725e-45,1.9602633783602819e-44,1.8681591414583228e-20,6.782695160005567e-20,3.253711451044047e-26,3.627512630829897e-24,2.9763264174829786e-26,7.890872328216058e-31,5.752208161126813e-22,1.1168420954753938e-19,6.848737324808191e-32,8.111831447685841e-34
4999999.999999989,1.6349415972386401e-06,0.0001753651573165443,2.0771031554107534e-20,7.576068278581678e-20,2.7656505167216963e-25,2.972904478659113e-24,1.2405540470988953e-31,5.910306393970393e-30,-3.7581467414454885e-36,1.0202885123169737e-49,2.960684408948356e-60,2.4239977154196218e-31,1.3959463873121823e-29,-1.7942470788306896e-38,9.000918083544149e-37,1.3684474415648456e-30,1.7663547804658984e-34,3.5297052477742135e-38,-1.1730261534278478e-36,7.064248272641146e-41,1.0070895035344787e-38,5.873585326581351e-48,2.7006807010563132e-14,1.321131805435537e-13,8.292695919606446e-19,1.606240461735159e-17,-1.4065455370235832e-39,3.221970181069679e-47,4.343238453789723e-25,1.4092288500589265e-23,8.582461461780752e-35,4.826276812435371e-64,-1.7292716563548587e-37,-1.8339687759199556e-39,8.570909603774099e-48,2.1118463185724816e-48,2.0487173340140048e-35,8.456125617529915e-39,7.078945324869409e-36,1.8605216746695366e-09,3.20394371355277e-08,5.14880928674196e-18,3.193331435747476e-19,8.793960989557153e-13,4.767955917710634e-14,9.374001241812573e-28,2.236486275579121e-21,2.702377515633717e-21,0.11974158652339859,0.8888617118257894,0.11107083022223489,3.3725885626926334e-05,2.0365456533426077e-09,3.202474018084043e-20,4.009405832611117e-30,1.32533703041233e-29,2.632212327690313e-30,1.9227498297070394e-39,9.019688556328813e-34,5.7994875089904765e-33,1.3934611698296592e-40,1.2565326492947658e-35,8.627303469138422e-21,1.3305011968296e-16,3.3790284151448235e-22,3.0962681782642036e-20,0.0,4.2579123414757e-41,1.8605211122886937e-47,2.6722254974920786e-14,7.624754497497661e-23,1.6297389246302474e-31,8.594056279075535e-43,7.013049972196839e-19,4.118906902941566e-14,1.5900274193993398e-24,5.8553558281509946e-24,4.658675710226883e-30,2.130954530692922e-23,4.0303230636559443e-20,2.510177513871701e-34,7.397363900023115e-44,1.496213642078143e-27,2.773134844559433e-26,0.0915536168958136,0.008446382762088565,1.8322126163948422e-09,9.000466937139212e-25,9.397014732754452e-39,1.5686632538619758e-26,7.208037067872331e-23,1.1383138642354985e-26,7.451119746363742e-20,2.6069505637904638e-42,1.1172398048054182e-18,6.334929514926189e-20,1.4443745230966509e-39,6.221864660444641e-30,2.2420932032508955e-26,6.1965433038918285e-09,2.2498034566960987e-06,3.989003337163494e-05,2.1909873402892686e-05,1.2275574945675809e-18,2.249706656404642e-16,3.932541293129978e-22,6.302965397132947e-42,3.737503259166213e-15,9.322105567038201e-11,7.456737915622258e-22,9.902176680447307e-17,8.201389914400876e-58,8.986028988104392e-31,1.7604169636020757e-23,1.4805397168540685e-33,5.507595318370557e-18,1.1675234614780432e-16,1.415456757017773e-32,1.3255399647488888e-23,2.5552005400181742e-20,0.00031446553827323105,1.953427887790715e-05,4.1961543431805855e-17,1.5235266254564055e-15,3.0813143760374235e-41,4.14242164471134e-27,2.052053092516308e-28,3.3195926847292104e-32,1.144540616602587e-33,2.6435841160636254e-46,9.103141560847119e-13,1.810081195193031e-10,1.0281004843201097e-08,3.4997189951554163e-06,2.786509638469138e-26,4.025434040033862e-28,1.475647848177186e-09,1.7785243514758757e-06,6.09368350866648e-23,1.273665849287437e-21,8.311222620966997e-41,1.2499718454150832e-32,0.0,0.0,1.1382007005340973e-19,6.757354337089242e-16,7.499107011366854e-28,2.7437054534912136e-21,8.111281261485121e-43,2.0848987860143902e-29,7.007976930181682e-43,2.9670624179155084e-45,1.9574114885627211e-44,1.868157960418249e-20,6.78266372766357e-20,3.2513403332772884e-26,3.6275121003261144e-24,2.975889591042477e-26,7.885130085160324e-31,5.7517815741530155e-22,1.1166141123347274e-19,6.848229188844383e-32,8.11122958030266e-34
