time_years,C,C+,C2,C2+,C2H,C2H+,C2H2,C2H2+,C2H3,C2H4,C2H5,C2N,C2N+,C2N2+,C2NH+,C3+,C3H2,C3H5+,C3N,C4H,C4N,C4N+,CH,CH+,CH2,CH2+,CH2CO,CH2OH,CH3,CH3+,CH3CCH,CH3CHO,CH3CN,CH3CNH+,CH3OH,CH3OH2+,CH4,CH4+,CH5+,CL,CL+,CN,CN+,CO,CO+,CO2,CS,CS+,E-,H,H+,H2,H2+,H2CL+,H2CN,H2CO,H2CO+,H2COH+,H2CS,H2CS+,H2CSH+,H2NO+,H2O,H2O+,H2S,H2S+,H2S2,H2S2+,H2SIO,H3+,H3O+,H3S+,HC3N,HCL,HCL+,HCN,HCN+,HCNH+,HCO,HCO+,HCO2+,HCOOH,HCS,HCS+,HE,HE+,HEH+,HNC,HNCO,HNO,HNO+,HNS+,HOC+,HOSO+,HS,HS+,HS2,HS2+,HSO+,MG,MG+,N,N+,N2,N2+,N2H+,NCCN,NH,NH+,NH2,NH2+,NH2CHO,NH3,NH3+,NH4+,NO,NO+,NO2,NS,NS+,O,O+,O2,O2+,O2H,O2H+,OCN,OCS,OCS+,OCSH+,OH,OH+,S,S+,S2,S2+,SI,SI+,SIC,SIC+,SIC2,SIC2+,SIC3,SIC3+,SIH,SIH+,SIH2,SIH2+,SIH3,SIH3+,SIH4,SIH4+,SIH5+,SIO,SIO+,SIOH+,SIS,SIS+,SISH+,SO,SO+,SO2,SO2+
0.0,1e-10,0.000177,0.0,0.0,0.0,0.0,0.0,0.0,0.0,0.0,0.0,0.0,0.0,0.0,0.0,0.0,0.0,0.0,0.0,0.0,0.0,0.0,0.0,0.0,0.0,0.0,0.0,0.0,0.0,0.0,0.0,0.0,0.0,0.0,0.0,0.0,0.0,0.0,0.0,0.0,3.39e-08,0.0,0.0,0.0,0.0,0.0,0.0,0.0,0.0001823239,0.5,0.0,0.25,0.0,0.0,0.0,0.0,0.0,0.0,0.0,0.0,0.0,0.0,0.0,0.0,0.0,0.0,0.0,0.0,0.0,0.0,0.0,0.0,0.0,0.0,0.0,0.0,0.0,0.0,0.0,0.0,0.0,0.0,0.0,0.0,0.1000000014901161,0.0,0.0,0.0,0.0,0.0,0.0,0.0,0.0,0.0,0.0,0.0,0.0,0.0,0.0,2.256e-06,0.0,6.18e-05,0.0,0.0,0.0,0.0,0.0,0.0,0.0,0.0,0.0,0.0,0.0,0.0,0.0,0.0,0.0,0.0,0.0,0.0,0.000334,0.0,0.0,0.0,0.0,0.0,0.0,0.0,0.0,0.0,0.0,0.0,0.0,3.51e-06,0.0,0.0,0.0,1.78e-06,0.0,0.0,0.0,0.0,0.0,0.0,0.0,0.0,0.0,0.0,0.0,0.0,0.0,0.0,0.0,0.0,0.0,0.0,0.0,0.0,0.0,0.0,0.0,0.0,0.0
1e-09,1.0000000001656848e-10,0.000177,6.7666367085874225e-40,1.445905382768195e-33,1.2431491202042037e-51,6.282153262345712e-43,1.10729926800726e-66,1.816044863545554e-54,-1.751607626743867e-124,-8.869946559668778e-104,-1.3173561305398723e-116,1.3729223514214623e-68,4.267039340266019e-59,-3.910421847674124e-85,-2.2176488853531925e-70,7.287309792273756e-64,1.6227723013708035e-145,-1.2545441023828892e-126,-3.253378435832777e-97,-2.757546841458112e-116,-8.27467811190605e-133,-7.282761604443346e-117,1.5768165650657114e-29,4.865989973103352e-23,7.884000000636425e-30,3.226490607261903e-22,-1.7324162016712923e-102,-3.8751816383253025e-99,9.826721814347324e-49,2.0350121558154102e-33,-2.1807504421164587e-138,-4.395449037490188e-132,-4.390271972313978e-99,-8.331670925806993e-88,-3.875181638325131e-99,-2.5017020956157153e-86,-1.0817389716294213e-64,-2.887681815038354e-63,2.922816829004006e-51,9.018844574569663e-25,3.3899999999732734e-08,1.8919173768097189e-34,2.922548222510992e-28,4.582722886761002e-34,4.583582746796355e-27,3.651818799614872e-61,3.5150477011214536e-50,6.58986529976991e-36,0.0001823239000000085,0.5,3.843623771734736e-18,0.25,3.766412319121626e-18,1.3696395429499104e-30,-2.2971352099345148e-65,-3.168434351188352e-64,2.857977583709236e-49,-5.658342329267293e-68,-2.568939777867606e-80,-5.056913139900611e-66,-1.1282954472319687e-72,-8.0624672100148e-83,4.3558196029627866e-41,6.1986988180630495e-43,1.317035570543538e-40,2.870053426577427e-25,0.0,-1.5843997891286844e-74,-5.941851899933813e-93,3.0882170513050817e-29,-1.9801530251015934e-54,6.222169841724193e-42,-3.0985858465865455e-103,1.2824738369063173e-41,2.6726759999740854e-19,2.9422411258731893e-46,7.032213168533015e-38,1.6632590586517969e-49,2.080211237150098e-45,1.287977725670905e-36,-1.3553063656069574e-70,-3.862655226936381e-100,3.6854525230927065e-62,9.398562095456385e-46,0.1000000014901161,8.160560146475628e-19,7.720576199642953e-31,2.9420360213343355e-46,-1.6088609906998358e-82,8.344974070811722e-81,-6.828757473008422e-59,-4.4588294786026835e-76,1.3551362390796816e-38,-7.053348392194009e-98,1.355788908469885e-37,2.3092790704558114e-35,-4.008843517950775e-86,1.0061028991322582e-57,-7.270664986183244e-75,2.255999999999982e-06,1.837055159272644e-20,6.18e-05,2.094878531917882e-21,1.784077579561162e-50,1.8026418172568336e-43,9.473372563293336e-55,-1.466665025868489e-91,3.2996679291840856e-45,1.285123893482596e-32,-6.854993509426616e-68,3.7150361513588914e-44,-1.5845342053722599e-146,-1.6488846566281373e-71,-2.622457129900591e-56,-1.722433011644396e-70,4.223808707861378e-40,1.7811643857644083e-45,-3.6959864117924345e-98,8.807768757642491e-54,2.2094397288171436e-40,0.000334,2.908873051374259e-20,1.2923770934860829e-28,3.024925426939639e-44,-1.0443734996538619e-86,9.722010071749262e-57,1.3513916367756899e-61,-8.531388263201792e-78,1.6499213298717758e-62,-1.7897308186731142e-91,7.292090122391863e-24,1.8455528068844941e-31,1.933020407784899e-22,3.51e-06,3.6970431454635963e-65,3.1407444999358505e-57,4.160687282083941e-22,1.7799999999999997e-06,7.760531105123352e-51,4.11663721378383e-46,-1.7148754297748427e-98,2.3261010713233387e-68,0.0,0.0,1.9887947645747508e-38,3.3687427647089084e-25,1.5055590952485744e-56,4.210055999993356e-26,-5.431439092767791e-77,4.780650232275588e-44,-5.431439092767877e-77,-1.4816594730772932e-103,1.3762678171922107e-64,4.567154075190713e-44,1.9092670116635296e-29,1.6376981359276934e-40,6.451999576361025e-62,3.081993561570549e-55,9.41027573555932e-59,5.985235740583078e-49,7.382550433990462e-40,8.836852851918382e-70,-6.6867295804099e-85
1.4460841682246074e-09,1.0000000002395939e-10,0.00017699999999999997,9.7851262171495e-40,2.0909008829153797e-33,2.5996229953466467e-51,1.3136983983040946e-42,3.349092650364004e-66,5.491706112130333e-54,-3.282898237162044e-124,-1.8616731150202553e-103,-2.8306601778103903e-116,4.151706939526857e-68,1.2903495103521945e-58,-1.8490389870599857e-85,-1.0471041080836693e-70,2.2036770402283522e-63,4.380170572325098e-145,-2.8495424212039896e-126,-1.5383566862416003e-97,-5.072553674006173e-116,-1.6498999604027035e-132,-1.3436055658083932e-116,2.2802201566496317e-29,7.036631062806774e-23,1.1400927583613668e-29,4.665776986070914e-22,-3.5912682302266554e-102,-7.726918737866075e-99,2.6509055764050705e-48,4.255534842671721e-33,-3.845890042202321e-138,-8.014477891524369e-132,-8.359855835859447e-99,-1.532509533887799e-87,-7.726918737865452e-99,-4.601439660679348e-86,-5.1076312881848835e-65,-1.3634725693441515e-63,8.838576265565351e-51,1.304200944086002e-24,3.389999999961351e-08,2.7358812795402433e-34,4.226250715486214e-28,6.627177870067096e-34,6.628246443921775e-27,1.1043073279035351e-60,7.350525153533947e-50,9.529499881666887e-36,0.00018232390000001226,0.5,5.558203484929703e-18,0.25,5.446549225655075e-18,2.8641346344123143e-30,3.3264348224010558e-65,3.278753460802453e-64,8.642502871965915e-49,-2.6716913593557608e-68,-3.87898963059637e-80,7.32281316749472e-66,-5.327456551948498e-73,-1.4829486072023262e-82,9.108713201481345e-41,1.8744818938605066e-42,2.7541313419090193e-40,4.150338822127726e-25,0.0,-7.481037697160536e-75,-1.0928988322897168e-92,6.457954182724975e-29,-9.349660057459632e-55,1.3011549087238863e-41,-1.463591763060704e-103,2.6918897155812696e-41,3.8649144503396775e-19,6.152822822790101e-46,1.4705478821955125e-37,5.029682973421824e-49,4.350053410195827e-45,2.6933667558307075e-36,-6.399330573766423e-71,-8.007193871039003e-100,1.1144780911665817e-61,1.965389168807468e-45,0.1000000014901161,1.1800856831663088e-18,1.6144955659857875e-30,6.152266344788804e-46,-7.596535820499038e-83,2.5301215950478688e-80,-3.2243245940780166e-59,-8.201230210011716e-76,2.8338059138930995e-38,-1.2973422447712688e-97,2.8351707496315233e-37,3.368635012265211e-35,-7.373560420863503e-86,3.042447654191718e-57,-1.3373105568983562e-74,2.2559999999999734e-06,2.65653638197951e-20,6.18e-05,3.029370679356265e-21,3.730800191421953e-50,3.769712663184283e-43,2.864930231026507e-54,-6.926806135192951e-92,4.7737323694401996e-45,2.687398937755744e-32,-1.260816815167096e-67,1.1234241580653465e-43,-3.8088051010359997e-146,-3.032832433655916e-71,-1.23824181116291e-56,-3.168111657485662e-70,8.832657374437557e-40,3.824237915132583e-45,-1.7167102844422472e-98,2.663462695364292e-53,4.620290705348594e-40,0.000334,4.2064752669497675e-20,1.8688860542754703e-28,6.368517440688482e-44,-5.473773982278856e-87,2.939928586065712e-56,4.086598402732436e-61,-4.028253605270786e-78,4.98934978890837e-62,-3.292189980882443e-91,1.0544976079257883e-23,3.8593451401412826e-31,2.7953102085528265e-22,3.51e-06,1.1179936152016871e-64,9.497587915201264e-57,6.016704007554948e-22,1.7799999999999995e-06,1.6228507739104328e-50,8.60856502884159e-46,-3.1545421205721374e-98,7.0341122714249685e-68,0.0,0.0,4.158886909547161e-38,4.871485578832799e-25,4.552799461659993e-56,6.088095328925123e-26,-2.5645547843713197e-77,9.997101774499565e-44,-2.5645547843714846e-77,-3.10978060847211e-103,4.161823602263683e-64,9.55064727965272e-44,2.760960798532696e-29,3.4246878866693967e-40,1.951079856824937e-61,9.319925516198356e-55,2.845660355580541e-58,1.2516865404687776e-48,1.5438089895395464e-39,2.672654280362538e-69,-3.167557555391143e-85
2.0911594215898465e-09,1.0000000003464728e-10,0.00017699999999999997,1.4150116108233798e-39,3.023618664410963e-33,5.436226119876774e-51,2.7471527829271457e-42,1.0129885465289967e-65,1.6606878295303815e-53,-2.0382916889833586e-124,-2.2636505606520177e-103,-3.768579185709308e-116,1.2554730786070868e-67,3.9020072845087124e-58,3.0223594269532703e-84,1.7149749818289718e-69,6.663902916598235e-63,1.0164871335067646e-144,-4.540256787427274e-126,2.514531513561787e-96,-2.5975449551497845e-116,-1.5748069613573468e-132,-7.104291320506575e-117,3.297412614128744e-29,1.0175560777483565e-22,1.6486700882597395e-29,6.7471062319905495e-22,-4.1429324337139175e-102,-7.375961172414174e-99,7.345709432362064e-48,8.899001780121861e-33,-1.0458515642914642e-138,-3.7328532923490763e-132,-5.888819566115839e-99,-7.841082953620425e-88,-7.375961172412106e-99,-2.353544579330413e-86,8.365414875909358e-64,2.2331317387373465e-62,2.6727788627356287e-50,1.8859845645046037e-24,3.38999999994411e-08,3.956334498409755e-34,6.11151425069637e-28,9.5838226500219e-34,9.58500224571344e-27,3.339417292231592e-60,1.5371120037297426e-49,1.3780458911935948e-35,0.0001823239000000177,0.5,8.037630063353478e-18,0.24999999999999997,7.876168606607105e-18,5.989362125424617e-30,4.6939378293847475e-64,5.608304366362019e-63,2.6134864149246226e-48,4.375767364116106e-67,2.9515220996428518e-80,1.0333234101718412e-64,8.725450048645057e-72,-7.584986251013419e-83,1.9047771429837263e-40,5.6684192497992616e-42,5.7593277039226545e-40,6.001739263437067e-25,0.0,1.2252643062636177e-73,-5.589959474184412e-93,1.3504611733321962e-28,1.5313122606202615e-53,2.7209223463213054e-41,2.3958895406513045e-102,5.659508650726297e-41,5.588991598143739e-19,1.2866919191515571e-45,3.0751500587367287e-37,1.520972375379274e-48,9.096655423331906e-45,5.6322592672405176e-36,1.0480994287342208e-69,-9.237087817655233e-100,3.3701734263201866e-61,4.1099420813021164e-45,0.1000000014901161,1.7065032235753126e-18,3.376167613887528e-30,1.2865369731394376e-45,1.2441808924687985e-81,7.676023361020421e-80,5.280884815759775e-58,-4.1947656228516355e-76,5.925939935805996e-38,-6.635844529821968e-98,5.928794024900925e-37,4.932439938361754e-35,-3.771429039456692e-86,9.200338987668023e-57,-6.840076680434586e-75,2.2559999999999615e-06,3.841575204293244e-20,6.18e-05,4.380724979092973e-21,7.801726855766199e-50,7.883376311214341e-43,8.664207728428557e-54,1.134110179879584e-90,6.90768307890912e-45,5.619779608226325e-32,-6.443809768396143e-68,3.3972262651082905e-43,-7.03111518326708e-146,-1.5512332793583629e-71,2.0280254631512274e-55,-1.620425903276588e-70,1.847049468622996e-39,8.298097030151027e-45,2.8756976819071105e-97,8.054291302140613e-53,9.661764438966694e-40,0.000334,6.082917287527289e-20,2.7025665353225572e-28,1.3447363318028848e-43,7.73290963945729e-86,8.890322091187995e-56,1.2357843715826958e-60,6.597580555730816e-77,1.508775653272165e-61,-1.6855761769124418e-91,1.5248922962521897e-23,8.070505950922511e-31,4.042253837864873e-22,3.51e-06,3.380842142379036e-64,2.8720634935054705e-56,8.700660410218498e-22,1.7799999999999993e-06,3.3936396863275175e-50,1.8001943356204722e-45,-1.6153727467221347e-98,2.127110298799894e-67,0.0,0.0,8.696895544220433e-38,7.044578171213583e-25,1.3767631575181593e-55,8.803898269791809e-26,4.200296224557806e-76,2.090553356418831e-43,4.200296224557796e-76,-3.7812145207810893e-103,1.2585323495869994e-63,1.9971926057653766e-43,3.9925816999567954e-29,7.161568340225578e-40,5.900050927883073e-61,2.8183385166782853e-54,8.605255666121929e-58,2.61771296990171e-48,3.228350713608909e-39,8.08351031035636e-69,5.164519153120718e-84
3.023992532794805e-09,1.0000000005010286e-10,0.00017699999999999997,2.046225888586561e-39,4.3724070819808734e-33,1.1368015470215106e-50,5.744734425127529e-42,3.0638996725483e-65,5.021907601368444e-53,1.6555098977339406e-123,2.991550737063699e-103,2.661602640285557e-116,3.7965412155562525e-67,1.1799640892685493e-57,1.914672987455956e-83,1.08626020319385e-68,2.0151592665367236e-62,2.0905203516084685e-144,-1.6318674548960623e-126,1.5929626121813667e-95,2.8789073881710377e-115,5.1422013426028364e-132,7.496092916560703e-116,4.768382905463563e-29,1.4714717342961549e-22,2.3841157134374027e-29,9.756883503341488e-22,7.06436891144984e-102,2.4078118008465648e-98,2.0811019649799078e-47,1.860923141514106e-32,2.714355624776301e-137,4.759443502016929e-131,3.81613334342164e-98,8.701491746808729e-87,2.4078118008472217e-98,2.6131199395013286e-85,5.298629615171443e-63,1.4144591936880398e-61,8.082463322654366e-50,2.727292895102924e-24,3.3899999999191784e-08,5.721234283718932e-34,8.83776400198646e-28,1.3859778842122784e-33,1.3860720000063922e-26,1.009837345501244e-59,3.214346281555021e-49,1.992770346751739e-35,0.00018232390000002562,0.5,1.1623089584715618e-17,0.24999999999999994,1.1389602728138616e-17,1.2524711037809058e-29,2.4499120872785003e-63,2.9859270861263246e-62,7.90316340322677e-48,2.771598410536963e-66,5.068387029669021e-79,5.393236137036414e-64,5.526674880367876e-71,8.421543821885542e-82,3.983192668579367e-40,1.7141257483880917e-41,1.2043672390062402e-39,8.67902013064791e-25,0.0,7.760788728445632e-73,6.206483059747495e-92,2.8240296060810593e-28,9.699287631964745e-53,5.689882399910516e-41,1.517613941783707e-101,1.1926677054959846e-40,8.082152266342903e-19,2.690794587871798e-45,6.430629018083333e-37,4.59940910568944e-48,1.9022557450005154e-44,1.1777952031491321e-35,6.638631510905119e-69,1.5751566524860994e-99,1.0191379277285186e-60,8.594544117175415e-45,0.10000000149011612,2.4677472946365172e-18,7.060104714530504e-30,2.6903539127128482e-45,7.880605841492622e-81,2.3283226634125687e-79,3.3448971902503704e-57,4.657411543080437e-75,1.2392085128570872e-37,7.36738468506529e-97,1.2398053483816157e-36,7.26051443131328e-35,4.187384640750424e-85,2.782175639781444e-56,7.594477249090603e-74,2.255999999999944e-06,5.555241083972694e-20,6.18e-05,6.334897037595842e-21,1.6314741968355642e-49,1.648632246939184e-42,2.620239974373434e-53,7.183622101725183e-90,9.99842675593764e-45,1.175185507490388e-31,7.163267423287151e-67,1.027318685778292e-42,-7.738892272873786e-146,1.72232072780807e-70,1.2845454711025933e-54,1.7991446923208413e-69,3.862474898453484e-39,1.826288332995117e-44,1.8180190618316716e-96,2.4356116754575856e-52,2.020428973570591e-39,0.00033399999999999993,8.796410386035352e-20,3.908138680343428e-28,2.8513028413765395e-43,4.9631376126066105e-85,2.6884267617824454e-55,3.73700289662112e-60,4.178888502704049e-76,4.5625263168585934e-61,1.8686326534380942e-90,2.2051226078579466e-23,1.687671455611471e-30,5.845439278881595e-22,3.51e-06,1.022374700505992e-63,8.685098558051939e-56,1.2581887272315113e-21,1.7799999999999988e-06,7.096641605451217e-50,3.7645119400871313e-45,1.7903476644179763e-97,6.432365661222767e-67,0.0,0.0,1.8186595055861968e-37,1.0187052965064172e-24,4.1633215077087504e-55,1.2731177906587211e-25,2.660455497509882e-75,4.371680347566492e-43,2.6604554975098897e-75,4.997374471870204e-103,3.8057924273802624e-63,4.1764481392734975e-43,5.77360918688065e-29,1.4975981108059456e-39,1.7841709976851542e-60,8.522634629210127e-54,2.602222887707659e-57,5.474771426859039e-48,6.750996010954151e-39,2.4448452833643913e-68,3.272426680501971e-83
4.372947726504e-09,1.0000000007245293e-10,0.0001769999999999999,2.9590148627673513e-39,6.322868659598413e-33,2.3772332660586936e-50,1.201315551933842e-41,9.256825395923341e-65,1.5186211012842548e-52,-4.317948054996049e-119,-2.0334081517310413e-99,-2.4182649457968953e-111,1.1480712276632454e-66,3.5682025930237214e-57,-7.575465977517128e-83,-4.271284789451119e-68,6.093826566007226e-62,2.9831925683914294e-139,-2.7133133071193186e-120,-6.30260853508567e-95,-6.783441229887171e-113,-1.9670279423855747e-128,-2.154114718011454e-113,6.895580743463093e-29,2.1278719789212324e-22,3.447631988792763e-29,1.4109274765248351e-21,-3.617816770517593e-98,-9.186200782315195e-95,5.999982888948705e-47,3.891486960199861e-32,-3.316935289199352e-132,-7.454024471300381e-126,-6.586631720000606e-95,-2.0410385490982775e-84,-9.186200782313282e-95,-6.115953120562318e-83,-2.0834744552459915e-62,-5.561795818433842e-61,2.444130873522654e-49,3.9438960707211395e-24,3.389999999883125e-08,8.273473315481915e-34,1.278015060614468e-27,2.004400573624899e-33,2.004376775258023e-26,3.0537399273488785e-59,6.721710610465979e-49,2.881713650201931e-35,0.000182323900000037,0.5,1.6807965834426505e-17,0.25,1.6470324187228785e-17,2.6191167489144587e-29,-6.30823105293834e-63,-8.14172435375041e-62,2.389910711769337e-47,-1.0898203721931896e-65,-4.886514777671731e-77,-1.3886938984100582e-63,-2.173144444287613e-70,-1.9710448977969503e-79,8.329490876907199e-40,5.183503463746276e-41,2.5185238988963375e-39,1.2550593606589838e-24,0.0,-3.0516201887692576e-72,-1.4526145113776066e-89,5.905496117532961e-28,-3.813857451889233e-52,1.1898451188269872e-40,-5.976850826844773e-101,2.5218010875234745e-40,1.168747243738623e-18,5.627233228286389e-45,1.3447470457773234e-36,1.3908578791468123e-47,3.977920252210854e-44,2.4629575357579216e-35,-2.6103766830398895e-68,-8.06300828441347e-96,3.081865480850502e-60,1.7972561940196687e-44,0.1000000014901161,3.568570293952972e-18,1.4763804490847798e-29,5.625958932309043e-45,-3.0987335173934126e-80,-1.2908724771260768e-79,-1.315247218144895e-56,-1.090057529634322e-72,2.59138255698591e-37,-1.7291273641731653e-94,2.5926306351993426e-36,1.0766546588851787e-34,-9.800487065144344e-83,8.413278359722147e-56,-1.7774716774466127e-71,2.2559999999999196e-06,8.033346182203862e-20,6.18e-05,9.160794313365641e-21,3.4116990521381308e-49,3.4478328238831976e-42,7.921056634124391e-53,-2.8276173027282205e-89,1.4478089210071693e-44,2.4575002460750036e-31,-1.6762198129104424e-64,3.1066040347525124e-42,-2.9266324927402385e-138,-4.03105600928196e-68,-5.050961993144836e-54,-4.210860906122488e-67,8.07705077455523e-39,4.094315812574462e-44,2.9757611029362156e-95,7.365271519440297e-52,4.225039083728876e-39,0.00033399999999999993,1.2720349796289884e-19,5.65149747295417e-28,6.0812047572403285e-43,-2.916026054714852e-84,8.129782452687508e-55,1.1300666394370188e-59,-1.6431814826123428e-75,1.3797045410351559e-60,-4.402482449435016e-88,3.188792892217508e-23,3.5291900649036575e-30,8.452997197509024e-22,3.5099999999999994e-06,3.091512878172735e-63,2.6263673186418295e-55,1.8194467990880566e-21,1.779999999999998e-06,1.484020896065017e-49,7.872250840714009e-45,-4.218516412205512e-95,1.945142571148974e-66,0.0,0.0,3.803106959765256e-37,1.4731336013334417e-24,1.2589853151643159e-54,1.8410354813527473e-25,-1.0461178606243619e-74,9.141880546856676e-43,-1.0461178606245663e-74,-3.3952266451062568e-99,1.1508687882451026e-62,8.733618890336008e-43,8.34912483914488e-29,3.131716399178242e-39,5.39531973719198e-60,2.5772383479974515e-53,7.869102581184138e-57,1.1450785896355929e-47,1.4117408913405814e-38,7.387898674903259e-68,-1.304849455433717e-82
6.3236504757711994e-09,1.0000000010477303e-10,0.00017699999999999988,4.2789845479923276e-39,9.143400269153881e-33,4.971173743228196e-50,2.512142335243355e-41,2.7933931466334342e-64,4.592298818616367e-52,-4.20035144906022e-118,-2.0195898034397304e-98,-2.4161430438570117e-110,3.4717588128165727e-66,1.0790217983581338e-56,-1.1637313348820163e-81,-6.576332027490386e-67,1.8427685973058516e-61,3.169531031276341e-138,-2.7387415391749127e-119,-9.681969415843726e-94,-6.689279804619126e-112,-1.935407321875003e-127,-2.125835570976794e-112,9.971794483234568e-29,3.07708198065472e-22,4.985566037642976e-29,2.040319886285202e-21,-3.5929300157194323e-97,-9.03884740869452e-94,1.7530662770517335e-46,8.137719620719316e-32,-2.9332217404083326e-131,-7.17548111995181e-125,-6.482751476618828e-94,-2.012625141380124e-83,-9.038847408692058e-94,-6.030754744294588e-82,-3.20784517000841e-61,-8.563282259518896e-60,7.391033511357353e-49,5.703207745517174e-24,3.389999999830989e-08,1.1964320698353635e-33,1.848117345983872e-27,2.898866307998442e-33,2.8984975219191063e-26,9.234482087949516e-59,1.4056168773284156e-48,4.1672004887054184e-35,0.0001823239000000535,0.5,2.430573329346032e-17,0.25,2.3817475052050373e-17,5.476990665657509e-29,-1.1500993877416723e-61,-1.4471421293820776e-60,7.227072147051035e-47,-1.6779543449867574e-64,-4.8844319663411006e-76,-2.531828636245362e-62,-3.345906422489966e-69,-1.9435872274182774e-78,1.7418293324290545e-39,1.567487577052801e-40,5.266634979658945e-39,1.8149214716221036e-24,0.0,-4.6984617692165325e-71,-1.4323788432434975e-88,1.234933384512313e-27,-5.872049052336939e-51,2.488155830455245e-40,-9.197011132280247e-100,5.357382058134862e-40,1.6901068857945944e-18,1.1768508569649332e-44,2.81208045438976e-36,4.205943841134718e-47,8.318466105571514e-44,5.15043685584344e-35,-4.019096182063038e-67,-8.007507759268762e-95,9.319538183765403e-60,3.7583492338083e-44,0.1000000014901161,5.160453005282004e-18,3.0873468858477373e-29,1.1764777027768673e-44,-4.77100032257448e-79,-5.968412102464333e-78,-2.025035355432501e-55,-1.0748724669395397e-71,5.418994049016278e-37,-1.7049681542788028e-93,5.4216039794803026e-36,1.6128156481309358e-34,-9.663961233761052e-82,2.5441690936819025e-55,-1.7527105816987088e-70,2.255999999999884e-06,1.1616894731952644e-19,6.18e-05,1.3247279624847507e-20,7.134486493275576e-49,7.210814714749238e-42,2.3935525103194113e-52,-4.3519150807078393e-88,2.0977361325904134e-44,5.139024793050255e-31,-1.6528714664584147e-63,9.394347404549381e-42,-2.998584188131308e-137,-3.974901323348704e-67,-7.7767711445958805e-53,-4.15220144541488e-66,1.6890400825870388e-38,9.394238444953864e-44,3.1727356050239216e-94,2.2272526077273896e-51,8.835230286505626e-39,0.0003339999999999999,1.839469645435434e-19,8.172541022574622e-28,1.3075643829668865e-42,-3.946625236183324e-83,2.458440143081401e-54,3.417311358681321e-59,-2.5299428026341385e-74,4.172216157859579e-60,-4.3412787546027485e-87,4.6112629171828176e-23,7.380099054663808e-30,1.2223745421364907e-21,3.509999999999999e-06,9.347728639578724e-63,7.94211516014651e-55,2.6310732110879566e-21,1.7799999999999974e-06,3.103324280385673e-49,1.6462301552305946e-44,-4.1599588887574114e-94,5.882096599008067e-66,0.0,0.0,7.952902950211066e-37,2.130275178503066e-24,3.8071621924502363e-54,2.6622922627157713e-25,-1.610667275597356e-73,1.911712963619631e-42,-1.610667275597558e-73,-3.372138767791468e-98,3.480218622359588e-62,1.8263389472802164e-42,1.207353724942325e-28,6.548918253922921e-39,1.6315406338274817e-59,7.793549520628929e-53,2.379610744591528e-56,2.3951968918789586e-47,2.952175265765508e-38,2.230391615505281e-67,-1.9988360088644083e-81
9.144530838398738e-09,1.000000001515106e-10,0.00017699999999999986,6.1877718138637e-39,1.322212637870452e-32,1.0395516814328545e-49,5.253290114274741e-41,8.447892229267745e-64,1.3887077341974508e-51,-1.4064237562245599e-117,-7.022799601452067e-98,-8.505622598693904e-110,1.049857272640807e-65,3.2629538611139006e-56,-3.4106352727329385e-81,-1.9262943311360735e-66,5.572518478614527e-61,1.235702009257692e-137,-9.819058102646244e-119,-2.8375678706072167e-93,-2.2327677750958134e-111,-6.610442854703553e-127,-7.1434968210217045e-112,1.4420481437252663e-28,4.449719536403387e-22,7.209548118315492e-29,2.9504742856071854e-21,-1.2487988379920303e-96,-3.0874320795279106e-93,5.173020927939615e-46,1.701726905483163e-31,-7.914624916713484e-131,-2.3540172170020607e-124,-2.2109604021533715e-93,-6.716384097688313e-83,-3.087432079526693e-93,-2.0123717070860782e-81,-9.396201235330172e-61,-2.5082982214157913e-59,2.2350430147903967e-48,8.24732277123132e-24,3.389999999755596e-08,1.7301795170441585e-33,2.6725332352089177e-27,4.1927038983253996e-33,4.1914713782138707e-26,2.7925005427034088e-58,2.9393690671955774e-48,6.026122656281493e-35,0.00018232390000007736,0.5,3.514813611325654e-17,0.24999999999999997,3.444207359854156e-17,1.1453260632211376e-28,-3.364646151633556e-61,-4.234381581761813e-60,2.1854612206579217e-46,-4.914949398573958e-64,-1.6223783073961937e-75,-7.406931581980527e-62,-9.800600957460273e-69,-6.485456816939506e-78,3.64244281931042e-39,4.740070728227466e-40,1.1013373357736168e-38,2.6245292066649278e-24,0.0,-1.376241368954381e-70,-4.7796317048599807e-88,2.582442581992808e-27,-1.7200005496615423e-50,5.203130507202448e-40,-2.6943117749111266e-99,1.145683465808377e-39,2.4440368100881068e-18,2.4613053528905393e-44,5.880508536337033e-36,1.271874276889663e-46,1.7395240861923836e-43,1.0770384556302578e-34,-1.1772462357061772e-66,-2.7831536025332713e-94,2.818221387885683e-59,7.85930744217946e-44,0.1000000014901161,7.462449391805398e-18,6.45613452773322e-29,2.4602024327525794e-44,-1.3974888685677845e-78,-2.057857612145279e-77,-5.931595416541594e-55,-3.5866869619106263e-71,1.1331980461235384e-36,-5.689228702677323e-93,1.1337438241761077e-35,2.449126164034595e-34,-3.224717799011029e-81,7.693548341453223e-55,-5.848530299829716e-70,2.255999999999832e-06,1.6799007555808756e-19,6.179999999999998e-05,1.9156681337384773e-20,1.4919590195410147e-48,1.5081523303725742e-41,7.238293752773545e-52,-1.2748536935673256e-87,3.0420406084538494e-44,1.0746520113502263e-30,-5.515383018592258e-63,2.840843640170694e-41,-1.1029952046067807e-136,-1.3263644934708302e-66,-2.2779187511038345e-52,-1.3855268644243539e-65,3.5320520821447085e-38,2.2161935004774633e-43,1.5533505854142653e-93,6.735195254409739e-51,1.847587505548388e-38,0.00033399999999999977,2.66002793212292e-19,1.1818182187275695e-27,2.8428491733479844e-42,-1.1954662141116646e-82,7.434304634993608e-54,1.033392423398903e-58,-7.410536067665561e-74,1.2616750515036353e-59,-1.448980880099086e-86,6.66827430005917e-23,1.543296367000105e-29,1.7676564730244204e-21,3.509999999999998e-06,2.8267577669429744e-62,2.4016896938856256e-54,3.8047533159937364e-21,1.779999999999996e-06,6.4895458124482354e-49,3.442581118467627e-44,-1.388523491473714e-93,1.7787416193919413e-65,0.0,0.0,1.6630787933275443e-36,3.0805572094593836e-24,1.1512830041049816e-53,3.849898692283006e-25,-4.7178567050789523e-73,3.997696575124101e-42,-4.717856705079628e-73,-1.1725966866793303e-97,1.0524155126452215e-61,3.819165910441481e-42,1.7459351072962782e-28,1.3694832108015323e-38,4.933766696703412e-59,2.356763555422428e-52,7.195925122595793e-56,5.010719294486113e-47,6.173469121175e-38,6.745124764025974e-67,-5.862254631464111e-81
1.3223761271250085e-08,1.0000000021909706e-10,0.00017699999999999978,8.948038862750831e-39,1.9120307638513835e-32,2.173868294314555e-49,1.0985467121515336e-40,2.558890235811485e-63,4.1994418560338e-51,-2.956267716696515e-117,-1.610801817385221e-97,-2.0032331504162245e-109,3.17476055786024e-65,9.867148120453682e-56,-3.5421335988247543e-81,-1.9913708827308286e-66,1.6851254310770147e-60,3.501512459330315e-137,-2.4002663822900088e-118,-2.9469714109584233e-93,-4.6331163021467296e-111,-1.456410858905913e-126,-1.5085619730496898e-111,2.0854123470094536e-28,6.434668974317692e-22,1.0425613397382586e-28,4.266634153037193e-21,-2.8612787896323927e-96,-6.803160395764139e-93,1.5375009711875943e-45,3.558582251285694e-31,-6.755171152699028e-131,-4.696510590489122e-124,-4.853094818574101e-93,-1.3929171733485617e-82,-6.803160395759539e-93,-4.172558492546805e-81,-9.713635082818459e-61,-2.5930365897929486e-59,6.758753386728593e-48,1.1926331970247316e-23,3.389999999646571e-08,2.5020647607143645e-33,3.86470800082504e-27,6.064464919384186e-33,6.061220401870134e-26,8.44450416185537e-58,6.146689593653361e-48,8.714280576863464e-35,0.00018232390000011187,0.5,5.0827163177016426e-17,0.24999999999999997,4.980613734893181e-17,2.3950593878253156e-28,-3.215241711028087e-61,-4.0926676786870235e-60,6.608818411536522e-46,-5.0809921715430214e-64,-3.308034620759414e-75,-7.078032666229833e-62,-1.0131697748326519e-68,-1.3447290987710783e-77,7.616928619202769e-39,1.4333938485306526e-39,2.303071946035835e-38,3.7952901347621245e-24,0.0,-1.4227352221441251e-70,-9.910342503696668e-88,5.4002991358496014e-27,-1.778107690606179e-50,1.0880575381783748e-39,-2.7886188415478915e-99,2.4725238591381314e-39,3.53428293748678e-18,5.147957404617241e-44,1.2297080829111235e-35,3.8461383156663615e-46,3.637622814567767e-43,2.2522591138761377e-34,-1.2170173939719996e-66,-6.376704010924787e-94,8.52228044535461e-59,1.6435064902487864e-43,0.1000000014901161,1.0791329921667107e-17,1.3500806543742963e-28,5.144675497177146e-44,-1.4447005425725712e-78,-3.679935950790138e-77,-6.131983754577495e-55,-7.436827446011975e-71,2.369697770707364e-36,-1.1796556598207286e-92,2.3708390795775676e-35,3.7860133476511334e-34,-6.686301338522146e-81,2.3265232734745936e-54,-1.2126653681769375e-69,2.255999999999757e-06,2.4292778868340953e-19,6.179999999999998e-05,2.770217359739879e-20,3.119997203921801e-48,3.154561150052495e-41,2.190138001514238e-51,-1.3189469567451145e-87,4.416901115502196e-44,2.2472686783842702e-30,-1.1435888366710093e-62,8.590689953910243e-41,-2.8314486102520087e-136,-2.7501546618546837e-66,-2.354874160804623e-52,-2.8728250673693793e-65,7.386083989122686e-38,5.395578473832177e-43,5.915064738920937e-93,2.036718015590153e-50,3.8636000194215366e-38,0.00033399999999999966,3.8466242795297287e-19,1.7090086158975413e-27,6.273025372525291e-42,-1.5714948582897047e-82,2.2481281702277456e-53,3.1249722199501505e-58,-7.660889481714172e-74,3.8152959865699665e-59,-3.0063797195549568e-86,9.642885894694316e-23,3.2272787380289634e-29,2.5561800405004363e-21,3.5099999999999977e-06,8.54880764513629e-62,7.262691700257179e-54,5.501993534257691e-21,1.7799999999999944e-06,1.3570674883480067e-48,7.199141431904515e-44,-2.8812628392943927e-93,5.378901383058797e-65,0.0,0.0,3.477762887498598e-36,4.454745009625508e-24,3.4814712071878893e-53,5.567277548143225e-25,-4.877241053029199e-73,8.359820857351574e-42,-4.8772410530306137e-73,-2.6895027824185587e-97,3.182496651288477e-61,7.986484818025921e-42,2.5247691178481833e-28,2.863807719007773e-38,1.491967383729628e-58,7.126835392396973e-52,2.176042383683161e-55,1.0484202627167066e-46,1.2909708116593505e-37,2.0424073039952884e-66,-6.123270943547768e-81
1.912267181873642e-08,1.0000000031683278e-10,0.0001769999999999997,1.2939617348914207e-38,2.76495741927419e-32,4.545905169356464e-49,2.297236308594991e-40,7.755138671215572e-63,1.2699080965409654e-50,-3.0374936972465346e-117,-2.3680033336080124e-97,-3.1993638325337394e-109,9.60045224002856e-65,2.9838182274728057e-55,1.6474887929255348e-80,9.365268472174977e-66,5.095806737489053e-60,8.387840563520103e-137,-4.248183292361964e-118,1.3706716768460573e-92,-4.422282638127643e-111,-1.850537546645738e-126,-1.5820419084594395e-111,3.015868638023303e-28,9.305072930868213e-22,1.5076314485164417e-28,6.169912100035027e-21,-4.1913285199810395e-96,-8.648938785494247e-93,4.593313472263271e-45,7.441562802011297e-31,4.541031807778816e-130,-3.4928451608945676e-124,-6.073653278490994e-93,-1.325370163429223e-82,-8.648938785478718e-93,-3.965244282767863e-81,4.5682507944420934e-60,1.2194859444792472e-58,2.0438419770571436e-47,1.7246498836004458e-23,3.3899999994889115e-08,3.6183625962015424e-33,5.588693055505304e-27,8.772784380991695e-33,8.76503486382584e-26,2.553613106614866e-57,1.2853708687733366e-47,1.2601583196054574e-34,0.00018232390000016177,0.49999999999999994,7.350035598821153e-17,0.24999999999999994,7.202386669496863e-17,5.00845100390047e-28,1.8209664728150928e-60,2.259080917261163e-59,1.998501752529461e-45,2.3895530677296817e-63,-2.8294991630693767e-75,4.00867534664705e-61,4.764861423743424e-68,-1.2779160271777069e-77,1.5928212045621712e-38,4.334572293799267e-39,4.816090598504249e-38,5.4883089776167535e-24,0.0,6.691018598013184e-70,-9.417945615404226e-88,1.1292886416732214e-26,8.362309067362657e-50,2.275301772159027e-39,1.3077636604265673e-98,5.4024334566579294e-39,5.11087060163365e-18,1.0768149613492096e-43,2.5715156432670087e-35,1.1630693545459882e-45,7.606851133984652e-43,4.709832865754014e-34,5.723542859247823e-66,-9.340264788232535e-94,2.5771312479810566e-58,3.436834111042922e-43,0.10000000149011609,1.560517135381125e-17,2.8232338800052863e-28,1.0758336639691378e-43,6.794319740798316e-78,3.834445466991471e-78,2.883826644184342e-54,-7.067327531240795e-71,4.9554158196226184e-36,-1.1211696647286563e-92,4.957802478278804e-35,5.985912213004237e-34,-6.35409143020439e-81,7.035389006158032e-54,-1.1524139028697235e-69,2.255999999999649e-06,3.5129402923689937e-19,6.179999999999997e-05,4.005967466394499e-20,6.524632431590082e-48,6.59903143042029e-41,6.628111954130222e-51,6.191358105118798e-87,6.424549724317267e-44,4.6993970694013805e-30,-1.0867691424402865e-62,2.5978182268954813e-40,-5.627166136629217e-136,-2.6135128054382036e-66,1.1074799146949809e-51,-2.730088312984754e-65,1.5445479122507056e-37,1.3584770691294193e-42,2.0202792690053927e-92,6.159020070413399e-50,8.079403581814669e-38,0.0003339999999999995,5.562542471425867e-19,2.4713703029682254e-27,1.4110293466397693e-41,3.606445398627191e-82,6.7983227993477155e-53,9.449897667910102e-58,3.602857778445683e-73,1.1537426782536244e-58,-2.8677678891087476e-86,1.3944424628313268e-22,6.748754338736711e-29,3.696451487699577e-21,3.5099999999999965e-06,2.5854393266705933e-61,2.1962325468993827e-53,7.956345743562271e-21,1.779999999999992e-06,2.8378444688124514e-48,1.5055022637619185e-43,-2.7501486562843797e-93,1.6265757650107038e-64,0.0,0.0,7.27255662820415e-36,6.441936231303388e-24,1.052794293223483e-52,8.050751922407271e-25,2.293730423568166e-72,1.7481718147515073e-41,2.2937304235680246e-72,-3.9535213583834515e-97,9.623846107743739e-61,1.670101309897623e-41,3.651028650661743e-28,5.988678493318684e-38,4.5116983029932676e-58,2.1551497006002277e-51,6.580335919122842e-55,2.1942252107984644e-46,2.6996257757851574e-37,6.187007496169431e-66,2.8087331244462404e-80
2.76529929712296e-08,1.0000000045816687e-10,0.00017699999999999956,1.871177581798308e-38,3.9983611550770686e-32,9.506212437875144e-49,4.803887354639133e-40,2.350124725496541e-62,3.8401926452469604e-50,8.674277075082493e-117,5.5407467422224033e-98,-8.006774878830509e-110,2.903169594257241e-64,9.023044050315468e-55,1.2906864501039799e-79,7.317043875789776e-65,1.540968157254438e-59,1.7761462863811175e-136,-3.3866748668153333e-118,1.0738205831920728e-91,1.559466534694556e-110,2.2013027712796812e-126,4.244484882129041e-111,4.361590642415736e-28,1.3455918648126506e-21,2.1801619707184386e-28,8.9222122066158e-21,1.0719650772725394e-96,1.0254944903799575e-92,1.377287763652245e-44,1.5561494163970532e-30,3.262194248339487e-129,2.158033861570475e-123,7.879595958889612e-93,4.7128255557672095e-82,1.0254944903849308e-92,1.4146679133809647e-80,3.569154496564945e-59,9.527790698873681e-58,6.180562876280346e-47,2.493992863273944e-23,3.389999999260923e-08,5.2328047460692654e-33,8.081720550099451e-27,1.269257868487653e-32,1.267497815168938e-25,7.722110911924681e-57,2.687915654182646e-47,1.822294998864522e-34,0.0001823239000002339,0.49999999999999994,1.0628770115794118e-16,0.24999999999999992,1.0415257334990656e-16,1.0473469503719457e-27,1.3648262642138187e-59,1.70235005774315e-58,6.0434543759051e-45,1.8669474294187109e-62,1.3069180774412735e-74,3.0045283531161917e-60,3.722765747477343e-67,4.559181401344861e-77,3.3308430688278295e-38,1.310771424723463e-38,1.0071213230147778e-37,7.936556722685545e-24,0.0,5.227663759878188e-69,3.360011266859298e-87,2.3615225825469612e-26,6.533435739367272e-49,4.758018737706003e-39,1.0224585170872002e-97,1.1998891376005942e-38,7.390749062255676e-18,2.2526838249602355e-43,5.377449164827345e-35,3.517113042916528e-45,1.5907144202697236e-42,9.84901137106388e-34,4.471779168057783e-65,2.392603845500758e-94,7.793225664697505e-58,7.186968121002283e-43,0.10000000149011609,2.2566391237178578e-17,5.903832126630513e-28,2.2497397033033043e-43,5.3083725198941584e-77,3.593980692893022e-76,2.253121226706881e-53,2.521388540213616e-70,1.0362564479363718e-35,3.9987660675759845e-92,1.0367555362673284e-34,9.724753512241397e-34,2.266929505555835e-80,2.127496381933852e-53,4.111431366433876e-69,2.2559999999994927e-06,5.080007340713302e-19,6.179999999999994e-05,5.792966131437273e-20,1.3644714531150197e-47,1.3806706400980204e-40,2.0058374980902678e-50,4.839491183796161e-86,9.368529363330851e-44,9.8271884567276e-30,3.877235770237872e-62,7.855782918750171e-40,-7.59943628095348e-136,9.324148631347688e-66,8.652692453864127e-51,9.740051456847194e-65,3.2298959187997685e-37,3.536841396752506e-42,6.540599910235744e-92,1.8624830701855835e-49,1.689532092077709e-37,0.0003339999999999993,8.043904602356724e-19,3.573809469276021e-27,3.2507875319761073e-41,3.541649514123364e-81,2.0558077380212276e-52,2.8576434585206646e-57,2.814897497003425e-72,3.488909304650387e-58,1.0129774549921842e-85,2.0164811690004002e-22,1.4112721218267897e-28,5.345379974973001e-21,3.5099999999999948e-06,7.819183651664085e-61,6.641390821937173e-53,1.1505545616682631e-20,1.7799999999999885e-06,5.934385212540202e-48,3.1483874327115955e-43,9.698079469899168e-93,4.918752977064582e-64,0.0,0.0,1.5208075311981626e-35,9.315581995558957e-24,3.18364208085666e-52,1.1642064897140257e-24,1.7920816136708424e-71,3.65570596063102e-41,1.792081613670886e-71,9.266181575171111e-98,2.9102438762511375e-60,3.492448127418296e-41,5.279694731378347e-28,1.2523281454459699e-37,1.3643342198310494e-57,6.517156600777024e-51,1.9898886682184225e-54,4.593952082239074e-46,5.645347875758265e-37,1.8740894543196151e-65,2.2080331735392203e-79
3.998855533972139e-08,1.0000000066254784e-10,0.00017699999999999934,2.705880282586882e-38,5.781966776178851e-32,1.9879005743375127e-48,1.0045694314920416e-39,7.087374931492394e-62,1.161271371244368e-49,-1.3819880587745615e-112,-6.492066409134222e-94,-7.524274743643575e-105,8.77916315130686e-64,2.7285617787523787e-54,6.7320516423704844e-80,4.656819721759318e-65,4.659876181409212e-59,9.444604062813621e-132,-8.615284857297989e-113,5.600903591114305e-92,-2.2384081869102588e-108,-6.435646783639804e-123,-1.8911280761067903e-108,6.308044300007329e-28,1.9458390923093686e-21,3.152697713160739e-28,1.2902269816309758e-20,-1.1428904120483195e-92,-2.9237953571317113e-89,4.140385304158964e-44,3.254156513255903e-30,2.3346233930382788e-125,-2.2824745724960796e-118,-1.9990877965815548e-89,-6.463131562339291e-80,-2.9237953571259245e-89,-1.8964687331549244e-78,2.2715397015046237e-59,6.0638324604061106e-58,1.8689975988494724e-46,3.6065318989655704e-23,3.3899999989312316e-08,7.567803572927323e-33,1.1686848142580794e-26,1.8367908131366595e-32,1.8329085240206017e-25,2.3351590365165546e-56,5.620860905852388e-47,2.6351919548587673e-34,0.00018232390000033825,0.49999999999999994,1.5370096193092986e-16,0.24999999999999983,1.5061338737604296e-16,2.1901694427446566e-27,9.558967219354481e-60,1.1779051983842531e-58,1.8275360907053798e-44,1.1881932340916902e-62,-1.4769754606510685e-72,2.1043109180494145e-60,2.3692942070915586e-67,-6.111925587459351e-75,6.965323865215172e-38,3.9637630013722737e-38,2.106051243262625e-37,1.1476929026534481e-23,0.0,3.3270752683730725e-69,-4.5043478101604194e-85,4.938320197238672e-26,4.158116149363088e-49,9.949775711139114e-39,6.208150265986142e-98,2.7213051775104474e-38,1.068764520897041e-17,4.7134186272035125e-43,1.1245103484072143e-34,1.0635723580149874e-44,3.3264391964559934e-42,2.0595852921125737e-33,2.8460028574286764e-65,-2.5364165887684337e-90,2.3566656158862007e-57,1.5029096368801382e-42,0.10000000149011609,3.2632901102046316e-17,1.2345854172384094e-27,4.704564379198863e-43,3.37844016038985e-77,-2.635407749071829e-73,1.43396829933509e-53,-3.3801109661979464e-68,2.166977434365347e-35,-5.5144794384312515e-90,2.1680211075021823e-34,1.6297468189486092e-33,-3.038989502581573e-78,6.433533172745771e-53,-5.5116829515652634e-67,2.2559999999992657e-06,7.346118189870648e-19,6.179999999999992e-05,8.377116609442825e-20,2.853529321981113e-47,2.8893432986006254e-40,6.059789423513716e-50,2.9867115706328237e-86,1.3711003164494307e-43,2.055021772677854e-29,-5.197724550540792e-60,2.3755828889219027e-39,-9.160085445583514e-129,-1.249972256193258e-63,5.506888151739767e-51,-1.3057271525851347e-62,6.754227281352019e-37,9.500947020130591e-42,1.1649622670094468e-88,5.632134896856734e-49,3.5330809523778774e-37,0.0003339999999999989,1.1632163094819504e-18,5.168029294468042e-27,7.705415798969862e-41,-2.8314838782967734e-80,6.2167472488498425e-52,8.641486792297304e-57,1.7914875557206563e-72,1.0550435447857516e-57,-1.4521010456193628e-83,2.9160014940142876e-22,2.9511949936293267e-28,7.729869354954017e-21,3.5099999999999927e-06,2.3641902705988655e-60,2.008351625356235e-52,1.663798736306236e-20,1.7799999999999834e-06,1.2409745592625802e-47,6.5842100230819515e-43,-1.3920310700105678e-90,1.487427223567558e-63,0.0,0.0,3.1802509972495445e-35,1.3471115638980083e-23,9.627309881238386e-52,1.6835405732870205e-24,1.1405459151915955e-71,7.644663961094165e-41,1.1405459151853953e-71,-1.0794255290870754e-93,8.800555751981404e-60,7.303265921630467e-41,7.6348829681241845e-28,2.6188178003573005e-37,4.125736407375521e-57,1.9707832899282634e-50,6.0174084739899e-54,9.62324967360208e-46,1.1805322398418056e-36,5.654989938646079e-65,8.317688793379844e-80
5.78268167869447e-08,1.0000000095809991e-10,0.00017699999999999904,3.9129306494951956e-38,8.361210639189349e-32,4.1570170273808905e-48,2.1007148352400888e-39,2.0929172717146785e-61,3.511675510760837e-49,-2.8279531196881812e-111,-1.3548817472853771e-92,-1.57619472074167e-103,2.654812321991169e-63,8.251150330802611e-54,-8.056300646043302e-78,-4.3922788379309907e-63,1.4091430272865496e-58,2.0891534404758072e-130,-1.8204913914021653e-111,-6.702652336416706e-90,-4.7744574400499864e-107,-1.3323736137617101e-121,-3.966553526301816e-107,9.12367173069391e-28,2.8138471046988062e-21,4.559066256764865e-28,1.8657768112981425e-20,-2.385254752653739e-91,-6.055317136392623e-88,1.2469213567701129e-43,6.804960051284208e-30,1.988179748978489e-123,-4.624010451469011e-117,-4.140820778720727e-88,-1.3798872706189376e-78,-6.055317136377285e-88,-4.0513638391919886e-77,-2.1424925594628375e-57,-5.719343528015977e-56,5.65183478832205e-46,5.21536604569339e-23,3.389999998454471e-08,1.0945202199627462e-32,1.690016608184385e-26,2.658950213102844e-32,2.6505399989035558e-25,7.06146360731109e-56,1.1754118542488873e-46,3.810709381140553e-34,0.00018232390000048914,0.4999999999999999,2.22264527708958e-16,0.24999999999999975,2.1779963495466917e-16,4.5799934644718226e-27,-7.93993657107987e-58,-9.945176359380691e-57,5.526455496975453e-44,-1.1206914625779524e-60,-3.1702482443560952e-71,-1.747897528365582e-58,-2.2347042744373483e-65,-1.3056705800933468e-73,1.4565602625165118e-37,1.1986389738876996e-37,4.404088899567342e-37,1.6596605364361096e-23,0.0,-3.138062738834141e-67,-9.622490220047318e-84,1.0326814805615116e-25,-3.921891701402067e-47,2.0806567220099419e-38,-6.199886170704437e-96,6.332209983215321e-38,1.5455234529620424e-17,9.864667361316299e-43,2.3515304094213502e-34,3.2162348722924305e-44,6.956119956335162e-42,4.306921187921131e-33,-2.684320224600566e-63,-5.2934306809817906e-89,7.126539075384622e-57,3.1428237285776906e-42,0.10000000149011608,4.718992164690837e-17,2.5817149261978173e-27,9.837994133622253e-43,-3.18651083303266e-75,-5.41633840854492e-72,-1.352503919625212e-51,-7.220819991156078e-67,4.5314952784875526e-35,-1.1766072131502035e-88,4.533677765011666e-34,2.8240532878797847e-33,-6.492093416808813e-77,1.9454956279835274e-52,-1.1774427183220112e-65,2.255999999998938e-06,1.0623105212279529e-18,6.179999999999989e-05,1.2114015703680345e-19,5.96779553305988e-47,6.048551470623006e-40,1.817300836360669e-49,-2.924475289612066e-84,2.0168850027370346e-43,4.2973781408282813e-29,-1.110372821491077e-58,7.183744926636116e-39,-1.9615531572294543e-127,-2.670274658025825e-62,-5.194039424160295e-49,-2.789382011658149e-61,1.4124166014956367e-36,2.623303896373912e-41,2.7785330343455893e-87,1.703153387590842e-48,7.388235520657002e-37,0.0003339999999999984,1.6821086890786108e-18,7.47340534510837e-27,1.8857528571082384e-40,-8.489218746644631e-79,1.8799397264292672e-51,2.6131643948158873e-56,-1.6897303026301786e-70,3.1904431862278913e-57,-3.096824153988285e-82,4.2167835950128746e-22,6.171419214800668e-28,1.1178041696645084e-20,3.5099999999999893e-06,7.140859887071503e-60,6.073240319996553e-52,2.4059930116828034e-20,1.779999999999976e-06,2.595075654884686e-47,1.3769933080865926e-42,-2.9691604735223535e-89,4.4979687195457994e-63,0.0,0.0,6.650411835797091e-35,1.9480367048423596e-23,2.91129132342321e-51,2.4345413695256077e-24,-1.075750998482881e-69,1.5986211063980847e-40,-1.0757509984842055e-69,-2.2526696633274975e-92,2.6612814919594456e-59,1.527229368986403e-40,1.104068339485667e-27,5.476365516903912e-37,1.2476193866246184e-56,5.959633961526126e-50,1.8196598297425582e-53,2.0173837104972696e-45,2.4686811157976454e-36,1.6782975497198427e-64,-1.4448193937501163e-77
8.362244425442554e-08,1.0000000138549309e-10,0.0001769999999999986,5.658427088137567e-38,1.2091014380529622e-31,8.692985359336879e-48,4.392929631683319e-39,6.29936836252898e-61,1.0619280260622509e-48,-1.10289285024317e-110,-5.456905730505838e-92,-6.416650458776395e-103,8.0281326020418e-63,2.4951416920576343e-53,-2.9337637423109488e-77,-1.594963439719344e-62,4.261237962528911e-58,9.299486091804003e-130,-7.526229522573767e-111,-2.4408223381530367e-89,-1.8634502323079833e-106,-5.282465399162293e-121,-1.576966652687816e-106,1.3197170485208061e-27,4.069059748650053e-21,6.5927935495238625e-28,2.6980703077263504e-20,-9.606450704598319e-91,-2.401952310336545e-87,3.759957263703839e-43,1.4230256322551165e-29,1.881364362589811e-122,-1.7704501610490963e-116,-1.6422644870363866e-87,-5.377152952272574e-78,-2.4019523103279824e-87,-1.5777071468980343e-76,-7.780009584768635e-57,-2.0768589028587448e-55,1.709110619976496e-45,7.541894581906733e-23,3.389999997765035e-08,1.5830864825671262e-32,2.443906262473062e-26,3.850912893710981e-32,3.8329039307341573e-25,2.1353789751305056e-55,2.4579742693145726e-46,5.510606537115526e-34,0.00018232390000070734,0.49999999999999983,3.214132147191377e-16,0.24999999999999964,3.149566038432457e-16,9.577496482230121e-27,-2.885250337447474e-57,-3.6135782286669485e-56,1.6711960158777187e-43,-4.069554538811821e-60,-1.2342553196045801e-70,-6.3515896987615836e-58,-8.114857486406137e-65,-5.0846230743821095e-73,3.045899716073509e-37,3.624675307786506e-37,9.209651995449356e-37,2.4000088262110202e-23,0.0,-1.1395212590927687e-66,-3.747249616479325e-83,2.159501607073153e-25,-1.4241522045311577e-46,4.350984907036533e-38,-2.2530304509955275e-95,1.518163348770109e-37,2.2349569963892113e-17,2.065326058814246e-42,4.91742496983161e-34,9.725870239626137e-44,1.4546371782294942e-41,9.006458819416337e-33,-9.74754240531819e-63,-2.131731763417653e-88,2.1550600860724334e-56,6.572145697223098e-42,0.10000000149011605,6.824059859335342e-17,5.398777489304906e-27,2.0572814145021645e-42,-1.157114168204674e-74,-2.107625269238141e-71,-4.91133255454428e-51,-2.8119763512325874e-66,9.476079046230486e-35,-4.581902875742811e-88,9.480642972311426e-34,5.061022178885927e-33,-2.528191144866134e-76,5.883164251958072e-52,-4.5852702086018066e-65,2.255999999998464e-06,1.5361904264863315e-18,6.179999999999984e-05,1.751788632144846e-19,1.2481458932175803e-46,1.2668062751230754e-39,5.4865747486743045e-49,-1.0624832417014316e-83,2.988038135143201e-43,8.986502785273121e-29,-4.3240824726540024e-58,2.1723591021240892e-38,-8.293370316602911e-127,-1.0398748618412862e-61,-1.8861058032068886e-48,-1.086258383679355e-60,2.9535882834268635e-36,7.41053123373566e-41,1.375798117909367e-86,5.150323126521335e-48,1.5449978317500143e-36,0.00033399999999999766,2.4324707439159572e-18,1.0807173155333478e-26,4.773276782433661e-40,-3.2535991363305855e-78,5.684923695149919e-51,7.902180932589246e-56,-6.135899868838355e-70,9.647876009585638e-57,-1.2082597098856396e-81,6.097823997576326e-22,1.2905421432356872e-27,1.6164389129276133e-20,3.509999999999984e-06,2.158894424864241e-59,1.8365433378534058e-51,3.4792684030498715e-20,1.7799999999999652e-06,5.426716945758628e-47,2.879905726530069e-42,-1.1588505774238029e-88,1.3601823763179183e-62,0.0,0.0,1.39070713675113e-34,2.817025036857793e-23,8.803723225320873e-51,3.520551731215514e-24,-3.9063627270732584e-69,3.3429715872442894e-40,-3.9063627270784163e-69,-9.072139854269841e-92,8.04769536177224e-59,3.1936801895642073e-40,1.5965757481257837e-27,1.1451953347528152e-36,3.772791578177304e-56,1.8021888603156614e-49,5.502637737680247e-53,4.233817491793964e-45,5.162405774085901e-36,5.0564664757742676e-64,-5.2786227911241854e-77
1.2092509274456956e-07,1.000000020035396e-10,0.00017699999999999796,8.182561880534597e-38,1.748462457385342e-31,1.8178418347327206e-47,9.186316223653724e-39,1.9320237300991218e-60,3.211262660619337e-48,-2.5775170312638952e-110,-1.3671102052673215e-91,-1.6434164451537715e-102,2.427701335728563e-62,7.545289906149305e-53,-4.48019217054989e-77,-2.380902483961072e-62,1.2885952050395493e-57,2.7878561212645798e-129,-1.9864423892242702e-110,-3.72741463568323e-89,-4.335789273130797e-106,-1.2800128704808224e-120,-3.837755931277878e-106,1.909169151720347e-27,5.884202879448959e-21,9.53373440505062e-28,3.9016367556464715e-20,-2.4064806991665434e-90,-5.826473600405817e-87,1.1347657908284002e-42,2.975773457378487e-29,1.0296240812610422e-121,-3.962379500133083e-116,-3.9821411686183526e-87,-1.2462580456245153e-77,-5.82647360037203e-87,-3.650608062663805e-76,-1.1613706482224746e-56,-3.100257066662652e-55,5.1683377495176813e-45,1.0906290286937608e-22,3.389999996768053e-08,2.2899415404240473e-32,3.5340941575914655e-26,5.580971358742659e-32,5.542701694805735e-25,6.457391562320927e-55,5.140018156164546e-46,7.968800936194006e-34,0.00018232390000102284,0.4999999999999997,4.647905613498749e-16,0.24999999999999947,4.554537582658988e-16,2.002807199855539e-26,-4.291515929518047e-57,-5.377460271838421e-56,5.053684270011754e-43,-6.074878364057539e-60,-2.8522505647242264e-70,-9.447342578398419e-58,-1.2113561178340467e-64,-1.176515301524142e-72,6.369461888481183e-37,1.096099105326034e-36,1.9258850538637678e-36,3.4706147668560385e-23,0.0,-1.701034594704977e-66,-8.670645685328934e-83,4.515862130044143e-25,-2.1259209859015496e-46,9.098603080671362e-38,-3.383577485770619e-95,3.7613679518960824e-37,3.231935927972255e-17,4.3263857809031674e-42,1.0283119552646324e-33,2.941095896033708e-43,3.041883078003814e-41,1.8833941213115917e-32,-1.455076567841238e-62,-5.339289744772269e-88,6.516885688456945e-56,1.3743405141169278e-41,0.10000000149011602,9.868164925601809e-17,1.1289704404349461e-26,4.302103419745699e-42,-1.7272967041438059e-74,-4.896395668295736e-71,-7.331452998262628e-51,-6.506545627940788e-66,1.981599197946664e-34,-1.0603207757375664e-87,1.982553587293265e-33,9.362152205063485e-33,-5.84990376538631e-76,1.779064476391328e-51,-1.0609715765382482e-64,2.2559999999977787e-06,2.221460655120429e-18,6.179999999999975e-05,2.5332338067553574e-19,2.6106305999339715e-46,2.6550140555027654e-39,1.667311776142669e-48,-1.5923794109613765e-83,4.470447245461214e-43,1.879220996035548e-28,-1.0005361497790897e-57,6.569197698253255e-38,-2.281488009753399e-126,-2.4061344738297308e-61,-2.8155079922736506e-48,-2.513459878991325e-60,6.17642396638353e-36,2.1317136371788767e-40,4.7743611718708e-86,1.5574538673860976e-47,3.2308367720649145e-36,0.00033399999999999657,3.517557431204949e-18,1.5628082009561745e-26,1.2491194102637158e-39,-6.935125192172207e-78,1.7191166800679556e-50,2.389621564533679e-55,-9.159451750267783e-70,2.9175108323563657e-56,-2.809074759477544e-81,8.817966743513069e-22,2.6987293608020164e-27,2.3375067208874805e-20,3.509999999999977e-06,6.533024438206302e-59,5.553693338910667e-51,5.0313149546468643e-20,1.7799999999999495e-06,1.1348130391315802e-46,6.02353101768979e-42,-2.696359573444024e-88,4.113181401785111e-62,0.0,0.0,2.908190331577969e-34,4.073655304918575e-23,2.662239327128392e-50,5.0910141216267985e-24,-5.831271743020569e-69,6.990686527892887e-40,-5.831271743032506e-69,-2.2724712698690093e-91,2.4336170658032322e-58,6.678494737526311e-40,2.308782916411335e-27,2.3947860140664168e-36,1.1408894757291263e-55,5.449805651417575e-49,1.663993542656252e-52,8.899390356932319e-45,1.0795413472200996e-35,1.546186590656611e-63,-8.269635859428051e-77
1.7486786215901368e-07,1.0000000289728686e-10,0.00017699999999999707,1.1832673298304003e-37,2.5284238993550067e-31,3.8013971133645158e-47,1.921005182959422e-38,5.969591373461735e-60,9.710835430151984e-48,-3.460305916585141e-110,-2.308028032627399e-91,-2.9473028573635948e-102,7.341350860089753e-62,2.2816900620694112e-52,7.14390656242591e-77,4.260623069638577e-62,3.896702405119041e-57,6.909089997908558e-129,-3.839184502812432e-110,5.943560176207162e-89,-5.701914556913782e-106,-1.9523121884515086e-120,-5.931052237730825e-106,2.762381843666012e-27,8.509052621084886e-21,1.3786582447243708e-27,5.642095140175059e-20,-4.061733824283899e-90,-8.917550657037043e-87,3.426833897384408e-42,6.222816699870797e-29,4.421944983255478e-121,-4.4166579031668533e-116,-6.087015520793409e-87,-1.6134295502973066e-77,-8.917550656920703e-87,-4.694395871397054e-76,2.0782755887702786e-56,5.5479175420016975e-55,1.562901474737088e-44,1.577157250731408e-22,3.3899999953263335e-08,3.312839332868947e-32,5.110597616172105e-26,8.096123328703288e-32,8.0152131747453195e-25,1.9527204694307628e-54,1.0748603759495194e-45,1.1523557010690156e-33,0.00018232390000147913,0.49999999999999956,6.721262724888586e-16,0.24999999999999922,6.586244687065632e-16,4.18818914394152e-26,7.826808749287537e-57,9.782240558385365e-56,1.5282303482296166e-42,1.087100958239009e-59,-3.647335986388713e-70,1.7229935729969432e-57,2.1677192403746156e-64,-1.512906476426022e-72,1.3319560238543456e-36,3.314595504410205e-36,4.0273326749203516e-36,5.018801067673138e-23,0.0,3.044005509018098e-66,-1.1149770845837085e-82,9.443387635230027e-25,3.8043408024601034e-46,1.9026629552811266e-37,5.8786594780748554e-95,9.639634244722654e-37,4.673651375712388e-17,9.069720568142375e-42,2.1503642326844822e-33,8.893852018818455e-43,6.361077087280986e-41,3.938477360661929e-32,2.6038630406742846e-62,-9.007766163584581e-88,1.9707014036507138e-55,2.8739653402676006e-41,0.10000000149011597,1.4270197068341931e-16,2.360857170950712e-26,8.996384119880354e-42,3.091000970779601e-74,-6.419840951258842e-71,1.3119653045906163e-50,-8.366907757918697e-66,4.143839833269804e-34,-1.364299040615609e-87,4.145835612468004e-33,1.7811719595920243e-32,-7.522517793259587e-76,5.379877690459954e-51,-1.3643262982297613e-64,2.2559999999967877e-06,3.2124190837042106e-18,6.179999999999965e-05,3.6632693018058035e-19,5.460933846235995e-46,5.5699602304753086e-39,5.080303263309013e-48,2.794584044692217e-83,6.777486756461103e-43,3.9297506892307085e-28,-1.2866110779015838e-57,1.986520476194998e-37,-4.831749927299319e-126,-3.0941003684509096e-61,5.0383584036228694e-48,-3.2321124282785793e-60,1.2915887169030266e-35,6.217878237169102e-40,1.4442992165432255e-85,4.709728864106164e-47,6.756194755114133e-36,0.000333999999999995,5.086684109490206e-18,2.2599521987067878e-26,3.3709821913942837e-39,-5.600960724662946e-78,5.198596002138458e-50,7.226235079109768e-55,1.639076939040274e-69,8.822532526159163e-56,-3.6825015567994247e-81,1.2751522103720813e-21,5.643473326186485e-27,3.3802314621953784e-20,3.5099999999999664e-06,1.9777139304914907e-58,1.6794327182017872e-50,7.275704901250476e-20,1.779999999999927e-06,2.3730750153828483e-46,1.2599759239687423e-41,-3.5459314503824286e-88,1.2438230091703907e-61,0.0,0.0,6.0814896113188495e-34,5.890848438282873e-23,8.050591835012864e-50,7.362034920865689e-24,1.0435074993681466e-68,1.4618639987474657e-39,1.0435074993666108e-68,-3.83478304932987e-91,7.359239824265421e-58,1.396579815880643e-39,3.338694430975453e-27,5.007879336724215e-36,3.4500418170928404e-55,1.6480171572249635e-48,5.031904046270333e-52,1.874855198072685e-44,2.257493059129681e-35,4.7559695964674675e-63,1.1419411663970957e-76
2.5287364699943266e-07,1.0000000418972063e-10,0.00017699999999999574,1.7111041748971301e-37,3.6563138153251966e-31,7.949327490758327e-47,4.017128120168761e-38,1.844222684262537e-59,2.9365497275894594e-47,3.4808154069855e-110,-9.623579559529482e-92,-2.184158194018955e-102,2.2200190639156677e-61,6.899813797836355e-52,8.51694905829252e-76,4.8052128977700965e-61,1.1783599366193595e-56,1.5051400910665654e-128,-4.284361278402062e-110,7.08590017667825e-88,6.58220623513897e-106,3.3907777674560378e-121,5.603077685262121e-107,3.997904210484884e-27,1.2304806270423125e-20,1.9936558736448018e-27,8.158944452954881e-20,-1.6879663964662248e-90,1.3601944405666104e-87,1.0352913872045251e-41,1.3012901764582917e-28,1.6672665572141493e-120,1.0715784132382694e-115,9.757452488995823e-88,2.0437846770369086e-77,1.3601944409427872e-87,6.175881450912337e-76,2.3439173287642164e-55,6.257043158611774e-54,4.726202384762368e-44,2.2807353364598926e-22,3.389999993241485e-08,4.793553575513721e-32,7.390354315175516e-26,1.1761144632459502e-31,1.1590672886762658e-24,5.905043058861248e-54,2.2477063268589445e-45,1.666403364166161e-33,0.00018232390000213897,0.4999999999999994,9.719511620715767e-16,0.2499999999999989,9.524264159978389e-16,8.758171182720674e-26,8.75092318266144e-56,1.0950004051505124e-54,4.621357157348798e-42,1.2260523986495803e-58,4.9481288450097006e-70,1.926428110754656e-56,2.4447963986321037e-63,1.9903585545852118e-72,2.7853323884229585e-36,1.0023312038311738e-35,8.421794665929834e-36,7.257608766000748e-23,0.0,3.433085256504013e-65,1.4668482264773363e-82,1.974762901118814e-24,4.2906053112544835e-45,3.978771564247496e-37,6.722875498159809e-94,2.5522617702898764e-36,6.758493257106843e-17,1.9034447388037764e-41,4.496754422304523e-33,2.6894942065007367e-42,1.3302070521547689e-40,8.235984037392929e-32,2.9366844988481606e-61,-3.721008675912977e-88,5.959386444862035e-55,6.009920381137656e-41,0.1000000014901159,2.0635906057974168e-16,4.9369287092235365e-26,1.8812873476136242e-41,3.486087940813696e-73,7.527795217369512e-71,1.4796585270746228e-49,1.100738666988348e-65,8.665429710923847e-34,1.7888306645304543e-87,8.669603200144336e-33,3.469331260207274e-32,9.896518989531708e-76,1.6268709958673196e-50,1.7948885751929694e-64,2.2559999999953545e-06,4.645428378648736e-18,6.179999999999948e-05,5.297395740125122e-19,1.1424791005032507e-45,1.1701812063402032e-38,1.5480527297808178e-47,3.1807360287169425e-82,1.0455728795803613e-42,8.217735172603555e-28,1.6926475044204113e-57,6.007223078886645e-37,-7.430401014568747e-126,4.070555080134245e-61,5.682353005409101e-47,4.252121813931282e-60,2.700917914169124e-35,1.8325180053900712e-39,4.129106056065839e-85,1.4242184913348519e-46,1.4128280315018145e-35,0.0003339999999999928,7.355773354064677e-18,3.268081098280732e-26,9.344091588581707e-39,3.1675874290057926e-77,1.5720515487218298e-49,2.1852195415882707e-54,1.8485858649963055e-68,2.6679277250465578e-55,4.33379934802901e-81,1.8439774234947435e-21,1.180140240754719e-26,4.888099202418358e-20,3.5099999999999516e-06,5.987135174531535e-58,5.0785919978601e-50,1.0521281670338967e-19,1.7799999999998944e-06,4.962478288021238e-46,2.6358978313832345e-41,4.093371656857924e-88,3.761311567548055e-61,0.0,0.0,1.2717364296991476e-33,8.518662653630922e-23,2.434492956071292e-49,1.0646122143670043e-23,1.1768868935185098e-67,3.056990671429976e-39,1.1768868935187114e-67,-1.5894286298657974e-91,2.2254286243694133e-57,2.9204713322166862e-39,4.828033175245079e-27,1.0472274059346173e-35,1.0432902416509474e-54,4.983591570363421e-48,1.5216440257546756e-51,3.96250582413103e-44,4.7207778794539573e-35,1.4628468089611248e-62,1.4658403429206678e-75
3.6567657748709683e-07,1.0000000605868867e-10,0.0001769999999999938,2.4744007044659707e-37,5.287337614229706e-31,1.6623311385862315e-46,8.400455415714416e-38,5.652862833655794e-59,8.88010511945469e-47,-1.1243958014040004e-106,-5.29243893637418e-89,-5.984709828503103e-99,6.713321154193374e-61,2.0864985573555107e-51,3.6987894603189406e-75,2.1375437494821672e-60,3.563351725298514e-56,7.942672022778967e-125,-6.867727540238553e-106,3.0773050339664953e-87,-2.138739950055445e-104,-6.3991395833985695e-118,-1.2740651655714294e-103,5.788138973261777e-27,1.7793785516644105e-20,2.882994222026123e-27,1.1798520392659594e-19,-9.306962552214819e-88,-2.2706270106786893e-84,3.12866278216996e-41,2.7212052108546676e-28,9.276195270999196e-117,-1.8239112958720434e-111,-1.7271839555954498e-84,-4.0915541792114756e-76,-2.270627010633604e-84,-8.806148701268217e-75,1.0426650801263318e-54,2.7833747926186245e-53,1.4292000711558345e-43,3.2982046997011026e-22,3.3899999902266175e-08,6.937965252524132e-32,1.0687074398388784e-25,1.711941697017693e-31,1.676108858114899e-24,1.7856866333414112e-53,4.7003180829542874e-45,2.4097595828206195e-33,0.0001823239000030931,0.49999999999999906,1.4055231885488762e-15,0.2499999999999984,1.3772887594737146e-15,1.8314732169423312e-25,3.8887676925330734e-55,4.866675624216286e-54,1.3974949527244376e-41,5.4539552550870875e-58,-6.804635826010177e-69,8.560732673325181e-56,1.0875394293576039e-62,-2.8380393944494505e-71,5.824574066299675e-36,3.031042072608115e-35,1.7611315259008125e-35,1.0495113132691152e-22,0.0,1.5271690965842514e-64,-2.0915692703878918e-81,4.1295440418627564e-24,1.9086271888984146e-44,8.320245640514872e-37,2.9724517617473734e-93,6.959439014836394e-36,9.773350089464944e-17,4.0010347971726016e-41,9.403430368542151e-33,8.133010392065584e-42,2.7816883876250715e-40,1.7222755609587211e-31,1.3063508427135292e-60,-1.980192556462239e-85,1.802114033451042e-54,1.256770369193867e-40,0.10000000149011581,2.9841257047406013e-16,1.032390496333209e-25,3.934071780913516e-41,1.550746673726561e-72,-2.034750199645441e-68,6.582093409353079e-49,-1.569536000416452e-64,1.812079498823859e-33,-3.78551650581568e-86,1.8129522409705133e-32,6.885619054723142e-32,-1.4111381894601105e-74,4.919645742422663e-50,-2.559319718128194e-63,2.2559999999932823e-06,6.717680432988317e-18,6.179999999999924e-05,7.660480110190781e-19,2.3906505121087897e-45,2.4634065184526006e-38,4.704212540386196e-47,1.409256235428607e-81,1.6491441046641997e-42,1.7184594313142497e-27,-2.4135349880585145e-56,1.816579771904004e-36,-7.276647369203511e-120,-5.804178214403313e-60,2.52773038808205e-46,-6.063072598229582e-59,5.64804994315014e-35,5.441639189764119e-39,9.178098818965613e-83,4.306826082242704e-46,2.954448648787873e-35,0.00033399999999998947,1.0637067381008853e-17,4.7259203425247627e-26,2.647953521418253e-38,-4.444126924052563e-77,4.753872143673167e-49,6.608109859894475e-54,8.223215440041501e-68,8.067794447109667e-55,-1.3810017195176514e-79,2.6665465586773865e-21,2.4678613805303345e-26,7.068602869334578e-20,3.5099999999999295e-06,1.8117786296064357e-57,1.5357624276084157e-49,1.5214658852838787e-19,1.7799999999998479e-06,1.037733356349667e-45,5.515370592692735e-41,-1.3300476330995854e-86,1.1374178240689974e-60,0.0,0.0,2.6594036164363322e-33,1.231870317615439e-22,7.361888513889267e-49,1.5395188682206105e-23,5.2352480783591496e-67,6.392654836308449e-39,5.2352480783562736e-67,-8.436259669915339e-89,6.729679536146437e-57,6.107172025566412e-39,6.981742371993794e-27,2.189919457123529e-35,3.1549022357800213e-54,1.5070343681649362e-47,4.601440170653126e-51,8.412890445274399e-44,9.871899138889091e-35,4.471603041070397e-62,6.172893147052079e-75
5.287991093946486e-07,1.0000000876137372e-10,0.00017699999999999105,3.578191782822606e-37,7.6459354080515445e-31,3.476199514735722e-46,1.7566691789060151e-37,1.3416010402389378e-58,2.685333907221151e-46,-1.80692418502249e-104,-8.81578197119493e-87,-9.80116908910259e-97,2.030102764715e-60,6.309555227499414e-51,-6.6783122635461644e-74,-2.6684830635909213e-59,1.0775545327269828e-55,1.3622049728209228e-122,-1.1315949201176168e-103,-5.556204301014993e-86,-4.744974820857874e-102,-1.0584459014248204e-115,-2.148521934737835e-101,8.384425000808042e-27,2.573131147803644e-20,4.169052356477517e-27,1.7061653527007124e-19,-1.5503640531427018e-85,-3.789318572958957e-82,9.456764747239541e-41,5.690473909108087e-28,2.300933976369776e-114,-2.896992344968956e-109,-2.872558909521141e-82,-1.0387723874865059e-73,-3.789318572869292e-82,-2.5391341957236163e-72,-1.3016412789181704e-53,-3.47470685297298e-52,4.3218903839207734e-43,4.769626805177685e-22,3.389999985866866e-08,1.004560289809441e-31,1.5454409145772284e-25,2.4989934395599514e-31,2.423794488234404e-24,5.399611402883825e-53,9.829132044903734e-45,3.484715307568989e-33,0.00018232390000447285,0.4999999999999986,2.032504832684406e-15,0.24999999999999764,1.991675465757917e-15,3.8299024683959904e-25,-4.8415483444554123e-54,-6.061267345684118e-53,4.22601434018955e-41,-6.80860359526402e-57,-1.9799699777020343e-66,-1.0658183817676971e-54,-1.3576743778685428e-61,-8.183103498599687e-69,1.2180112935452838e-35,9.165848747416854e-35,3.682806782034512e-35,1.5176816938656903e-22,0.0,-1.9064860051205983e-63,-6.030757825575007e-79,8.635534917256471e-24,-2.3826901512617486e-43,1.7398960053801425e-36,-4.1267242306040806e-92,1.9458976874195086e-35,1.4133086812537277e-16,8.429181735428121e-41,1.966407198553612e-32,2.4594162955670846e-41,5.81699433390903e-40,3.601552763976546e-31,-1.6308210761870686e-59,-3.3009434867201964e-83,5.449578284110076e-54,2.628107822405653e-40,0.10000000149011569,4.315296937617339e-16,2.158893106913962e-25,8.226771327202792e-41,-1.935921288662117e-71,-3.400691126140097e-66,-8.216947409523382e-48,-4.52554536929298e-62,3.789347118484675e-33,-9.335115665513756e-84,3.7911721584723313e-32,1.386488003566788e-31,-4.0688265531737657e-72,1.487697203269616e-49,-7.379453289383865e-61,2.2559999999902855e-06,9.714331321343067e-18,6.17999999999989e-05,1.1077699003276093e-18,5.00390200742698e-45,5.200881728162058e-38,1.31158248444032e-46,-1.8890207469983417e-80,2.670860844961126e-42,3.5935726252182005e-27,-6.959102526177554e-54,5.49332373494151e-36,-1.2131554322133877e-117,-1.6735564337527175e-57,-3.15556567769795e-45,-1.7482051919162072e-56,1.1810972852212014e-34,1.6246608199921106e-38,1.6699988832984241e-80,1.3023809942879629e-45,6.178223126387044e-35,0.0003339999999999847,1.538209471227542e-17,6.834078599800674e-26,7.635807798221135e-38,-4.194335773428366e-74,1.437567390453351e-48,1.9981795645369943e-53,-1.0265906571082026e-66,2.4396905190586488e-54,-3.0682715115088576e-77,3.856050762333071e-21,5.160691568844828e-26,1.0221794700824448e-19,3.5099999999998978e-06,5.417132064477245e-57,4.644134125614547e-49,2.2001677291881863e-19,1.7799999999997799e-06,2.1700659871571247e-45,1.1543462090687199e-40,-2.9508235664815855e-84,3.4395422865293865e-60,0.0,0.0,5.5612369273893324e-33,1.7813881590701207e-22,2.2262296203800164e-48,2.226273861443797e-23,-6.535574012519927e-66,1.336806036583337e-38,-6.535574012602858e-66,-1.406238257439855e-86,2.0350500966380686e-56,1.2771072992891076e-38,1.0096187181044307e-26,4.579470707271313e-35,9.54038455463711e-54,4.55726074200092e-47,1.3914720754941854e-50,1.7975711166200393e-43,2.0643714890357516e-34,1.1199098189382354e-61,-1.567920299633226e-73
7.646880202668737e-07,1.0000001266968382e-10,0.00017699999999998704,5.1743666935924606e-37,1.1056666546562341e-30,7.269287646726502e-46,3.6734753950616033e-37,3.550252159776889e-58,8.120425206105973e-46,-8.546855531102239e-104,-4.292057588926538e-86,-4.813021180945754e-96,6.139014816868758e-60,1.908004675013717e-50,-3.1628699443940514e-73,-1.263631532159044e-58,3.2585163534122473e-55,7.232311543345338e-122,-5.631450147636334e-103,-2.6314360563171194e-85,-2.2729032307765572e-101,-5.066389256484685e-115,-1.0425389456828705e-100,1.2154464554519936e-26,3.720964205071948e-20,6.0288007240772394e-27,2.467258700461136e-19,-7.548089760313768e-85,-1.819981952953503e-81,2.8588218736247288e-40,1.1899688111256968e-27,1.793309259486915e-113,-1.349935158972002e-108,-1.379196948204127e-81,-4.9420741051177616e-73,-1.8199819528943984e-81,-1.2029284019612914e-71,-6.163782641720532e-53,-1.64541015502654e-51,1.3069364304847831e-42,6.89758545889715e-22,3.3899999795622986e-08,1.4553389341146847e-31,2.2348376507102744e-25,3.662649617362707e-31,3.505010845444081e-24,1.6327982771640765e-52,2.0554335307922285e-44,5.0391919000651976e-33,0.0001823239000064681,0.499999999999998,2.9391730638380775e-15,0.24999999999999659,2.8801303500921863e-15,8.008936616638803e-25,-2.293100718867719e-53,-2.8707216366478784e-52,1.2779435861302377e-40,-3.224141192685495e-56,-9.380212035775049e-66,-5.048031587270424e-54,-6.429121397515989e-61,-3.876789040920267e-68,2.5470557920891263e-35,2.771745838006273e-34,7.701336097086584e-35,2.1946954685956894e-22,0.0,-9.027959957542062e-63,-2.8571037686337555e-78,1.8058280164117876e-23,-1.1282973606087839e-42,3.638399922028788e-36,-1.95425327660958e-91,5.552656364575248e-35,2.0437633041007315e-16,1.7815399828265801e-40,4.1120709324062824e-32,7.437256548775462e-41,1.2164384840097247e-39,7.531420989008379e-31,-7.722578258670418e-59,-1.606100916158167e-82,1.647948252605251e-53,5.495794321048745e-40,0.1000000014901155,6.240282582676283e-16,4.514589641819363e-25,1.7203490544091044e-40,-9.167347588620578e-71,-1.6068523266795936e-65,-3.8910472977534674e-47,-2.1440013160557157e-61,7.924128934086032e-33,-4.41984273846871e-83,7.92794537465481e-32,2.8221397415798523e-31,-1.9276283368128825e-71,4.498785239755709e-49,-3.4960554514117287e-60,2.2559999999859525e-06,1.4047740728696137e-17,6.17999999999984e-05,1.6019285138392336e-18,1.0478080969598708e-44,1.1025578531803236e-37,3.813337425468155e-46,-8.945524020623283e-80,4.4611346307451123e-42,7.514733236684234e-27,-3.296912034754274e-53,1.6611770050405732e-35,-6.157143040695163e-117,-7.92856309543099e-57,-1.4942842750775385e-44,-8.282215579944235e-56,2.4698627157995574e-34,4.869284528416154e-38,9.790276555607039e-80,3.9383904057318897e-45,1.2919649496014187e-34,0.00033399999999997787,2.2243803587909146e-17,9.882652893055155e-26,2.231358457528653e-37,-1.9870628820864512e-73,4.34719305965918e-48,6.042331399058661e-53,-4.861309973226115e-66,7.37759971592483e-54,-1.4671130995656556e-76,5.5761739592717106e-21,1.0791828771225045e-25,1.4781575487730984e-19,3.5099999999998525e-06,1.6296401280780504e-56,1.4043826934211503e-48,3.18162772058706e-19,1.7799999999996816e-06,4.537954242746258e-45,2.4169286801124114e-40,-1.4134819615183394e-83,1.040114919606518e-59,0.0,0.0,1.1629432993586428e-32,2.5760372048015115e-22,6.732101791097076e-48,3.219379383967718e-23,-3.094850962699225e-65,2.795474530956171e-38,-3.094850962738513e-65,-6.842188005148139e-86,6.153976337561187e-56,2.6706357694086365e-38,1.4599936588909566e-26,9.576403321406352e-35,2.885002926858815e-53,1.3781122544743553e-46,4.2078011712302246e-50,3.874831543429213e-43,4.316929888077067e-34,3.0665644265963157e-61,-7.426369670544759e-73
1.1058032397389417e-06,1.0000001832142917e-10,0.00017699999999998126,7.482570186470193e-37,1.598887128664352e-30,1.520124020293741e-45,7.68182295748084e-37,1.2291603954772848e-57,2.4556118931756602e-45,-2.2163656678833157e-103,-1.1805916284940453e-85,-1.3468202822119237e-95,1.8564337001172574e-59,5.769792240599392e-50,-6.676153461199486e-73,-2.419212869263597e-58,9.853730677848377e-55,2.3154021111840476e-121,-1.6159353397378233e-102,-5.554409802492048e-85,-6.019904579328636e-101,-1.346555347933158e-114,-2.8480219121176495e-100,1.763886323904373e-26,5.3808274054598273e-20,8.718153520764444e-27,3.5678637363399173e-19,-2.0761952405328797e-84,-4.870508601373299e-81,8.643180753218048e-40,2.4884144856168768e-27,8.579897130023496e-113,-3.387439971211399e-108,-3.6885627776171185e-81,-1.2877649011311788e-72,-4.870508601126941e-81,-3.1010940258600467e-71,-1.180048788003958e-52,-3.1501179835862385e-51,3.9521659893353666e-42,9.975124106606148e-22,3.3899999704453634e-08,2.1101055007188366e-31,3.231763368693791e-25,5.3987463819930995e-31,5.0685407118271614e-24,4.93769314516597e-52,4.2982552889998824e-44,7.287096178310049e-33,0.00018232390000935342,0.4999999999999971,4.250291642509541e-15,0.24999999999999506,4.164910882491081e-15,1.6747963220713075e-24,-4.389256228171194e-53,-5.495033834778159e-52,3.864491845493824e-40,-6.172579588928522e-56,-2.4179415022475306e-65,-9.662508002671873e-54,-1.2308514607340587e-60,-9.994183646268655e-68,5.326299716913389e-35,8.381738652114499e-34,1.6104721528999466e-34,3.1737143684757063e-22,0.0,-1.7283921107339268e-62,-7.365481960731244e-78,3.776274258626521e-23,-2.1601117192607353e-42,7.608474269783923e-36,-3.866725939814628e-91,1.6097504113449674e-34,2.9554537478829693e-16,3.782527814957294e-40,8.598995849772796e-32,2.2490208157621064e-40,2.5438037903625642e-39,1.5749401941784332e-30,-1.4784783396127615e-58,-4.4122988435347816e-82,4.983383673009241e-53,1.1492587780922114e-39,0.10000000149011522,9.02397384805533e-16,9.440726606921323e-25,3.5975241867156756e-40,-1.7550781663986662e-70,-4.1539993336901305e-65,-7.449363242643201e-47,-5.5271366580494396e-61,1.657061689531819e-32,-1.1401587602767269e-82,1.6578597653766122e-31,5.789866338218828e-31,-4.969337093843472e-71,1.3604292953222353e-48,-9.012669947220529e-60,2.2559999999796857e-06,2.031421546711968e-17,6.17999999999977e-05,2.316523460273283e-18,2.1954049887618925e-44,2.350895133954737e-37,1.2000834770206136e-45,-1.7516960096400597e-79,7.713471617300172e-42,1.5714505161125128e-26,-8.499287420041634e-53,5.023386829508005e-35,-1.8302511923864143e-116,-2.043947059311664e-56,-2.8607892861983223e-44,-2.135117041178017e-55,5.164876688162735e-34,1.463334295472791e-37,3.59339839979939e-79,1.1909663165419872e-44,2.7017046756903414e-34,0.00033399999999996795,3.216641210575998e-17,1.4291147941990575e-25,6.5851195520057304e-37,-5.084577553117653e-73,1.3145879334022453e-47,1.8272421480686746e-52,-9.306984787527965e-66,2.2309825471483545e-53,-3.8710775324038477e-76,8.063616881751207e-21,2.2567434335882144e-25,2.1375402294280209e-19,3.5099999999997864e-06,4.954103734419705e-56,4.2468427728558217e-48,4.600901475861364e-19,1.7799999999995395e-06,9.489586701550837e-45,5.0632755076189454e-40,-3.7436817003033914e-83,3.145300053211619e-59,0.0,0.0,2.43189983637669e-32,3.7251665987705533e-22,2.0357825414955036e-47,4.6554935561583086e-23,-5.925054960158956e-65,5.845782881198907e-38,-5.9250549602602406e-65,-1.8797070864434496e-85,1.860957836448695e-55,5.58472759457969e-38,2.111273746564121e-26,2.002578604865073e-34,8.724234179915061e-53,4.167401138967093e-46,1.2724359304881653e-49,8.453140693361879e-43,9.027388605129438e-34,1.0255762819924491e-60,-1.661980098097805e-72
1.5990845581579638e-06,1.0000002649432862e-10,0.00017699999999997291,1.0820427185194164e-36,2.312125539348608e-30,3.178821925897025e-45,1.606391728450118e-36,4.644071325933407e-57,7.425760219957396e-45,-3.5451517873464987e-103,-2.2325547574989218e-85,-2.65751643458114e-95,5.613842922268243e-59,1.744781074222786e-49,-1.9394712493500664e-73,1.0395288978660214e-58,2.9797617269826265e-54,5.946288061386354e-121,-3.3779843048380487e-102,-1.6136073478962322e-85,-1.0249175009778519e-100,-2.320357677097894e-114,-5.290942567067068e-100,2.563794587142596e-26,7.78112927692641e-20,1.260718428524294e-26,5.159431244032345e-19,-3.926112963033433e-84,-8.55806588468841e-81,2.6132992501952885e-39,5.203671380794366e-27,3.375567106946896e-112,-4.841411713551047e-108,-6.469806990884502e-81,-2.0850895144468361e-72,-8.558065883819776e-81,-4.8482269949977164e-71,5.07084271933351e-53,1.353651957343663e-51,1.1951320337087493e-41,1.4426196881677568e-21,3.389999957261508e-08,3.0630230872255584e-31,4.673401891952739e-25,8.02085594555689e-31,7.329536518636528e-24,1.4932282289642402e-51,8.98838571724025e-44,1.0537755570886265e-32,0.00018232390001352583,0.4999999999999958,6.146279469670868e-15,0.24999999999999284,6.0228116490855945e-15,3.502266095416355e-24,1.8942002926018389e-53,2.3700347365034755e-52,1.168619438669785e-39,2.652448161930938e-56,-3.7788458943413418e-65,4.1698923666495787e-54,5.288848274611302e-61,-1.562483140607698e-67,1.1138141835157696e-34,2.5346314709528677e-33,3.3677540129466836e-34,4.589458097000776e-22,0.0,7.427153344671256e-63,-1.1515138978553754e-77,7.89679145916257e-23,9.28231951368427e-43,1.5910532632987392e-35,6.909768485875304e-92,4.72281213234274e-34,4.2738348542914996e-16,8.082368383225376e-40,1.798187111859499e-31,6.801022087198679e-40,5.319611132172326e-39,3.293451020253166e-30,6.353238129188985e-59,-8.317312183204558e-82,1.5069717775134844e-52,2.4032850476049142e-39,0.10000000149011481,1.3049425716144468e-15,1.9742064217802128e-24,7.52299675951554e-40,7.541791538832325e-71,-6.5765839069699885e-65,3.201101437579428e-47,-8.641083713718348e-61,3.465180169334083e-32,-1.7877849564354487e-82,3.466849064929475e-31,1.1946038077693888e-30,-7.769024149473209e-71,4.1139280194566605e-48,-1.4090340098362426e-59,2.255999999970624e-06,2.9376065376964236e-17,6.179999999999665e-05,3.3498878965855568e-18,4.60385814314151e-44,5.0529953413626205e-37,3.90874072484604e-45,4.50031015295271e-80,1.3832328857670557e-41,3.2861535379665115e-26,-1.328772188817271e-52,1.519068408665173e-34,-4.118391012266997e-116,-3.195491427511035e-56,1.2293232830864175e-44,-3.338025888131953e-55,1.0800580547755966e-33,4.406011904425327e-37,1.112414419317648e-78,3.601473240438319e-44,5.649695183800897e-34,0.0003339999999999536,4.6515339077638164e-17,2.0666202896094486e-25,1.9573556033583146e-36,-7.730761925411163e-73,3.9753040841768775e-47,5.5258386323909944e-52,3.9988429576612296e-66,6.74648589884085e-53,-6.517408905703461e-76,1.166066871129161e-20,4.719210270503645e-25,3.091063084730671e-19,3.5099999999996907e-06,1.5136620962144584e-55,1.2842420801865837e-47,6.653290783670263e-19,1.7799999999993341e-06,1.9844241456570826e-44,1.061561141075346e-39,-6.3737961912659205e-83,9.511365684264009e-59,0.0,0.0,5.08549025262575e-32,5.386904400970697e-22,6.156191125606301e-47,6.732235521591575e-23,2.546083472729149e-65,1.222446388198572e-37,2.5460834725707996e-65,-3.543368185221711e-85,5.6275225254061466e-55,1.1678563116287774e-37,3.053079603963473e-26,4.187711122525665e-34,2.6382059968047744e-52,1.2602189759029825e-45,3.847836742480236e-49,1.873601880042591e-42,1.8877708725908195e-33,3.6868518521510973e-60,-1.146106607491583e-72
2.312410863204668e-06,1.0000003831302916e-10,0.00017699999999996085,1.5647250333304668e-36,3.343528505299792e-30,6.647424204836704e-45,3.359221449306413e-36,1.7076165060682124e-56,2.2455470249918934e-44,2.560732890030554e-104,-1.9439986354736456e-85,-2.8868940032735393e-95,1.6976223291167247e-58,5.276205623745499e-49,5.45273859506013e-72,3.047329395910444e-57,9.010780247330049e-54,1.3291799091615782e-120,-4.609204935285077e-102,4.536549456112685e-84,-3.0329217719471366e-101,-8.506313745521089e-115,-4.116035981507682e-100,3.7347868969342314e-26,1.1252167761957343e-19,1.8231050652694011e-26,7.460971798320531e-19,-3.4182985785391997e-84,-4.0756993061918184e-81,7.901777337230774e-39,1.0881706387558608e-26,1.2011874945214036e-111,3.879145911488636e-108,-3.0176322575958805e-81,2.1666919136569563e-75,-4.075699303351045e-81,1.0540779572303666e-71,1.4864455052082325e-51,3.9680382765904114e-50,3.614070311938729e-41,2.086427163303767e-21,3.389999938196543e-08,4.453715504441394e-31,6.758132590246745e-25,1.2045952550688406e-30,1.0599126802126192e-23,4.5157514608239054e-51,1.8796294665358978e-43,1.523848392399623e-32,0.0001823239000195595,0.49999999999999384,8.888037466152421e-15,0.24999999999998965,8.709492489978975e-15,7.32379670385795e-24,5.533997262666449e-52,6.927306246624634e-51,3.533896424447848e-39,7.775274555678385e-55,8.301456162428202e-66,1.2182540822179249e-52,1.5504204561441838e-59,3.3970741545040115e-68,2.3291630237378867e-34,7.664706515188987e-33,7.042510525308925e-34,6.636742682843907e-22,0.0,2.1771647355592276e-61,2.503565123066778e-78,1.6513449753497217e-22,2.7209794879449503e-41,3.3271460156914016e-35,4.273836206864898e-90,1.3978402710463596e-33,6.180324877649669e-16,1.742315861127496e-39,3.760295899920355e-31,2.0566239791941644e-39,1.1124493230980007e-38,6.88713111469043e-30,1.8623615348449066e-57,-7.104814889956882e-82,4.557072305258996e-52,5.025657389435982e-39,0.10000000149011426,1.8870567932536956e-15,4.128380306779378e-24,1.5731786044700487e-39,2.210777563433448e-69,8.924901394118676e-66,9.383572269634988e-46,1.8787025763494932e-61,7.246244174074015e-32,3.542667499048049e-83,7.24973407594482e-31,2.4747534017119268e-30,1.6891032178254086e-71,1.2440487575333997e-47,3.06345375676073e-60,2.2559999999575197e-06,4.248026306648235e-17,6.179999999999516e-05,4.8442198428838865e-18,9.666460531464499e-44,1.098059985480309e-36,1.2734888002717817e-44,2.0203757364488924e-78,2.5726825130503295e-41,6.871870888271613e-26,2.8889514130311997e-53,4.593651467326388e-34,-6.988297789848697e-116,6.947480858677655e-57,3.603586174367534e-43,7.257372421273468e-56,2.2585735770942793e-33,1.3283805727472829e-36,3.209004747050894e-78,1.0890828161303298e-43,1.1814413303274142e-33,0.0003339999999999328,6.726509496580265e-17,2.988506905836973e-25,5.847971875483451e-36,3.071494160701271e-73,1.2021289832992433e-46,1.671098453857127e-51,1.172320962260131e-64,2.0401360058954936e-52,-1.5070724165929914e-76,1.6862308414232412e-20,9.86862095081514e-25,4.469937389836821e-19,3.509999999999553e-06,4.62814975443077e-55,3.883538450578374e-47,9.621218468579848e-19,1.7799999999990372e-06,4.1497481009726214e-44,2.2282080882472336e-39,-1.8861211255187785e-83,2.876230472878268e-58,0.0,0.0,1.0634570847391278e-31,7.789917083178082e-22,1.861627573827063e-46,9.735379193573895e-23,7.463480944588351e-64,2.5563302619295085e-37,7.46348094459179e-64,-3.0271569928986265e-85,1.701758584682356e-54,2.4421759638167448e-37,4.415010214017424e-26,8.757171585361205e-34,7.97792863017945e-52,3.810892718398454e-45,1.163582954469721e-48,4.23828760083713e-42,3.947629843583499e-33,1.3064228677629616e-59,9.495314926164017e-72
3.34394073971087e-06,1.0000005540386489e-10,0.0001769999999999434,2.2627244940373545e-36,4.835024407631503e-30,1.3900826132378894e-44,7.024668343748429e-36,5.978502838513798e-56,6.790524633894972e-44,3.097661328813536e-102,7.511770521111243e-85,5.67687354902921e-95,5.133598383424347e-58,1.5955208245085565e-48,3.279023616068064e-71,1.6557194708478883e-56,2.7248540337206953e-53,2.6229187688653795e-120,1.8615449015236008e-102,2.7280711380535795e-83,6.807813894278856e-100,1.4473091522127703e-113,2.0600823388399785e-99,5.45795532381466e-26,1.6271581457364015e-19,2.636363592067584e-26,1.0789193111973732e-18,1.3212098023397355e-83,4.8033995490077945e-80,2.3893200707215464e-38,2.2755382692443201e-26,4.034009704041155e-111,6.241410923828501e-107,3.667514784432872e-80,1.7380201267517232e-71,4.803399549903279e-80,4.6394356761600194e-70,8.076359012160778e-51,2.1559688214310023e-49,1.0928921545762665e-40,3.017729944329223e-21,3.389999910626999e-08,6.491317679271541e-31,9.772828759952277e-25,1.835446001170453e-30,1.5327229637247796e-23,1.3656244653284822e-50,3.930649377599555e-43,2.2036135446524136e-32,0.00018232390002828467,0.4999999999999911,1.2852850332423679e-14,0.249999999999985,1.2594659027450902e-14,1.531522636269795e-23,3.006292106456309e-51,3.7632813392336206e-50,1.0686476313855284e-38,4.2245684980785327e-54,3.621006258820537e-64,6.618051026399953e-52,8.423976268385134e-59,1.4951939790585733e-66,4.8706512014461045e-34,2.3178014928533625e-32,1.4727012211057836e-33,9.597288497232624e-22,0.0,1.1829269270101187e-60,1.101923350904446e-76,3.453225571243486e-22,1.4783997714566274e-40,6.957592719250617e-35,2.3859814493775836e-89,4.1636240683469584e-33,8.937269870661454e-16,3.801203114419274e-39,7.8633781361062725e-31,6.21921549805841e-39,2.3264111826554925e-38,1.4402089070259092e-29,1.0118837405894242e-56,2.8768392512117616e-81,1.3780555048385223e-51,1.0509466583111152e-38,0.10000000149011344,2.7288429532643264e-15,8.633101216304684e-24,3.2897674098867636e-39,1.20119014325541e-68,5.9845675670500425e-64,5.0984107675194515e-45,8.268951204104383e-60,1.515305182252076e-31,1.6910109647104354e-81,1.516034968847001e-30,5.141332604907343e-30,7.434447089885987e-70,3.7619941435535585e-47,1.3483532828980638e-58,2.25599999993857e-06,6.143003588271474e-17,6.1799999999993e-05,7.005149601918613e-18,2.033222532744048e-43,2.421406039870378e-36,4.0968029002592595e-44,1.1176544867104574e-77,4.955618364503092e-41,1.4370177420602453e-25,1.2715479207578221e-51,1.3891167581571046e-33,-5.530173823827495e-116,3.0578759153095108e-55,1.957949713557396e-42,3.194272061822607e-54,4.723037415053139e-33,4.0086605449371255e-36,9.023320232979653e-78,3.293378296899387e-43,2.4705821661146067e-33,0.0003339999999999028,9.727098795485004e-17,4.3216325718868645e-25,1.753563203329146e-35,8.192954134871845e-72,3.6352290600482275e-46,5.05362828300859e-51,6.369647805309359e-64,6.169366008733412e-52,4.569303117410333e-75,2.4384317237378163e-20,2.0636859471308766e-24,6.463905692449047e-19,3.5099999999993536e-06,1.4132089524431793e-54,1.1743791247950412e-46,1.3913091705857178e-18,1.7799999999986078e-06,8.677787416078081e-44,4.684681342632117e-39,4.2336715768319694e-82,8.697701064035396e-58,0.0,0.0,2.2238582998529016e-31,1.1264875584242962e-21,5.629547813318543e-46,1.407817770057345e-22,4.0551605110231785e-63,5.345694051024693e-37,4.0551605110383295e-63,1.2254060089641353e-84,5.146105186036785e-54,5.106986033604761e-37,6.384476654084827e-26,1.8312641917390417e-33,2.4125232592589984e-51,1.1524110977524823e-44,3.518666157013345e-48,9.83148168309724e-42,8.255123332987403e-33,4.46513239500074e-59,6.3831143640121955e-71
4.835619763177152e-06,1.0000008011865182e-10,0.0001769999999999181,3.272090898510093e-36,6.991853861613048e-30,2.906885028716289e-44,1.4689703690503019e-35,-2.8602972047707803e-56,2.053431077006217e-43,-1.208897821642792e-97,-6.992163232426399e-81,-5.52356729200853e-90,1.5523871660455535e-57,4.824838320046757e-48,-1.3611991974393464e-69,-1.3864234701213536e-55,8.23991728420526e-53,1.205982731201812e-114,-6.3644358874322e-96,-1.132496070306432e-81,-1.2578920093635156e-96,-1.8728036004804497e-109,-2.963667653890472e-95,8.01214979610874e-26,2.3530075916291074e-19,3.812404113189152e-26,1.5602081169085369e-18,-1.2295270429405067e-79,-2.1434729223538048e-76,7.224927874126572e-38,4.758513247713345e-26,1.2440901421035797e-105,-1.6463805678129232e-101,-3.304420336425941e-76,-1.57013492951602e-68,-2.1434729218775838e-76,-1.4356684630458585e-67,-6.762305336324571e-50,-1.8051845393082648e-48,3.3048979472774494e-40,4.365105739319648e-21,3.3899998707591186e-08,9.493369433553643e-31,1.4132333396952083e-24,2.8497325622213325e-30,2.2164464480193887e-23,4.127977839991317e-50,8.219749068770213e-43,3.186611733582582e-32,0.00018232390004090194,0.49999999999998707,1.858630352036478e-14,0.24999999999997832,1.8212936656620536e-14,3.2026579550194514e-23,-2.516420691937194e-50,-3.1501843168622967e-49,3.23158267684801e-38,-3.5372150713396515e-53,-1.1191255775831371e-61,-5.539647876792026e-51,-7.054044167110063e-58,-4.6268640209442756e-64,1.0185308148621064e-33,7.009015279352759e-32,3.0796530259645343e-33,1.3878486901435497e-21,0.0,-9.90460551501318e-60,-3.4098904915566463e-74,7.221245090644421e-22,-1.2378580300903724e-39,1.4549435510599886e-34,-4.1969126293996084e-88,1.2458117404341174e-32,1.2924044280180474e-15,8.425935089356523e-39,1.6443577084397488e-30,1.880686271129246e-38,4.865205998223078e-38,3.011706410484653e-29,-8.472465217231446e-56,-1.8630921431214264e-77,4.167223074827474e-51,2.1977017768974624e-38,0.10000000149011219,3.94613659228568e-15,1.805319046785116e-23,6.879428516707196e-39,-1.005760523595192e-67,-1.9286675147804917e-60,-4.268878565012455e-44,-2.558818048933272e-57,3.1687447225921505e-31,-1.64012030227598e-78,3.170270799956866e-30,1.0702509970370764e-29,-2.3005823296198074e-67,1.1376242446802109e-46,-4.172464239661018e-56,2.255999999911167e-06,8.883300234400268e-17,6.179999999998987e-05,1.0130035892980554e-17,4.287503079827927e-43,5.442112468581869e-36,6.07175755066835e-44,-1.619991864755691e-76,9.040314432799906e-41,3.005033150579137e-25,-3.934792064847185e-49,4.2006790993553475e-33,-6.7988867951051404e-108,-9.462569318241343e-53,-1.639383627515374e-41,-9.884641888516287e-52,9.876624188884296e-33,1.2104694678178563e-35,9.105535235756914e-74,9.959151549020269e-43,5.16638116484823e-33,0.0003339999999998595,1.4066203372389122e-16,6.249444544983428e-25,5.27168976444719e-35,-2.3094782890407758e-69,1.0992905761453241e-45,1.5275990054867293e-50,-5.334424442542469e-63,1.8655860554854852e-51,-8.104496204260977e-72,3.5261775109596046e-20,4.315496248619805e-24,9.34735168685367e-19,3.5099999999990643e-06,3.922454225975769e-54,3.551313774523888e-46,2.011950164567095e-18,1.7799999999979865e-06,1.8146644708013856e-43,9.87244777805106e-39,-7.822570865384232e-79,2.630173835597503e-57,0.0,0.0,4.650442228894213e-31,1.628995785979951e-21,1.7023712318213115e-45,2.0358229842328786e-22,-3.3953697747044823e-62,1.1178698295562332e-36,-3.395369775173357e-62,-7.937827036994303e-81,1.5561785368861073e-53,1.0679542395300142e-36,9.23249119958005e-26,3.829465383150615e-33,7.295359827629722e-51,3.4848829300528186e-44,1.0640420404992004e-47,2.3488073521894934e-41,1.7262778911871295e-32,2.7865948731050585e-60,-4.738574816480227e-69
6.992713183084506e-06,1.0000011585831396e-10,0.00017699999999988157,4.7317205917655634e-36,1.0110812555413782e-29,6.078762026716886e-44,3.071851922716948e-35,-6.829664014041959e-55,6.209507539883557e-43,-7.404444054500825e-97,-4.427839140780133e-80,-3.5120638971074766e-89,4.6943792079807785e-57,1.4590261546673091e-47,-8.597240844693615e-69,-9.568131238075614e-55,2.4917388610595557e-52,8.18243000063995e-114,-4.0939977649505056e-95,-7.152766992155316e-81,-7.916815416142464e-96,-1.1573172934618055e-108,-1.8773040037629592e-94,1.183610936749043e-25,3.4026469378917097e-19,5.513058196839476e-26,2.256192219762245e-18,-7.786069372370035e-79,-1.3373299993068881e-75,2.184737924639555e-37,9.950809680063849e-26,1.210214104354403e-104,-1.000659177714082e-100,-2.0584342158152014e-75,-9.823274996307102e-68,-1.3373299989084212e-75,-8.883716867996001e-67,-4.666907406575388e-49,-1.2458220594608517e-47,9.993987377046156e-40,6.314849477630403e-21,3.3899998131068083e-08,1.3950664019916666e-30,2.0436544523111543e-24,4.5298232864077075e-30,3.2051681932767545e-23,1.2478244507602483e-49,1.718921270221217e-42,4.608111048022635e-32,0.00018232390005914765,0.4999999999999813,2.6877359555377853e-14,0.24999999999996866,2.633743858821965e-14,6.697268250341505e-23,-1.7367471880106206e-49,-2.1741362463886548e-48,9.772282508729278e-38,-2.441157947680772e-52,-6.925021138663451e-61,-3.8232748427712956e-50,-4.868196867770721e-57,-2.8630391520287005e-63,2.1299103094827604e-33,2.11952123522805e-31,6.440045417074736e-33,2.006946007771777e-21,0.0,-6.83552033707735e-59,-2.1099928470363793e-73,1.5100774411961366e-21,-8.542898932740249e-39,3.0425188977927337e-34,-2.7352597511084423e-87,3.73958609046251e-32,1.8689255432094413e-15,1.9062458508520168e-38,3.438614056877351e-30,5.687181663528909e-38,1.0174856775536742e-37,6.297958191499104e-29,-5.847149536514447e-55,-1.1754124210089126e-76,1.2601632921466265e-50,4.595759201913829e-38,0.10000000149011043,5.706445651753764e-15,3.775209789064138e-23,1.4385982941385785e-38,-6.941104860579517e-67,-1.1866535902844722e-59,-2.946105047087127e-43,-1.583361032718842e-56,6.626350424026467e-31,-1.0105412965763408e-77,6.629541626292904e-30,2.2310033314764664e-29,-1.4235683703135175e-66,3.4401672917631405e-46,-2.5818628543134002e-55,2.25599999987154e-06,1.2845999830665033e-16,6.179999999998536e-05,1.4648884439723497e-17,9.073835960767598e-43,1.2525106900353994e-35,3.66698002906798e-45,-1.0678416680507494e-75,1.5455731023294902e-40,6.284003264904667e-25,-2.4347946455091213e-48,1.270282335575025e-32,-4.449707276187814e-107,-5.855306372950968e-52,-1.1313969720312647e-40,-6.116479028897817e-51,2.0653595725708468e-32,3.656798538736083e-35,6.798439654899681e-73,3.0116400405819e-42,1.0803726622287112e-32,0.0003339999999997967,2.0340913588706e-16,9.037223029774903e-25,1.5876573788467763e-34,-1.4295211598565248e-68,3.324246558830043e-45,4.61769776877385e-50,-3.681392269892349e-62,5.641445318838629e-51,-5.084620841291069e-71,5.099149472876656e-20,9.0243904488508e-24,1.3517057289408788e-18,3.5099999999986467e-06,1.0861399135345284e-53,1.0739146536520594e-45,2.9094492799809645e-18,1.7799999999970882e-06,3.794755062137951e-43,2.087478313826755e-38,-4.923303656427082e-78,7.953613184155387e-57,0.0,0.0,9.724816059968707e-31,2.3556649368310327e-21,5.1479583966215364e-45,2.9439713767854533e-22,-2.343265509345337e-61,2.3376439704932656e-36,-2.3432655096354693e-61,-5.007923371552089e-80,4.705872763287181e-53,2.2332687494090788e-36,1.3350960585977648e-25,8.00802266151797e-33,2.2060850168472007e-50,1.0538261028463759e-43,3.2176552479417485e-47,5.797421148318836e-41,3.609922269697322e-32,-3.682643995732412e-58,-2.9619554031690686e-68
1.0112051826993984e-05,1.0000016754087358e-10,0.00017699999999982872,6.842469916906687e-36,1.4621093052897388e-29,1.2711666944194042e-43,6.423734193619095e-35,-1.3497160133169254e-54,1.8777567658601228e-42,-2.1252200889327408e-96,-1.3566442232705088e-79,-1.0847987740351572e-88,1.4195781495645537e-56,4.412085811747168e-47,-2.392421436631302e-68,-2.2485084980207223e-54,7.535006872515608e-52,2.82245306054499e-113,-1.291729280707922e-94,-1.99045774824049e-80,-2.3929656968915612e-95,-3.381755763092384e-108,-5.756242048538794e-94,1.7638520845874924e-25,4.92051368276332e-19,7.972348202277967e-26,3.2626437716059816e-18,-2.38557009959619e-78,-3.9801110676396955e-75,6.606474219083884e-37,2.080872901982219e-25,6.141522799968435e-104,-2.8263124674689303e-100,-6.110793012467866e-75,-2.9280589207039747e-67,-3.9801110658598404e-75,-2.565955477404829e-66,-1.0967061102931314e-48,-2.9276360666083814e-47,3.022174240582832e-39,9.137113674836512e-21,3.389999729736717e-08,2.0639018707190833e-30,2.955296544898402e-24,7.40551854509221e-30,4.634943137795148e-23,3.773979195992975e-49,3.594661489690319e-42,6.663721252209456e-32,0.00018232390008553247,0.4999999999999729,3.8866924740557565e-14,0.24999999999995468,3.808615136842652e-14,1.4005055278781423e-22,-4.081252354236988e-49,-5.1090973356149144e-48,2.955130858514097e-37,-5.736631433397884e-52,-2.000195268975038e-60,-8.984467855091473e-50,-1.1440316868155899e-56,-8.269546677380232e-63,4.453982010547721e-33,6.409416090268648e-31,1.3467161578624838e-32,2.9022128254512775e-21,0.0,-1.6063222707389487e-58,-6.094462334270679e-73,3.1578125792951937e-21,-2.0075496880109197e-38,6.362392007415969e-34,-7.181432554343164e-87,1.1250472306209626e-31,2.7026235578805744e-15,4.422470281897384e-38,7.190690008097651e-30,1.7197994375555982e-37,2.1280076453004965e-37,1.3170034476334956e-28,-1.3740586897868644e-54,-3.575095388858921e-76,3.810726531495629e-50,9.61050879501832e-38,0.10000000149010788,8.252000713830316e-15,7.894565081622124e-23,3.008338776884572e-38,-1.631137087392033e-66,-3.433273807140833e-59,-6.9232381080425395e-43,-4.573349138876701e-56,1.3856755249278891e-30,-2.922522982400675e-77,1.3863428353935684e-29,4.655171189602599e-29,-4.1118072072831444e-66,1.0403040117008487e-45,-7.457402284713381e-55,2.255999999814236e-06,1.857639698037666e-16,6.179999999997883e-05,2.118351968502806e-17,1.9301442619314282e-42,2.9653806370100365e-35,2.2696802550362362e-43,-2.7436837190680416e-75,3.058310711285831e-40,1.3140852269468672e-24,-7.032613537701104e-48,3.841324162156663e-32,-1.4471735991808173e-106,-1.6912353148071818e-51,-2.6587412256373116e-40,-1.7666719159362758e-50,4.31899612903764e-32,1.1050493240786738e-34,2.678891919592011e-72,9.107176935566448e-42,2.2592314635521398e-32,0.00033399999999970595,2.9414672239742186e-16,1.3068585593649692e-24,4.787475935212829e-34,-4.1266675772927694e-68,1.0052496692855903e-44,1.396598315051749e-49,-8.651527779128437e-62,1.705977602026068e-50,-1.5274310941345908e-70,7.373799323987872e-20,1.887143853579592e-23,1.9546802547663512e-18,3.5099999999980428e-06,3.4044588436848016e-53,3.247509869418666e-45,4.2073085414967634e-18,1.779999999995789e-06,7.935444928380344e-43,4.4347778765237015e-38,-1.4881355209046652e-77,2.4051681090895286e-56,0.0,0.0,2.0336140661886686e-30,3.406489604798668e-21,1.5567387146408185e-44,4.257230378719309e-22,-5.506587584324215e-61,4.888386044800606e-36,-5.506587585162224e-61,-1.5231942575112467e-79,1.4230523510946129e-52,4.67013967330146e-36,1.9306615303990864e-25,1.6746052175710327e-32,6.671216226956407e-50,3.1867621374641963e-43,9.730165367431142e-47,1.4801653231358507e-40,7.548922945100095e-32,-6.617084947730051e-58,-8.40010502124725e-68
1.462287805528269e-05,1.0000024227820482e-10,0.0001769999999997523,9.894795201826444e-36,2.1143346073959775e-29,2.6582142607536792e-43,1.343305864413954e-34,2.4892443591778995e-54,5.6783804964860904e-42,-3.793490945856225e-96,-2.8635424049124064e-79,-2.3322614072989114e-88,4.2928157699781365e-56,1.3342129402575941e-46,-3.767317191381431e-68,-8.777053101593632e-55,2.2785870303047087e-51,7.482243406541665e-113,-2.9074589722916573e-94,-3.1343578819385655e-80,-4.890783031739567e-95,-6.345488616664397e-108,-1.2171858141344367e-93,2.659943848887317e-25,7.115476551027261e-19,1.1528690770844182e-25,4.718057341850561e-18,-5.035345955801982e-78,-7.833178952339917e-75,1.9977599496058783e-36,4.351436854635986e-25,2.472127944370888e-103,-4.809031083908304e-100,-1.1951529049499917e-74,-5.7790909568123166e-67,-7.833178945881871e-75,-4.64389329303374e-66,-4.2797748963730235e-49,-1.142477417690849e-47,9.13903160613634e-39,1.3224139109666911e-20,3.389999609176552e-08,3.081853312252905e-30,4.2736079560408386e-24,1.2496971666143848e-29,6.70251822050001e-23,1.141769500833912e-48,7.517382451164373e-42,9.636312107071851e-32,0.00018232390012368714,0.49999999999996086,5.620484579763434e-14,0.24999999999993444,5.5075777164952046e-14,2.928680232288463e-22,-1.5921934510032908e-49,-1.9932600850963048e-48,8.936292961247232e-37,-2.2386562231259702e-52,-3.61988556977269e-60,-3.505053497857077e-50,-4.4662315286271304e-57,-1.4966313635944876e-62,9.313986444972605e-33,1.938202365870598e-30,2.8161981603243967e-32,4.196843971880634e-21,0.0,-6.268502108878228e-59,-1.1029822699307422e-72,6.603489257091015e-21,-7.834226194616927e-39,1.3304775835725209e-33,-8.5414036336576e-87,3.3900038007880924e-31,3.9082209687797805e-15,1.0567174858622088e-37,1.5036878631528977e-29,5.200660190970135e-37,4.4508587175481425e-37,2.754064127687761e-28,-5.362113661136895e-55,-7.418858114320192e-76,1.1523628651079136e-49,2.009723802970759e-37,0.1000000014901042,1.1933087588437835e-14,1.650879282752519e-22,6.290917296258985e-38,-6.365555412072004e-67,-6.267012699841997e-59,-2.7017128052498216e-43,-8.276895367796959e-56,2.8976684683256442e-30,-5.323449934038812e-77,2.899063857985366e-29,9.71993697361677e-29,-7.441592342531332e-66,3.145871485308636e-45,-1.3496484820440132e-54,2.25599999973137e-06,2.686303357647157e-16,6.179999999996937e-05,3.063315205607598e-17,4.13502096944399e-42,7.247932334338451e-35,2.6686433351322895e-42,-2.8549335363749827e-75,7.932403070812792e-40,2.7479615932590755e-24,-1.2727698722629503e-47,1.1616134341278482e-31,-3.460049720178697e-106,-3.060815656507333e-51,-1.037543513664179e-40,-3.1973416071127395e-50,9.031709446700402e-32,3.3400633369028987e-34,8.534350291690861e-72,2.7540034509728844e-41,4.724413136683242e-32,0.0003339999999995747,4.253609002405005e-16,1.8898275659838375e-24,1.44488753572999e-33,-7.454028470031168e-68,3.0398674216937334e-44,4.225230882237386e-49,-3.379141680861452e-62,5.158943903996297e-50,-3.075364637120215e-70,1.06631344617707e-19,3.946318475300631e-23,2.826632170455988e-18,3.5099999999971695e-06,1.1396764499549113e-52,9.820445374149203e-45,6.084122271573377e-18,1.7799999999939106e-06,1.659430198025128e-42,9.484079512427117e-38,-3.041474509874635e-77,7.273224025342923e-56,0.0,0.0,4.25261119468824e-30,4.926070339600107e-21,4.707565693863545e-44,6.1563134073273915e-22,-2.14888252677141e-61,1.0222394024655212e-35,-2.148882528288028e-61,-3.160860673661863e-79,4.303299145839793e-52,9.766063087414999e-36,2.791899610742078e-25,3.5018665201317205e-32,2.017399830509458e-49,9.636743728392683e-43,2.9423946721131394e-46,3.905184004921588e-40,1.5786001277859387e-31,2.1487240775826523e-57,-1.4241320195359492e-67
2.1145912449623337e-05,1.0000035035467634e-10,0.00017699999999964177,1.430872322722608e-35,3.057508934936373e-29,5.55875618341207e-43,2.809068639060233e-34,3.084192181700734e-53,1.7171586222199693e-41,-1.4050059003659746e-96,-3.6216045299135334e-79,-3.158350773550096e-88,1.2981525326193077e-55,4.0346552400748235e-46,1.624159608344034e-68,1.835749376750422e-53,6.890453507704101e-51,1.6936915881295335e-112,-4.5643320472773237e-94,1.351225216936617e-80,-5.398260856094047e-95,-4.141162468126082e-108,-1.5501838129074807e-93,4.074993807374355e-25,1.0289577184405399e-18,1.6671466146013304e-25,6.822707686331991e-18,-6.368317495766519e-78,-7.122699695118949e-75,6.04114213794749e-36,9.09954781473348e-25,8.889615961440919e-103,-4.140954001221994e-101,-1.0474898556157484e-74,-5.335910215369628e-67,-7.122699673711328e-75,-2.0711841672874352e-66,8.954605162935203e-48,2.3904150005728213e-46,2.763636074306995e-38,1.91464377725505e-20,3.3899994348364134e-08,4.660042126081615e-30,6.179997663918304e-24,2.1810601515998154e-29,9.692406172457048e-23,3.454551101955347e-48,1.572117072584915e-41,1.393494059691155e-31,0.00018232390017886203,0.4999999999999434,8.127694032604818e-14,0.2499999999999052,7.964420238976244e-14,6.124336966271269e-22,3.3326516040960573e-48,4.1719123575044493e-47,2.7023280743344118e-36,4.6839601154523994e-51,-1.6139525907893737e-60,7.336498832124565e-49,9.339897396773411e-56,-6.675005592559768e-63,1.9477030508614667e-32,5.861108509997603e-30,5.889119251321968e-32,6.0689895242402525e-21,0.0,1.311561706795446e-57,-4.919322056728947e-73,1.3808947959711003e-20,1.6391652595158695e-37,2.7822406874020764e-33,2.236483491714264e-86,1.0225978727499644e-30,5.651616111408568e-15,2.608654851622213e-37,3.1444508829080623e-29,1.572675592927223e-36,9.310042185889569e-37,5.75918702702288e-28,1.1219188381231392e-53,-8.758509835565215e-76,3.4847438391846325e-49,4.202692796184114e-37,0.10000000149009887,1.7256249039655934e-14,3.45225136618414e-22,1.3155315171509806e-37,1.3318093398673166e-65,-3.1226005463153155e-59,5.652826724429218e-42,-3.691508295606843e-56,6.059486836439854e-30,-2.5840933544612496e-77,6.062404628441247e-29,2.0304581651810384e-28,-3.3189642292207823e-66,9.513091604261064e-45,-6.0194518646699964e-55,2.255999999611538e-06,3.884620756645366e-16,6.179999999995571e-05,4.4298115400329777e-17,8.945734015815074e-42,1.8322243803905923e-34,1.5103528390987473e-41,1.1125168554809949e-74,2.5023417788332334e-39,5.7464254437467295e-24,-5.67657804863729e-48,3.5127099104201215e-31,-6.363512042641434e-106,-1.36512971345081e-51,2.1708627803882448e-39,-1.4260204766496983e-50,1.888674430148114e-31,1.0096985272682196e-33,2.4909472069214886e-71,8.328085680046029e-41,9.879500970057097e-32,0.0003339999999993849,6.151076256575503e-16,2.732849918692348e-24,4.363386630160273e-33,-3.239577593197582e-68,9.1925361290553e-44,1.2783907623348286e-48,7.062089940121934e-61,1.5600893038964917e-49,-3.159394410530898e-70,1.541978992816135e-19,8.252380534021101e-23,4.0875480312938815e-18,3.5099999999959066e-06,3.837280340875127e-52,2.969695269546166e-44,8.798152892120297e-18,1.7799999999911941e-06,3.4701396109233663e-42,2.0468522667083535e-37,-3.3570562138987823e-77,2.199422374149549e-55,0.0,0.0,8.89288790655866e-30,7.123511603771396e-21,1.4235641537617767e-43,8.902547261323237e-22,4.496130338840077e-60,2.1376654035748813e-35,4.496130338772448e-60,-3.731652333591361e-79,1.3013142575725886e-51,2.0422565721250412e-35,4.037322950221741e-25,7.322961293623954e-32,6.1007050096190795e-49,2.914143689146384e-42,8.8977792711724e-46,1.0615561369202297e-39,3.3011045115018858e-31,2.122177486400623e-56,-7.047751022548364e-69
3.0578769216063876e-05,1.0000050664235084e-10,0.00017699999999948196,2.0691653501267732e-35,4.4214218753617014e-29,1.162426499035687e-42,5.874216171048932e-34,1.5810061681922604e-52,5.192732138186326e-41,2.4492946179636355e-95,3.723280322677446e-79,1.8290479031349533e-88,3.925626947374749e-55,1.220078197922767e-45,4.1847495692446993e-67,1.1394399907916565e-52,2.083674486889766e-50,3.3363738906134974e-112,-1.3351910416342415e-94,3.4816248225154575e-79,1.0900594354768308e-94,3.0644661231960976e-107,1.5204351039885911e-93,6.370595421388057e-25,1.4879592979856265e-18,2.4108362106331507e-25,9.86620885760187e-18,6.54730735411316e-78,2.6238297013631747e-74,1.826822404071825e-35,1.902860405244328e-24,3.0013196912927136e-102,3.8931443235460955e-99,4.22950515479519e-74,1.889694603099887e-66,2.6238297081571656e-74,2.7978785515507844e-65,5.55793986932161e-47,1.483681553340203e-45,8.35721413157798e-38,2.773591635867306e-20,3.3899991827259155e-08,7.164203031804963e-30,8.936798574602821e-24,3.935866557360674e-29,1.401603655368804e-22,1.0451677648335613e-47,3.287887809744302e-41,2.0151145483659617e-31,0.00018232390025864955,0.4999999999999181,1.1753330216911505e-13,0.24999999999986286,1.1517220548438847e-13,1.2806964058039963e-21,2.0684565579443706e-47,2.5893642434993136e-46,8.171819238764153e-36,2.90723791116646e-50,2.1812314681201685e-59,4.553499929236532e-48,5.797281707047276e-55,9.016984813837188e-62,4.0729575860321224e-32,1.772394566666998e-29,1.2315087011602415e-31,8.776269458997963e-21,0.0,8.140595363272781e-57,6.645307108466571e-72,2.8876709161758096e-20,1.0173961022891424e-36,5.8181086853719014e-33,2.031494059894056e-85,3.087023528027964e-30,8.172711836069952e-15,6.661353877961282e-37,6.575547607935495e-29,4.7557587896110895e-36,1.9476605764708427e-36,1.204337784558564e-27,6.963520347544254e-53,1.3246439236173044e-75,1.0537859221488645e-48,8.788621402450153e-37,0.10000000149009115,2.495398853914234e-14,7.219206760945205e-22,2.75098743032527e-37,8.266292510119186e-65,3.5844913801365425e-58,3.5085931500508676e-41,4.986710263081297e-55,1.2671353345628445e-29,3.0847432587922106e-76,1.267745433860147e-28,4.242923390400276e-28,4.483450839872683e-65,2.876751720631855e-44,8.13143860675624e-54,2.255999999438251e-06,5.617488575957366e-16,6.179999999993594e-05,6.405880166713579e-17,1.961041375531318e-41,4.788766916251095e-34,6.523250106520644e-41,8.90535432900639e-74,8.411945017047296e-39,1.2016690702693033e-23,7.6682525997178115e-47,1.0622407314348417e-30,-6.960639522142435e-106,1.8440966974326435e-50,1.3474099176906002e-38,1.9263516312591894e-49,3.949519328602994e-31,3.0526219919520945e-33,7.029052036194676e-71,2.518406837782142e-40,2.06596113158058e-31,0.00033399999999911045,8.894973198330154e-16,3.951931409014543e-24,1.3182421519085646e-32,4.540164818406332e-67,2.7798159903049203e-43,3.8677465220566566e-48,4.3836283273670947e-60,4.717777716466627e-49,8.209835497817097e-70,2.2298314091092617e-19,1.7257041713044384e-22,5.9109384953364804e-18,3.50999999999408e-06,1.2690974836102328e-51,8.98033610157186e-44,1.2722869602011533e-17,1.7799999999872658e-06,7.256634851570075e-42,4.47255998740546e-37,6.77889529917838e-77,6.651050377886861e-55,0.0,0.0,1.859644615079682e-29,1.030119583443679e-20,4.30484682357785e-43,1.2873832459833243e-21,2.790655637876756e-59,4.4701986831633633e-35,2.790655637968137e-59,5.643613575432696e-79,3.935164067216373e-51,4.2707357473470107e-35,5.838311150485468e-25,1.5313479886845366e-31,1.8448772787367247e-48,8.812347592044434e-42,2.6906817390848642e-45,2.960519066632456e-39,6.903135744510786e-31,1.0512036096054636e-55,1.1852728945108445e-66
4.4219474047143965e-05,1.000007326474828e-10,0.00017699999999925092,2.9921948909506644e-35,6.393762176862404e-29,2.4308229726849593e-42,1.228394005373911e-33,-4.705617749398579e-52,1.5701944795181587e-40,-1.4678361066706693e-90,-1.2949193014268637e-74,-2.6347927300310262e-83,1.1867736797222505e-54,3.689485109110105e-45,-5.406773135813322e-65,-5.105061009683548e-52,6.300920750554901e-50,2.6871613862588975e-106,-3.030879240897425e-88,-4.498901560915301e-77,-5.327996371587843e-91,-7.005251730271474e-103,-9.938368822772855e-89,1.0211597076971768e-24,2.1517140315787722e-18,3.486276064633236e-25,1.4267366940413355e-17,-2.277008254019462e-73,-1.0252871350312608e-70,5.524269192481735e-35,3.979184134012151e-24,5.449623468216118e-97,-7.912808308285263e-94,-9.625990145285656e-70,-5.445230055035092e-63,-1.0252871328819792e-70,-6.834475862894959e-63,-2.487894306604494e-46,-6.641380668015247e-45,2.527216366697291e-37,4.0210007494168263e-20,3.389998818152948e-08,1.1249599555155102e-29,1.2923366683096964e-23,7.326610400022018e-29,2.0268371563812177e-22,3.153053079864038e-47,6.876526558006122e-41,2.9140360043154076e-31,0.00018232390037402902,0.4999999999998816,1.6996305905304695e-13,0.24999999999980171,1.6654867226741334e-13,2.6781400860669853e-21,-9.258644908002775e-47,-1.1590352243569066e-45,2.47115302913621e-35,-1.301361651793817e-49,-5.327417184336307e-57,-2.0381965672490195e-47,-2.5982977518430484e-54,-2.2026201492203425e-59,8.517203614160164e-32,5.359711886010733e-29,2.5752809640319543e-31,1.2691223883412542e-20,0.0,-3.643976929896991e-56,-1.6232738800248362e-69,6.038579496962425e-20,-4.5541300226448254e-36,1.2166592366202147e-32,-1.2233114407075264e-83,9.324047258714688e-30,1.1818427634417045e-14,1.757761934607092e-36,1.375051687613822e-28,1.4381385794349113e-35,4.075233665122679e-36,2.518462194075097e-27,-3.1170742596824275e-52,-8.89590213146145e-72,3.1865998624591544e-48,1.837877261876041e-36,0.10000000149008004,3.6085567760417645e-14,1.5096508578093588e-21,5.752754889656907e-37,-3.7007272678975064e-64,-9.245548024841908e-55,-1.5705389584563204e-40,-1.2181202704990458e-52,2.6497821014420996e-29,-6.115488808080152e-73,2.6510577423759374e-28,8.868163065680833e-28,-1.0951907120613048e-62,8.699276846311889e-44,-1.986291183908624e-51,2.255999999187664e-06,8.123361295325854e-16,6.179999999990737e-05,9.263441538079214e-17,4.373693914598992e-41,1.2908932539611226e-33,-8.882052716414644e-41,-3.690142252793481e-72,-1.1764127935148653e-38,2.512881294177828e-23,-1.8731529831627988e-44,3.212209831081463e-30,-3.226953388759739e-98,-4.504661370709689e-48,-6.031377490806132e-38,-4.705569813627108e-47,8.259074553800464e-31,9.229650989788589e-33,4.2144417229122875e-67,7.615644248818281e-40,4.32025401891878e-31,0.0003339999999987136,1.2862878258829253e-15,5.714826296548565e-24,3.9837582678709385e-32,-1.096670447169285e-64,8.406143833745125e-43,1.1668184886457792e-47,-1.9677711666880305e-59,1.4265356139172237e-48,-3.4305106133495e-66,3.224523898236231e-19,3.6087220555161193e-22,8.547714578343677e-18,3.5099999999914397e-06,2.2477561815301984e-51,2.7156472504787437e-43,1.839834029560172e-17,1.7799999999815852e-06,1.517483994040457e-41,9.93424517078645e-37,-3.3129861762095803e-73,2.0112345826301726e-54,0.0,0.0,3.888813303156773e-29,1.489639303570386e-20,1.3017832655062541e-42,1.8616644903796135e-21,-1.2491730847554663e-58,9.347896684311833e-35,-1.2491730869875642e-58,-3.7902160140038364e-75,1.189991451387526e-50,8.930945560664433e-35,8.442694238444186e-25,3.202292890315206e-31,5.578476225210224e-48,2.664849033134504e-41,8.136602487027102e-45,8.430595779070445e-39,1.4435557180187576e-30,-2.810062786508909e-55,-2.072388139700673e-64
6.394508134679367e-05,1.0000105946992636e-10,0.00017699999999891677,4.326982353039911e-35,9.245948079483925e-29,5.0832424070907514e-42,2.5687729949668606e-33,-7.348667317243296e-51,4.747732675428413e-40,-1.3133427902349354e-89,-1.2166792812160124e-73,-2.4715109481056413e-82,3.586750108699942e-54,1.1156836526517951e-44,-5.032389820702903e-64,-6.884875860357267e-51,1.905334181850909e-49,2.6566640842168738e-105,-2.8720738386328794e-87,-4.1873834719138275e-76,-4.965485847332573e-90,-6.395570671281682e-102,-9.318368913639935e-88,1.685627363320122e-24,3.111558859104884e-18,5.041457102629343e-25,2.063181034112624e-17,-2.1394296385475136e-72,-9.465733336993255e-70,1.670529776258226e-34,8.321107392997888e-24,7.691758415992656e-96,-7.138038205725761e-93,-8.862622546712602e-69,-5.058477574861752e-62,-9.465733310951078e-70,-6.3129025043340275e-62,-3.356238189109999e-45,-8.959408788738529e-44,7.642290004226031e-37,5.835938729820967e-20,3.389998290949822e-08,1.812808015402563e-29,1.8688283801911512e-23,1.4013978408228688e-28,2.9309777512335715e-22,9.487796330438434e-47,1.4383023772311947e-40,4.213965693653248e-31,0.0001823239005408774,0.49999999999982875,2.457809130265188e-13,0.24999999999971328,2.408433339997356e-13,5.6004170594794295e-21,-1.2490321289471704e-45,-1.5635869777939044e-44,7.472754512715236e-35,-1.755573684971311e-48,-4.92086127888513e-56,-2.7496178687258874e-46,-3.503759898009749e-53,-2.0345271093517904e-58,1.7810830470994429e-31,1.620775340246173e-28,5.385322872249201e-31,1.83525770186962e-20,0.0,-4.9158206298974915e-55,-1.4993937248362104e-68,1.2627630152643508e-19,-6.143659670200487e-35,2.5442282963838937e-32,-1.1613978679738007e-82,2.8172676573215826e-29,1.7090437826568942e-14,4.7788133172282785e-36,2.8754518513393823e-28,4.3489245271899995e-35,8.529111555463832e-36,5.2665056097537835e-27,-4.205018660951761e-51,-8.291661348610063e-71,9.636000123653108e-48,3.8434041043505896e-36,0.10000000149006394,5.218276823953875e-14,3.156919508904137e-21,1.202992394908756e-36,-4.992169699960991e-63,-8.434989666778374e-54,-2.1187041958426562e-39,-1.1251593398282833e-51,5.54111713361498e-29,-5.581540697317109e-72,5.543784176114236e-28,1.8538283795372566e-27,-1.0116111982347626e-61,2.6306555247569476e-43,-1.8347072169881648e-50,2.2559999988252937e-06,1.1747064162882998e-15,6.179999999986604e-05,1.3395715410071467e-16,9.969851954280296e-41,3.5748694817425246e-33,-2.05559576796821e-39,-3.5520260747222673e-71,-2.551954645311131e-37,5.254834475120408e-23,-1.7302032983535366e-43,9.713709731546096e-30,-3.104892491348316e-97,-4.1608878887894727e-47,-8.136502842053306e-37,-4.346464238209411e-46,1.72710415638926e-30,2.790737537801588e-32,4.5734495480847127e-66,2.302965619324817e-39,9.03433969566612e-31,0.00033399999999813966,1.8600801136447894e-15,8.264121613392238e-24,1.2041435520654315e-31,-1.0130762870948087e-63,2.5420122657406595e-42,3.511053284687583e-47,-2.6521803911556532e-58,4.3131032795939994e-48,-3.1873771242686585e-65,4.6629329587018895e-19,7.546411671191706e-22,1.2360714728102835e-17,3.5099999999876213e-06,-3.134559178240501e-51,8.212099000797297e-43,2.6605548601637222e-17,1.7799999999733705e-06,3.1733189742454216e-41,2.253226576449651e-36,-3.087569781159242e-72,6.081722621580609e-54,0.0,0.0,8.132128412965327e-29,2.1541431494708605e-20,3.936587874949751e-42,2.692123462281769e-21,-1.6851711551463297e-57,1.9547937964554512e-34,-1.6851711572080854e-57,-3.5327715409743347e-74,3.5985301098852164e-50,1.8676503498267258e-34,1.2208856752495854e-24,6.696505299193066e-31,1.686665387784792e-47,8.058494206559663e-41,2.4605031408955737e-44,2.440249379709649e-38,3.0187050887778786e-30,-4.590691885871199e-54,-1.9207677025100504e-63
9.246996977143298e-05,1.000015320826885e-10,0.00017699999999843356,6.257217772526801e-35,1.3370483129597527e-28,1.0629908792767008e-41,5.371729917223275e-33,-2.0948444709126464e-50,1.4357220663063672e-39,-4.155094395955539e-89,-4.2288821935945755e-73,-8.566836810221805e-82,1.0845568346302903e-53,3.373821705621038e-44,-1.6454130644799902e-63,-1.9672064968179753e-50,5.761728999051355e-49,1.0060480002150185e-104,-1.0137902244674858e-86,-1.3691345528379228e-75,-1.6979467746715185e-89,-2.1066653517441607e-101,-3.2271655228816697e-87,2.8744953500018263e-24,4.4995744644957246e-18,7.290389454514381e-25,2.983532778496451e-17,-7.436138505460833e-72,-3.180103895177272e-69,5.051656204979026e-34,1.7400759101714973e-23,4.279949801795244e-95,-2.2965666979247675e-92,-2.967007945242649e-68,-1.7180889492775862e-61,-3.180103882463122e-69,-2.0705264052315166e-61,-9.588843244061022e-45,-2.5597217273561546e-43,2.311022648957346e-36,8.483660622591095e-20,3.389997528569872e-08,3.010473846728071e-29,2.702484773467627e-23,2.741525168907456e-28,4.238441836350449e-22,2.8701114779661806e-46,3.0086605795352314e-40,6.093805656612983e-31,0.00018232390078215427,0.49999999999975236,3.554199376744002e-13,0.2499999999995854,3.482795980566191e-13,1.171136243772963e-20,-3.5685106428240605e-45,-4.46720060245216e-44,2.2597552510414857e-34,-5.0157102435259324e-48,-1.6139595263655401e-55,-7.855714612301984e-46,-1.0011615655717812e-52,-6.672909483643288e-58,3.7245285831682906e-31,4.901211995066047e-28,1.1261568121532986e-30,2.653936916049282e-20,0.0,-1.4044607715073144e-54,-4.917761129260131e-68,2.640638094560994e-19,-1.75525537919567e-34,5.320386582144201e-32,-3.782273571089157e-82,8.514545091238579e-29,2.471420473330225e-14,1.3328879733323613e-35,6.0130268985306035e-28,1.3151114391615067e-34,1.7857359293449928e-35,1.1013101810736051e-26,-1.2013827562534754e-50,-2.8369565775231878e-70,2.913920048461155e-47,8.037503885368821e-36,0.10000000149004065,7.546067500491805e-14,6.6016186305842436e-21,2.5156507257800653e-36,-1.4262942130963781e-62,-2.7681637568889754e-53,-6.05317911884384e-39,-3.6903341740535193e-51,1.158736028899394e-28,-1.8317019061017137e-71,1.1592935909265258e-27,3.8757165081791484e-27,-3.317915807028388e-61,7.955082512063877e-43,-6.017532040490041e-50,2.255999998301276e-06,1.6987243511037313e-15,6.179999999980629e-05,1.9371330426121428e-16,2.3344126754750355e-40,1.0122831956510397e-32,-5.831513576263414e-39,-1.145833058702082e-70,-7.387477443460558e-37,1.0988693843902457e-22,-5.6747780067601346e-43,2.937418328598708e-29,-1.1250870057850576e-96,-1.3647017740639987e-46,-2.3246152864522018e-36,-1.4255677154941316e-45,3.611650127823524e-30,8.438530050918428e-32,1.974092341205074e-65,6.964150731691921e-39,1.8892243968673392e-30,0.00033399999999730965,2.6898316780367783e-15,1.1950619155436565e-23,3.6401845528306945e-31,-3.3225895810936423e-63,7.687025970534688e-42,1.0621132555869173e-46,-7.579536467648607e-58,1.3042945849230802e-47,-1.0836406264361117e-64,6.742993527818066e-19,1.578074546520687e-21,1.7874633880134352e-17,3.509999999982099e-06,-7.341447382897869e-51,2.483332562792629e-42,3.847386257492094e-17,1.7799999999614915e-06,6.635970373686251e-41,5.2435275107574665e-36,-1.055790558461043e-71,1.8391062509102515e-53,0.0,0.0,1.7005576450194063e-28,3.1150709164547274e-20,1.1904211262303835e-41,3.893036942468104e-21,-4.814567547798539e-57,4.087784176841094e-34,-4.814567554560756e-57,-1.2087229238324588e-73,1.0881927138225862e-49,3.905697522736754e-34,1.765505595299327e-24,1.4003461209309148e-30,5.100519849825569e-47,2.436882401861357e-40,7.440542990567834e-44,7.15103119927863e-38,6.312593431521567e-30,-1.3077124157362284e-53,-6.291035526429493e-63
0.00013371935932267675,1.0000221552052294e-10,0.00017699999999773482,9.048547747221039e-35,1.9334982730054506e-28,2.2229031569090657e-41,1.1233192361219153e-32,-1.8557033052469666e-50,4.3420086278526886e-39,-7.74603179333646e-89,-9.92468216657601e-73,-1.9990920326544051e-81,3.280687493592878e-53,1.0202515160183318e-43,-3.326484909697943e-63,-1.911810533960391e-50,1.742387492200233e-48,2.7658340969859716e-104,-2.4553923966983877e-86,-2.767988335590367e-75,-3.847104096539155e-89,-4.3749267387215417e-101,-7.5168339247332825e-87,5.0704659787201215e-24,6.506760176147387e-18,1.0542556007467453e-24,4.314438154777884e-17,-1.745172920070781e-71,-6.923029593780011e-69,1.5276134390045986e-33,3.6387752202252495e-23,1.7909171994076923e-94,-4.487186504536979e-92,-6.40800617596252e-68,-3.834207117308419e-61,-6.923029546008192e-69,-4.2327084112170004e-61,-9.311400149321062e-45,-2.485656815855984e-43,6.988510257216519e-36,1.2360939016351139e-19,3.3899964261046e-08,5.166863893899046e-29,3.908023874742166e-23,5.459629212723202e-28,6.129146382909625e-22,8.714723490145294e-46,6.294435788482008e-40,8.812291249767213e-31,0.00018232390113106088,0.49999999999964195,5.139672505352743e-13,0.24999999999940045,5.036413321005008e-13,2.4490318459176494e-20,-3.4652338114070004e-45,-4.3379203818755213e-44,6.833478314024882e-34,-4.8705794840968006e-48,-3.299358896474591e-55,-7.628356588831693e-46,-9.732760790353698e-53,-1.3641212603212116e-57,7.788583072760327e-31,1.4821209815988053e-27,2.3549732643015725e-30,3.8378157578594103e-20,0.0,-1.363827978297516e-54,-1.005321883374741e-67,5.521993167958881e-19,-1.7044594429988907e-34,1.11257753468388e-31,-7.51104493435723e-82,2.5737759097787807e-28,3.5738805900501815e-14,3.7959686386828526e-35,1.2574193824013219e-27,3.976883995264726e-34,3.7408019720507995e-35,2.3030148546255242e-26,-1.1666225267510582e-50,-6.436257531842893e-70,8.811842760538433e-47,1.680871349425827e-35,0.100000001490007,1.091224874472907e-13,1.3805026885921225e-20,5.2606413757124915e-36,-1.3851971169343032e-62,-5.693137287127486e-53,-5.878008245901834e-39,-7.544026506603548e-51,2.423102063006641e-28,-3.766478344844406e-71,2.4242675330477198e-27,8.103389729176237e-27,-6.782706912927567e-61,2.4056104804487227e-42,-1.230143737807155e-49,2.2559999975435016e-06,2.4564983907214187e-15,6.179999999971988e-05,2.8012571004475623e-16,5.6376881207273546e-40,2.917356490386977e-32,-4.12489428258327e-39,-2.2032365536253356e-70,-6.479093758649865e-37,2.2979102263098246e-22,-1.1600763805474773e-42,8.882722632933176e-29,-2.865301353627804e-96,-2.7898154374308437e-46,-2.257348957044659e-36,-2.9142416226256697e-45,7.552536189633086e-30,2.5516690578346353e-31,6.515556178704445e-65,2.1059536141539527e-38,3.9506692144293606e-30,0.0003339999999961095,3.889721486754167e-15,1.728160895287546e-23,1.10055043060149e-30,-6.791307401056884e-63,2.32455042396195e-41,3.2249696825569437e-46,-7.37855558689719e-58,3.944727229351932e-47,-2.423927595268663e-64,9.750936184397472e-19,3.30000412531332e-21,2.5848225074995653e-17,3.5099999999741137e-06,5.288237698004235e-50,7.509577619160278e-42,5.563644346628087e-17,1.7799999999443132e-06,1.3877036789803313e-40,1.2572824546212082e-35,-2.392129557228531e-71,5.56158813797173e-53,0.0,0.0,3.5561369906967183e-28,4.504651832478048e-20,3.599820816096391e-41,5.629658722354403e-21,-4.675246782415882e-57,8.54820450029302e-34,-4.675246796239676e-57,-2.742253795940461e-73,3.290682976714077e-49,8.167868293688525e-34,2.5530741843999563e-24,2.928347305168501e-30,1.5425912035109891e-46,7.369106150867382e-40,2.2500141721618505e-43,2.114732372346825e-37,1.3200638757620058e-29,-1.1264151000066282e-53,-1.2797019046952978e-62
0.00019336944850166022,1.0000320382915826e-10,0.00017699999999672435,1.3085157703974444e-34,2.7960317510170357e-28,4.648520681214416e-41,2.349054370724573e-32,1.2083351493394633e-49,1.3131765415202108e-38,-2.9841455986161133e-89,-1.5908785583734008e-72,-3.1506971955696314e-81,9.925157723928456e-53,3.085273980816908e-43,-2.792551446155389e-63,1.0167372214616317e-49,5.269144379117224e-48,6.337399757304048e-104,-4.29415594441225e-86,-2.3239632198794567e-75,-5.517823450538579e-89,-4.335784867718142e-101,-1.178149042903905e-86,9.24302167673196e-24,9.409316142153542e-18,1.5245509241620385e-24,6.239037863118581e-17,-2.7974273140363316e-71,-8.554282221753832e-69,4.619482409716161e-33,7.609256322070325e-23,6.569923399898231e-94,-2.9477304936315757e-92,-7.660348902519235e-68,-5.2136924926015284e-61,-8.554282060825664e-69,-3.8199972515874986e-61,4.960783167778051e-44,1.324272075880794e-42,2.1133183174339398e-35,1.8069125931505238e-19,3.389994831847659e-08,9.172813252607734e-29,5.651338624802838e-23,1.10216973463628e-27,8.863267290159542e-22,2.6493620537476484e-45,1.3171280105381279e-39,1.2743649475064157e-30,0.00018232390163560921,0.49999999999948225,7.432401247964807e-13,0.24999999999913303,7.283071696906588e-13,5.1213137678703846e-20,1.8461852090730179e-44,2.311122586625684e-43,2.0664368862775578e-33,2.5948793631910956e-47,-2.9776258319047016e-55,4.064192650182418e-45,5.172427819383154e-52,-1.2311151619245916e-57,1.6287169117114048e-30,4.481915410006336e-27,4.924624034449799e-30,5.549803771735766e-20,0.0,7.265945782086971e-54,-9.072993642518588e-68,1.1547361802184122e-18,9.080866679757415e-34,2.326576636796569e-31,-5.5182091059338e-82,7.78095082128648e-28,5.168129151172004e-14,1.0988236021066693e-34,2.629463170600762e-27,1.202605495664598e-33,7.842407336582757e-35,4.8159702840974966e-26,6.215344188210405e-50,-9.272896800541913e-70,2.6647637247466315e-46,3.515276627992893e-35,0.10000000148995833,1.578003014930102e-13,2.8868481461776386e-20,1.1000902055589274e-35,7.377807236391124e-62,-5.344981705350534e-53,3.1316277726692336e-38,-6.808438223374389e-51,5.067093612808877e-28,-3.5319991027954124e-71,5.069529341799488e-27,1.694352417854905e-26,-6.121367101275843e-61,7.274546032093043e-42,-1.1101963176960208e-49,2.255999996447697e-06,3.5523034329544954e-15,6.179999999959493e-05,4.0508528660913115e-16,1.40783871805262e-39,8.521389986449835e-32,4.0895223929801725e-38,-1.203908718302539e-70,4.356660174548325e-36,4.805294079703439e-22,-1.0469647588652333e-42,2.6861253498186554e-28,-5.650684927001637e-96,-2.517798761845948e-46,1.2026424783182239e-35,-2.6300924868691547e-45,1.579355720183314e-29,7.715938737548427e-31,1.9299316741608533e-64,6.36838655444704e-38,8.261478597227041e-30,0.0003339999999943739,5.624861486328699e-15,2.499067740192417e-23,3.327555255221878e-30,-6.123751032996062e-63,7.029421190544946e-41,9.804225360316854e-46,3.909285259511231e-57,1.1931000270928143e-46,-3.323949774347941e-64,1.4100674436144302e-18,6.900830694171987e-21,3.737870907464248e-17,3.509999999962566e-06,4.565273513667305e-49,2.2708900690773645e-41,8.045497987684223e-17,1.7799999999194718e-06,2.9019594655282565e-40,3.115367649643183e-35,-3.430903912120468e-71,1.6818799619513918e-52,0.0,0.0,7.436448917018697e-28,6.514099628299951e-20,1.0885816332564326e-40,8.140959584573394e-21,2.490824739081629e-56,1.7875646601445874e-33,2.4908247378340288e-56,-3.950847004474097e-73,9.950986274415099e-49,1.708162146830309e-33,3.691969556287119e-24,6.123642027277541e-30,4.665565718393829e-46,2.228409022909372e-39,6.8040241899752585e-43,6.29511458246336e-37,2.760463868357494e-29,7.766000502789499e-53,-1.11910746840102e-62
0.0002796284980965741,1.0000463300663529e-10,0.00017699999999526314,1.8922709894663161e-34,4.043365564152526e-28,9.721054532756646e-41,4.9122918837534255e-32,8.782326491572234e-49,3.971489261191316e-38,5.154301130507786e-88,-4.5673431714790614e-73,-6.060226760215611e-82,3.0026734564851822e-52,9.329964462596728e-43,1.333136474697935e-62,7.696839254814065e-49,1.5934368064163367e-47,1.2396422865329934e-103,-3.223343539197752e-86,1.1091563248787808e-74,2.021677614796366e-89,1.3626903409153874e-100,-1.89582765981518e-87,1.7361770550243855e-23,1.3606649023030434e-17,2.2046480854419114e-24,9.022167924676748e-17,-8.031265215022881e-72,1.1673246674846606e-68,1.396925821062421e-32,1.591215969465445e-22,2.2436451613533166e-93,2.2735977775133777e-91,1.2307820071622341e-67,3.6841926010977844e-61,1.1673247189658937e-68,1.539317311474759e-60,3.753898915743918e-43,1.0020961023592391e-41,6.390653113903821e-35,2.653551260704813e-19,3.389992526419261e-08,1.6821939716551645e-28,8.172326309211242e-23,2.247658221972827e-27,1.2817042512564184e-21,8.052331094688276e-45,2.7569291565884458e-39,1.8429245343485577e-30,0.0001823239023652286,0.49999999999925127,1.0747882394088947e-12,0.2499999999987463,1.053192239927075e-12,1.0709476731127066e-19,1.3970307823995048e-43,1.7488557043413404e-42,6.248884342779883e-33,1.963582787465434e-46,1.1999009866447979e-54,3.0754230603896194e-44,3.91621081215118e-51,4.960909711354902e-57,3.4059068123043974e-30,1.3553257370051415e-26,1.0298172451196684e-29,8.025481622291759e-20,0.0,5.498257568085649e-53,3.656064254426473e-67,2.414735556667853e-18,6.871608936610423e-33,4.865241574199797e-31,3.4751524447250477e-81,2.3525080813713318e-27,7.473543493908824e-14,3.2202113418323784e-34,5.498623000317103e-27,3.636666401945207e-33,1.645959249386199e-34,1.0070958829799892e-25,4.70324505902863e-49,3.139476869459632e-70,8.058427430587105e-46,7.351932554407846e-35,0.10000000148988794,2.2819251772633683e-13,6.036850453426564e-20,2.3004859089207168e-35,5.5832385066064425e-61,1.9471557465742375e-52,2.369743952821037e-37,2.7435545128256664e-50,1.0596103283017722e-27,1.2906752786122008e-70,1.0601192381762387e-26,3.542877797373788e-26,2.4666746688952327e-60,2.199816680136319e-41,4.473699304425544e-49,2.25599999486307e-06,5.13692975693015e-15,6.179999999941423e-05,5.857872779671536e-16,3.636706311765065e-39,2.5139850473665606e-31,2.783380280786678e-37,1.2631173225772597e-69,3.1524607875114605e-35,1.0048628307311286e-21,4.218861377264168e-42,8.122813315911954e-28,-7.498589692475635e-96,1.0145747505236571e-45,9.100563717989776e-35,1.0598252194462953e-44,3.302684591879158e-29,2.3332327677023014e-30,5.4734964926237144e-64,1.925794918669052e-37,1.7276067135272106e-29,0.0003339999999918641,8.13401650552058e-15,3.613865701690194e-23,1.0061451164619639e-29,2.4729685967498686e-62,2.125691158614548e-40,2.979844143582346e-45,2.9618679862380806e-56,3.6085559217852344e-46,2.1656428744881343e-64,2.039076205193537e-18,1.443072495509731e-20,5.4052759457032235e-17,3.5099999999458677e-06,2.2401608725165304e-48,6.867152886124129e-41,1.1634467224471747e-16,1.7799999998835494e-06,6.068610603477412e-40,7.984964761170338e-35,1.257541139939151e-71,5.0861685561155825e-52,0.0,0.0,1.555079883844308e-27,9.41992364938196e-20,3.2918584019967186e-40,1.1772511166888166e-20,1.8848411297233428e-55,3.738079119404781e-33,1.8848411302260695e-55,1.337586832024169e-73,3.0091666237109816e-48,3.5724345217186773e-33,5.33891837744044e-24,1.2805514654223351e-29,1.4110900620687227e-45,6.738683045246774e-39,2.0575312937442567e-42,1.8827638154722075e-36,5.772569595226298e-29,5.586328854115393e-52,4.8647793807351206e-62
0.0004043663440818802,1.0000669971757135e-10,0.00017699999999315014,2.7364998016840674e-34,5.847203441930466e-28,2.032835564041445e-40,1.0272519372864307e-31,1.1890296489904036e-49,1.2007505194580705e-37,-3.555069474851772e-83,-3.711582633287688e-68,-8.970538224980463e-77,8.971213891159277e-52,2.8212881032222238e-42,-1.7746209098360736e-60,3.7070825131572666e-50,4.81827411768876e-47,8.055636942531375e-98,-1.0332904283266274e-80,-1.4858777854343785e-72,-1.803744771869883e-85,-2.3266519618744175e-96,-3.243778718445873e-82,3.346199101246752e-23,1.967633028304131e-17,3.188150223273726e-24,1.304680174791043e-16,-6.52652191875531e-67,-3.494920411326836e-65,4.2242957214481266e-32,3.3274837399153495e-22,1.7552411815355076e-88,-2.7122446723193932e-86,-3.076392012907542e-63,-1.7846128857536378e-57,-3.4949203417712815e-65,-2.281066444125201e-58,2.57269399475565e-44,6.869868072159099e-43,1.9325315343008527e-34,3.9221670029288557e-19,3.389989192578528e-08,3.176484820888779e-28,1.1817903049311992e-22,4.617571238076089e-27,1.853454736621978e-21,2.414748290788991e-44,5.773043021153916e-39,2.6652500429853348e-30,0.0001823239034203196,0.49999999999891725,1.5542352227972083e-12,0.24999999999818706,1.5230020568038223e-12,2.2395202586798337e-19,9.5731235170857e-45,1.1982793851064989e-43,1.8896606029913472e-32,1.346383506061193e-47,-1.778074607543856e-52,2.1078936674933804e-45,1.5726290531917416e-52,-7.351663754625744e-55,7.122293798994132e-30,4.0985054240563937e-26,2.1535115821879394e-29,1.1605518259421137e-19,0.0,3.7642664406576705e-54,-5.417793347234842e-65,5.04959130653728e-18,4.7191062776865985e-34,1.0173992490618991e-30,-2.304229802444272e-78,7.113049408005977e-27,1.0807359855378742e-13,9.523305662177298e-34,1.1498486156648526e-26,1.0997269946874894e-32,3.460038543424705e-34,2.1059971962419465e-25,3.2227870503018637e-50,-3.028593898710052e-66,2.436358502660964e-45,1.5376837472613318e-34,0.10000000148978613,3.299855871834747e-13,1.2623988741782087e-19,4.8106715198801866e-35,3.3559468202379073e-62,-3.1564401137629802e-49,1.6270054587311408e-38,-4.065506512245473e-48,2.215814948201335e-27,-2.029624094185127e-67,2.2168778296165614e-26,7.408311423152193e-26,-3.655329881938409e-58,6.652232206924941e-41,-6.629222130381981e-47,2.255999992571567e-06,7.42843279855257e-15,6.179999999915291e-05,8.470974121332337e-16,9.684578066839597e-39,7.470815086892273e-31,8.033853004710327e-38,-1.1391429739961558e-67,4.1839088255454035e-36,2.101326053151781e-21,-6.251796503174201e-40,2.4563374483691746e-27,-1.0938563096934654e-88,-1.5035236764489514e-43,6.243166567904063e-36,-1.5705145384739026e-42,6.906439993513429e-29,7.055570800915767e-30,1.3965281063386173e-60,5.82359152130111e-37,3.6127005509136335e-29,0.0003339999999882347,1.1762458610953598e-14,5.225961102463683e-23,3.042363955656554e-29,-3.659612905827403e-60,6.4280769496274715e-40,8.936014152942202e-45,-1.3170745894271574e-59,1.0908855269814421e-45,-1.1533552786108317e-60,2.9486758157369266e-18,3.017690965457459e-20,7.816483977394167e-17,3.5099999999217196e-06,2.5424393128185987e-48,2.0766227543886897e-40,1.682441877329635e-16,1.7799999998316025e-06,1.2690887992384777e-39,2.1143796069475656e-34,-1.115446755801713e-67,1.5373406118713325e-51,0.0,0.0,3.251919533854742e-27,1.3621975911515794e-19,9.954576532985085e-40,1.702403866756075e-20,1.2934311984529782e-56,7.816908599571709e-33,1.2934304534751687e-56,-1.29043390381004e-69,9.099718050465186e-48,7.471725050771301e-33,7.720566437536185e-24,2.677838149133774e-29,4.266010924715729e-45,2.0377772497384285e-38,6.22196192956746e-42,5.649815430159133e-36,1.2071361992354208e-28,9.533623015908962e-53,-6.865420830943316e-60
0.0005847477683396706,1.0000968835556335e-10,0.0001769999999900945,3.957508314831374e-34,8.455916913478085e-28,4.250110807580455e-40,2.148186428891139e-31,-5.149338276890081e-47,3.626467995351117e-37,-6.264612947725223e-82,-6.883548890420602e-67,-1.6590693176390513e-75,2.5452667909010622e-51,8.529939049851478e-42,-3.3312786669175723e-59,-4.668301195003503e-47,1.4565035371141727e-46,1.5593175581401641e-96,-1.9280456927010564e-79,-2.788980712310493e-71,-3.322215840296784e-84,-4.2008473933774215e-95,-5.999103042879628e-81,6.586137277345889e-23,2.8453568122906564e-17,4.6104352552707994e-24,1.8866747416571215e-16,-1.2104171853690196e-65,-6.385823356428986e-64,1.2774335337618287e-31,6.95829133289942e-22,4.772420245417853e-87,-4.847986090667293e-85,-5.597222246155539e-62,-3.278505325073805e-56,-6.385823193271884e-64,-4.2712427578816067e-57,-2.2628213417852866e-41,-6.04051944194705e-40,5.8440183297199095e-34,5.849340906225355e-19,3.389984371570023e-08,6.149079295050754e-28,1.7089748071250761e-22,9.536601758773629e-27,2.680256801040167e-21,6.888642817516782e-44,1.2095989205181873e-38,3.854791125918106e-30,0.00018232390494606993,0.49999999999843425,2.2475569685895494e-12,0.24999999999737832,2.2023837935815214e-12,4.683187665341053e-19,-8.421211483692317e-42,-1.0542012425177244e-40,5.714373662970352e-32,-1.1836204298519393e-44,-3.329403553629816e-51,-1.8538366489668756e-42,-2.3810091376482043e-49,-1.3765803156791694e-53,1.489384288123622e-29,1.2394065016270623e-25,4.503334666351554e-29,1.67825485717237e-19,0.0,-3.314378793192751e-51,-1.0144692462397487e-63,1.0559483188100141e-17,-4.141974887771172e-31,2.1275430376779618e-30,-4.285830602012104e-77,2.1508075882145652e-26,1.562832465219994e-13,2.8349815702886618e-33,2.4045133983887497e-26,3.325602860513438e-32,7.289780002218454e-34,4.403973314698799e-25,-2.835089605311482e-47,-5.577599105348789e-65,7.359395531923724e-45,3.21633702279921e-34,0.10000000148963893,4.771869333518159e-13,2.63986884383625e-19,1.0058847266204652e-34,-3.3741637729441457e-59,-5.711262746917538e-48,-1.428409801781497e-35,-7.61256535011242e-47,4.633624806716233e-27,-3.67286115547263e-66,4.635843437918043e-26,1.5491362171126984e-25,-6.844516314361593e-57,2.0116361767690343e-40,-1.2413065031496744e-45,2.255999989257861e-06,1.0742139072599363e-14,6.179999999877503e-05,1.2249735366381803e-15,2.6346483481434483e-38,2.231716233046735e-30,-1.5339146593913664e-35,-2.1636053929742177e-66,-1.8482914311064665e-33,4.394200749717588e-21,-1.1706343115790395e-38,7.428043665827326e-27,-2.068791718240292e-87,-2.815308994744667e-42,-5.485636283352249e-33,-2.9407522915897076e-41,1.4442467039848284e-28,2.1336034143173226e-29,2.946788533801448e-59,1.761053958857714e-36,7.554731267666818e-29,0.00033399999998298636,1.700947614778707e-14,7.557194513874896e-23,9.199752658701312e-29,-6.852745166508817e-59,1.9438513158854125e-39,2.5492127918306005e-44,-1.822758707730574e-54,3.292044950090786e-45,-2.118708169857823e-59,4.264033409351499e-18,6.310461766548843e-20,1.1303293746422982e-16,3.5099999998867994e-06,-7.891878351459784e-47,6.27970908776858e-40,2.432952544834801e-16,1.7799999997564832e-06,2.654004765151257e-39,5.765939833747816e-34,-2.0543368444764913e-66,4.637688323211521e-51,0.0,0.0,6.800280911759581e-27,1.969846819856428e-19,3.0103001161021236e-39,2.4618185788671575e-20,-1.1361370280718143e-53,1.634636949714833e-32,-1.1361370420213512e-53,-2.3765240747720057e-68,2.751790206958311e-47,1.5628181702052e-32,1.1164674834059645e-23,5.599789158670194e-29,1.287756811021673e-44,6.162315873096166e-38,1.8815220879850907e-41,1.6993760925769916e-35,2.524313841998799e-28,-3.233350569082479e-50,-1.2869603741143464e-58
0.0008455944902006664,1.0001401017770474e-10,0.00017699999998567584,5.723683254591996e-34,1.2228863224351235e-27,8.886606008336952e-40,4.492320700884054e-31,-1.8186898652176965e-46,1.0964090908893677e-36,-2.282324442370822e-81,-2.76028354323078e-66,-6.620684249164913e-75,7.539404074624544e-51,2.579346266459587e-41,-1.2699802048167474e-58,-1.647994509859642e-46,4.404175272209481e-46,6.712468589216597e-96,-7.815718365637032e-79,-1.0635377738382267e-70,-1.311369260510567e-83,-1.60399766733566e-94,-2.3938521707053053e-80,1.3177898046456e-22,4.114612560183369e-17,6.667322325639332e-24,2.728285029749544e-16,-4.853738768320882e-65,-2.4816476509713636e-63,3.862953491139169e-31,1.4550873375881369e-21,2.9774050481827123e-86,-1.816872207931071e-84,-2.1680867148807206e-61,-1.2873676704318325e-55,-2.4816475614220947e-63,-1.6286159441002727e-56,-7.984119920873967e-41,-2.1313307098746764e-39,1.767229664446713e-33,8.829939940363233e-19,3.389977399998074e-08,1.2145187634016826e-27,2.4713351241076374e-22,1.976987071937882e-26,3.875887905007851e-21,2.0621577159246186e-43,2.5366372185925175e-38,5.5760699797022116e-30,0.00018232390715243333,0.4999999999977358,3.250160771924003e-12,0.24999999999620884,3.1848211089965795e-12,9.793273190038578e-19,-2.9713346744366874e-41,-3.719637182123765e-40,1.728025048621565e-31,-4.1762729048939823e-44,-1.269494837084496e-50,-6.541062451132091e-42,-8.407051991135415e-49,-5.248874570196703e-53,3.114538685428137e-29,3.747966824316356e-25,9.417186578570095e-29,2.4268961800387895e-19,0.0,-1.1694447247699048e-50,-3.868151241702926e-63,2.2081510599917667e-17,-1.4614457804864286e-30,4.4490286818495155e-30,-1.7045181713448752e-76,6.503630876383434e-26,2.259981569376544e-13,8.479129145059118e-33,5.0282106637251174e-26,1.0056616635474596e-31,1.540891607923068e-33,9.209402535809864e-25,-1.0003309310464755e-46,-2.201344061574832e-64,2.224777496518803e-44,6.7283555821319395e-34,0.10000000148942607,6.900524695691913e-13,5.520361035323017e-19,2.103329585477925e-34,-1.1908548813796988e-58,-2.1762610589129162e-47,-5.039973622193657e-35,-2.9026520047221272e-46,9.689655733542165e-27,-1.3995810578800226e-65,9.69428307972355e-26,3.239403126556983e-25,-2.609800149979694e-56,6.083175856066819e-40,-4.733068390958987e-45,2.2559999844659626e-06,1.553403726225661e-14,6.179999999822859e-05,1.7714135413261127e-15,7.384892255063994e-38,6.691219729979541e-30,-5.421784626984071e-35,-8.24620582797998e-66,-6.52545850252236e-33,9.188953057508035e-21,-4.463605575571425e-38,2.2462397621031642e-26,-8.579545989076545e-87,-1.0734717354828933e-41,-1.935544025016447e-32,-1.1213030508292072e-40,3.020150095424163e-28,6.451962269319347e-29,1.4336505731650307e-58,5.325416148500173e-36,1.5798142851059364e-28,0.0003339999999753968,2.4597073463204038e-14,1.0928370500658515e-22,2.7819094074125758e-28,-2.6129337828855455e-58,5.878194702562378e-39,7.631226762035466e-44,-6.442289390968808e-54,9.95150297336636e-45,-8.32021444547852e-59,6.166151195562165e-18,1.319614792938323e-19,1.6345514167974298e-16,3.5099999998363027e-06,-2.8218575168101476e-46,1.898980212873908e-39,3.518254119633571e-16,1.7799999996478542e-06,5.5503637670813136e-39,1.612309711445206e-33,-8.10785050311151e-66,1.4014217832500766e-50,0.0,0.0,1.4220467688729994e-26,2.8485526926734214e-19,9.103146991621294e-39,3.5599954065132695e-20,-4.008727474029077e-53,3.4182766097994964e-32,-4.0087275272183846e-53,-9.379577864279394e-68,8.321414281948092e-47,3.2691946559609123e-32,1.6145239232265192e-23,1.1710059973004518e-28,3.893020004982494e-44,1.863484377502825e-37,5.689711482254037e-41,5.119814629904948e-35,5.278741481766787e-28,-1.1417474392624022e-49,-4.906757251245609e-58
0.0012228008050171417,1.0002025989639962e-10,0.00017699999997928607,8.279092459121995e-34,1.768621606104282e-27,1.858673854503253e-39,9.39453494540415e-31,-2.613614988299622e-46,3.3180866812244594e-36,-4.678372444381842e-81,-7.06365505496257e-66,-1.678003934020076e-74,2.336520908571622e-50,7.800724847344957e-41,-2.896957922229584e-58,-2.380358562964522e-46,1.332114910843884e-45,1.9503114928324347e-95,-2.0427745999055631e-78,-2.4277307837181824e-70,-3.249400831999134e-83,-3.6972155237777367e-94,-6.066411626650754e-80,2.6697027447109956e-22,5.950049149712423e-17,9.642118867319657e-24,3.9453184021196474e-16,-1.2420876110037656e-64,-5.948152150648104e-63,1.1681483435427347e-30,3.042812608988281e-21,1.3000180857259024e-85,-4.0063229389266438e-84,-5.161717047438472e-61,-3.1550927697068426e-55,-5.94815179941958e-63,-3.7181425856086614e-56,-1.1486472860274742e-40,-3.066257902577434e-39,5.344057311238182e-33,1.3545285364558934e-18,3.389967318543609e-08,2.436590681184328e-27,3.5737872702237283e-22,4.109250274606811e-26,5.604883094177679e-21,6.465593593948568e-43,5.326311218565577e-38,8.068361587913642e-30,0.00018232391034302044,0.4999999999967258,4.700014866258185e-12,0.24999999999451766,4.60549590650116e-12,2.047923859070319e-18,-4.2747675786839213e-41,-5.351333709284558e-40,5.225504680072746e-31,-6.008217154949656e-44,-2.898267412764257e-50,-9.410396747495878e-42,-1.2161892998258895e-48,-1.1983236688950012e-52,6.512998798698991e-29,1.1333703716143638e-24,1.969282592681095e-28,3.5094927997751133e-19,0.0,-1.682462573987123e-50,-8.831024848938719e-63,4.6175801218986516e-17,-2.1024721164102265e-30,9.303619214694978e-30,-4.2858900732149487e-76,1.966596738733562e-25,3.2681116145788335e-13,2.544448994230573e-32,1.05147593084207e-25,3.041092935963527e-31,3.272367111139475e-33,1.9258305433228836e-24,-1.4391441704062672e-46,-5.453196281643069e-64,6.730789451842004e-44,1.407789345894282e-33,0.10000000148911825,9.97873951416115e-13,1.1543877671633374e-18,4.398724800305476e-34,-1.716506317106143e-58,-4.989802633970959e-47,-7.250656629316782e-35,-6.6267583484196274e-46,2.0262637745021795e-26,-3.2091974794615764e-65,2.0272277479886679e-25,6.773978008759083e-25,-5.9581959611651115e-56,1.8395444222454713e-39,-1.080558959349298e-44,2.2559999775364746e-06,2.246352538807271e-14,6.179999999743838e-05,2.5616103663044562e-15,2.1252370652421413e-37,2.0113738709847703e-29,-7.709072507461999e-35,-1.8764433521561642e-65,-9.36412686023211e-33,1.9215501530924178e-20,-1.0190452801526513e-37,6.792557880409836e-26,-2.3391377510903404e-86,-2.450746269028303e-41,-2.7845618752846676e-32,-2.5599451305929536e-40,6.315615306398074e-28,1.9510408959173057e-28,4.943900645712824e-58,1.610399507941656e-35,3.3036421305166715e-28,0.0003339999999644217,3.556931157878052e-14,1.5803408721735791e-22,8.41220704604042e-28,-5.965299211443472e-58,1.7775585412815165e-38,2.392657703915014e-43,-9.391415652922386e-54,3.013005634452336e-44,-2.039521210536398e-58,8.916773600862648e-18,2.759514732145058e-19,2.363698932771918e-16,3.5099999997632796e-06,-3.705424746398076e-46,5.7424922924856636e-39,5.087691503787597e-16,1.7799999994907675e-06,1.1607955970183266e-38,4.601045500339332e-33,-2.008409523870608e-65,4.2418897145716832e-50,0.0,0.0,2.9737253467280555e-26,4.11922267857361e-19,2.75276054457806e-38,5.148049931870173e-20,-5.76711442377475e-53,7.148131557427184e-32,-5.767114545206423e-53,-2.323525409463311e-67,2.5163659052125846e-46,6.839711591089753e-32,2.334775064859466e-23,2.4487626778176e-28,1.1785182640943589e-43,5.635111174257749e-37,1.7205614674728827e-40,1.5442342228762908e-34,1.1038686379208074e-27,-1.6341581096078616e-49,-1.1198012318693092e-57
0.0017682728850275922,1.0002929751590765e-10,0.0001769999999700459,1.1978322127362818e-33,2.5581605219198242e-27,3.8892087285961005e-39,1.964663317955691e-30,5.339295203343633e-46,1.0045590669578222e-35,-3.0835887898572975e-81,-1.2826282262470841e-65,-2.9712775989278073e-74,7.375105530192625e-50,2.359314184846629e-40,-3.601792675520684e-58,4.748368770761076e-46,4.029667833416296e-45,4.6243866719423914e-95,-3.908206783543838e-78,-3.027318465225709e-70,-5.403865570849449e-83,-4.816043832397146e-94,-1.0738269172406852e-79,5.458409044630293e-22,8.604215556978832e-17,1.3944885049311982e-23,5.705238670482176e-16,-2.2554004094724296e-64,-8.924703589841814e-63,3.532445345302262e-30,6.362985129292251e-21,4.8661911765920625e-85,-4.280223265348939e-84,-7.572997127010903e-61,-5.07938103464221e-55,-8.924702383642608e-63,-4.64010309986702e-56,2.3317393175100736e-40,6.224577107182092e-39,1.6160242648468634e-32,2.1211301789273184e-18,3.38995273996494e-08,4.946176424259546e-27,5.1680571506305065e-22,8.557105722987039e-26,8.105180712839658e-21,2.0606345617727647e-42,1.1204309296788781e-37,1.1681707738505135e-29,0.00018232391495687773,0.49999999999526523,6.7966355528703634e-12,0.2499999999920721,6.659885621706414e-12,4.282518063591937e-18,8.677611762066283e-41,1.0862942278581693e-39,1.580174879014266e-30,1.2196958312093795e-43,-3.616934893180684e-50,1.9102988229252044e-41,2.4094983855232384e-48,-1.4954718002330957e-52,1.361973671289296e-28,3.427248515683307e-24,4.118080063901721e-28,5.075014983209752e-19,0.0,3.415168988297123e-50,-1.1020821208337833e-62,9.656048484885388e-17,4.2685108307291784e-30,1.945532366831555e-29,-7.424777183098236e-76,5.946743463312036e-25,4.725939469531659e-13,7.653314928120434e-32,2.198794487151889e-25,9.196148651541523e-31,6.995171292056653e-33,4.027211594828805e-24,2.921415919678194e-46,-9.061923057546401e-64,2.0369948164059557e-43,2.9463474199319713e-33,0.10000000148867311,1.4430097228756224e-12,2.4139854752481804e-18,9.200973532566523e-34,3.455667603540185e-58,-6.360755991721029e-47,1.472030357831635e-34,-8.269850936883203e-46,4.237247496417818e-26,-4.091881300120105e-65,4.239252196186644e-25,1.4165268589733816e-24,-7.435618747760294e-56,5.562752937607634e-39,-1.3484753591820694e-44,2.2559999675158516e-06,3.2484148498375254e-14,6.179999999629566e-05,3.704298526360709e-15,6.2300549093073845e-37,6.057132075458298e-29,1.6526968562020521e-34,-2.306360126951863e-65,1.9244177084117074e-32,4.0182482839899606e-20,-1.2717342777077218e-37,2.0540394867062934e-25,-4.91617561971577e-86,-3.0584513979662834e-41,5.652955818167313e-32,-3.1947249416048016e-40,1.3206958389915797e-27,5.899834033114948e-28,1.49151093139255e-57,4.86982526848788e-35,6.908438144865216e-28,0.00033399999994855075,5.143595289641127e-14,2.285319540857013e-22,2.543772604978917e-27,-7.444196008356258e-58,5.375309319952658e-38,7.625577340197677e-43,1.7973207706312574e-53,9.128318179546982e-44,-3.2853696288609935e-58,1.2894405090014905e-17,5.770554462608502e-19,3.418107619334132e-16,3.509999999657682e-06,1.0937464188985253e-45,1.736520936414195e-38,7.357229972479637e-16,1.779999999263607e-06,2.4277899020773835e-38,1.333939560686163e-32,-3.3371204292882246e-65,1.28488406450566e-49,0.0,0.0,6.218530292574018e-26,5.956691943373522e-19,8.324215843989805e-38,7.444507095478602e-20,1.1708063551150253e-52,1.4947792598314212e-31,1.170806339960765e-52,-3.8611738966014864e-67,7.609363651792753e-46,1.4312919819213813e-31,3.376359843227913e-23,5.120760565039162e-28,3.569664019698548e-43,1.704029714025811e-36,5.20295110479478e-40,4.661395182325486e-34,2.3083642123816218e-27,3.3986551137583606e-49,-1.3951509132389604e-57
0.0025570714241392473,1.000423666749142e-10,0.00017699999995668387,1.7338958799113615e-33,3.700883688802909e-27,8.142729966058867e-39,4.1087803240914626e-30,5.650482182052287e-45,3.041351579204155e-35,2.5113265731750382e-80,-1.0538256237264603e-65,-2.0546802268642488e-74,2.3287413835595556e-49,7.1357202565788784e-40,5.52964037940519e-58,5.076890530990322e-45,1.2189842159731085e-44,9.332417817960077e-95,-4.22730129376226e-78,4.581017194878286e-70,-1.9027255391689557e-83,5.736916701617529e-94,-7.406501135815728e-80,1.1234581358173735e-21,1.2442302127070253e-16,2.0169651327333005e-23,8.250205528337187e-16,-1.8530721530619064e-64,2.2539614946544988e-63,1.06820079846301e-29,1.3305952417708087e-20,1.679913617636143e-84,1.1782021329692738e-83,2.9726628376712423e-61,-8.53133073801206e-56,2.2539653898108214e-63,6.9931585355641315e-56,2.474095362119821e-39,6.604544498898896e-38,4.886800590186922e-32,3.406870071632543e-18,3.389931658224016e-08,1.0127772183397606e-26,7.473571005903449e-22,1.7842469174562101e-25,1.1720873893755664e-20,6.552754124548153e-42,2.3630410018835584e-37,1.6934299436451175e-29,0.00018232392162890337,0.4999999999931531,9.828545681642948e-12,0.24999999998853556,9.630652494445996e-12,8.955375957253904e-18,9.207444164547415e-40,1.1526231469762931e-38,4.7783948787610405e-30,1.2941436766274456e-42,5.451088645631221e-50,2.0269252038462266e-40,2.5839821598612616e-47,2.253780373403819e-52,2.848111638908071e-28,1.0363806246825488e-23,8.611550483067218e-28,7.338884197186555e-19,0.0,3.623766184239209e-49,1.6609382441480575e-62,2.0192192545954025e-16,4.5288699986643223e-29,4.0684100811972923e-29,-4.269637244337578e-76,1.798237536677284e-24,6.83405397596754e-13,2.3057621577340467e-31,4.598001648108764e-25,2.780879939496266e-30,1.5089070837598944e-32,8.421520028560875e-24,3.099785654891526e-45,-3.152104048433984e-64,6.164926758846656e-43,6.168766304163143e-33,0.1000000014880294,2.0867135145289477e-12,5.047957769702055e-18,1.925110142180955e-33,3.6799475463721876e-57,8.569343248375245e-47,1.5618278139615437e-33,1.24643127046705e-45,8.860780929300611e-26,5.505775104429683e-65,8.864939443414896e-25,2.96215138397118e-24,1.1206221138276233e-55,1.6821675628762766e-38,2.0324672690543096e-44,2.255999953025187e-06,4.6974813012683576e-14,6.17999999946432e-05,5.356715597523691e-15,1.84796096524378e-36,1.8263824719509626e-28,1.7137555078313705e-33,3.742231419177384e-65,2.031277225781874e-31,8.402739023841194e-20,1.9166185153541246e-37,6.211324059679215e-25,-7.455801058983268e-86,4.609344565695474e-41,5.997924313419199e-31,4.814743697524458e-40,2.7617855282705807e-27,1.784077451097022e-27,4.259122120633588e-57,1.4726282282112474e-34,1.4446632748043239e-27,0.00033399999992560014,7.438016206275634e-14,3.3047928998504697e-22,7.692168090351442e-27,1.1221307339761039e-57,1.6254851256886856e-37,2.4249078827967906e-42,1.9573927664703128e-52,2.765592243441281e-43,-5.63051710840058e-59,1.864639496349727e-17,1.2067056289386576e-18,4.942871343308266e-16,3.5099999995049794e-06,1.005481697670165e-44,5.251212800511689e-38,1.0639173442327042e-15,1.7799999989351137e-06,5.078048778922118e-38,3.913768781826386e-32,-1.1586453956118379e-65,3.892257633941e-49,0.0,0.0,1.3003927675823528e-25,8.613771773746452e-19,2.51720268281935e-37,1.0765370450397949e-19,1.2422444830145569e-51,3.125794500255018e-31,1.2422444852984442e-51,-1.3432065369675144e-67,2.3010329595077085e-45,2.996081441373448e-31,4.8826648482085e-23,1.0708349139100333e-27,1.0812413533461198e-42,5.1529009204959054e-36,1.5733642856763618e-39,1.407853718445566e-33,4.827154275021869e-27,3.569229904568066e-48,2.1200539928810642e-57
0.0036977405034673127,1.0006126577992778e-10,0.00017699999993736121,2.512376068301735e-33,5.3561130058133536e-27,1.705668609574415e-38,8.593190705665677e-30,2.522060079149727e-44,9.204194054402493e-35,-8.836692993240379e-77,-9.926055488261526e-63,-2.4664719010581073e-71,6.7659658442064654e-49,2.1579479545035364e-39,-2.8156680070149326e-57,2.2671806718217947e-44,3.686980556808947e-44,1.0671040177549602e-90,-2.174621379727524e-74,-4.66707843894918e-69,-8.109331870353231e-81,-7.011367833535188e-91,-8.944966778258042e-77,2.323332354266476e-21,1.799236985045596e-16,2.9178437615899757e-23,1.193038748338091e-15,-1.7454538664033175e-61,-1.2130721613030647e-60,3.230214922151663e-29,2.7824674574136236e-20,-3.735021887196425e-81,-6.4764606109633255e-80,-8.820241949102535e-58,-6.130823370382004e-53,-1.2130721177280466e-60,-3.6714860238801496e-55,1.107193136377788e-38,2.955634610735214e-37,1.477755773381192e-31,5.636647871307786e-18,3.3899011724841025e-08,2.0867720900548278e-26,1.0807674892003356e-21,3.723727362803561e-25,1.694958008592906e-20,2.0456584900398845e-41,5.002063094275147e-37,2.4611387445320122e-29,0.00018232393127721322,0.4999999999900989,1.4212985048181004e-11,0.2499999999834214,1.3926519416164209e-11,1.872696143959851e-17,4.120455694696534e-39,5.158141405397685e-38,1.4449744875071453e-29,5.791498185631438e-42,-2.855558169379194e-49,9.070778098057397e-40,1.1530613091255458e-46,-1.1813909904597953e-51,5.955876991252638e-28,3.133973239031921e-23,1.800809032838278e-27,1.061261366993941e-18,0.0,1.6216756848597254e-48,-8.69913670667282e-62,4.2224657568915844e-16,2.0267631751895223e-28,8.50766910092796e-29,-5.18454190760902e-73,5.437746532471273e-24,9.88250795366721e-13,6.954635755452367e-31,9.61506931174798e-25,8.40930223661785e-30,3.2947673219491023e-32,1.7610676115294505e-23,1.3871969292927659e-44,-1.0419193851267898e-61,1.8634466435278416e-42,1.2922482331214747e-32,0.10000000148709855,3.017563376320537e-12,1.0555870652054074e-17,4.028803611341077e-33,1.6349400823039664e-56,-1.1072956449964122e-44,6.989490438972312e-33,-6.52579938763905e-45,1.852936874150557e-25,-7.128339099189482e-63,1.853796315215037e-24,6.194274443885985e-24,-5.871161239429231e-55,5.086852465157966e-38,-1.0638298199897076e-43,2.255999932070466e-06,6.792953371857347e-14,6.179999999225359e-05,7.746236826931698e-15,5.497644140568099e-36,5.511907236416753e-28,7.646436355352817e-33,-3.1047969938012014e-64,9.0841470397023e-31,1.7571289267046262e-19,-1.0038767114001872e-36,1.87828433048328e-24,-1.2310111026239686e-80,-2.416394310485079e-40,2.6841755319409588e-30,-2.521592586342411e-39,5.775333771917304e-27,5.3949798520886476e-27,2.1567657247504785e-55,4.453210075390701e-34,3.0210173573815256e-27,0.0003339999998924119,1.0755881400446253e-13,4.7790682740576145e-22,2.3260685608240432e-26,-5.881331419799644e-57,4.9154459560036215e-37,7.570144142490456e-42,8.639544436793712e-52,8.372357704734295e-43,-3.9733104146660285e-56,2.696425635074684e-17,2.523385708920731e-18,7.147808057239289e-16,3.509999999284158e-06,4.409926667669638e-44,1.5879600809243002e-37,1.5385139560962856e-15,1.7799999984600847e-06,1.0622496337941607e-37,1.1584153399759633e-31,-3.8836647122005705e-63,1.1754823158932716e-48,0.0,0.0,2.719325402242957e-25,1.2456017038348324e-18,7.611933164352657e-37,1.5567603750638108e-19,5.559271979457622e-51,6.53645226930884e-31,5.559271967495815e-51,-4.441030474891531e-65,6.958239657815334e-45,6.274421616235794e-31,7.061087974736494e-23,2.2392933043772922e-27,3.273273421638603e-42,1.5582187344651124e-35,4.757833239695499e-39,4.253682510060624e-33,1.0094339174112362e-26,1.5951182984597656e-47,-1.0959321800007922e-56
0.005347244000266954,1.000885954787446e-10,0.00017699999990941905,3.647804379990538e-33,7.757589335627342e-27,3.5368391298865055e-38,1.7972302181984535e-29,-1.0643430597231391e-43,2.76688541703653e-34,-8.386480990911038e-75,-9.920708162096492e-61,-2.458194416611166e-69,-2.878756547473208e-48,6.5085475891341e-39,-8.187400327886688e-55,-9.80028299337013e-44,1.11252692558505e-43,1.1251234003165277e-88,-2.1830488836932857e-72,-9.130009399345341e-67,-8.316400289993241e-79,-6.790447171257082e-89,-8.915728200501871e-75,4.820881867721394e-21,2.601796620756211e-16,4.2226521558579236e-23,1.7252126740807329e-15,-1.7445139136226375e-59,-1.2591986067929313e-58,9.768493973789406e-29,5.818524612980371e-20,-2.1519219267041564e-79,-6.219031932644094e-78,-8.661568252991517e-56,-6.343082946343696e-51,-1.2591985159394312e-58,-1.0522764957991408e-52,-4.4218034921308036e-38,-1.1802948592857981e-36,4.468918863168059e-31,9.635848019616876e-18,3.3898570880231404e-08,4.318949032620116e-26,1.562935578987783e-21,7.77640453519201e-25,2.4510958348610288e-20,4.668391000752582e-41,1.0634505215739848e-36,3.5956258077183747e-29,0.00018232394522947973,0.4999999999856824,2.0553341500046574e-11,0.24999999997602584,2.0138470315487946e-11,3.916058592286335e-17,-1.6456998861378838e-38,-2.0601964473637523e-37,4.36977723926807e-29,-2.312644084359513e-41,-8.196084874538547e-47,-3.622628525850581e-39,-5.124121918838168e-46,-3.389459273645214e-49,1.245433682966104e-27,9.477848087417445e-23,3.7657683124956196e-27,1.5346668664130898e-18,0.0,-6.478319510361813e-48,-2.497176932378522e-59,8.829717143874346e-16,-8.089753748833503e-28,1.7790816880159691e-28,-5.194043453736456e-71,1.6444252260878037e-23,1.4290709721484548e-12,2.099381625530712e-30,2.0106385241928214e-24,2.5430921083490855e-29,7.295889516201081e-32,3.682653519999614e-23,-5.540304370413622e-44,-1.0756859923412178e-59,5.438039153142843e-42,2.7073021722777137e-32,0.10000000148575244,4.363650623731131e-12,2.2073361663358405e-17,8.392449746695613e-33,-7.834571613041422e-56,-1.1569286410566212e-42,-2.7900295173091137e-32,-1.8736933720048045e-42,3.874805542927294e-25,-7.448142925596428e-61,3.8765719914928636e-24,1.2953103942479298e-23,-1.6850065157081507e-52,1.5382813505888065e-37,-3.0549950788519804e-41,2.255999901768176e-06,9.823182392535155e-14,6.179999998879798e-05,1.120165859430229e-14,1.434334658534202e-35,1.6646387826304415e-27,-3.018235923720736e-32,-6.638716460977501e-62,-3.6189715873072235e-30,3.674382991611156e-19,-2.881635077995794e-34,5.6802516367057845e-24,-1.2564879896983643e-78,-6.932212311773534e-38,-1.0716914012439904e-29,-7.2387223595464816e-37,1.2077143457131425e-26,1.6315370755531182e-26,2.6351354172453803e-53,1.3466618847042846e-33,6.317417234633732e-27,0.00033399999984441925,1.5553667074349844e-13,6.911059566111232e-22,7.034390520086311e-26,-1.6873952183238138e-54,1.4864465217723404e-36,1.727568367880423e-41,-5.000351638973975e-51,2.4965389549240407e-42,-4.1098892348092496e-54,3.899258379753601e-17,5.2767167019987835e-18,1.033633219896412e-15,3.509999998964832e-06,-1.630744196694928e-43,4.80203893226735e-37,2.2248205245710352e-15,1.779999997773153e-06,2.2223854932626015e-37,3.4504541303273743e-31,-4.0080628585946835e-61,3.250381726243174e-48,0.0,0.0,5.686533302277038e-25,1.8011984914000303e-18,2.3019921045913064e-36,2.251200672110977e-19,-2.219426928916318e-50,1.3668514666956012e-30,-2.2194272722925095e-50,-4.584898930203407e-63,2.10431108286972e-44,1.3148446861398408e-30,1.0211646113901478e-22,4.682739816621668e-27,9.820258562608096e-42,4.7123589481802406e-35,1.4387838613493387e-38,1.2855611345723328e-32,2.1108842326215492e-26,-6.342022800185842e-47,-3.1651378112124065e-54
0.007732564892420054,1.0012811652825829e-10,0.00017699999986901232,5.3185572137310394e-33,1.125318626878782e-26,7.35915411182636e-38,3.759168408622707e-29,-4.2605817384820576e-43,8.35744391687397e-34,-3.4708980043058244e-74,-4.5311687152118805e-60,-1.1157040056586814e-68,-1.4847269377977665e-47,1.966330026174893e-38,-3.4860751859278114e-54,-3.926502169865428e-43,3.362500615859659e-43,5.672882249825565e-88,-1.0121599766550913e-71,-3.952207413861863e-66,-3.7455275481666474e-78,-2.88529369201361e-88,-4.0472921934572256e-74,1.0026949430668114e-20,3.762309214742254e-16,6.115476937570233e-23,2.4947572070352852e-15,-7.967869878602058e-59,-5.5157159052040656e-58,2.9540042816309257e-28,1.2167285893469414e-19,3.462880999752562e-79,-2.6400375853771708e-77,-3.79452430906871e-55,-2.81415319065506e-50,-5.515714989558034e-58,-4.480643169267963e-52,-1.7625757557071451e-37,-4.704748692664188e-36,1.3514084839996729e-30,1.7039163962440708e-17,3.389793339196035e-08,8.967270962219576e-26,2.2602510327271877e-21,1.6247187977014425e-24,3.544582660082177e-20,1.3204916870039103e-40,2.2776480254060833e-36,5.309097954098068e-29,0.000182323965405628,0.4999999999792958,2.97222148030681e-11,0.24999999996533112,2.912098434423006e-11,8.188958907380865e-17,-6.559957000886972e-38,-8.212202615312014e-37,1.3214275144483017e-28,-9.218351051497563e-41,-3.4897220168313804e-46,-1.4440173109762104e-38,-2.0564380099636032e-45,-1.4431671188642867e-48,2.6043473426263998e-27,2.866134500452794e-22,7.874790246651925e-27,2.219244086677301e-18,0.0,-2.5823727987369233e-47,-1.0632464592218198e-58,1.8463947347572067e-15,-3.224536256033576e-27,3.720320598124462e-28,-2.372487327270081e-70,4.972734539876201e-23,2.0665091108501036e-12,6.340698552121855e-30,4.2044878180198704e-24,7.690360207804813e-29,1.6506508225340367e-31,7.700956312585173e-23,-2.2084282136403805e-43,-4.802043963962048e-59,1.6202599871210416e-41,5.679114155860642e-32,0.10000000148380586,6.3102060797544255e-12,4.615696283547096e-17,1.7510715947271064e-32,-3.1785522027737434e-55,-4.952574454570037e-42,-1.112097449151905e-31,-7.977686413192674e-42,8.102893966614021e-25,-3.189324529690293e-60,8.106494848477986e-24,2.708675362824547e-23,-7.174404755872122e-52,4.651762799462039e-37,-1.3007292803285364e-40,2.2559998579485133e-06,1.4205148677462491e-13,6.17999999838008e-05,1.619843273690251e-14,4.0737811283760095e-35,5.0291247687550036e-27,-1.2044419438077143e-31,-2.8633231594457566e-61,-1.4429050894293726e-29,7.683558180495612e-19,-1.2269409971248697e-33,1.7177221312281143e-23,-6.0027554540021475e-78,-2.951598614076911e-37,-4.271793186655241e-29,-3.082098344064783e-36,2.525523180787724e-26,4.9338069473877447e-26,1.713930935745158e-52,4.072303416200187e-33,1.3210691265303482e-26,0.0003339999997750187,2.249140413158183e-13,9.99423437457567e-22,2.1272091924917354e-25,-7.184637640034231e-54,4.495013779568339e-36,4.886540690547872e-41,-2.036815278034004e-50,7.520667455558993e-42,-1.8234121722808346e-53,5.638655723113168e-17,1.1034198532039372e-17,1.4947206622036388e-15,3.50999999850306e-06,-6.554891287157598e-43,1.4521362465055324e-36,3.217277424190638e-15,1.7799999967797924e-06,4.6505472490364824e-37,1.0324304218980414e-30,-1.789878576758438e-60,9.451967495327855e-48,0.0,0.0,1.1891418561430139e-24,2.6045875705332864e-18,6.96128861107044e-36,3.2554133973172393e-19,-8.846651297674636e-50,2.858229008617995e-30,-8.846652759699664e-50,-2.0467984121028315e-62,6.363500162530672e-44,2.757905625076391e-30,1.4768402386182002e-22,9.792417545234261e-27,2.9653616055213083e-41,1.4250311877019481e-34,4.3508818638024705e-38,3.88593876317562e-32,4.4141863359553977e-26,-2.529373846722586e-46,-1.3476449852334292e-53
0.011181939670698044,1.0018526730216729e-10,0.0001769999998105808,7.820944815786448e-33,1.6375245254530563e-26,1.5608269601710536e-37,7.864249821348995e-29,2.0172431611655882e-43,2.5405830490735876e-33,-6.7233505828329355e-74,-1.1395983653223454e-59,-2.766629672729883e-68,-2.4180029131781184e-47,5.954977830340621e-38,-7.131472151916275e-54,1.6357193784321388e-43,1.0185548271122697e-42,1.7250974742246384e-87,-2.6301809715926826e-71,-8.539641547230038e-66,-9.113006384048038e-78,-6.04851982760896e-88,-1.0040065659077478e-73,2.0889620037606648e-20,5.440390610242994e-16,8.870116802138655e-23,3.607533697504194e-15,-2.003938293385737e-58,-1.2526991421714639e-57,8.932597746818078e-28,2.544320033317768e-19,8.290929627141283e-78,-5.521690917978169e-77,-8.640212658709483e-55,-6.601205426674571e-50,-1.2526986319715782e-57,-9.169178784420525e-52,1.1106137410822337e-37,2.9656096779804476e-36,4.086486340099326e-30,3.113295129199845e-17,3.3897011551467175e-08,1.86604014778223e-25,3.2687529316630327e-21,3.395651194123815e-24,5.125956765721204e-20,5.203739084048244e-40,4.9326509167052846e-36,8.006101491612825e-29,0.0001823239945820294,0.4999999999700605,4.298156252837442e-11,0.24999999994986544,4.2109431448779453e-11,1.7123983423755268e-16,4.132230599504278e-38,5.172476369405512e-37,3.9958334458723503e-28,5.81204187599982e-41,-7.139919477416551e-46,9.098564666324497e-39,7.12379977062709e-46,-2.95275429193285e-48,5.4462867926142066e-27,8.666558875185845e-22,1.6467346142696753e-26,3.2091857757450067e-18,0.0,1.6251247321274712e-47,-2.175385595893304e-58,3.860985155618432e-15,2.0369113292950457e-27,7.779714418254748e-28,-5.967322990944107e-70,1.5036853050842106e-22,2.988246159895943e-12,1.9157337652092677e-29,8.792018845174221e-24,2.325455249364674e-28,3.843037461489396e-31,1.610374806102939e-22,1.3912701989820753e-43,-1.1436906218377589e-58,4.984705811359691e-41,1.1945257006330076e-31,0.10000000148099093,9.125089104131209e-12,9.651565622635844e-17,3.6858422549700466e-32,3.526534525542345e-56,-1.0570145979546445e-41,7.022783957956379e-32,-1.6321475465905979e-41,1.6944617790606808e-24,-6.812449726366596e-60,1.6951866652537534e-23,5.664208209709426e-23,-1.467873595856297e-51,1.4066722221779946e-36,-2.6611058922523267e-40,2.255999794581591e-06,2.0541840898435448e-13,6.179999997657432e-05,2.3424070422036427e-14,1.331770861680638e-34,1.5196810820015232e-26,7.770815980679862e-32,-6.113405325369553e-61,9.136845793096986e-30,1.6067053970860003e-18,-2.510304496623383e-33,5.194102160578716e-23,-1.6572847387020783e-77,-6.0390166070945005e-37,2.6949437660186744e-29,-6.305919267392673e-36,5.281271440074335e-26,1.491894605337437e-25,7.163898807495787e-52,1.2314495084079913e-32,2.762555474442271e-26,0.0003339999996746615,3.2523402040182396e-13,1.4453048954920006e-21,6.432304461693691e-25,-1.4700127369235706e-53,1.3592727895348782e-35,1.925673883489022e-40,-4.781789145543016e-51,2.2978997558367384e-41,-4.277424697630325e-53,8.153970588018078e-17,2.3073490224422168e-17,2.1614919423276134e-15,3.5099999978352987e-06,4.746723159805158e-43,4.3911998476840364e-36,4.652453292261245e-15,1.7799999953433094e-06,9.734686032326656e-37,3.0991656947926547e-30,-4.266498888125995e-60,2.987616722603745e-47,0.0,0.0,2.4866763874212125e-24,3.7662499122326826e-18,2.1049647953873567e-35,4.707576149722929e-19,5.583144566321319e-50,5.976784818668465e-30,5.583141575041092e-50,-4.874937566205326e-62,1.924197822570875e-43,5.792489240931827e-30,2.1359494886916902e-22,2.047769381414944e-26,9.031958646315718e-41,4.30902077751977e-34,1.3156879757795328e-37,1.174759569256034e-31,9.230739781964998e-26,1.6053967389331854e-46,-2.756991443006551e-53
0.016170025927839105,1.0026791215221106e-10,0.0001769999997260839,1.1698944102979416e-32,2.3981003154929154e-26,3.4033439899151593e-37,1.6456464727663302e-28,7.502259391771977e-42,7.744362053972624e-33,4.643277406224248e-75,-1.6860394608165377e-59,-3.8887614424816055e-68,4.628856034671438e-47,1.8054759371637814e-37,-1.9136139324692626e-54,6.752300104941539e-42,3.0884172883515746e-42,4.101077947373973e-87,-4.330647892993322e-71,-5.245458913052113e-66,-1.1880846167114304e-77,-2.677583855388897e-88,-1.413295102214465e-73,4.3570762987758705e-20,7.866791872513872e-16,1.2905145822836496e-22,5.2165982894244864e-15,-2.9648457966463113e-58,-1.1531544531568992e-57,2.7010777608109295e-27,5.320417279763367e-19,5.078008067593831e-77,-2.366691549653115e-77,-8.094927155922452e-55,-7.284577929583708e-50,-1.153152245173364e-57,-2.481552857469721e-52,3.3022885418009745e-36,8.81541987816127e-35,1.2356754229528086e-29,5.859855877430206e-17,3.3895678536862e-08,3.889380764512692e-25,4.727393033036068e-21,7.098724661262053e-24,7.412966138337177e-20,2.1368390235890438e-39,1.0843848838628828e-35,1.2566280403414024e-28,0.0001823240367735465,0.499999999956706,6.215650079394869e-11,0.24999999992750024,6.088967757283817e-11,3.5807663484574136e-16,1.2289559197490641e-36,1.5384526618238221e-35,1.208266354415959e-27,1.727362793977594e-39,-1.923014306896595e-46,2.7054284396233487e-37,3.432400534408506e-44,-7.956433515283234e-49,1.1390361041089523e-26,2.620479772103292e-21,3.443555672240524e-26,4.6406942680417285e-18,0.0,4.8367487163643e-46,-5.858940178363363e-59,8.073570868848978e-15,6.045035343038469e-26,1.6268414296658163e-27,-8.830794260072538e-70,4.546847413864266e-22,4.321046462361632e-12,5.789513126046227e-29,1.8384801044998587e-23,7.031680598890551e-28,9.249129428595209e-31,3.367496234366719e-22,4.1374181333283425e-42,-1.3583336539524165e-58,1.5558813224262921e-40,2.522388824255384e-31,0.10000000147692026,1.319564687450008e-11,2.0181175101469803e-16,7.859879190029758e-32,4.772442221798786e-54,-5.828169052303491e-42,2.08468681676611e-30,-4.3910266784019065e-42,3.5434425070451425e-24,-3.790297082649048e-60,3.54487338405171e-23,1.1844587271260426e-22,-3.953543317363406e-52,4.253686267996106e-36,-7.156391100837278e-41,2.2559997029476847e-06,2.9705231513176353e-13,6.179999996612394e-05,3.3872703315820714e-14,4.584351466820515e-34,4.592862468577862e-26,2.2703516550079002e-30,-3.302590606221166e-61,2.706781088269635e-28,3.359728635404406e-18,-6.761138276714579e-34,1.5705651551696875e-22,-3.2181545980323493e-77,-1.627109406416055e-37,8.005796916414077e-28,-1.698327475799287e-36,1.1043980071021597e-25,4.511089317504713e-25,2.541182651425675e-51,3.723838828782343e-32,5.776911623982147e-26,0.0003339999995295403,4.702935736126318e-13,2.0901464649255705e-21,1.9449623190232385e-24,-3.962272213807035e-54,4.110356968689083e-35,7.907529616518021e-40,2.5471300509520324e-49,7.064428960698071e-41,-4.721465808201633e-53,1.179132739261575e-16,4.8247994087046275e-17,3.12569939631596e-15,3.5099999968696596e-06,1.2751642942356916e-41,1.327872839018581e-35,6.727837678279192e-15,1.7799999932660352e-06,2.0386005523727823e-36,9.324137379233665e-30,-5.086968281746983e-60,9.776872567303043e-47,0.0,0.0,5.200010119065969e-24,5.445890032658693e-18,6.364828173749178e-35,6.80749775498501e-19,1.658105643036974e-48,1.2497721419419599e-29,1.658105634980599e-48,-5.790559018198953e-62,5.818207735045657e-43,1.218943391327861e-29,3.089419726053594e-22,4.282268953061633e-26,2.7610706937867106e-40,1.302923583806014e-33,3.978559447487207e-37,3.551712627324609e-31,1.9302865113736379e-25,4.747933314919844e-45,-7.406653318602539e-54
0.023383218494029506,1.0038742360471167e-10,0.00017699999960389432,1.8087427772729454e-32,3.5572095520479207e-26,7.669587248334408e-37,3.4448877831400826e-28,4.3866436912608977e-41,2.36084948082332e-32,6.817926267675842e-73,9.112241204401429e-60,3.4456562460795082e-68,5.2725415748469185e-46,5.474708313740742e-37,5.7947457172587535e-53,3.965639269540388e-41,9.365144573123664e-42,7.963332100779972e-87,-5.470413467488238e-72,5.151864012373367e-65,1.695754957426392e-77,4.2666142433476975e-87,1.2379480650309736e-73,9.095188510283613e-20,1.137505863872492e-15,1.8893632373017414e-22,7.543223921336064e-15,1.6022751468866668e-58,5.22748057555532e-57,8.167630404917631e-27,1.1125352278420371e-18,2.2569073227647062e-76,3.941709810487104e-76,3.518997969572177e-54,2.0258588667298986e-49,5.227488933408962e-57,7.43762135003716e-51,1.909105813958724e-35,5.096253220797056e-34,3.7364430678561873e-29,1.1313165780618418e-16,3.389375097825869e-08,8.11612095592951e-25,6.837256016023582e-21,1.4843359468651474e-23,1.0720611738798092e-19,8.195428743131127e-39,2.430367261760183e-35,2.1151108139115394e-28,0.00018232409778600007,0.4999999999373956,8.988675951077885e-11,0.24999999989515717,8.804301637005902e-11,7.48755541066888e-16,7.104883428124875e-36,8.894196325619523e-35,3.653571444237155e-27,9.985902960971118e-39,5.797226229360813e-45,1.5640537358397085e-36,2.0274860571319827e-43,2.397251391363142e-47,2.3824375496009438e-26,7.923448294260134e-21,7.200936401134364e-26,6.710712232210342e-18,0.0,2.796353439256462e-45,1.7663002586952804e-57,1.6882021276850225e-14,3.4943539982797303e-25,3.401921641253404e-27,4.758989039909355e-70,1.3748770165093938e-21,6.248159852743652e-12,1.7499593573471814e-28,3.844339694498982e-23,2.126228030263988e-27,2.3061614201821046e-30,7.041807540541395e-22,2.391928219783746e-41,2.9291861492704805e-58,4.861953028627848e-40,5.354876795949368e-31,0.10000000147103366,1.908201600830052e-11,4.219665033584772e-16,1.703875135642329e-31,2.881895345679084e-53,6.765206088117418e-41,1.205077115228807e-29,1.325510270346319e-40,7.410062749140835e-24,4.33962787686423e-59,7.412798057611367e-23,2.4768416566224307e-22,1.191828637431232e-50,1.2862869877302652e-35,2.1613289208783984e-39,2.255999570437337e-06,4.2956266267462807e-13,6.17999999510112e-05,4.898178865230147e-14,1.5655736203597948e-33,1.3882729875858398e-25,1.311263386972648e-29,3.9619923525633485e-60,1.5645209640567085e-27,7.025279178685073e-18,2.0382269884625313e-32,4.7489860873645715e-22,-3.2968386767222398e-77,4.902985257589333e-36,4.628038700113997e-27,5.12010263480482e-35,2.3094721601365535e-25,1.3640308881539625e-24,8.362739684721951e-51,1.126069110964834e-31,1.208034554396156e-25,0.0003339999993196909,6.800376831646742e-13,3.022765973224115e-21,5.881058474367134e-24,1.1933858680784787e-52,1.2429462267396409e-34,3.032786876249477e-39,1.6029341747600094e-48,2.1723340281294955e-40,1.311962918072814e-52,1.7051251065142817e-16,1.0088713429427569e-16,4.520024660010469e-15,3.5099999954732644e-06,7.329436195296253e-41,4.0154078265253344e-35,9.729016685826803e-15,1.7799999902621237e-06,4.271884029463462e-36,2.809663103170931e-29,1.080801759287667e-59,3.1970633932777644e-46,0.0,0.0,1.0873969603643777e-23,7.874328110347954e-18,1.9245444440991072e-34,9.844102673568013e-19,9.585123174634491e-48,2.613264616714015e-29,9.585123417510955e-48,1.2481236077970554e-61,1.75925221435824e-42,2.572113378510571e-29,4.468934644801681e-22,8.955078557168398e-26,8.440964111194335e-40,3.939659551340265e-33,1.2030915624572014e-36,1.0738728512533666e-30,4.036511619979871e-25,2.744071119855402e-44,2.2396781240139467e-52
0.0338141020663529,1.005602473145617e-10,0.00017699999942719801,2.967877002217755e-32,5.410732654442551e-26,1.7986461733692855e-36,7.215128521560025e-28,1.9126946522527557e-40,7.191631355355976e-32,-9.451499361516392e-72,-6.714499548174768e-59,-1.5428370654171148e-67,2.5924457247287913e-45,1.6595136208567993e-36,3.40603572280976e-52,1.731331953109496e-40,2.8390675211739785e-41,2.333137131965793e-86,-1.2082072756199848e-69,2.6938497223469052e-64,1.3518644448318382e-77,-2.5542443281645954e-86,-6.028005213253621e-73,1.8996596148390698e-19,1.6447233664755994e-15,2.801240991341558e-22,1.0907266262529386e-14,-1.1808949416372242e-57,2.8883304927575346e-56,2.4697720868599946e-26,2.3263408232350633e-18,-7.93823962506132e-75,-5.675733049035324e-75,-2.5919685267309625e-54,1.2509162427143618e-48,2.8883316642494653e-56,4.371360580686042e-50,8.296975206923771e-35,2.2148214573917023e-33,1.1298337879136957e-28,2.2297291031244253e-16,3.3890963760145784e-08,1.6951245868214038e-24,9.88943808848104e-21,3.104372743013421e-23,1.5504660200485532e-19,2.957234476956281e-38,5.579819527750606e-35,3.9572692087095717e-28,0.0001823241860150776,0.49999999990947364,1.2999056855191018e-10,0.24999999984838409,1.2729966785413004e-10,1.5656468907069149e-15,3.087794766079619e-35,3.865438350102559e-34,1.1047771283994989e-26,4.339840977639433e-38,3.4085485374953763e-44,6.79738157503751e-36,8.866997688207593e-43,1.4094660026675614e-46,4.9839351438575576e-26,2.395805635676252e-20,1.5058041443194385e-25,9.70399902047928e-18,0.0,1.2153149175286835e-44,1.0385327420961082e-56,3.529966404271734e-14,1.518597896839243e-24,7.113769553475515e-27,-3.796109688262111e-69,4.157380873629713e-21,9.034451230266367e-12,5.290176337320342e-28,8.038476135900379e-23,6.429290398773464e-27,5.958848630454362e-30,1.4725046448873252e-21,1.0395348270228923e-40,1.9481939730999612e-57,1.5111006535783577e-39,1.1453628213490932e-30,0.10000000146252103,2.7594201192212538e-11,8.822358221636251e-16,3.7756598117779055e-31,1.2601319564468536e-52,3.3244605473543652e-40,5.237119698197399e-29,7.793273850683765e-40,1.5496104885451117e-23,2.1285689172880845e-58,1.5501048213203026e-22,5.179322175431152e-22,7.007438259199674e-50,3.8896541580835096e-35,1.270736356524406e-38,2.2559993788162075e-06,6.211837921692523e-13,6.179999992915559e-05,7.082971610380357e-14,5.213606917051488e-33,4.196748889358923e-25,5.696945888045697e-29,2.2355162283960197e-59,6.798963061301062e-27,1.4689621005147145e-17,1.1984148730228755e-31,1.4359814036697754e-21,-3.4757684623114196e-75,2.8826722373686203e-35,2.0113149889727717e-26,3.0104773076508577e-34,4.829474052606856e-25,4.124489211452662e-24,1.2287335291135497e-50,3.405177542917369e-31,2.5261633180499095e-25,0.0003339999990162478,9.832946919037497e-13,4.371672259830676e-21,1.7782915131145792e-23,7.016524181754637e-52,3.758597322100436e-34,1.094350896050636e-38,7.082874962795366e-48,6.6671713309345606e-40,8.100832657160908e-52,2.4657542544781167e-16,2.109495724197879e-16,6.536336620203933e-15,3.5099999934539586e-06,3.1792024306518098e-40,1.2142370016321245e-34,1.4068971006155416e-14,1.7799999859182197e-06,8.959954878491564e-36,8.475657539370763e-29,7.110723365372973e-59,1.0288833362380874e-45,0.0,0.0,2.2738960408022394e-23,1.1385086180100697e-17,5.8193233686555735e-34,1.4235166705683423e-18,4.1656114557811693e-47,5.464123451118263e-29,4.1656115985854167e-47,8.299202354584315e-61,5.3194958209397416e-42,5.448579763881262e-29,6.46532771964284e-22,1.8727015429194253e-25,2.577906291413751e-39,1.1912470898404833e-32,3.6380793524164687e-36,3.2470327035915755e-30,8.44091308621571e-25,1.1924556721209909e-43,1.3166644592749349e-51
0.048898037660883895,1.008101651344184e-10,0.0001769999991716804,5.356180003469187e-32,8.623588599027852e-26,4.65242810900796e-36,1.512740655075582e-27,8.55897102363181e-40,2.1997738260804636e-31,1.1179513508204395e-70,3.1048029847762206e-57,8.395980361927679e-66,1.6221989105705414e-44,5.046310265279467e-36,2.388181135202291e-51,7.769119158514873e-40,8.622961485910865e-41,4.899658004626617e-85,7.729094356479984e-69,2.776828662999535e-63,2.4485078483925314e-75,5.625294839630917e-85,3.0467622992043812e-71,3.9693211840208284e-19,2.377978034605086e-15,4.257558291857311e-22,1.5771005082130007e-14,5.459657914819048e-56,4.165333598465716e-55,7.468044963582731e-26,4.864302932331346e-18,5.096885375751154e-74,6.5510431774617145e-74,4.390355575041356e-52,1.8679021889654783e-47,4.165338090073396e-55,3.068425672642781e-49,3.6843632070009313e-34,9.835054620525044e-33,3.4163117804871794e-28,4.466010634395698e-16,3.388693361353055e-08,3.54297117870987e-24,1.4305538248357446e-20,6.494006808613717e-23,2.242470793558022e-19,1.1257385317429433e-37,1.3254574992394839e-34,8.435353615429689e-28,0.00018232431360161244,0.4999999998691013,1.8799141255047826e-10,0.24999999978074156,1.8404851872826965e-10,3.2736534587330397e-15,1.3711810436289805e-34,1.7165101979139632e-33,3.340557662560036e-26,1.927121516524583e-37,2.389749612738355e-43,3.0184550821716163e-35,3.9922180396469987e-42,9.883257940711557e-46,1.0431538064766122e-25,7.243784384625615e-20,3.148796524592518e-25,1.4032264673633824e-17,0.0,5.396932030513197e-44,7.280804162130031e-56,7.38071455228873e-14,6.74302243568724e-24,1.4875448852925662e-26,1.6249747373353935e-67,1.2570801789710336e-20,1.306266620236792e-11,1.5993444571693001e-27,1.68077666062745e-22,1.9440229338944506e-26,1.6015199170625187e-29,3.0790920622690325e-21,4.616195029676256e-40,2.978292221864284e-56,4.898837514897499e-39,2.486389413091533e-30,0.10000000145021073,3.99035373634324e-11,1.8444017475465355e-15,8.855714945086795e-31,5.849757603591663e-52,4.563380892010307e-39,2.325456553313423e-28,5.463442679943182e-39,3.240628256088795e-23,2.935165640028359e-57,3.24142731299057e-22,1.083034443614125e-21,4.913115776879988e-49,1.176196800307189e-34,8.908012580925312e-38,2.2559991017158967e-06,8.982841026749377e-13,6.179999989754787e-05,1.0242139633595026e-13,1.9095078770182448e-32,1.2686877885861899e-24,2.5290713361012496e-28,1.957950528284032e-58,3.018977033866422e-26,3.071423428263102e-17,8.40178852781396e-31,4.341892032713874e-21,6.871052914918928e-76,2.021419358833058e-34,8.931160756533449e-26,2.1105191218899884e-33,1.0099198951038936e-24,1.2470889932818568e-23,3.697764791867756e-49,1.0297012368027643e-30,5.28252095002203e-25,0.0003339999985774783,1.4217240035550369e-12,6.32284794619736e-21,5.376909978149586e-23,4.920248152367662e-51,1.1365677726946274e-33,4.1659163672266203e-38,3.4077021307370855e-47,2.0717041070860692e-39,1.2102943257592046e-50,3.5656878428509097e-16,4.41064153576373e-16,9.45209399076372e-15,3.5099999905338726e-06,1.4098116920016576e-39,3.6717536096164255e-34,2.0344903697397503e-14,1.7799999796365767e-06,1.881779945851127e-35,2.558760069703009e-28,1.1119692305653485e-57,3.628024006565272e-45,0.0,0.0,4.7550054729541276e-23,1.6459914733961963e-17,1.759533349522291e-33,2.058475921544964e-18,1.8497031487436514e-46,1.1424450126906114e-28,1.8497032488588896e-46,1.2694659931442287e-59,1.6083928208764314e-41,1.1605177310509883e-28,9.35541245374929e-22,3.916274225310729e-25,7.913708359235926e-39,3.6018425864728803e-32,1.1001242782028576e-35,9.818152221565629e-30,1.7651064448769954e-24,5.2950576597947704e-43,9.230173452523236e-51
0.07071067811865467,1.0117156773251087e-10,0.00017699999880218067,1.096922453536379e-31,1.4871988802337322e-25,1.3635929021762749e-35,3.1773481906619297e-27,3.7878191675121734e-39,6.761050641592911e-31,2.0354374963366292e-69,4.360402508608113e-56,1.1679103953166386e-64,9.911750134925235e-44,1.54151871032657e-35,1.5247196295393216e-50,3.45010141254379e-39,2.625447637279183e-40,5.613290135018e-84,1.7014975689677947e-67,2.36476554125379e-62,3.1356116240596175e-74,8.878904323253879e-84,4.263193064322369e-70,8.296324493206759e-19,3.437856646575545e-15,6.777458324647578e-22,2.2802395577631725e-14,7.667679332514152e-55,3.875237945743698e-54,2.2581065341024855e-25,1.0170682581056208e-17,1.147461325903957e-72,1.2016811509995222e-72,5.86553400693754e-51,1.7488124433957834e-46,3.8752433641630545e-54,1.9611779819374498e-48,1.614893000878419e-33,4.3107454459736826e-32,1.0329635275279212e-27,9.054709104748457e-16,3.3881106529905074e-08,7.409970667865131e-24,2.0696580187593444e-20,1.3588438874910494e-22,3.2435671303469073e-19,4.422453612687351e-37,3.2881144079736756e-34,2.0392179521376918e-27,0.0001823244981021932,0.4999999998107304,2.718809005596825e-10,0.24999999968291475,2.6607122434952907e-10,6.844631337083902e-15,6.010087015385096e-34,7.52374242447209e-33,1.0100627955600258e-25,8.446586919482496e-37,1.5254435775887673e-42,1.3230204631234534e-34,1.7796867922382165e-41,6.309573309063113e-45,2.185808099564428e-25,2.190040419470383e-19,6.584393613951016e-25,2.0290717760206965e-17,0.0,2.3656338457161866e-43,4.6473082879628544e-55,1.5431203477168696e-13,2.9552725674136156e-23,3.1105189144237065e-26,2.299843013920892e-66,3.800940928561619e-20,1.888571995468354e-11,4.8353783752366224e-27,3.5141767659768095e-22,5.877902701214069e-26,4.470362320100394e-29,6.4384191233156345e-21,2.0233384180647513e-39,2.8012145827851468e-55,1.674606155747717e-38,5.530195606545405e-30,0.10000000143240838,5.7703873396034365e-11,3.855444767571699e-15,2.2671506215284117e-30,2.742948631596914e-51,4.200628362264717e-38,1.0191920943094186e-27,3.4872179403304187e-38,6.777110145820764e-23,2.706910395034343e-56,6.778072176384583e-22,2.264664224093819e-21,3.1362753271028586e-48,3.5566752198660355e-34,5.685584178919482e-37,2.2559987010054646e-06,1.2989945350761394e-12,6.179999985183485e-05,1.4810089567689165e-13,7.605367182978276e-32,3.83519005087981e-24,1.10825673171822e-27,1.499408329180334e-57,1.3231835918897957e-25,6.421594945417144e-17,5.36288817896e-30,1.3127697623575853e-20,1.7025714344313287e-73,1.2905377168960556e-33,3.914450155746999e-25,1.3471212910408735e-32,2.1119031529951493e-24,3.77053438984548e-23,4.4012433963186235e-48,3.1137154988207098e-30,1.104632349859183e-24,0.00033399999794305347,2.0555084138786628e-12,9.145549096798076e-21,1.625705734434493e-22,3.1412643637176845e-50,3.436847796480555e-33,1.636588980281255e-37,1.665312263557388e-46,6.53916419237726e-39,1.1333183198978645e-49,5.156284019450518e-16,9.221388453678126e-16,1.3668525747816468e-14,3.5099999863111804e-06,6.17388873396773e-39,1.1102971954638799e-33,2.9420416922185716e-14,1.7799999705528103e-06,3.9596951017929145e-35,7.728993628986518e-28,1.0545751963980106e-56,1.4046099096436562e-44,0.0,0.0,9.943251763871211e-23,2.3794315402558327e-17,5.319854245703206e-33,2.976626980024987e-18,8.106982726686164e-46,2.388459316180218e-28,8.10698336571761e-46,1.1942417114575066e-58,4.86283601854382e-41,2.490737024489025e-28,1.3541265199941755e-21,8.190027541776196e-25,2.4434357477204535e-38,1.088990145271985e-31,3.326647441363254e-35,2.968778036271397e-29,3.691049278054505e-24,2.3209056196590926e-42,5.891586571006527e-50
0.1022535921518125,1.016941871345955e-10,0.00017699999826785356,2.566318998780955e-31,2.873662498983774e-25,4.5973869320299e-35,6.695726254212019e-27,1.682420173394522e-38,2.093794323753517e-30,4.327149769299495e-68,6.1144838823517994e-55,1.6357732094593993e-63,6.248708435062826e-43,4.755098753510427e-35,9.717497096844913e-50,1.5401040272962362e-38,8.03079746488692e-40,1.582604542369225e-82,3.7991741991443286e-66,2.346166065115309e-61,4.79355263865034e-73,1.9403202331398132e-82,6.03708422821228e-69,1.734420788281839e-18,4.9695493690980486e-15,1.166810333195624e-21,3.296622803323356e-14,1.075241770069671e-53,3.631233411992982e-53,6.827515496827665e-25,2.1264436151562277e-17,3.975415383061154e-71,2.5550329177697465e-71,8.165918012253299e-50,1.6363647289033823e-45,3.631240837714313e-53,1.2534813412512436e-47,7.071368911030318e-33,1.8875733039104616e-31,3.123120778175448e-27,1.852360660324761e-15,3.3872681848655316e-08,1.5508024208672953e-23,2.994898557679735e-20,2.8443373252587427e-22,4.69207016356112e-19,1.80514557713932e-36,8.643115490993116e-34,5.424823503586021e-27,0.000182324764904961,0.4999999997263439,3.932243153248077e-10,0.24999999954142824,3.8459746589472686e-10,1.4309889802628496e-14,2.6317658359563668e-33,3.2945999355815416e-32,3.053900842813953e-25,3.698517710470979e-36,9.718149648023089e-42,5.793314059699844e-34,7.982764789319718e-41,4.0204231833089425e-44,4.592630095229202e-25,6.6205924276465645e-19,1.376828527062487e-24,2.933974794737479e-17,0.0,1.035941486286374e-42,2.9604379368696934e-54,3.2259894854949867e-13,1.293902577305534e-22,6.504063024369565e-26,3.2722151212138905e-65,1.1492012748090436e-19,2.7301988979310342e-11,1.46191545203247e-26,7.346904423914705e-22,1.777120263630808e-25,1.2947243975512062e-28,1.3462390362938038e-20,8.859979515098757e-39,2.6238337181539804e-54,6.285879938744115e-38,1.2809989273530297e-29,0.10000000140666339,8.344465725846901e-11,8.05783626751337e-15,6.555428958630567e-30,1.3675328928310092e-50,3.919886120525426e-37,4.462386304749909e-27,2.2213779693756725e-37,1.417334462471666e-22,2.533111278303012e-55,1.4173215824547463e-21,4.735371519151045e-21,1.9981224052077737e-47,1.075476880182363e-33,3.621525274726731e-36,2.2559981215443258e-06,1.878455673796274e-12,6.179999978571828e-05,2.1414740805211169e-13,3.3923626007515117e-31,1.1592768284425032e-23,4.851734623667673e-27,1.278425182923213e-56,5.7937349885250575e-25,1.3424826962015766e-16,3.416335551828673e-29,3.9688659352785634e-20,1.2253382820386935e-71,8.223653727761452e-33,1.713972008073702e-24,8.581317341084587e-32,4.4163252136481574e-24,1.1399213736890072e-22,6.004425070374547e-47,9.415444449470429e-30,2.3098807137433346e-24,0.00033399999702577425,2.9715514977074038e-12,1.3229789940687092e-20,4.914953290596092e-22,2.001717707939943e-49,1.0392457076346934e-32,6.680263212950815e-37,8.75937273934057e-46,2.12419073694916e-38,1.0606097635379487e-48,7.456419216086396e-16,1.927744961261958e-15,1.9765843436314525e-14,3.5099999802048107e-06,2.701946462418593e-38,3.357362812572711e-33,4.2544344305992375e-14,1.7799999574169575e-06,8.355023480977564e-35,2.3355420782930296e-27,1.0005045832137477e-55,6.237304964676781e-44,0.0,0.0,2.0792251098657762e-22,3.4391639799844273e-17,1.6082998918140576e-32,4.304238900345053e-18,3.5496375430659095e-45,4.992910119765287e-28,3.5496379501428614e-45,1.1189703226378802e-57,1.4701108556177504e-40,5.401807237334967e-28,1.9608041660496187e-21,1.7128085066304553e-24,7.608906300410675e-38,3.2922052150764072e-31,1.0059231892386286e-34,8.976888482220222e-29,7.718361729877483e-24,1.0163545189550125e-41,3.753313027193046e-49
0.14786730075483182,1.024499405056573e-10,0.00017699999749517292,6.708306777637646e-31,6.335446732206866e-25,1.749188743907179e-34,1.4197094726879972e-26,7.513903779445591e-38,6.556801273048194e-30,8.51272892211226e-67,8.211086134455576e-54,2.1960979828022796e-62,4.0017068127128363e-42,1.4947387139300746e-34,6.161719953184834e-49,6.928164931649589e-38,2.4769627769717894e-39,4.526018729848952e-81,7.746939694558749e-65,2.588728337960229e-60,7.951914936061817e-72,4.530602571438787e-81,8.246322481500348e-68,3.626654797409041e-18,7.182456249155659e-15,2.249887220439486e-21,4.7655311022069464e-14,1.4439718633949665e-52,3.3600722848376026e-52,2.064207161586837e-24,4.4454983979404205e-17,1.1913329942600394e-69,5.026149667401707e-70,1.0952057260799165e-48,1.5055748487005018e-44,3.360082259497767e-52,8.004428449597449e-47,3.0930274434746707e-32,8.25604787234971e-31,9.441879888462239e-27,3.814136973996457e-15,3.386050275531612e-08,3.2481423434529886e-23,4.335049535408757e-20,5.956690191583885e-22,6.788466461490033e-19,7.641989267323298e-36,2.4561251083844462e-33,1.5328435700627977e-26,0.00018232515072296154,0.49999999960436176,5.687642862178171e-10,0.2499999993367835,5.558177653231302e-10,2.991420760233616e-14,1.1511640009918269e-32,1.4411059615595632e-31,9.232697664232233e-25,1.6176661840184247e-35,6.158039271980512e-41,2.534010761124648e-33,3.6107996263765395e-40,2.5482995748375945e-43,9.714427888134996e-25,2.0011575932499354e-18,2.8789467713024532e-24,4.242285699249007e-17,0.0,4.5316422866212235e-42,1.8757199841485312e-53,6.743274147256809e-13,5.658507826114836e-22,1.3599436459295771e-25,4.485901541147622e-64,3.4743028357924743e-19,3.9463515991880394e-11,4.419827137135997e-26,1.5358108692339614e-21,5.372457527041112e-25,3.8864949244611483e-28,2.814786103262386e-20,3.875425401640429e-38,2.4152695468529217e-53,2.668451097076359e-37,3.162278561455426e-29,0.10000000136943127,1.206679967288378e-10,1.6836582327107918e-14,2.1628107991782544e-29,7.485553463151194e-50,3.605672524880826e-36,1.9515409620373018e-26,1.4074056922099365e-36,2.964272185629991e-22,2.3391639452167348e-54,2.963599351951792e-21,9.901201665100947e-21,1.2662227816202362e-46,3.2519763373547104e-33,2.2943001581696208e-35,2.2559972835944825e-06,2.7164055173140587e-12,6.179999969008365e-05,3.0963554949989494e-13,1.6836469999954053e-30,3.503733641958898e-23,2.1215813760754154e-26,1.2081341399926778e-55,2.5340471641237288e-24,2.806211338737152e-16,2.1646257365851515e-28,1.199771961697761e-19,5.422669119684565e-70,5.21285227465436e-32,7.496276108601287e-24,5.436953275402897e-31,9.235237734739485e-24,3.4458686267758963e-22,8.027991942156105e-46,2.8470453175566873e-29,4.8300819735143416e-24,0.00033399999569962954,4.2952603213814594e-12,1.9140917479848084e-20,1.4857685966322748e-21,1.2688772606016733e-48,3.1424332765500406e-32,2.8280978332369583e-36,5.0754107766590614e-45,7.230716751271255e-38,9.7599016399208e-48,1.078260684340727e-15,4.029425480510998e-15,2.85830831966117e-14,3.5099999713744807e-06,1.1814689216786926e-37,1.015190853690542e-32,6.152258809386926e-14,1.779999938421487e-06,1.7698794581887395e-34,7.059607504993206e-27,9.377025172393993e-55,3.1741934306352533e-43,0.0,0.0,4.3477875214149e-22,4.9697803771037115e-17,4.861654301372506e-32,6.2238437340602224e-18,1.552437429351111e-44,1.0435715240790522e-27,1.5524376872729703e-44,1.0304707375859155e-56,4.4438281224780905e-40,1.1880590172080274e-27,2.8409691116075247e-21,3.582188209159727e-24,2.396930295538841e-37,9.95170881944384e-31,3.0416750248310316e-34,2.7143736076470793e-28,1.6139687623213872e-23,4.446099520000966e-41,2.3783930903485227e-48
0.21382856261966862,1.035428271007773e-10,0.00017699999637781424,1.896229987105697e-30,1.5739962556558244e-24,7.270262676374356e-34,3.045311846176818e-26,3.387423760641636e-37,2.0875677092764014e-29,1.6276910142126031e-65,1.0858335291762043e-52,2.9031620520677666e-61,2.6018275884993753e-41,4.868794507789902e-34,3.8995914020401894e-48,3.156253537953006e-37,7.758125663549785e-39,1.259805172089664e-79,1.5509795421826926e-63,3.101885667354123e-59,1.4231956123373086e-70,1.1380777407536542e-79,1.1226281724218084e-66,7.58465917216206e-18,1.0378224476212641e-14,4.949966159998171e-21,6.887883472953479e-14,1.9095799953368653e-51,3.1134608458477914e-51,6.240276042801786e-24,9.292515205485629e-17,3.431776302194894e-68,9.608127587386017e-69,1.4475511750312527e-47,1.3759975136891153e-43,3.113474159983449e-51,5.156662908839154e-46,1.3521735205986125e-31,3.6091398447791374e-30,2.854163218234232e-26,7.890076939071748e-15,3.384289850574948e-08,6.809965543959282e-23,6.277557801262129e-20,1.2483242227905968e-21,9.823656625201357e-19,3.3538624930115164e-35,7.754210205558636e-33,4.479126377825545e-26,0.00018232570864563016,0.49999999942806517,8.227501621350621e-10,0.2499999990407594,8.030436877024334e-10,6.252498923271744e-14,5.03268552209571e-32,6.300328944026245e-31,2.7909670756522054e-24,7.071476411529593e-35,3.893328421414596e-40,1.1077932101557876e-32,1.6535459047738635e-39,1.611761270929488e-42,2.0894556950276403e-24,6.0475361660731345e-18,6.0196679262556226e-24,6.133680215848964e-17,0.0,1.981353906491692e-41,1.1857136102435491e-52,1.4092848308940344e-12,2.4730644633652287e-21,2.8433763539723733e-25,6.114251333892142e-63,1.0502455126433416e-18,5.703107813411884e-11,1.3361836416976373e-25,3.2099811676425742e-21,1.6239542510110984e-24,1.2088842020716672e-27,5.884913868692311e-20,1.694249017728211e-37,2.2083998417614806e-52,1.2899672528192666e-36,8.541964885131686e-29,0.10000000131558484,1.744960774735972e-10,3.5166782858775264e-14,7.979633642511838e-29,4.635719977589622e-49,3.296196509519815e-35,8.529544349171946e-26,8.896294967717069e-36,6.199968889472385e-22,2.1502478638927545e-53,6.196614821839906e-21,2.070131971247862e-20,8.006275128602391e-46,9.832826427453874e-33,1.4500584364501818e-34,2.2559960718479256e-06,3.9281520746405714e-12,6.179999955173687e-05,4.4767621707196043e-13,9.104360858393935e-30,1.0587322483536226e-22,9.271711536268003e-26,1.2646227468742935e-54,1.107727152951934e-23,5.864808453040391e-16,1.3683870825744878e-27,3.626310750766617e-19,2.171777385095828e-68,3.297397917937837e-31,3.276716644625089e-23,3.4367831741799096e-30,1.931235064668128e-23,1.0414844951738752e-21,1.0608332072239179e-44,8.608666020296862e-29,1.0099725023991181e-23,0.0003339999937825779,6.2074353057687024e-12,2.769930165429204e-20,4.490728691378739e-21,8.026471279064622e-48,9.501654433287651e-32,1.2411980035746077e-35,3.2943984669829123e-44,2.6442460006933734e-37,8.921536734395815e-47,1.5592551519952502e-15,8.420741874482924e-15,4.133356485836775e-14,3.509999958605072e-06,5.16444888321403e-37,3.069610016565863e-32,8.89666008669571e-14,1.779999910952601e-06,3.7703492394452565e-34,2.1343999032508549e-26,8.800722217574442e-54,1.8053084950957243e-42,0.0,0.0,9.091301033812317e-22,7.179326179666496e-17,1.469360610636431e-31,8.999265165025704e-18,6.785635126460369e-44,2.1806864623207437e-27,6.785636756878626e-44,9.427866653044905e-56,1.3430349273309765e-39,2.6612213599528336e-27,4.119729420296729e-21,7.492232878847147e-24,7.667633758891517e-37,3.0076888563412785e-30,9.197001432334888e-34,8.207370407886757e-28,3.37487331822296e-23,1.9440816436731503e-40,1.5037933728683806e-47
0.3092140991185264,1.0512324064472187e-10,0.00017699999476202506,5.65896436740031e-30,4.262675572376322e-24,3.216830482953612e-33,6.675681648095644e-26,1.5499914685626312e-36,6.811657469541424e-29,3.105702404481795e-64,1.4342900865755625e-51,3.832496118030354e-60,1.7244624492160637e-40,1.6883831731756624e-33,2.468516339092694e-47,1.4663116439368458e-36,2.5009578848015965e-38,3.515570425612499e-78,3.163905548067322e-62,3.957985708575465e-58,2.7397354552075924e-69,3.0930696086707497e-78,1.5622330953672216e-65,1.586535350199494e-17,1.499063608580745e-14,1.2276229283302873e-20,9.95319684619876e-14,2.5225242656113755e-50,2.9409936171353183e-50,1.8862371107835338e-23,1.9420856103376476e-16,1.003392565638055e-66,1.832392804049838e-67,1.9108240604164008e-46,1.2566572519478918e-42,2.9410116356866967e-50,3.415257823815499e-45,5.910324265319321e-31,1.5774580028034335e-29,8.626361129454057e-26,1.6375412384413343e-14,3.381745746532474e-08,1.4296683435900548e-22,9.096040829501318e-20,2.618627776890924e-21,1.4220341086931682e-18,1.526649498410165e-34,2.7996974633367223e-32,1.331864976674671e-25,0.0001823265154432517,0.4999999991733337,1.190327966809356e-09,0.2499999986124946,1.1597745546386833e-09,1.3065788551271533e-13,2.1998791666884925e-31,2.754032601323315e-30,8.43552039569519e-24,3.0906463531795756e-34,2.4608704480929166e-39,4.842168298540754e-32,7.701623086489684e-39,1.0193334180039036e-41,4.684436522351326e-24,1.8270450632031824e-17,1.2586063443130854e-23,8.867681325538387e-17,0.0,8.662125046594923e-41,7.492935020497734e-52,2.9444979428787e-12,1.080557549133641e-20,5.944494178262773e-25,8.45195330399764e-62,3.1742697659951874e-18,8.239549820310617e-11,4.0391351387702358e-25,6.707613650385757e-21,4.907884913160207e-24,3.899158361178604e-27,1.230250674343028e-19,7.405757090551532e-37,2.0180466473333358e-51,6.947530149527887e-36,2.573834322657446e-28,0.10000000123770666,2.523360104359227e-10,7.341497727465339e-14,3.1776651656237585e-28,3.268735004923977e-48,3.0116510547462367e-34,3.72700066889163e-25,5.621455611073031e-35,1.2968735448883195e-21,1.9802866345019458e-52,1.2955860419131321e-20,4.327866369589548e-20,5.061259509992089e-45,2.9729472243898865e-32,9.1610704989784e-34,2.255994319559249e-06,5.680440751268816e-12,6.179999935156912e-05,6.472042918495526e-13,5.228190428727985e-29,3.198213087706198e-22,4.050781609413627e-25,1.4435190707178082e-53,4.841395428623318e-23,1.225389715661486e-15,8.64770627392181e-27,1.0958113140127696e-18,8.625341949810492e-67,2.0857047578984364e-30,1.4319828111568415e-22,2.171707371460651e-29,4.0385212750787316e-23,3.1470663384497286e-21,1.400777458571712e-43,2.6029141523293483e-28,2.1117878276506352e-23,0.0003339999910117487,8.968384086796393e-12,4.009718566317507e-20,1.3570212347569232e-20,5.07714400217082e-47,2.87283789409851e-31,5.649924390854334e-35,2.387052253311836e-43,1.0662269951107228e-36,8.149686763592892e-46,2.254813301226669e-15,1.7592711614069386e-14,5.977185718810808e-14,3.5099999401394102e-06,2.2575486957472646e-36,9.281080782503794e-32,1.2865269162138545e-13,1.7799998712306235e-06,8.096311583628395e-34,6.454486178929362e-26,8.35995852319023e-53,1.1128321822216164e-41,0.0,0.0,1.9009497848594295e-21,1.0366472699962056e-16,4.439840921005324e-31,1.3011736363626172e-17,2.9652751947334613e-43,4.5553671159901974e-27,2.965276225045935e-43,8.622813512705282e-55,4.057940660450457e-39,6.099825981051989e-27,5.981377245869418e-21,1.5671395559469667e-23,2.5020011786173657e-36,9.087800854819736e-30,2.780728684388526e-33,2.4815479356811725e-27,7.05681569487885e-23,8.500121607904987e-40,9.506080101626124e-47
0.44714961332713477,1.0740866739435928e-10,0.00017699999242546942,1.7692150170078187e-29,1.2166130832364089e-23,1.4972730967175594e-32,1.5222570373589085e-25,7.254160976973715e-36,2.303731508563431e-28,5.949548097916559e-63,1.8982867266860303e-50,5.067274532530446e-59,1.1730914620632342e-39,6.452201075913285e-33,1.5638715598565619e-46,7.013316477988612e-36,8.502522874634044e-38,9.94599901529787e-77,6.694117783891218e-61,5.315741403063041e-57,5.673957860713797e-68,9.087893595540035e-77,2.276062425618249e-64,3.31943635038698e-17,2.1641924937988462e-14,3.319699631543393e-20,1.437799062835552e-13,3.3388330146136708e-49,2.9211752194053892e-49,5.70039316139114e-23,4.0578041785626224e-16,3.0444341677278847e-65,3.507388793500793e-66,2.5264234695561912e-45,1.1481618377986937e-41,2.9212005760338067e-49,2.421374838534862e-44,2.5830350434501553e-30,6.893518234018049e-29,2.606591752457943e-25,3.40649143127277e-14,3.3780701400789346e-08,3.006974064182941e-22,1.3191464834810253e-19,5.500783822817566e-21,2.059398493064421e-18,7.2145831058938404e-34,1.1735935708432976e-31,3.9951242151702713e-25,0.0001823276821289558,0.4999999988054049,1.7224871618289684e-09,0.24999999799279352,1.6740136025726566e-09,2.729490130708837e-13,9.614948794435797e-31,1.2037244824567631e-29,2.54899696347532e-23,1.350551060101824e-33,1.5556311139953563e-38,2.116226732379298e-31,3.6656498812747826e-38,6.449008365647061e-41,1.1561464856649646e-23,5.517434509051192e-17,2.631335284646732e-23,1.2818947496878886e-16,0.0,3.786729179037629e-40,4.735153579089363e-51,6.149741782058742e-12,4.7198276156741393e-20,1.2426474301116896e-24,1.1988613397998558e-60,9.591693371159524e-18,1.1899157569160716e-10,1.220816222169417e-24,1.4011678739495404e-20,1.4828556722982903e-23,1.3056860808414762e-26,2.5715059794216383e-19,3.236740197042984e-36,1.8453205902082596e-50,4.024474526442464e-35,8.656128032022056e-28,0.10000000112506384,3.648991001116436e-10,1.5314719893918136e-13,1.322961426621625e-27,2.5635703987123926e-47,2.7533810461563432e-33,1.62805230900411e-24,3.552067605811912e-34,2.7130501491432084e-21,1.8312346368185186e-51,2.7085970465383432e-20,9.046904864664814e-20,3.2001026215359306e-44,8.988018327749472e-32,5.7871452218705354e-33,2.2559917855998906e-06,8.214400110946435e-12,6.179999906188729e-05,9.355498531222563e-13,3.118526081544529e-28,9.656763664769613e-22,1.7692070524734576e-24,1.7530631186584676e-52,2.115593304943133e-22,2.55935926634136e-15,5.465238854669772e-26,3.3103076403215376e-18,3.466646454866276e-65,1.3198498519782295e-29,6.256639919963531e-22,1.3722951941772553e-28,8.4452067164204e-23,9.506329805390028e-21,1.8530545598472e-42,7.869706191558488e-28,4.41540266393253e-23,0.0003339999870077955,1.2952146717157714e-11,5.807103158545921e-20,4.099376979279864e-20,3.212999546535121e-46,8.68544634958163e-31,2.6700451896226433e-34,1.8873751944872702e-42,4.810797506913705e-36,7.448466240560231e-45,3.2606491305078e-15,3.673963348500943e-14,8.643522720285018e-14,3.5099999134364658e-06,9.869075132233104e-36,2.805981065686217e-31,1.8604157203386268e-13,1.779999813790017e-06,1.7582432909983796e-33,1.952265093476392e-25,8.10191629089019e-52,7.28062649831368e-41,0.0,0.0,3.974626095244826e-21,1.495858861381691e-16,1.341078424776354e-30,1.881197136047135e-17,1.2954871332883036e-42,9.511522486111964e-27,1.2954877843847329e-42,7.894799186492811e-54,1.2256391060907943e-38,1.437353241122554e-26,8.69943706960523e-21,3.278327303614136e-23,8.367509588373753e-36,2.744900368211998e-29,8.406988974232484e-33,7.502689512875898e-27,1.4755166342532253e-22,3.716543673323479e-39,6.0102287333224026e-46
0.646615976660124,1.107136196831308e-10,0.000176999989046637,5.847007407715168e-29,3.5733612289834067e-23,7.336455920716654e-32,3.7104203892795853e-25,3.5105609544864155e-35,8.195127686583326e-28,1.1375568985405053e-61,2.510080165529686e-49,6.690244170791044e-58,8.272412839934042e-39,2.7927443260670006e-32,9.913712744828731e-46,3.497963433262213e-35,3.1710773574735918e-37,2.826317106794891e-75,1.478791179384498e-59,7.50955334055225e-56,1.2725698589039433e-66,2.873247410494197e-75,3.5798927363920284e-63,6.947210027712246e-17,3.122139032084618e-14,9.460665981188999e-20,2.07601138062739e-13,4.415402616541994e-48,3.242177312255217e-48,1.7222335126665751e-22,8.475227451929664e-16,9.588270386242574e-64,6.697568762619519e-65,3.3356113423588313e-44,1.0480473553661062e-40,3.242216190570416e-48,1.9823967623725044e-43,1.1285466818089282e-29,3.0114683222832918e-28,7.873519715827766e-25,7.097862496530324e-14,3.3727619683006754e-08,6.340895649161314e-22,1.9154584773695897e-19,1.1578076819323637e-20,2.9843250760742664e-18,3.542774185091522e-33,5.642208031464064e-31,1.203647925103623e-24,0.0001823293692304182,0.49999999827425395,2.493306365630268e-09,0.24999999709583262,2.414264217351744e-09,5.69941980569258e-13,4.2012484536337566e-30,5.259842668540564e-29,7.69985691601383e-23,5.899533626367488e-33,9.830508416827974e-38,9.246049932575689e-31,1.7908950165813555e-37,4.08020047086673e-40,3.4341301492310926e-23,1.6651789672307355e-16,5.500693990761359e-23,1.852794301747616e-16,0.0,1.6551146304220772e-39,2.9909868657473223e-50,1.2836940506735697e-11,2.0604751232085438e-19,2.597240751522043e-24,1.761118011537873e-59,2.897343492484363e-17,1.7173936741428423e-10,3.6891144090480666e-24,2.9255325415372335e-20,4.4785318416756147e-23,4.5431925177310533e-26,5.373971530942447e-19,1.414247342231739e-35,1.686368729659706e-49,2.430930575385033e-34,3.1895268361119714e-27,0.10000000096212214,5.276747914854048e-10,3.1912436297654737e-13,5.6371606115990826e-27,2.155553376567533e-46,2.515559570020346e-32,7.108106516898996e-24,2.243276242628583e-33,5.6766388117125904e-21,1.7004473220912728e-50,5.662053054667801e-20,1.890838516903187e-19,2.022830871629732e-43,2.717029425312915e-31,3.653429131446782e-32,2.255988121276226e-06,1.187872377484944e-11,6.179999864251992e-05,1.352127252701323e-12,1.9019607446738984e-27,2.9138604435242407e-21,7.722740589168531e-24,2.210206196048759e-51,9.24144903593322e-22,5.3425951152970264e-15,3.4523922985588816e-25,9.995427125728165e-18,1.3840484997987943e-63,8.35311680292006e-29,2.7325200551767273e-21,8.66700299625384e-28,1.7660394098952237e-22,2.8701776695707815e-20,2.448462057010916e-41,2.3791433767620853e-27,9.23124811086318e-23,0.00033399998122378676,1.869464871344151e-11,8.415779456389945e-20,1.2377953081210845e-19,2.0335879096482727e-45,2.625598921896122e-30,1.3111313511367795e-33,1.5816013975358453e-41,2.413802888701867e-35,6.802058928317638e-44,4.715176767282118e-15,7.667894840707018e-14,1.2499280354447979e-13,3.509999874821672e-06,4.314083181263028e-35,8.48259574054364e-31,2.6902957924910314e-13,1.7799997307275613e-06,3.878638186183783e-33,5.906360826982604e-25,8.076215005622307e-51,5.0183309703474924e-40,0.0,0.0,8.309874859510105e-21,2.156427152560674e-16,4.048751780682707e-30,2.7195134453417844e-17,5.657238354137931e-42,1.98464487933613e-26,5.657242466680127e-42,7.227907158259054e-53,3.699869485031027e-38,3.4952374124129636e-26,1.268402549872415e-20,6.859084441553907e-23,2.880625422232956e-35,8.28640400482397e-29,2.5414306075068036e-32,2.2681672911171244e-26,3.0850087966431876e-22,1.6248512264193934e-38,3.7989871217242413e-45
0.9350611267692971,1.1549292732764436e-10,0.00017699998416061073,2.0912085514451075e-28,1.0651774374403778e-22,3.822426834305576e-31,9.98708304943196e-25,1.7833100838212164e-34,3.117843083815749e-27,2.1749633017041736e-60,3.3190640807239044e-48,8.826639543010278e-57,6.136632020462397e-38,1.3715736920410844e-31,6.291125879560969e-45,1.848864477633387e-34,1.3657030720150059e-36,8.120065487513971e-74,3.474901053335378e-58,1.1378036330165465e-54,3.2035241785190486e-65,1.0095005383570305e-73,6.390427832746311e-62,1.4545742515113288e-16,4.499325086835223e-14,2.7736330107257577e-19,2.995479879507618e-13,5.839429541215684e-47,4.41327672639022e-47,5.201204572374212e-22,1.769199800733795e-15,3.197529569435336e-62,1.278103260600019e-63,4.40088641788232e-43,9.559003166875803e-40,4.41334763167276e-47,2.0505252576308406e-42,4.9287512242795117e-29,1.314984592392335e-27,2.37710696064249e-24,1.4806205167205516e-13,3.365100653898417e-08,1.3419990257680077e-21,2.786209715179724e-19,2.443824885316255e-20,4.328533302073341e-18,1.808507894879143e-32,3.010171958098682e-30,3.634473039564852e-24,0.00018233180887014644,0.4999999975080473,3.610621292588974e-09,0.2499999957970442,3.4776959890777964e-09,1.1893104939380412e-12,1.8350872066875543e-29,2.2975858044075123e-28,2.324811101223319e-22,2.575825686889162e-32,6.21027983646169e-37,4.038132405908017e-30,9.017336567213436e-37,2.582098133955326e-39,1.3165619794039998e-22,5.02114485460495e-16,1.1497244379230777e-22,2.677346207891195e-16,0.0,7.232656129712747e-39,1.8884144018959096e-49,2.6774313148698986e-11,8.98838541933459e-19,5.4272159981271e-24,2.7336834274862707e-58,8.74767196319504e-17,2.476560009935158e-10,1.1144537146221838e-23,6.104075451321918e-20,1.3518544437197662e-22,1.642163562366649e-25,1.1227388887341674e-18,6.177097805550568e-35,1.5406556457354646e-48,1.5011505071046417e-33,1.253965485102658e-26,0.10000000072639005,7.630621197269494e-10,6.639369042823023e-13,2.4288000677353955e-26,1.8863357490827272e-45,2.2973392168905063e-31,3.1012187325448724e-23,1.41589485015091e-32,1.1880272222974911e-20,1.589032009840132e-49,1.1834044543324674e-19,3.9509824526832708e-19,1.2784310773719291e-42,8.212165670654863e-31,2.3046759392199594e-31,2.25598282234491e-06,1.7177655090627077e-11,6.179999803511649e-05,1.9537091301381742e-12,1.174904278960265e-26,8.7839406638269e-21,3.368377187596829e-23,2.8538414169503236e-50,4.034977693931091e-21,1.114377880022644e-14,2.1798496670624426e-24,3.016102111739703e-17,5.5211725198157064e-62,5.288444094887252e-28,1.1927226962338841e-20,5.4707362246170556e-27,3.693153143719976e-22,8.659636003881082e-20,3.2339997621417446e-40,7.191671226064821e-27,1.9297777101937279e-22,0.00033399997287221066,2.696056433008902e-11,1.2208025662246045e-19,3.7349985402380064e-19,1.2876067329422727e-44,7.935961195428057e-30,6.692704611872718e-33,1.3733606241800297e-40,1.3166887713141207e-34,6.2079827745596675e-43,6.818572536540336e-15,1.5989717835704665e-13,1.8075051146410167e-13,3.50999981898124e-06,1.8856532301133057e-34,2.5639636134243884e-30,3.8903482981001656e-13,1.7799996106153836e-06,8.74220537666903e-33,1.7874420926514322e-24,8.397051681373345e-50,3.66321724953479e-39,0.0,0.0,1.7372128318228537e-20,3.1044130766847065e-16,1.2214362731714272e-29,3.930856301219215e-17,2.4689222817372177e-41,4.137056029152251e-26,2.4689248780114875e-41,6.6205937567360476e-52,1.1160241158251114e-37,8.79054115681074e-26,1.855836476173154e-20,1.4354197528834688e-22,1.0241775245271358e-34,2.499631774744968e-28,7.681610554213745e-32,6.856147271623928e-26,6.449640858644758e-22,7.103057420995233e-38,2.4008284494576693e-44
1.3521770917433409,1.2240435092655088e-10,0.0001769999770951087,8.334222223165848e-28,3.1988691259511677e-22,2.1477645733148324e-30,3.0384567524481016e-24,9.679767600090652e-34,1.2870687007214958e-26,4.158555654535359e-59,4.388906396800001e-47,1.1633589047765423e-55,4.870069213140096e-37,7.450173704261929e-31,3.9981258112356727e-44,1.0528806747764494e-33,7.095181140991618e-36,2.367687305632292e-72,8.823027245729343e-57,1.902444440463763e-53,9.486570473074775e-64,4.123585534346975e-72,1.3606704051280032e-60,3.047275393958298e-16,6.474066416095764e-14,8.246984935197365e-19,4.3179460064389513e-13,7.723521234420223e-46,7.781769190223708e-46,1.5698657652797835e-21,3.690313102472811e-15,1.147894926035655e-60,2.4369176075049292e-62,5.80072036060384e-42,8.708659648333506e-39,7.781935503153388e-46,2.7291380530995967e-41,2.1513272268447796e-28,5.738280199884287e-27,7.171602541138028e-24,3.091082836450271e-13,3.3540525172030565e-08,2.8546914282822906e-21,4.062737159425571e-19,5.178756533882958e-20,6.2860631874278456e-18,9.587114475965018e-32,1.719193312860831e-29,1.0988144753632984e-23,0.00018233533668716892,0.49999999640395393,5.231840014294714e-09,0.24999999391534586,5.0009211853848015e-09,2.4794110227671504e-12,8.011511606100788e-29,1.0031349614291804e-27,7.01441759732241e-22,1.1238721719081604e-31,3.921527901495511e-36,1.762626016351302e-29,4.690833068039743e-36,1.634699935168979e-38,6.337994984494063e-22,1.5121426059755364e-15,2.402570068083309e-22,3.8675943860607864e-16,0.0,3.1595999555344564e-38,1.1916170305640224e-48,5.5779353417284264e-11,3.9167345006641926e-18,1.1337004495149671e-23,4.607076255846678e-57,2.639236186947872e-16,3.566860447394327e-10,3.3651990946559115e-23,1.2723349716595571e-19,4.077309031996139e-22,6.153570683530072e-25,2.3446738997499707e-18,2.6966020984772845e-34,1.4069684736719122e-47,9.371174559051244e-33,5.137355010566449e-26,0.10000000038528596,1.103451962437491e-09,1.3781795770309225e-12,1.051202613292463e-25,1.6853277978957126e-44,2.0968487127035785e-30,1.3516608395771569e-22,8.929277118491853e-32,2.487137802848093e-20,1.4978553054157946e-48,2.4728108169983017e-19,8.252884530451862e-19,8.077654184484119e-42,2.4815564182467963e-30,1.452276037788329e-30,2.255975159621158e-06,2.484037884324033e-11,6.179999715476365e-05,2.821926738886285e-12,7.308891554983966e-26,2.6442791249372885e-20,1.4674823093569008e-22,3.743385907373471e-49,1.76053192139714e-20,2.3217793806004753e-14,1.375435717951218e-23,9.092314716946495e-17,2.2003516371081443e-60,3.349902735143295e-27,5.201885869018349e-20,3.4504210504204055e-26,7.723514486696463e-22,2.6100560445271795e-19,4.269488297130099e-39,2.1735147151091102e-26,4.0335894689132923e-22,0.0003339999608212924,3.883430660607156e-11,1.7733508375056633e-19,1.12593695224712e-18,8.157305525450353e-44,2.398147452033574e-29,3.5474758548585674e-32,1.2171809440741189e-39,7.602427502027559e-34,5.6609278552744585e-42,9.860390367507445e-15,3.330131851908316e-13,2.613812834157369e-13,3.5099997382308825e-06,8.240798374569476e-34,7.748307307140029e-30,5.625675184912816e-13,1.7799994369295843e-06,2.0281874893057325e-32,5.411511912866791e-24,9.263514289537207e-49,2.867110603066923e-38,0.0,0.0,3.6312340262082756e-20,4.460258788000272e-16,3.6809741738345733e-29,5.680610596147241e-17,1.0765236515002889e-40,8.611688270273785e-26,1.0765252893312001e-40,6.068562191604589e-51,3.362599062534898e-37,2.2867450228596205e-25,2.728578501972201e-20,3.0049163658515246e-22,3.765852639118286e-34,7.532003267474643e-28,2.3213153391982877e-31,2.0720870766719867e-25,1.3482397233304972e-21,3.104669209927535e-37,1.5168263000199562e-43
1.9553618850060341,1.323991470515767e-10,0.00017699996687801207,3.766032414676672e-27,9.64266996001527e-22,1.3166807196119365e-29,1.0428614853525093e-23,5.707370089573002e-33,5.803554869604887e-26,7.950941893136312e-58,5.803577917621935e-46,1.5310628919195315e-54,4.1964421064639634e-36,4.3209700569688856e-30,2.545947837465966e-43,6.536689935145147e-33,4.50258913859523e-35,7.036586446791156e-71,2.443392678448515e-55,3.593089253981546e-52,3.442710532570184e-62,2.0495174017880166e-70,3.5422815315000312e-59,6.389103485326525e-16,9.294972676136352e-14,2.467717818692542e-18,6.215459319883613e-13,1.021658227401606e-44,1.694132100562476e-44,4.734294257890904e-21,7.688819600296021e-15,4.48803469883266e-59,4.640410877943257e-61,7.634854766736106e-41,7.920873526229187e-38,1.6941815135563466e-44,4.333068783344716e-40,9.38247998372765e-28,2.5017043682388215e-26,2.161386580138278e-23,6.456963974932697e-13,3.3381401031716135e-08,6.115154309343308e-21,5.944118876848969e-19,1.1035242943443994e-19,9.144581507543497e-18,5.2627106479440115e-31,1.0225927747800732e-28,3.324806617849823e-23,0.00018234043798077176,0.4999999948154203,7.587599380861831e-09,0.2499999911869343,7.173490084231709e-09,5.1618717818201085e-12,3.495048311619044e-28,4.376644895795638e-27,2.114270635405926e-21,4.898808258771702e-31,2.4746947073748807e-35,7.687513003757063e-29,2.5219398796069795e-35,1.0357534686313772e-37,3.50005352701117e-21,4.545541644445085e-15,5.019061952281315e-22,5.584363024646615e-16,0.0,1.3796539122465887e-37,7.515168819984265e-48,1.1601280448467844e-10,1.7040586090246352e-17,2.3670739084654766e-23,8.728283969092001e-56,7.954643655030114e-16,5.127906046402212e-10,1.0155100721767686e-22,2.6482357031277006e-19,1.2283175334332052e-21,2.381476843053208e-24,4.8935795966144466e-18,1.1763222504169404e-33,1.2841399206788612e-46,5.878822878371379e-32,2.156798519984517e-25,0.09999999989158045,1.5956842286844375e-09,2.8514064943850025e-12,4.553442582094486e-25,1.5208121794922326e-43,1.9122509072508056e-29,5.882509868130141e-22,5.624397367046946e-31,5.209013698324617e-20,1.4283508992409882e-47,5.165374187538048e-19,1.7230173080799637e-18,5.101908210109499e-41,7.496361476899621e-30,9.137090747632844e-30,2.255964078628456e-06,3.5921371546036314e-11,6.179999587757581e-05,4.0738536001486786e-12,4.56239409076324e-25,7.944275116846204e-20,6.382721672470324e-22,4.968039835637417e-48,7.673893601386957e-20,4.829481452235143e-14,8.670214079923631e-23,2.7371734814178447e-16,8.755991887377417e-59,2.1235111691377233e-26,2.266051125768492e-19,2.173654198777197e-25,1.6154554716474013e-21,7.8553180908776025e-19,5.632404966612689e-38,6.567269712998504e-26,8.429194040692596e-22,0.00033399994344888734,5.583996430322956e-11,2.581077319754191e-19,3.3894897135773906e-18,5.1719551933482235e-43,7.244589961906619e-29,1.9469190362764107e-31,1.0910546468655612e-38,4.546145324168181e-33,5.155615174836717e-41,1.4259716861273683e-14,6.923039112059865e-13,3.7798107215699617e-13,3.5099996214582466e-06,3.6005923511547134e-33,2.3408547168281678e-29,8.134999261309812e-13,1.7799991857788936e-06,4.8861128090167205e-32,1.6392523357498095e-23,1.1037615260475696e-47,2.438592545581346e-37,0.0,0.0,7.58879068133364e-20,6.389937843873079e-16,1.1076314526119931e-28,8.206831452873108e-17,4.6879364955564695e-40,1.788974581197318e-25,4.687946816557522e-40,5.56783146444228e-50,1.0115249879868245e-36,6.140441691741742e-25,4.038631833914748e-20,6.293387395219388e-22,1.4308152214616372e-33,2.2659993234640395e-27,7.012659226939512e-31,6.260715371274973e-25,2.8179368184007614e-21,1.356735849152016e-36,9.579372115463474e-43
2.8276178650570496,1.4685307602356217e-10,0.00017699995210367135,1.9130143062576558e-26,2.9123477645730095e-21,8.830911522323186e-29,3.9347281960376356e-23,3.6875320379344046e-32,2.8459859797159255e-25,1.5199687610767593e-56,7.673775158822371e-45,2.0106515406103654e-53,3.9534043472186393e-35,2.599080720459932e-29,1.6255026297735436e-42,4.4322744950741943e-32,3.4252679573456138e-34,2.1411565860130166e-69,7.369403862045726e-54,7.668040201481031e-51,1.5474040933854627e-60,1.2647233761210375e-68,1.1156537556165982e-57,1.3411095212901468e-15,1.3302693136443957e-13,7.399829985699723e-18,8.928581749728061e-13,1.3515652712797329e-43,4.149641004774869e-43,1.4260012045818742e-20,1.599370239287315e-14,1.9140835932097875e-57,8.819619920191045e-60,1.0027852504515076e-39,7.187144446624442e-37,4.149811053064398e-43,7.521969846613711e-39,4.08705868957223e-27,1.0891862775152816e-25,6.504245863214121e-23,1.3493613177125565e-12,3.315262836462545e-08,1.322435566578838e-20,8.736260490082633e-19,2.36938991273542e-19,1.3333742680338316e-17,2.978131757793577e-30,6.224018293717866e-28,1.0067401699463175e-22,0.00018234781439991434,0.49999999253489075,1.1017541031527407e-08,0.24999998722638045,1.0253246585402161e-08,1.0725227968335204e-11,1.5231086996478044e-27,1.9075749356585722e-26,6.3635772141410806e-21,2.132359613719479e-30,1.5602170326923289e-34,3.3488836122075397e-28,1.3985536729135649e-34,6.577125759068193e-37,2.06217280745771e-20,1.3627861385012594e-14,1.0480279404474843e-21,8.057719558179953e-16,0.0,6.020384487589454e-37,4.73957942468557e-47,2.4071274759452154e-10,7.397070187242806e-17,4.938841524963816e-23,1.9304322020391458e-54,2.39399217195079e-15,7.352946520963641e-10,3.061706811936823e-22,5.500556811488442e-19,3.6941588924245446e-21,9.470067436699998e-24,1.0204612405390081e-17,5.1260649905951854e-33,1.1710900805364313e-45,3.69421067949014e-31,9.18071550365967e-25,0.09999999917675113,2.307493314564755e-09,5.871603936519577e-12,1.9692632020980607e-24,1.3782633053658787e-42,1.741773415519353e-28,2.5546586717694543e-21,3.536519821510789e-30,1.0915372280438782e-19,1.382612951390818e-46,1.0784514192692311e-18,3.594679938041298e-18,3.220669834124726e-40,2.2634683591129768e-29,5.735647492679694e-29,2.2559480544746005e-06,5.194552540173058e-11,6.179999402218405e-05,5.876766815325499e-12,2.850771172992409e-24,2.379821547676279e-19,2.7694939050906683e-21,6.660883791072292e-47,3.340152414626121e-19,1.0022117453338245e-13,5.457650867897321e-22,8.223650566543506e-16,3.4761309505922235e-57,1.3474852850445654e-25,9.854606411183543e-19,1.3670173559439729e-24,3.380351180351717e-21,2.3591724856492285e-18,7.422304911022608e-37,1.983569719740079e-25,1.760966055315257e-21,0.00033399991843892205,8.009121681024069e-11,3.767307187904144e-19,1.0183197616053881e-17,3.282830188269924e-42,2.18750507181783e-28,1.1013507179152065e-30,9.838476873080299e-38,2.774242236385026e-32,4.6868580625260355e-40,2.0624207292301782e-14,1.4354879668781563e-12,5.46596074879036e-13,3.50999945259347e-06,1.57262343263392e-32,7.069000836778077e-29,1.1763474175258864e-12,1.7799988226221583e-06,1.2341833472112922e-31,4.969453459677718e-23,1.4384185366958673e-46,2.2704816589376797e-36,0.0,0.0,1.5855178457696573e-19,9.11687853708849e-16,3.3256706366037344e-28,1.1851462498536412e-16,2.0376807776755085e-39,3.7055558913180244e-25,2.0376872715224667e-39,5.114784342575015e-49,3.035783382716308e-36,1.6958253652220108e-24,6.031508471814307e-20,1.3189058742069934e-21,5.6011546996036964e-33,6.80178938376774e-27,2.1175744215451854e-30,1.8909410176545732e-24,5.88845993938087e-21,5.927130692850867e-36,6.046246628256323e-42
4.088973428448061,1.6775593626837046e-10,0.00017699993073963513,1.0610371323639386e-25,8.805688781453718e-21,6.42574283906895e-28,1.5789407804305094e-22,2.6020087445985054e-31,1.4974893031288033e-24,2.9052973620590402e-55,1.0145813020233278e-43,2.6323969890060464e-52,4.053924330409057e-34,1.5907705926576427e-28,1.0413180261940841e-41,3.2522411606561816e-31,3.0264642158588476e-33,6.701815735230863e-68,2.3927054609434185e-52,1.8048401770897652e-49,8.398274141495014e-59,9.522036018727765e-67,4.1244786634185375e-56,2.8195685333543116e-15,1.8951814338224168e-13,2.2181057408853484e-17,1.2788338561769511e-12,1.7882591542315075e-42,1.0708692691968181e-41,4.2876852871409526e-20,3.319085926499176e-14,8.824193421573695e-56,1.6720849554537193e-58,1.313178236691075e-38,6.499129600246638e-36,1.0709319764869637e-41,1.355394274588633e-37,1.777284812486189e-26,4.732817340243936e-25,1.9530827829244744e-22,2.82072785962347e-12,3.2824573940154046e-08,2.8958612970645985e-20,1.2915959296462444e-18,5.139579789324568e-19,1.9500214731704842e-17,1.7278143565909054e-29,3.8359345145047326e-27,3.0507309394964103e-22,0.00018235848029791313,0.49999998927102024,1.6025098145479584e-08,0.24999998146840552,1.458043796218659e-08,2.222102595163945e-11,6.627411584783452e-27,8.302049110774256e-26,1.9113282229271376e-20,9.264020178392536e-30,9.82357793604493e-34,1.4563859163555058e-27,7.968554282104678e-34,4.208642067840827e-36,1.2486527228010977e-19,4.070140943786739e-14,2.1869551177068726e-21,1.161517673574587e-15,0.0,2.6246318341386854e-36,2.996101681230677e-46,4.977386823874371e-10,3.2004703759507947e-16,1.0294482273664216e-22,5.136085643421322e-53,7.189517095114912e-15,1.0503771165176083e-09,9.218963875330651e-22,1.1390667616366465e-18,1.1083145732947535e-20,3.847190049662343e-23,2.1253323986921338e-17,2.2306736633248317e-32,1.0669022161975322e-44,2.3209622810107464e-30,3.936387928917626e-24,0.09999999814127868,3.3368287432186194e-09,1.2008648118253865e-11,8.485745006528367e-24,1.2510593754372177e-41,1.583732293434853e-27,1.1060376083091394e-20,2.2181202314516439e-29,2.2886467312726515e-19,1.3634458579923353e-45,2.250054581606383e-18,7.491663232624796e-18,2.0315368220579082e-39,6.829765572994064e-29,3.5887207394845237e-28,2.255924881969822e-06,7.51180301803267e-11,6.179999132186975e-05,8.468372378831023e-12,1.779544074239802e-23,7.09942332831173e-19,1.197562467290088e-20,9.022191026396717e-46,1.4508526580135865e-18,2.0727750315417596e-13,3.428471147419412e-21,2.463663342797761e-15,1.3757411139931057e-55,8.56289198439675e-25,4.275083280525155e-18,8.576318516848212e-24,7.08248158942152e-21,7.063701302360145e-18,9.766111758904466e-36,5.987968218606314e-25,3.677317956394345e-21,0.00033399988250236467,1.1446134931738033e-10,5.520770520080133e-19,3.0505618256270586e-17,2.087017027426303e-41,6.600654009883941e-28,6.386035596389507e-30,8.895862497965122e-37,1.7118094597246257e-31,4.2496108568287985e-39,2.983968644445099e-14,2.9653144237836553e-12,7.904315210568359e-13,3.509999208397201e-06,6.865154454071267e-32,2.133416710821881e-28,1.7010096411495011e-12,1.7799982975257787e-06,3.299225193646741e-31,1.5081350261508753e-22,2.0534913625582137e-45,2.3058364543113252e-35,0.0,0.0,3.3112856034370407e-19,1.2931124010762991e-15,9.954100247604108e-28,1.7104186879232059e-16,8.833569139949665e-39,7.643393063851926e-25,8.833609907826755e-39,4.706126413091939e-48,9.080678524011265e-36,4.795456970286707e-24,9.113512374282985e-20,2.7664572852741518e-21,2.249410191582387e-32,2.0350319445906075e-26,6.390225269420939e-30,5.708183607005082e-24,1.2301227544697446e-20,2.588243660850304e-35,3.8130606363192214e-41
5.912999739169831,1.9798581643456437e-10,0.00017699989984727688,6.2213323790032495e-25,2.6643110772439904e-20,4.991871578425696e-27,6.56027102386532e-22,1.9775182126964007e-30,8.309648537505758e-24,5.551615606840883e-54,1.3411361402891397e-42,3.431182314023795e-51,4.462288470419021e-33,9.793804624264148e-28,6.697379035195424e-41,2.5408636889238565e-30,3.006563196363704e-32,2.1650850913651918e-66,8.217520847102143e-51,4.530566304312168e-48,5.258444360819747e-57,8.373495725028311e-65,1.7295419637493152e-54,5.941012469609889e-15,2.6824340876893796e-13,6.633900433818744e-17,1.823930294103882e-12,2.366319209709516e-41,2.8170403356274645e-40,1.2859638352288473e-19,6.864657022166321e-14,4.3248074583236154e-54,3.1604599927395077e-57,1.7122993694685234e-37,5.848209724529314e-35,2.8172779124092817e-40,2.472699385157376e-36,7.709487352803829e-26,2.0507493120669547e-24,5.846384898550762e-22,5.897740402841769e-12,3.235591246885538e-08,6.44326381279308e-20,1.9235438749578812e-18,1.129838711782093e-18,2.862309205889976e-17,1.0216531073279095e-28,2.3789010980637682e-26,9.253451796814081e-22,0.00018237390188360352,0.49999998461988765,2.3362460250211553e-08,0.24999997307999802,2.0582912247590647e-08,4.58488074259497e-11,2.8773889258873026e-26,3.605548299809077e-25,5.723496996936137e-20,4.014730018858176e-29,6.173320025170545e-33,6.3181304337922025e-27,4.640558989482211e-33,2.7728570817534386e-35,7.638983573874244e-19,1.208922083843727e-13,4.559298937229992e-21,1.6719622778457552e-15,0.0,1.1426678089135823e-35,1.9132862103990504e-45,1.024171708593353e-09,1.3782208147253713e-15,2.142679271265827e-22,1.65541239683054e-51,2.1524921127964753e-14,1.4923194583947116e-09,2.7708227152405752e-21,2.348572915506296e-18,3.313477262605764e-20,1.5873899549102306e-22,4.418561482880945e-17,9.690606607656348e-32,9.709009281073732e-44,1.4558854524865273e-29,1.692970284673767e-23,0.09999999664046182,4.82533352946833e-09,2.4320747841766887e-11,3.635154648890336e-23,1.1368361274737635e-40,1.4364149883799465e-26,4.7674484493075074e-20,1.3861955706221772e-28,4.801227357773489e-19,1.3741395863683113e-44,4.689681328679406e-18,1.5589880233716764e-17,1.2800235370049434e-38,2.0588022092848936e-28,2.2348737557396197e-27,2.2558913720726313e-06,1.0862792737044065e-10,6.179998738221582e-05,1.2183756312820872e-11,1.10763948873768e-22,2.105210425633988e-18,5.152777528686779e-20,1.2353753027153073e-44,6.2834407578654145e-18,4.266228999702859e-13,2.147468292621372e-20,7.350372136187761e-15,5.419893432876032e-54,5.452262520707001e-24,1.8480744575403542e-17,5.36173007279474e-23,1.4895542587913764e-20,2.1057182224979336e-17,1.2821660545065062e-34,1.8062530954984512e-24,7.674525600884463e-21,0.0003339998310034104,1.6273832126949553e-10,8.136277008007378e-19,9.100623806659185e-17,1.3296931579893467e-40,1.9897080301725203e-27,3.772777690017205e-29,8.047518208674657e-36,1.0618965399865284e-30,3.838648691183853e-38,4.321813862217862e-14,6.092500283478099e-12,1.1430463781718564e-12,3.50999885526134e-06,2.9946631788269047e-31,6.432937384017792e-28,2.4596195878190685e-12,1.7799975383141758e-06,9.40276264224501e-31,4.583759380446154e-22,3.1779780080962814e-44,2.5200585215002275e-34,0.0,0.0,6.911498344275665e-19,1.8187668813097153e-15,2.966048176755526e-27,2.4663164885639927e-16,3.8148894550614797e-38,1.5671993629624754e-24,3.8149149674000986e-38,4.3382534964084845e-47,2.703303485847053e-35,1.3822688055410914e-23,1.3972354011316067e-19,5.809581769853893e-21,9.221493248631815e-32,6.060297482387947e-26,1.9265985823530347e-29,1.7217886854849422e-23,2.5689250448760258e-20,1.129518127100328e-34,2.4018241004092333e-40
8.550695309529694,2.4170601110518335e-10,0.00017699985517801017,3.7625563698850556e-24,8.065284324588606e-20,4.0664127579590054e-26,2.7727225635613727e-21,1.589143807269524e-29,4.7835894430574186e-23,1.0602679959774807e-52,1.7719941314025751e-41,4.44397640073796e-50,5.179559126694282e-32,6.021160377520363e-27,4.325441864828127e-40,2.076654794469146e-29,3.257603785621986e-31,7.231072416888997e-65,2.931730118758188e-49,1.1788696737556477e-46,3.628930317956919e-55,8.200827422996744e-63,7.963053690054213e-53,1.2555647977277745e-14,3.7616175891834495e-13,1.9760288932910892e-16,2.585629184173998e-12,3.131296802561927e-40,7.434931696411855e-39,3.8428805755985233e-19,1.4128842161769359e-13,2.212323815807109e-52,5.963167801208671e-56,2.219105006778745e-36,5.225738655611398e-34,7.435838209732454e-39,4.509869063619659e-35,3.332280246412403e-25,8.84992774395859e-24,1.7422050512243662e-21,1.2332509710870532e-11,3.16899980185935e-08,1.461663435768191e-19,2.8888125228196487e-18,2.5257761149478255e-18,4.218577351498329e-17,6.121228640377068e-28,1.4785236229526913e-25,2.8101647478818542e-21,0.00018239619802794415,0.49999997803087937,3.416364903885061e-08,0.24999996082680248,2.8756630373082297e-08,9.40378038937782e-11,1.2452984052627614e-25,1.5611219827062355e-24,1.7064904936914875e-19,1.734972297604425e-28,3.868694558409377e-32,2.73128791653121e-26,2.7461582214696395e-32,2.0317721638270824e-34,4.681961705427523e-18,3.5624087098889186e-13,9.49220006254978e-21,2.4018363067356213e-15,0.0,4.96495773574332e-35,1.2630471468698684e-44,2.0927357044853995e-09,5.89486136816756e-15,4.450458851121011e-22,6.310684772309616e-50,6.415904224475024e-14,2.103567508759624e-09,8.306714945365843e-21,4.812114570481595e-18,9.856054676981437e-20,6.6152607019458e-22,9.162637887094498e-17,4.203540142701035e-31,8.830863922279084e-43,9.105794443504315e-29,7.281365598195991e-23,0.09999999446371186,6.977834892914407e-09,4.856937296712333e-11,1.5436613650345158e-22,1.037304099082633e-39,1.298106170410517e-25,2.041923090170684e-19,8.618138411798618e-28,1.0074138934110923e-18,1.4180864177969175e-43,9.760135079262896e-18,3.2371611029368506e-17,8.052121297939202e-38,6.197456060395338e-28,1.3823711519800688e-26,2.255842912813267e-06,1.57087186735471e-10,6.179998161626647e-05,1.748969712649005e-11,6.859200243391134e-22,6.1890926827730754e-18,2.201356237220011e-19,1.7108097725143798e-43,2.70979401292505e-17,8.720452823591529e-13,1.3394693639039457e-19,2.180099935482389e-14,2.121238520379304e-52,3.480850381273158e-23,7.9487618609766e-17,3.335184568968212e-22,3.1675535019152035e-20,6.237812029875874e-17,1.677981865686024e-33,5.442488517506228e-24,1.600361108858361e-20,0.0003339997574741936,2.2967919368811945e-10,1.2086895107496218e-18,2.6988123467011536e-16,8.497289775668877e-40,5.989120957775978e-27,2.2575424220456535e-28,7.270537228004769e-35,6.597011963359889e-30,3.448647938544198e-37,6.279166603514043e-14,1.2420938870594652e-11,1.652974444237551e-12,3.5099983445815057e-06,1.3048801952419154e-30,1.937263392189141e-27,3.5564330094549157e-12,1.7799964406823082e-06,2.8675354698682473e-30,1.3960179684583555e-21,5.238652966816929e-43,2.910952090897439e-33,0.0,0.0,1.4414082213824112e-18,2.5278349967071256e-15,8.781818869803067e-27,3.5517361715928535e-16,1.6385767738307832e-37,3.1862215104205912e-24,1.6385926667957424e-37,4.006758980560416e-46,7.993181965928714e-35,4.045036902900637e-23,2.1792547374322086e-19,1.2218759341202342e-20,3.8399598115229357e-31,1.7928006339820245e-25,5.800760283468506e-29,5.1876904009306223e-23,5.363550656560321e-20,4.924791116958731e-34,1.5102953011878877e-39
12.365025114423291,3.0493958644065115e-10,0.0001769997905897456,2.310596006282722e-23,2.4422325211063566e-19,3.4184127319123206e-25,1.1792211133226235e-20,1.3268894891345154e-28,2.8183482193363637e-22,2.0228883126929904e-51,2.3390459792397115e-40,5.703339397461889e-49,6.233785404700811e-31,3.675986295977175e-26,2.8027232878865482e-39,1.7482454297443637e-28,3.748079747214665e-30,2.4947969457159885e-63,1.0692385463328058e-47,3.118465413777452e-45,2.6617254682391668e-53,8.600256451708651e-61,3.909244210363711e-51,2.6639791152601305e-14,5.206216744651966e-13,5.849331753155229e-16,3.6337667930851166e-12,4.142465938248727e-39,1.950035260271207e-37,1.1424101023566246e-18,2.8877810195682945e-13,1.1615228252325305e-50,1.1347556700552785e-54,2.8509664938294006e-35,4.623263418819254e-33,1.9503798305769166e-37,8.153183387359947e-34,1.4329298175147544e-24,3.796861168459094e-23,5.158217894785403e-21,2.578528721273541e-11,3.0751194564858265e-08,3.389990724760473e-19,4.375422734888228e-18,5.760894828087431e-18,6.241407284275218e-17,3.6957424075620256e-27,9.181369968210241e-25,8.547160192297789e-21,0.00018242842969693382,0.4999999687698506,5.0153509702127195e-08,0.24999994286943283,3.9593848139707703e-08,1.9122345721241185e-10,5.364952093698676e-25,6.729864440977244e-24,5.056356082877578e-19,7.484016249391197e-28,2.414789579523792e-31,1.1747387849463614e-25,1.6415575247571185e-31,2.0003190368348962e-33,2.85890256200649e-17,1.0378745776437905e-12,1.972364322835296e-20,3.4402354822398894e-15,0.0,2.1511706991617593e-34,9.131131320799693e-44,4.234296075843251e-09,2.4968298678207276e-14,9.216083500440116e-22,2.7171291237016387e-48,1.900205331541556e-13,2.9316066701834474e-09,2.4815798616091565e-20,9.771141579792848e-18,2.9103845943899094e-19,2.7696619126545893e-21,1.8930675785100901e-16,1.8245862089978418e-30,8.052178633309437e-42,5.6694868340369475e-28,3.123517240540499e-22,0.09999999130451599,1.0090529183820345e-08,9.507089960266986e-11,6.472442712043467e-22,9.615333065138425e-39,1.1670627704840438e-24,8.666200736903691e-19,5.318472268493297e-27,2.1122960123920268e-18,1.4978341220579074e-42,2.0269801309339744e-17,6.700794642018088e-17,5.053473806207467e-37,1.8617970372984042e-27,8.467805133963811e-26,2.2557728340841087e-06,2.2716591589421275e-10,6.179997314507765e-05,2.50249534215175e-11,4.214172781861049e-21,1.7972427396402268e-17,9.309130235780057e-19,2.3944444818987893e-42,1.1616114474898433e-16,1.7651559149777482e-12,8.304909207552634e-19,6.411993303821439e-14,8.223766783920071e-51,2.229878731743814e-22,3.3942422785570846e-16,2.059658691471677e-21,6.947850429626468e-20,1.8312441939975522e-16,2.185995729455083e-32,1.6372860850389593e-23,3.3337838929941954e-20,0.00033399965300974445,3.207893445666717e-10,1.8160439429067546e-18,7.935410117117372e-16,5.4527345802523496e-39,1.7991907641340624e-26,1.3604253364009485e-27,6.548121026139674e-34,4.091948496803401e-29,3.0741711228916316e-36,9.208309906778145e-14,2.5043921867649448e-11,2.3904095054645912e-12,3.5099976060628073e-06,5.676841715445117e-30,5.823293467332167e-27,5.142098155253092e-12,1.7799948539327387e-06,9.348269361534849e-30,4.263266589685239e-21,9.029717551170984e-42,3.4924128940947205e-32,0.0,0.0,3.0024889878931402e-18,3.455183411644568e-15,2.5767816570956035e-26,5.105435680968979e-16,6.98396179702362e-37,6.400776865058385e-24,6.984060163677087e-37,3.705360017636002e-45,2.340804633184937e-34,1.1978071138835935e-22,3.463441698100483e-19,2.5746842143876296e-20,1.616852555875344e-30,5.253990406699426e-25,1.7431670539220025e-28,1.560506021783415e-22,1.1202706987383498e-19,2.1444463334710866e-33,9.473563811335331e-39
17.88086705766717,3.964012555480427e-10,0.0001769996972036023,1.4272501823781066e-22,7.39492573600777e-19,2.9278782642411366e-24,5.010614583466723e-20,1.1350020312327677e-27,1.6813822374063495e-21,3.8522671240003024e-50,3.0816628261124815e-39,7.224594040700679e-48,7.671869955170298e-30,2.216562713972942e-25,1.8169155647937866e-38,1.4972744683734816e-27,4.481077139528914e-29,8.863430286230415e-62,3.9328206416886336e-46,8.283433717526631e-44,2.021898141106129e-51,9.388428600778165e-59,1.996883065893372e-49,5.680414797706583e-14,7.074707417705787e-13,1.7157012930575377e-15,5.044240829750176e-12,5.475128715822904e-38,5.0415283842801777e-36,3.3709588002907087e-18,5.843766173853437e-13,6.17100185400958e-49,2.2838078101225887e-53,3.6179714526523056e-34,4.033242213860836e-32,5.042822310179825e-36,1.449128031842261e-32,6.116541486377376e-24,1.6153145562242968e-22,1.5130977870880713e-20,5.38855512644796e-11,2.9442576721037208e-08,8.048228423926062e-19,6.672018535776748e-18,1.3439489217705125e-17,9.25698322213718e-17,2.236556176380678e-26,5.680745100756115e-24,2.6042880365069324e-20,0.00018247501631971801,0.4999999558839007,7.397243195516483e-08,0.24999991645512695,5.342034749056045e-08,3.840575142169692e-10,2.2962465228858204e-24,2.8831182347193816e-23,1.4848647928898813e-18,3.239364742736666e-27,1.4986931466772136e-30,5.015936237034743e-25,9.852964427384968e-31,3.0934007411881476e-32,1.7303397185968424e-16,2.9748793078538824e-12,4.08684432935486e-20,4.9068789869711275e-15,0.0,9.282186237533675e-34,8.001162382085503e-43,8.450534959590607e-09,1.0428686291322543e-13,1.9002255958641033e-21,1.25654796434326e-46,5.576413105449606e-13,4.018922572170823e-09,7.378665179081357e-20,1.9584703379499103e-17,8.504286034295068e-19,1.1588872678164514e-20,3.8908522972478147e-16,7.991963691441008e-30,7.436882873536975e-41,3.5065316385982395e-27,1.332717681480134e-21,0.09999998671749374,1.4591739060551608e-08,1.808832962252684e-10,2.6649739346521145e-21,9.355268248902527e-38,1.0415443655271661e-23,3.6303672685511124e-18,3.247812798434306e-26,4.41866607532754e-18,1.6133958984304228e-41,4.1968326549477336e-17,1.3807998004689282e-16,3.160887436695608e-36,5.576776265922256e-27,5.115254452211159e-25,2.255671488426196e-06,3.2851157380834114e-10,6.179996064670853e-05,3.564022575655375e-11,2.5590535380540136e-20,5.128227560077386e-17,3.879836466185182e-18,3.376148636768446e-41,4.937270592612971e-16,3.5241056016182612e-12,5.105411827611488e-18,1.86353761311767e-13,3.1455177333401636e-49,1.4344616311598151e-21,1.43458541531737e-15,1.2588832925076297e-20,1.6501017417923327e-19,5.307298394124105e-16,2.8293549344338256e-31,4.914241869205828e-23,6.937457907313159e-20,0.00033399950554496513,4.4152513765036833e-10,2.7749624075412954e-18,2.3051098539621838e-15,3.520604169384621e-38,5.392950948228928e-26,8.210083496583706e-27,5.866649663664861e-33,2.5267491395740953e-28,2.7098757566349524e-35,1.3870376679081783e-13,4.9706202771877934e-11,3.4568781983336312e-12,3.5099965380345007e-06,2.4640694259605455e-29,1.7458114791703483e-26,7.43422567308527e-12,1.7799925604204375e-06,3.239765625863895e-29,1.3064973543961926e-20,1.6022275864189841e-40,4.289438859953697e-31,0.0,0.0,6.243472623242919e-18,4.615081852983417e-15,7.46620781347556e-26,7.319352317356413e-16,2.944584531023688e-36,1.2646034983753507e-23,2.944644859769056e-36,3.4244960833517074e-44,6.7631297790361015e-34,3.5799043314622236e-22,5.609366018484689e-19,5.437058954775464e-20,6.856166691165733e-30,1.5196026178054836e-24,5.223737737629553e-28,4.683234370479895e-22,2.3462867816951527e-19,9.320228269182449e-33,5.921637022321039e-38
25.857238766221403,5.287018391602664e-10,0.00017699956218514542,8.813708085649793e-22,2.2372443013760832e-18,2.5293549617516666e-23,2.1150960651924143e-19,9.839409397232402e-27,1.0068503262380311e-20,7.310783499232084e-49,4.044876013633184e-38,8.98330404293778e-47,9.54909188056448e-29,1.311776904386828e-24,1.1719079758785925e-37,1.2916055942471613e-26,5.474844169522417e-28,3.2256964397269734e-60,1.4412811814645343e-44,2.191051830420634e-42,1.5619893107533133e-49,1.0461240039654995e-56,1.0409867268490412e-47,1.2183246062055977e-13,9.374748520193161e-13,4.966467623058191e-15,6.881767774696132e-12,7.219876390393684e-37,1.273155743064524e-34,9.842137829822994e-18,1.1659286553264735e-12,3.277016900058174e-47,5.672148732721445e-52,4.513053213374079e-33,3.450261091368844e-31,1.273631628443374e-34,2.5076336103964085e-31,2.5835127380126396e-23,6.789792639954393e-22,4.379961695196398e-20,1.1245866051625892e-10,2.7648070215420552e-08,1.954166221027792e-18,1.020321855712521e-17,3.210443680207942e-17,1.3733052027671723e-16,1.349328844699373e-25,3.4913261676834904e-23,7.949638338160704e-20,0.00018254233293120317,0.49999993816965127,1.0966513309443336e-07,0.24999987746187974,7.01109822170593e-08,7.577139028399751e-10,9.736905069295625e-24,1.2242051314607364e-22,4.30513460527954e-18,1.430396155998325e-26,9.225767378533908e-30,2.119541723200724e-24,5.9017593240946714e-30,6.515169978360171e-31,1.0319824783024879e-15,8.33129513315993e-12,8.434164300733152e-20,6.956726315660718e-15,0.0,3.9815662785602827e-33,9.163136911178633e-42,1.6550201171288988e-08,4.269737550800555e-13,3.893616908826726e-21,5.977359996518682e-45,1.6150624229548959e-12,5.380142158800293e-09,2.180452384874508e-19,3.853185726576676e-17,2.447893720062257e-18,4.8190506127409135e-20,7.938360403974699e-16,3.624601633931991e-29,7.1673980197276316e-40,2.1479991557493587e-26,5.63685160342401e-21,0.09999998005856116,2.1100850548603096e-08,3.307043591747392e-10,1.0693611670450172e-20,1.0243873888877343e-36,9.198778839818547e-23,1.4928288303011517e-17,1.9541108855593266e-25,9.209537970361057e-18,1.7595456073104897e-40,8.65162746719963e-17,2.8269713313242117e-16,1.9675397907822088e-35,1.663450332746228e-26,3.029286800636888e-24,2.255524920217028e-06,4.750797829763824e-10,6.179994213370715e-05,5.042117631644031e-11,1.528080582649286e-19,1.4274323451426586e-16,1.584069843960122e-17,4.762401948633002e-40,2.0736158094996957e-15,6.9025165318670115e-12,3.1008916450864184e-17,5.326225152696795e-13,1.1804078977148064e-47,9.27034579041516e-21,5.976040410590645e-15,7.582290527810237e-20,4.632251920748426e-19,1.510373657165977e-15,3.628482086572264e-30,1.4701479565464367e-22,1.443276812216863e-19,0.000333999299000662,5.955123981279372e-10,4.362267345944697e-18,6.581988618058897e-15,2.2982859874614767e-37,1.6158312784761158e-25,4.9331820348487747e-26,5.214257691747723e-32,1.5480780990347385e-27,2.3509494304820193e-34,2.2441287594717347e-13,9.648754989072157e-11,4.999239346599364e-12,3.5099949934338984e-06,1.0660420956478173e-28,5.213994908722181e-26,1.0746997589601933e-11,1.7799892459675329e-06,1.183118215703056e-28,4.020663989671675e-20,2.89160504402738e-39,5.332011509418333e-30,0.0,0.0,1.2950689311562517e-17,5.975510113788654e-15,2.126126512390812e-25,1.0453342620764093e-15,1.222910384875959e-35,2.4421564411323007e-23,1.2229469161466126e-35,3.149763809201081e-43,1.9178544054277107e-33,1.0778042534712362e-21,9.251977710266116e-19,1.1509898676025924e-19,2.917377554845987e-29,4.315939617311496e-24,1.559108861244569e-27,1.4007992914678673e-21,4.964689275489951e-19,4.0398760550441026e-32,3.6830890499198177e-37
37.39174361383633,7.200917170794573e-10,0.00017699936698243338,5.415200534199993e-21,6.7512266806757206e-18,2.185045002257795e-22,8.818493313339327e-19,8.571727343074695e-26,6.00351325528176e-20,1.3785778028146423e-47,5.271217933726054e-37,1.0881160286446727e-45,1.1910859049817617e-27,7.558967868873529e-24,7.4649118215069825e-37,1.1125076238986841e-25,6.74721026644664e-27,1.193831363729565e-58,5.197893055002145e-43,5.732595633246869e-41,1.2099283260134787e-47,1.1720360481814803e-54,5.451678750741301e-46,2.6289808122400174e-13,1.201120050977586e-12,1.4108668275350048e-14,9.165359110385521e-12,9.472455263876636e-36,3.103939840184802e-33,2.831055496360327e-17,2.2802999186751475e-12,1.718188181217426e-45,2.181043573868807e-50,5.49724441779778e-32,2.8728827571618785e-30,3.105635382520947e-33,4.171033684521595e-30,1.0750058759841005e-22,2.8053671644611523e-21,1.2441753638912785e-19,2.3399990992331625e-10,2.5244737167175903e-08,4.839185318704671e-18,1.559214011789933e-17,7.853422189020133e-17,2.0406347243079138e-16,8.067136398493721e-25,2.123280481638988e-22,2.4296795577129303e-19,0.00018263956263201464,0.49999991413144823,1.6337302539337407e-07,0.2499998197563549,8.872029467443095e-08,1.4571171842290644e-09,4.074578087744818e-23,5.133106192515646e-22,1.2257553965575251e-17,6.701496450309119e-26,5.613805208467158e-29,8.824808230269858e-24,3.503972753982599e-29,1.504924832129478e-29,6.019560288909826e-15,2.257837763837001e-11,1.7306265872418067e-19,9.778494260813432e-15,0.0,1.6933812008244485e-32,1.3032685413641668e-40,3.160546796181166e-08,1.6993145725126356e-12,7.906906657470868e-21,2.8229237760069217e-43,4.590403028496103e-12,6.959555335643259e-09,6.393581001461846e-19,7.383646291522452e-17,6.896759846155489e-18,1.978704762783614e-19,1.6032581120771566e-15,1.8118656101127817e-28,7.716523642449399e-39,1.297809324866606e-25,2.3530490762529214e-20,0.09999997040433745,3.051353837442957e-08,5.722402234668849e-10,4.138512115140526e-20,1.3770236634892596e-35,8.005967009237289e-22,5.979755486751561e-17,1.1516020443567002e-24,1.923086425960871e-17,1.922272212535833e-39,1.7724065750810572e-16,5.734265182417673e-16,1.2162073905234616e-34,4.9319411205088866e-26,1.744212121845276e-23,2.2553129375690707e-06,6.870624309345866e-10,6.17999146445641e-05,7.065882426422249e-11,8.910100751558566e-19,3.8376472068736876e-16,6.283211450880182e-17,6.643583066398665e-39,8.566306175723253e-15,1.3170848060665461e-11,1.8518189106880086e-16,1.487368583228424e-12,4.311775942663823e-46,6.016022520697399e-20,2.439473881958626e-14,4.473148198408671e-19,1.661138326296883e-18,4.1896634778452956e-15,4.5932601182201825e-29,4.3775000153153895e-22,3.0120470924947386e-19,0.0003339990121636126,7.814977674887658e-10,7.272491817826265e-18,1.8347921292353152e-14,1.540520580427409e-36,4.891017071865612e-25,2.931992217987e-25,4.580363216357219e-31,9.370740332240991e-27,1.9939547132575385e-33,4.259982640297348e-13,1.8158602857159974e-10,7.2299521462605074e-12,3.509992759516853e-06,4.590392793420082e-28,1.5487088783680234e-25,1.5533698037513774e-11,1.7799844573582631e-06,4.506462007599141e-28,1.2429679148128177e-19,5.258484894313831e-38,6.644726673108381e-29,0.0,0.0,2.676781114925535e-17,7.430226444748173e-15,5.914636361544713e-25,1.4847723990774398e-15,4.975207503276268e-35,4.574893550030139e-23,4.9754248700169e-35,2.8612749010604662e-42,5.3023242307056475e-33,3.2650088694747264e-21,1.5602510669070192e-18,2.445244682316349e-19,1.241441708212598e-28,1.196011104351552e-23,4.626528944759782e-27,4.1699729076951965e-21,1.084691321830564e-18,1.7443862340471542e-31,2.2748033304497974e-36
54.07160846228208,9.969826067250673e-10,0.00017699908477748224,3.2942412556349587e-20,2.025236849694517e-17,1.8719159331245796e-21,3.605575152002072e-18,7.448619454804624e-25,3.534317129678972e-19,2.5697929612957078e-46,6.779548827268474e-36,1.270681973187122e-44,1.4760837518077466e-26,4.198679929493932e-23,4.687116801282295e-36,9.485036108239965e-25,8.295471529923658e-26,4.452616045585402e-57,1.8191367274646515e-41,1.4742542835114927e-39,9.282352845521872e-46,1.303908991245102e-52,2.8301259539606425e-44,5.701187379961935e-13,1.4739023931240478e-12,3.90297569472074e-14,1.1814854958857693e-11,1.2302935785445348e-34,7.193895223345179e-32,7.97606750252466e-17,4.337902221985529e-12,8.776919239637563e-44,1.2375965302164058e-48,6.482801530036181e-31,2.306068538759438e-29,7.19966512101999e-32,6.556211883776518e-29,4.3796616042755275e-22,1.1311896076103687e-20,3.4414853725987624e-19,4.839189601293598e-10,2.2133969920460776e-08,1.2193540488088105e-17,2.4042542435729875e-17,1.970507411832809e-16,3.1128221085995556e-16,4.745747957031917e-24,1.2713886004633059e-21,7.421701049375552e-19,0.00018277990580393532,0.4999998818785998,2.442274605474981e-07,0.24999973435827746,1.0723916232070326e-07,2.701314249641693e-09,1.673720713021652e-22,2.1147330028590964e-21,3.401872861204661e-17,3.5432502245927694e-25,3.360611307583399e-28,3.598362622387581e-23,2.045735854453484e-28,3.4329412098150718e-28,3.4002316008396673e-14,5.843855214303802e-11,3.5223275668480735e-19,1.3578500923320338e-14,0.0,7.11434605218119e-32,2.0421971162940864e-39,5.841986902896528e-08,6.4989963810945626e-12,1.5851885414572e-20,1.283142498451337e-41,1.2702798805435857e-11,8.568094070962785e-09,1.857449845625018e-18,1.3638594633746609e-16,1.8854345028122147e-17,7.958615061657374e-19,3.1946176130004635e-15,1.101093960778234e-27,1.0224044622652861e-37,7.689536727416315e-25,9.637129858600591e-20,0.09999995644557012,4.412500350498432e-08,9.195424002515511e-10,1.523475358220892e-19,2.299343724893108e-34,6.82737144921338e-21,2.309116066992291e-16,6.595436731980654e-24,4.182633925424322e-17,2.0758849798430518e-38,3.598932075296525e-16,1.147808802859486e-15,7.442856492104494e-34,1.4497050175441734e-25,9.654318874239273e-23,2.2550063159881797e-06,9.936840118259217e-10,6.179987385846666e-05,9.770183285818047e-11,5.026170883653575e-18,9.834850336847104e-16,2.394365731863735e-16,9.027002978271311e-38,3.460164252842494e-14,2.426922291356557e-11,1.0803022780764422e-15,4.023854209825527e-12,1.516955540961822e-44,3.911750228201336e-19,9.68333029597918e-14,2.563494247815715e-18,7.406710096811881e-18,1.1216764276083379e-14,5.7103212139127115e-28,1.294778277795248e-21,6.373483342280645e-19,0.0003339986167637988,9.89562929874218e-10,1.3944645097848365e-17,4.947940163955017e-14,1.1133835274089359e-35,1.5579516901239467e-24,1.710002547996235e-24,3.956305633821787e-30,5.572253124314754e-26,1.6383329681724433e-32,1.041446948909899e-12,3.275460468683297e-10,1.0456435069868234e-11,3.5099895284742842e-06,1.9633497153622987e-27,4.564327538607631e-25,2.2447617839286305e-11,1.7799775414381774e-06,1.7736916194052277e-27,3.8578005571812934e-19,9.561027717741537e-37,8.228865352806776e-28,0.0,0.0,5.504550536758607e-17,8.792752091381232e-15,1.5959196371091677e-24,2.092499636345907e-15,1.9691508924825564e-34,8.241571840237544e-23,1.969277213376098e-34,2.536329927958726e-41,1.417615978173975e-32,9.96210385933776e-21,2.7653524854674523e-18,5.245351209948212e-19,5.264609494533112e-28,3.2088163106099005e-23,1.3614993176630614e-26,1.2329521572583147e-20,2.5822298241855058e-18,7.4916292019127305e-31,1.3913639937828236e-35
78.19209694774575,1.3975910174994178e-09,0.0001769986767983078,1.9723464179530037e-19,6.002528804072993e-17,1.575579405635935e-20,1.431723637474699e-17,6.408007412463626e-24,2.033505874680128e-18,4.695245933178505e-45,8.520528821025149e-35,1.4112986083301367e-43,1.8006249504647668e-25,2.220756698731317e-22,2.994509377815106e-35,7.924863713971043e-24,1.0064858046332546e-24,1.6541292208436582e-55,6.071634023860439e-40,3.701556008531174e-38,6.961311292193392e-44,1.4221610835125594e-50,1.4378513843424895e-42,1.2381594791932333e-12,1.71764916836046e-12,1.0404911789120663e-13,1.4595918558976397e-11,1.5684514930008866e-33,1.5530838315911692e-30,2.1842258901005696e-16,7.946635696449641e-12,4.297707112465794e-42,7.960911096802592e-47,7.321903386730291e-30,1.7631469206233775e-28,1.554924416562469e-30,9.521642863900006e-28,1.732577394824625e-21,4.407570376041564e-20,9.173462391581508e-19,9.890127987619583e-10,1.830085765384382e-08,3.141142808340931e-17,3.984967193736245e-17,5.128516941895657e-16,5.40040304984217e-16,2.722893077611602e-23,7.445314511990525e-21,2.256576795694507e-18,0.00018298228254354178,0.49999983887163724,3.653881908023767e-07,0.24999960845589858,1.229128273986113e-07,4.7534678615835294e-09,6.700620602392921e-22,8.503202119174089e-21,9.111461237635568e-17,2.1909091355207145e-24,1.966529897684103e-27,1.4251778035433565e-22,1.1629618683454975e-27,7.41589072505363e-27,1.835819188752026e-13,1.4195977238905837e-10,7.087410883807552e-19,1.85360020750808e-14,0.0,2.9369231767651416e-31,3.2220759217540564e-38,1.0375267521481808e-07,2.3517137346754463e-11,3.120314937852152e-20,5.443458569656765e-40,3.385185317794812e-11,9.822809832632806e-09,5.341093267539399e-18,2.3993837821882766e-16,4.946067232245498e-17,3.10385083208371e-18,6.26432561774753e-15,8.536626602152147e-27,1.720478623131432e-36,4.432586922875116e-24,3.8414994351209464e-19,0.0999999363384069,6.380817357142275e-08,1.3435356048969081e-09,5.24180756095005e-19,4.32544516096036e-33,5.662299517120183e-20,8.478314752229547e-16,3.633817335691586e-23,1.0819196959427396e-16,2.1837193652729363e-37,7.216755057848623e-16,2.254573741104163e-15,4.489933533789786e-33,4.209276562671492e-25,5.059782450197634e-22,2.254562737481423e-06,1.43726251858318e-09,6.179981368692103e-05,1.3259201520573324e-10,2.7098553462570838e-17,2.362310884118903e-15,8.639862480452366e-16,1.1774724988090533e-36,1.3564801733818018e-13,4.273968585153953e-11,6.104393433912169e-15,1.0433195434301139e-11,5.068783111031378e-43,2.535250896495472e-18,3.700381775144086e-13,1.411355332505539e-17,3.688260891351529e-17,2.861569567395715e-14,6.924793872556003e-27,3.79394715801516e-21,1.406031376231209e-18,0.0003339980733425083,1.1991066635733363e-09,3.570207474308302e-17,1.2759436926505906e-13,9.745802619250864e-35,5.8373800477864e-24,9.687689724882119e-24,3.336782701377436e-29,3.2299392255157714e-25,1.288303788369571e-31,3.246350205164399e-12,5.583516924019684e-10,1.5123622357600123e-11,3.5099848548531957e-06,8.317172181640385e-27,1.3303403954424173e-24,3.242887961333967e-11,1.7799675582336743e-06,7.184410561440111e-27,1.1992269351500026e-18,1.7250623971716013e-35,1.0031758886716683e-26,0.0,0.0,1.1237945469202886e-16,9.849941210055556e-15,4.144974428504034e-24,2.916338135290614e-15,7.521644261138499e-34,1.4156772149956609e-22,7.522356060270062e-34,2.157669742418829e-40,3.6317403007773803e-32,3.092039715588175e-20,5.655209562106121e-18,1.1673492131097542e-18,2.2161916483181215e-27,8.26428137883592e-23,3.9590932959217056e-26,3.610886945384609e-20,7.359641711518853e-18,3.193994362003308e-30,8.397242573912098e-35
113.07235347641867,1.977198392467017e-09,0.0001769980869830424,1.152927110229446e-18,1.739971334938873e-16,1.2879412899561929e-19,5.447429275252788e-17,5.410295714680081e-23,1.128460051094014e-17,8.297324044113797e-44,1.0306057772567853e-33,1.465713026464211e-42,2.137774330605849e-24,1.1037003679499773e-21,2.2020761994814244e-34,6.406935040160095e-23,1.1903547282072717e-23,6.027771920290953e-54,1.889673517743292e-38,9.007777216508862e-37,5.0234882286374194e-42,1.498079290423644e-48,7.056049411399464e-41,2.6744082427324125e-12,1.8945542534682692e-12,2.6368574103350764e-13,1.711869896332259e-11,1.9369767019958462e-32,3.042696018421594e-29,5.75953168626185e-16,1.3849923728977242e-11,1.9758595093905805e-40,4.9209779134362486e-45,7.818794875346127e-29,1.2661563122555e-27,3.048069126581237e-29,1.2413009304561673e-26,6.58330649254209e-21,1.6376016719199598e-19,2.32453904227009e-18,1.9786371301815566e-09,1.3900909371467608e-08,8.480129512068295e-17,8.353147864114971e-17,1.4361114949630217e-15,1.2972193894394415e-15,1.506639414186042e-22,4.225980087287712e-20,6.7780955116612185e-18,0.00018327371347717702,0.4999997814907425,5.452494268246715e-07,0.24999942429769614,1.3346136745331844e-07,7.770600558766867e-09,2.590431573911683e-21,3.308898119995657e-20,2.32466406063893e-16,1.503346668938188e-23,1.1154628059970238e-26,5.423884113317177e-22,6.357199255034659e-27,1.4828525674658993e-25,9.315870049079337e-13,3.1663302662896094e-10,1.403632041257163e-18,2.4713581931421893e-14,0.0,1.1824322876710176e-30,4.860070158681474e-37,1.7607343177652102e-07,7.891044962798167e-11,5.984703386913183e-20,2.0866590333384923e-38,8.560211096351625e-11,1.016425082862051e-08,1.521121770972861e-17,3.9937029980863804e-16,1.231013012199356e-16,1.1584049621702122e-17,1.2135047387033747e-14,7.824697812011841e-26,3.3518967450297117e-35,2.4595568862580915e-23,1.4744332534190264e-18,0.0999999074651787,9.227137176734572e-08,1.7535656087383606e-09,1.6527513970865361e-18,8.152002511919552e-32,4.523572094927408e-19,2.9086394225670244e-15,1.9016716960553729e-22,4.0146402884313497e-16,2.2068712519008363e-36,1.4220437310992615e-15,4.312086190086927e-15,2.653733741900485e-32,1.2011400864558188e-24,2.462636812747959e-21,2.253920884368717e-06,2.0791156312904364e-09,6.179972593087796e-05,1.7538391226901576e-10,1.375493766571465e-16,5.211111726994681e-15,2.8994747472591534e-15,1.470339626406236e-35,5.115854092919915e-13,7.111834629317926e-11,3.3054552293377885e-14,2.558910634293914e-11,1.5802115606057907e-41,1.6221556630891774e-17,1.3442356519161379e-12,7.356832235677663e-17,1.8690922544222256e-16,6.848828566135461e-14,8.120586029086983e-26,1.097335196367359e-20,3.4216182890635068e-18,0.00033399732235819227,1.383417253169708e-09,1.321479791921111e-16,3.103153960713481e-13,1.1665706274970083e-33,3.0001226300258194e-23,5.261278473282937e-23,2.7224048527301065e-28,1.805886264151738e-24,9.545693975553031e-31,1.1546700090803989e-11,8.854947529310324e-10,2.187570874293306e-11,3.5099780938033132e-06,3.4758026556695713e-26,3.817241162523073e-24,4.6827397099835186e-11,1.7799531578696766e-06,3.0401748708924506e-26,3.714138090492596e-18,3.0628933556700134e-34,1.1902042955118972e-25,0.0,0.0,2.270993068455569e-16,1.048247239699223e-14,1.0291950411794255e-23,4.001238436556921e-15,2.749415264734561e-33,2.3042761300529703e-22,2.7498010687809526e-33,1.7268378241177285e-39,8.834416840826474e-32,1.0175008649454897e-19,1.5651001959479226e-17,2.9458928462855856e-18,9.217032232720405e-27,2.0267481857932199e-22,1.131814125225092e-25,1.0435680571189843e-19,2.6932714815179226e-17,1.3494924104673355e-29,4.9795064290052515e-34
163.5121402261457,2.8157564733134667e-09,0.00017699723426892362,6.507692524730295e-18,4.857841645381816e-16,1.0071212521486744e-18,1.9495425853362023e-16,4.434287868923501e-22,5.934044827142704e-17,1.3913256783246038e-42,1.1742696891826723e-32,1.3956849725641706e-41,2.434032223986269e-23,5.099556791398626e-21,2.2130923339904065e-33,4.928088474871341e-22,1.3513226351081548e-22,2.111725974976718e-52,5.326361509317558e-37,2.1127835238794744e-35,3.41716134407995e-40,1.4947980661753832e-46,3.305781692106742e-39,5.683276359979814e-12,1.990996751512036e-12,6.245685175649136e-13,1.896941096900135e-11,2.274787417131561e-31,5.239186230862293e-28,1.4468791317234478e-15,2.2666228562197192e-11,8.303323179096185e-39,2.6977799706173777e-43,7.791538139922828e-28,8.431270323598451e-27,5.25312117045406e-28,1.4023911452422255e-25,2.3702967554010065e-20,5.702338726243849e-19,5.506095508352139e-18,3.81826170676311e-09,9.339918220163025e-09,2.539925983301989e-16,2.4806990600120966e-16,4.648309951604543e-15,4.459446831167759e-15,7.926486331910001e-22,2.297857887915809e-19,1.9866328163327625e-17,0.00018369263741449768,0.49999970472865296,8.092541327163456e-07,0.24999915770620534,1.3860821763611876e-07,1.1460870160648448e-08,9.562289775493226e-21,1.2336461733411684e-19,5.559469407125886e-16,1.0263083226211328e-22,6.068907156315422e-26,1.956837790273154e-21,3.2889007307439076e-26,2.6994143964395574e-24,4.352368562247382e-12,6.323129836918182e-10,2.7204600444624903e-18,3.1917647048186097e-14,0.0,4.5945906596527545e-30,6.767419200189612e-36,2.851553139438539e-07,2.3952145769376814e-10,1.1068105000370598e-19,7.012038539143271e-37,2.01493026274896e-10,9.07945688615059e-09,4.3209102159405833e-17,6.478463373932082e-16,2.906869107235196e-16,4.068968780370217e-17,2.3924912118623232e-14,7.623695916607162e-25,6.666463413694552e-34,1.295647968024401e-22,5.373037895086982e-18,0.09999986602048018,1.334308776967932e-07,2.038758237865051e-09,4.708744345778301e-18,1.4168023134196297e-30,3.4403744154416505e-18,9.133030476853341e-15,9.30740749246758e-22,2.0189533964982515e-15,2.1225537589408048e-35,2.735573598633152e-15,7.946125343505564e-15,1.523686949579851e-31,3.3452173427989446e-24,1.087524322787806e-20,2.252991834167968e-06,3.0081658320385835e-09,6.179960007727014e-05,2.2417515863314677e-10,6.458069832594923e-16,1.0322033417819788e-14,8.861672654429446e-15,1.8060536555532806e-34,1.8377772203033504e-12,1.1050837672120773e-10,1.6928131933605223e-13,5.8458699862381e-11,4.4975317085974145e-40,1.009185024634673e-16,4.570639381324657e-12,3.563178681424875e-16,9.12788366795175e-16,1.5113273892970656e-13,9.109848023202446e-25,3.118344460988029e-20,9.848381514577698e-18,0.0003339962674855535,1.523968427071616e-09,6.213604410776487e-16,7.013464342370413e-13,1.7878029691498153e-32,2.1092093011698905e-22,2.69247048767931e-22,2.122811073521749e-27,9.602750141251253e-24,6.541206283508844e-30,4.215610430817315e-11,1.2886021487494391e-09,3.164584593839868e-11,3.5099683113960406e-06,1.4251853789423026e-25,1.0716509610123989e-23,6.757529028836971e-11,1.7799324080423677e-06,1.4462954620555285e-25,1.1356135082813666e-17,5.296994905051489e-33,1.3540136821548515e-24,0.0,0.0,4.524351871437202e-16,1.076174027160385e-14,2.4325594251906914e-23,5.371025511863372e-15,9.543099469734291e-33,3.5476178847003945e-22,9.545095151730234e-33,1.274131180834725e-38,2.0249582560457826e-31,3.9848188915996935e-19,6.045326071309655e-17,9.934533679121455e-18,3.764732116436949e-26,4.704243759388247e-22,3.1583519519326135e-25,2.961874286397951e-19,1.2018353464452901e-16,5.655721403579193e-29,2.891691616078355e-33
236.45231729355083,4.028943209872896e-09,0.0001769960014619951,3.495388878745142e-17,1.279546070183513e-15,7.38551508262874e-18,6.405177085882953e-16,3.47935161459315e-21,2.888565457654688e-16,2.1591324928549338e-41,1.226443243766704e-31,1.1940626716971867e-40,2.6064076645577937e-22,2.1944972098657067e-20,2.9291233042950745e-32,3.525778536041698e-21,1.4433395990112854e-21,6.935369504901793e-51,1.3105590126461838e-35,4.815726935981142e-34,2.1334895454099083e-38,1.3778851245370415e-44,1.4820731081767247e-37,1.1710010601581991e-11,2.0288470576769466e-12,1.3558305616926824e-12,1.9966073916943388e-11,2.4824379413661962e-30,7.646038127456654e-27,3.4265504739679368e-15,3.4421157201628736e-11,3.0836362846888697e-37,1.2382064501548296e-41,7.206718944509139e-27,5.212379690956936e-26,7.677071723670653e-27,1.3197190168246586e-24,7.959937766622006e-20,1.8213162073640093e-18,1.1957541791735157e-17,6.962686280870819e-09,5.255554268317309e-09,8.993525152637626e-16,8.989817278922265e-16,1.843929417534651e-14,1.7491551070883313e-14,3.8970892068400484e-21,1.1792916504651779e-18,5.58062719571745e-17,0.00018429352319712295,0.4999996028527303,1.1932918253939302e-06,0.24999877541951546,1.4021441188590291e-07,1.4677499390545868e-08,3.327713630720299e-20,4.359239555305445e-19,1.2232113143691337e-15,6.349996949590169e-22,3.1281186940121237e-25,6.587139882306054e-21,1.5790777519141442e-25,4.4160360994879115e-23,1.82905015179041e-11,1.104292205270763e-09,5.124343011431201e-18,3.9550578523233505e-14,0.0,1.69855118953067e-29,8.436824505542876e-35,4.424755343741603e-07,6.397959149440466e-10,1.9465248489762473e-19,2.0512085369636473e-35,4.312184919101756e-10,6.573041568355892e-09,1.2632367908529673e-16,1.1905076279927737e-15,6.873987483207192e-16,1.318147996319147e-16,5.3005678628414544e-14,7.757817298134527e-24,1.2377182366109102e-32,6.368968465306402e-22,1.826135786988471e-17,0.09999980637683616,1.92949576795127e-07,2.163703122101644e-09,1.2398828165665016e-17,2.14815249059833e-29,2.4561436780726002e-17,2.5680565827147338e-14,4.1815767894401156e-21,1.0716663609011963e-14,1.9460485086273722e-34,5.095508724588873e-15,1.3914821323781924e-14,8.400300684519847e-31,9.009416738828067e-24,4.252222095819527e-20,2.2516464905331196e-06,4.353509466888041e-09,6.179942333178691e-05,2.742669114694769e-10,2.751672965842305e-15,1.7963963857245187e-14,2.4114629567294162e-14,2.3398616233750154e-33,6.220370106724936e-12,1.5849464363641142e-10,8.07168449347452e-13,1.2217614753384672e-10,1.1398051291392136e-38,5.973636754060052e-16,1.4274954329785656e-11,1.5656885573621352e-15,4.163556599263247e-15,3.024761436426216e-13,9.650292388008431e-24,8.658363416726013e-20,3.405439017061337e-17,0.0003339947476514568,1.6265651544172518e-09,3.1212878762034155e-15,1.454324593389626e-12,2.877360620040696e-31,1.711973116686887e-21,1.2703193889250966e-21,1.5588160115122633e-26,4.7673153526242595e-23,4.06113321668617e-29,1.4795465394780695e-10,1.712100968042435e-09,4.5786658007611083e-11,3.5099541540882983e-06,5.69211337664053e-25,2.9197062710766816e-23,9.742503052129313e-11,1.7799025558394373e-06,9.132892010789456e-25,3.3814891147194465e-17,8.807586855738641e-32,1.4482553943144007e-23,0.0,0.0,8.839145063070371e-16,1.0892561192965659e-14,5.46886757358647e-23,6.997598132033759e-15,3.126285783313138e-32,5.180509936596903e-22,3.12726442211431e-32,8.519196054780031e-38,4.349501746790064e-31,2.157376285940879e-18,2.729114083979775e-16,4.7082587167029074e-17,1.4989213824898103e-25,1.0302963108529258e-21,8.519335579523574e-25,8.2062714365044215e-19,5.772044291332612e-16,2.377395857993799e-28,1.65037662813156e-32
341.9299525782251,5.7843552335105985e-09,0.00017699421914668111,1.7540265109666885e-16,3.102433367483171e-15,4.9533517367715516e-17,1.8759257793311253e-15,2.569413964901479e-20,1.263677542021966e-15,3.011003105522949e-40,1.1381331091272214e-30,9.018393702444301e-40,2.5592012127650583e-21,9.113710813551529e-20,4.407093743148183e-31,2.278087146137359e-20,1.4135556004132277e-20,2.0737038427547846e-49,2.6935798102873856e-34,1.1276910991064674e-32,1.182607487525307e-36,1.1371109932362387e-42,6.694879474092411e-36,2.2993149066819784e-11,2.045326441381168e-12,2.6423089917142325e-12,2.030404124933502e-11,2.453643298049052e-29,9.11239886929984e-26,7.585534258834408e-15,4.8121142872223167e-11,9.718780977335108e-36,4.508708715799479e-40,6.356970602736968e-26,3.1497001325180597e-25,9.169684958137787e-26,9.939043767807775e-24,2.4518586872497262e-19,5.201901101488531e-18,2.3331300963353636e-17,1.170221432648724e-08,2.2886264781478064e-09,3.742238799662756e-15,3.2569231287464976e-15,8.597255470394024e-14,6.506839943345381e-14,1.7552593491244294e-20,5.609449252444893e-18,1.4675160845955884e-16,0.0001851531870896056,0.49999947228408065,1.7493897799230351e-06,0.24999823023445886,1.4048413821836359e-07,1.5562482158680653e-08,1.0774981407479571e-19,1.4454147580592306e-18,2.427033130217601e-15,3.3714454245755605e-21,1.5069673248659242e-24,2.033560152223463e-20,6.87519920552455e-25,6.415571958229463e-22,6.759761826509822e-11,1.6692487508695831e-09,9.309825054452267e-18,4.658836486429462e-14,0.0,5.861001638008258e-29,9.147076557467495e-34,6.625803002294755e-07,1.4664174136435296e-09,3.1988601014639563e-19,5.655464121667781e-34,8.176639942950038e-10,3.529013042389365e-09,4.182899745636516e-16,3.1692544133269274e-15,1.9536639712186895e-15,3.8473181956321414e-16,1.5381535333627138e-13,9.071309279641469e-23,2.0271516119602786e-31,2.8627391586460147e-21,5.661999512286168e-17,0.09999972028195292,2.7901567270473913e-07,2.1924905091894066e-09,3.477912387734118e-17,2.7274638411290616e-28,1.61902352058369e-16,6.345280851408905e-14,1.686002875635326e-20,5.101814149204195e-14,1.7432077298613405e-33,9.103255481246619e-15,2.277013129133817e-14,4.378412570882688e-30,2.3190597333035406e-23,1.44388603083759e-19,2.249697151228929e-06,6.302848771076819e-09,6.179918115108568e-05,3.18509199995773e-10,1.0444855591859895e-14,2.7029847829991717e-14,5.714995806353055e-14,3.598618353272466e-32,1.960231128739533e-11,2.076062099012968e-10,3.517513884488431e-12,2.2875910126152404e-10,2.503288597192026e-37,3.2699408339447706e-15,4.001915053170101e-11,6.0556579831706835e-15,1.7402571647869283e-14,5.431280123606206e-13,9.507300928495532e-23,2.3349865938923613e-19,1.3162371474456218e-16,0.0003339924862675686,1.720655165403809e-09,1.5172770178434322e-14,2.7490083842983527e-12,4.192189138328191e-30,1.3925861980253874e-20,5.3792047006211736e-21,1.0604807629698962e-25,2.157606694787927e-22,2.2384090181223176e-28,4.795833738216507e-10,2.1037147194987243e-09,6.626057331363331e-11,3.509933657913047e-06,2.1939276308241015e-24,7.641025647933422e-23,1.402707441611547e-10,1.7798597061579626e-06,8.370711190158577e-24,9.631528934557953e-17,1.3855127771029339e-30,1.419685781082822e-22,0.0,0.0,1.6823609704192812e-15,1.1062725765269544e-14,1.172012522664884e-22,8.763019421087413e-15,9.624160230911106e-32,7.2072404473658835e-22,9.628686689913437e-32,5.097431520120551e-37,8.716060877764795e-31,1.5571106468807727e-17,1.2161454710604792e-15,2.617360227759907e-16,5.7640249397336275e-25,2.12786299917363e-21,2.1925871859605605e-24,2.2041393006215704e-18,2.6990290047164347e-15,1.0396978489122866e-27,9.498735304953398e-32
494.45949106516065,8.325281138441499e-09,0.0001769916422874579,8.051002685721668e-16,6.750737607660408e-15,2.949959926978444e-16,4.747022432583942e-15,1.7512683840663978e-19,4.799208205008634e-15,3.656982772986288e-39,9.087178785388542e-30,5.942680241458665e-39,2.2330693721745784e-20,3.9925565362220494e-19,7.608568246683452e-30,1.2815752620475565e-19,1.2296374031148656e-19,5.47208275859588e-48,4.402824915156645e-33,3.053271613521386e-31,5.598776484059714e-35,8.096387644024404e-41,3.407402759398668e-34,4.221372418861651e-11,2.065695202471658e-12,4.533606817555296e-12,2.0349619102282585e-11,2.1415661148242547e-28,8.581287136177336e-25,1.5620829808267577e-14,6.174877331626589e-11,2.4846714348103836e-34,1.239116494596097e-38,5.898381232212009e-25,2.1203668665365015e-24,8.666161066304982e-25,5.786946756944465e-23,6.81901556557258e-19,1.291279357238371e-17,4.0135788191041744e-17,1.768937447327948e-08,6.887059403124075e-10,1.677942429496126e-14,1.0726205986117468e-14,4.2100137728043225e-13,2.1290153733138037e-13,7.090809097383339e-20,2.4200805596909073e-17,3.512128078616636e-16,0.0001863790102088361,0.49999931849943974,2.553538937464153e-06,0.24999745354821604,1.4050075788133404e-07,1.2937135446981444e-08,3.206255451424781e-19,4.463689658099875e-18,4.256382018589517e-15,1.4953906677078135e-20,6.693966956621143e-24,5.660536574589375e-20,2.645851293113906e-24,8.151920849147623e-21,2.1630427968647095e-10,2.2278693349293473e-09,1.6202716378298148e-17,5.188386330588867e-14,0.0,1.8423532885364728e-28,8.417408551499002e-33,9.634184810780973e-07,2.8458798433788812e-09,4.81452433272992e-19,1.7837695293604132e-32,1.3424890158733315e-09,1.2422951235533902e-09,1.8113157845995367e-15,1.1420210588764985e-14,7.880700788343265e-15,9.867631593335333e-16,5.775825031304303e-13,1.2490407824388137e-21,2.8244535397186213e-30,1.1502261972431025e-20,1.5590246043865471e-16,0.09999959582662087,4.034683092735065e-07,2.195185949366208e-09,1.3264946502565745e-16,2.814690536508666e-27,9.66668501928569e-16,1.3626702154003381e-13,5.93745375593136e-20,2.0324263024406437e-13,1.6188277036504194e-32,1.544756437316086e-14,3.421411320944064e-14,2.1153390106245964e-29,5.625754758554231e-23,4.243277482052978e-19,2.246870334482279e-06,9.129665517726031e-09,6.179885793884447e-05,3.5002180652461254e-10,3.4775562408689664e-14,3.504477795464892e-14,1.157240760850187e-13,7.811516177833965e-31,5.6755643511608144e-11,2.4706658580843126e-10,1.370762868337717e-11,3.7506161073832144e-10,4.6335847744813076e-36,1.5983859909995676e-14,9.791343673559583e-11,1.9848487427101294e-14,6.598637638295924e-14,8.750348073763738e-13,8.558455829359588e-22,6.08283709784796e-19,5.154151822347016e-16,0.00033398898601163,1.8396154879092523e-09,6.80950776950079e-14,4.754241115069505e-12,5.089896749936297e-29,1.0494628981554442e-19,1.9808476463550965e-20,6.582874909062274e-25,8.63557851991585e-22,1.075340525814597e-27,1.4007808071834966e-09,2.471377685704568e-09,9.591833521026263e-11,3.509903967467431e-06,8.069224853261535e-24,1.8977035923025675e-22,2.0156564871014255e-10,1.779798402705796e-06,9.336826676363328e-23,2.5672539328081854e-16,2.023400809655611e-29,1.23569713074601e-21,0.0,0.0,3.0962424613343925e-15,1.1412070274546914e-14,2.4016468424039563e-22,1.0439794975205011e-14,2.7729668443322458e-31,9.585067940640648e-22,2.7749334957043647e-31,2.7047831366914582e-36,1.6200559457095976e-30,1.2243674807342326e-16,4.8999135476089316e-15,1.4183050729685387e-15,2.1181260131323126e-24,4.1435650579627365e-21,5.2961944214157665e-24,5.6982415060139466e-18,1.1581541579213862e-14,5.064564988366261e-27,5.888315090696163e-31
715.0300418577249,1.200528659447095e-08,0.00017698791589031946,3.3051971125820753e-15,1.2884398254081515e-14,1.5119190619004907e-15,1.0102047283090031e-14,1.0793814963698805e-18,1.5253319284141397e-14,3.751673850895724e-38,6.055003545753824e-29,3.3996366020273274e-38,1.670176056200104e-19,1.996915014200673e-18,1.4901498302035345e-28,6.016220738841254e-19,9.158217074755764e-19,1.236213485700814e-46,5.444070448459737e-32,9.840566837777969e-30,2.1725665293455928e-33,4.780185252175651e-39,1.96165288180999e-32,7.098983909345146e-11,2.1018405509616037e-12,6.744132096284685e-12,2.0327974654891925e-11,1.6127946125941574e-27,6.241134007674772e-24,2.988763406639286e-14,7.280485859062011e-11,4.921269528645951e-33,2.4662597907300693e-37,6.429006424082406e-24,1.6985573676755495e-23,6.339682242712812e-24,2.548220784574318e-22,1.6908549341546583e-18,2.7035509724636064e-17,5.996820446080353e-17,2.368156061534191e-08,1.2289691361745903e-10,7.403900745446801e-14,3.103828997539164e-14,1.983894753014488e-12,6.016253738246998e-13,2.5204052497895393e-19,9.237319283299174e-17,7.414376348178245e-16,0.00018811856754525683,0.4999991703221112,3.71606044325267e-06,0.24999634598600493,1.4049653414459556e-07,7.965699818419236e-09,8.670444103187288e-19,1.2790106790046162e-17,6.4744527937699075e-15,5.472721957618811e-20,2.7074718342852484e-23,1.3995082274081936e-19,8.767043047805432e-24,8.858051911945034e-20,5.985710721475186e-10,2.7724774225534917e-09,2.6911916226186427e-17,5.481241101831843e-14,0.0,5.128140851493692e-28,6.489570576956289e-32,1.3634735596690411e-06,4.722576076121513e-09,6.512931941728153e-19,6.482379537124213e-31,1.886951060972821e-09,2.428915916486281e-10,1.0152391191944776e-14,4.154640236176157e-14,3.7824930276003226e-14,2.1722885975523132e-15,2.2834333657086486e-12,1.657961387079548e-20,3.288044806355187e-29,4.0333930122713434e-20,3.692200591992031e-16,0.09999941587057595,5.834243449002145e-07,2.1951951988002297e-09,6.498690617552648e-16,2.3213530453736825e-26,5.1166852524721276e-15,2.5396231950034726e-13,1.7726030800651494e-19,6.63648497884956e-13,1.6632630603834107e-31,2.470396481386504e-14,4.665836538874302e-14,9.254327279691894e-29,1.266885382239687e-22,1.1028293842816559e-18,2.2427664807225406e-06,1.3233519277465165e-08,6.179843457191785e-05,3.6654995876597895e-10,1.0055286294890315e-13,3.988720113141284e-14,1.9762076572303214e-13,2.32505193254308e-29,1.4888950870453851e-10,2.696388445206192e-10,4.662236168745284e-11,5.28517031736504e-10,7.036615674343789e-35,6.704142533533243e-14,2.0244959506914738e-10,5.26947303794138e-14,2.2666744269568853e-13,1.2820215305924087e-12,6.900622004179685e-21,1.5246929902732332e-18,1.899507595471617e-15,0.00033398333490594,2.0089945629504955e-09,2.7635841639156983e-13,7.622785409200564e-12,4.905015057437336e-28,6.992895622510677e-19,6.126987466326415e-20,3.692832317364928e-24,2.9410590858657405e-21,4.433877759356034e-27,3.6545486902902586e-09,2.8847499120049433e-09,1.3890910159476357e-10,3.509860917416856e-06,2.797008912868521e-23,4.414831136711066e-22,2.8883048626230286e-10,1.7797111147299221e-06,1.0226686445364036e-21,6.238652087295795e-16,2.6878500906546493e-28,9.206550913686846e-21,0.0,0.0,5.470587303652324e-15,1.2121442733259428e-14,4.7206645405142e-22,1.1737635551364024e-14,7.439548739462307e-31,1.2237170030482224e-21,7.447540052331209e-31,1.263287735220287e-35,2.7702447346405825e-30,9.030511335038004e-16,1.712007141600875e-14,6.807143684714195e-15,7.356215808784406e-24,7.603491965134098e-21,1.1781612677518691e-23,1.4100363305089293e-17,4.415961088029448e-14,2.878606440914345e-26,4.2274462661829546e-30
1033.9936233354333,1.733736952577491e-08,0.00017698252398549535,1.1868575444855199e-14,2.1182368948682503e-14,6.476235636715079e-15,1.778453111527207e-14,5.897207342672717e-18,3.9182816863190246e-14,3.162332345880761e-37,3.2805722777514398e-28,1.6900313442447957e-37,1.0304545289438964e-18,1.0631078547540665e-17,2.6958202788917863e-27,2.249528457220479e-18,5.61473218043497e-18,2.325938562187227e-45,4.861257759312518e-31,3.1501435698862053e-28,6.635539027286405e-32,2.250251935111592e-37,1.0297576815379533e-30,1.0707633255906582e-10,2.1631478204701482e-12,8.655812000415527e-12,2.0295850828670344e-11,1.0273663802585706e-26,3.483516625199234e-23,5.3238677540824155e-14,7.935249232684819e-11,7.241095775649955e-32,3.461255994712255e-36,7.648843137220654e-23,1.375846258956217e-22,3.57226928069493e-23,8.487225699034101e-22,3.711825968043954e-18,4.6463791677186234e-17,7.73299690842361e-17,2.815754888936271e-08,1.2574680944259333e-11,3.04285644789587e-13,7.800227225617159e-14,8.654782555033343e-12,1.487805009703921e-12,7.81988188790881e-19,3.0376227423299933e-16,1.3384693779911313e-15,0.00019056973892349907,0.49999910697966016,5.396416604179974e-06,0.24999476704749163,1.4048993852575433e-07,3.4158347079593044e-09,2.1096662814538934e-18,3.40103583451617e-17,8.428615985456586e-15,1.6543083097921205e-19,9.868806018747505e-23,3.0413328131150304e-19,2.4440422871970235e-23,7.986353399884381e-19,1.4563336772513538e-09,3.399509830687312e-09,4.272039555087655e-17,5.573736412616288e-14,0.0,1.2293475256526808e-27,4.207402354796346e-31,1.8746804620682724e-06,6.933924390581928e-09,7.848699710351357e-19,2.0510660091761836e-29,2.2913646761161608e-09,2.2677045617635445e-11,6.047578300695035e-14,1.305065197996473e-13,1.6662340260097358e-13,4.051193681770327e-15,8.149054010725748e-12,1.7471644577596953e-19,3.2030074851386e-28,1.206023440791994e-19,7.263338648668982e-16,0.09999915566625214,8.436287620166616e-07,2.195101817800812e-09,3.042233369880688e-15,1.5304923532328967e-25,2.3495060287942454e-14,4.1205643139244947e-13,4.376194521903617e-19,1.8041281212468047e-12,1.8643031462772842e-30,3.7088702208077674e-14,5.818852545419017e-14,3.5791060029111962e-28,2.6122913541487604e-22,2.635549980532072e-18,2.2367998277073913e-06,1.9200172292613552e-08,6.179787718333125e-05,3.7217478726378477e-10,2.521219532681412e-13,4.1644233755094435e-14,2.8382841968783723e-13,6.803456035368853e-28,3.4965025985958035e-10,2.776713062907069e-10,1.352400697979891e-10,6.396943917928502e-10,8.567468824404072e-34,2.31937177013295e-13,3.43248251704648e-10,1.0822527132563385e-13,7.096780474742631e-13,1.747785351358679e-12,4.8800241561202307e-20,3.668330327665722e-18,6.278445239259152e-15,0.00033397390010595466,2.253663447230753e-09,1.0116996937944337e-12,1.1510297185427198e-11,3.651194712817218e-27,4.015824288836665e-18,1.543619016074436e-19,1.8745471071129706e-23,8.129507448955261e-21,1.5562957226585414e-26,8.589534284090657e-09,3.4186508497748272e-09,2.0129186400121888e-10,3.509798400775731e-06,9.028248868286981e-23,9.503623954125366e-22,4.1220036323579116e-10,1.7795876785087772e-06,9.790534756450618e-21,1.3400272724923491e-15,3.1818280325288416e-27,5.645360673565588e-20,0.0,0.0,9.23586062282923e-15,1.3494317429240295e-14,8.94677492485831e-22,1.2445576177356519e-14,1.8482322433460724e-30,1.5177224492808792e-21,1.851253464198166e-30,5.166504949481418e-35,4.329085281130828e-30,5.823982287089576e-15,5.1129578085722567e-14,2.765856493306625e-14,2.391717065048337e-23,1.3154798739758759e-20,2.3709637312988696e-23,3.3362906966895425e-17,1.47614607114485e-13,1.825511649346668e-25,3.458295603083096e-29
1495.2418087505669,2.5061394207950306e-08,0.00017697471235682638,3.650488560477149e-14,2.9705341210013346e-14,2.264414241861112e-14,2.5860975751001502e-14,2.8028315706550756e-17,7.897215205187775e-14,2.143975913146292e-36,1.4221329578776798e-27,7.350914962518978e-37,5.0508822426143665e-18,5.063470621268633e-17,3.705607831283044e-26,6.378818319350919e-18,2.7243909177180372e-17,3.564646092501329e-44,3.0152933415543042e-30,8.18210885980985e-27,1.5357478506500534e-30,8.14282316994125e-36,3.914215146687579e-29,1.4256072651323883e-10,2.2617047062205455e-12,9.753221092214584e-12,2.02579402469094e-11,5.461429703558808e-26,1.5172890614811977e-22,8.88211361444915e-14,8.120455264870217e-11,7.652521487312326e-31,3.413132427683499e-35,8.166377000531357e-22,9.250801888626733e-22,1.5797850601083698e-22,2.2087086687331258e-21,7.228533092628145e-18,6.484145186670033e-17,8.703806643356989e-17,3.04799396743927e-08,3.459121058988369e-12,1.133360048620197e-12,1.7025987134854947e-13,3.4612682814680396e-11,3.3151550490874313e-12,2.1832859407997166e-18,8.411628480736435e-16,2.019694780489994e-15,0.00019399191049367117,0.4999993044509108,7.82479228450729e-06,0.2499925218571547,1.404807314460954e-07,9.318712180368085e-10,4.584681448059929e-18,8.428169372122963e-17,9.434001655549724e-15,4.2161839027265775e-19,3.224871386446501e-22,5.804007520182918e-19,5.661243021493773e-23,5.7703472118459154e-18,3.203241927779928e-09,4.188236271405734e-09,6.522356411599366e-17,5.5608933446104817e-14,0.0,2.4974093901097832e-27,2.3395328793284478e-30,2.489656623559869e-06,9.387154063200468e-09,8.53575748089431e-19,4.594815727583507e-28,2.481545635731249e-09,3.1843507803048626e-12,3.245181497063758e-13,3.379937017975047e-13,5.947941105747432e-13,6.539259795544148e-15,2.4961062519899913e-11,1.3721931337377406e-18,2.6584496042726167e-27,3.0229401495707236e-19,1.1541043304359557e-15,0.09999877944591222,1.219849229498258e-06,2.194974270444786e-09,1.1538107897672143e-14,8.268268103965727e-25,9.202640448878399e-14,5.85495204351696e-13,8.889608562224152e-19,4.2502988733011305e-12,2.07128563668764e-29,5.228972165676313e-14,6.918131726073143e-14,1.2017314574389086e-27,4.888984969045139e-22,5.968253116227674e-18,2.2281081995270977e-06,2.7891800472906526e-08,6.179711964256817e-05,3.7322040181209656e-10,5.534214661661462e-13,4.1930160131144447e-14,3.471619973667395e-13,1.5387472309886866e-26,7.308283898636903e-10,2.790922509580663e-10,3.2991104013915606e-10,6.864843248056159e-10,8.252006877744272e-33,6.438138101776351e-13,4.705352091230955e-10,1.671706573093684e-13,2.0501124822150367e-12,2.2716179959830365e-12,2.9709113352901157e-19,8.457681764427688e-18,1.8004951897694072e-14,0.0003339578165405033,2.6072196231412663e-09,3.377993437044496e-12,1.6534369632840013e-11,2.09141347342075e-26,1.9747435618425448e-17,3.1690152938256844e-19,8.739815329053539e-23,1.732146221936024e-20,4.708696479370984e-26,1.8563427435346592e-08,4.121511291102565e-09,2.91968134615257e-10,3.509707399991593e-06,2.689323084170509e-22,1.874876484700477e-21,5.848525685673133e-10,1.7794148445870704e-06,7.711536347560027e-20,2.457449954170858e-15,3.2905679263797123e-26,2.739404578139743e-19,0.0,0.0,1.490524189404532e-14,1.60007738242937e-14,1.6538213622898761e-21,1.2581616312350445e-14,4.24633988779266e-30,1.8779226028441097e-21,4.2569255489220874e-30,1.85345615065919e-34,6.221048539180232e-30,3.188853187581573e-14,1.3167377602585955e-13,9.333659890701456e-14,7.24060721828861e-23,2.155177103379853e-20,4.275699968989837e-23,7.599331507350596e-17,4.3261559300411625e-13,1.1850520279360588e-24,2.9467883058393987e-28
2162.245507301719,3.6234618846789753e-08,0.00017696336768686786,9.467142111275593e-14,3.582531296768072e-14,6.373915179754567e-14,3.164800947007604e-14,1.1398479729116175e-16,1.2269563701048745e-13,1.1587380796293374e-35,4.9464820955697264e-27,2.836512829752986e-36,1.904367358297192e-17,1.8847913661356042e-16,3.5699650414081616e-25,1.3085483499583142e-17,1.0099828044055196e-16,4.395143908721574e-43,1.264463198714808e-29,1.5422162761870832e-25,2.608944185787137e-29,2.195559788611416e-34,9.330724683451188e-28,1.676689548687534e-10,2.4153087481212957e-12,1.0100369287545083e-11,2.021517823098602e-11,2.422489484741739e-25,5.36803465507024e-22,1.402834564297173e-13,7.993088106567841e-11,5.684589840888252e-30,2.4325274057196802e-34,6.921100545034341e-21,4.72101871286566e-21,5.721781686577331e-22,4.777367638187122e-21,1.2666637086122911e-17,7.585511323820677e-17,8.862059245290275e-17,3.124416485916708e-08,3.3645893324920308e-12,3.778337390088281e-12,3.266890813032209e-13,1.2699865058416845e-10,6.855230681317183e-12,6.1814161736164346e-18,1.9444365214928525e-15,2.550213446640233e-15,0.00019872311726806862,0.5000001034032309,1.1333171353363807e-05,0.2499893395132238,1.4046801121146963e-07,1.421337894284571e-10,8.893186343719554e-18,1.9616388966726355e-16,9.419891325324066e-15,9.386717167325338e-19,9.48989865988079e-22,9.863941465603969e-19,1.0993558593779185e-22,3.232922926032142e-17,6.543991148780706e-09,5.158993755835119e-09,9.649566402764514e-17,5.5100029138886846e-14,0.0,4.351230548885271e-27,1.1475706648177467e-29,3.16321249767477e-06,1.2052389243659672e-08,8.705083754738786e-19,6.82027145049349e-27,2.5074313009975057e-09,2.905461074519941e-12,1.4508606673949834e-12,7.237988393541692e-13,1.6492739128543008e-12,9.985506776307274e-15,6.56234724796254e-11,8.164198268455168e-18,1.9298248867981814e-26,6.351246740884909e-19,1.4793583821809509e-15,0.09999823551962797,1.763775683822968e-06,2.1948042005226913e-09,3.373805436030839e-14,3.8518835743711056e-24,3.057874350032652e-13,7.422268513944054e-13,1.5304563185181791e-18,9.055614546092794e-12,2.094460383227604e-28,6.934010134972334e-14,8.36925927429382e-14,3.495914525552987e-27,8.299332938467959e-22,1.2887071022109112e-17,2.215417071216741e-06,4.0582928783262573e-08,6.179605473785455e-05,3.7331367576644907e-10,1.0866773607243135e-12,4.188292629352328e-14,3.732445726538585e-13,2.4664242506024744e-25,1.367075311153001e-09,2.790846356127077e-10,6.800676581715183e-10,6.907256671050498e-10,6.310397254416918e-32,1.4337066492122884e-12,5.328762379865629e-10,1.9804976077820625e-13,5.562595439969289e-12,2.8661532449491642e-12,1.5393517872442008e-18,1.868639959953677e-17,4.3848428817493107e-14,0.00033393011262988016,3.117961428553266e-09,1.0466361784381913e-11,2.2653669222667947e-11,9.47467242546237e-26,8.366772426752188e-17,5.90176979460543e-19,3.8282729188857554e-22,2.7389376857703786e-20,1.2950181225489725e-25,3.770390322546252e-08,5.0240327480074374e-09,4.241556191352948e-10,3.50957446654018e-06,7.36664110413196e-22,3.3701514825620672e-21,8.229523529567852e-10,1.779176279002492e-06,4.808344294202732e-19,3.7308114054623404e-15,2.917918191846612e-25,1.015518737066113e-18,0.0,0.0,2.3138960718557196e-14,2.0240002185904776e-14,3.04340405695806e-21,1.235713862226822e-14,9.124095390552465e-30,2.397743748613618e-21,9.158553213619074e-30,5.932874615337276e-34,8.494263419960552e-30,1.472613837715449e-13,3.0002074838190057e-13,2.618939725230898e-13,2.0418072357556368e-22,3.374882925861698e-20,6.960130092152598e-23,1.6939468830692384e-16,1.119583963280994e-12,7.50108951132826e-24,2.4642334073478656e-27
3126.7889959237978,5.2356919424281656e-08,0.00017694681946497055,2.0685890796623982e-13,3.853724132229046e-14,1.4498245920759524e-13,3.411152025377113e-14,3.928132607459829e-16,1.4910110902085896e-13,5.041200490104594e-35,1.4202776650945708e-26,9.898117917715058e-36,5.438923425723317e-17,5.16867593188331e-16,2.4184581730526802e-24,1.8950519817373558e-17,2.802558175535757e-16,4.3724640585223996e-42,3.5667002327883353e-29,2.0298891324485053e-24,3.2022430768939014e-28,4.3306452300280974e-33,1.2919937918886703e-26,1.791349286988911e-10,2.6478445702230473e-12,1.0124023899624897e-11,2.0169260306782266e-11,9.148046571680163e-25,1.6204238091434093e-21,2.1246065234318332e-13,7.722071915694735e-11,2.958457933733019e-29,1.3295221220927786e-33,4.502624894452692e-20,1.8089276912390323e-20,1.7878895720937668e-21,9.13316156121796e-21,2.0456759369600618e-17,8.106988572596828e-17,8.562237762061253e-17,3.1419793247692686e-08,3.441225928534651e-12,1.1256597680807858e-11,5.647990769113611e-13,4.290308936094957e-10,1.3429934338754328e-11,2.1227639436305005e-17,3.809045107230842e-15,2.802051986518083e-15,0.00020521635933564033,0.5000020837953078,1.6399782302560903e-05,0.2499848358439079,1.404505687666783e-07,1.7997784855675902e-11,1.5561788023814795e-17,4.3261137522035157e-16,8.866898890517501e-15,1.8882324147549576e-18,2.5571600526270984e-21,1.531998228084965e-18,1.8510803579557129e-22,1.3731972161045025e-16,1.2644236106297943e-08,6.298358042929968e-09,1.3897276905076982e-16,5.438513468092891e-14,0.0,6.812536322121654e-27,5.102184928484796e-29,3.7962759751844446e-06,1.4833311119368521e-08,8.691831355253866e-19,6.880237141561413e-26,2.4556751403726736e-09,3.092601150507476e-12,5.281706552351717e-12,1.325851018377686e-12,3.5713148910856293e-12,1.6165092240688826e-14,1.5040507130142847e-10,3.831614351049047e-17,1.256371654794115e-25,1.1483007436726313e-18,1.5984589468713121e-15,0.09999744920996638,2.550085568277052e-06,2.1945813393577276e-09,7.673570936233552e-14,1.6349007888435523e-23,8.706713801673367e-13,8.695898411931125e-13,2.3647393913583918e-18,1.7974875197025685e-11,1.8580877966543643e-27,8.650962543728246e-14,1.0703010471377275e-13,9.002620141301164e-27,1.2880514723450868e-21,2.6307383186389448e-17,2.196834115701958e-06,5.9165884298047466e-08,6.179453604757665e-05,3.7334404782489914e-10,1.9703862648430403e-12,4.179738955283691e-14,3.700601680615168e-13,2.776476059851024e-24,2.3321746878419915e-09,2.7899298518224913e-10,1.2179291968436098e-09,6.806432390992598e-10,3.923955171420354e-31,2.65161599442317e-12,5.313408019304971e-10,1.953828401666098e-13,1.4465074580817439e-11,3.5426313751917724e-12,6.786792812297671e-18,3.978056950850742e-17,9.021267904356172e-14,0.000333882353866929,3.855426450204482e-09,3.0582198900153215e-11,2.9576791597443235e-11,3.5952065618675994e-25,3.0790733135999516e-16,1.295627732954353e-18,1.5989713268039677e-21,3.254295726151861e-20,3.5487868346517783e-25,7.310963257434653e-08,6.149828999984585e-09,6.178175939747445e-10,3.509379254105388e-06,1.8612807409329027e-21,5.512916309160037e-21,1.144402328853382e-09,1.7788536945528834e-06,2.319418026544264e-18,4.648967147842334e-15,2.185636366143912e-24,2.8176721640138675e-18,0.0,0.0,3.4870298167384316e-14,2.6700137010432452e-14,5.697399021828725e-21,1.1960136800025025e-14,1.882052756659834e-29,3.1820116619696834e-21,1.8926163237059217e-29,1.755843715885816e-33,1.1505607959746204e-29,5.793889655899112e-13,6.231408850957034e-13,6.224036770728419e-13,5.390746331606894e-22,5.1090896453907094e-20,1.0469107806703511e-22,3.7930383821213074e-16,2.5813631492562402e-12,4.609397526359215e-23,2.0094677356154427e-26
4521.600064384307,7.555048632996354e-08,0.00017692249699545682,3.903295497177082e-13,3.907126951330771e-14,2.7478036701001475e-13,3.443603863165843e-14,1.1519131453697557e-15,1.520837736858023e-13,1.81890271691536e-34,3.5360552098910025e-26,3.1810431336685086e-35,1.2036618388604184e-16,1.0627644088373444e-15,1.2169588298051685e-23,2.0313906753044812e-17,5.909452912610909e-16,3.5829117536821906e-41,7.043022820319132e-29,1.9011079398199814e-23,2.8807874208963763e-27,6.286269232350825e-32,1.0317783714544463e-25,1.8203897429253334e-10,2.978085366647648e-12,1.0084942964684478e-11,2.0114141801160404e-11,3.052663932348311e-24,4.326420351535287e-21,3.116541396703069e-13,7.370589618423526e-11,1.1077795493173908e-28,5.992014503866558e-33,2.277985026734257e-19,5.3519011231830806e-20,5.0133914817579346e-21,1.5928906084313315e-20,3.119363519790521e-17,8.576578119575129e-17,8.093727176644088e-17,3.15157320903304e-08,3.5240233913774888e-12,3.029776772658339e-11,9.075723109319615e-13,1.3408544986707457e-09,2.5207448608754527e-11,8.993140740665771e-17,6.553640177667802e-15,2.8578413429313894e-15,0.00021412348617910583,0.5000061021774863,2.3712298307831e-05,0.2499784467097119,1.4042666248549732e-07,1.1065525932180353e-11,2.507445555428482e-17,9.092521133227746e-16,8.122497045713381e-15,3.498836867858909e-18,6.4633731351691986e-21,2.2269112667990972e-18,2.8184360465718288e-22,4.401521411571467e-16,2.3303281736273854e-08,7.586407650758749e-09,1.948650868024995e-16,5.3436172741297634e-14,0.0,1.0107672056004114e-26,2.096505602793992e-28,4.245530300696583e-06,1.754034862628324e-08,8.671121803208098e-19,5.2183513272225905e-25,2.366392457085518e-09,3.2859032606184313e-12,1.5883010238547163e-11,2.1802837451225548e-12,6.3280150097242136e-12,2.791088025581744e-14,3.058853318990311e-10,1.472717691784389e-16,7.466577411510081e-25,1.866375772321935e-18,1.5680356355973083e-15,0.09999631267894821,3.686616876755828e-06,2.1942910116458822e-09,1.431263486012281e-13,6.494794648778756e-23,2.1713577096828955e-12,9.741234663332423e-13,3.4480156804078077e-18,3.37562250492309e-11,1.4465797996359936e-26,1.0162846589512868e-13,1.4217042288825902e-13,2.13089970820875e-26,1.8494690960097175e-21,5.038632316194169e-17,2.1695374008138935e-06,8.646259918611189e-08,6.179237012021211e-05,3.7341111414385856e-10,3.4183017259421937e-12,4.1710391349913996e-14,3.5366244725442304e-13,2.2907184527577014e-23,3.725886254720438e-09,2.7903290783440725e-10,1.9726748783597242e-09,6.663831842773715e-10,2.0579327182238366e-30,4.2954693746197386e-12,5.00413352691674e-10,1.76922708461499e-13,3.661733364176695e-11,4.314454877081794e-12,2.571930043451336e-17,8.277153681891053e-17,1.5952484141020261e-13,0.0003338006143271382,4.919529668182267e-09,8.5206293704193e-11,3.6883608239034816e-11,1.2139279608705033e-24,9.87419763380929e-16,3.8846951723638105e-18,6.353422049080669e-21,3.1766031130706044e-20,1.0359106449592782e-24,1.36498394908415e-07,7.533880629692255e-09,9.038285435652114e-10,3.509090351980319e-06,4.373408360856003e-21,8.237635244095178e-21,1.5652092067592486e-09,1.7784302100397965e-06,8.663142078877368e-18,4.938512119384291e-15,1.3741595188546157e-23,5.9406036391796806e-18,0.0,0.0,5.1388138423311594e-14,3.524030361259553e-14,1.0874228466218117e-20,1.1447796308836847e-14,3.8030712915488955e-29,4.2108001079549104e-21,3.834153586680219e-29,4.9648271480782435e-33,1.5336850099047228e-29,1.9830274537843966e-12,1.2066302836747399e-12,1.2880662626671136e-12,1.3414270723837549e-21,7.542634780096336e-20,1.4913141708038947e-22,8.817203247660277e-16,5.350518390590726e-12,2.8042817815906568e-22,1.6322204879909716e-25
6538.614268149506,1.0880833958964419e-07,0.0001768863031722283,6.650519904945369e-13,3.893352156039117e-14,4.566673164702353e-13,3.4061846489914395e-14,2.930846181174941e-15,1.4344657901762272e-13,5.689587475050493e-34,8.041088771520386e-26,9.516313977585056e-35,2.2090439565277858e-16,1.7731934982819577e-15,4.890553147581908e-23,1.8429150444502283e-17,1.0055756505245793e-15,2.5051456654792437e-40,1.078333555130856e-28,1.345923878528478e-22,1.9896400012052582e-26,6.9553376380684975e-31,5.140019506233683e-25,1.822532842087004e-10,3.4008201992532003e-12,1.002737207325333e-11,2.002164612375567e-11,9.338652145181263e-24,1.0355477824553315e-20,4.446409117710366e-13,6.929508088784451e-11,3.1873555650223306e-28,2.3605303112045114e-32,9.266200594592933e-19,1.2784102832866448e-19,1.2842614287169357e-20,2.549852069025466e-20,4.558084475657304e-17,9.060457076573238e-17,7.50529623343568e-17,3.164344718341327e-08,3.6360365451138194e-12,7.524542947031161e-11,1.3908285415646627e-12,3.90215757107903e-09,4.563593183285862e-11,4.0540615986616557e-16,1.0287620304801789e-14,2.842210930734391e-15,0.00022646215602829768,0.5000132449722701,3.425692140872641e-05,0.24996931032499886,1.4039356290208718e-07,1.1040671008329295e-11,3.799951911547628e-17,1.8206847173448107e-15,7.252226409828221e-15,6.0054663507806954e-18,1.5669624220106796e-20,3.0648241797920826e-18,3.988754292044114e-22,1.0802033130505242e-15,4.109589958811373e-08,9.055153086508224e-09,2.64905392247419e-16,5.217821361612805e-14,0.0,1.4528969073453784e-26,8.042601387103471e-28,4.386652233614897e-06,2.0051531746298934e-08,8.615133977471388e-19,3.3972027247093105e-24,2.23838037791802e-09,3.495731115367731e-12,4.0916056279767686e-11,3.352971735404984e-12,9.787937739946883e-12,4.7631501578491104e-14,5.611323049334189e-10,4.774633106239875e-16,4.086803065572188e-24,2.828189993453748e-18,1.47541955311264e-15,0.09999467031592982,5.328980279227839e-06,2.1939068985405533e-09,2.3516354441411e-13,2.4200285550509856e-22,4.851022546735192e-12,1.063373039968024e-12,4.857401169647839e-18,6.042457265968521e-11,1.0128882256947878e-25,1.132116336463344e-13,1.8809104286883558e-13,4.787283667418682e-26,2.47491166961074e-21,9.11115445493911e-17,2.1292981972264087e-06,1.2670180277359544e-07,6.178929572031147e-05,3.7356057951657554e-10,5.8468631221842745e-12,4.16507715629861e-14,3.3213063965947296e-13,1.493506353591818e-22,5.703292844422944e-09,2.7942249654624614e-10,2.987240109466162e-09,6.490048257760545e-10,9.401875016527572e-30,6.360410182965361e-12,4.5957367185963184e-10,1.5379840655908052e-13,9.088101870333661e-11,5.251385158796851e-12,8.491221817606413e-17,1.7229459855805527e-16,2.5106861709089826e-13,0.00033366211374595344,6.453382220151786e-09,2.2774393112320057e-10,4.44736039703209e-11,3.788278621140711e-24,2.764257111967966e-15,1.406218854566909e-17,2.37291948591748e-20,2.838465349871427e-20,3.1319735363182708e-24,2.467202269702092e-07,9.273439680042186e-09,1.3313388180984609e-09,3.50865795802659e-06,9.64313106455438e-21,1.1314245098824997e-20,2.0919828261311618e-09,1.7778972429029855e-06,2.5878538022864002e-17,4.827905755891656e-15,7.287695531915392e-23,1.0107530663523677e-17,0.0,0.0,7.430544789644085e-14,4.460515612676121e-14,2.0574419061872807e-20,1.0810627257588601e-14,7.416432307877527e-29,5.233484070695199e-21,7.504503820600595e-29,1.3374593468012122e-32,1.8833781782690343e-29,6.0457320958867026e-12,2.209772244551667e-12,2.384181283209809e-12,3.168138589415413e-21,1.0902679530224056e-19,2.0391468336742552e-22,2.192991920868233e-15,1.008126740475593e-11,1.7363066961581473e-21,1.358001823281851e-24
9455.38657529853,1.5631913210847447e-07,0.00017683140964109916,1.0653759376549955e-12,3.86842585676931e-14,6.958651428958727e-13,3.3501146423308275e-14,6.628752445682493e-15,1.3134276839937188e-13,1.6238200305424726e-33,1.7326834878555438e-25,2.648687867892845e-34,3.623044297361161e-16,2.602939655451981e-15,1.6620441507328702e-22,1.5690687082218138e-17,1.4802029665594726e-15,1.5614284343236226e-39,1.4346071047944655e-28,7.717853196105624e-22,1.1165444600066004e-25,6.172190820728423e-30,1.8085540559713367e-24,1.8172069008345031e-10,3.889068725435117e-12,9.927194356185496e-12,1.9839280418363036e-11,2.6664950890309976e-23,2.2158052645025067e-20,6.157362476916495e-13,6.370878628282462e-11,7.688404114624179e-28,8.351998459155709e-32,3.135819318249056e-18,2.556915342656955e-19,3.009976709120651e-20,3.731065174548341e-20,6.398653979955762e-17,9.261511222298449e-17,6.74256913677782e-17,3.1823224365161765e-08,3.785687743037179e-12,1.7637009010570114e-10,2.062838482325083e-12,1.0669604781548134e-08,8.031735361932837e-11,1.7522380958162367e-15,1.5077640876422562e-14,2.8005840879199867e-15,0.0002438538283216314,0.5000247815115461,4.9442154275883835e-05,0.24995608539151076,1.4034689997273807e-07,1.0863551579825703e-11,5.482052245908881e-17,3.444205143342198e-15,6.25187343432963e-15,9.542173120012643e-18,3.6958971743322566e-20,3.989848724247834e-18,5.281000931068824e-22,2.086941211341811e-15,6.954817115193293e-08,1.0868366005230947e-08,3.4614771682821594e-16,5.050433091868433e-14,0.0,2.012387382963792e-26,2.889980315137956e-27,4.208088744068329e-06,2.2488304419940397e-08,8.415544681815402e-19,2.0635820497926843e-23,2.0584068786397485e-09,3.719516875753271e-12,9.354225156025899e-11,4.942520272381124e-12,1.3851297095772093e-11,7.640412730113114e-14,9.426744254071592e-10,1.3397053958573067e-15,2.064355812782574e-23,4.064094146269726e-18,1.3508371111160875e-15,0.09999229783885201,7.701457883179443e-06,2.1933806885326524e-09,3.591744166626794e-13,8.4245831013827295e-22,9.8289206207254e-12,1.147396700144464e-12,6.665736997408355e-18,1.0373464847422232e-10,6.631944387351175e-25,1.2168510705726834e-13,2.411032234497559e-13,1.034251863385507e-25,3.0772753012541914e-21,1.5930203544878689e-16,2.069748083073086e-06,1.8625191692691703e-07,6.178496509859015e-05,3.738831122479389e-10,1.0066105799088083e-11,4.1685805851894774e-14,3.0683923943520797e-13,8.28819097943096e-22,8.477968147216854e-09,2.806134973784621e-10,4.301513895496814e-09,6.285237869535793e-10,3.7941960295289366e-29,8.776034540927038e-12,4.122210450130084e-10,1.283918204832931e-13,2.213932516731479e-10,6.577319632567518e-12,2.460120860877746e-16,3.693189158317446e-16,3.6337485375131383e-13,0.00033342857232562345,8.660944013052302e-09,5.862290933317122e-10,5.3118708966560427e-11,1.1141816312009065e-23,6.830337220897104e-15,5.398222934875595e-17,8.226021795978687e-20,2.432923355218504e-20,9.043540391167695e-24,4.3489968945527226e-07,1.1605903783800509e-08,1.9811707997512692e-09,3.5080004938032444e-06,2.0055253194548155e-20,1.4310198201626638e-20,2.70992865605327e-09,1.777265224072239e-06,6.497827249821287e-17,4.583367088105454e-15,3.2938557623627275e-22,1.4877155063089226e-17,0.0,0.0,1.0533485963405597e-13,5.2756202687438986e-14,3.700661118094086e-20,1.0027610598223942e-14,1.3405170092680035e-28,5.881445266685134e-21,1.3639586283083394e-28,3.327312047400767e-32,2.0218211713682414e-29,1.6765222304326864e-11,3.874623272776145e-12,4.034644032499219e-12,7.170279965307054e-21,1.5419598155207035e-19,2.6848786147607384e-22,5.9125020836686696e-15,1.7532697196952598e-11,1.1177802607216946e-20,1.1796329423636515e-23
13673.284830982668,2.2390109556081923e-07,0.00017674580519172042,1.6389215057641902e-12,3.8425420678570083e-14,9.930063487134835e-13,3.2809757245664205e-14,1.3528855884197543e-14,1.1710845876617895e-13,4.4532926476278244e-33,3.5836139800532083e-25,6.764706867812722e-34,5.529278092230301e-16,3.5094280194630716e-15,4.904743720206845e-22,1.2722203028118944e-17,1.9556468806513553e-15,9.094709902105379e-39,1.7447508333024177e-28,3.753245028595772e-21,5.297801720970867e-25,4.589028285626027e-29,4.923428476440054e-24,1.8025460822584016e-10,4.425392656886347e-12,9.750849589370473e-12,1.950808460873153e-11,7.074580023535467e-23,4.192829758393986e-20,8.204037373556364e-13,5.678911555696958e-11,1.663034187309074e-27,2.652626984203796e-31,8.986291671426479e-18,4.3331077793932625e-19,6.392528079990319e-20,4.95227865827202e-20,8.551900068123533e-17,8.918158583458983e-17,5.776734819511045e-17,3.207078876054797e-08,3.977778046487206e-12,3.9669004642943184e-10,2.977493270316176e-12,2.7717408533129092e-08,1.3881654648371036e-10,7.037430378432585e-15,2.0715782108861203e-14,2.7355501184949398e-15,0.0002687301985426654,0.5000424416740344,7.126648659600883e-05,0.2499367072309251,1.4028009021342807e-07,1.0386629605399378e-11,7.526618680723088e-17,6.039208516182828e-15,5.148486058400314e-15,1.400005366198906e-17,8.50612117427946e-20,4.859050776635331e-18,6.475164350934779e-22,3.2695988317058264e-15,1.1329999226393041e-07,1.3342697684860433e-08,4.290603123830124e-16,4.828785224657016e-14,0.0,2.6592966681924516e-26,9.707650458536187e-27,3.821609774536806e-06,2.5133258194116536e-08,7.987869121129005e-19,1.1779578213063326e-22,1.8109026200513182e-09,3.944211748910753e-12,1.9319787802991242e-10,7.076210207620133e-12,1.833141484583242e-11,1.1328007921686284e-13,1.4693767271321796e-09,3.3300380683663037e-15,9.58326538487835e-23,5.542758219000112e-18,1.1979609942213013e-15,0.09998887264451158,1.1126652968272498e-05,2.192636056682632e-09,5.245402634403201e-13,2.7226389548932454e-21,1.8013886080440848e-11,1.2421834417018285e-12,8.953130432946734e-18,1.7191877353650854e-10,4.212238027819611e-24,1.2913094968159256e-13,2.992628178512449e-13,2.1430954879069576e-25,3.510329329552147e-21,2.7722982390367223e-16,1.981301490968315e-06,2.7469850903168727e-07,6.17789408960648e-05,3.745624116495555e-10,1.7670665613932134e-11,4.196933273763039e-14,2.7842450814527113e-13,4.1209975815128454e-21,1.2303372876300423e-08,2.835141251325881e-10,5.9090434553392415e-09,6.0563794424342e-10,1.3393245196712562e-28,1.1282197924573181e-11,3.595141500529618e-10,1.019827673691351e-13,5.287320647310078e-10,8.806185839261028e-12,6.21663433086553e-16,8.345606166007841e-16,4.916674704258705e-13,0.00033303298490829737,1.1830529576044991e-08,1.4586440010550448e-09,6.478309961296841e-11,3.1250857503735075e-23,1.525620395866744e-14,2.0762866011906184e-16,2.6109882927353094e-19,2.0397604569416057e-20,2.3561889589670382e-23,7.552585974876189e-07,1.4964090443982692e-08,2.9908797383963826e-09,3.5069794671535232e-06,3.927608325126899e-20,1.65524284285508e-20,3.3698636277445204e-09,1.7765740016135698e-06,1.4244294075483065e-16,4.257769823108181e-15,1.2733127098725728e-21,1.9657060274453615e-17,0.0,0.0,1.455729423612275e-13,5.800121764457694e-14,6.114223237282997e-20,9.08816314782396e-15,2.1705446664304127e-28,5.92921625477166e-21,2.226839108779771e-28,7.42581769540107e-32,1.880054274734373e-29,4.297361150806662e-11,6.589422972761396e-12,6.354641717242914e-12,1.575667839132353e-20,2.1212618314386016e-19,3.398510463758242e-22,1.7104545882707632e-14,2.8641443353293302e-11,7.504685371411456e-20,1.067924427663818e-22
19772.720721709713,3.19669167628114e-07,0.00017660712853484584,2.43014944959767e-12,3.832238589662861e-14,1.3292131180673035e-12,3.206818756202043e-14,2.490299514052509e-14,1.0140732962713511e-13,1.2200047026178606e-32,6.993086563821336e-25,1.5379078252327122e-33,7.897633055896655e-16,4.416655116416904e-15,1.249030642085844e-21,9.759802431077216e-18,2.3337084579002172e-15,5.16981610110385e-38,1.935327567809152e-28,1.5651719856704686e-20,2.1487742469871937e-24,2.9217691794579e-28,1.0856472212654374e-23,1.7746260664397377e-10,5.007523803877009e-12,9.469423136859623e-12,1.89717769134795e-11,1.7057145320074135e-22,6.912377829028585e-20,1.0338654482271875e-12,4.8689308854549534e-11,3.329762565484796e-27,7.419200450587122e-31,2.164160958920926e-17,6.141423320380429e-19,1.2031693760570826e-19,5.884376759745946e-20,1.0654562781833024e-16,7.922210269201196e-17,4.649657441937053e-17,3.2398406608789096e-08,4.209995488776938e-12,8.629535731896393e-10,4.174648500669318e-12,6.912263377863078e-08,2.3733011899760435e-10,2.6168187134596368e-14,2.6340470161942218e-14,2.647145634448381e-15,0.0003044711034134238,0.5000692455602118,0.00010253484426373446,0.249908031215159,1.4018393460517585e-07,9.51625539595553e-12,9.711552060578206e-17,9.492553233544098e-15,4.022439244153842e-15,1.8806831705425977e-17,1.8878796142505275e-19,5.4258254946066434e-18,7.18474141916841e-22,4.19313326806178e-15,1.77199218971773e-07,1.6889509549440372e-08,4.960342462797294e-16,4.541972916211749e-14,0.0,3.336760311500995e-26,3.0131184682857796e-26,3.3465986816037325e-06,2.8138350382631685e-08,7.312408971010938e-19,6.100936074137182e-22,1.483745546414451e-09,4.121593911762225e-12,3.58791071103734e-10,9.89217667411035e-12,2.2852288537717517e-11,1.535723156964973e-13,2.138589005004742e-09,7.427916571974846e-15,4.027914802966462e-22,7.089678940368639e-18,1.0233909505402552e-15,0.0999839324389414,1.6066859604425755e-05,2.1915701502468888e-09,7.414955777097232e-13,8.069075423729082e-21,2.930858940894658e-11,1.3591339721573185e-12,1.1845495923805928e-17,2.7553925417246815e-10,2.623325271082013e-23,1.3745254207261074e-13,3.63315607456984e-13,4.212951293812761e-25,3.6075135573876695e-21,4.881323082246499e-16,1.8498405840849537e-06,4.061594159150506e-07,6.177074133633729e-05,3.7596005238943143e-10,3.1850601004192975e-11,4.2838836761560674e-14,2.489012021320857e-13,1.8863915251612182e-20,1.7406064526046646e-08,2.8983172321081527e-10,7.685956030031528e-09,5.823316012666043e-10,3.988192064024848e-28,1.3302720555643346e-11,3.043355608957628e-10,7.663639279025837e-14,1.232803337799794e-09,1.3006699442292236e-11,1.3381480025229403e-15,1.991578011983274e-15,6.23462159401621e-13,0.00033235873102121247,1.6364155512243966e-08,3.5144149495596206e-09,8.330877646877207e-11,8.366843079278016e-23,3.1416865078118734e-14,7.829822640686307e-16,7.421014595201852e-19,1.7876811108409834e-20,5.373798944803542e-23,1.3022559232674353e-06,2.000787624299687e-08,4.601270471660225e-09,3.5053529569234836e-06,7.172350999814208e-20,1.7302962360339067e-20,3.987761895943822e-09,1.7758889205729755e-06,2.7571549476858474e-16,3.843846488107732e-15,4.157947465615443e-21,2.3465904304553033e-17,0.0,0.0,1.937029664727251e-13,5.939625767231695e-14,9.047288701729379e-20,8.011066459045948e-15,3.07914322649708e-28,5.378152202509447e-21,3.1959161232684343e-28,1.4526625395101145e-31,1.52794485926877e-29,1.0266075994679849e-10,1.0971684590865595e-11,9.419832810999817e-12,3.401282825550533e-20,2.801775157036985e-19,4.1294807392058346e-22,5.178031017024774e-14,4.451816069368582e-11,5.152116941338987e-19,9.815438721600997e-22
28593.018398390996,4.554047187553251e-07,0.00017637214244445044,3.429715117002335e-12,3.862880942782298e-14,1.6476150415839395e-12,3.137656735300665e-14,4.0639258765898936e-14,8.520850249187952e-14,3.291447292495502e-32,1.2157656099541515e-24,2.9513809719283407e-33,1.0320678489672198e-15,5.167767288285341e-15,2.629092216458722e-21,7.054650196661324e-18,2.4865819338149593e-15,2.911385768175438e-37,1.8787933201921282e-28,5.439803761417527e-20,7.29637797460234e-24,1.5861695729805293e-27,2.008864879535752e-23,1.7295701440513987e-10,5.621753883408404e-12,9.055271998290983e-12,1.8172458295258375e-11,3.5959302504004776e-22,9.723562441020385e-20,1.1968699193993783e-12,3.988102583745842e-11,6.184396549143212e-27,1.7581690084787814e-30,4.2106230071641034e-17,7.006359199095138e-19,1.9215910299646544e-19,6.10896864221283e-20,1.1917541711797427e-16,6.286727583892442e-17,3.463307454309497e-17,3.280132551613581e-08,4.468712898458374e-12,1.8094826548003442e-09,5.625549031276817e-12,1.66145761362859e-07,4.000676526713261e-10,8.934418894911068e-14,3.007996779733087e-14,2.5375807744400073e-15,0.000355633693616817,0.5001107564054554,0.00014710999109858604,0.24986518026377272,1.400459149909352e-07,8.164843025532403e-12,1.146469681739499e-16,1.2694718628385585e-14,2.976102250005503e-15,2.2646015642813405e-17,3.90626160973144e-19,5.386568934269975e-18,6.944851900885762e-22,4.297500507526389e-15,2.618101897992274e-07,2.1995868784227355e-08,5.264767614935626e-16,4.1852210506406544e-14,0.0,3.9606115774445864e-26,8.372619881958622e-26,2.8421880132645264e-06,3.141433525477096e-08,6.417516196246293e-19,2.718547888808129e-21,1.0818852392461704e-09,4.155688694164208e-12,5.80777324446124e-10,1.3382840401647842e-11,2.6614558276463015e-11,1.8565687133803998e-13,2.889382530245551e-09,1.4738510761804313e-14,1.48157472310587e-21,8.289650315889917e-18,8.394558884356052e-16,0.09997681962174199,2.3179678321795847e-05,2.1900521945351723e-09,1.0092953801927159e-12,2.1365780411379638e-20,4.08710812729572e-11,1.4980508153046002e-12,1.5536232608503053e-17,4.2293637920849635e-10,1.5591062707737995e-22,1.4722375432859108e-13,4.319318965032784e-13,7.708333770892214e-25,3.2858865400313687e-21,8.703855467904756e-16,1.656050804874557e-06,5.99949195125448e-07,6.17600338181313e-05,3.7875031642811597e-10,5.89832848925098e-11,4.499006168412438e-14,2.217778632892179e-13,7.964487063500696e-20,2.378011045012961e-08,3.023728036470351e-10,9.28967391001083e-09,5.612224008232582e-10,9.354943775430449e-28,1.39208061148688e-11,2.505357277113055e-10,5.4488774316714284e-14,2.7697057431447695e-09,2.131769763806151e-11,2.3492628693320972e-15,4.870893941456661e-15,7.353305994869901e-13,0.00033122011526546,2.2809430630391503e-08,8.143052513386473e-09,1.1698724613138415e-10,2.072413252412614e-22,5.952943447657261e-14,2.8356304026596822e-15,1.8078303192814112e-18,1.8618019750123696e-20,1.0388210044683355e-22,2.224560893626889e-06,2.7757810270491324e-08,7.2316006175586405e-09,3.5027009394698886e-06,1.1984600338846868e-19,1.6235109736706173e-20,4.4814156309972715e-09,1.7752602934082297e-06,4.633844435605919e-16,3.339899596001385e-15,1.1107081221382468e-20,2.502699339277473e-17,0.0,0.0,2.424933323159651e-13,5.672929713511077e-14,1.1645110158753227e-19,6.849662081517243e-15,3.728231914109714e-28,4.397689725554387e-21,3.925964439137497e-28,2.4119201159391535e-31,1.0944316430737017e-29,2.2699171370741175e-10,1.7858168785053114e-11,1.3131177127477399e-11,7.213379608900292e-20,3.468602800096328e-19,4.813068340876881e-22,1.5892463540012741e-13,6.59048884531346e-11,3.46285389123908e-18,8.70771219401933e-21
41347.91122766806,6.502274550524421e-07,0.000175958397352335,4.444910425383048e-12,3.935661951520067e-14,1.837163466067684e-12,3.056328461086282e-14,5.672335410197767e-14,6.894752423181646e-14,7.741148507530283e-32,1.6921155351296164e-24,4.391481483275919e-33,1.1670111380514777e-15,5.4078202189878926e-15,4.166529757069112e-21,4.754771400307802e-18,2.302533622637545e-15,1.5313478057913837e-36,1.4437671536969775e-28,1.453620778403929e-19,1.954026266576209e-23,7.105167092539804e-27,3.2603323070214875e-23,1.6643205225972118e-10,6.257055499023346e-12,8.490601822171429e-12,1.7072007474391966e-11,6.27314998080834e-22,1.1337049028356592e-19,1.2167383008142858e-12,3.107649665690305e-11,1.035892022482114e-26,3.301739051587202e-30,6.085589506507631e-17,6.001771227782242e-19,2.4193919846133203e-19,5.3604297414483245e-20,1.1263747264110932e-16,4.2562348103301115e-17,2.3584050835634724e-17,3.3233614648835855e-08,4.7369231074520255e-12,3.5799426471183773e-09,7.108934626168094e-12,3.820111543040754e-07,6.521008152448556e-10,2.716825842540603e-13,2.949397535755647e-14,2.415445534252018e-15,0.000428255512520527,0.5001772113843211,0.00021013217517099511,0.24980033733136298,1.398491460394394e-07,6.412653101249672e-12,1.184495927677007e-16,1.3458544341545646e-14,2.0858655779764725e-15,2.3688222833274183e-17,7.030108401368991e-19,4.547717919623732e-18,5.515184951063571e-22,3.372571966168768e-15,3.547440340261575e-07,2.9206846413921578e-08,5.117054772634545e-16,3.7639439794076454e-14,0.0,4.40652773489e-26,1.9543115308668083e-25,2.3435861224613985e-06,3.4659818070597545e-08,5.374751666397794e-19,9.658034641801789e-21,6.512845943509656e-10,3.951180604668945e-12,7.667313640806683e-10,1.6795085860923416e-11,2.7807296644634206e-11,1.9054915422923426e-13,3.5602108178818005e-09,2.5133473677288946e-14,4.5039511645795455e-21,8.497463859122761e-18,6.622284693167952e-16,0.09996661281701841,3.338648517888911e-05,2.18791870764844e-09,1.2705214808331664e-12,4.784323275039944e-20,4.65379159620443e-11,1.6432030515983454e-12,2.0071997541983556e-17,6.080016565920188e-10,8.263889735381034e-22,1.5799118571281307e-13,4.980057159456169e-13,1.269179475381094e-24,2.650020305471427e-21,1.549572336691159e-15,1.3785486976818363e-06,8.774513023181722e-07,6.174724334579725e-05,3.840292305431766e-10,1.1125925760820896e-10,4.974406605538899e-14,2.0119752776076644e-13,2.9832785640851104e-19,3.068436798399107e-08,3.2444665786813694e-10,1.009362992652681e-08,5.422270040761745e-10,1.5498731307430625e-27,1.2246333749638926e-11,2.0061816365977596e-10,3.6699822847313e-14,5.806155916341723e-09,3.7213701115868853e-11,3.161894437000635e-15,1.1428852242180273e-14,7.91042650446607e-13,0.0003293821787063317,3.1883083433368736e-08,1.7693125192397365e-08,1.8209350753445779e-10,4.360823344604372e-22,1.0123789258169024e-13,9.43127673082063e-15,3.4921021525104694e-18,2.3156409750522152e-20,1.6386376909020347e-22,3.6984099980610165e-06,3.985648444420076e-08,1.1537710521108446e-08,3.4983687089588657e-06,1.7820302560443463e-19,1.3846508495041912e-20,4.851923769811745e-09,1.7746532402124076e-06,6.44941376661996e-16,2.7542306884148618e-15,2.302755961956531e-20,2.322067250839434e-17,0.0,0.0,2.748580655721553e-13,5.123392014730495e-14,1.2548186918432714e-19,5.6804641800634205e-15,3.6979441695539584e-28,3.2920984184487607e-21,3.946044733167386e-28,3.2264185318278968e-31,7.037284012944948e-30,4.49689674035413e-10,2.788215626379542e-11,1.692899195452662e-11,1.4645312796208773e-19,3.868575216982494e-19,5.349018281660535e-22,4.731862934946656e-13,9.15765329991058e-11,2.109635306730346e-17,6.854742898508042e-20
59792.559815487155,9.404857717708504e-07,0.00017522488188788517,4.913525651214158e-12,3.9338508877972e-14,1.7489922064731688e-12,2.8608970929168047e-14,6.3762974611943e-14,5.196634321459923e-14,1.2355376616439847e-31,1.6044161782621296e-24,4.490783211603517e-33,1.0394973766946993e-15,4.627890730550747e-15,4.2542047088282294e-21,2.887901044201245e-18,1.7655364760710141e-15,6.437033612337338e-36,7.322501596761023e-29,2.560655269674684e-19,3.679053260705949e-23,2.4619315751444547e-26,4.5921937764570466e-23,1.5795509246511957e-10,6.950222572672032e-12,7.786110937551183e-12,1.5689556023844895e-11,8.480174770372602e-22,1.0675708662466327e-19,1.0285476524870782e-12,2.3054570781755132e-11,1.4811481647223095e-26,4.449822224444702e-30,5.642439151631584e-17,3.4862173460282906e-19,2.192173731000979e-19,3.8785385407439896e-20,8.31317323805033e-17,2.3437254607894157e-17,1.467558315635872e-17,3.359439342856783e-08,5.034956379983553e-12,6.3608046640507434e-09,8.038401712273858e-12,8.216658145017577e-07,9.867719592123722e-10,6.929092195345078e-13,2.4065313174136924e-14,2.3059861672715306e-15,0.000529924075907514,0.5002879003179186,0.00029803509442657104,0.24970060519837003,1.3957162005172343e-07,4.645301052497599e-12,1.013272773062268e-16,1.0574242533165991e-14,1.3782391067187321e-15,2.099906684854554e-17,9.761046221655837e-19,3.103574315121232e-18,3.3387761495236524e-22,1.948751862672539e-15,4.281039783091572e-07,3.8806575700630785e-08,4.65377255749778e-16,3.2969553995838016e-14,0.0,4.4518273620542274e-26,3.459377598398823e-25,1.8823590434842084e-06,3.721712845114248e-08,4.2620325315591735e-19,2.4259250521454524e-20,2.923691299326603e-10,3.5571840672139213e-12,7.42250089572907e-10,1.780774276780557e-11,2.3837157271855986e-11,1.5324159053146634e-13,3.903850570996949e-09,3.472798842974602e-14,1.0560693325441971e-20,7.26582476273627e-18,5.085190365647099e-16,0.09995205930524441,4.7939999892598863e-05,2.184979078770476e-09,1.3483105728848918e-12,8.177816283924264e-20,4.1159014384407946e-11,1.7514657656916116e-12,2.44408515592482e-17,7.946945499784206e-10,3.428003174145005e-21,1.6868933624919465e-13,5.421836845754692e-13,1.771470002441382e-24,1.9424175368064518e-21,2.6375680141710385e-15,1.0085378899351187e-06,1.2474621100648907e-06,6.173501798743739e-05,3.9290786359370444e-10,2.0852060663483092e-10,5.929485186095195e-14,1.9038188434372094e-13,8.928011274157452e-19,3.5824950586378234e-08,3.5597643685602665e-10,9.393015300062652e-09,5.165916615408951e-10,1.5616199662598916e-27,8.448800785564685e-12,1.54199776986452e-10,2.318563775519787e-14,1.0657683163980535e-08,6.287098652018416e-11,3.0512092277334554e-15,2.293808406989133e-14,7.472556829724487e-13,0.0003267258669738544,4.446488446384018e-08,3.412348068605266e-08,2.9710826008464826e-10,6.718517012960554e-22,1.4674515835940496e-13,2.6338545452524616e-14,4.834153672474472e-18,2.7006268207759175e-20,2.0500091208517373e-22,5.759072545501468e-06,5.858937885252285e-08,1.8164031011418652e-08,3.4917176314966875e-06,2.2792386630880457e-19,1.1110493045590533e-20,5.221549309130383e-09,1.7739741139542124e-06,6.843924736302386e-16,2.1227002490433676e-15,3.4352623550710865e-20,1.7872376734789787e-17,0.0,0.0,2.6802052646954664e-13,4.508814714785876e-14,1.0982522821250674e-19,4.5838532096846575e-15,2.847566949904728e-28,2.3358141554996164e-21,3.0384629424471626e-28,3.231916259903025e-31,4.1581645467449364e-30,7.446132205531472e-10,3.996095091693939e-11,1.944204691573501e-11,2.6536020953091686e-19,3.6880767728667354e-19,5.533442332874822e-22,1.2638234931965137e-12,1.1552950502754755e-10,1.0165835717618683e-16,4.151586196695387e-19
86465.07412679883,1.3993950725349627e-06,0.0001739969976256122,4.095431674404426e-12,3.5605396151591527e-14,1.3072266177573842e-12,2.3727319474216425e-14,5.2590204529418476e-14,3.392858791831354e-14,9.594338101031281e-32,8.522192223417259e-25,2.806341606330971e-33,6.501326817332671e-16,2.916464703520374e-15,2.3530674678585595e-21,1.4783537933575745e-18,1.0374008037585683e-15,1.7773731715732376e-35,1.965308731545548e-29,2.3509375441796136e-19,4.015290523648022e-23,6.032276284865362e-26,4.60406832774419e-23,1.4821075335696877e-10,7.82423999512763e-12,6.991972236130596e-12,1.4122829243975456e-11,8.360054039921885e-22,8.163707687097142e-20,7.122323032513063e-13,1.6409820919959346e-11,1.7315795443045963e-26,3.8598212527908905e-30,2.7482204199612394e-17,1.2598667530043914e-19,1.3884853515303022e-19,2.328820184183484e-20,4.638669494236109e-17,1.046524005672015e-17,8.514090348790876e-18,3.3787583701001814e-08,5.4664742958052664e-12,9.378754164841014e-09,7.572407171900629e-12,1.5876989025409573e-06,1.3016508430055334e-09,1.3508600108046232e-12,1.7258033009594456e-14,2.2074982252259132e-15,0.000669376823059745,0.5004790495263817,0.0004181265692905704,0.2495444609269699,1.3918610312204828e-07,3.352284536651247e-12,7.055967266976462e-17,6.202700618951199e-15,8.467525304405548e-16,1.5822205634578658e-17,9.047604296154644e-19,1.6985529348478994e-18,1.492806473390036e-22,8.206653629573361e-16,4.5629608018187735e-07,4.987972780615266e-08,4.0840286344752777e-16,2.8157397667043488e-14,0.0,3.759028573061893e-26,4.0710172758154676e-25,1.4817912094172484e-06,3.785333987964468e-08,3.123118069860218e-19,3.579539231094379e-20,1.0034499382316436e-10,3.2525463428230702e-12,4.76699184803153e-10,1.428167214923304e-11,1.5114109749603198e-11,8.48882971258967e-14,3.694052398162192e-09,3.574650575178133e-14,1.828497739559773e-20,5.1443592104354675e-18,3.82676295952104e-16,0.09993154034553756,6.845896354423832e-05,2.1810342987950902e-09,1.0802581757497668e-12,9.306567600631662e-20,2.7482766592212795e-11,1.748278947691002e-12,2.5285323603340574e-17,9.122608194445227e-10,8.906011831519859e-21,1.7794752373954297e-13,5.261495609409536e-13,1.8877514888095352e-24,1.3446821910413995e-21,3.912166193427602e-15,5.846323707388705e-07,1.6713676292611394e-06,6.172990531997333e-05,4.043354360795906e-10,3.690825693061253e-10,7.640444275439713e-14,1.894458079438099e-13,1.8040087802461094e-18,3.5378169564001565e-08,3.8479116851420625e-10,7.13003429391744e-09,4.6539103759824626e-10,8.281174168677047e-28,4.433219260112221e-12,1.0979174539291693e-10,1.3295642502908659e-14,1.5465922665984783e-08,8.969082775769524e-11,2.035275822950769e-15,3.289133633791769e-14,5.839728326995998e-13,0.00032368342593352734,6.155210261344877e-08,5.320790378668923e-08,4.4335975858244505e-10,6.091209067068693e-22,1.6644042782263988e-13,5.3675149561740846e-14,4.604105910728068e-18,2.4169685365799623e-20,1.980046503648923e-22,7.907816669435273e-06,8.555919089929727e-08,2.642081111286993e-08,3.483449597856657e-06,2.426882405034439e-19,8.582621683819792e-21,5.62519144305863e-09,1.7733833061138008e-06,4.951941578778933e-16,1.5298700864737063e-15,3.2809487741333e-20,1.0571557967341008e-17,0.0,0.0,2.187636903473189e-13,3.913841257855811e-14,7.986427850219297e-20,3.623311571496976e-15,1.6404879091608535e-28,1.6018856660537602e-21,1.6950937349908191e-28,2.2771678176940303e-31,2.25793958323873e-30,9.236978337917022e-10,4.885297211022426e-11,1.86880754003263e-11,3.821308525989792e-19,2.920924727844264e-19,5.036733481937741e-22,2.6384466688711487e-12,1.2557894592348196e-10,3.09750163225753e-16,1.5388870508031187e-18
125035.77479913068,2.1496328711035456e-06,0.00017224825520414165,2.3082475696163953e-12,2.7277003774621917e-14,7.113266625602897e-13,1.633611954982329e-14,2.857742335374475e-14,1.8189947088197343e-14,3.046644475859192e-32,2.4694483042572207e-25,1.1168372728248275e-33,2.68738753874411e-16,1.337042137372812e-15,6.878591339935294e-22,6.123383488799877e-19,4.3676406418990486e-16,2.992990557988298e-35,2.9729678381184273e-30,8.593907284979397e-20,1.9599291256284123e-23,9.820044974985456e-26,2.357356182831714e-23,1.3835918569502128e-10,9.038375571289315e-12,6.180949286624603e-12,1.251363850425927e-11,5.757371552660358e-22,5.234470342701167e-20,4.498396306148252e-13,1.1354655436574048e-11,1.7050057361063676e-26,2.0390470189305376e-30,6.541165581833756e-18,3.0025410894672957e-20,6.87574015229295e-20,1.1874798581023742e-20,2.274516028433167e-17,4.216750921798791e-18,4.7529974529504256e-18,3.38403376178826e-08,6.1400017890403354e-12,1.0502975933365535e-08,5.591928414353215e-12,2.586101590789112e-06,1.4036960365165685e-09,1.7906361597146146e-12,1.1603407463286987e-14,1.955729643323693e-15,0.0008560096680301207,0.5008141751280449,0.0005779561097937397,0.2492969469122149,1.3865976929279405e-07,2.588944911843543e-12,4.447294416870947e-17,3.1878866254548454e-15,4.768773214877073e-16,1.029142299315049e-17,5.528026137548093e-19,8.376636979869331e-19,5.69924677708914e-23,2.63042130308736e-16,4.301353241928893e-07,5.940600621855449e-08,3.5195545423575465e-16,2.356112348793352e-14,0.0,2.33280185135507e-26,2.8545789427792415e-25,1.1518906657921031e-06,3.521854559024255e-08,2.0331806584076727e-19,2.4640265179258405e-20,4.77150738995807e-11,3.2183615171966747e-12,2.1060621634554513e-10,8.48181108340919e-12,7.001823409225245e-12,2.6791873821866905e-14,2.903726523654965e-09,2.499780281270867e-14,2.3908015667894993e-20,3.3542455427731996e-18,2.6479864452788477e-16,0.09990307535184476,9.692396238643612e-05,2.175884868230269e-09,6.401210765188284e-13,6.548703180012315e-20,1.4181455470790302e-11,1.5774174013533625e-12,1.9449219282798038e-17,8.815626015110513e-10,1.1011141482567895e-20,1.8463232929447387e-13,4.1795532931897145e-13,1.3232060275528403e-24,9.035049511449568e-22,4.433667086413124e-15,2.2328344814362173e-07,2.032716551856386e-06,6.173861590553019e-05,4.1240252242109106e-10,5.709437856992627e-10,1.0228064582199427e-13,1.929261528099741e-13,2.076985822363157e-18,2.781855477939079e-08,3.8762405216112676e-10,4.405391316767348e-09,3.7879397673083326e-10,2.3882302894088947e-28,1.9348363222147037e-12,6.974913202077409e-11,6.6557876446090836e-15,1.5920467043863154e-08,9.51775497057839e-11,9.771618368944398e-16,2.7558285724088253e-14,3.5887031932175967e-13,0.0003215491351060168,8.425233407873239e-08,5.991100608989297e-08,5.191075754114951e-10,2.565479991265586e-22,1.3341756839981415e-13,6.856298937837841e-14,3.1515269707304124e-18,1.6105909944237342e-20,1.3194510208062139e-22,8.994104013937495e-06,1.1861111600347426e-07,3.220754540947747e-08,3.477676217181219e-06,2.1004777122943661e-19,6.3032615634699185e-21,5.7237724932192415e-09,1.7734398933850083e-06,2.26124232192857e-16,1.0684245169025464e-15,1.6746081273067375e-20,4.495520357003968e-18,0.0,0.0,1.6084354828017903e-13,3.237061362001712e-14,5.1967689525856686e-20,2.829547075592889e-15,7.513872136204493e-29,1.0341171543689492e-21,7.338620713397574e-29,1.2033758314411483e-31,1.1131709225587758e-30,7.747970804692452e-10,4.7238877322739555e-11,1.4100820569241259e-11,3.8272263154711133e-19,2.0675910889609134e-19,3.7169065227657153e-22,3.598777554776024e-12,1.1160695916009725e-10,4.543871381134766e-16,2.652412958204922e-18
180812.25439872022,3.3111522186980215e-06,0.0001703990381940071,1.0576729962566186e-12,1.95049295796175e-14,3.227127367494645e-13,1.0309709571042471e-14,1.1105257647000097e-14,8.905704343314212e-15,6.525018005864009e-33,6.968471798306254e-26,3.982428089866691e-34,8.855310596371397e-17,5.04088515538781e-16,1.3483425930165656e-22,2.311277895421307e-19,1.524031712434777e-16,3.666603601056735e-35,4.506487680271299e-31,1.1127936976379552e-20,3.822682623839183e-24,1.1479201583988195e-25,5.395421456764039e-24,1.2912285167545665e-10,1.0560996583246317e-11,5.4011424240637236e-12,1.0955663451034473e-11,2.684106496075644e-22,2.9058847582896634e-20,2.9220586430471565e-13,7.721041988159941e-12,1.4942914788129582e-26,7.014192648288019e-31,1.0995395983579096e-18,5.761696412357975e-21,2.9825124516268626e-20,5.297668495296128e-21,1.1638146285563457e-17,1.711851106288794e-18,2.5986238249711242e-18,3.385177892776404e-08,7.063036288250734e-12,8.246137885502559e-09,3.4275101505138455e-12,3.277541006990297e-06,1.243065310080128e-09,1.5141820501671788e-12,6.8179944799272585e-15,1.4765068385836809e-15,0.0011001821828237697,0.5013944756457075,0.0007851885753804065,0.24890388101135072,1.3795167999065624e-07,2.064937254616173e-12,2.8626422194564767e-17,1.6693758310938242e-15,2.486464572775419e-16,5.901223426205807e-18,2.648001857961718e-19,4.233000185126049e-19,2.2302464075167154e-23,7.190742774639474e-17,3.6278900147552044e-07,6.461493557212939e-08,2.999748792769903e-16,1.9435512083910438e-14,0.0,1.0205352733096338e-26,1.2977170998662122e-25,8.899039051764899e-07,2.9754415551736403e-08,1.1768762967318093e-19,7.396486256041738e-21,3.578777294933119e-11,3.305325744020134e-12,7.656627434451894e-11,4.16927694377303e-12,2.6699549139016854e-12,4.886045550659743e-15,1.9076983325819965e-09,1.2078597650890899e-14,2.507589939510572e-20,2.217761089928922e-18,1.5768057142296387e-16,0.09986426692756761,0.0001357323932405185,2.1693078776298565e-09,3.1379481545852023e-13,3.1385127157739885e-20,6.28283317401487e-12,1.2949733495072504e-12,1.0867488385961108e-17,7.160227719621662e-10,6.038048862226156e-21,1.8808623401509523e-13,2.6174828672415017e-13,5.78370403855623e-25,5.986196404018723e-22,3.6338127692067105e-15,4.365888177500407e-08,2.212341118224998e-06,6.175646406922319e-05,4.125489406310353e-10,7.083278644767981e-10,1.3056346757118378e-13,1.872198752077204e-13,1.188482776638213e-18,1.8390580303355927e-08,3.629862759024926e-10,2.4164904541656157e-09,2.823014029498068e-10,5.397381129986433e-29,7.919229036753883e-13,4.035265463446406e-11,2.975766735065408e-15,1.1795471535223086e-08,7.600028414070698e-11,3.881115043730547e-16,1.367252770654158e-14,1.846433723024842e-13,0.0003213843337469407,1.1386967996701781e-07,4.7590064956777036e-08,4.588531573888798e-10,5.920584965511743e-23,7.466008228346885e-14,5.0816401949174685e-14,1.4986791393253866e-18,7.589984080443901e-21,5.545635836051045e-23,8.501496002981675e-06,1.531629485448486e-07,3.130367658368831e-08,3.478610534396847e-06,1.468076024910436e-19,4.300519238315314e-21,5.3773182628784706e-09,1.7741163173877593e-06,7.945482689857737e-17,7.496116999223599e-16,4.648792891790299e-21,1.5857128596396938e-18,0.0,0.0,1.1943125885091444e-13,2.546289979351325e-14,3.1867776761450496e-20,2.198504680812389e-15,3.260388346501278e-29,6.315140531144373e-22,3.0586380885075033e-29,5.913789652980128e-32,5.1762535948469825e-31,4.611595735070335e-10,3.654781658663134e-11,8.509035523920322e-12,2.481326883415245e-19,1.4655707712686826e-19,2.153861334500915e-22,3.0080073681279425e-12,8.210072244453394e-11,2.9966308004507394e-16,1.9873656453402753e-18
261469.73850698897,4.869706092267728e-06,0.00016910885774257725,5.55034297558374e-13,1.455887963415842e-14,1.567038379526373e-13,6.702766174507678e-15,4.475598318749201e-15,4.500619447588871e-15,1.3666155523880685e-33,2.6166770931467485e-26,1.5909251252087877e-34,3.215301684922585e-17,1.8710025244017644e-16,2.5596067727843578e-23,9.065662596989158e-20,5.727377688430602e-17,3.978137847824406e-35,8.608428500472915e-32,1.0909782071896499e-21,5.362316430849225e-25,1.1655004649360147e-25,7.889813812806477e-25,1.203034663276691e-10,1.2053937717225954e-11,4.664423768399605e-12,9.475315717575489e-12,8.803201589167912e-23,1.490730158957481e-20,1.9425687375653003e-13,5.194130431795592e-12,1.1488696778029294e-26,2.0170694439713083e-31,1.9429357145180165e-19,1.090927563492527e-21,1.2262795270910093e-20,2.2123505790644124e-21,6.13903791891526e-18,7.064753642357475e-19,1.4031778647429507e-18,3.385828238982643e-08,8.23152062912988e-12,4.340163361753276e-09,2.076623557718244e-12,3.014319508213621e-06,1.0061717235659383e-09,8.823272035335019e-13,3.7912979616081816e-15,1.043854762751473e-15,0.0014107638002252396,0.5023831754367096,0.0010451299322957923,0.24828047902522274,1.3701532783504524e-07,1.6529143950125014e-12,1.877920012060966e-17,8.926665359238936e-16,1.2613240459142192e-16,3.1654928143198015e-18,1.1760417589947072e-19,2.195753190361519e-19,9.039524967037264e-24,1.9682917687182313e-17,2.888354313930442e-07,6.637878222925275e-08,2.5314322928145896e-16,1.589055217672992e-14,0.0,3.91879659633221e-27,5.456413195876624e-26,6.87544618332709e-07,2.3774568609743136e-08,6.643319082672538e-20,1.4014095477017563e-21,2.8431449852461422e-11,3.4017252972248616e-12,2.766765096613377e-11,2.0063183074978402e-12,9.985256808891967e-13,1.7315969129001907e-15,1.1516357175792451e-09,4.955339883644833e-15,2.1875248674000687e-20,1.4762047822081333e-18,8.88673876234613e-17,0.09981224092210692,0.0001877584068177844,2.161191387374583e-09,1.5054925811791413e-13,1.3334646394831289e-20,2.779061605807244e-12,1.0183575897443098e-12,5.3770094156683595e-18,5.31497627120454e-10,2.232471490872542e-21,1.877344724987003e-13,1.475068205224108e-13,2.10718405823749e-25,3.940956971793137e-22,2.5335731661762414e-15,8.559614611835462e-09,2.2474403853881665e-06,6.177211315977156e-05,4.09087721394998e-10,6.446863402738385e-10,1.3920652566764493e-13,1.532255386921276e-13,2.992469070987351e-19,1.2121412356969248e-08,3.34251255146544e-10,1.3270818417111214e-09,2.0619847568136796e-10,1.2792571991105192e-29,3.3142054769070674e-13,2.2917598257258014e-11,1.301022938675168e-15,7.743149000158693e-09,5.5466752066773576e-11,1.530614884673258e-16,5.931655506211114e-15,9.496947858786882e-14,0.00032278064324805795,1.5152129441880748e-07,3.2252094025320866e-08,3.6084199658252246e-10,1.750202523681192e-23,3.569771781590499e-14,2.3193982464209017e-14,6.032404218664929e-19,3.052154147790195e-21,1.8551026133030595e-23,7.409207657955093e-06,1.8926682787088675e-07,2.7325589349675808e-08,3.4826161301900803e-06,9.23929584564585e-20,2.810076430630076e-21,5.051349755612563e-09,1.774673141133863e-06,3.226020297425852e-17,5.317880530571292e-16,1.2876341725840953e-21,6.002510820239188e-19,0.0,0.0,9.110522514772576e-14,2.037110172756294e-14,1.9998066705461845e-20,1.710591094486016e-15,1.521884824445335e-29,3.9286165848847743e-22,1.3907140249048307e-29,3.0663147224303297e-32,2.470519500262775e-31,2.4496332823349386e-10,2.5739631027137776e-11,4.6923994416984244e-12,1.3152109620799061e-19,1.0569195799234023e-19,1.12813056905819e-22,1.974349199483445e-12,5.5846223359308224e-11,1.346901887814153e-16,9.843302704129647e-19
378107.249324784,6.60648774652131e-06,0.00016841828961715942,3.2360279008993723e-13,1.1096048292491284e-14,8.08327690628762e-14,4.424772692185532e-15,1.975483956355355e-15,2.336976454605738e-15,2.878453688766885e-34,1.0777642036986072e-26,6.804230990618377e-35,1.2829113959447719e-17,7.387689226226653e-17,5.4237605622599e-24,3.7089531363163237e-20,2.3256841843927218e-17,4.102917338716394e-35,1.8780070414225015e-32,1.6376257705583512e-22,1.081361246731064e-25,1.1406006469391023e-25,9.613581052774821e-26,1.1137973855789629e-10,1.3106971418923154e-11,3.978416346949722e-12,8.09713394348493e-12,2.7642921514809863e-23,7.477553417729006e-21,1.3053170656643745e-13,3.4919548430098826e-12,7.081916741808813e-27,6.095266958757288e-32,3.907757410885354e-20,2.241170104253806e-22,5.081371341836792e-21,9.203795926524916e-22,3.309358534387367e-18,3.0006968042942417e-19,7.615331083441666e-19,3.38627074542975e-08,9.630903000490858e-12,1.7386477745624077e-09,1.3195072519982211e-12,1.9715518949560784e-06,8.024375595604863e-10,3.8360379535133207e-13,2.205719918279336e-15,7.5401332530214e-16,0.0017860136175586257,0.5040556432103931,0.0013528811862078736,0.24729115624351716,1.3581305773467243e-07,1.3328478588498498e-12,1.240137269268059e-17,4.870342185398008e-16,6.503016226170731e-17,1.673089653612359e-18,5.58512463819897e-20,1.1659279054924094e-19,3.816567402787931e-24,5.872365998944422e-18,2.2629868633170748e-07,6.603673771017858e-08,2.1258322577765142e-16,1.2992133617967479e-14,0.0,1.6507354287527583e-27,2.496450542498278e-26,5.362644487464565e-07,1.8606595180436228e-08,3.93967937420143e-20,2.1718600837738996e-22,2.2841984939211176e-11,3.4868099042422375e-12,1.071035500325072e-11,1.0110647581915686e-12,3.956900209785985e-13,1.251831922476413e-15,6.898466375597996e-10,2.0254457860257458e-15,1.5921666679651696e-20,9.93084080742386e-19,5.174973246320609e-17,0.09974398023866078,0.0002560190995407299,2.1519147725955855e-09,7.557800029713281e-14,5.892523376820561e-21,1.303546847614608e-12,7.925194608282312e-13,2.8127220560482835e-18,3.848648460798265e-10,8.373961158024794e-22,1.835784454636396e-13,8.744819467654377e-14,8.642463901746362e-26,2.615132549610388e-22,1.7880372000599115e-15,7.258057222231694e-09,2.248741942777767e-06,6.178219168211278e-05,4.065256888125589e-10,3.8354255132947486e-10,1.0756925781674714e-13,9.26227098358143e-14,3.6926486746055046e-20,8.420421213690301e-09,3.087489444836902e-10,7.606548376928567e-10,1.5215146374421668e-10,3.311947726894925e-30,1.47324575560616e-13,1.3301137588468832e-11,5.884403040591048e-16,5.182841647559558e-09,4.172034624641581e-11,6.449729887512125e-17,2.9088382090315404e-15,5.213163139208188e-14,0.0003248405737378044,1.9675448020737985e-07,2.206271612473055e-08,2.879900441719684e-10,6.948545970794138e-24,1.7537246145414496e-14,7.959163305886045e-15,2.533561904395266e-19,1.280313012835795e-21,6.4439103555186455e-24,6.401038743810249e-06,2.2713937674576772e-07,2.458280996071553e-08,3.485377396605152e-06,6.07289804199296e-20,1.8675547067304926e-21,4.878868655157022e-09,1.774966781159786e-06,1.550429904463688e-17,3.824400754505714e-16,4.28000286999829e-22,2.44534221308295e-19,0.0,0.0,7.113171705957487e-14,1.6934606243899132e-14,1.3297831390345453e-20,1.3459780882224741e-15,7.78347680794111e-30,2.5689227733669e-22,6.967357722826623e-30,1.6961028213251983e-32,1.2575395480859458e-31,1.33596503021871e-10,1.8056167331621083e-11,2.6077040531534498e-12,7.469131345223152e-20,7.73388344882386e-20,6.267439136691602e-23,1.3162246612592875e-12,3.813307150944209e-11,6.157803189577255e-17,4.824707633110142e-19
546774.9071395234,8.30360900455418e-06,0.00016762138812312352,2.0173930276295286e-13,8.568805594650236e-15,4.3956834017392103e-14,2.973356718070482e-15,9.287891226754705e-16,1.2642859089841574e-15,8.178928723414871e-35,4.7238891434243784e-27,3.1063985951037525e-35,5.5637379005728126e-18,3.187444675472288e-17,1.3403791829474461e-24,1.6229629368352578e-20,1.0207681895427174e-17,4.1459713941237014e-35,4.592608874942997e-33,3.232845023944323e-23,2.7632461484046634e-26,1.0953416353013873e-25,1.4027895896445576e-26,1.0248396879312406e-10,1.3663315462432588e-11,3.3738747393110768e-12,6.893810552545381e-12,1.0656577520307172e-23,3.809234351625716e-21,8.982461276269404e-14,2.3929535704387075e-12,2.93000740511121e-27,2.010436462079771e-32,9.279675491919924e-21,5.336882754820937e-23,2.22091355184287e-21,4.0108299456317516e-22,1.8635434941338925e-18,1.3627300351307546e-19,4.2833851640685395e-19,3.386551428669777e-08,1.118301466274851e-11,7.682819186766442e-10,8.777858164621124e-13,1.0728560439083006e-06,6.406294250365583e-10,1.4671225653943855e-13,1.3622935254164508e-15,5.616289816715916e-16,0.0022048938472162007,0.50684784879225,0.001686676364250856,0.2457287851661683,1.3432260293372994e-07,1.0924060806306408e-12,8.354129783458386e-18,2.771963156019016e-16,3.520523866495431e-17,9.05575652247449e-19,2.9268008957865546e-20,6.500549085574049e-20,1.7326115285824043e-24,1.992754963575227e-18,1.7766875120799296e-07,6.402534971694237e-08,1.7977714335418873e-16,1.0754715888247031e-14,0.0,7.941524868173567e-28,1.2436598863464207e-26,4.2700013741206905e-07,1.451961543884023e-08,2.4953765123942213e-20,3.9317778867717903e-23,1.8659658174308798e-11,3.5506343848452703e-12,4.596246250386015e-12,5.442335356532101e-13,1.7139198930868438e-13,9.579303401192822e-16,4.2398457616474075e-10,8.749019075131526e-16,9.439304716313044e-21,6.854257160528374e-19,3.172826310502967e-17,0.09965806766891512,0.0003419316789960425,2.1422052294334824e-09,4.044851604167473e-14,2.8063559431527307e-21,6.611889207593477e-13,6.19167994496273e-13,1.6122464236914572e-18,2.7813153968171965e-10,3.463062134694282e-22,1.7656987442302065e-13,5.6411666542521334e-14,4.1274555322980056e-26,1.7917982292618238e-22,1.3158059664060086e-15,7.405013814757104e-09,2.2485949861852408e-06,6.178785797869904e-05,4.0658024608114265e-10,1.4958991095301134e-10,6.287148761678883e-14,4.360497444014283e-14,5.255087660785055e-21,6.138915241645906e-09,2.8656045880608594e-10,4.614436844924594e-10,1.1493758112847137e-10,9.569546964386784e-31,7.115663215673799e-14,8.086536497560937e-12,2.8567111793823177e-16,3.617468820656766e-09,3.2736619845826745e-11,2.9604743716604134e-17,1.627906705377537e-15,3.079053211594331e-14,0.0003265705701522063,2.461729492237674e-07,1.5652880071500562e-08,2.36618017497912e-10,3.1004812852448392e-24,9.25430227935118e-15,3.0156919305523438e-15,1.15444959827173e-19,5.817844345087663e-22,2.4919179577775793e-24,5.554208282314625e-06,2.630858965027857e-07,2.3055515161443198e-08,3.4869164642562436e-06,4.264381464037196e-20,1.292753237077566e-21,4.783393346755849e-09,1.7751248619301671e-06,8.64275549927548e-18,2.8177258738457493e-16,1.601507386765557e-22,1.0770604923866785e-19,0.0,0.0,5.71919032607095e-14,1.4541947415474494e-14,9.353579514049178e-21,1.0834697556055202e-15,4.347972469555811e-30,1.775424755370055e-22,3.830183011646393e-30,9.991326707670903e-33,6.935627152545841e-32,7.720547627931803e-11,1.2950769314285664e-11,1.5153695323451106e-12,4.6677013615877604e-20,5.802556617277093e-20,3.818736435735228e-23,9.290000589027365e-13,2.6811942555228742e-11,3.0790122570433156e-17,2.5247068010889e-19
790682.5367969447,9.919724617059543e-06,0.00016644668557548595,1.3585536849670365e-13,6.803168772399193e-15,2.5954336057847793e-14,2.087024811051167e-15,4.801610332289082e-16,7.385578820761939e-16,3.1396806555813397e-35,2.2925485957299494e-27,1.580911815906158e-35,2.720662561165139e-18,1.5528178737660195e-17,4.088975941816512e-25,7.958688848608996e-21,5.0357113493212915e-18,4.151229941973447e-35,1.3267664845213493e-33,8.372411690797175e-24,8.664622608461319e-27,1.0300530783558775e-25,2.8990255918083552e-27,9.439416008830434e-11,1.3990960176739407e-11,2.8866334114794075e-12,5.947166974529811e-12,4.825827684297782e-24,2.0618700270046765e-21,6.488080105999377e-14,1.7172021938950971e-12,5.974220008256511e-28,7.57034480248109e-33,2.75696573668086e-21,1.5791763785091865e-23,1.0779423085378972e-21,1.933643820368117e-22,1.1336455065401492e-18,6.930366969901591e-20,2.592081627020864e-19,3.386711752911035e-08,1.274362373641269e-11,4.157631156028564e-10,6.194355554267894e-13,6.321519139650145e-07,5.189222843729048e-10,6.419624292257464e-14,9.07722948278723e-16,4.358147661048138e-16,0.002624404601225049,0.5113904169716631,0.002007871813118948,0.2432973907917417,1.3252049165160453e-07,9.185854195011305e-13,5.889796104980386e-18,1.7041056416455221e-16,2.0782004704817714e-17,5.2475803707440275e-19,1.7250810685547176e-20,3.945287417678998e-20,8.831067231503215e-25,8.05239085519629e-19,1.4207653033981853e-07,6.09387997792077e-08,1.5498631205611014e-16,9.118877662159316e-15,0.0,4.40527031756594e-28,6.871214703419327e-27,3.5051061530055915e-07,1.1495347320569458e-08,1.7059392990019142e-20,9.742471509379834e-24,1.5630933872259123e-11,3.589327861745347e-12,2.256227739402797e-12,3.206790794671565e-13,8.399505557119079e-14,7.561729494042712e-16,2.753485386223619e-10,4.1865447991279324e-16,4.432377430241326e-21,4.962171967686296e-19,2.0888727426942122e-17,0.09955857091701623,0.00044142844121458814,2.1318854928714017e-09,2.361811934037519e-14,1.4886174273891096e-21,3.731496038829961e-13,4.936895314720395e-13,1.0268356735829866e-18,2.0514213585572416e-10,1.6274246481353384e-22,1.6803839401217426e-13,3.983776485541798e-14,2.2907594269697515e-26,1.2979260814514664e-22,1.01580674208309e-15,7.555131200149969e-09,2.248444868799845e-06,6.179095782525226e-05,4.0938889360521695e-10,6.428554978491445e-11,4.150052817883757e-14,2.3985471814527797e-14,1.2483073564779335e-21,4.726204393289543e-09,2.684651980309313e-10,3.0231663973368715e-10,9.026529686136809e-11,3.27149207047674e-31,3.845837892380593e-14,5.2823849654862585e-12,1.542507899276855e-16,2.6647152794126202e-09,2.6839666576913304e-11,1.5308905817591647e-17,1.0344297717878724e-15,1.991551526750198e-14,0.00032766797393585305,2.939050766873034e-07,1.1654629180169993e-08,2.0054275374702965e-10,1.5757228775078487e-24,5.382910899748644e-15,1.4096422720466227e-15,5.891257917833659e-20,2.9560761071540615e-22,1.117507242899386e-24,4.871264516812077e-06,2.927121213582543e-07,2.2269097016922134e-08,3.4877102049070916e-06,3.203626141167295e-20,9.476805249677938e-22,4.7202287448722805e-09,1.77522073129837e-06,5.637455571064712e-18,2.163525574432802e-16,6.910123296354586e-23,5.3427542334697663e-20,0.0,0.0,4.770484016287016e-14,1.2864214877990225e-14,6.989997963607251e-21,9.013195366728292e-16,2.6791683151034622e-30,1.3064177485897207e-22,2.3325045803796173e-30,6.35506811280321e-33,4.216778788923943e-32,4.8352571992832575e-11,9.67824213879183e-12,9.474501296116818e-13,3.190527546345794e-20,4.52598058325915e-20,2.572421628756941e-23,6.970977753329048e-13,1.9760478901535157e-11,1.7162258671521666e-17,1.4434135480024152e-19
1143393.4985537303,1.1340560729272742e-05,0.000165237120691535,9.945438782766859e-14,5.612884142824655e-15,1.6962995926625537e-14,1.5576003848302967e-15,2.800847686761876e-16,4.765741585013691e-16,1.5106555834576015e-35,1.2656303701739967e-27,9.20259665280813e-36,1.5392598794333624e-18,8.780303277681868e-18,1.611407966151293e-25,4.5031100756517744e-21,2.8708882161956823e-18,4.1268508035532795e-35,4.913556576471285e-34,2.902171054981717e-24,3.416400038563314e-27,9.414045393715188e-26,8.34845387077062e-28,8.717835991864498e-11,1.4152890551661706e-11,2.5072683158502765e-12,5.25303324365726e-12,2.548626993612917e-24,1.2243137119110482e-21,4.9871369226568614e-14,1.3104013689092623e-12,3.7422008162385535e-29,3.381969676756922e-33,1.0644186746292382e-21,6.061392095943352e-24,5.996316891595202e-22,1.066843326056175e-22,7.591034789648642e-19,4.0484402090039873e-20,1.7236669006150207e-19,3.3867912225971384e-08,1.416339045991014e-11,2.6125986745375074e-10,4.708807928163065e-13,4.212615071201611e-07,4.3246280096259456e-10,3.3756700416808474e-14,6.575075364771254e-16,3.5452258632178355e-16,0.0029915678326113892,0.5185173292365771,0.002274930559905995,0.2396007747623654,1.3033463353050407e-07,7.977123934198184e-13,4.4065234325791704e-18,1.1559028914570966e-16,1.3671968654109374e-17,3.3508829323907235e-19,1.1524300051646559e-20,2.6605117726166687e-20,5.17950121000438e-25,3.9796571962341847e-19,1.170949616115153e-07,5.744471656456402e-08,1.3720109068961914e-16,7.972484053634505e-15,0.0,2.818622036542676e-28,4.275958439663994e-27,2.9788991114445885e-07,9.361673718861963e-09,1.2641359874036902e-20,3.221881899096085e-24,1.3518704552240828e-11,3.607966623305629e-12,1.2937592212191716e-12,2.111895894109433e-13,4.778671762216018e-14,6.172587419477242e-16,1.9297917573950865e-10,2.2925192281937e-16,1.7198134336020907e-21,3.806122264033339e-19,1.4919797593907716e-17,0.09945725707484179,0.0005427422970392862,2.1182352703651925e-09,1.5333031524648867e-14,8.951581845773643e-22,2.390167321973263e-13,4.0760840156699694e-13,7.319395624150983e-19,1.5759401732292594e-10,8.865937068926738e-23,1.590284909562527e-13,3.070002603569662e-14,1.4708652361987967e-26,1.0080007438805432e-22,8.266291166457589e-16,7.698420533148023e-09,2.2483015794668444e-06,6.179271719345205e-05,4.1507979635032023e-10,3.898099967190046e-11,3.3516634771886523e-14,1.6734725559614073e-14,4.190511316498731e-22,3.863834734015782e-09,2.552896097340335e-10,2.1677721838712364e-10,7.453982556494133e-11,1.3851174201245508e-31,2.3679185988332562e-14,3.768472234321168e-12,9.462146582621757e-17,2.088476843235119e-09,2.299250740158202e-11,9.151536245190712e-18,7.426847817210168e-16,1.428199832191219e-14,0.0003283873374913968,3.339516953057314e-07,9.196491902046158e-09,1.7579501872803406e-10,9.170534680586168e-25,3.5063914473893065e-15,7.736279013293267e-16,3.4318285901076624e-20,1.7135963928664283e-22,5.943805249109528e-25,4.338550924540284e-06,3.1329967055502824e-07,2.19192450158712e-08,3.4880645418727634e-06,2.5736629073914727e-20,7.429642149622908e-22,4.664847468881227e-09,1.7752935408424279e-06,4.2187790297788125e-18,1.7447645239439406e-16,3.521169115249615e-23,3.063292992192605e-20,0.0,0.0,4.140524482233062e-14,1.1702016137838523e-14,5.56158075275757e-21,7.787190926291845e-16,1.8305502321692922e-30,1.026675847566647e-22,1.5808829680331626e-30,4.412905030988778e-33,2.848669674858851e-32,3.32752731736934e-11,7.633690428845016e-12,6.486603248456795e-13,2.3779545345082517e-20,3.7033640672134586e-20,1.91670673448282e-23,5.570741548796513e-13,1.5441308547521316e-11,1.0792091037418198e-17,9.171149846575115e-20
1653443.236309495,1.2377215290610082e-05,0.00016431086688565132,7.756999227178185e-14,4.778116676913556e-15,1.2060815953185131e-14,1.225080270527651e-15,1.8159762808317814e-16,3.3495122522935197e-16,8.543923525069988e-36,7.7922566164241275e-28,5.988024687693069e-36,9.893605802800807e-19,5.7051360039951105e-18,8.066852625573252e-26,2.8902088313095454e-21,1.856806971330064e-18,4.069068758349001e-35,2.282529883470785e-34,1.30449627825253e-24,1.6341243881834934e-27,8.260889695564493e-26,3.2654118393838508e-28,8.014858172692755e-11,1.4033158941906222e-11,2.1909812183561188e-12,4.735878379863844e-12,1.5366777456583924e-24,7.930950919645685e-22,4.0380905301915523e-14,1.0545317133230669e-12,7.8757056070718e-31,1.7627756539498675e-33,5.190018476588233e-22,2.9395520011807448e-24,3.761816335816223e-22,6.644864229884801e-23,5.5128111027657755e-19,2.668172972203957e-20,1.2439601623751571e-19,3.386817260185659e-08,1.5420534499185355e-11,1.8746575490419732e-10,3.846300731249317e-13,3.110828099702338e-07,3.7177694357117724e-10,2.0714550400714193e-14,5.083727225477932e-16,2.9941350863939483e-16,0.003275011657984995,0.5292516457193837,0.0024729094963891105,0.2341349150819302,1.2756662602583465e-07,7.148857453922332e-13,3.4616718826261012e-18,8.543921178166115e-17,9.896376811335981e-18,2.3380594243486817e-19,8.508313145026158e-21,1.9678101950563186e-20,3.432721088564858e-25,2.3503219681009845e-19,9.921682035019115e-08,5.396701708140517e-08,1.2433480493752575e-16,7.163005977002319e-15,0.0,2.024297697536156e-28,2.9530893242478897e-27,2.603038042492129e-07,7.850397466406548e-09,1.0013180083904598e-20,1.3874699324443494e-24,1.2069618111953701e-11,3.622359787143171e-12,8.535814675156177e-13,1.5444498847588806e-13,3.119298689637721e-14,5.133180464487349e-16,1.4551575463839176e-10,1.425523719495549e-16,7.129420643879842e-22,3.0483597121013705e-19,1.1386303815393067e-17,0.09937086280978027,0.0006291365856232897,2.0947127284623805e-09,1.0967580520212489e-14,5.960962735934181e-22,1.716367310032466e-13,3.494707129518506e-13,5.75062121044027e-19,1.264017366052677e-10,5.49933181642707e-23,1.4971466012166686e-13,2.529474960137774e-14,1.0603970852262373e-26,8.344221438440307e-23,7.04035594185832e-16,7.81353419509612e-09,2.248186465804899e-06,6.179376679378702e-05,4.241589613243183e-10,2.8076381116733944e-11,2.949921299415637e-14,1.314326706809058e-14,1.8867325871128241e-22,3.331113564478971e-09,2.4700055688142253e-10,1.6852056166093797e-10,6.460175516589355e-11,7.181803173366994e-32,1.6359844122067174e-14,2.9152646541946584e-12,6.511387281632492e-17,1.7287454429622084e-09,2.046161433134681e-11,6.240133909220671e-18,5.880372709963304e-16,1.1245818511058588e-14,0.00032890357992014556,3.6415074447596294e-07,7.644876358834606e-09,1.5895642803529292e-10,5.906084007539908e-25,2.5228172326505237e-15,4.889202311625932e-16,2.2330795247423425e-20,1.1125225667143386e-22,3.656630618238284e-25,3.9167218690569415e-06,3.2538438381114383e-07,2.1757477770864308e-08,3.4882291239959746e-06,2.177753948380592e-20,6.18159416688537e-22,4.614392375519033e-09,1.775353860442107e-06,3.4472836832252994e-18,1.4624237151521203e-16,2.076175066281132e-23,1.989550119616833e-20,0.0,0.0,3.712220482582123e-14,1.0904071122886906e-14,4.6671428570991145e-21,6.951220206989152e-16,1.3657763725645938e-30,8.53928169423835e-23,1.1731646014943527e-30,3.321430607017122e-33,2.1072869108425256e-32,2.488023167802719e-11,6.335764411558125e-12,4.823151312312636e-13,1.9086062131566793e-20,3.161275190286168e-20,1.5501577272091314e-23,4.680824113248542e-13,1.2734488312788875e-11,7.518389383705416e-18,6.404312007439977e-20
2391018.0870852144,1.3030800356991484e-05,0.0001637201293184636,6.18198965902023e-14,4.105728580542199e-15,8.851622254069447e-15,9.82233883978238e-16,1.2364433201843905e-16,2.4385927628480673e-16,5.173328833998707e-36,5.008556788123376e-28,4.0672484604712e-36,6.780711247882895e-19,4.004160898929852e-18,4.624977002068787e-26,1.973739334610413e-21,1.2755221699015957e-18,3.9686508472671757e-35,1.1686329655077295e-34,6.824507288641312e-25,8.579552518600354e-28,6.836281700175915e-26,1.566321508205649e-28,7.251934967583842e-11,1.3607498196809806e-11,1.889450330012836e-12,4.298315641503768e-12,9.963226589240297e-25,5.336438774261474e-22,3.333217483706094e-14,8.67736694064588e-13,2.16626005982348e-31,9.919010532399649e-34,2.860773058296067e-22,1.6138288185099455e-24,2.486728471126423e-22,4.376752893564381e-23,4.1344570118090503e-19,1.863155697335136e-20,9.299784407495307e-20,3.386795846190923e-08,1.6719779089368855e-11,1.482307429527182e-10,3.2787305352485836e-13,2.483851410241182e-07,3.250398702103646e-10,1.4036626683184677e-14,4.020842774788404e-16,2.561432606520246e-16,0.003490835531845661,0.544839304775754,0.0026313695029420475,0.22626210703784566,1.2383981270318614e-07,6.540277798978787e-13,2.760350524878828e-18,6.572786800689616e-17,7.522460401593482e-18,1.6985352569464987e-19,6.550517778069225e-21,1.5239421478612993e-20,2.4136763406644647e-25,1.5276625858387318e-19,8.465265999340999e-08,5.0565370859261173e-08,1.1362717975490782e-16,6.514551585009441e-15,0.0,1.5368146137295475e-28,2.1437232054120474e-27,2.2914073042060295e-07,6.668729241360433e-09,8.174900476378056e-21,7.121226753214718e-25,1.1012427007042428e-11,3.6553042147147955e-12,6.070502345910539e-13,1.1988557337896395e-13,2.195184895043303e-14,4.2285264463405016e-16,1.1404583899329363e-10,9.493076994649406e-17,4.0505131336736097e-22,2.4591735785602767e-19,8.916815816401482e-18,0.09931290087834845,0.0006870985600513137,2.051716603413373e-09,8.234162184711746e-15,4.1188303358092475e-22,1.3110267307905667e-13,3.070166108650432e-13,4.768492772132683e-19,1.0339835852498956e-10,3.6382236835398854e-23,1.393190797411299e-13,2.145866536414909e-14,8.068137683921759e-27,7.15437650330157e-23,6.1336348252761845e-16,7.868926377807691e-09,2.2481310736221877e-06,6.179448343894964e-05,4.3758980943692453e-10,2.250411711075823e-11,2.7212764147557214e-14,1.0989519645947269e-14,1.038181087299862e-22,2.954830314694892e-09,2.422906867763862e-10,1.3659778986361154e-10,5.7614022766427477e-11,4.206119188142551e-32,1.198567994475405e-14,2.357151676342763e-12,4.760645711975583e-17,1.4717419815258416e-09,1.8678565909031067e-11,4.5605752911537444e-18,4.886460358831701e-16,9.35777399412721e-15,0.0003293253458751022,3.888429390047856e-07,6.5274939740648e-09,1.4690403584619573e-10,3.927720598854037e-25,1.910331703810294e-15,3.3947768793135927e-16,1.522124426030725e-20,7.62498782488021e-23,2.41143757586124e-25,3.5473408996515946e-06,3.327798165349084e-07,2.1565835657347373e-08,3.4884227632622245e-06,1.8776569312774753e-20,5.306371789727288e-22,4.5833996651247795e-09,1.7753913817862695e-06,2.9175912448738426e-18,1.2415066692981322e-16,1.3226294277000197e-23,1.3699043923604226e-20,0.0,0.0,3.3719554487916344e-14,1.0329370048773591e-14,4.029745870017819e-21,6.302321344251229e-16,1.0669569863290129e-30,7.333879699453175e-23,9.127780475019236e-31,2.623500864953856e-33,1.6363018638043434e-32,1.9387979238905258e-11,5.411218492443367e-12,3.7454459817963474e-13,1.6050254525245136e-20,2.748889539229608e-20,1.3062841538576499e-23,4.0111939313937053e-13,1.0821421794055548e-11,5.492062688024617e-18,4.6907470283812406e-20
3457613.4016726078,1.35080004220525e-05,0.00016328584058259766,4.7947711157166874e-14,3.4605786790405418e-15,6.263135997232575e-15,7.675355239815106e-16,8.170982135209171e-17,1.7179413296070618e-16,3.0022506509706132e-36,3.0681798802402882e-28,2.6356037622715034e-36,4.550761120450046e-19,2.7731056036325164e-18,2.6191972250779204e-26,1.315105092049537e-21,8.526915996460957e-19,3.811331952272193e-35,5.642980983140605e-35,3.578684856345881e-25,4.33276837664165e-28,5.197836520993788e-26,7.878763140171399e-29,6.372883342372889e-11,1.2949695947107466e-11,1.5698305691576358e-12,3.851972441596506e-12,6.3824561500300175e-25,3.4461379418586414e-22,2.6847010658995104e-14,6.995108210205692e-13,1.0440956178106446e-31,5.3642207603214405e-34,1.5316353463174016e-22,8.618558344881683e-25,1.5728987724347725e-22,2.7722436048879395e-23,2.9967652760591433e-19,1.2659166378012826e-20,6.748841818367443e-20,3.386714440519597e-08,1.8447729625442088e-11,1.2231574600868528e-10,2.792677322414358e-13,2.0560103355954724e-07,2.8124740039726826e-10,9.667559224380993e-15,3.087793383202884e-16,2.1504832753481272e-16,0.003690261281873905,0.5668742156160831,0.0028036735848891116,0.21515875951044147,1.1862545792416036e-07,5.99584246312407e-13,2.1332932231205494e-18,4.946843593556793e-17,5.635905318889342e-18,1.1959643490137937e-19,4.905453451153636e-21,1.1611991037994331e-20,1.6539521510480339e-25,9.786671627947239e-20,7.031397671788354e-08,4.689326399998594e-08,1.0252091304255103e-16,5.868787571885905e-15,0.0,1.1465832862118113e-28,1.5142507858261546e-27,1.9746920522208043e-07,5.563114604151544e-09,6.556639630643103e-21,3.79902532422377e-25,1.0082999739632153e-11,3.725281192921263e-12,4.2514335426068294e-13,9.244850774530599e-14,1.5227134660176102e-14,3.3361425537053155e-16,8.793204195708194e-11,6.179569420191541e-17,2.6146618856383257e-22,1.9105399470105541e-19,6.7992585676315175e-18,0.09928533753606737,0.0007146619742683599,1.9797807419683076e-09,6.044067887556887e-15,2.7145018965970883e-22,9.91177949194191e-14,2.69197584032501e-13,3.95111235841836e-19,8.269338886186128e-11,2.3374213533523382e-23,1.267201701454532e-13,1.7965544057654706e-14,6.01734590134368e-27,6.106741598225135e-23,5.290858747307717e-16,7.846646061165186e-09,2.2481533539388263e-06,6.179511230814255e-05,4.575364668742676e-10,1.9014056963797904e-11,2.5553120826078847e-14,9.280344848636999e-15,6.080654984019999e-23,2.6086817522374643e-09,2.3926817986453553e-10,1.0933872464047444e-10,5.132521766964244e-11,2.4633669302199334e-32,8.609237784052756e-15,1.888894455185241e-12,3.423291671407983e-17,1.2408576257520485e-09,1.7177912645071097e-11,3.2826032437071792e-18,4.02465473799105e-16,7.814680264658432e-15,0.0003297369497432964,4.160461113022206e-07,5.517766474135361e-09,1.3672477365876998e-10,2.4764989638276116e-25,1.4238281303188695e-15,2.40411133444963e-16,9.979344606634828e-21,5.0883036474427936e-23,1.5412071873674838e-25,3.1660203252570882e-06,3.395639509373842e-07,2.120713688482488e-08,3.488783228405474e-06,1.5861676751366476e-20,4.524139091638277e-22,4.586394141372796e-09,1.7753938421675858e-06,2.4537938040137533e-18,1.0333577397711753e-16,8.284728830248261e-24,9.169185496479339e-21,0.0,0.0,3.027066447845229e-14,9.850147689541889e-15,3.464293852705218e-21,5.669199460492363e-16,8.248157878045273e-31,6.291021134842592e-23,7.027967295802625e-31,2.0701394846510455e-33,1.259406476834861e-32,1.4843747749178084e-11,4.592475673413629e-12,2.866740555688452e-13,1.3625943592189724e-20,2.3560026129500616e-20,1.0926236944712237e-23,3.371945366977376e-13,9.137576657509254e-12,3.901735181065865e-18,3.3628466974502627e-20
4999999.999999989,1.4023521502751704e-05,0.0001628085578051472,3.464944503086187e-14,2.7826800763755116e-15,4.004845325279429e-15,5.592498740403752e-16,4.845365081760854e-17,1.0953615056404602e-16,1.5026315539678483e-36,1.6323509198381785e-28,1.492077244740488e-36,2.7579397086374246e-19,1.738057337856198e-18,1.2806649829861767e-26,7.874614087256805e-22,5.116840549626668e-19,3.576844022424661e-35,2.2168128617725823e-35,1.6309833982599964e-25,1.8499712708588581e-28,3.49629182119264e-26,3.5438819466464616e-29,5.3593428315979796e-11,1.210316894375552e-11,1.2242294827997324e-12,3.3379577318531037e-12,3.697914263778377e-25,1.952294643927689e-22,2.020477691292106e-14,5.287178791199055e-13,4.3069690456771577e-32,2.4596010194404466e-34,6.915839256474378e-23,3.885264456965552e-25,8.62859373675508e-23,1.529643728895139e-23,1.9663214247016844e-19,7.708521062981808e-21,4.450778769637818e-20,3.3865439796617656e-08,2.112056764652979e-11,9.967599943086662e-11,2.2842208749664614e-13,1.6749198884556937e-07,2.3310183514104624e-10,6.1822041950214485e-15,2.1958611459760592e-16,1.7190118352904386e-16,0.00392881360608087,0.597362406598487,0.0030365429819514188,0.19979853238036682,1.1128960972555286e-07,5.388895268810182e-13,1.5248073572887448e-18,3.4344126574454026e-17,3.914130246610692e-18,7.565381934472182e-20,3.3672751706666788e-21,8.209449212860585e-21,1.0187229699110889e-25,5.590471698209846e-20,5.464815703766109e-08,4.2296973716254064e-08,8.945134887222999e-17,5.124239687812443e-15,0.0,7.898142897411017e-29,9.624649831360866e-28,1.6161039305192108e-07,4.376672360784255e-09,4.934349421909442e-21,1.8262286883486338e-25,9.062078734341418e-12,3.8386674749672226e-12,2.699655972143848e-13,6.651820672208562e-14,9.556148388703425e-15,2.4367130547250395e-16,6.288268227329404e-11,3.565361343804528e-17,1.5497143211307844e-22,1.3698484783672782e-19,4.8003046062050454e-18,0.09927917337741575,0.0007208262412587233,1.8714419655147527e-09,4.04430985904462e-15,1.5744537243399222e-22,6.945881627217404e-14,2.279496867989284e-13,3.125930656804282e-19,6.156506905504494e-11,1.3233298867112869e-23,1.1117314894684205e-13,1.4350740923407474e-14,4.1340944638452336e-27,5.005385900881648e-23,4.36778613364344e-16,7.758392982433773e-09,2.248241607017556e-06,6.17957775833842e-05,4.886064652833589e-10,1.606834278271906e-11,2.3897552488727802e-14,7.568049600497843e-15,3.290168745206815e-23,2.224526255333856e-09,2.3635120390109615e-10,8.207964746384361e-11,4.436813839225902e-11,1.2761433525609433e-32,5.623366839819136e-15,1.4242150691836258e-12,2.2449682811766592e-17,9.967005886604662e-10,1.5596185149747008e-11,2.159497632786602e-18,3.142971301870155e-16,6.2591697529799895e-15,0.00033020109007786717,4.5314042319500524e-07,4.444513320472924e-09,1.2586277466428626e-10,1.3614743016694234e-25,9.77815568099512e-16,1.600474892678862e-16,5.792169858786403e-21,3.0503158668460175e-23,8.672841553073028e-26,2.7194324310391577e-06,3.4699027309243416e-07,2.0666146262514927e-08,3.4893260737520922e-06,1.2718733276136955e-20,3.70071424630787e-22,4.6270525547150586e-09,1.7753584614634242e-06,1.9938953652186763e-18,8.178054055817618e-17,4.6523051879715755e-24,5.506948599160375e-21,0.0,0.0,2.6253908288707234e-14,9.375780092803032e-15,2.876465048472132e-21,4.944738731107355e-16,5.978680818884258e-31,5.22292832129237e-23,5.06961160221579e-31,1.5489007772226602e-33,9.093534454309763e-33,1.0518486133683873e-11,3.727754818562743e-12,2.0353294307388537e-13,1.126160399598291e-20,1.9309268154995722e-20,8.719537192896926e-24,2.681183533583171e-13,7.373719874807437e-12,2.501483720292909e-18,2.1926268726512477e-20
