time_years,C,C+,C2,C2+,C2H,C2H+,C2H2,C2H2+,C2H3,C2H4,C2H5,C2N,C2N+,C2N2+,C2NH+,C3+,C3H2,C3H5+,C3N,C4H,C4N,C4N+,CH,CH+,CH2,CH2+,CH2CO,CH2OH,CH3,CH3+,CH3CCH,CH3CHO,CH3CN,CH3CNH+,CH3OH,CH3OH2+,CH4,CH4+,CH5+,CL,CL+,CN,CN+,CO,CO+,CO2,CS,CS+,E-,H,H+,H2,H2+,H2CL+,H2CN,H2CO,H2CO+,H2COH+,H2CS,H2CS+,H2CSH+,H2NO+,H2O,H2O+,H2S,H2S+,H2S2,H2S2+,H2SIO,H3+,H3O+,H3S+,HC3N,HCL,HCL+,HCN,HCN+,HCNH+,HCO,HCO+,HCO2+,HCOOH,HCS,HCS+,HE,HE+,HEH+,HNC,HNCO,HNO,HNO+,HNS+,HOC+,HOSO+,HS,HS+,HS2,HS2+,HSO+,MG,MG+,N,N+,N2,N2+,N2H+,NCCN,NH,NH+,NH2,NH2+,NH2CHO,NH3,NH3+,NH4+,NO,NO+,NO2,NS,NS+,O,O+,O2,O2+,O2H,O2H+,OCN,OCS,OCS+,OCSH+,OH,OH+,S,S+,S2,S2+,SI,SI+,SIC,SIC+,SIC2,SIC2+,SIC3,SIC3+,SIH,SIH+,SIH2,SIH2+,SIH3,SIH3+,SIH4,SIH4+,SIH5+,SIO,SIO+,SIOH+,SIS,SIS+,SISH+,SO,SO+,SO2,SO2+
0.0,1e-10,0.000177,0.0,0.0,0.0,0.0,0.0,0.0,0.0,0.0,0.0,0.0,0.0,0.0,0.0,0.0,0.0,0.0,0.0,0.0,0.0,0.0,0.0,0.0,0.0,0.0,0.0,0.0,0.0,0.0,0.0,0.0,0.0,0.0,0.0,0.0,0.0,0.0,0.0,0.0,3.39e-08,0.0,0.0,0.0,0.0,0.0,0.0,0.0,0.0001823239,0.5,0.0,0.25,0.0,0.0,0.0,0.0,0.0,0.0,0.0,0.0,0.0,0.0,0.0,0.0,0.0,0.0,0.0,0.0,0.0,0.0,0.0,0.0,0.0,0.0,0.0,0.0,0.0,0.0,0.0,0.0,0.0,0.0,0.0,0.0,0.1000000014901161,0.0,0.0,0.0,0.0,0.0,0.0,0.0,0.0,0.0,0.0,0.0,0.0,0.0,0.0,2.256e-06,0.0,6.18e-05,0.0,0.0,0.0,0.0,0.0,0.0,0.0,0.0,0.0,0.0,0.0,0.0,0.0,0.0,0.0,0.0,0.0,0.0,0.000334,0.0,0.0,0.0,0.0,0.0,0.0,0.0,0.0,0.0,0.0,0.0,0.0,3.51e-06,0.0,0.0,0.0,1.78e-06,0.0,0.0,0.0,0.0,0.0,0.0,0.0,0.0,0.0,0.0,0.0,0.0,0.0,0.0,0.0,0.0,0.0,0.0,0.0,0.0,0.0,0.0,0.0,0.0,0.0
1e-09,1.0000000001656582e-10,0.000177,6.766636708587093e-40,1.4459053827681756e-33,1.2431491202040905e-51,6.2821532623455795e-43,1.1072992680066246e-66,1.8160448635456037e-54,-1.7516213327030792e-124,-8.869947846896643e-104,-1.3173561570122196e-116,1.3729223514217349e-68,4.267039340266166e-59,-3.910421847669782e-85,-2.2176488853528045e-70,7.287309792274202e-64,1.6227921419509857e-145,-1.2545441023836286e-126,-3.253378435825918e-97,-2.7575468414619346e-116,-8.274678111911964e-133,-7.282761604437321e-117,1.5768166143910126e-29,4.865989973103355e-23,7.884000000636e-30,3.226490607261888e-22,-1.7324164698399088e-102,-3.875181638330457e-99,9.826721886039371e-49,2.035012155815404e-33,-2.1807504821949923e-138,-4.395449116148999e-132,-4.3902719914585385e-99,-8.331670925802347e-88,-3.8751816383303004e-99,-2.5017020956150113e-86,-1.0817389716322692e-64,-2.887681815038058e-63,2.9228168290040166e-51,9.018844574570934e-25,3.3899999999732734e-08,1.8919173768096498e-34,2.9225482225109915e-28,4.582722886760899e-34,4.583582746796348e-27,3.65181879961528e-61,3.515047701121276e-50,6.589865299769821e-36,0.0001823239000000609,0.5,2.7662009609242072e-17,0.24999999999999997,2.7106329846867926e-17,1.36963954294991e-30,-2.2971352551134102e-65,-3.168434395352637e-64,2.85797758370925e-49,-5.658342329267099e-68,-2.5689399647558537e-80,-5.056913239361305e-66,-1.1282954472320559e-72,-5.802442140087666e-82,4.355819602962565e-41,4.4611147306091773e-42,1.3170355705435539e-40,2.870053426577427e-25,0.0,-1.5843997891295159e-74,-5.94185189993847e-93,2.222545566942085e-28,-1.4250877625137034e-53,6.222169841724194e-42,-3.0985858465773425e-103,1.2824738369063665e-41,2.672675999974085e-19,2.942241125872882e-46,7.032213168532992e-38,1.6632590586518062e-49,2.080211237149955e-45,1.287977725670901e-36,-1.3553063656065568e-70,-3.862655257409834e-100,3.6854525230930774e-62,9.398562095456134e-46,0.1000000014901161,5.873038221082692e-18,5.556388078196601e-30,2.942036021333929e-46,-1.6088609906956724e-82,8.137571631049178e-81,-4.914558917723475e-58,-3.2089556941062066e-75,1.3551362390796796e-38,-5.076193784544823e-97,1.3557889084700926e-37,2.3092790704557577e-35,-4.008843517957123e-86,1.0061028991322435e-57,-5.232593423748434e-74,2.255999999999957e-06,4.366243310349655e-20,6.179999999999998e-05,1.5076540660989867e-20,1.7840775797961853e-50,2.2080071597146376e-43,1.1595837395980913e-54,-1.4666650258653802e-91,3.299667929198111e-45,9.248852541708718e-32,-4.9343808920072235e-67,2.673658292814379e-43,-1.1403227805083856e-145,-1.1866786638064756e-70,-1.8873448244489915e-55,-1.2396103611846655e-69,4.223808707861232e-40,2.4424084215937936e-45,-3.536063113661736e-98,8.807768757640986e-54,2.209439728817143e-40,0.00033399999999999977,2.093474259653198e-19,1.2923770934860288e-28,2.175026268897056e-43,-1.0443734996526144e-86,6.996791361411483e-56,1.3513916367758922e-61,-8.531388263183053e-78,1.649921329871832e-62,-1.7897308186715017e-91,7.292090122391687e-24,1.3282179138818274e-30,1.9330204077849933e-22,3.51e-06,3.697043145463173e-65,3.140744499935808e-57,4.1606872820831e-22,1.7799999999999997e-06,7.760531105122042e-51,4.1166372774789045e-46,-1.7148754297760954e-98,2.326101071323603e-68,0.0,0.0,1.9887947645750904e-38,3.3687427647087027e-25,1.5055590952482022e-56,4.210055999993356e-26,-5.431439092780524e-77,4.780650232275392e-44,-5.431439092780585e-77,-1.0663290950409884e-102,1.3762678171922804e-64,4.567154075189967e-44,1.909267011663529e-29,1.637698135927693e-40,6.4519995763623965e-62,3.0819935615698926e-55,9.410275735558751e-59,5.985235740582061e-49,7.382550433990416e-40,8.836852851921307e-70,-4.812343478243764e-84
1.4460841682246074e-09,1.0000000002395555e-10,0.00017699999999999997,9.78512621714881e-40,2.0909008829153394e-33,2.599622995346305e-51,1.3136983983040547e-42,3.349092650363703e-66,5.491706112130361e-54,-3.282923196724042e-124,-1.8616733989080633e-103,-2.830660235015739e-116,4.151706939526983e-68,1.2903495103522028e-58,-1.8490389870520068e-85,-1.0471041080829515e-70,2.2036770402283754e-63,4.3802232285014955e-145,-2.8495424212057134e-126,-1.53835668622898e-97,-5.0725536740143e-116,-1.6498999604039345e-132,-1.3436055658072574e-116,2.280220259796701e-29,7.036631062806781e-23,1.1400927583612782e-29,4.665776986070882e-22,-3.591268816257457e-102,-7.726918737877925e-99,2.6509055980850654e-48,4.255534842671702e-33,-3.8458901137265624e-138,-8.014478031900547e-132,-8.359855871074522e-99,-1.5325095338868394e-87,-7.726918737877351e-99,-4.6014396606778955e-86,-5.1076312882372335e-65,-1.363472569343603e-63,8.838576265565353e-51,1.304200944086268e-24,3.389999999961351e-08,2.7358812795400996e-34,4.226250715486213e-28,6.627177870066881e-34,6.62824644392176e-27,1.1043073279035545e-60,7.350525153533409e-50,9.529499881666704e-36,0.00018232390000008807,0.5,4.000159415729134e-17,0.24999999999999997,3.919803444999299e-17,2.8641346344123136e-30,3.3264348010631846e-65,3.2787534399448376e-64,8.642502871965924e-49,-2.671691359355401e-68,-3.878989974345025e-80,7.322813120514745e-66,-5.3274565519500916e-73,-1.0672568664002045e-81,9.108713201480674e-41,1.349037763311474e-41,2.7541313419090678e-40,4.150338822127725e-25,0.0,-7.481037697175834e-75,-1.0928988322906662e-92,4.647697102204889e-28,-6.728816390775667e-54,1.3011549087238868e-41,-1.4635917630437852e-103,2.6918897155814266e-41,3.8649144503396775e-19,6.152822822789174e-46,1.4705478821955056e-37,5.029682973421834e-49,4.350053410195395e-45,2.6933667558306954e-36,-6.399330573759056e-71,-8.007193934998164e-100,1.1144780911666002e-61,1.9653891688073923e-45,0.1000000014901161,8.492907590885692e-18,1.1619293279638226e-29,6.1522663447875765e-46,-7.596535820422445e-83,2.4916600044711794e-80,-2.320500215462787e-58,-5.902307883131017e-75,2.833805913893094e-38,-9.33678626540496e-97,2.835170749632151e-37,3.368635012265098e-35,-7.373560420876796e-86,3.042447654191712e-57,-9.62443248153194e-74,2.2559999999999374e-06,6.313955325713278e-20,6.179999999999998e-05,2.1801946761424712e-20,3.730800192133914e-50,4.6180236082397554e-43,3.5079359553918137e-54,-6.926806135135814e-92,4.773732369622833e-45,1.9340825131412897e-31,-9.075884832631375e-67,8.085122712630146e-43,-2.741046567393694e-145,-2.1826860511149563e-70,-8.911448912046085e-56,-2.2800445703603031e-69,8.832657374437113e-40,5.82383494181343e-45,-1.2051854095337049e-98,2.66346269536422e-53,4.620290705348592e-40,0.0003339999999999997,3.027339983457443e-19,1.8688860542753575e-28,4.57921280157627e-43,-5.473773982255887e-87,2.1158244830380566e-55,4.08659840273253e-61,-4.0282536052362835e-78,4.989349788908396e-62,-3.292189980879113e-91,1.0544976079257511e-23,2.7775154045262888e-30,2.7953102085530244e-22,3.51e-06,1.1179936152016662e-64,9.497587915201255e-57,6.0167040075531905e-22,1.7799999999999995e-06,1.6228507739100368e-50,8.608565221455022e-46,-3.154542120574852e-98,7.034112271425093e-68,0.0,0.0,4.158886909548188e-38,4.871485578832368e-25,4.552799461659811e-56,6.088095328925123e-26,-2.564554784394758e-77,9.997101774498974e-44,-2.5645547843948484e-77,-2.2380645500959756e-102,4.161823602263714e-64,9.550647279650466e-44,2.7609607985326945e-29,3.424687886669395e-40,1.951079856825001e-61,9.319925516198051e-55,2.8456603555805163e-58,1.2516865404684703e-48,1.5438089895395324e-39,2.672654280362672e-69,-2.2796457910027342e-84
2.0911594215898465e-09,1.0000000003464172e-10,0.00017699999999999997,1.415011610823236e-39,3.0236186644108793e-33,5.43622611987574e-51,2.7471527829270253e-42,1.0129885465294874e-65,1.6606878295303455e-53,-2.038303135259274e-124,-2.263650974014263e-103,-3.7685792634392445e-116,1.2554730786068753e-67,3.9020072845086084e-58,3.0223594269536735e-84,1.7149749818290107e-69,6.663902916597904e-63,1.0164990066882458e-144,-4.540256787430223e-126,2.514531513562434e-96,-2.597544955160185e-116,-1.5748069613587914e-132,-7.104291320499155e-117,3.2974128298257105e-29,1.0175560777483579e-22,1.6486700882595545e-29,6.747106231990483e-22,-4.1429332615102935e-102,-7.375961172433702e-99,7.345709497923549e-48,8.899001780121804e-33,-1.0458515887265592e-138,-3.732853340314988e-132,-5.888819584139197e-99,-7.841082953609532e-88,-7.375961172431795e-99,-2.353544579328764e-86,8.365414875906698e-64,2.2331317387373767e-62,2.672778862735618e-50,1.8859845645051598e-24,3.38999999994411e-08,3.956334498409454e-34,6.111514250696368e-28,9.58382265002145e-34,9.585002245713408e-27,3.339417292231275e-60,1.5371120037295808e-49,1.3780458911935566e-35,0.00018232390000012734,0.5,5.784567201479173e-17,0.24999999999999997,5.66836570431621e-17,5.989362125424615e-30,4.693937864319264e-64,5.608304400512661e-63,2.613486414924613e-48,4.375767364116128e-67,2.9515219238183206e-80,1.0333234178623108e-64,8.725450048644981e-72,-5.45880593476136e-82,1.904777142983523e-40,4.079480122644446e-41,5.7593277039228e-40,6.001739263437066e-25,0.0,1.2252643062635389e-73,-5.589959474194556e-93,9.719075583914646e-28,1.1020634948580546e-52,2.720922346321306e-41,2.3958895406521642e-102,5.659508650726803e-41,5.588991598143738e-19,1.2866919191512768e-45,3.0751500587367074e-37,1.5209723753792704e-48,9.096655423330601e-45,5.632259267240479e-36,1.0480994287342581e-69,-9.237087895423657e-100,3.370173426319905e-61,4.109942081301887e-45,0.1000000014901161,1.2281459209374342e-17,2.429779461365234e-29,1.2865369731390667e-45,1.2441808924691908e-81,7.654437654517396e-80,3.80057714267165e-57,-3.0189127203655915e-75,5.925939935805979e-38,-4.775722236372946e-97,5.928794024902825e-37,4.932439938361515e-35,-3.7714290394727054e-86,9.200338987668142e-57,-4.922705189140946e-74,2.255999999999909e-06,9.130510835391471e-20,6.179999999999997e-05,3.1527450048114844e-20,7.80172685792366e-50,9.659226959046223e-43,1.061286673671397e-53,1.1341101798798738e-90,6.907683079964704e-45,4.04447486946441e-31,-4.64163234312056e-67,2.4449350709416215e-42,-5.060056402130789e-145,-1.1164003666364738e-70,1.4595408703114787e-54,-1.1661973067480757e-69,1.8470494686228623e-39,1.4344863507352431e-44,3.025245341986457e-97,8.054291302141772e-53,9.661764438966689e-40,0.00033399999999999955,4.377788421884416e-19,2.7025665353223214e-28,9.669263411398672e-43,7.732909639458479e-86,6.398237437393146e-55,1.2357843715825385e-60,6.597580555732601e-77,1.5087756532721209e-61,-1.685576176908662e-91,1.5248922962521118e-23,5.808227506749422e-30,4.042253837865287e-22,3.51e-06,3.3808421423793576e-64,2.87206349350551e-56,8.70066041021482e-22,1.7799999999999993e-06,3.393639686326318e-50,1.8001943938666307e-45,-1.615372746725866e-98,2.1271102987996887e-67,0.0,0.0,8.696895544223537e-38,7.044578171212682e-25,1.3767631575184433e-55,8.803898269791809e-26,4.200296224556598e-76,2.090553356418653e-43,4.200296224556605e-76,-2.7212859171525596e-102,1.2585323495869444e-63,1.9971926057646948e-43,3.992581699956792e-29,7.161568340225572e-40,5.900050927882008e-61,2.8183385166787965e-54,8.605255666122381e-58,2.6177129699007797e-48,3.228350713608867e-39,8.083510310354071e-69,3.716830442441974e-83
3.023992532794805e-09,1.0000000005009482e-10,0.00017699999999999997,2.0462258885862606e-39,4.3724070819806976e-33,1.1368015470211982e-50,5.744734425127164e-42,3.06389967255141e-65,5.0219076013682105e-53,1.6555248234675492e-123,2.9915507994941234e-103,2.661602685005073e-116,3.796541215554912e-67,1.1799640892684815e-57,1.9146729874555e-83,1.0862602031938105e-68,2.015159266536511e-62,2.0905434818357792e-144,-1.6318674548982214e-126,1.5929626121806508e-95,2.878907388172045e-115,5.142201342605114e-132,7.496092916555186e-116,4.768383356520307e-29,1.4714717342961582e-22,2.384115713437016e-29,9.756883503341347e-22,7.064369187649543e-102,2.407811800845513e-98,2.0811019848060263e-47,1.8609231415140888e-32,2.714355672378122e-137,4.759443595437054e-131,3.8161333634133176e-98,8.701491746806741e-87,2.407811800846119e-98,2.613119939501027e-85,5.298629615174426e-63,1.4144591936880098e-61,8.082463322654302e-50,2.7272928951040875e-24,3.3899999999191784e-08,5.7212342837183044e-34,8.837764001986454e-28,1.3859778842121842e-33,1.3860720000063856e-26,1.0098373455010436e-59,3.214346281554531e-49,1.9927703467516597e-35,0.00018232390000018416,0.5,8.364971050129457e-17,0.24999999999999994,8.196933904615422e-17,1.2524711037809052e-29,2.44991210940662e-63,2.985927107757797e-62,7.903163403226708e-48,2.7715984105369443e-66,5.0683872248787844e-79,5.393236185749757e-64,5.526674880367969e-71,6.060864433161756e-81,3.983192668578753e-40,1.2336317428372741e-40,1.2043672390062842e-39,8.679020130647906e-25,0.0,7.760788728446498e-73,6.206483059749827e-92,2.032413647627497e-27,6.980438347033645e-52,5.689882399910517e-41,1.5176139417827433e-101,1.1926677054961454e-40,8.082152266342902e-19,2.690794587870952e-45,6.430629018083269e-37,4.5994091056894095e-48,1.902255745000121e-44,1.1777952031491201e-35,6.638631510904699e-69,1.5751566627643545e-99,1.0191379277283394e-60,8.594544117174721e-45,0.1000000014901161,1.776002372537254e-17,5.081056212935175e-29,2.6903539127117268e-45,7.880605841488277e-81,2.3490445788299365e-79,2.4072745854849703e-56,3.3518723608254725e-74,1.2392085128570826e-37,5.302201205326662e-96,1.2398053483821903e-36,7.260514431312775e-35,4.187384640752646e-85,2.7821756397815183e-56,5.4656364701042383e-73,2.2559999999998684e-06,1.3203487166863028e-19,6.179999999999996e-05,4.559134637895168e-20,1.6314741974892353e-49,2.0205646470042338e-42,3.210690573562349e-53,7.183622101721923e-90,9.998426760535904e-45,8.457641728593891e-31,5.154439935245205e-66,7.393465397609898e-42,-5.569609290230326e-145,1.2395295521162124e-69,9.244689718710311e-54,1.294818658719343e-68,3.8624748984530794e-39,3.6548260004338355e-44,1.860241667338001e-96,2.4356116754583215e-52,2.0204289735705897e-39,0.00033399999999999934,6.330650528668169e-19,3.9081386803429357e-28,2.0502410424928092e-42,4.963137612605315e-85,1.934822223367394e-54,3.7370028966201256e-60,4.1788885027021014e-76,4.562526316858315e-61,1.8686326534374044e-90,2.2051226078577835e-23,1.2145929673365613e-29,5.845439278882462e-22,3.51e-06,1.0223747005061967e-63,8.685098558052174e-56,1.2581887272307423e-21,1.7799999999999988e-06,7.096641605447586e-50,3.764512116223079e-45,1.7903476644181653e-97,6.432365661221466e-67,0.0,0.0,1.8186595055871354e-37,1.018705296506229e-24,4.163321507710556e-55,1.273117790658721e-25,2.660455497511207e-75,4.371680347565953e-43,2.660455497511219e-75,3.59653881002776e-102,3.8057924273799143e-63,4.176448139271434e-43,5.773609186880643e-29,1.4975981108059437e-39,1.7841709976844808e-60,8.522634629213357e-54,2.602222887707943e-57,5.474771426856227e-48,6.750996010954025e-39,2.4448452833629467e-68,2.3551185979029108e-82
4.372947726504e-09,1.0000000007244129e-10,0.0001769999999999999,2.959014862766724e-39,6.322868659598043e-33,2.377233266057749e-50,1.2013155519337317e-41,9.256825395911153e-65,1.518621101284348e-52,-4.318181464765948e-119,-2.0334110001444116e-99,-2.4182649994382645e-111,1.148071227663772e-66,3.568202593023993e-57,-7.575465977410595e-83,-4.271284789441804e-68,6.09382656600807e-62,2.9835203723405652e-139,-2.713313307134974e-120,-6.302608534917614e-95,-6.783441229973731e-113,-1.9670279423992503e-128,-2.1541147179943388e-113,6.895581686694653e-29,2.127871978921239e-22,3.4476319887919545e-29,1.4109274765248065e-21,-3.617821875744141e-98,-9.186200782425621e-95,5.99998294889775e-47,3.8914869601998074e-32,-3.3169353724381326e-132,-7.454024634684249e-126,-6.586631724748773e-95,-2.041038549087505e-84,-9.186200782423846e-95,-6.115953120546016e-83,-2.08347445531568e-62,-5.561795818426761e-61,2.4441308735226772e-49,3.943896070723575e-24,3.389999999883125e-08,8.2734733154806e-34,1.278015060614467e-27,2.004400573624703e-33,2.0043767752580084e-26,3.053739927349666e-59,6.721710610464498e-49,2.881713650201763e-35,0.00018232390000026628,0.49999999999999994,1.2096452203331146e-16,0.2499999999999999,1.1853456347231287e-16,2.6191167489144576e-29,-6.308231140050777e-63,-8.141724438889395e-62,2.389910711769362e-47,-1.0898203721927452e-65,-4.8865152346299594e-77,-1.3886939175959492e-63,-2.1731444442897577e-70,-1.4185327737828753e-78,8.329490876905341e-40,3.7304931788100905e-40,2.5185238988964694e-39,1.2550593606589834e-24,0.0,-3.051620188789541e-72,-1.4526145113885044e-89,4.250100947752012e-27,-2.7447785669886315e-51,1.189845118826987e-40,-5.976850826619428e-101,2.5218010875238546e-40,1.1687472437386229e-18,5.627233228283835e-45,1.3447470457773046e-36,1.3908578791468259e-47,3.977920252209664e-44,2.4629575357578847e-35,-2.610376683030074e-68,-8.063008354245542e-96,3.081865480851209e-60,1.7972561940194586e-44,0.10000000149011609,2.5682489136554636e-17,1.0625298571052263e-28,5.625958932305652e-45,-3.098733517291648e-80,-5.26356146608809e-78,-9.46564579352889e-56,-7.844987868263693e-72,2.591382556985896e-37,-1.2444281907824346e-93,2.5926306352010806e-36,1.0766546588850712e-34,-9.800487065289934e-83,8.413278359721858e-56,-1.279220900426511e-70,2.255999999999809e-06,1.909335375735779e-19,6.179999999999994e-05,6.592892420639676e-20,3.4116990540981094e-49,4.227337687569326e-42,9.690899998251996e-53,-2.8276173026520208e-89,1.4478089205262863e-44,1.768627718496892e-30,-1.2063531862822685e-63,2.2357784154990356e-41,-2.1062554038507441e-137,-2.9010932569400913e-67,-3.63510498133507e-53,-3.0304962651361554e-66,8.077050774554005e-39,9.623800065141223e-44,2.6286485346565576e-94,7.365271519437405e-52,4.2250390837288725e-39,0.0003339999999999991,9.154653503952941e-19,5.651497472953139e-28,4.372790258298271e-42,-2.916026054682273e-84,5.850887955816596e-54,1.130066639437409e-59,-1.643181482566577e-75,1.379704541035265e-60,-4.402482449397605e-88,3.1887928922171694e-23,2.5399075270091246e-29,8.452997197510836e-22,3.5099999999999994e-06,3.091512878171927e-63,2.62636731864174e-55,1.819446799086449e-21,1.779999999999998e-06,1.4840208960639176e-49,7.872251373347796e-45,-4.2185164122332166e-95,1.945142571149484e-66,0.0,0.0,3.803106959768093e-37,1.4731336013330475e-24,1.2589853151636042e-54,1.8410354813527468e-25,-1.046117860655463e-74,9.141880546855042e-43,-1.0461178606556632e-74,-2.44349597309332e-98,1.1508687882452384e-62,8.733618890329766e-43,8.349124839144869e-29,3.131716399178237e-39,5.395319737194627e-60,2.577238347996182e-53,7.869102581183025e-57,1.1450785896347428e-47,1.4117408913405433e-38,7.387898674908973e-68,-9.390814584738569e-82
6.3236504757711994e-09,1.0000000010475617e-10,0.00017699999999999988,4.278984547991014e-39,9.143400269153111e-33,4.97117374322534e-50,2.512142335243021e-41,2.7933931466146468e-64,4.592298818617796e-52,-4.200576090073059e-118,-2.0195926593675416e-98,-2.4161430974575572e-110,3.471758812824687e-66,1.0790217983585506e-56,-1.163731334871511e-81,-6.576332027481203e-67,1.8427685973071477e-61,3.1698765145109456e-138,-2.7387415391908155e-119,-9.681969415678012e-94,-6.689279804705315e-112,-1.9354073218885536e-127,-2.125835570960048e-112,9.97179645568213e-29,3.0770819806547335e-22,4.985566037641285e-29,2.040319886285142e-21,-3.5929351333073073e-97,-9.038847408806306e-94,1.753066295176789e-46,8.137719620719154e-32,-2.93322182050278e-131,-7.175481277168316e-125,-6.482751481303176e-94,-2.0126251413694574e-83,-9.038847408804023e-94,-6.030754744278446e-82,-3.2078451700771274e-61,-8.563282259511912e-60,7.39103351135771e-49,5.7032077455222676e-24,3.389999999830989e-08,1.1964320698350883e-33,1.8481173459838706e-27,2.8988663079980318e-33,2.8984975219190753e-26,9.234482087961635e-59,1.4056168773279677e-48,4.167200488705068e-35,0.00018232390000038506,0.4999999999999999,1.749248802309376e-16,0.24999999999999983,1.7141095562019649e-16,5.476990665657505e-29,-1.1500994011482697e-61,-1.44714214248599e-60,7.227072147051428e-47,-1.677954344986319e-64,-4.884432416933862e-76,-2.5318286657675047e-62,-3.345906422492081e-69,-1.3987718817973894e-77,1.741829332428492e-39,1.1280983518122677e-39,5.266634979659342e-39,1.814921471622103e-24,0.0,-4.698461769236532e-71,-1.432378843254263e-88,8.887638639442175e-27,-4.226029574120352e-50,2.4881558304552442e-40,-9.197011132058043e-100,5.357382058135257e-40,1.6901068857945936e-18,1.1768508569641613e-44,2.8120804543897032e-36,4.205943841134923e-47,8.318466105567916e-44,5.150436855843328e-35,-4.019096182053359e-67,-8.007507828625885e-95,9.319538183776281e-60,3.758349233807664e-44,0.10000000149011608,3.7139040940971966e-17,2.221919321329048e-28,1.1764777027758422e-44,-4.771000322474132e-79,-5.5905484381836896e-77,-1.4573889326249616e-54,-7.73570314761294e-71,5.418994049016235e-37,-1.2270411535506336e-92,5.4216039794855565e-36,1.6128156481307053e-34,-9.663961233905587e-82,2.544169093681457e-55,-1.261400694568906e-69,2.255999999999724e-06,2.761059658682763e-19,6.179999999999992e-05,9.533877352242822e-20,7.134486499085627e-49,8.846130043061622e-42,2.917788957807846e-52,-4.351915080632699e-88,2.0977361180475632e-44,3.698482516755696e-30,-1.1895482910805066e-62,6.760977234250965e-41,-2.1580380083828186e-136,-2.860679534002159e-66,-5.596830774969878e-52,-2.9882798916789378e-65,1.6890400825866687e-38,2.611535753700639e-43,3.0075082378054762e-93,2.2272526077229368e-51,8.835230286505616e-39,0.0003339999999999987,1.3238399497403888e-18,8.172541022572465e-28,9.402478892112614e-42,-3.946625236151191e-83,1.7693041489084816e-53,3.4173113586873273e-59,-2.529942802589012e-74,4.1722161578612577e-60,-4.341278754565704e-87,4.6112629171821105e-23,5.311351554970758e-29,1.2223745421368695e-21,3.509999999999999e-06,9.347728639566303e-63,7.94211516014512e-55,2.631073211084594e-21,1.7799999999999974e-06,3.103324280382348e-49,1.646230316298654e-44,-4.159958888785102e-94,5.882096599015921e-66,0.0,0.0,7.952902950219647e-37,2.1302751785022417e-24,3.8071621924392843e-54,2.6622922627157704e-25,-1.6106672756280235e-73,1.911712963619137e-42,-1.6106672756282208e-73,-2.426879958569852e-97,3.480218622361684e-62,1.826338947278329e-42,1.2073537249423224e-28,6.548918253922904e-39,1.631540633831559e-59,7.793549520609385e-53,2.379610744589818e-56,2.3951968918763897e-47,2.9521752657653925e-38,2.2303916155140575e-67,-1.4385336382337247e-80
9.144530838398738e-09,1.0000000015148623e-10,0.00017699999999999986,6.187771813860953e-39,1.322212637870291e-32,1.0395516814319904e-49,5.25329011427373e-41,8.447892229212734e-64,1.3887077341978692e-51,-1.4064974221803048e-117,-7.022809719308907e-98,-8.505622787429548e-110,1.0498572726431839e-65,3.2629538611151204e-56,-3.4106352726978835e-81,-1.92629433113301e-66,5.572518478618323e-61,1.2358350347296802e-137,-9.819058102703891e-119,-2.837567870551917e-93,-2.2327677751259255e-111,-6.610442854750538e-127,-7.143496820965118e-112,1.4420485561954965e-28,4.449719536403416e-22,7.209548118311956e-29,2.9504742856070598e-21,-1.2488006502742552e-96,-3.087432079568191e-93,5.1730209827500615e-46,1.701726905483114e-31,-7.914625179253537e-131,-2.354017268538681e-124,-2.2109604037186635e-93,-6.716384097651432e-83,-3.087432079567061e-93,-2.012371707080498e-81,-9.396201235559466e-61,-2.5082982214134593e-59,2.2350430147905012e-48,8.247322771241971e-24,3.389999999755596e-08,1.7301795170435827e-33,2.672533235208915e-27,4.192703898324542e-33,4.191471378213806e-26,2.792500542706958e-58,2.939369067194223e-48,6.02612265628076e-35,0.00018232390000055682,0.49999999999999983,2.529560999341202e-16,0.24999999999999975,2.478746691731454e-16,1.1453260632211367e-28,-3.364646190907435e-61,-4.234381620148247e-60,2.1854612206580368e-46,-4.914949398572493e-64,-1.6223784577530318e-75,-7.406931668467579e-62,-9.800600957467335e-69,-4.6674903540066364e-77,3.642442819308719e-39,3.4113609921176727e-39,1.1013373357737365e-38,2.6245292066649263e-24,0.0,-1.3762413689610546e-70,-4.779631704897032e-88,1.8585469276079735e-26,-1.2378597531435495e-49,5.203130507202444e-40,-2.69431177483698e-99,1.1456834658085055e-39,2.4440368100881056e-18,2.461305352888205e-44,5.880508536336861e-36,1.2718742768897233e-46,1.7395240861912951e-43,1.0770384556302238e-34,-1.1772462357029479e-66,-2.783153626650828e-94,2.818221387888869e-59,7.859307442177535e-44,0.10000000149011606,5.370617912778505e-17,4.646387522576775e-28,2.46020243274948e-44,-1.3974888685342994e-78,-1.87285201244533e-76,-4.2688842393222654e-54,-2.5812872200322955e-70,1.1331980461235256e-36,-4.0944563877203095e-92,1.133743824177696e-35,2.449126164034097e-34,-3.224717799061246e-81,7.693548341451914e-55,-4.209103464910359e-69,2.2559999999996007e-06,3.9927246599449516e-19,6.179999999999988e-05,1.3786789100764358e-19,1.49195902129935e-48,1.8517093399256872e-41,8.824874974050241e-52,-1.274853693542252e-87,3.0420405660216915e-44,7.734116560305439e-30,-3.969342930217501e-62,2.0445144670676457e-40,-7.938098212076726e-136,-9.545655231266193e-66,-1.6393854894285887e-51,-9.971438338841405e-65,3.5320520821435893e-38,7.272647427886828e-43,1.3319021135219374e-92,6.735195254396694e-51,1.847587505548385e-38,0.0003339999999999981,1.914383992531742e-18,1.1818182187271186e-27,2.044311108349612e-41,-1.1954662141009153e-82,5.350362534536511e-53,1.0333924234006627e-58,-7.410536067514983e-74,1.2616750515041272e-59,-1.4489808800862776e-86,6.668274300057691e-23,1.1106882845246638e-28,1.7676564730252126e-21,3.509999999999998e-06,2.826757766939336e-62,2.4016896938852182e-54,3.8047533159867045e-21,1.779999999999996e-06,6.489545812438179e-49,3.4425816055362364e-44,-1.3885234914834573e-93,1.778741619394241e-65,0.0,0.0,1.6630787933301396e-36,3.0805572094576604e-24,1.1512830041017738e-53,3.8498986922830038e-25,-4.7178567051812814e-73,3.997696575122607e-42,-4.7178567051819406e-73,-8.4390103561828e-97,1.0524155126458355e-61,3.819165910435773e-42,1.7459351072962733e-28,1.3694832108015274e-38,4.933766696715354e-59,2.3567635554167032e-52,7.195925122590787e-56,5.010719294478346e-47,6.17346912117465e-38,6.745124764051701e-67,-4.2189806696666354e-80
1.3223761271250085e-08,1.000000002190618e-10,0.00017699999999999978,8.948038862745085e-39,1.9120307638510463e-32,2.173868294311942e-49,1.0985467121512277e-40,2.5588902358058144e-63,4.199441856034235e-51,-2.9564145257138557e-117,-1.6108042319213685e-97,-2.00323319488885e-109,3.174760557862697e-65,9.867148120454937e-56,-3.542133598752061e-81,-1.9913708827244798e-66,1.6851254310774074e-60,3.50188197997253e-137,-2.4002663823044067e-118,-2.9469714108437462e-93,-4.633116302216505e-111,-1.4564108589166259e-126,-1.5085619730375329e-111,2.0854132095504615e-28,6.434668974317752e-22,1.0425613397375192e-28,4.266634153036931e-21,-2.861283110765319e-96,-6.803160395863579e-93,1.537500987764765e-45,3.558582251285545e-31,-6.755171675325468e-131,-4.696510693096181e-124,-4.853094821831351e-93,-1.3929171733402085e-82,-6.803160395859314e-93,-4.1725584925341693e-81,-9.713635083293855e-61,-2.5930365897881055e-59,6.758753386728704e-48,1.192633197026959e-23,3.389999999646571e-08,2.502064760713161e-33,3.864708000825034e-27,6.064464919382391e-33,6.061220401869999e-26,8.444504161859036e-58,6.146689593649265e-48,8.714280576861931e-35,0.00018232390000080524,0.4999999999999997,3.6579581137804944e-16,0.2499999999999996,3.5844763477539056e-16,2.3950593878253124e-28,-3.215241751664406e-61,-4.092667718398767e-60,6.608818411536641e-46,-5.0809921715399785e-64,-3.3080349325219293e-75,-7.078032755747643e-62,-1.0131697748341173e-68,-9.677822664504846e-77,7.61692861919763e-39,1.031593016555518e-38,2.303071946036197e-38,3.7952901347621216e-24,0.0,-1.4227352221579635e-70,-9.91034250377973e-88,3.886517917990391e-26,-1.2796786299799312e-49,1.0880575381783735e-39,-2.7886188413941495e-99,2.4725238591390678e-39,3.534282937486777e-18,5.147957404610179e-44,1.2297080829110714e-35,3.8461383156664246e-46,3.637622814564475e-43,2.252259113876035e-34,-1.217017393965305e-66,-6.376704066241263e-94,8.522280445357902e-59,1.6435064902482045e-43,0.10000000149011604,7.76636553725246e-17,9.716337043489341e-28,5.144675497167773e-44,-1.4447005425031394e-78,-3.8446325880235154e-76,-4.413100855241035e-54,-5.35217816548828e-70,2.3696977707073253e-36,-8.489812774428034e-92,2.3708390795823708e-35,3.7860133476500416e-34,-6.686301338637116e-81,2.3265232734744574e-54,-8.727378916238215e-69,2.255999999999423e-06,5.773815918826718e-19,6.179999999999981e-05,1.993685744903867e-19,3.119997209323805e-48,3.87779120351675e-41,2.6778718722047483e-51,-1.3189469566931229e-87,4.4169010821393196e-44,1.6173270712171344e-29,-8.230246673379493e-62,6.182596481024498e-40,-2.0377529403690536e-135,-1.979246908670334e-65,-1.6947691952485456e-51,-2.067531042023731e-64,7.386083989119301e-38,2.0686257391226985e-42,4.494097216079197e-92,2.0367180155888032e-50,3.863600019421528e-38,0.0003339999999999972,2.7683603833959145e-18,1.7090086158965982e-27,4.5111629492216754e-41,-1.571494858267268e-82,1.6179456351837778e-52,3.1249722199519697e-58,-7.660889481401976e-74,3.8152959865704763e-59,-3.006379719525944e-86,9.642885894691223e-23,2.3226262705405635e-28,2.556180040502093e-21,3.5099999999999977e-06,8.548807645132521e-62,7.262691700256757e-54,5.501993534242986e-21,1.7799999999999944e-06,1.3570674883449654e-48,7.199142904796351e-44,-2.881262839317311e-93,5.378901383061171e-65,0.0,0.0,3.477762887506446e-36,4.454745009621904e-24,3.481471207184574e-53,5.567277548143221e-25,-4.877241053241361e-73,8.35982085734706e-42,-4.877241053242728e-73,-1.9355966200188185e-96,3.1824966512891125e-61,7.98648481800866e-42,2.5247691178481734e-28,2.8638077190077586e-38,1.4919673837308619e-58,7.126835392391055e-52,2.1760423836826457e-55,1.0484202627143568e-46,1.2909708116592448e-37,2.0424073039979646e-66,-4.406830369804021e-80
1.912267181873642e-08,1.0000000031678178e-10,0.0001769999999999997,1.2939617348902187e-38,2.764957419273485e-32,4.545905169348562e-49,2.297236308594066e-40,7.755138671242424e-63,1.2699080965407636e-50,-3.037601974910362e-117,-2.368007339263511e-97,-3.199363903664443e-109,9.600452240017002e-65,2.98381822747221e-55,1.6474887929324478e-80,9.365268472180992e-66,5.095806737487206e-60,8.388696572240408e-137,-4.24818329238884e-118,1.3706716768569644e-92,-4.422282638233664e-111,-1.850537546661176e-126,-1.5820419084455613e-111,3.015870441734058e-28,9.30507293086834e-22,1.5076314485148953e-28,6.16991210003448e-21,-4.191335671270991e-96,-8.648938785674691e-93,4.5933135224026773e-45,7.441562802010848e-31,4.541031769562682e-130,-3.4928452360107327e-124,-6.0736532816494835e-93,-1.3253701634174573e-82,-8.64893878566029e-93,-3.9652442827500784e-81,4.568250794396932e-60,1.2194859444797113e-58,2.0438419770570937e-47,1.724649883605104e-23,3.3899999994889115e-08,3.618362596199026e-33,5.5886930555052925e-27,8.772784380987941e-33,8.765034863825556e-26,2.553613106613138e-57,1.2853708687720973e-47,1.2601583196051371e-34,0.00018232390000116444,0.4999999999999996,5.289715316523074e-16,0.24999999999999944,5.183454497448292e-16,5.008451003900461e-28,1.8209664918858682e-60,2.259080935905179e-59,1.9985017525294046e-45,2.389553067729974e-63,-2.8294994593671564e-75,4.00867538862378e-61,4.764861423742024e-68,-9.196978560543493e-77,1.5928212045606193e-38,3.1195295784349637e-38,4.816090598505343e-38,5.4883089776167454e-24,0.0,6.69101859800003e-70,-9.417945615517008e-88,8.127328560948257e-26,6.018234028982017e-49,2.2753017721590224e-39,1.3077636604411787e-98,5.4024334566629584e-39,5.1108706016336436e-18,1.0768149613470734e-43,2.5715156432668515e-35,1.1630693545459598e-45,7.606851133974698e-43,4.7098328657537034e-34,5.723542859254178e-66,-9.340264869545454e-94,2.5771312479795062e-58,3.4368341110411623e-43,0.10000000149011602,1.1230818248065945e-16,2.0318409749704513e-27,1.0758336639663033e-43,6.7943197408643095e-78,-3.386843524930978e-76,2.0754487192388672e-53,-5.086254370656906e-70,4.955415819622503e-36,-8.068897447039135e-92,4.957802478293328e-35,5.985912213001805e-34,-6.354091430372372e-81,7.035389006158661e-54,-8.293757752657848e-69,2.2559999999991653e-06,8.34942379045926e-19,6.179999999999973e-05,2.88303739207284e-19,6.524632448266104e-48,8.125928604948564e-41,8.134935491140067e-51,6.191358105168222e-87,6.424550004527768e-44,3.382088742590991e-29,-7.821325296989229e-62,1.8696125589577613e-39,-4.0497907572557976e-135,-1.8809077222745069e-65,7.970374277428178e-51,-1.96480544488242e-64,1.5445479122496824e-37,5.982366955279022e-42,1.3603848724085113e-91,6.159020070419734e-50,8.079403581814643e-38,0.00033399999999999603,4.003282122145596e-18,2.471370302966253e-27,1.0147775063181372e-40,3.606445398649316e-82,4.8926555191249404e-52,9.449897667901548e-58,3.60285777847534e-73,1.1537426782533861e-58,-2.8677678890678736e-86,1.3944424628306803e-22,4.856981808192812e-28,3.69645148770304e-21,3.5099999999999965e-06,2.5854393266723582e-61,2.1962325468995793e-53,7.956345743531518e-21,1.779999999999992e-06,2.8378444688032536e-48,1.50550270916331e-43,-2.7501486563208427e-93,1.6265757650095835e-64,0.0,0.0,7.272556628227882e-36,6.4419362312958524e-24,1.0527942932250433e-52,8.050751922407261e-25,2.2937304235480105e-72,1.748171814750142e-41,2.2937304235478813e-72,-2.8452926795574466e-96,9.623846107740758e-61,1.6701013098924037e-41,3.6510286506617226e-28,5.988678493318641e-38,4.5116983029874585e-58,2.155149700603011e-51,6.580335919125288e-55,2.194225210791355e-46,2.6996257757848388e-37,6.187007496157028e-66,2.021404988964028e-79
2.76529929712296e-08,1.000000004580931e-10,0.00017699999999999956,1.8711775817957942e-38,3.9983611550755934e-32,9.506212437851249e-49,4.803887354636337e-40,2.3501247255174854e-62,3.8401926452453765e-50,8.674956959803364e-117,5.5407283472859955e-98,-8.006775062641658e-110,2.9031695942482118e-64,9.023044050310822e-55,1.2906864501015178e-79,7.317043875787612e-65,1.5409681572529962e-59,1.7763166509562743e-136,-3.386674866843801e-118,1.07382058318819e-91,1.5594665346949405e-110,2.20130277128518e-126,4.244484882101486e-111,4.361594414262477e-28,1.3455918648126777e-21,2.180161970715205e-28,8.922212206614655e-21,1.0719618868911012e-96,1.0254944903633244e-92,1.3772877788173274e-44,1.556149416396917e-30,3.262194272735715e-129,2.158033909416835e-123,7.879595969563556e-93,4.7128255557613264e-82,1.025494490367937e-92,1.4146679133800666e-80,3.569154496581073e-59,9.527790698872061e-58,6.1805628762799525e-47,2.4939928632836852e-23,3.389999999260923e-08,5.2328047460640036e-33,8.081720550099431e-27,1.2692578684868678e-32,1.2674978151688787e-25,7.722110911911192e-57,2.6879156541788993e-47,1.8222949988638527e-34,0.0001823239000016839,0.49999999999999933,7.649373573966215e-16,0.2499999999999992,7.495711484606486e-16,1.047346950371943e-27,1.3648262791214202e-59,1.7023500723157843e-58,6.043454375904661e-45,1.8669474294186096e-62,1.306918183126718e-74,3.004528385935929e-60,3.7227657474778364e-67,3.281177535159447e-76,3.3308430688231417e-38,9.433434149526989e-38,1.0071213230151085e-37,7.93655672268553e-24,0.0,5.227663759882878e-69,3.360011266867614e-87,1.6995539691267503e-25,4.7020200970902226e-48,4.7580187377059894e-39,1.0224585170819884e-97,1.1998891376027557e-38,7.390749062255663e-18,2.2526838249537727e-43,5.377449164826871e-35,3.5171130429163036e-45,1.5907144202667133e-42,9.849011371062943e-34,4.471779168055509e-65,2.392603864566748e-94,7.793225664685397e-58,7.186968120996958e-43,0.10000000149011598,1.6240708464736157e-16,4.248903397337462e-27,2.2497397032947314e-43,5.3083725198706254e-77,1.465675418532631e-75,1.621539066395584e-52,1.8146072084619667e-69,1.0362564479363369e-35,2.877854648501911e-91,1.036755536271721e-34,9.724753512235856e-34,2.2669295055603943e-80,2.127496381934346e-53,2.958938249951642e-68,2.2559999999987926e-06,1.2073969557182581e-18,6.17999999999996e-05,4.169114728976303e-19,1.3644714582570554e-47,1.7043563395724676e-40,2.470803723636908e-50,4.839491183778543e-86,9.368531321499807e-44,7.072486738186786e-29,2.7903903028539913e-61,5.653694416830319e-39,-5.469205403797247e-135,6.710456182905983e-65,6.227218791930141e-50,7.009775487785198e-64,3.2298959187966735e-37,1.7519449883165472e-41,3.9417289327871723e-91,1.862483070190536e-49,1.6895320920777014e-37,0.00033399999999999424,5.7890828973041176e-18,3.573809469271897e-27,2.3380393716723514e-40,3.541649514116229e-81,1.4795353754966757e-51,2.8576434585139827e-57,2.814897496992834e-72,3.488909304648522e-58,1.012977454990146e-85,2.0164811689990484e-22,1.0156723267845674e-27,5.345379974980244e-21,3.5099999999999948e-06,7.81918365167789e-61,6.641390821938713e-53,1.1505545616618323e-20,1.7799999999999885e-06,5.934385212512387e-48,3.1483887796020787e-43,9.698079469890831e-93,4.918752977055833e-64,0.0,0.0,1.5208075312053387e-35,9.315581995543199e-24,3.183642080868849e-52,1.1642064897140237e-24,1.7920816136780396e-71,3.65570596062689e-41,1.7920816136780856e-71,6.668738123007192e-97,2.910243876248808e-60,3.4924481274025126e-41,5.279694731378305e-28,1.2523281454459567e-37,1.364334219826511e-57,6.51715660079877e-51,1.9898886682203293e-54,4.593952082217565e-46,5.645347875757302e-37,1.8740894543098902e-65,1.5890898405016295e-78
3.998855533972139e-08,1.0000000066244115e-10,0.00017699999999999934,2.7058802825816253e-38,5.781966776175771e-32,1.9879005743302857e-48,1.0045694314911969e-39,7.087374931507309e-62,1.1612713712442672e-49,-1.3827031527223237e-112,-6.492156949125283e-94,-7.524274913092222e-105,8.779163151301117e-64,2.7285617787520825e-54,6.732051645712522e-80,4.656819722048402e-65,4.659876181408294e-59,9.454796376949371e-132,-8.61528485779453e-113,5.600903596401837e-92,-2.2384081871767196e-108,-6.43564678408704e-123,-1.8911280759775255e-108,6.308052187540179e-28,1.9458390923094243e-21,3.1526977131539757e-28,1.2902269816307364e-20,-1.1429063634219218e-92,-2.9237953574825573e-89,4.1403853500065134e-44,3.254156513255492e-30,2.3346231353666007e-125,-2.2824746241313907e-118,-1.9990877969406105e-89,-6.463131561993062e-80,-2.9237953574771884e-89,-1.8964687331044892e-78,2.2715396993434545e-59,6.063832460625235e-58,1.8689975988494475e-46,3.6065318989859406e-23,3.3899999989312316e-08,7.56780357291632e-33,1.1686848142580742e-26,1.8367908131350168e-32,1.8329085240204761e-25,2.335159036515695e-56,5.620860905841059e-47,2.6351919548573698e-34,0.00018232390000243501,0.49999999999999917,1.106163802283197e-15,0.2499999999999988,1.0839429705657575e-15,2.1901694427446473e-27,9.558967310985792e-60,1.1779052073993999e-58,1.8275360907053511e-44,1.1881932341054396e-62,-1.4769756025697774e-72,2.1043109379446387e-60,2.36929420702517e-67,-4.3986652796289515e-74,6.965323865200975e-38,2.852663443259617e-37,2.1060512432636252e-37,1.1476929026534455e-23,0.0,3.3270752677441444e-69,-4.5043478105071395e-85,3.5540382946419376e-25,2.992536619409495e-48,9.94977571113907e-39,6.20815027300674e-98,2.721305177514492e-38,1.0687645208970387e-17,4.713418627183974e-43,1.1245103484070715e-34,1.0635723580149733e-44,3.3264391964468905e-42,2.059585292112292e-33,2.846002857733145e-65,-2.536416610976362e-90,2.35666561588543e-57,1.502909636878528e-42,0.1000000014901159,2.3485431391606215e-16,8.88513436881894e-27,4.704564379172937e-43,3.378440163545442e-77,-1.9000027734271469e-72,1.032006440588283e-52,-2.432617435575064e-67,2.1669774343652414e-35,-3.9686918456697976e-89,2.168021107515465e-34,1.6297468189473143e-33,-3.0389895030444535e-78,6.433533172746083e-53,-3.966679254457154e-66,2.2559999999982543e-06,1.7459976224270828e-18,6.179999999999942e-05,6.028890804875966e-19,2.853529337144098e-47,3.5794884324725336e-40,7.429603409648309e-50,2.9867115730017337e-86,1.3711004759174236e-43,1.478969727500964e-28,-3.7407279072025417e-59,1.7096729701836956e-38,-6.59238231659135e-128,-8.995871244142356e-63,3.963228505769407e-50,-9.39713124561426e-62,6.754227281342662e-37,5.178425067892678e-41,8.385030880461561e-88,5.632134896859885e-49,3.533080952377852e-37,0.00033399999999999164,8.371501125354247e-18,5.1680292944594195e-27,5.542328401310692e-40,-2.8314838781288646e-80,4.4741039276652177e-51,8.641486792293054e-57,1.791487557139944e-72,1.0550435447856327e-57,-1.4521010454987347e-83,2.9160014940114603e-22,2.1239327551474218e-27,7.729869354969161e-21,3.5099999999999927e-06,2.3641902705996482e-60,2.008351625356333e-52,1.6637987362927892e-20,1.7799999999999834e-06,1.2409745592541684e-47,6.584214096068708e-43,-1.3920310700879454e-90,1.487427223567002e-63,0.0,0.0,3.1802509972712436e-35,1.347111563894713e-23,9.627309881246141e-52,1.6835405732870172e-24,1.1405459142271865e-71,7.644663961081677e-41,1.1405459142209933e-71,-7.768470884147878e-93,8.800555751979921e-60,7.303265921582735e-41,7.634882968124099e-28,2.618817800357261e-37,4.125736407372633e-57,1.9707832899296476e-50,6.017408473991113e-54,9.623249673537076e-46,1.1805322398415148e-36,5.654989938641272e-65,5.986121464995698e-79
5.78268167869447e-08,1.0000000095794563e-10,0.00017699999999999904,3.9129306494842023e-38,8.361210639182907e-32,4.157017027359035e-48,2.100714835237534e-39,2.0929172715922494e-61,3.511675510770356e-49,-2.829401552052406e-111,-1.3549007686731922e-92,-1.5761947562402705e-103,2.654812322045378e-63,8.251150330830479e-54,-8.056300645329567e-78,-4.3922788378692356e-63,1.4091430272952008e-58,2.091391424540387e-130,-1.8204913915076798e-111,-6.7026523352876195e-90,-4.774457440607209e-107,-1.3323736138549227e-121,-3.966553526032745e-107,9.123688224782556e-28,2.813847104698923e-21,4.559066256750722e-28,1.8657768112976418e-20,-2.385288264078344e-91,-6.0553171371359e-88,1.2469213706044272e-43,6.804960051282963e-30,1.9881796968383064e-123,-4.6240105561469415e-117,-4.140820779487391e-88,-1.3798872705468535e-78,-6.055317137121668e-88,-4.0513638390870245e-77,-2.1424925599245218e-57,-5.7193435279691675e-56,5.651834788324417e-46,5.215366045735988e-23,3.389999998454471e-08,1.0945202199604453e-32,1.6900166081843747e-26,2.658950213099409e-32,2.6505399989032927e-25,7.061463607392059e-56,1.1754118542454608e-46,3.810709381137638e-34,0.00018232390000352122,0.49999999999999883,1.599605962087853e-15,0.24999999999999825,1.5674727686147412e-15,4.579993464471794e-27,-7.939936661242951e-58,-9.945176447397313e-57,5.526455496978071e-44,-1.1206914625750156e-60,-3.1702485475182605e-71,-1.7478975482732073e-58,-2.2347042744515297e-65,-9.396724101283975e-73,1.4565602625121678e-37,8.626432966082973e-37,4.404088899570367e-37,1.6596605364361046e-23,0.0,-3.138062738968496e-67,-9.622490220767696e-84,7.432060663328429e-25,-2.8225292685487703e-46,2.0806567220099293e-38,-6.1998861692048665e-96,6.332209983162826e-38,1.5455234529620377e-17,9.864667361257463e-43,2.351530409420918e-34,3.2162348722937886e-44,6.956119956307633e-42,4.306921187920278e-33,-2.6843202245355236e-63,-5.293430727327324e-89,7.126539075457286e-57,3.142823728572821e-42,0.10000000149011579,3.3961910519326836e-16,1.8580232441555623e-26,9.83799413354385e-43,-3.1865108323585437e-75,-3.898936062837451e-71,-9.733776936281112e-51,-5.196720695055865e-66,4.531495278487234e-35,-8.467873540071873e-88,4.533677765051835e-34,2.8240532878766622e-33,-6.492093417774453e-77,1.945495627980559e-52,-8.473886551748083e-65,2.2559999999974755e-06,2.524859519550291e-18,6.179999999999914e-05,8.718283544449663e-19,5.967795568884021e-47,7.53187347370434e-40,2.1374945193037857e-49,-2.924475289106044e-84,2.0168742577021417e-43,3.0927614794202694e-28,-7.991194117570263e-58,5.170038302202869e-38,-1.4117017164972742e-126,-1.9217584143242135e-61,-3.738075758540877e-48,-2.0074782703119924e-60,1.4124166014928069e-36,1.540974336686222e-40,2.0004320416323633e-86,1.703153387561107e-48,7.388235520656927e-37,0.0003339999999999879,1.2105895239606068e-17,7.473405345090342e-27,1.3564908176570127e-39,-8.489218746290009e-79,1.3529656872295005e-50,2.613164394856008e-56,-1.6897303023269797e-70,3.1904431862390796e-57,-3.0968241537371315e-82,4.2167835950069623e-22,4.441481990975058e-27,1.117804169667675e-20,3.5099999999999893e-06,7.140859886986649e-60,6.0732403199872906e-52,2.4059930116546845e-20,1.779999999999976e-06,2.595075654859249e-47,1.3769945397547401e-42,-2.969160473684658e-89,4.497968719598291e-63,0.0,0.0,6.650411835862709e-35,1.9480367048354688e-23,2.9112913233500496e-51,2.4345413695256004e-24,-1.0757509986889054e-69,1.5986211063943082e-40,-1.0757509986902285e-69,-1.6212140828250316e-91,2.6612814919734333e-59,1.5272293689719688e-40,1.1040683394856495e-27,5.476365516903792e-37,1.247619386651858e-56,5.959633961395606e-50,1.8196598297311296e-53,2.0173837104777185e-45,2.4686811157967664e-36,1.6782975497811018e-64,-1.0398158175871343e-76
8.362244425442554e-08,1.0000000138526999e-10,0.0001769999999999986,5.658427088114578e-38,1.2091014380516157e-31,8.692985359270787e-48,4.392929631675593e-39,6.29936836208529e-61,1.0619280260657074e-48,-1.1034472370536195e-110,-5.456983563422864e-92,-6.416650603307677e-103,8.02813260223865e-63,2.4951416920677534e-53,-2.9337637420328835e-77,-1.5949634396952955e-62,4.261237962560323e-58,9.309335518130082e-130,-7.526229523014175e-111,-2.4408223377131432e-89,-1.8634502325332657e-106,-5.2824653995383205e-121,-1.576966652579769e-106,1.3197204976976964e-27,4.069059748650298e-21,6.592793549494286e-28,2.698070307725304e-20,-9.606587823783844e-91,-2.4019523106451363e-87,3.759957305521079e-43,1.42302563225474e-29,1.8813643426712834e-122,-1.7704502011811066e-116,-1.6422644873491436e-87,-5.377152951983613e-78,-2.4019523106371912e-87,-1.577707146855996e-76,-7.780009586566557e-57,-2.076858902840517e-55,1.7091106199773555e-45,7.541894581995813e-23,3.389999997765035e-08,1.5830864825623152e-32,2.4439062624730407e-26,3.850912893703795e-32,3.8329039307336076e-25,2.1353789751599076e-55,2.45797426930421e-46,5.510606537109453e-34,0.000182323900005092,0.4999999999999983,2.3131648574719385e-15,0.24999999999999745,2.2666975540249336e-15,9.577496482230034e-27,-2.885250370206444e-57,-3.6135782606428307e-56,1.6711960158786694e-43,-4.0695545388003855e-60,-1.23425543766915e-70,-6.351589771107411e-58,-8.114857486461364e-65,-3.659330379148053e-72,3.045899716060342e-37,2.6086268882968697e-36,9.209651995458505e-37,2.4000088262110096e-23,0.0,-1.1395212591450901e-66,-3.747249616766914e-83,1.5541623674308053e-24,-1.0249419377693399e-45,4.350984907036494e-38,-2.2530304504114848e-95,1.5181633487504262e-37,2.2349569963892015e-17,2.0653260587964685e-42,4.917424969830302e-34,9.725870239631068e-44,1.4546371782211693e-41,9.00645881941376e-33,-9.747542405064897e-63,-2.1317317820819541e-88,2.1550600860988203e-56,6.57214569720837e-42,0.10000000149011565,4.911178112465892e-16,3.8854228107671166e-26,2.057281414478455e-42,-1.157114167942155e-74,-1.5170843467703177e-70,-3.5346156748338737e-50,-2.023739092840389e-65,9.476079046229524e-35,-3.2975298545732375e-87,9.480642972432897e-34,5.061022178878143e-33,-2.5281911452547452e-76,5.883164251947294e-52,-3.299953276045544e-64,2.255999999996349e-06,3.651159378214279e-18,6.179999999999875e-05,1.2607371806809203e-18,1.2481459034606466e-46,1.5891243589738923e-39,6.399503785271632e-49,-1.062483241504359e-83,2.9879990357736218e-43,6.467457304939445e-28,-3.111980205597048e-57,1.5634157224153112e-37,-5.968619850231408e-126,-7.483830397674438e-61,-1.3574033243204736e-47,-7.817645959092744e-60,2.9535882834183063e-36,4.607662872404538e-40,9.904268829496586e-86,5.15032312641336e-48,1.5449978317499916e-36,0.0003339999999999825,1.7506143443907293e-17,1.0807173155295776e-26,3.433881892583431e-39,-3.2535991361907645e-78,4.091358135550108e-50,7.902180932734937e-56,-6.135899867657618e-70,9.647876009626266e-57,-1.208259709784953e-81,6.097823997563962e-22,9.287846908906216e-27,1.6164389129342346e-20,3.509999999999984e-06,2.158894424833373e-59,1.8365433378500423e-51,3.47926840299107e-20,1.7799999999999652e-06,5.426716945681706e-47,2.879909451085345e-42,-1.1588505774897881e-88,1.360182376336979e-62,0.0,0.0,1.3907071367709733e-34,2.8170250368433834e-23,8.803723225055203e-51,3.5205517312154996e-24,-3.906362727875572e-69,3.3429715872328693e-40,-3.906362727880725e-69,-6.529089077085425e-91,8.04769536182303e-59,3.193680189520559e-40,1.5965757481257471e-27,1.1451953347527793e-36,3.7727915782762195e-56,1.8021888602682656e-49,5.502637737638745e-53,4.2338174917349025e-45,5.1624057740832444e-36,5.056466475997489e-64,-3.7989491952911737e-76
1.2092509274456956e-07,1.0000000200321699e-10,0.00017699999999999796,8.182561880486526e-38,1.748462457382529e-31,1.8178418347127338e-47,9.186316223630361e-39,1.9320237300339662e-60,3.2112626606244944e-48,-2.5787567419384696e-110,-1.3671303427366284e-91,-1.6434164821796438e-102,2.42770133575795e-62,7.545289906164407e-53,-4.480192169905798e-77,-2.3809024839054305e-62,1.288595205044237e-57,2.790756238429464e-129,-1.9864423893426195e-110,-3.727414634664213e-89,-4.3357892736996235e-106,-1.2800128705753728e-120,-3.8377559310088207e-106,1.9091763644991083e-27,5.884202879449472e-21,9.53373440498877e-28,3.901636755644283e-20,-2.406516173033148e-90,-5.826473601226865e-87,1.134765803490038e-42,2.9757734573773484e-29,1.029624076827602e-121,-3.9623795902375045e-116,-3.9821411694208453e-87,-1.246258045552829e-77,-5.826473601195518e-87,-3.6506080625597147e-76,-1.1613706486384918e-56,-3.1002570666204775e-55,5.1683377495189627e-45,1.090629028712389e-22,3.389999996768053e-08,2.2899415404139875e-32,3.534094157591421e-26,5.580971358727628e-32,5.542701694804587e-25,6.457391562364815e-55,5.140018156133211e-46,7.968800936181372e-34,0.00018232390000736344,0.49999999999999756,3.3450310795089736e-15,0.2499999999999963,3.2778354453726323e-15,2.0028071998555129e-26,-4.2915159786401005e-57,-5.377460319747185e-56,5.053684270013168e-43,-6.074878364031075e-60,-2.8522508379414044e-70,-9.44734268706828e-58,-1.2113561178468274e-64,-8.467212065497494e-72,6.369461888441643e-37,7.888468222928079e-36,1.925885053866534e-36,3.4706147668560156e-23,0.0,-1.7010345948260437e-66,-8.670645686036211e-83,3.2500012762330504e-24,-1.5299948754758956e-45,9.098603080671247e-38,-3.383577484418798e-95,3.761367951871435e-37,3.2319359279722334e-17,4.326385780849272e-42,1.028311955264237e-33,2.941095896034444e-43,3.041883077978641e-41,1.8833941213108125e-32,-1.455076567782629e-62,-5.339289791522434e-88,6.516885688496333e-56,1.3743405141124745e-41,0.10000000149011543,7.101976915768079e-16,8.125038512207889e-26,4.302103419674e-42,-1.7272967035363708e-74,-3.5247141240292164e-70,-5.276341685094405e-50,-4.682667669256791e-65,1.9815991979463734e-34,-7.630976710418927e-87,1.9825535873299985e-33,9.362152205043418e-33,-5.849903766358292e-76,1.7790644763897187e-51,-7.635660431148064e-64,2.25599999999472e-06,5.279883772503445e-18,6.17999999999982e-05,1.8231320770839776e-18,2.610630636311881e-46,3.3657190428300166e-39,1.9940442788707284e-48,-1.59237941050529e-83,4.47038949733633e-43,1.3524484272477523e-27,-7.200715325796873e-57,4.727757466549435e-37,-1.6419542481873725e-125,-1.7316605080965714e-60,-2.0262807642321562e-47,-1.8089010645682694e-59,6.176423966357654e-36,1.3824312635847803e-39,3.436563019253036e-85,1.5574538673699804e-47,3.2308367720648463e-36,0.00033399999999997467,2.5315356871968548e-17,1.5628082009482904e-26,8.986853863895143e-39,-6.935125191838593e-78,1.237223644869071e-49,2.389621564555429e-55,-9.159451747535717e-70,2.917510832362429e-56,-2.809074759227719e-81,8.817966743487213e-22,1.942236856275851e-26,2.3375067209013267e-20,3.509999999999977e-06,6.53302443815956e-59,5.553693338905647e-51,5.0313149545239015e-20,1.7799999999999495e-06,1.1348130391083188e-46,6.023542280717169e-42,-2.696359573612519e-88,4.113181401813564e-62,0.0,0.0,2.908190331637974e-34,4.073655304888442e-23,2.6622393270887314e-50,5.091014121626766e-24,-5.831271744877026e-69,6.990686527858352e-40,-5.831271744888949e-69,-1.635465015360844e-90,2.4336170658108128e-58,6.67849473739432e-40,2.308782916411259e-27,2.3947860140663085e-36,1.140889475743892e-55,5.449805651346824e-49,1.6639935426500568e-52,8.899390356753148e-45,1.0795413472192963e-35,1.5461865906908727e-63,-5.951538447443716e-76
1.7486786215901368e-07,1.0000000289682035e-10,0.00017699999999999707,1.1832673298203482e-37,2.52842389934913e-31,3.801397113304076e-47,1.921005182952357e-38,5.969591373587663e-60,9.710835430142738e-48,-3.461682150640918e-110,-2.3080651021017975e-91,-2.9473029238075684e-102,7.341350860037178e-62,2.2816900620667057e-52,7.143906563257774e-77,4.2606230697101124e-62,3.89670240511064e-57,6.916066006476867e-129,-3.83918450305079e-110,5.9435601775236585e-89,-5.701914557895406e-106,-1.9523121886128147e-120,-5.931052237284397e-106,2.7623969267363056e-27,8.50905262108596e-21,1.3786582447114368e-27,5.642095140170483e-20,-4.061799113409002e-90,-8.917550658653825e-87,3.426833935748825e-42,6.222816699867354e-29,4.421944978445316e-121,-4.4166580051427246e-116,-6.087015522238117e-87,-1.613429550179681e-77,-8.917550658545893e-87,-4.6943958712272247e-76,2.0782755882353044e-56,5.547917542055914e-55,1.5629014747368573e-44,1.577157250770364e-22,3.3899999953263335e-08,3.3128393328479135e-32,5.1105976161720124e-26,8.09612332867184e-32,8.015213174742918e-25,1.9527204694229068e-54,1.074860375940044e-45,1.1523557010663938e-33,0.00018232390001064814,0.49999999999999645,4.837196487604719e-15,0.24999999999999462,4.740025940135282e-15,4.1881891439414406e-26,7.826808835278944e-57,9.782240642589736e-56,1.5282303482293598e-42,1.0871009582424127e-59,-3.6473363378893186e-70,1.7229935918586903e-57,2.1677192403581738e-64,-1.0888171156352363e-71,1.3319560238425183e-36,2.3854668963175486e-35,4.027332674928719e-36,5.018801067673092e-23,0.0,3.04400550886241e-66,-1.1149770846967599e-82,6.796270785646526e-24,2.737929570751226e-45,1.9026629552810915e-37,5.878659479815419e-95,9.639634244811766e-37,4.673651375712344e-17,9.069720567978763e-42,2.1503642326832866e-33,8.893852018817138e-43,6.361077087204861e-41,3.9384773606595737e-32,2.603863040749653e-62,-9.007766242466304e-88,1.970701403643665e-55,2.8739653402541355e-41,0.1000000014901151,1.0270056380988684e-15,1.6990750819290825e-25,8.996384119663536e-42,3.0910009715607175e-74,-4.623172075639163e-70,9.44202633193161e-50,-6.021543640858084e-65,4.143839833268926e-34,-9.818664731668659e-87,4.145835612579085e-33,1.7811719595866816e-32,-7.522517794892847e-76,5.37987769046283e-51,-9.818860901653551e-64,2.255999999992365e-06,7.635156333489437e-18,6.179999999999738e-05,2.636402432854523e-18,5.4609339815963604e-46,7.167097330750773e-39,6.306081686369759e-48,2.794584045279163e-83,6.777595971108154e-43,2.8281852694997363e-27,-9.25955560008531e-57,1.4296703258401809e-36,-3.4773412288218206e-125,-2.2267797059543094e-60,3.626034358567601e-47,-2.326105008154448e-59,1.2915887168952012e-35,4.157621025290708e-39,1.039433289329441e-84,4.709728864135014e-47,6.756194755113926e-36,0.0003339999999999634,3.6608136766825514e-17,2.2599521986903013e-26,2.425445422998676e-38,-5.600960724180724e-78,3.7413550624478416e-49,7.226235079070865e-55,1.6390769393915946e-69,8.8225325261483e-56,-3.6825015563893084e-81,1.2751522103666747e-21,4.061526898817796e-26,3.380231462224332e-20,3.5099999999999664e-06,1.977713930499281e-58,1.6794327182026857e-50,7.275704900993341e-20,1.779999999999927e-06,2.373075015312506e-46,1.259979329899827e-41,-3.5459314506821966e-88,1.2438230091652983e-61,0.0,0.0,6.081489611500306e-34,5.890848438219862e-23,8.050591835083818e-50,7.362034920865621e-24,1.0435074991294169e-68,1.4618639987370226e-39,1.0435074991278841e-68,-2.7598384199030286e-90,7.359239824251842e-58,1.3965798158407292e-39,3.3386944309752946e-27,5.007879336723887e-36,3.450041817066416e-55,1.648017157237624e-48,5.031904046281418e-52,1.8748551980182352e-44,2.2574930591272518e-35,4.755969596414302e-63,8.218386970621538e-76
2.5287364699943266e-07,1.0000000418904601e-10,0.00017699999999999574,1.7111041748761111e-37,3.6563138153129264e-31,7.949327490575559e-47,4.0171281201473977e-38,1.8442226843996474e-59,2.9365497275790397e-47,3.4842013752076746e-110,-9.6239039408025e-92,-2.184158243475923e-102,2.2200190638563666e-61,6.899813797805857e-52,8.516949058185708e-76,4.805212897760674e-61,1.1783599366098911e-56,1.506580278604683e-128,-4.284361278714515e-110,7.085900176509507e-88,6.582206234611972e-106,3.39077776669032e-121,5.603077686692432e-107,3.99793575158953e-27,1.2304806270425373e-20,1.9936558736177548e-27,8.158944452945314e-20,-1.6880234681960613e-90,1.3601944386178174e-87,1.0352913988291316e-41,1.3012901764572504e-28,1.6672665584913002e-120,1.0715784366901081e-115,9.757452478016718e-88,2.043784677067172e-77,1.360194438966795e-87,6.175881450950535e-76,2.343917328834591e-55,6.257043158604631e-54,4.726202384759775e-44,2.2807353365413576e-22,3.389999993241485e-08,4.793553575469745e-32,7.390354315175323e-26,1.1761144632393698e-31,1.159067288675764e-24,5.905043058772657e-54,2.2477063268302906e-45,1.6664033641607397e-33,0.00018232390001539811,0.4999999999999949,6.994993262051148e-15,0.2499999999999922,6.8544764617608274e-15,8.758171182720438e-26,8.75092328065128e-56,1.0950004147277226e-54,4.621357157345919e-42,1.2260523986491328e-58,4.948129306240955e-70,1.9264281323351994e-56,2.444796398634261e-63,1.4324325358812905e-71,2.7853323883875904e-36,7.213634069987262e-35,8.421794665955135e-36,7.257608766000652e-23,0.0,3.433085256524491e-65,1.466848226465317e-82,1.4212085675019154e-23,3.0878871710073383e-44,3.978771564247391e-37,6.722875497932443e-94,2.5522617703670408e-36,6.758493257106752e-17,1.903444738754107e-41,4.4967544223009056e-33,2.6894942064992516e-42,1.3302070521317488e-40,8.235984037385807e-32,2.9366844988382466e-61,-3.721008708558274e-88,5.9593864447825376e-55,6.009920381096941e-41,0.10000000149011465,1.4851365939321596e-15,3.553036860637571e-25,1.8812873475480582e-41,3.486087940710936e-73,5.407821967262294e-70,1.0648890428689762e-48,7.92185848346586e-65,8.665429710921194e-34,1.2873958006141705e-86,8.669603200480243e-33,3.469331260192635e-32,9.896518988893223e-76,1.6268709958705654e-50,1.2917555921926295e-63,2.255999999988959e-06,1.1041078695791925e-17,6.17999999999962e-05,3.812459818385286e-18,1.1424791492163184e-45,1.537716109143508e-38,1.991681657964485e-47,3.1807360286400553e-82,1.0456930077472331e-42,5.9141862682222594e-27,1.2181741575745985e-56,4.323312384387697e-36,-5.34755320206199e-125,2.9295201723098657e-60,4.0895080469233244e-46,3.060191149334678e-59,2.70091791414546e-35,1.2524851190286789e-38,2.971115904000319e-84,1.4242184913673846e-46,1.4128280315017525e-35,0.0003339999999999471,5.293844696763618e-17,3.2680810982462565e-26,6.723549622394684e-38,3.167587428981053e-77,1.1313829768205321e-48,2.1852195415443847e-54,1.848585864950085e-68,2.6679277250343134e-55,4.333799348135625e-81,1.843977423483438e-21,8.493300234024626e-26,4.888099202478905e-20,3.5099999999999516e-06,5.987135174622419e-58,5.078591997870235e-50,1.0521281669801257e-19,1.7799999999998944e-06,4.9624782878085234e-46,2.6359081308934514e-41,4.09337165664836e-88,3.7613115674906275e-61,0.0,0.0,1.2717364297540195e-33,8.518662653499155e-23,2.4344929561513248e-49,1.0646122143669903e-23,1.1768868935499139e-67,3.056990671398397e-39,1.1768868935501158e-67,-1.1438890133478764e-90,2.225428624354107e-57,2.920471332095988e-39,4.828033175244748e-27,1.0472274059345185e-35,1.0432902416211463e-54,4.9835915705062106e-48,1.521644025767179e-51,3.9625058239655507e-44,4.7207778794466104e-35,1.4628468088968737e-62,1.0549442936813714e-74
3.6567657748709683e-07,1.0000000605771311e-10,0.0001769999999999938,2.4744007044220213e-37,5.287337614204103e-31,1.6623311385309628e-46,8.400455415649815e-38,5.652862834275311e-59,8.880105119408343e-47,-1.1301105295634668e-106,-5.2931604975905856e-89,-5.984709969075684e-99,6.713321153929577e-61,2.0864985573419448e-51,3.698789460505347e-75,2.1375437494955863e-60,3.5633517252564015e-56,8.023258792057594e-125,-6.867727544193288e-106,3.0773050342739093e-87,-2.1387399514541684e-104,-6.399139587893107e-118,-1.2740651647959873e-103,5.7882049307402086e-27,1.7793785516648806e-20,2.882994221969564e-27,1.1798520392639581e-19,-9.308231594621571e-88,-2.270627013504954e-84,3.1286628173679056e-41,2.72120521085152e-28,9.276195293050915e-117,-1.823911341055394e-111,-1.7271839575886131e-84,-4.091554176224615e-76,-2.2706270134631333e-84,-8.806148698469217e-75,1.04266508002598e-54,2.783374792628799e-53,1.4292000711546803e-43,3.298204699871461e-22,3.3899999902266175e-08,6.937965252432201e-32,1.0687074398388378e-25,1.7119416970039207e-31,1.676108858113849e-24,1.7856866333020057e-53,4.700318082867642e-45,2.4097595828094697e-33,0.00018232390002226691,0.49999999999999256,1.0115349018807772e-14,0.24999999999998873,9.912149877674761e-15,1.83147321694226e-25,3.888767735925926e-55,4.8666756666621376e-54,1.397494952723159e-41,5.453955255093467e-58,-6.804636503069463e-69,8.560732768722015e-56,1.0875394293545214e-62,-2.042496290703245e-70,5.8245740661934946e-36,2.1813975539172564e-34,1.761131525908465e-35,1.049511313269095e-22,0.0,1.527169096555048e-64,-2.0915692730877207e-81,2.97197368293326e-23,1.3736116429509051e-43,8.32024564051455e-37,2.97245176209947e-93,6.959439015167466e-36,9.773350089464755e-17,4.001034797022023e-41,9.403430368531209e-33,8.133010392058978e-42,2.7816883875554596e-40,1.7222755609565684e-31,1.3063508427276652e-60,-1.9801925738717766e-85,1.8021140334156786e-54,1.2567703691815558e-40,0.10000000149011398,2.1476325161362568e-15,7.429966491479102e-25,3.934071780715243e-41,1.5507466738730882e-72,-1.4644122747266628e-67,4.7370383250755347e-48,-1.129572573135926e-63,1.8120794988230554e-33,-2.724381992540838e-85,1.8129522410720915e-32,6.885619054682047e-32,-1.4111381930766397e-74,4.919645742437102e-50,-1.8419057344753126e-62,2.2559999999840335e-06,1.5966329102133868e-17,6.17999999999945e-05,5.513137783614382e-18,2.3906506745575228e-45,3.3334297164566565e-38,6.18772946849508e-47,1.4092562355435087e-81,1.6496768916299273e-42,1.2367506323450778e-26,-1.7369865566053427e-55,1.307366435699055e-35,-5.236898909729519e-119,-4.177183903137242e-59,1.8191713455189127e-45,-4.3635064831047694e-58,5.648049943078576e-35,3.7775174872050706e-38,6.605331158173925e-82,4.306826082387419e-46,2.954448648787685e-35,0.00033399999999992344,7.655344996859202e-17,4.7259203424526707e-26,1.905430888924689e-37,-4.444126917838693e-77,3.4212936730192816e-48,6.608109859699247e-54,8.223215440700545e-68,8.067794447055186e-55,-1.381001718444965e-79,2.666546558653743e-21,1.7760844785179885e-25,7.068602869461195e-20,3.5099999999999295e-06,1.8117786296462796e-57,1.5357624276129239e-49,1.521465885171435e-19,1.7799999999998479e-06,1.0377333562853431e-45,5.515401738334821e-41,-1.3300476328598872e-86,1.1374178240434518e-60,0.0,0.0,2.6594036166022636e-33,1.2318703175878845e-22,7.361888514245295e-49,1.5395188682205805e-23,5.235248077911331e-67,6.392654836212957e-39,5.235248077908454e-67,-6.071455222869306e-88,6.729679536078353e-57,6.107172025201417e-39,6.981742371993102e-27,2.1899194571232298e-35,3.154902235647454e-54,1.5070343682284552e-47,4.601440170708745e-51,8.412890444772386e-44,9.871899138866869e-35,4.471603040792988e-62,4.442542759365809e-74
5.287991093946486e-07,1.0000000875996301e-10,0.00017699999999999105,3.5781917827307163e-37,7.645935407998178e-31,3.4761995145685895e-46,1.7566691788864777e-37,1.3416010396856118e-58,2.6853339072789656e-46,-1.8159997223884594e-104,-8.816966359399028e-87,-9.801169319411896e-97,2.0301027650443215e-60,6.309555227668685e-51,-6.678312258575241e-74,-2.668483063203896e-59,1.0775545327795405e-55,1.3759452265566765e-122,-1.13159492077244e-103,-5.556204292951372e-86,-4.744974823211676e-102,-1.058445902169291e-115,-2.1485219334653273e-101,8.384562928411352e-27,2.573131147804627e-20,4.169052356359242e-27,1.7061653526965273e-19,-1.5505723574804685e-85,-3.789318577626101e-82,9.45676485148777e-41,5.690473909098569e-28,2.3009339803631972e-114,-2.8969924171459184e-109,-2.872558912844874e-82,-1.0387723869892743e-73,-3.7893185775429295e-82,-2.5391341952535925e-72,-1.3016412818116681e-53,-3.474706852679559e-52,4.3218903839351806e-43,4.769626805533946e-22,3.389999985866866e-08,1.0045602897902252e-31,1.5454409145771432e-25,2.4989934395311122e-31,2.4237944882322092e-24,5.399611403375856e-53,9.829132044641684e-45,3.484715307546236e-33,0.00018232390003219983,0.49999999999998923,1.462764608412109e-14,0.24999999999998368,1.4333802979502687e-14,3.8299024683957755e-25,-4.841548403138948e-54,-6.06126740227897e-53,4.2260143402055063e-41,-6.808603595079985e-57,-1.9799701705876412e-66,-1.0658183950566048e-54,-1.3576743779574135e-61,-5.889262347135653e-68,1.2180112935094206e-35,6.596530024442936e-34,3.6828067820576533e-35,1.517681693865648e-22,0.0,-1.9064860059626318e-63,-6.030757830078385e-79,6.214870758582221e-23,-1.7147879650059153e-42,1.7398960053800452e-36,-4.1267242207891875e-92,1.9458976870462928e-35,1.413308681253688e-16,8.429181734991002e-41,1.9664071985503035e-32,2.4594162955753315e-41,5.816994333698534e-40,3.6015527639700363e-31,-1.6308210757794516e-59,-3.300943515735499e-83,5.449578284551541e-54,2.6281078223683966e-40,0.10000000149011302,3.1056573807489037e-15,1.5537244385698408e-24,8.226771326603216e-41,-1.9359212844371907e-71,-2.4474286159495495e-65,-5.91361932618381e-47,-3.256970165425042e-61,3.789347118482245e-33,-6.718348997624044e-83,3.791172158779503e-32,1.3864880035550244e-31,-4.0688265592024836e-72,1.487697203251588e-49,-5.31088680813328e-60,2.2559999999769112e-06,2.3088655739316436e-17,6.179999999999204e-05,7.972461262476506e-18,5.0039017651226204e-45,7.32702034584304e-38,1.0725449567551802e-46,-1.889020743748685e-80,2.6642619780328087e-42,2.58624273324206e-26,-5.008366392133082e-53,3.9534663892440003e-35,-8.730905921322548e-117,-1.204434588111276e-56,-2.271015408262577e-44,-1.2581582300537428e-55,1.1810972851995606e-34,1.1402297996940617e-37,1.2018765230974816e-79,1.3023809941073089e-45,6.178223126386474e-35,0.0003339999999998893,1.1070273185169816e-16,6.834078599649919e-26,5.494830823389167e-37,-4.1943357723391875e-74,1.0345966549597917e-47,1.9981795647807694e-53,-1.0265906552079432e-66,2.4396905191263824e-54,-3.0682715097239807e-77,3.856050762283629e-21,3.7140757848677875e-25,1.0221794701089226e-19,3.5099999999998978e-06,5.417132063845452e-57,4.644134125558268e-49,2.200167728953049e-19,1.7799999999997799e-06,2.17006598696261e-45,1.1543556274871627e-40,-2.95082356610598e-84,3.4395422868482913e-60,0.0,0.0,5.5612369278911074e-33,1.7813881590125e-22,2.226229619935557e-48,2.2262738614437346e-23,-6.535574025432084e-66,1.3368060365544605e-38,-6.535574025515012e-66,-1.0120495274777083e-85,2.0350500967230602e-56,1.2771072991787334e-38,1.0096187181042865e-26,4.5794707072704075e-35,9.540384556292031e-54,4.557260741207969e-47,1.3914720754247526e-50,1.7975711164760115e-43,2.0643714890290316e-34,1.1199098194771037e-61,-1.1284097748377908e-72
7.646880202668737e-07,1.000000126676438e-10,0.00017699999999998704,5.174366693400353e-37,1.105666654645127e-30,7.269287646221095e-46,3.67347539500252e-37,3.550252157157128e-58,8.120425206379747e-46,-8.589133267819486e-104,-4.292641766524165e-86,-4.813021294137714e-96,6.139014818428224e-60,1.9080046750938735e-50,-3.162869942031969e-73,-1.2636315319756886e-58,3.25851635366113e-55,7.304575884231855e-122,-5.631450150922423e-103,-2.6314360524852736e-85,-2.2729032319234027e-101,-5.066389260211321e-115,-1.0425389450575722e-100,1.2154752983129716e-26,3.7209642050740035e-20,6.028800723829909e-27,2.4672587004523836e-19,-7.54911717973094e-85,-1.819981955282462e-81,2.8588219048475904e-40,1.1899688111228183e-27,1.7933092617776747e-113,-1.3499351929649444e-108,-1.3791969498843831e-81,-4.9420741027040434e-73,-1.8199819552276375e-81,-1.2029284017353464e-71,-6.163782655428632e-53,-1.645410154887529e-51,1.3069364304916055e-42,6.897585459642191e-22,3.3899999795622986e-08,1.4553389340745279e-31,2.2348376507100954e-25,3.6626496173022806e-31,3.505010845439491e-24,1.6327982773970732e-52,2.0554335307129802e-44,5.0391919000193235e-33,0.00018232390004656364,0.49999999999998446,2.1152807445643927e-14,0.2499999999999764,2.0727885492877847e-14,8.008936616638154e-25,-2.2931007466576127e-53,-2.8707216634485105e-52,1.277943586137794e-40,-3.2241411925983075e-56,-9.380212949891948e-66,-5.0480316502014786e-54,-6.429121397937015e-61,-2.7900695292746302e-67,2.547055791975505e-35,1.9947857688285895e-33,7.701336097156565e-35,2.194695468595601e-22,0.0,-9.027959961531246e-63,-2.8571037708085515e-78,1.299628551294953e-22,-8.120194452876255e-42,3.638399922028493e-36,-1.954253271955619e-91,5.552656362794549e-35,2.0437633041006489e-16,1.781539982696907e-40,4.112070932396277e-32,7.437256548814513e-41,1.2164384839460722e-39,7.531420988988694e-31,-7.7225782567393135e-59,-1.606100930273498e-82,1.6479482528143018e-53,5.495794320936046e-40,0.10000000149011165,4.491041970230662e-15,3.249085484645141e-24,1.7203490542277927e-40,-9.167347568604767e-71,-1.1564284354276515e-64,-2.800330993042639e-46,-1.543007030364968e-60,7.924128934078685e-33,-3.180897494575944e-82,7.927945375583693e-32,2.822139741545666e-31,-1.927628339744408e-71,4.4987852396703385e-49,-2.516061020971353e-59,2.2559999999666117e-06,3.338813953033267e-17,6.179999999998848e-05,1.1528850005820319e-17,1.0478079226199125e-44,1.6399378014324255e-37,2.1431254558625668e-46,-8.945524005218937e-80,4.4298689393722166e-42,5.408245846816965e-26,-2.3727403600162738e-52,1.1955252908700634e-34,-4.43120767589504e-116,-5.706073266220442e-56,-1.0754149840738206e-43,-5.960591893429277e-55,2.4698627157341158e-34,3.44367865200028e-37,7.045932448565754e-79,3.9383904048764205e-45,1.2919649496012457e-34,0.0003339999999998399,1.6008546755266527e-16,9.882652892739908e-26,1.6057615633645133e-36,-1.9870628815602442e-73,3.128612563170727e-47,6.042331400213031e-53,-4.861309964223533e-66,7.377599716245577e-54,-1.4671130986987787e-76,5.576173959168321e-21,7.766724552109086e-25,1.4781575488284681e-19,3.5099999999998525e-06,1.6296401277788444e-56,1.4043826933944998e-48,3.181627720095351e-19,1.7799999999996816e-06,4.537954242158048e-45,2.41695716133881e-40,-1.4134819613311513e-83,1.0401149197575321e-59,0.0,0.0,1.1629432995103789e-32,2.5760372046810177e-22,6.732101788992388e-48,3.219379383967588e-23,-3.0948509688164277e-65,2.795474530868848e-38,-3.094850968855716e-65,-4.924224683078703e-85,6.1539763379636555e-56,2.670635769074866e-38,1.459993658890655e-26,9.576403321403612e-35,2.885002927642486e-53,1.3781122540988615e-46,4.2078011709014334e-50,3.874831543004394e-43,4.316929888056746e-34,3.066564429148471e-61,-5.344651848543007e-72
1.1058032397389417e-06,1.0000001831847913e-10,0.00017699999999998126,7.482570186068608e-37,1.5988871286412845e-30,1.5201240201409064e-45,7.681822957302183e-37,1.229160395042034e-57,2.455611893228062e-45,-2.226967618843074e-103,-1.1807564757214025e-85,-1.3468203139372521e-95,1.8564337004158147e-59,5.76979224075283e-50,-6.676153455064589e-73,-2.419212868790916e-58,9.853730678324824e-55,2.3381964380833753e-121,-1.6159353406952383e-102,-5.554409792536759e-85,-6.019904582487226e-101,-1.3465553490139861e-114,-2.8480219103657225e-100,1.763946638925644e-26,5.380827405464126e-20,8.718153520247236e-27,3.5678637363216137e-19,-2.0764851630067383e-84,-4.870508608089591e-81,8.643180848562031e-40,2.4884144856081725e-27,8.579897138204149e-113,-3.3874400585482287e-108,-3.6885627825770213e-81,-1.2877649004711076e-72,-4.870508607861072e-81,-3.1010940252544003e-71,-1.1800487915378432e-52,-3.1501179832278746e-51,3.952165989348428e-42,9.975124108164282e-22,3.3899999704453634e-08,2.1101055006349413e-31,3.2317633686934164e-25,5.39874638186638e-31,5.068540711817562e-24,4.937693145612076e-52,4.298255288760252e-44,7.287096178219277e-33,0.00018232390006733492,0.4999999999999775,3.0588740012936036e-14,0.24999999999996586,2.997426691352208e-14,1.6747963220711113e-24,-4.389256282734217e-53,-5.495033887174154e-52,3.864491845508291e-40,-6.172579588703758e-56,-2.4179417381108038e-65,-9.662508127309532e-54,-1.2308514608425981e-60,-7.192670781587539e-67,5.326299716585676e-35,6.032217222795322e-33,1.6104721529211083e-34,3.173714368475521e-22,0.0,-1.7283921117623242e-62,-7.365481966616737e-78,2.7177304811939577e-22,-1.5546014563635296e-41,7.608474269783033e-36,-3.8667259277890554e-91,1.6097504110066775e-34,2.955453747882797e-16,3.782527814557454e-40,8.59899584974254e-32,2.2490208157695836e-40,2.543803790170077e-39,1.574940194172481e-30,-1.4784783391149338e-58,-4.412298882300199e-82,4.983383673409465e-53,1.1492587780581432e-39,0.10000000149010964,6.4944246919823154e-15,6.794355681565843e-24,3.5975241861673914e-40,-1.7550781612386824e-70,-2.989573737763145e-64,-5.3611999984013844e-46,-3.977801066344287e-60,1.6570616895295973e-32,-8.20555924423279e-82,1.6578597656575062e-31,5.789866338118351e-31,-4.96933710188721e-71,1.3604292953058907e-48,-6.486289438062023e-59,2.255999999951718e-06,4.8282059981536905e-17,6.179999999998334e-05,1.6671687455295422e-17,2.1954047717617824e-44,3.755179465410498e-37,9.858502053416296e-46,-1.7516960056629716e-79,7.653648066033265e-42,1.1309504222612445e-25,-6.11681539645862e-52,3.61525953118439e-34,-1.317205573917155e-115,-1.4709994146832075e-55,-2.058869062519088e-43,-1.536613144674091e-54,5.16487668796484e-34,1.0404524763772714e-36,2.586120014605161e-78,1.1909663163782086e-44,2.7017046756898175e-34,0.0003339999999997685,2.3149705944359373e-16,1.4291147941331346e-25,4.738975399881379e-36,-5.084577551693746e-73,9.46090101639471e-47,1.8272421482896943e-52,-9.30698476431972e-66,2.230982547209678e-53,-3.8710775300307925e-76,8.063616881535003e-21,1.6241459167858471e-24,2.1375402295438078e-19,3.5099999999997864e-06,4.954103733806394e-56,4.2468427728047966e-48,4.600901474833122e-19,1.7799999999995395e-06,9.489586699772094e-45,5.063361634636876e-40,-3.743681699764254e-83,3.145300053500734e-59,0.0,0.0,2.4318998368355382e-32,3.7251665985185823e-22,2.0357825410925638e-47,4.6554935561580365e-23,-5.925054975928828e-65,5.845782880934843e-38,-5.925054976030111e-65,-1.352798260614379e-84,1.8609578365257466e-55,5.584727593570373e-38,2.1112737465634902e-26,2.0025786048642446e-34,8.724234181415389e-53,4.167401138248214e-46,1.272435930425219e-49,8.453140692044325e-43,9.02738860506799e-34,1.0255762825390716e-60,-1.1961032639289453e-71
1.5990845581579638e-06,1.0000002649006264e-10,0.00017699999999997291,1.082042718435482e-36,2.3121255393008533e-30,3.178821925434854e-45,1.6063917283960977e-36,4.644071326633889e-57,7.425760219934786e-45,-3.560267736324034e-103,-2.2328865393890936e-85,-2.657516497421821e-95,5.613842922139946e-59,1.7447810742161763e-49,-1.9394712395209868e-73,1.0395288986050032e-58,2.979761726962127e-54,6.003419628735801e-121,-3.377984306906142e-102,-1.613607331929327e-85,-1.0249175015770454e-100,-2.3203576794101235e-114,-5.290942563600007e-100,2.5639207154699848e-26,7.7811292769354e-20,1.2607184284161378e-26,5.15943124399407e-19,-3.9266964709635903e-84,-8.558065898881977e-81,2.6132992795792562e-39,5.203671380768043e-27,3.375567109397486e-112,-4.8414118491067916e-108,-6.469807001890358e-81,-2.0850895132171502e-72,-8.558065898076245e-81,-4.848226993928707e-71,5.070842664085011e-53,1.3536519579039355e-51,1.1951320337081883e-41,1.4426196884936276e-21,3.389999957261508e-08,3.063023087050359e-31,4.673401891951954e-25,8.020855945290812e-31,7.329536518616457e-24,1.493228228945098e-51,8.988385716515703e-44,1.0537755570712039e-32,0.00018232390009737196,0.4999999999999675,4.4233892767985435e-14,0.24999999999995062,4.334531254815521e-14,3.502266095415762e-24,1.894200305519076e-53,2.370034750604469e-52,1.168619438669163e-39,2.6524481622823124e-56,-3.7788462641793228e-65,4.1698923880154697e-54,5.288848272914404e-61,-1.1244967302354523e-66,1.113814183426132e-34,1.824137955981387e-32,3.3677540130106764e-34,4.589458097000387e-22,0.0,7.427153328593184e-63,-1.1515138989218848e-77,5.683207675647873e-22,6.680352367278597e-42,1.5910532632984704e-35,6.909768675345757e-92,4.722812132512798e-34,4.273834854291139e-16,8.082368381970314e-40,1.7981871118503492e-31,6.801022087195471e-40,5.319611131590228e-39,3.293451020235166e-30,6.353238136971877e-59,-8.317312256218975e-82,1.5069717774962852e-52,2.4032850475019616e-39,0.10000000149010674,9.391484728801595e-15,1.4208080772548499e-23,7.522996757857532e-40,7.541791619503108e-71,-4.733075557939108e-64,2.3037868429344722e-46,-6.218864149483191e-60,3.4651801693273654e-32,-1.2866432191908654e-81,3.4668490657788947e-31,1.1946038077396114e-30,-7.769024164588784e-71,4.113928019463679e-48,-1.0140615899376507e-58,2.25599999993018e-06,6.981992254909156e-17,6.17999999999759e-05,2.4108663253321864e-17,4.603859335701681e-44,8.837920088647586e-37,4.99414449458055e-45,4.5003102154402115e-80,1.3858358218457655e-41,2.36499762051059e-25,-9.562983087884949e-52,1.0932517700230583e-33,-2.963947036130258e-115,-2.2997493981117615e-55,8.847263546883601e-44,-2.4023294077281425e-54,1.0800580547157532e-33,3.1444104785328044e-36,8.005890890808747e-78,3.6014732405086994e-44,5.649695183799313e-34,0.00033399999999966524,3.347642310895237e-16,2.066620289471594e-25,1.4086304302687188e-35,-7.730761922832372e-73,2.8609693951751224e-46,5.525838632296147e-52,3.998842993944849e-66,6.746485898813855e-53,-6.517408901270748e-76,1.1660668710839499e-20,3.3963480195401434e-24,3.0910630849728e-19,3.5099999999996907e-06,1.5136620962094598e-55,1.2842420801887742e-47,6.653290781520047e-19,1.7799999999993341e-06,1.9844241451191923e-44,1.0615871858224326e-39,-6.3737961901292556e-83,9.511365684139774e-59,0.0,0.0,5.085490254013302e-32,5.386904400443786e-22,6.156191125779451e-47,6.732235521591008e-23,2.546083448074638e-65,1.2224463881187192e-37,2.546083447916289e-65,-2.5501113191721647e-84,5.6275225253730325e-55,1.1678563113235615e-37,3.053079603962154e-26,4.18771112252316e-34,2.6382059967403003e-52,1.260218975933873e-45,3.847836742507289e-49,1.8736018796245545e-42,1.8877708725722376e-33,3.686851852365499e-60,-8.248365028175197e-72
2.312410863204668e-06,1.0000003830686019e-10,0.00017699999999996083,1.5647250331550767e-36,3.343528505201386e-30,6.647424203439104e-45,3.359221449143073e-36,1.707616506932219e-56,2.2455470249258284e-44,2.6843555742873002e-104,-1.9443913361976656e-85,-2.8868940727332403e-95,1.697622328740646e-58,5.27620562355212e-49,5.452738594995801e-72,3.047329395894375e-57,9.010780246729728e-54,1.3414142247468466e-120,-4.60920493841918e-102,4.536549456018676e-84,-3.032921777261902e-101,-8.50631377954468e-115,-4.116035977690832e-100,3.7350506513816195e-26,1.125216776197614e-19,1.82310506504323e-26,7.460971798240491e-19,-3.4189891848055933e-84,-4.075699326278103e-81,7.901777427893315e-39,1.088170638747901e-26,1.2011874952024338e-111,3.8791459466197896e-108,-3.017632275597739e-81,2.1666928884578487e-75,-4.075699323643042e-81,1.0540779577662354e-71,1.4864455053283508e-51,3.9680382765782357e-50,3.614070311922277e-41,2.0864271639853366e-21,3.389999938196543e-08,4.453715504075747e-31,6.7581325902451025e-25,1.2045952550128705e-30,1.0599126802084217e-23,4.5157514602621387e-51,1.879629466316826e-43,1.5238483923679044e-32,0.00018232390014080802,0.49999999999995304,6.396593225937606e-14,0.24999999999992858,6.268096963697677e-14,7.323796703856155e-24,5.533997324921657e-52,6.927306307450742e-51,3.5338964244296244e-39,7.775274555670737e-55,8.301456897940233e-66,1.2182540959381909e-52,1.550420456147873e-59,2.4448256019093778e-67,2.329163023497775e-34,5.516179466704156e-32,7.0425105255024375e-34,6.636742682843096e-22,0.0,2.1771647355941723e-61,2.50356511618517e-78,1.1884493198843937e-21,1.958249953999253e-40,3.3271460156905875e-35,4.273836206544959e-90,1.397840271488028e-33,6.180324877648916e-16,1.742315860732937e-39,3.7602958998926867e-31,2.0566239791847487e-39,1.1124493229219687e-38,6.887131114636e-30,1.8623615348279787e-57,-7.10481495201827e-82,4.5570723047548484e-52,5.02565738912488e-39,0.10000000149010255,1.358087738244103e-14,2.9711361593463683e-23,1.5731786039686688e-39,2.2107775632580563e-69,6.422969261125977e-65,6.753222524016653e-45,1.352075326950308e-60,7.246244174053701e-32,2.5496070363656368e-82,7.249734078513461e-31,2.4747534016231493e-30,1.6891032051579663e-71,1.2440487575539854e-47,2.204723776542589e-59,2.2559999998990346e-06,1.0096548462599712e-16,6.179999999996514e-05,3.48631561779058e-17,9.666470185123828e-44,2.1460861738113395e-36,2.1686552947893606e-44,2.0203757363325147e-78,2.648241989014669e-41,4.94558702486381e-25,2.079136925581533e-52,3.305985147739087e-33,-5.029377847146773e-115,5.00000243857588e-56,2.5934493411094232e-42,5.223026955153825e-55,2.258573576913314e-33,9.504679562243951e-36,2.309474353839962e-77,1.0890828163366348e-43,1.181441330326935e-33,0.0003339999999995159,4.840972513991989e-16,2.9885069055486976e-25,4.208596275705491e-35,3.0714941623564636e-73,8.65155006292132e-46,1.6710984535787995e-51,1.1723209621812465e-64,2.040136005817851e-52,-1.5070724130170242e-76,1.686230841328698e-20,7.102305110516494e-24,4.469937390343151e-19,3.509999999999553e-06,4.628149755010519e-55,3.883538450642635e-47,9.621218464083402e-19,1.7799999999990372e-06,4.1497480993460457e-44,2.228286847371793e-39,-1.8861211239222822e-83,2.8762304725140866e-58,0.0,0.0,1.0634570851587225e-31,7.789917082076229e-22,1.861627574334625e-46,9.735379193572706e-23,7.463480945124368e-64,2.5563302616880346e-37,7.463480945127809e-64,-2.1786015200150945e-84,1.7017585845852955e-54,2.4421759628937756e-37,4.415010214014666e-26,8.75717158535363e-34,7.977928628289553e-52,3.810892719303986e-45,1.1635829545490135e-48,4.23828759950885e-42,3.947629843527309e-33,1.3064228673507016e-59,6.833642112516833e-71
3.34394073971087e-06,1.0000005539494402e-10,0.00017699999999994337,2.2627244936709806e-36,4.835024407430126e-30,1.3900826128152568e-44,7.024668343254537e-36,5.97850284287041e-56,6.79052463353608e-44,3.117291248777289e-102,7.512295312173465e-85,5.676873676457077e-95,5.133598381380987e-58,1.595520824403498e-48,3.279023615212656e-71,1.6557194707771712e-56,2.7248540333945384e-53,2.6450633327315002e-120,1.8615449008841973e-102,2.7280711366700022e-83,6.807813896239557e-100,1.4473091521992468e-113,2.0600823381281524e-99,5.458506876434194e-26,1.6271581457403325e-19,2.636363591594625e-26,1.0789193111806353e-18,1.321302120740171e-83,4.8033995493800694e-80,2.389320098622914e-38,2.2755382692202498e-26,4.0340097058813766e-111,6.241411056712039e-107,3.667514783338767e-80,1.7380201262833027e-71,4.8033995502107074e-80,4.639435675575257e-70,8.076359017447695e-51,2.155968821377391e-49,1.0928921545673273e-40,3.017729945754862e-21,3.389999910626999e-08,6.491317678509101e-31,9.772828759948846e-25,1.8354460010524156e-30,1.532722963716002e-23,1.3656244650232372e-50,3.930649376937166e-43,2.2036135446003433e-32,0.00018232390020362025,0.4999999999999321,9.250012242414977e-14,0.24999999999989672,9.064195657447252e-14,1.531522636269253e-23,3.0062921409744433e-51,3.763281372836122e-50,1.0686476313756272e-38,4.224568498044903e-54,3.621006608820788e-64,6.618051103064928e-52,8.423976268547517e-59,1.076069684940499e-65,4.870651200803159e-34,1.6680885272477177e-31,1.4727012211643013e-33,9.59728849723093e-22,0.0,1.1829269271639688e-60,1.1019233514003371e-76,2.4852369690920575e-21,1.0639831344739689e-39,6.957592719248158e-35,2.3859814476169424e-89,4.163624070730942e-33,8.937269870659878e-16,3.801203113185755e-39,7.8633781360226044e-31,6.219215498007248e-39,2.326411182123157e-38,1.4402089070094495e-29,1.0118837405149432e-56,2.876839276642466e-81,1.3780555045646022e-51,1.0509466582170993e-38,0.10000000149009648,1.9639091773343227e-14,6.213119258511318e-23,3.289767408370595e-39,1.2011901424834429e-68,4.30700062129641e-63,3.6692531844121273e-44,5.951045712987547e-59,1.5153051822459338e-31,1.2169963634944133e-80,1.5160349696237557e-30,5.141332604641534e-30,7.434447095253619e-70,3.76199414366541e-47,9.703905399652485e-58,2.2559999998539953e-06,1.4600458885705411e-16,6.179999999994957e-05,5.041505805728782e-17,2.033227076626243e-43,5.388765118514062e-36,8.326857069937368e-44,1.1176544861236013e-77,5.36595283532697e-41,1.0342010807671992e-24,9.151148216814637e-51,9.997274289408122e-33,-3.9799869104808296e-115,2.200709485740306e-54,1.4091083572691028e-41,2.2988718385014744e-53,4.723037414505903e-33,2.8733727345498217e-35,6.493949007749949e-77,3.293378298020309e-43,2.4705821661131586e-33,0.0003339999999992999,7.000453642971007e-16,4.321632571284036e-25,1.2619922943841218e-34,8.192954133667707e-72,2.616222272117244e-45,5.053628281496257e-51,6.369647801837262e-64,6.16936600831198e-52,4.569303115757152e-75,2.438431723540112e-20,1.485205209704501e-23,6.463905693507864e-19,3.5099999999993536e-06,1.4132089527788056e-54,1.1743791248299575e-46,1.3913091696454395e-18,1.7799999999986078e-06,8.67778741115933e-44,4.684919509647019e-39,4.233671576795326e-82,8.697701062056674e-58,0.0,0.0,2.223858301121753e-31,1.1264875581938816e-21,5.629547816076301e-46,1.4078177700570966e-22,4.0551605133824485e-63,5.34569405029448e-37,4.0551605133976e-63,8.81907148698528e-84,5.146105185509427e-54,5.106986030813716e-37,6.384476654079061e-26,1.8312641917367516e-33,2.412523258232155e-51,1.1524110982444886e-44,3.5186661574441645e-48,9.831481678908216e-42,8.25512333281748e-33,4.465132392465176e-59,4.5938359546977635e-70
4.835619763177152e-06,1.0000008010575158e-10,0.0001769999999999181,3.2720908977451395e-36,6.991853861205263e-30,2.906885027438248e-44,1.468970368900831e-35,-2.8602971252368305e-56,2.0534310773047627e-43,-1.2604773811438504e-97,-6.998834519753583e-81,-5.523567474229972e-90,1.5523871677563538e-57,4.8248383209223776e-48,-1.3611991918183118e-69,-1.3864234679368134e-55,8.239917286929041e-53,1.2824951486745498e-114,-6.364435924220324e-96,-1.1324960602584409e-81,-1.2578920044581386e-96,-1.8728036136434643e-109,-2.9636676397446486e-95,8.013303180631776e-26,2.353007591637328e-19,3.8124041122001185e-26,1.5602081168735364e-18,-1.2307001518461445e-79,-2.1434729514688754e-76,7.224927946032805e-38,4.758513247640559e-26,1.2440901846987925e-105,-1.646380644856463e-101,-3.304420382096753e-76,-1.570134924066414e-68,-2.143472951027132e-76,-1.4356684708559322e-67,-6.762305499927698e-50,-1.805184537649259e-48,3.3048979473522995e-40,4.3651057423020016e-21,3.3899998707591186e-08,9.493369431965867e-31,1.4132333396944907e-24,2.849732561971484e-30,2.216446448001035e-23,4.1279778425529893e-50,8.219749066764993e-43,3.186611733516808e-32,0.000182323900294452,0.4999999999999017,1.3376296359626397e-13,0.2499999999998506,1.3107589573073695e-13,3.202657955017814e-23,-2.516420744634575e-50,-3.150184364013254e-49,3.2315826769309153e-38,-3.5372150702992753e-53,-1.119125702938773e-61,-5.539648013736748e-51,-7.054044172140484e-58,-3.3298877383707094e-63,1.0185308144538968e-33,5.044287878559855e-31,3.0796530261414913e-33,1.3878486901431951e-21,0.0,-9.904605562622648e-60,-3.409890517010346e-74,5.197026632443246e-21,-8.908686891476987e-39,1.454943551059245e-34,-4.1969125503156076e-88,1.2458117384605462e-32,1.292404428017717e-15,8.425935086664088e-39,1.6443577084144466e-30,1.8806862711720867e-38,4.865205996613736e-38,3.011706410434879e-29,-8.472465194183886e-56,-1.8630921599775056e-77,4.1672230771209857e-51,2.197701776611593e-38,0.10000000149008775,2.839977969173246e-14,1.2992622530367133e-22,6.8794285121223e-39,-1.0057604997070767e-67,-1.3880343845954382e-59,-3.072250741584436e-43,-1.841544693182935e-56,3.1687447225735785e-31,-1.1803710835922196e-77,3.170270802305765e-30,1.0702509969572512e-29,-2.300582363653655e-67,1.1376242445865566e-46,-3.002862741073409e-55,2.255999999788865e-06,2.1113492443908466e-16,6.17999999999271e-05,7.290441699161836e-17,4.287474947316196e-43,1.3993254877276772e-35,-2.0281781274729654e-43,-1.6199918419614636e-76,5.60754055615579e-41,2.1626793052382373e-24,-2.8318135153374245e-48,3.023168564938157e-32,-4.893061506179234e-107,-6.810075555691216e-52,-1.1798409081965786e-40,-7.113835147951152e-51,9.876624187229446e-33,8.687311949839825e-35,6.553123521512483e-73,9.95915153963484e-43,5.1663811648438526e-33,0.0003339999999989876,1.0123245040615729e-15,6.249444543722818e-25,3.79391354938255e-34,-2.3094782835265798e-69,7.911436785162864e-45,1.5275990067561445e-50,-5.334424335094224e-63,1.865586055823856e-51,-8.1044961820226e-72,3.5261775105461724e-20,3.1058008219632156e-23,9.347351689067819e-19,3.5099999999990643e-06,3.922454216079575e-54,3.5513137742315265e-46,2.0119501626008232e-18,1.7799999999979865e-06,1.8146644693139583e-43,9.873167993059819e-39,-7.82257078511894e-79,2.630173837254245e-57,0.0,0.0,4.650442232731208e-31,1.628995785498116e-21,1.7023712295122536e-45,2.0358229842323583e-22,-3.3953698477118203e-62,1.1178698293354184e-36,-3.395369848180699e-62,-5.712740436807713e-80,1.5561785373276608e-53,1.0679542386859886e-36,9.232491199568e-26,3.8294653831436925e-33,7.295359836226941e-51,3.484882925933268e-44,1.0640420401384781e-47,2.348807351365598e-41,1.7262778911357448e-32,2.786596100761168e-60,-3.4102843901120285e-68
6.992713183084506e-06,1.0000011583965912e-10,0.00017699999999988157,4.731720590169528e-36,1.0110812554601335e-29,6.078762022852088e-44,3.071851922264614e-35,-6.829663967660256e-55,6.20950754194536e-43,-7.717863889588286e-97,-4.432097230816135e-80,-3.512064013570491e-89,4.694379219787676e-57,1.459026155271902e-47,-8.597240809533434e-69,-9.568131224557809e-55,2.491738862939858e-52,8.699329376366899e-114,-4.093997788788926e-95,-7.152766929395313e-81,-7.916815384967026e-96,-1.1573173024657008e-108,-1.8773039947063454e-94,1.1838521278602678e-25,3.4026469379089005e-19,5.513058194771255e-26,2.2561922196890542e-18,-7.793556985370373e-79,-1.3373300179356144e-75,2.1847379428325506e-37,9.950809679843743e-26,1.210214133047659e-104,-1.0006592268086683e-100,-2.0584342457069908e-75,-9.823274961769975e-68,-1.3373300175659955e-75,-8.883716918214072e-67,-4.666907507810728e-49,-1.245822058434282e-47,9.993987377562722e-40,6.3148494838703524e-21,3.3899998131068083e-08,1.3950664016616361e-30,2.0436544523096537e-24,4.5298232858761284e-30,3.205168193238374e-23,1.24782445252772e-49,1.7189212696142246e-42,4.60811104801547e-32,0.00018232390042580236,0.4999999999998579,1.9343250604223572e-13,0.24999999999978392,1.8954677211362236e-13,6.697268250336556e-23,-1.7367472226339465e-49,-2.1741362775347156e-48,9.772282509301434e-38,-2.4411579470370046e-52,-6.925021915912989e-61,-3.8232749319464384e-50,-4.868196870883516e-57,-2.0604882536551112e-62,2.129910307639336e-33,1.5253890667281747e-30,6.440045417609854e-33,2.0069460077710357e-21,0.0,-6.835520366537425e-59,-2.1099928629917813e-73,1.0867810993928084e-20,-6.148201965822883e-38,3.042518897790486e-34,-2.7352597019701972e-87,3.739586076819012e-32,1.868925543208751e-15,1.906245850333428e-38,3.4386140568008376e-30,5.687181663824564e-38,1.0174856770671337e-37,6.29795819134859e-29,-5.847149522252934e-55,-1.1754124316283717e-76,1.2601632937294613e-50,4.5957592010449023e-38,0.10000000149007508,4.10684717932618e-14,2.716964397368134e-22,1.438598292752106e-38,-6.941104712763218e-67,-8.540175912660384e-59,-2.1202695926559518e-42,-1.1395222526650036e-55,6.626350423970304e-31,-7.272720933785953e-77,6.629541633395955e-30,2.231003331236235e-29,-1.423568391773864e-66,3.4401672911167994e-46,-1.858129710101057e-54,2.255999999694681e-06,3.0531887160060593e-16,6.179999999989457e-05,1.0542592256710772e-16,9.07363157320067e-43,3.75009588413039e-35,-1.9083399131652885e-42,-1.0678416539004503e-75,-8.238088311400263e-41,4.522507118460059e-24,-1.7522868483664312e-47,9.142039977569658e-32,-3.202390633092634e-106,-4.213980099936454e-51,-8.142501905801823e-40,-4.401942325102423e-50,2.065359572070418e-32,2.6266716493292947e-34,4.892739792165299e-72,3.0116400341046804e-42,1.0803726622273871e-32,0.000333999999998536,1.463906408551853e-15,9.037223027138767e-25,1.1426046401975224e-33,-1.4295211563919758e-68,2.3924126246691764e-44,4.617697777532225e-50,-3.6813922034048462e-62,5.641445321184473e-51,-5.084620827183547e-71,5.099149472012104e-20,6.494724513428923e-23,1.3517057294038925e-18,3.5099999999986467e-06,1.0861399072244564e-53,1.0739146534502904e-45,2.909449275869177e-18,1.7799999999970882e-06,3.794755057639983e-43,2.087696106231871e-38,-4.923303605235191e-78,7.953613195589182e-57,0.0,0.0,9.72481607157175e-31,2.3556649358234395e-21,5.147958380685909e-45,2.9439713767843653e-22,-2.3432655545212614e-61,2.337643969825523e-36,-2.343265554811396e-61,-3.6041307296759234e-79,4.705872766334501e-53,2.2332687468567085e-36,1.335096058595245e-25,8.00802266149704e-33,2.2060850227804835e-50,1.0538261000033273e-43,3.2176552454522745e-47,5.797421147088909e-41,3.609922269541936e-32,-3.6826439184534686e-58,-2.1316768580158514e-67
1.0112051826993984e-05,1.0000016751389713e-10,0.00017699999999982874,6.842469913580021e-36,1.4621093051320288e-29,1.271166693250694e-43,6.423734192251643e-35,-1.3497159984447674e-54,1.8777567663439706e-42,-2.213697607288002e-96,-1.3579687899137848e-79,-1.0847988103530987e-88,1.4195781523390886e-56,4.412085813166557e-47,-2.392421426173944e-68,-2.2485084941162624e-54,7.535006876931802e-52,2.999555562183354e-113,-1.291729288328017e-94,-1.990457729615765e-80,-2.3929656872678076e-95,-3.3817557945421215e-108,-5.756242020207185e-94,1.7643564537126695e-25,4.920513682799268e-19,7.972348197952999e-26,3.262643771452928e-18,-2.387899274521425e-78,-3.9801111258489473e-75,6.606474278360018e-37,2.0808729019156588e-25,6.141522897830524e-104,-2.8263126197380165e-100,-6.110793109691581e-75,-2.928058910105142e-67,-3.9801111241979504e-75,-2.5659554932429245e-66,-1.0967061395337489e-48,-2.927636063643257e-47,3.022174240704224e-39,9.137113687895442e-21,3.389999729736717e-08,2.0639018700349803e-30,2.9552965448952635e-24,7.405518543953055e-30,4.634943137714887e-23,3.7739792001484754e-49,3.5946614878555155e-42,6.663721252588735e-32,0.000182323900615746,0.49999999999979444,2.797196889800376e-13,0.2499999999996875,2.7410057470979293e-13,1.4005055278766457e-22,-4.081252443748828e-49,-5.109097415318575e-48,2.9551308586485518e-37,-5.736631431538463e-52,-2.000195494848947e-60,-8.984468089562772e-50,-1.144031687714722e-56,-5.9514742498909185e-62,4.453982005703598e-33,4.612764932734578e-30,1.3467161580243026e-32,2.9022128254497266e-21,0.0,-1.6063222792481387e-58,-6.094462382197427e-73,2.2726324708628953e-20,-1.4448047477316248e-37,6.362392007409171e-34,-7.181432410570597e-87,1.125047227416009e-31,2.7026235578791304e-15,4.4224702799745384e-38,7.190690007866271e-30,1.7197994376250765e-37,2.1280076438290534e-37,1.3170034475879801e-28,-1.3740586856675957e-54,-3.575095421073095e-76,3.8107265352152323e-50,9.610508792396043e-38,0.10000000149005676,5.938846687337441e-14,5.681605382624052e-22,3.0083387726918943e-38,-1.6311370446970924e-66,-2.4708779834187904e-58,-4.982555274565938e-42,-3.2913738596026025e-55,1.3856755249109054e-30,-2.103297921552061e-76,1.3863428375415263e-29,4.6551711888785683e-29,-4.111807272489747e-66,1.0403040115489609e-45,-5.366985594786753e-54,2.2559999995584833e-06,4.4151678650263745e-16,6.179999999984755e-05,1.5245475621036383e-16,1.9300967321921955e-42,1.033346387447866e-34,-4.217154819885074e-42,-2.7436836778053506e-75,-2.5094907069562515e-40,9.457283108199175e-24,-5.061271284003412e-47,2.764545965273667e-31,-1.041510124434828e-105,-1.21715782347257e-50,-1.9134579663804014e-39,-1.2714484664430763e-49,4.3189961275243514e-32,7.94227137590349e-34,1.92796018949066e-71,9.107176920345217e-42,2.259231463548136e-32,0.000333999999997883,2.116931818690939e-15,1.3068585588137114e-24,3.4454577046803486e-33,-4.126667566840477e-68,7.234637854215917e-44,1.3965983171110124e-49,-8.651527587086976e-62,1.7059776025723718e-50,-1.5274310897970287e-70,7.373799322179957e-20,1.358150394259761e-22,1.954680255734587e-18,3.5099999999980428e-06,3.4044588264299005e-53,3.247509868944516e-45,4.20730853289836e-18,1.779999999995789e-06,7.93544491477852e-43,4.4354364792213293e-38,-1.4881355050019714e-77,2.4051681117764137e-56,0.0,0.0,2.0336140696974212e-30,3.40648960269163e-21,1.5567387108960058e-44,4.257230378717033e-22,-5.506587714809467e-61,4.888386042781358e-36,-5.5065877156474864e-61,-1.0962210928844927e-78,1.4230523518107228e-52,4.6701396655831636e-36,1.9306615303938175e-25,1.6746052175647036e-32,6.671216240899234e-50,3.1867621307831385e-43,9.730165361580967e-47,1.4801653226125748e-40,7.548922944630209e-32,-6.617084731358584e-58,-6.045435207409804e-67
1.462287805528269e-05,1.000002422391946e-10,0.00017699999999975233,9.894795194902815e-36,2.1143346071030296e-29,2.658214257219522e-43,1.343305864000807e-34,2.4892443952347106e-54,5.678380496669817e-42,-3.94379434934142e-96,-2.8664349019137235e-79,-2.332261487034693e-88,4.292815771060551e-56,1.3342129403119308e-46,-3.7673171708657904e-68,-8.77705303093066e-55,2.2785870304751826e-51,7.946600091416445e-113,-2.907458989905954e-94,-3.1343578455998094e-80,-4.890783011074579e-95,-6.345488701717041e-108,-1.2171858078718107e-93,2.66099856531845e-25,7.115476551102435e-19,1.1528690761800034e-25,4.718057341530501e-18,-5.04043224028372e-78,-7.833179080694688e-75,1.9977599714432473e-36,4.351436854434708e-25,2.472127969836416e-103,-4.809031414287466e-100,-1.1951529281983505e-74,-5.779090934357801e-67,-7.833179074704193e-75,-4.643893328654456e-66,-4.279775425572759e-49,-1.1424774123245351e-47,9.139031606183722e-39,1.3224139137006066e-20,3.389999609176552e-08,3.0818533108406118e-30,4.273607956034275e-24,1.2496971663678426e-29,6.70251822033217e-23,1.1417695009976042e-48,7.517382445622707e-42,9.636312109057231e-32,0.00018232390089042055,0.4999999999997028,4.04498222918024e-13,0.24999999999954808,3.963724773697225e-13,2.9286802322839374e-22,-1.5921935479868273e-49,-1.993260165787917e-48,8.936292961299702e-37,-2.2386562197608935e-52,-3.6198859858518703e-60,-3.505053779079273e-50,-4.466231544901767e-57,-1.0771041468598858e-61,9.313986437031833e-33,1.3948964741043532e-29,2.816198160813736e-32,4.1968439718773915e-21,0.0,-6.268502262878387e-59,-1.1029822795826335e-72,4.7524366086979294e-20,-5.638180341065901e-38,1.3304775835704653e-33,-8.541403363660725e-87,3.3900037995517934e-31,3.908220968776761e-15,1.0567174849550994e-37,1.5036878630829286e-29,5.200660190997251e-37,4.450858713097148e-37,2.7540641275501223e-28,-5.3621135865858576e-55,-7.418858180753086e-76,1.152362865253067e-49,2.0097238021826973e-37,0.10000000149003027,8.588072172063404e-14,1.1881141672901714e-21,6.290917283580397e-38,-6.365554639376122e-67,-4.510279292445375e-58,-1.9443839938546703e-42,-5.956763026794412e-55,2.897668468274285e-30,-3.8312106592612264e-76,2.899063864480773e-29,9.719936971432381e-29,-7.441592477520927e-66,3.145871485249364e-45,-9.71322678698009e-54,2.2559999993615295e-06,6.384704350103639e-16,6.179999999977954e-05,2.2046240653589813e-16,4.1350085138186405e-42,2.914293938964434e-34,1.5136377092261114e-42,-2.8549334596254516e-75,5.761510051001145e-40,1.9776685882745568e-23,-9.15994258222165e-47,8.35996546123727e-31,-2.4901482567903584e-105,-2.202825171354681e-50,-7.467051984095357e-40,-2.301080945688793e-49,9.031709442124275e-32,2.401576943119073e-33,6.142049760760926e-71,2.7540034503788905e-41,4.7244131366711343e-32,0.00033399999999693863,3.061261457567524e-15,1.8898275648310703e-24,1.0398606478111547e-32,-7.45402844875788e-68,2.1877490314686547e-43,4.225230883049194e-49,-3.379141333301438e-62,5.158943904171705e-50,-3.07536462789097e-70,1.0663134457990062e-19,2.8401088676113614e-22,2.826632172480723e-18,3.5099999999971695e-06,1.1396764474337083e-52,9.820445373964166e-45,6.084122253592744e-18,1.7799999999939106e-06,1.659430193911947e-42,9.48607112290112e-38,-3.041474475249782e-77,7.27322402639134e-56,0.0,0.0,4.2526112052986806e-30,4.926070335193956e-21,4.707565692402181e-44,6.156313407322632e-22,-2.148882762924946e-61,1.0222394018549024e-35,-2.1488827644416e-61,-2.2748261596089764e-78,4.303299146119251e-52,9.766063064075403e-36,2.7918996107310592e-25,3.501866520112582e-32,2.017399831053432e-49,9.63674372578548e-43,2.9423946718848407e-46,3.905184001949474e-40,1.5786001276438461e-31,2.1487241125041374e-57,-1.0249274058108057e-66
2.1145912449623337e-05,1.000003502982643e-10,0.00017699999999964185,1.4308723212847327e-35,3.0575089344352025e-29,5.55875617272485e-43,2.8090686378121914e-34,3.0841921886786196e-53,1.7171586218216902e-41,-1.4164708921030831e-96,-3.6257368681114894e-79,-3.1583508894877693e-88,1.2981525303537005e-55,4.0346552389092364e-46,1.624159626627317e-68,1.8357493770655549e-53,6.890453504086503e-51,1.796799383706914e-112,-4.5643320770564777e-94,1.3512252482721751e-80,-5.398260828231219e-95,-4.141162667209266e-108,-1.5501838036014775e-93,4.0771993881299963e-25,1.0289577184562601e-18,1.6671466127100689e-25,6.822707685662693e-18,-6.375583936263176e-78,-7.12269988437344e-75,6.041142217865184e-36,9.099547814124815e-25,8.889616017221938e-103,-4.140958620027894e-101,-1.0474898983861809e-74,-5.3359101865632744e-67,-7.122699864515692e-75,-2.0711842230808632e-66,8.954605139332832e-48,2.3904150008121608e-46,2.763636074207884e-38,1.9146437829814318e-20,3.3899994348364134e-08,4.6600421231835484e-30,6.179997663904577e-24,2.181060151059077e-29,9.69240617210607e-23,3.4545510985720426e-48,1.5721170709115206e-41,1.393494060466865e-31,0.00018232390128762303,0.4999999999995702,5.849384953567994e-13,0.24999999999934647,5.731879135977543e-13,6.124336966257583e-22,3.3326516379631516e-48,4.1719123912410866e-47,2.702328074224629e-36,4.6839601156024115e-51,-1.6139528182854502e-60,7.336498903659352e-49,9.339897396046381e-56,-4.803905855602347e-62,1.9477030508403046e-32,4.218155822333883e-29,5.889119252801726e-32,6.0689895242334704e-21,0.0,1.3115617061086057e-57,-4.9193221560352444e-73,9.938102001445288e-20,1.1796837529990185e-36,2.782240687395859e-33,2.2364835093915797e-86,1.0225978753762722e-30,5.651616111402252e-15,2.6086548477236774e-37,3.1444508826964747e-29,1.572675592870496e-36,9.310042172424958e-37,5.759187026606661e-28,1.1219188384556424e-53,-8.758509911918851e-76,3.484743836147576e-49,4.202692793818454e-37,0.10000000148999197,1.2419075203573627e-13,2.484535846749009e-21,1.3155315133169986e-37,1.3318093433134578e-65,-2.2472909896526513e-58,4.068258405737015e-41,-2.6567256468177357e-55,6.0594868362845455e-30,-1.859735009722372e-76,6.06240464808331e-29,2.0304581645215434e-28,-3.318964386971038e-66,9.51309160550123e-45,-4.332113294498324e-54,2.255999999076718e-06,9.232819880389248e-16,6.179999999968119e-05,3.1880718994498234e-16,8.946162217037977e-42,8.372534411705473e-34,5.519682563769847e-41,1.1125168600952574e-74,7.049687210620107e-39,4.1356200617711204e-23,-4.085352089348783e-47,2.5280469955985567e-30,-4.579728532354257e-105,-9.82464293313564e-51,1.5623388412525138e-38,-1.0262865061188575e-49,1.8886744287643115e-31,7.262015782528628e-33,1.79269903823988e-70,8.328085692474155e-41,9.879500970020482e-32,0.00033399999999557297,4.426841455369685e-15,2.7328499162817275e-24,3.1402580378783115e-32,-3.2395775701619516e-68,6.615736545338876e-43,1.278390760658625e-48,7.062089955623948e-61,1.5600893034265553e-49,-3.159394398496674e-70,1.5419789920255436e-19,5.939120037997932e-22,4.087548035527925e-18,3.5099999999959066e-06,3.8372803432847115e-52,2.969695269933306e-44,8.798152854519925e-18,1.7799999999911941e-06,3.470139598485135e-42,2.0474545285245404e-37,-3.35705616491678e-77,2.199422371955637e-55,0.0,0.0,8.892887938644553e-30,7.123511594557435e-21,1.4235641568194215e-43,8.902547261313285e-22,4.4961303283076176e-60,2.137665401728375e-35,4.4961303282399775e-60,-2.685616746182556e-78,1.3013142569878878e-51,2.0422565650673341e-35,4.0373229501986983e-25,7.322961293566077e-32,6.1007049982339455e-49,2.914143694601471e-42,8.897779275949057e-46,1.0615561355283594e-39,3.3011045110721995e-31,2.122177485468786e-56,-5.0721651925781135e-68
3.0578769216063876e-05,1.0000050656077434e-10,0.00017699999999948207,2.069165347150084e-35,4.4214218746506394e-29,1.1624264958038927e-42,5.874216167278509e-34,1.581006169131822e-52,5.192732135719997e-41,2.571824279659539e-95,3.724307307425311e-79,1.829047919775961e-88,3.925626933312944e-55,1.2200781972004917e-45,4.184749562155297e-67,1.1394399903659073e-52,2.0836744846464846e-50,3.531875091047997e-112,-1.3351910619866085e-94,3.4816248093539304e-79,1.0900594337861844e-94,3.064466081490332e-107,1.5204351038347027e-93,6.375207644039284e-25,1.4879592980184998e-18,2.410836206678264e-25,9.86620885620226e-18,6.549113425921936e-78,2.623829702529243e-74,1.826822432099202e-35,1.9028604050602674e-24,3.0013197015737395e-102,3.893144341106151e-99,4.2295051079484675e-74,1.8896946004152942e-66,2.6238297088313613e-74,2.797878549987586e-65,5.557939901205143e-47,1.483681553016891e-45,8.357214130962808e-38,2.773591647870293e-20,3.3899991827259155e-08,7.164203025911762e-30,8.936798574574114e-24,3.9358665561537635e-29,1.4016036552954084e-22,1.0451677627318995e-47,3.2878878046906476e-41,2.015114551078353e-31,0.00018232390186201123,0.4999999999993785,8.458703375036698e-13,0.2499999999990549,8.288778613613723e-13,1.2806964057998574e-21,2.0684565859212626e-47,2.5893642699979375e-46,8.171819238082754e-36,2.9072379109636785e-50,2.1812316946019863e-59,4.553499994905174e-48,5.797281708027118e-55,6.489394777059347e-61,4.072957592587025e-32,1.2755669764009352e-28,1.2315087016077183e-31,8.77626945898378e-21,0.0,8.140595372551085e-57,6.645307134142099e-72,2.0782153853901759e-19,7.32205398522094e-36,5.818108685353099e-33,2.0314940468803033e-85,3.0870235443130044e-30,8.172711836056744e-15,6.661353862958984e-37,6.575547607295656e-29,4.7557587892589936e-36,1.9476605723978102e-36,1.2043377844326993e-27,6.963520343052685e-53,1.324643936675462e-75,1.0537859202638259e-48,8.788621395344888e-37,0.10000000148993657,1.7959028035841808e-13,5.1955596729819964e-21,2.7509874187313756e-37,8.266292463564827e-65,2.579707059596655e-57,2.5250842222015934e-40,3.588863935007502e-54,1.2671353345158792e-29,2.220045511673282e-75,1.2677454397998916e-28,4.242923388408188e-28,4.483450864906339e-65,2.8767517214016003e-44,5.852079872121507e-53,2.2559999986648568e-06,1.3351434659002382e-15,6.179999999953897e-05,4.610220178931187e-16,1.9613004238279235e-41,2.4397808579677413e-33,3.0768200945662484e-40,8.90535428964171e-74,3.6634308176644597e-38,8.648240132400759e-23,5.518731558490459e-46,7.644794354809119e-30,-5.009472641516716e-105,1.327169970920477e-49,9.697116132113283e-38,1.3863676698206384e-48,3.949519324418428e-31,2.1959580380065571e-32,5.0587080580198706e-70,2.518406845496026e-40,2.065961131569507e-31,0.0003339999999935982,6.401584772514619e-15,3.951931403973552e-24,9.487181487837125e-32,4.540164813409126e-67,2.000593738519996e-42,3.8677465116436073e-48,4.3836283064275574e-60,4.717777713592183e-49,8.209835487903007e-70,2.229831407456009e-19,1.241964567777758e-21,5.910938504190538e-18,3.50999999999408e-06,1.2690974871773092e-51,8.980336103974765e-44,1.2722869523383158e-17,1.7799999999872658e-06,7.256634813956957e-42,4.474381223463608e-37,6.7788952840920376e-77,6.651050364269825e-55,0.0,0.0,1.8596446247824313e-29,1.0301195815168932e-20,4.304846842556015e-43,1.287383245981243e-21,2.7906556521046808e-59,4.470198677579544e-35,2.7906556521960582e-59,4.06162784789835e-78,3.935164063587249e-51,4.2707357260050283e-35,5.838311150437278e-25,1.5313479886670348e-31,1.84487727167035e-48,8.812347625903038e-42,2.690681742049639e-45,2.960519061052184e-39,6.903135743211422e-31,1.051203606058845e-55,8.530239177972804e-66
4.4219474047143965e-05,1.0000073252951633e-10,0.00017699999999925103,2.9921948848170436e-35,6.39376217639443e-29,2.4308229629115446e-42,1.2283940042284035e-33,-4.705617197605083e-52,1.5701944805283121e-40,-1.7157474992960677e-90,-1.29809966705373e-74,-2.634793066295984e-83,1.1867736859751713e-54,3.689485112149255e-45,-5.4067729747913025e-65,-5.1050609075070176e-52,6.300920760253011e-50,3.048240457085254e-106,-3.0308794164340416e-88,-4.498901293771435e-77,-5.327996096329628e-91,-7.005252208823032e-103,-9.93836841055877e-89,1.022124197488548e-24,2.1517140316475164e-18,3.4862760563630616e-25,1.4267366937486537e-17,-2.2826005754619488e-73,-1.0252874121660787e-70,5.524269220774041e-35,3.979184133455563e-24,5.44962552376438e-97,-7.912810383778809e-94,-9.625991649872299e-70,-5.445229903089413e-63,-1.0252874101723869e-70,-6.834481235733922e-63,-2.4878950854342677e-46,-6.641380589041275e-45,2.527216366972723e-37,4.021000774602288e-20,3.389998818152948e-08,1.1249599543336786e-29,1.2923366683036945e-23,7.326610397267823e-29,2.0268371562277376e-22,3.1530530895532125e-47,6.876526542624709e-41,2.914036013284352e-31,0.000182323902692625,0.49999999999910116,1.223199787045841e-12,0.2499999999986333,1.1986269312318351e-12,2.678140086054471e-21,-9.258646176182515e-47,-1.1590353275547082e-45,2.4711530294412933e-35,-1.3013616468523198e-49,-5.32741856022019e-57,-2.038196946094074e-47,-2.5982977760551732e-54,-1.5851941241991114e-58,8.517203536795803e-32,3.857307856377505e-28,2.5752809653851213e-31,1.269122388338288e-20,0.0,-3.643977156540755e-56,-1.623274001801076e-69,4.345879145239607e-19,-3.27754211520178e-35,1.2166592366145289e-32,-1.2233112867667364e-83,9.324047185931848e-30,1.1818427634389425e-14,1.7577619347700516e-36,1.375051687420336e-28,1.438138579592548e-35,4.0752336528254206e-36,2.518462193694486e-27,-3.1170741499636248e-52,-8.89590223493629e-72,3.186599870895092e-48,1.837877259656503e-36,0.10000000148985647,2.597026611925581e-13,1.0864740926003723e-20,5.752754854596231e-37,-3.700726130859286e-64,-6.653889050075692e-54,-1.1302943804513659e-39,-8.766637236279942e-52,2.649782101300075e-29,-4.40122975061969e-72,2.651057760337683e-28,8.868163059661373e-28,-1.0951908745818602e-62,8.699276842866407e-44,-1.4295053393818947e-50,2.2559999980692702e-06,1.930729828744626e-15,6.179999999933332e-05,6.666766157608403e-16,4.3725256497722284e-41,7.185357942725368e-33,-1.1284709200544361e-39,-3.690141932871286e-72,-1.3808063653988757e-37,1.8084846644005964e-22,-1.3480815564022642e-43,2.311781395047317e-29,-2.3223923527047292e-97,-3.241940190725826e-47,-4.340695917233689e-37,-3.3865311687738512e-46,8.259074541145744e-31,6.640418567905043e-32,3.0330739463427175e-66,7.6156442142886e-40,4.320254018885295e-31,0.0003339999999907424,9.257229196326952e-15,5.714826286007048e-24,2.8670499001888504e-31,-1.0966704211286449e-64,6.049781297024444e-42,1.1668184934580476e-47,-1.9677706549690207e-59,1.4265356145080102e-48,-3.430510544767406e-66,3.2245238947790176e-19,2.5971455607495404e-21,8.547714596858928e-18,3.5099999999914397e-06,2.2477558252059463e-51,2.7156472494031625e-43,1.8398340131177265e-17,1.7799999999815852e-06,1.517483982666282e-41,9.939752562986099e-37,-3.312985765425167e-73,2.0112345887222855e-54,0.0,0.0,3.8888133324978186e-29,1.4896392995411696e-20,1.30178325701115e-42,1.861664490375262e-21,-1.2491734323051265e-58,9.347896667426394e-35,-1.2491734345372196e-58,-2.727764370453876e-74,1.1899914530120253e-50,8.930945496119574e-35,8.442694238343409e-25,3.202292890262282e-31,5.578476256817154e-48,2.6648490179785145e-41,8.136602473756011e-45,8.430595782252468e-39,1.4435557176258267e-30,-2.8100622829355994e-55,-1.4914680029645226e-63
6.394508134679367e-05,1.0000105929933706e-10,0.00017699999999891693,4.326982340488955e-35,9.245948081586656e-29,5.0832423775329816e-42,2.5687729914695286e-33,-7.348666813756573e-51,4.7477326894622854e-40,-1.536933141240106e-89,-1.2196725568879075e-73,-2.4715112672202996e-82,3.586750193225873e-54,1.1156836568357315e-44,-5.032389670718712e-64,-6.884875765953993e-51,1.905334195082745e-49,3.0140740523812038e-105,-2.872074006053806e-87,-4.1873832242709375e-76,-4.9654855900056056e-90,-6.395571158927402e-102,-9.31836852331657e-88,1.687644266765156e-24,3.1115588592486397e-18,5.041457085335442e-25,2.0631810335005788e-17,-2.1446929816186923e-72,-9.465735870245882e-70,1.6705297495449375e-34,8.321107391314802e-24,7.691760443668766e-96,-7.138040216563253e-93,-8.862623996836984e-69,-5.058477432021133e-62,-9.465735846088968e-70,-6.312907563413301e-62,-3.356238908503331e-45,-8.959408715791491e-44,7.64229000794141e-37,5.835938782745743e-20,3.389998290949822e-08,1.8128080130839503e-29,1.8688283801786e-23,1.4013978401772254e-28,2.930977750912621e-22,9.487796459928212e-47,1.4383023725179186e-40,4.213965722378449e-31,0.00018232390389376235,0.49999999999870026,1.7688500214665317e-12,0.2499999999980236,1.7333149657231996e-12,5.600417059441598e-21,-1.2490322505062212e-45,-1.5635870774361848e-44,7.472754516830592e-35,-1.7555736804070322e-48,-4.920862553236882e-56,-2.7496182283878083e-46,-3.50375992037442e-53,-1.4642199745027468e-57,1.7810829630020333e-31,1.1664487923402931e-27,5.385322876341178e-31,1.8352577018634167e-20,0.0,-4.91582083924492e-55,-1.499393837716867e-68,9.087924492710564e-19,-4.421503830507281e-34,2.544228296366705e-32,-1.1613977253940607e-82,2.8172675590875357e-29,1.7090437826511182e-14,4.7788133470771434e-36,2.8754518507542893e-28,4.3489245293164366e-35,8.529111518399212e-36,5.266505608602834e-27,-4.205018559606142e-51,-8.29166144412948e-71,9.636000237464835e-48,3.8434040971957776e-36,0.10000000148974061,3.755519067947487e-13,2.2719897383553963e-20,1.202992384305921e-36,-4.992168649697221e-63,-6.070541771560378e-53,-1.524801048757566e-38,-8.097610724627908e-51,5.541117133185501e-29,-4.016954952770554e-71,5.543784230430443e-28,1.8538283777179183e-27,-1.0116113496473664e-61,2.6306555201088427e-43,-1.3204125278657158e-49,2.255999997208002e-06,2.791997839298386e-15,6.179999999903593e-05,9.640704460164437e-16,9.954135097295518e-41,2.1325899027528417e-32,-1.627329188564558e-38,-3.552025778087644e-71,-1.9593031192972833e-36,3.781829082798025e-22,-1.245202703548617e-42,6.990817738227643e-29,-2.2345468659640817e-96,-2.9945313458689667e-46,-5.85572447631742e-36,-3.128088031870519e-45,1.7271041525620945e-30,2.008029518855025e-31,3.2914467324491574e-65,2.3029655727433675e-39,9.034339695564842e-31,0.0003339999999866128,1.3386730084014096e-14,8.264121591348244e-24,8.666040583250406e-31,-1.01307626290479e-63,1.8294498280654168e-41,3.5110533489517655e-47,-2.6521799184888954e-58,4.313103290579079e-48,-3.18737705978599e-65,4.662932951472307e-19,5.431044360968549e-21,1.236071476682118e-17,3.5099999999876213e-06,-3.1345625104457497e-51,8.212098986287276e-43,2.660554825779948e-17,1.7799999999733705e-06,3.1733189398500263e-41,2.2548920002172157e-36,-3.0875693948753524e-72,6.081722703778907e-54,0.0,0.0,8.13212850169246e-29,2.1541431410451304e-20,3.936587760348146e-42,2.6921234622726683e-21,-1.6851714761727054e-57,1.954793791349298e-34,-1.6851714782344557e-57,-2.5424852588159866e-73,3.5985301318001696e-50,1.8676503303041175e-34,1.2208856752285091e-24,6.696505299033053e-31,1.6866654304339029e-47,8.058494002100747e-41,2.4605031229924606e-44,2.4402493932002146e-38,3.018705087589633e-30,-4.5906914178477387e-54,-1.3823489509407856e-62
9.246996977143298e-05,1.0000153183600226e-10,0.00017699999999843378,6.257217747113954e-35,1.3370483143312712e-28,1.0629908703383981e-41,5.3717299066545376e-33,-2.094844304943751e-50,1.4357220702785388e-39,-4.8741589739752184e-89,-4.239320295954324e-73,-8.566837939519933e-82,1.0845568587569458e-53,3.3738217174974655e-44,-1.6454130133196475e-63,-1.9672064658546905e-50,5.761729036718342e-49,1.1416493113888357e-104,-1.0137902842341122e-86,-1.369134469143967e-75,-1.697946686020521e-89,-2.1066655450320576e-101,-3.2271653852866366e-87,2.878713021272429e-24,4.499574464796343e-18,7.290389418351208e-25,2.9835327772165645e-17,-7.454492741442317e-72,-3.1801047318274935e-69,5.051656131788645e-34,1.7400759096625318e-23,4.279950566955027e-95,-2.296567435014035e-92,-2.967008472201795e-68,-1.718088899576341e-61,-3.180104720033773e-69,-2.070528170954503e-61,-9.588845603550706e-45,-2.5597217034307896e-43,2.3110226500188607e-36,8.483660734045313e-20,3.389997528569872e-08,3.0104738423415727e-29,2.7024847734413796e-23,2.7415251673466815e-28,4.238441835679293e-22,2.870111515073669e-46,3.0086605652950493e-40,6.093805746830632e-31,0.00018232390563070806,0.49999999999812045,2.5579063776326787e-12,0.24999999999714195,2.5065183619824596e-12,1.1711362437615223e-20,-3.5685110355912834e-45,-4.467200923468993e-44,2.2597552522172815e-34,-5.0157102285575254e-48,-1.6139599532526351e-55,-7.855715778887099e-46,-1.0011615729094686e-52,-4.802397225150888e-57,3.7245283417741497e-31,3.5273320555090704e-27,1.126156813390709e-30,2.6539369160363087e-20,0.0,-1.404460840169763e-54,-4.917761511448771e-68,1.900429400576272e-18,-1.263232144296418e-33,5.320386582092221e-32,-3.7822730910117786e-82,8.514544810584268e-29,2.471420473318145e-14,1.3328879817268438e-35,6.013026896761284e-28,1.3151114397690443e-34,1.7857359181340016e-35,1.1013101807255586e-26,-1.2013827230137888e-50,-2.8369566096306574e-70,2.9139200809763835e-47,8.037503863828008e-36,0.10000000148957308,5.43079666759087e-13,4.751090337914257e-20,2.5156506937171726e-36,-1.4262938686295921e-62,-1.9922079867605346e-52,-4.3563862672202335e-38,-2.6558806871311776e-50,1.15873602876952e-28,-1.318249654200429e-70,1.1592936073517051e-27,3.875716502679517e-27,-3.317916324634916e-61,7.955082498784193e-43,-4.33073169716413e-49,2.2559999959625362e-06,4.037463874866095e-15,6.179999999860588e-05,1.3941268974515493e-15,2.329899813749891e-40,6.36474432589212e-32,-4.644245501116639e-38,-1.1458329588674659e-70,-5.6074156839056236e-36,7.908405515566066e-22,-4.084057040689484e-42,2.1140178903439128e-28,-8.097090806924576e-96,-9.821562965273525e-46,-1.6729923013390924e-35,-1.0259606579151689e-44,3.6116501162502864e-30,6.072201875096271e-31,1.4207262114862755e-64,6.964150598607696e-39,1.8892243968367134e-30,0.00033399999998064096,1.9358333214194112e-14,1.1950619109339049e-23,2.6197869884346837e-30,-3.322589498859383e-63,5.532242515603973e-41,1.0621132740074307e-46,-7.579534917365117e-58,1.304294587784691e-47,-1.0836406039924318e-64,6.742993512699859e-19,1.1357176416484326e-20,1.7874633961100576e-17,3.509999999982099e-06,-7.34145825713855e-51,2.4833325586470978e-42,3.84738618559014e-17,1.7799999999614915e-06,6.635970269674828e-41,5.2485637414131395e-36,-1.0557904239652743e-71,1.8391062743930685e-53,0.0,0.0,1.7005576718504243e-28,3.115070898835192e-20,1.19042109348849e-41,3.89303694244907e-21,-4.814568600711184e-57,4.087784161400126e-34,-4.81456860747338e-57,-8.699006384667361e-73,1.0881927200837336e-49,3.9056974637014576e-34,1.7655055952552453e-24,1.4003461208825264e-30,5.100519971665348e-47,2.436882343447053e-40,7.440542939418306e-44,7.151031237377777e-38,6.312593427928326e-30,-1.3077122626186036e-53,-4.527567986666938e-62
0.00013371935932267675,1.0000221516379438e-10,0.00017699999999773515,9.048547696599342e-35,1.933498278691312e-28,2.2229031298814394e-41,1.1233192329511304e-32,-1.8557029599213932e-50,4.342008631399109e-39,-9.149365188548022e-89,-9.949347590832529e-73,-1.999092307557438e-81,3.280687516844869e-53,1.02025151710737e-43,-3.326484794440832e-63,-1.9118104706657293e-50,1.7423874957441872e-48,3.1397725991524513e-104,-2.455392544682735e-86,-2.767988150933714e-75,-3.847103892342402e-89,-4.3749273088499315e-101,-7.516833592357182e-87,5.079285815733153e-24,6.506760176776035e-18,1.0542555931848086e-24,4.314438152101427e-17,-1.7495100549665676e-71,-6.92303134275913e-69,1.5276134435347574e-33,3.6387752186861165e-23,1.7909174085538006e-94,-4.48718842135502e-92,-6.408007524998446e-68,-3.8342070004021026e-61,-6.923031298445763e-69,-4.232712591149021e-61,-9.311404972747026e-45,-2.4856567669463855e-43,6.988510258247518e-36,1.2360939251778613e-19,3.3899964261046006e-08,5.166863886123748e-29,3.9080238746872775e-23,5.4596292088228385e-28,6.129146381506136e-22,8.714723527111436e-46,6.2944357458853115e-40,8.812291529597135e-31,0.00018232390814247777,0.49999999999728195,3.698948681077486e-12,0.249999999995867,3.6246344953475136e-12,2.4490318458830413e-20,-3.4652345713527185e-45,-4.337920996108506e-44,6.833478315166902e-34,-4.870579453506402e-48,-3.299359818048268e-55,-7.628358879036868e-46,-9.732760940491461e-53,-9.817384986736526e-57,7.788582800997534e-31,1.0666612363362313e-26,2.354973268043484e-30,3.8378157578322776e-20,0.0,-1.363828118661849e-54,-1.0053219680759838e-67,3.974099358321435e-18,-1.226675031999378e-33,1.1125775346681568e-31,-7.511043884527741e-82,2.5737758825340772e-28,3.573880590024918e-14,3.7959686418748125e-35,1.2574193818662757e-27,3.976883995854772e-34,3.7408019380562425e-35,2.3030148535730232e-26,-1.166622458800165e-50,-6.436257601834317e-70,8.811842792104752e-47,1.6808713432467427e-35,0.10000000148933083,7.853389081779765e-13,9.935280037569991e-20,5.260641278757909e-36,-1.3851964127640091e-62,-4.0972697721491456e-52,-4.230318277997963e-38,-5.429327912916203e-50,2.4231020626139023e-28,-2.7106806216693983e-70,2.4242675827173217e-27,8.10338971254985e-27,-6.782708085013163e-61,2.4056104791592174e-42,-8.853168463814601e-49,2.2559999941614875e-06,5.8385125928599535e-15,6.179999999798398e-05,2.0160246015565456e-15,5.6331480021323675e-40,1.9070856976852292e-31,-4.321528560649654e-38,-2.2032363356276544e-70,-5.375591059760174e-36,1.6537730650307518e-21,-8.348904902383877e-42,6.392768219700194e-28,-2.0621165444132816e-95,-2.007790161942998e-45,-1.6245816715402446e-35,-2.0973379376543283e-44,7.552536154638622e-30,1.8362141082904144e-30,4.689153096126838e-64,2.1059536012305596e-38,3.950669214336762e-30,0.00033399999997200524,2.799376825880701e-14,1.7281608856478166e-23,7.920500254471624e-30,-6.791307217136189e-63,1.6729456417926037e-40,3.224969700944836e-46,-7.378552417616192e-58,3.944727229825959e-47,-2.4239275424425824e-64,9.750936152782892e-19,2.3749656885919654e-20,2.584822524430894e-17,3.5099999999741137e-06,5.288235514784874e-50,7.509577615134795e-42,5.563644196269641e-17,1.7799999999443132e-06,1.3877036475273368e-40,1.2588054126966966e-35,-2.3921292404297425e-71,5.56158816076356e-53,0.0,0.0,3.5561370718334935e-28,4.5046517956328184e-20,3.599820784302075e-41,5.6296587223145895e-21,-4.675248934849412e-57,8.548204453599713e-34,-4.675248948673141e-57,-1.9735609264999773e-72,3.290682982794055e-49,8.167868115198677e-34,2.55307418430775e-24,2.9283473050221557e-30,1.5425912153344195e-46,7.36910609414356e-40,2.2500141671949296e-43,2.1147323743967305e-37,1.320063874675433e-29,-1.1264147897943266e-53,-9.209830956668967e-62
0.00019336944850166022,1.0000320331329981e-10,0.00017699999999672483,1.3085157605740712e-34,2.796031771428132e-28,4.648520599490386e-41,2.349054361235668e-32,1.2083351839100018e-49,1.3131765392619418e-38,-3.896854708550834e-89,-1.5949116212804287e-72,-3.150697682663158e-81,9.925157597961176e-53,3.0852739742525244e-43,-2.792551284078398e-63,1.0167372271720888e-49,5.269144358886279e-48,7.198798002999984e-104,-4.294156217938453e-86,-2.3239629793037954e-75,-5.5178231413527294e-89,-4.335786329608445e-101,-1.178148985175941e-86,9.261465404329594e-24,9.409316143468168e-18,1.5245509083499472e-24,6.239037857521658e-17,-2.804518977812488e-71,-8.554284016289119e-69,4.619482528745769e-33,7.609256317415905e-23,6.569923874251097e-94,-2.947734445638708e-92,-7.660351593343901e-68,-5.2136923039652104e-61,-8.554283867011553e-69,-3.8200041212779484e-61,4.960782732466637e-44,1.3242720802947336e-42,2.1133183168848954e-35,1.806912643095504e-19,3.389994831847659e-08,9.172813240575003e-29,5.651338624688051e-23,1.1021697336282455e-27,8.863267287224631e-22,2.649362035159822e-45,1.3171279978410461e-39,1.2743650335933955e-30,0.00018232391177470814,0.4999999999960695,5.348992725643109e-12,0.2499999999940233,5.241522324144232e-12,5.121313767765687e-20,1.8461851647144586e-44,2.3111225548740737e-43,2.0664368856694206e-33,2.594879365946957e-47,-2.9776269300933815e-55,4.064192496824184e-45,5.172427805759143e-52,-8.860159040912773e-57,1.628717010601413e-30,3.225570306985171e-26,4.924624045765277e-30,5.549803771679016e-20,0.0,7.265945655409067e-54,-9.072994765167019e-68,8.31047081652072e-18,6.535369656273684e-33,2.326576636749005e-31,-5.518207785439933e-82,7.78095096654337e-28,5.168129151119167e-14,1.098823594304719e-34,2.6294631689827646e-27,1.2026054953503455e-33,7.842407233417829e-35,4.8159702809146975e-26,6.215344249536302e-50,-9.272896887509479e-70,2.66476370791961e-46,3.515276610630184e-35,0.1000000014889805,1.1356661617922651e-12,2.0776232425807663e-19,1.1000901762413051e-35,7.377807871837346e-62,-3.846707379504212e-52,2.2537876449856075e-37,-4.899935607346206e-50,5.0670936116212345e-28,-2.5419295149454637e-70,5.0695294919999216e-27,1.6943524128280687e-26,-6.1213687791359796e-61,7.274546038963542e-42,-7.989924150011605e-49,2.255999991557019e-06,8.442980634121039e-15,6.179999999708466e-05,2.9153407711023617e-15,1.4100718890749484e-39,5.730186491492785e-31,2.534053925681607e-37,-1.2039084457957109e-70,2.9545499335590546e-35,3.458301295593574e-21,-7.534857419716231e-42,1.933165928266329e-27,-4.0667174152594475e-95,-1.8120236531380546e-45,8.65524564258984e-35,-1.892839875927347e-44,1.5793557096021684e-29,5.552662520325101e-30,1.388944332797817e-63,6.368386623297861e-38,8.261478596947073e-30,0.0003339999999595172,4.0481322241154946e-14,2.499067720034194e-23,2.3947931056726766e-29,-6.123750780894475e-63,5.058973691032514e-40,9.804225268290626e-46,3.909285545585283e-57,1.1931000241050943e-46,-3.323949688947403e-64,1.410067437003319e-18,4.9664289786502234e-20,3.737870942870356e-17,3.509999999962566e-06,4.565273339049661e-49,2.2708900712221197e-41,8.045497673260747e-17,1.7799999999194718e-06,2.901959370414566e-40,3.1199730859529973e-35,-3.430903398871418e-71,1.6818799497950365e-52,0.0,0.0,7.436449162375607e-28,6.51409955125079e-20,1.0885816501955818e-40,8.140959584490107e-21,2.4908245448260858e-56,1.7875646460245926e-33,2.4908245435785034e-56,-2.8433682349578935e-72,9.950986242023025e-49,1.70816209286793e-33,3.691969556094226e-24,6.123642026834918e-30,4.665565655307654e-46,2.2284090531301957e-39,6.804024216437675e-43,6.295114551246516e-37,2.7604638650717835e-29,7.7660007669647185e-53,-8.054055826199157e-62
0.0002796284980965741,1.0000463226066279e-10,0.00017699999999526385,1.8922709712300057e-34,4.043365632603083e-28,9.721054285645413e-41,4.9122918553474876e-32,8.78232638603329e-49,3.971489244722309e-38,5.870709702322531e-88,-4.5833290944734115e-73,-6.060230738535296e-82,3.0026733615154502e-52,9.32996441420377e-43,1.3331364667490926e-62,7.696839231784234e-49,1.5934367913340667e-47,1.4099208258205914e-103,-3.223343819473658e-86,1.1091563009877596e-74,2.021677602842801e-89,1.3626899945079283e-100,-1.8958272468673285e-87,1.7400339452987467e-23,1.360664902577959e-17,2.2046480523797678e-24,9.022167912972612e-17,-8.05937350208943e-72,1.167325176486487e-68,1.3969258875832638e-32,1.5912159680579247e-22,2.243645252248772e-93,2.2735971754827155e-91,1.2307816363660543e-67,3.684192662151807e-61,1.1673252242406255e-68,1.5393170200873434e-60,3.753899091158542e-43,1.0020961005804605e-41,6.390653109748724e-35,2.6535513673048685e-19,3.389992526419262e-08,1.682193970417138e-28,8.172326308971186e-23,2.247658219283171e-27,1.2817042506426843e-21,8.05233095217273e-45,2.756929118726413e-39,1.8429247977422405e-30,0.00018232391702721897,0.49999999999431616,7.73509703997133e-12,0.2499999999913572,7.579673593918964e-12,1.0709476730810336e-19,1.3970308242991274e-43,1.748855740621798e-42,6.248884338177529e-33,1.963582786350077e-46,1.1999011658491391e-54,3.075423175075578e-44,3.9162108175678586e-51,3.5702956217833904e-56,3.4059076361721914e-30,9.754085142646454e-26,1.029817248541451e-29,8.02548162217305e-20,0.0,5.498257619132323e-53,3.6560643528065234e-67,1.73785057409844e-17,4.945398498743674e-32,4.865241574055916e-31,3.475152281255922e-81,2.352508191271824e-27,7.47354349379831e-14,3.22021129283066e-34,5.498622995424228e-27,3.6366663995670396e-33,1.6459592180832512e-34,1.0070958820175009e-25,4.70324503431713e-49,3.139476984638114e-70,8.058427303270673e-46,7.351932505736819e-35,0.10000000148847388,1.6422688569254495e-12,4.344634756121623e-19,2.3004858202684612e-35,5.583238250482137e-61,1.4013401143584512e-51,1.705470769985933e-36,1.974496887359524e-49,1.05961032794263e-27,9.288804002364008e-70,1.0601192835967178e-26,3.5428777821747705e-26,2.466674732375383e-60,2.1998166853352487e-41,3.21965731477225e-48,2.2559999877907393e-06,1.2209260643535323e-14,6.179999999578416e-05,4.215827113669223e-15,3.653918554727575e-39,1.725102303197322e-30,1.8794421877163614e-36,1.2631172876342034e-69,2.221299704392475e-34,7.231853801512094e-21,3.0362541355023056e-41,5.845872353673075e-27,-5.3966282031667773e-95,7.301749029589303e-45,6.549545312503478e-34,7.627410243810551e-44,3.302684559885198e-29,1.679113043068014e-29,3.9391973343111785e-63,1.9257949707695716e-37,1.7276067134425632e-29,0.00033399999994145844,5.853935142536334e-14,3.6138656595360963e-23,7.241080703159582e-29,2.4729685802540552e-62,1.529829449913313e-39,2.979844072947207e-45,2.961867871008388e-56,3.608555903771541e-46,2.1656429030234295e-64,2.0390761913686526e-18,1.0385585989857876e-19,5.405276019743039e-17,3.5099999999458677e-06,2.2401609651113967e-48,6.867152902353609e-41,1.1634466566962145e-16,1.7799999998835494e-06,6.068610315854115e-40,7.998891631279171e-35,1.257541317501841e-71,5.086168464149613e-52,0.0,0.0,1.5550799580400292e-27,9.419923488260144e-20,3.2918585301773477e-40,1.1772511166713914e-20,1.8848412080015807e-55,3.738079076706101e-33,1.884841208504312e-55,9.626420264720929e-73,3.009166599199434e-48,3.572434358573993e-33,5.338918377036844e-24,1.2805514652884638e-29,1.4110900143464513e-45,6.738683273931622e-39,2.0575313137686917e-42,1.882763795188598e-36,5.772569585290563e-29,5.586328732004056e-52,3.5011119169108156e-61
0.0004043663440818802,1.00006698638837e-10,0.00017699999999315117,2.7364997705132735e-34,5.847203662990388e-28,2.0328354891985643e-40,1.0272519285543972e-31,1.1890481327577723e-49,1.2007505161523834e-37,-4.404871651202622e-83,-3.722408265988233e-68,-8.970547839245953e-77,8.971213744996785e-52,2.821288096276273e-42,-1.7746203981116626e-60,3.707110398216363e-50,4.818274104956406e-47,9.273514695428935e-98,-1.0332910453249499e-80,-1.485878418575404e-72,-1.8037453774823457e-85,-2.326653388921688e-96,-3.2437774585734887e-82,3.354264512391433e-23,1.9676330288790442e-17,3.1881501541444162e-24,1.3046801723434995e-16,-6.545554899117714e-67,-3.4949759178848957e-65,4.2242957723398854e-32,3.3274837356591506e-22,1.7552489951905552e-88,-2.7122511512449048e-86,-3.076396886698509e-63,-1.784612405483735e-57,-3.494975853311099e-65,-2.281258492890795e-58,2.5724340574732514e-44,6.869894420862603e-43,1.9325315342744017e-34,3.9221672323697448e-19,3.389989192578529e-08,3.176484822163361e-28,1.1817903048809931e-22,4.6175712306890326e-27,1.8534547353385688e-21,2.414748299226575e-44,5.773042903507268e-39,2.6652508458909488e-30,0.00018232392462279168,0.4999999999917807,1.1185608360899556e-11,0.24999999998750178,1.0960827464321892e-11,2.239520258584114e-19,9.572735040338139e-45,1.1982483433055718e-43,1.8896606029623025e-32,1.3463851163996623e-47,-1.7780777257522956e-52,2.1077748843178392e-45,1.5726200677068285e-52,-5.290885705833628e-54,7.122293578177726e-30,2.9496356343499195e-25,2.1535115925354294e-29,1.160551825917278e-19,0.0,3.764190798498607e-54,-5.417797535609259e-65,3.6341184872174795e-17,3.39627821129688e-33,1.0173992490184144e-30,-2.3042286542803463e-78,7.113049415582536e-27,1.0807359855147575e-13,9.523305639067897e-34,1.1498486141852812e-26,1.0997269946720965e-32,3.4600384492443153e-34,2.1059971933314514e-25,3.2228236723322226e-50,-3.0285940128175105e-66,2.436358501063861e-45,1.5376837306524458e-34,0.10000000148774131,2.3748589939039124e-12,9.08530375720201e-19,4.8106712516815647e-35,3.356325675875692e-62,-2.2716467695777924e-48,1.170934801938442e-37,-2.9258873679443396e-47,2.2158149471152956e-27,-1.46069164448778e-66,2.2168779669678506e-26,7.408311377193164e-26,-3.655335415282852e-58,6.652232207285257e-41,-4.770957277321316e-46,2.2559999823443814e-06,1.7655618555606153e-14,6.179999999390354e-05,6.096438711227485e-15,9.665774344128417e-39,5.20061146782691e-30,2.0406752172517727e-37,-1.1391421437643208e-67,1.725586364027589e-35,1.5122942473263135e-20,-4.4993348779162e-39,1.767790869550003e-26,-7.872334359091025e-88,-1.082064246101798e-42,4.4931346769080463e-35,-1.1302767804792069e-41,6.906439896745275e-29,5.077623507898165e-29,1.005063347814789e-59,5.8235915248680246e-37,3.612700550657579e-29,0.0003339999999153441,8.465272940648631e-14,5.2259610143126215e-23,2.189545428877856e-28,-3.659612019862716e-60,4.626194884079468e-39,8.936014198950124e-45,-1.2999351658787824e-59,1.0908855031754372e-45,-1.1533550579893003e-60,2.9486757868268827e-18,2.171788949953763e-19,7.816484132223218e-17,3.5099999999217196e-06,2.5424277419589318e-48,2.076622754500928e-40,1.6824417398338983e-16,1.7799999998316025e-06,1.2690887122615043e-39,2.1185910500206573e-34,-1.1154453519495331e-67,1.5373406106373143e-51,0.0,0.0,3.251919758222174e-27,1.3621975574585183e-19,9.954576541792579e-40,1.70240386671961e-20,1.2933152042623798e-56,7.816908470450842e-33,1.2933144592839236e-56,-9.287074993106083e-69,9.09971804878408e-48,7.471724557240125e-33,7.720566436691515e-24,2.677838148729058e-29,4.2660109206218486e-45,2.0377772513089886e-38,6.221961930943442e-42,5.6498154222053255e-36,1.2071361962307364e-28,9.533788823687588e-53,-4.940943387967988e-59
0.0005847477683396706,1.000096867956324e-10,0.00017699999999009602,3.9575082705936735e-34,8.455917611344228e-28,4.250110579440027e-40,2.1481863995779195e-31,-5.149334826408073e-47,3.626468036166312e-37,-7.783312504451321e-82,-6.903629296389505e-67,-1.6590711173372452e-75,2.5452671057186725e-51,8.529939220457276e-42,-3.3312777243839805e-59,-4.66830066843354e-47,1.4565036066092038e-46,1.7955733339629748e-96,-1.9280468508645825e-79,-2.7889818962250432e-71,-3.3222169914598805e-84,-4.200850177166864e-95,-5.999100693324591e-81,6.60300345490339e-23,2.845356813492952e-17,4.6104351107171646e-24,1.8866747365388494e-16,-1.2139475955386905e-65,-6.385921126141924e-64,1.2774332416129927e-31,6.958291320031426e-22,4.77243531559741e-87,-4.8479984831400955e-85,-5.597231479771164e-62,-3.2785044344339958e-56,-6.385920974692738e-64,-4.2715990699617656e-57,-2.262826209049591e-41,-6.040518948570839e-40,5.844018354803606e-34,5.849341405748863e-19,3.3899843715700236e-08,6.149079309376034e-28,1.7089748070200695e-22,9.536601737950867e-27,2.6802567983563726e-21,6.888643848982453e-44,1.20959887877306e-38,3.8547935671750516e-30,0.00018232393560662906,0.4999999999881142,1.6175345783410196e-11,0.24999999998192654,1.5850240338309486e-11,4.683187665052816e-19,-8.421218854339463e-42,-1.0542018332028198e-40,5.714373690758717e-32,-1.1836203996857969e-44,-3.329409280374101e-51,-1.8538388944003865e-42,-2.3810093054688676e-49,-9.907048789456624e-53,1.4893787398773597e-29,8.919831077191587e-25,4.5033346976432315e-29,1.6782548571204024e-19,0.0,-3.3143802095747457e-51,-1.0144700141636483e-63,7.599508672210187e-17,-2.980919890398412e-30,2.1275430375469575e-30,-4.285828491112878e-77,2.1508069258423136e-26,1.5628324651716333e-13,2.8349818192754794e-33,2.4045133939151597e-26,3.325602874865419e-32,7.289779727457478e-34,4.403973305898768e-25,-2.8350889195740477e-47,-5.5775993098473434e-65,7.359396286094022e-45,3.2163369338963173e-34,0.10000000148668192,3.4342459927158002e-12,1.8998757624110775e-18,1.0058846453335487e-34,-3.3741566787919312e-59,-4.1103177268106575e-47,-1.0280060267607473e-34,-5.4786552775850394e-46,4.633624803432142e-27,-2.643306107325155e-65,4.6358438532693533e-26,1.5491362032130904e-25,-6.844526500979999e-57,2.0116361454376324e-40,-8.93350705743835e-45,2.2559999744684895e-06,2.5531510543030986e-14,6.179999999118401e-05,8.815959040699061e-15,2.4943845642402944e-38,1.5693240913428303e-29,-1.1152494901612307e-34,-2.1636038678231163e-66,-1.333764751783122e-32,3.162443301390603e-20,-8.424899415371653e-38,5.34585669063446e-26,-1.4888811311917073e-86,-2.0261371794482095e-41,-3.947933519410297e-32,-2.1164172339943807e-40,1.4442466746852035e-28,1.5354883236164028e-28,2.1207655449164975e-58,1.7610536447929566e-36,7.554731266890902e-29,0.0003339999998775805,1.2241476286885579e-13,7.557194329536593e-23,6.620929569512231e-28,-6.8527435394189895e-59,1.3989620761120434e-38,2.549213310721909e-44,-1.8227554987403626e-54,3.29204462506504e-45,-2.1187077607432544e-59,4.264033348895806e-18,4.541548913031285e-19,1.1303294070195207e-16,3.5099999998867994e-06,-7.891900106915162e-47,6.279708989957047e-40,2.4329522573093056e-16,1.7799999997564832e-06,2.6540045021355332e-39,5.778674550267262e-34,-2.0543342424198462e-66,4.637688866557345e-51,0.0,0.0,6.800281590247598e-27,1.9698467493991063e-19,3.0102993434808746e-39,2.461818578790825e-20,-1.136139200035897e-53,1.6346369106680046e-32,-1.1361392139854459e-53,-1.710351635678292e-67,2.751790354709792e-47,1.5628180205874863e-32,1.1164674832291224e-23,5.5997891574486e-29,1.2877570971804455e-44,6.16231449466186e-38,1.881521967285988e-41,1.6993761994247045e-35,2.5243138329101733e-28,-3.2333474580826655e-50,-9.262066492026318e-58
0.0008455944902006664,1.0001400792193359e-10,0.00017699999998567803,5.723683225623484e-34,1.2228865396192713e-27,8.886605316770884e-40,4.492320610778729e-31,-1.818688549110032e-46,1.0964091035900167e-36,-2.8512854467891545e-81,-2.768338453669649e-66,-6.62069158460296e-75,7.539405073845086e-51,2.579346323130875e-41,-1.2699798329239762e-58,-1.6479943089844319e-46,4.4041755111814e-46,7.732933666286935e-96,-7.815723108534642e-79,-1.0635382585968071e-70,-1.311369742114009e-83,-1.6039988801856326e-94,-2.3938512191578556e-80,1.3213168266536394e-22,4.114612562697744e-17,6.66732202341076e-24,2.728285019046214e-16,-4.867900355086021e-65,-2.4816832402180726e-63,3.8629524530955547e-31,1.4550873336970012e-21,2.9774114988440702e-86,-1.816877442750641e-84,-2.168090555113983e-61,-1.287367313326729e-55,-2.481683157107113e-63,-1.6287589324580097e-56,-7.984138479633713e-41,-2.131330521754166e-39,1.7672296732983013e-33,8.829941044597908e-19,3.3899773999980756e-08,1.2145187699273932e-27,2.4713351238879987e-22,1.9769870659660528e-26,3.875887899395668e-21,2.062158084866891e-43,2.536637088879612e-38,5.576077390016199e-30,0.0001823239514901822,0.49999999998281214,2.3390942027150954e-11,0.24999999997386424,2.2920700628667357e-11,9.79327318916756e-19,-2.9713374821590134e-41,-3.719639431762022e-40,1.7280250584277181e-31,-4.1762727899800575e-44,-1.2694970768526048e-50,-6.54107100699911e-42,-8.407052632558718e-49,-3.777538837027376e-52,3.1145190601944073e-29,2.6973580456580572e-24,9.417186673196369e-29,2.4268961799300197e-19,0.0,-1.1694452648326617e-50,-3.8681542463899906e-63,1.5891746537076005e-16,-1.051781554142134e-29,4.449028681453607e-30,-1.704517339432725e-76,6.503628539274964e-26,2.2599815692753533e-13,8.479130026659797e-33,5.0282106501973287e-26,1.0056616686118834e-31,1.5408915253101383e-33,9.209402509199278e-25,-1.0003306695759238e-46,-2.201344138484576e-64,2.2247777621017753e-44,6.728355293822203e-34,0.10000000148514995,4.966208759573925e-12,3.972924677061192e-18,2.1033293395064704e-34,-1.1908521766012696e-58,-1.56622538586993e-46,-3.6271966451681825e-34,-2.0889974773989544e-45,9.68965572361114e-27,-1.0072587062891692e-64,9.694284335743835e-26,3.23940308452514e-25,-2.6098041674519395e-56,6.083175745519495e-40,-3.406322293948701e-44,2.2559999630792866e-06,3.692071333259096e-14,6.179999998725133e-05,1.2748609465394137e-14,6.879237949755545e-38,4.7385990349502603e-29,-3.936191274554726e-34,-8.246199851706854e-66,-4.706438920444306e-32,6.613157797413035e-20,-3.2123977258395693e-37,1.6165866052242253e-25,-6.1745820607998604e-86,-7.72562086110267e-41,-1.392983181865026e-31,-8.069857186125327e-40,3.0201500068021363e-28,4.643310601028463e-28,1.031779546342734e-57,5.325415040354713e-36,1.5798142848712124e-28,0.0003339999998229713,1.7702161365185525e-13,1.0928370115176584e-22,2.0021002241950655e-27,-2.612933144192504e-58,4.2304529820277983e-38,7.631228619919054e-44,-6.442277154419453e-54,9.951501700422318e-45,-8.320212805237676e-59,6.1661510691394125e-18,9.49707857220553e-19,1.6345514845033628e-16,3.5099999998363027e-06,-2.8218658096311003e-46,1.8989801783627055e-39,3.5182535183719536e-16,1.7799999996478542e-06,5.550362971724699e-39,1.616160647239804e-33,-8.107840079101335e-66,1.4014219745791981e-50,0.0,0.0,1.4220469740473983e-26,2.8485525453366563e-19,9.103144265523062e-39,3.559995406353409e-20,-4.008735755667144e-53,3.418276491721789e-32,-4.0087358088564997e-53,-6.750353028009609e-67,8.321414803272523e-47,3.269194203329929e-32,1.6145239228560845e-23,1.1710059969311559e-28,3.893021014224206e-44,1.86348389113897e-37,5.689711056382266e-41,5.119815007932816e-35,5.278741454281493e-28,-1.1417462532197312e-49,-3.531321775144389e-57
0.0012228008050171417,1.0002025663440711e-10,0.00017699999997928926,8.279092591527387e-34,1.7686222757513185e-27,1.858673646005135e-39,9.39453468913081e-31,-2.6136119797239107e-46,3.318086680258257e-36,-5.931888208608614e-81,-7.084281749088108e-66,-1.6780058712814998e-74,2.3365209443672784e-50,7.800724889007486e-41,-2.8969570015386677e-58,-2.3803581044893005e-46,1.3321149381731155e-45,2.2484308519198487e-95,-2.042775863591089e-78,-2.4277320755990448e-70,-3.2494021656520315e-83,-3.697219116054727e-94,-6.066409144077509e-80,2.677078417057696e-22,5.95004915497094e-17,9.642118235629918e-24,3.9453183797366536e-16,-1.2457140294522197e-64,-5.948224934301455e-63,1.1681482010776354e-30,3.0428125972199977e-21,1.3000199426891344e-85,-4.00633767832142e-84,-5.161727570972897e-61,-3.15509185605708e-55,-5.948224608370936e-63,-3.718509047879471e-56,-1.1486515229967248e-40,-3.066257473112891e-39,5.344057323984851e-33,1.3545287854075073e-18,3.3899673185436116e-08,2.4365907055226774e-27,3.573787269764269e-22,4.1092502572610065e-26,5.604883082441885e-21,6.465594181371583e-43,5.326310858816231e-38,8.068384056008572e-30,0.0001823239744591366,0.49999999997514494,3.382533488048714e-11,0.24999999996220543,3.314509294774247e-11,2.047923858806242e-18,-4.274773960578261e-41,-5.351338817689344e-40,5.225504694195559e-31,-6.00821689322347e-44,-2.8982728541523226e-50,-9.410416218607274e-42,-1.2161894471732292e-48,-8.624161328088031e-52,6.512969545690685e-29,8.156704214342185e-24,1.9692826212954816e-28,3.509492799547365e-19,0.0,-1.6824638069503222e-50,-8.831032157534025e-63,3.3232061730225316e-16,-1.5131189780073599e-29,9.303619213494999e-30,-4.285888018284043e-76,1.9665964025133588e-25,3.268111614367046e-13,2.54444911813045e-32,1.0514759267509295e-25,3.041092943254994e-31,3.272366855570533e-33,1.925830535275148e-24,-1.4391435734651435e-46,-5.4531964526696324e-64,6.730789828715309e-44,1.407789280257491e-33,0.1000000014829346,7.181555862730216e-12,8.307963159917116e-18,4.398724057172374e-34,-1.716500143249447e-58,-3.59109313581026e-46,-5.2181933237677206e-34,-4.7691840586897616e-45,2.0262637714989992e-26,-2.3096143847708074e-64,2.027228127807127e-25,6.773977881672267e-25,-5.958205898136318e-56,1.839544406343831e-39,-7.776629938224493e-44,2.2559999466095407e-06,5.339045933398964e-14,6.179999998156432e-05,1.8435542802037813e-14,2.0403800694924922e-37,1.4314600039372554e-28,-5.651562421126491e-34,-1.8764418942101372e-65,-6.768572130078682e-32,1.3829120945843502e-19,-7.333934685786024e-37,4.888506633173419e-25,-1.683445511449781e-85,-1.7637666430424802e-40,-2.004009007779507e-31,-1.842355783237829e-39,6.3156150386040964e-28,1.4041206565508757e-27,3.558059710182558e-57,1.6103993485144077e-35,3.3036421298077257e-28,0.00033399999974400186,2.5598723933315717e-13,1.5803407915628134e-22,6.0541446249698854e-27,-5.965297647206829e-58,1.2792834829133386e-37,2.39265800180796e-43,-9.391387712222222e-54,3.013005308627497e-44,-2.0395207909419457e-58,8.916773336492937e-18,1.985983207672616e-18,2.3636990743558137e-16,3.5099999997632796e-06,-3.7054436529206294e-46,5.7424922428416946e-39,5.087690246453795e-16,1.7799999994907675e-06,1.160795356501953e-38,4.61269106703873e-33,-2.008406861458111e-65,4.2418899857873823e-50,0.0,0.0,2.97372596717247e-26,4.1192223704711417e-19,2.752760152397605e-38,5.14804993153516e-20,-5.767133330730203e-53,7.148131200365397e-32,-5.767133452161998e-53,-1.6722092723853315e-66,2.5163659802129528e-46,6.83971022442328e-32,2.334775064082924e-23,2.448762676699591e-28,1.178518408794342e-43,5.635110474563001e-37,1.7205614062063945e-40,1.544234276290147e-34,1.103868629610605e-27,-1.6341554036968614e-49,-8.059046464765697e-57
0.0017682728850275922,1.0002929279888065e-10,0.00017699999997005056,1.1978322989587485e-33,2.5581625739183952e-27,3.889208101509365e-39,1.9646632478914267e-30,5.3392989793708825e-46,1.004559050102751e-35,-4.416963463934708e-81,-1.2863801407359224e-65,-2.9712813965242753e-74,7.375104507450406e-50,2.3593141410533236e-40,-3.60179114830435e-58,4.748369341793295e-46,4.0296677154459094e-45,5.3379127209718745e-95,-3.908209310839053e-78,-3.027321050789592e-70,-5.403868463884289e-83,-4.816052630310171e-94,-1.073826444312825e-79,5.473833075055915e-22,8.604215567976915e-17,1.3944883729622957e-23,5.705238623673878e-16,-2.2619966086580285e-64,-8.924750585113858e-63,3.532445700776416e-30,6.3629850936980905e-21,4.86619550877252e-85,-4.280256284761373e-84,-7.573019478082479e-61,-5.079379376524173e-55,-8.924749465932896e-63,-4.640771092456842e-56,2.331734029981758e-40,6.224577643053334e-39,1.6160242622701183e-32,2.12113075407325e-18,3.389952739964945e-08,4.946176507523607e-27,5.16805714966922e-22,8.557105672094539e-26,8.105180688298768e-21,2.0606344927291503e-42,1.120430836052866e-37,1.1681775807812578e-29,0.00018232400767417711,0.49999999996405753,4.891441495307747e-11,0.2499999999453458,4.7930240018665194e-11,4.2825180627902495e-18,8.6776039549638e-41,1.0862936057276703e-39,1.580174876160688e-30,1.2196958635429687e-43,-3.616943419336596e-50,1.9102964276300905e-41,2.4094981968116656e-48,-1.0762692345927335e-51,1.3619786900183338e-28,2.4665416489162072e-23,4.1180801504289925e-28,5.075014982732606e-19,0.0,3.415167449627127e-50,-1.1020832705476008e-62,6.949319496422095e-16,3.071986192339794e-29,1.9455323664674183e-29,-7.424773796376089e-76,5.946744145939578e-25,4.725939469088231e-13,7.653314648334059e-32,2.198794474778718e-25,9.196148636788314e-31,6.995170493059906e-33,4.0272115704892366e-24,2.921416664648378e-46,-9.061923248002355e-64,2.0369947353059777e-43,2.9463473202920115e-33,0.10000000147973101,1.0385134235085161e-11,1.7373106974936247e-17,9.200971288931958e-34,3.4556753021002375e-58,-4.577751055354194e-46,1.0593992052076261e-33,-5.951694862655121e-45,4.237247487336011e-26,-2.9448711856840962e-64,4.239253344749615e-25,1.4165268205494107e-24,-7.435635187697886e-56,5.5627529699091654e-39,-9.704787048812452e-44,2.255999922792901e-06,7.720709861319931e-14,6.179999997334039e-05,2.6659305774459614e-14,6.294995099891702e-37,4.325569666570002e-28,1.1581375786683465e-33,-2.30635781269565e-65,1.376393433460873e-31,2.8918756584090714e-19,-9.152509265779292e-37,1.4782627815090342e-24,-3.5381045870482585e-85,-2.2011231805148635e-40,4.068351661198646e-31,-2.2991977041930496e-39,1.320695758102934e-27,4.245993535041235e-27,1.0734203366362301e-56,4.869825592103183e-35,6.908438142725357e-28,0.00033399999962980577,3.7017718359046375e-13,2.285319372285999e-22,1.8307166314959976e-26,-7.444193495311975e-58,3.868532967835961e-37,7.625577006753333e-43,1.7973242599599982e-53,9.128317576265662e-44,-3.285368867645715e-58,1.2894404537179503e-17,4.152985343321655e-18,3.418107915408619e-16,3.509999999657682e-06,1.093744073985031e-45,1.7365209464972508e-38,7.357227343194491e-16,1.779999999263607e-06,2.4277891747525156e-38,1.3374613390467778e-32,-3.337115618697176e-65,1.2848840058773714e-49,0.0,0.0,6.218532168786713e-26,5.956691299088784e-19,8.324216640232734e-38,7.444507094775869e-20,1.1708039956434755e-52,1.4947791518581846e-31,1.1708039804891931e-52,-2.7788338853354356e-66,7.609363499536353e-46,1.4312915695993047e-31,3.3763598415982824e-23,5.120760561652531e-28,3.5696637215626014e-43,1.7040298560805394e-36,5.202951229184357e-40,4.661395064526618e-34,2.308364187257805e-27,3.3986584803937197e-49,-1.0040697965294279e-56
0.0025570714241392473,1.0004235985388165e-10,0.00017699999995669062,1.7338962375339137e-33,3.7008899505594725e-27,8.142728080580215e-39,4.108780134866815e-30,5.650481629020267e-45,3.0413514790264465e-35,2.883431163104907e-80,-1.0569414229268702e-65,-2.0546847770157798e-74,2.3287407373242803e-49,7.135719954926628e-40,5.5296408952254245e-58,5.076890444041017e-45,1.2189841196304642e-44,1.0798412512464316e-94,-4.227304558993931e-78,4.581013845093667e-70,-1.902730324407927e-83,5.736897850142483e-94,-7.406496119053959e-80,1.1266836443615502e-21,1.2442302150074097e-16,2.0169648572056722e-23,8.250205430447857e-16,-1.8585494273698735e-64,2.254357991124075e-63,1.0682011455563646e-29,1.3305952310050395e-20,1.6799144641812442e-84,1.1781962241520616e-83,2.972627908752463e-61,-8.53131716062224e-56,2.2543616048982372e-63,6.992596594688009e-56,2.4740961590479922e-39,6.604544418074138e-38,4.8868005627964506e-32,3.4068714393084046e-18,3.389931658224026e-08,1.0127772455462005e-26,7.473571003891782e-22,1.7842469024051345e-25,1.1720873842438347e-20,6.552753160360185e-42,2.3630407651763915e-37,1.693450554412706e-29,0.00018232405570591976,0.49999999994802435,7.073464064105736e-11,0.24999999992096528,6.931042070052247e-11,8.955375954820095e-18,9.207445459180353e-40,1.1526232522794051e-38,4.778394848421589e-30,1.2941436715094406e-42,5.451088562912625e-50,2.0269255908290977e-40,2.5839821847035027e-47,1.6220135266558314e-51,2.848169117423705e-28,7.458682813774022e-23,8.611550744717674e-28,7.338884196186085e-19,0.0,3.6237664161505346e-49,1.6609382060337454e-62,1.4532030907814567e-15,3.25936283749528e-28,4.068410080092298e-29,-4.269636222830434e-76,1.7982382609322238e-24,6.834053975038609e-13,2.305761873699768e-31,4.598001610687533e-25,2.780879923820035e-30,1.5089068341902254e-32,8.421519954948217e-24,3.099785542623545e-45,-3.152103591331591e-64,6.164925919556019e-43,6.16876630406972e-33,0.10000000147509834,1.501777819967268e-11,3.632942691616985e-17,1.925109464841922e-33,3.6799463815077927e-57,6.1672314317219646e-46,1.1240250944047327e-32,8.970387070980331e-45,8.860780901836649e-26,3.9624193204406236e-64,8.864942916644858e-25,2.9621512677979615e-24,1.1206215827149075e-55,1.682167597139989e-38,1.4627375256228333e-43,2.2559998883520355e-06,1.1164796430926611e-13,6.179999996144786e-05,3.855151468844231e-14,1.9663772595988997e-36,1.3073820707516956e-27,1.2239046877460358e-32,3.742231618148203e-65,1.4593472030581934e-30,6.047330701519555e-19,1.3793620517484873e-36,4.4702008421885866e-24,-5.365838828262607e-85,3.3172789387812652e-40,4.316620143562425e-30,3.4651019740982814e-39,2.7617852839453332e-27,1.2839681756921429e-26,3.0652319421460203e-56,1.4726285715929464e-34,1.4446632741584513e-27,0.0003339999994646693,5.353033695513445e-13,3.304792547338431e-22,5.535942975406409e-26,1.1221307731802225e-57,1.1698382105384044e-36,2.4249074038474995e-42,1.9573922424045224e-52,2.7655921867802038e-43,-5.63051088939072e-59,1.8646393807446282e-17,8.684487440011406e-18,4.942871962447186e-16,3.5099999995049794e-06,1.0054820619937124e-44,5.251212907473219e-38,1.0639167944073486e-15,1.779999998935114e-06,5.078046579481476e-38,3.9244191242690216e-32,-1.1586415650190458e-65,3.892257028353615e-49,0.0,0.0,1.3003933349456652e-25,8.613770426464438e-19,2.517203527617951e-37,1.0765370448921864e-19,1.2422448386476874e-51,3.1257941737507936e-31,1.2422448409315729e-51,-9.666881574345479e-67,2.301032797958885e-45,2.9960801974302773e-31,4.8826648447832714e-23,1.0708349128841567e-27,1.0812410390369572e-42,5.152902427688507e-36,1.573364417651157e-39,1.4078535977078125e-33,4.827154199066508e-27,3.5692293894933643e-48,1.5257720447626757e-56
0.0036977405034673127,1.0006125591652856e-10,0.000176999999937371,2.5123775234860308e-33,5.356132060388278e-27,1.7059144949812952e-38,8.59319451800629e-30,2.6490239035643854e-44,9.205336909266213e-35,-2.0579823463826373e-77,-2.0162556908310444e-63,-5.045199256673502e-72,7.105811003172236e-49,2.158065667243234e-39,2.766853127513901e-57,2.382921216611042e-44,3.6871474994224924e-44,1.0845689994775609e-91,-3.2584200251006543e-75,1.8255821429240004e-69,-1.7714383750604018e-81,-1.5846072078963646e-91,-1.8256096472827937e-77,2.330077702829521e-21,1.7992369898576052e-16,2.9178431852478185e-23,1.1930387278661427e-15,-3.5454656856153076e-62,-2.8598945227917668e-61,3.230214108067552e-29,2.782467424891971e-20,-1.5241701622634373e-81,-1.1541680296554361e-80,-1.8968309182869497e-58,-1.4577344514175498e-53,-2.859894730516955e-61,3.49134391368936e-55,1.161201517881859e-38,3.0998012313240713e-37,1.4777543951011612e-31,5.6366512301371824e-18,3.389901172484122e-08,2.0867721762542736e-26,1.0807674887792282e-21,3.7237273176312213e-25,1.6949579978621294e-20,2.05620001496564e-41,5.0021199187390346e-37,2.46120113430006e-29,0.00018232412516385902,0.49999999992483923,1.0228882861110577e-10,0.24999999988570876,1.0022715344595759e-10,1.872696143254475e-17,4.32145648305569e-39,5.409764737128848e-38,1.444973186111319e-29,6.073981385150142e-42,2.7316646565935507e-49,9.513247062345053e-40,1.2128840731178062e-46,8.126963096022807e-51,5.956150214735908e-28,2.2554719277411824e-22,1.8008091119617608e-27,1.0612613667839153e-18,0.0,1.7007923944376212e-48,8.323902895828288e-62,3.0388478760357283e-15,1.5297607927133947e-27,8.507669097597217e-29,-1.0388061032629676e-73,5.437744999652626e-24,9.882507951719667e-13,6.9546304279467035e-31,9.615069198764921e-25,8.409293447240338e-30,3.2948650784215306e-32,1.761067589275493e-23,1.4548649227429332e-44,-2.492186332795473e-62,1.86480387205004e-42,1.2922599135183684e-32,0.1000000014683991,2.1716971291078276e-11,7.596908291083792e-17,4.029066302776432e-33,1.7244996930148868e-56,-1.842053557074422e-44,5.275539123705424e-32,4.495807762341209e-44,1.8529368656951569e-25,-1.1842678708681144e-62,1.8537973655160552e-24,6.194274092643312e-24,5.615476178922992e-55,5.086851168821764e-38,7.331446011925654e-43,2.2559998385476434e-06,1.614523563837903e-13,6.179999994425016e-05,5.574855661851516e-14,6.069507637551617e-36,3.952113238938113e-27,5.741078708875093e-32,1.5540699289332793e-64,6.848648681670164e-30,1.2645804573859535e-18,6.912644284060909e-36,1.3517726083330675e-23,-6.833798119900779e-81,1.6620281408982977e-39,2.0259781151658872e-29,1.736591272139108e-38,5.775333033725732e-27,3.882670371002007e-26,6.3484398219588755e-56,4.453210680323153e-34,3.0210173554321256e-27,0.0003339999992258695,7.740853736677286e-13,4.779067536889141e-22,1.674036086515351e-25,5.621922557839858e-57,3.537574378029517e-36,7.60915424356639e-42,9.172177842744525e-52,8.374799678161934e-43,-9.453592737920274e-57,2.6964253933312372e-17,1.8160445159950357e-17,7.147809351957373e-16,3.509999999284158e-06,4.615973222193585e-44,1.5879597175134673e-37,1.5385128063240684e-15,1.7799999984600857e-06,1.0622489828758523e-37,1.161636658573278e-31,-9.264077613221126e-64,1.1775816720328324e-48,0.0,0.0,2.7193271179419754e-25,1.2456014221027547e-18,7.611926758654044e-37,1.556760374753155e-19,5.830396602012515e-51,6.536451282321664e-31,5.830396613458375e-51,-7.644463650109212e-65,6.958228848177436e-45,6.274417869603996e-31,7.061087967521192e-23,2.239293301225837e-27,3.273814780194736e-42,1.558217237515507e-35,4.757832563299953e-39,4.25368097149233e-33,1.0094338944469467e-26,1.6727289636151875e-47,7.642283666700681e-56
0.005347244000266954,1.0008858121625042e-10,0.00017699999990943322,3.647825765196148e-33,7.757647275578122e-27,3.561487284527128e-38,1.7972733525716625e-29,2.0553151077728837e-44,2.778320457033131e-34,-1.8654805168443101e-75,-1.9453064147981985e-61,-4.857670376050101e-70,5.220973668271581e-49,6.520340936942039e-39,-2.599558293093971e-55,1.775940712652364e-44,1.1142012357499637e-43,1.13008687253868e-89,-3.129723569274381e-73,-2.6230780551267273e-67,-1.935291375185344e-79,-1.4976548880778327e-89,-1.757954790337687e-75,4.8349883583531085e-21,2.6017966308233227e-16,4.222650800210244e-23,1.7252126312653666e-15,-3.420705600101253e-60,-3.343138169411321e-59,9.768253058179794e-29,5.818524518438874e-20,-1.2152496224181873e-79,-1.0547506259397126e-78,-1.8105929301327665e-56,-1.6572635292902708e-51,-3.3431383208082243e-59,-3.35262831968505e-53,9.798423219945487e-39,2.6160849958156904e-37,4.468782287789085e-31,9.635856550066714e-18,3.3898570880231815e-08,4.318949271003545e-26,1.5629355781066273e-21,7.776404362867623e-25,2.451095812423648e-20,5.722826002720776e-41,1.0640248565956167e-36,3.595815246662047e-29,0.0001823242256058784,0.499999999891312,1.4791947817502055e-10,0.24999999983472448,1.449336614910737e-10,3.916058593350635e-17,3.64625530245432e-39,4.5643981031283237e-38,4.369648490907796e-29,5.126514742054898e-42,-2.6035389121458077e-47,8.027500126163572e-40,8.594087799107385e-47,-7.748362976674756e-49,1.2454635405803397e-27,6.820703007499857e-22,3.765768551998179e-27,1.5346668659714384e-18,0.0,1.4346271294090896e-48,-7.932479419546642e-60,6.354620228627554e-15,1.2919236085958042e-27,1.7790816872057193e-28,-1.0137148113172955e-71,1.6443761845212632e-23,1.429070971739647e-12,2.0993414743489637e-30,2.0106384918746566e-24,2.5430049299638744e-29,7.305741886353107e-32,3.682653453570314e-23,1.227615765455969e-44,-2.788461693833488e-60,5.573927605474975e-42,2.708463154101664e-32,0.10000000145871142,3.140456835457231e-11,1.5885880460189925e-16,8.418921592077652e-33,1.125290017899082e-56,-2.2694283232665152e-42,4.4548808748087617e-32,-4.283631880581076e-42,3.874805502794073e-25,-1.459241328212989e-60,3.8765751678682766e-24,1.2953102881668076e-23,-5.35249114649885e-53,1.538266790321887e-37,-6.984444150076994e-41,2.2559997665262974e-06,2.334737023062572e-13,6.179999991938061e-05,8.061673199641951e-14,1.3261039076790464e-35,1.1948677152133235e-26,4.8617530159229235e-32,-1.969905425970332e-62,5.782678049163068e-30,2.64440062860736e-18,-6.587823203779231e-34,4.087828652134021e-23,-6.723136820515137e-79,-1.5847096136240335e-37,1.7102836732661498e-29,-1.654867408196577e-36,1.2077141220030216e-26,1.1741401777127915e-25,9.442452755311176e-54,1.3466519519110362e-33,6.3174172288064825e-27,0.00033399999888054785,1.1193751339888671e-12,6.911058024545147e-22,5.0623425794972265e-25,-5.359747058444396e-55,1.069764533748623e-35,2.1177798799011942e-41,3.2245551120034956e-52,2.5209690334992427e-42,-1.0736865331551501e-54,3.8992578742247375e-17,3.79757733800958e-17,1.0336334906425731e-15,3.509999998964832e-06,4.300244548155339e-44,4.801997606742112e-37,2.224818120214805e-15,1.7799999977731554e-06,2.22238490167826e-37,3.4602473760858036e-31,-1.03521032806647e-61,3.46049530310241e-48,0.0,0.0,5.686538490691104e-25,1.8011979022713596e-18,2.3018887154640973e-36,2.2512006714553503e-19,4.9222867985493756e-51,1.3668511715696105e-30,4.922285707788895e-51,-8.55284148093596e-63,2.104210488209788e-44,1.314843628863895e-30,1.0211646098659236e-22,4.682739802742612e-27,9.874549474728682e-42,4.7121390754089973e-35,1.4387709534385807e-38,1.2855513370362705e-32,2.110884163166887e-26,1.4203680662686913e-47,-7.23468577792941e-54
0.007732564892420054,1.0012809590518774e-10,0.00017699999986903287,5.318649901990169e-33,1.125336212557999e-26,7.472740795429512e-38,3.759367528271139e-29,1.5912201247976284e-43,8.410141115851966e-34,-6.813837049060019e-75,-8.018422599763738e-61,-1.9825551812160858e-69,8.392586888646306e-49,1.971770517803759e-38,-9.074749364803464e-55,1.4080719086379583e-43,3.3702185696902495e-43,5.603886923086578e-89,-1.327479743820078e-72,-9.426778699432208e-67,-7.69585996908786e-79,-5.599062013772953e-89,-7.176102028555826e-75,1.0056451048977337e-20,3.762309235807697e-16,6.11547372585779e-23,2.4947571174856416e-15,-1.409992725549961e-59,-1.2735878568992608e-58,2.953893622136636e-28,1.2167285613688558e-19,-2.951981841107399e-79,-3.94096904252096e-78,-6.995210189419575e-56,-6.44842441640878e-51,-1.2735877873796452e-58,-1.1712895734512724e-52,7.265206142371135e-38,1.9395777594161793e-36,1.3513455466329253e-30,1.703918635775472e-17,3.389793339196119e-08,8.967271651671811e-26,2.260251030882523e-21,1.6247187400029244e-24,3.544582613168826e-20,1.8064310406942006e-40,2.280296553389666e-36,5.309672178309803e-29,0.00018232437085347777,0.4999999998428298,2.1390657198197778e-10,0.24999999976099613,2.0957950170247797e-10,8.188958915776555e-17,2.703680475554301e-38,3.3845271461478526e-37,1.3213681834562388e-28,3.8006810598003476e-41,-9.089467857931589e-47,5.95210324392485e-39,7.010205688455517e-46,-2.7051415064702955e-48,2.6045712186741082e-27,2.0625461374362784e-21,7.874790971252526e-27,2.2192440857463187e-18,0.0,1.0639351774418334e-47,-2.769377649573654e-59,1.3288236284932455e-14,9.574967911008484e-27,3.7203205959776435e-28,-4.176280615289055e-71,4.972509359896293e-23,2.0665091099905636e-12,6.340513231976054e-30,4.204487723285116e-24,7.689958469976394e-29,1.6551911584757452e-31,7.700956113071197e-23,9.102461000549205e-44,-1.0964311294781148e-59,1.6829655632555341e-41,5.684465073578896e-32,0.10000000144470217,4.541364908396107e-11,3.321849990055278e-16,1.7632708777192638e-32,9.521203413403762e-56,-8.332265602673315e-42,3.3018678669239e-31,-1.4954603396727837e-41,8.10289382145916e-25,-5.359608037066627e-60,8.106504454183629e-24,2.708675042346634e-23,-1.868663143033889e-52,4.651695743377934e-37,-2.438317814050262e-40,2.2559996623773633e-06,3.376226367670099e-13,6.179999988341665e-05,1.165777995635359e-13,4.029492841853402e-35,3.6126259756785415e-26,3.5952745780892427e-31,-7.041953115720213e-62,4.2856454218534507e-29,5.529746240188972e-18,-2.299936402274118e-33,1.2361430113951413e-22,-3.004085330184085e-78,-5.532602022754229e-37,1.2678357025337706e-28,-5.77744480402384e-36,2.525522505154318e-26,3.550550286189765e-25,1.3949574490976473e-52,4.072258027356847e-33,1.3210691247864495e-26,0.00033399999838119003,1.6186741285405933e-12,9.994231150827537e-22,1.5308263715519242e-24,-1.871231962043847e-54,3.234952010907326e-35,6.684841243606957e-41,4.121968177462771e-51,7.633308143264125e-42,-4.177928950663265e-54,5.638654666031273e-17,7.941154386288741e-17,1.4947212283769326e-15,3.5099999985030597e-06,2.9412052228208203e-43,1.4521172154641677e-36,3.2172723963007968e-15,1.7799999967797973e-06,4.650547708895417e-37,1.0354006300252213e-30,-4.072582377727023e-61,1.04211477017676e-47,0.0,0.0,1.1891434251309867e-24,2.6045863386259602e-18,6.960813130093562e-36,3.25541339592809e-19,3.648742118804163e-50,2.858228121640667e-30,3.6487417379992293e-50,-3.3630578861603727e-62,6.3630364403308e-44,2.757902565444135e-30,1.4768402353840302e-22,9.792417496076213e-27,2.9903786680907554e-41,1.4249300372669953e-34,4.3508225304340496e-38,3.885893485942627e-32,4.414186126018503e-26,1.0475541988816754e-46,-2.525609794756659e-53
0.011181939670698044,1.0018523748301905e-10,0.00017699999981061053,7.82119124127369e-33,1.6375778033858282e-26,1.5899608797557067e-37,7.864760945031002e-29,1.7026399849748776e-42,2.5541005095432347e-33,-7.60664822987599e-75,-1.5312539259539642e-60,-3.663472704480079e-69,1.6135906057861333e-47,5.96896429104713e-38,-4.976150811785455e-55,1.5318527191575432e-42,1.0205355883981292e-42,1.6566096165574692e-88,-2.7695058654219e-72,-7.59576630864596e-67,-1.2841269336009146e-78,-7.12842017889829e-89,-1.3269017524966757e-74,2.0951320803081388e-20,5.440390654336307e-16,8.870109828358096e-23,3.6075335101937535e-15,-2.69262557443253e-59,-1.7565589989274735e-58,8.932321580131415e-28,2.544319947825215e-19,7.081791564247761e-79,-5.016959081598718e-78,-1.045190377776748e-55,-9.818367642745447e-51,-1.7565580464656123e-58,-6.521400631604713e-53,7.4944280530499246e-37,2.0006314157120346e-35,4.0863248620017524e-30,3.11330119139773e-17,3.389701155146893e-08,1.8660403674303654e-25,3.2687529277950488e-21,3.3956510293529855e-24,5.1259566676333115e-20,6.450319869866354e-40,4.9394528196083714e-36,8.00783726379404e-29,0.00018232458089370107,0.4999999997727223,3.09332252825071e-10,0.24999999965437694,3.030554396059217e-10,1.7123983441910707e-16,2.7890732420196633e-37,3.4914655755863986e-36,3.99568121028927e-28,3.9201955254941e-40,-5.004429778109229e-47,6.139877647902908e-38,7.785722435345766e-45,-1.4897546996157385e-48,5.448305740884882e-27,6.236762635778044e-21,1.6467348333175814e-26,3.2091857737757464e-18,0.0,1.0976826167949025e-46,-1.5246517712331043e-59,2.7786950663597528e-14,9.873399634190207e-26,7.779714411229711e-28,-7.957081856461249e-71,1.5036292014370861e-22,2.988246158084616e-12,1.9156856007365813e-29,8.792018554534167e-24,2.3253521798393006e-28,3.8546815405179256e-31,1.6103747455541716e-22,9.389733686057481e-43,-1.7463523648178885e-59,5.146011443798679e-41,1.1958989592337572e-31,0.1000000014244435,6.567195891245364e-11,6.946091983062873e-16,3.7171289633210607e-32,1.0957352747248587e-54,-9.343893889503242e-42,3.4049328598047374e-30,-8.230057489597538e-42,1.6944617383428018e-24,-6.024049917041963e-60,1.6951895699097808e-23,5.664207240808194e-23,-1.0288769918269312e-52,1.4066551022311187e-36,-1.3416705511878653e-40,2.2559995117692246e-06,4.88230775304276e-13,6.179999983140873e-05,1.685796786631068e-13,1.7833854342696346e-34,1.0922629078446066e-25,3.70326209032645e-30,-5.331299586525987e-62,4.41970597599173e-28,1.1563227029322238e-17,-1.266242239203134e-33,3.737923221935927e-22,-7.184726959808271e-78,-3.046888496757451e-37,1.3075908584521098e-27,-3.180622757116731e-36,5.281269407142144e-26,1.0736339208828014e-24,8.914278880704441e-52,1.231438649097606e-32,2.7625554691937215e-26,0.0003339999976590897,2.340662641495855e-12,1.4453042213287328e-21,4.628992018306839e-24,-1.0306106168379722e-54,9.782372770143622e-35,2.3869917851846173e-40,5.782048130195557e-50,2.3268254676597315e-41,-6.363046650471136e-54,8.153968377986753e-17,1.6605659691221299e-16,2.1614931262859523e-15,3.509999997835298e-06,2.9101507226210647e-42,4.391151282066176e-36,4.652442778149118e-15,1.7799999953433198e-06,9.734684417841103e-37,3.1081376037102136e-30,-6.500983318424748e-61,3.2367189863736035e-47,0.0,0.0,2.486681131941934e-24,3.7662473362852365e-18,2.1048447713556189e-35,4.7075761467631765e-19,3.763019053889438e-49,5.976782129332247e-30,3.763019032924671e-49,-5.356929736466522e-62,1.92407852407573e-43,5.7924799016262936e-30,2.1359494817841403e-22,2.0477693674514859e-26,9.096112899803123e-41,4.308764787116349e-34,1.3156730588753494e-37,1.1747476858004543e-31,9.230739147755406e-26,1.0779137308512568e-45,-1.3874723321699324e-53
0.016170025927839105,1.0026786903863149e-10,0.00017699999972612695,1.1699403165400131e-32,2.3982615487087275e-26,3.4493913446274745e-37,1.6457273730758142e-28,9.874487342163046e-42,7.76573306706255e-33,3.821515391748673e-74,2.551243313426573e-61,1.4484723828779756e-69,1.1042558532003212e-46,1.8077029184682868e-37,8.673441197774395e-54,8.915037086708477e-42,3.091553936236188e-42,3.734349541626421e-88,-1.143527738047976e-72,7.36149712665002e-66,1.4901547005190137e-78,2.556038197872375e-88,5.185377670347859e-75,4.3699813905208605e-20,7.866791964850312e-16,1.2905132505160317e-22,5.216597897584192e-15,4.485872510933799e-60,4.930957373097713e-58,2.701038371125702e-27,5.320417014349921e-19,8.577123062854729e-78,1.7984181498042345e-77,2.1620358321116276e-55,1.8786602333003493e-50,4.930962820630622e-58,1.1127155212262597e-51,4.311053187906229e-36,1.150813723439134e-34,1.2356498719386961e-29,5.859872726837087e-17,3.389567853686566e-08,3.889381493230278e-25,4.727393024905593e-21,7.09872423290844e-24,7.412965933254387e-20,2.333968278964556e-39,1.085464292335866e-35,1.257151969001127e-28,0.00018232488462947865,0.49999999967134506,4.473316511888106e-10,0.24999999950019297,4.38214065203055e-10,3.580766348235748e-16,1.6043827204818197e-36,2.0084313844347832e-35,1.2082422601252395e-27,2.2549795222813032e-39,8.673130644731412e-46,3.5318667768301634e-37,4.550763096014216e-44,2.5809781200833416e-47,1.1401519018368773e-26,1.885852837279058e-20,3.4435563341618717e-26,4.640694263855891e-18,0.0,6.314482299861789e-46,2.642595712770768e-58,5.810431348500544e-14,5.679042639608882e-25,1.626841427160095e-27,1.4535071276094719e-71,4.546767913108415e-22,4.321046458532296e-12,5.789433487216762e-29,1.8384800133153328e-23,7.031517532889668e-28,9.26752492253843e-31,3.3674960496527804e-22,5.4013092386600176e-42,2.679982057308675e-59,1.5816169037363005e-40,2.524563636003883e-31,0.10000000139514752,9.496717997677288e-11,1.4524097855770028e-15,7.909309611236507e-32,6.453640673403681e-54,4.661987292430124e-41,1.958490072214551e-29,1.4272038458346527e-40,3.543442409535193e-24,2.9895943761713377e-59,3.544882167085911e-23,1.1844584340684158e-22,1.7830433472365172e-51,4.253659648340667e-36,2.3271792796672236e-39,2.2559992939771524e-06,7.06022847815294e-13,6.179999975619878e-05,2.437769924081232e-13,7.789175461020362e-34,3.302469643507603e-25,2.1296016463706384e-29,5.7328219361891394e-61,2.5422308210471456e-27,2.4179480969489715e-17,2.194620460083755e-32,1.1302818840710305e-21,-8.707120685062494e-78,5.278647028465679e-36,7.521393059867277e-27,5.513014791070262e-35,1.1043973962503483e-25,3.2464687709792837e-24,4.126390497501334e-51,3.7238260090678283e-32,5.776911608124632e-26,0.00033399999661489925,3.3846354555706545e-12,2.0901450550644508e-21,1.399722663400805e-23,1.785277578671037e-53,2.958144409616079e-34,8.637037228752965e-40,3.5257872511064175e-49,7.110323569943713e-41,1.216000897558466e-53,1.179132277325051e-16,3.4723388022027937e-16,3.125701872160755e-15,3.5099999968696575e-06,1.6600182307000913e-41,1.327865299937391e-35,6.727815691615985e-15,1.779999993266057e-06,2.0385976415136708e-36,9.351181484824325e-30,9.858446387014934e-61,1.017322657346974e-46,0.0,0.0,5.200024466010608e-24,5.445884646451908e-18,6.364649191264327e-35,6.807497748629925e-19,2.1645084455556104e-48,1.2497713228695855e-29,2.164508481892814e-48,8.217676137377875e-62,5.8180171818693575e-43,1.2189404602891877e-29,3.0894197111653364e-22,4.2822689183293586e-26,2.771204244882992e-40,1.302885037690871e-33,3.978537543921305e-37,3.5516923427205704e-31,1.9302863198140038e-25,6.197534619416181e-45,2.412089256570316e-52
0.023383218494029506,1.0038736127436046e-10,0.0001769999996039566,1.8087843539513703e-32,3.557697237741879e-26,7.66967435541027e-37,3.444889416852111e-28,4.3875728450947816e-41,2.3608526731985796e-32,-3.3159533342966625e-73,2.087135182391579e-60,7.004562025388684e-69,5.143905757516779e-46,5.474419183232235e-37,5.611910576357398e-53,3.9659553313864533e-41,9.365010192253353e-42,6.979116360736294e-88,-3.786138731476193e-71,4.74275446023389e-65,1.2315634396011332e-77,4.359485812880235e-90,2.385913122892488e-74,9.122182616080054e-20,1.1375058832213937e-15,1.8893611707652602e-22,7.543223101499868e-15,3.6694993880236582e-59,3.789322659679779e-57,8.167655879496103e-27,1.1125351453189577e-18,-2.052388313716254e-76,-1.667427368783948e-76,6.518772859481467e-55,1.665794307488739e-49,3.7893240012637203e-57,7.202185948658641e-51,1.910205365651622e-35,5.099167879224073e-34,3.7364425802985456e-29,1.1313213636515605e-16,3.389375097826635e-08,8.116123361820885e-25,6.837255998878187e-21,1.4843358400911413e-23,1.0720611310022548e-19,8.19476876640214e-39,2.430309987815758e-35,2.1166918168390094e-28,0.00018232532385684396,0.49999999952475327,6.469025904218803e-10,0.24999999927722236,6.336325135905533e-10,7.487555391198685e-16,7.108954796055418e-36,8.89928640121775e-35,3.653570949592777e-27,9.991617869247575e-39,5.614525420175595e-45,1.564951536141265e-36,2.0274836774071874e-43,1.6708032200896338e-46,2.387289874189245e-26,5.702391010352106e-20,7.200938401231837e-26,6.71071222325209e-18,0.0,2.7979502879860486e-45,1.7106780209869265e-57,1.214974292733498e-13,2.5162812698486484e-24,3.4019216324332316e-27,1.071573801565591e-70,1.3748825084770825e-21,6.24815984461095e-12,1.7499571190145306e-28,3.844339407909494e-23,2.126227733076947e-27,2.306178756086211e-30,7.041806976680427e-22,2.3932938614298003e-41,2.6163535949543976e-58,4.8576349939040136e-40,5.354929631775653e-31,0.10000000135278259,1.3733053525032815e-10,3.0368309932920537e-15,1.703924260459653e-31,2.876618682116048e-53,3.086839176275054e-40,8.677746431285644e-29,9.23863936702915e-40,7.41006253876037e-24,1.9794083865505507e-58,7.412824615444453e-23,2.4768407701382106e-22,1.1542473944600055e-50,1.2862872228418435e-35,1.5064226231156112e-38,2.255998979031426e-06,1.0209685739146886e-12,6.179999964743447e-05,3.525149144445393e-13,3.0641511940764158e-33,9.98531082335496e-25,9.435158303489219e-29,3.751642235270142e-60,1.1264282218458126e-26,5.0559913373242693e-17,1.4206840808220825e-31,3.417776185337532e-21,-4.594374596286357e-76,3.4171318034922583e-35,3.332641279572192e-26,3.5688340077947424e-34,2.3094703242796127e-25,9.816727389850639e-24,9.76167962873457e-51,1.1260717420020155e-31,1.208034549598823e-25,0.0003339999951049695,4.894133745878942e-12,3.0227630247446653e-21,4.232512595943018e-23,1.1557087411119096e-52,8.945294443574688e-34,3.0325408603574263e-39,1.5888961095167322e-48,2.1720634639405635e-40,1.0785962565543266e-52,1.70512414131471e-16,7.260701851011068e-16,4.520029837394094e-15,3.5099999954732597e-06,7.333619379334014e-41,4.015408568854731e-35,9.728970708273684e-15,1.7799999902621701e-06,4.271867237725572e-36,2.8178123743799345e-29,9.619432417890511e-60,3.1892868609971776e-46,0.0,0.0,1.0874012987288084e-23,7.87431684848038e-18,1.924550755886076e-34,9.844102659777249e-19,9.590656641015236e-48,2.61326212063257e-29,9.590656876243248e-48,8.02273297090113e-61,1.759250763502905e-42,2.572104151592123e-29,4.468934612315766e-22,8.955078476915595e-26,8.441049333179842e-40,3.9396707405794096e-33,1.2030925552374077e-36,1.0738719111528754e-30,4.036511041343646e-25,2.745627282622547e-44,1.5610734825207684e-51
0.0338141020663529,1.0056015721206956e-10,0.00017699999942728806,2.9680707818683717e-32,5.412208981871153e-26,1.8047342713182868e-36,7.2152335788866965e-28,1.94360555619839e-40,7.194495188923223e-32,6.493161241984207e-72,2.300305335765846e-58,6.188857426855214e-67,2.8185192805679513e-45,1.6601558092213998e-36,3.764658078759162e-52,1.7600844044956994e-40,2.8396399551952906e-41,1.872476592829126e-86,3.78119637805411e-70,3.7178801900010295e-64,2.2533441901267185e-76,3.480360872892983e-86,2.2393188901844648e-72,1.9053067761925433e-19,1.6447234070545454e-15,2.801236815954091e-22,1.0907264546799465e-14,4.044943448672211e-57,4.512392230607916e-56,2.46977796038605e-26,2.3263405742376406e-18,1.619628443344309e-75,3.209273434810896e-75,3.2245366870787157e-53,2.0227314142025384e-48,4.512395268245324e-56,4.847590501770615e-50,8.420908406397824e-35,2.2478856796288467e-33,1.129830561904201e-28,2.229742924563048e-16,3.38909637601618e-08,1.695125313805329e-24,9.88943805230755e-21,3.104372418136637e-23,1.5504659304238676e-19,2.9847118471742064e-38,5.582026316899368e-35,3.962053678337302e-28,0.00018232595901630303,0.49999999931278705,9.355244605524722e-10,0.24999999895477207,9.161565068445139e-10,1.5656468854100285e-15,3.133909543306352e-35,3.9231648878220985e-34,1.1047740717771518e-26,4.404625281482835e-38,3.7671370254153063e-44,6.898896280977542e-36,9.018607723507936e-43,1.121135391754776e-45,5.00639910921888e-26,1.7242183390393266e-19,1.5058047490886765e-25,9.703999001126089e-18,0.0,1.2334685532868724e-44,1.1477622582439454e-56,2.540464460808919e-13,1.1092187036957803e-23,7.113769526669075e-27,1.1990551143139643e-68,4.157394207303674e-21,9.034451212876906e-12,5.290157654406905e-28,8.038475272769486e-23,6.4292698692112045e-27,5.9610999465671965e-30,1.472504474423179e-21,1.0550557637938943e-40,3.2259785913128177e-57,1.519660312558753e-39,1.1456425675261327e-30,0.10000000129151831,1.9859151238966933e-10,6.349320369367211e-15,3.7817129750952755e-31,1.2933746863232358e-52,3.5471053732950316e-39,3.8253174273228167e-28,6.198460644124062e-39,1.5496104215682595e-23,2.2790513680698355e-57,1.5501128522093236e-22,5.179319497927382e-22,7.744720313912295e-50,3.889651979663187e-35,1.0106726071173074e-37,2.2559985235932766e-06,1.4764067237609251e-12,6.179999949014291e-05,5.097513172160101e-13,1.3370943711799318e-32,3.0190916431500935e-24,4.15894626083181e-28,2.781856002009734e-59,4.9656289050870315e-26,1.0571905445662989e-16,9.532016835329977e-31,1.0334510929225929e-20,-6.334295849429747e-77,2.29299801382261e-34,1.469118654389861e-25,2.3944512654474475e-33,4.829468567709139e-25,2.968322645385637e-23,1.9289811759208795e-49,3.4051869208549793e-31,2.5261633038557363e-25,0.0003339999929216039,7.0766309564855775e-12,4.371666093394021e-21,1.2798059451553708e-22,7.755167025842679e-52,2.705001448526597e-33,1.104519145678567e-38,7.307718742423547e-48,6.676695750921121e-40,1.3103549679123148e-51,2.4657522396647327e-16,1.5181736508800947e-15,6.536347446930776e-15,3.5099999934539484e-06,3.2265076533079567e-40,1.214236416334304e-34,1.4068874859957972e-14,1.7799999859183158e-06,8.959907269659533e-36,8.500320652391378e-29,1.1980672145649257e-58,1.0427152259376398e-45,0.0,0.0,2.2739091597127002e-23,1.138506263437552e-17,5.819328336361584e-34,1.4235166675328897e-18,4.227801801880774e-47,5.464115911590528e-29,4.2278019597045453e-47,9.894696341832627e-60,5.319467273666118e-42,5.448552481403357e-29,6.465327647698818e-22,1.8727015173812529e-25,2.579141382257212e-39,1.1912471642647256e-32,3.638080869954215e-36,3.247026410406532e-30,8.44091134098397e-25,1.2102619560946556e-43,1.0472406928245274e-50
0.048898037660883895,1.008100349064738e-10,0.0001769999991718106,5.356639372011069e-32,8.628056427248259e-26,4.6570827755568084e-36,1.5127515595812141e-27,8.582635986155381e-40,2.1999953355802525e-31,1.2745691286356008e-70,3.329966712720767e-57,8.885709990106698e-66,1.637257623420452e-44,5.04676483819341e-36,2.413020168625885e-51,7.79105621942769e-40,8.623379870814789e-41,2.3694435515592964e-85,8.90855411105399e-69,2.8437245502727024e-63,2.605201285011589e-75,5.37475229420362e-85,3.2275324904356673e-71,3.9811371482083845e-19,2.377978119819104e-15,4.257552107252892e-22,1.5771001490272573e-14,5.8555880572522415e-56,4.26403942060916e-55,7.468090764018959e-26,4.864302175982251e-18,4.167529079331487e-74,6.342384706734837e-74,4.4595294994911496e-52,1.9179754645659745e-47,4.264043242888462e-55,3.1206680006001915e-49,3.6940059007003246e-34,9.860694871873334e-33,3.4163089396192956e-28,4.466051072606158e-16,3.388693361356405e-08,3.542973413889637e-24,1.4305538171670322e-20,6.494005872168748e-23,2.242470606247939e-19,1.1278250494566897e-37,1.3256297254679216e-34,8.44982579346356e-28,0.0001823268775097549,0.49999999900630276,1.3529492748192908e-09,0.24999999848844834,1.3245688043174447e-09,3.2736534404050943e-15,1.3747620968668974e-34,1.720990844744896e-33,3.3405549162697067e-26,1.932145838145718e-37,2.4146291368435132e-43,3.026342276353893e-35,4.003793408923546e-42,7.186784404079544e-45,1.053549296905031e-25,5.213240392742927e-19,3.148798352813427e-25,1.4032264631288446e-17,0.0,5.411019504701055e-44,7.356559532793586e-56,5.31178911250601e-13,4.8655030101724135e-23,1.487544876834832e-26,1.7402770377284383e-67,1.2570901135344302e-20,1.306266616485027e-11,1.5993395780802642e-27,1.680776398323556e-22,1.9440211480335813e-26,1.601692367807944e-29,3.079091545685652e-21,4.628227885661833e-40,3.0716474637537652e-56,4.904773301530854e-39,2.4866563486094924e-30,0.10000000120292285,2.871800410702071e-10,1.3273881650082417e-14,8.860387145780636e-31,5.8736424244035466e-52,3.3132897883798965e-38,1.6779593472304455e-27,3.972824848092971e-38,3.240628061254055e-23,2.1315280785395234e-56,3.2414515971751775e-22,1.0830336350881505e-21,4.9642548272652505e-49,1.1761970520482246e-34,6.477584934543656e-37,2.2559978649911242e-06,2.135008876012871e-12,6.179999926266675e-05,7.371121117317023e-13,6.322759549092837e-32,9.127972457808338e-24,1.824215062844645e-27,1.9962074748525173e-58,2.1782332293792035e-25,2.2104581246493994e-16,6.109582305080215e-30,3.124793116394193e-20,3.269064665174649e-74,1.4699092689910167e-33,6.444382222178292e-25,1.5347031780390997e-32,1.0099182695531376e-24,8.975107879162025e-23,2.4000807842905354e-48,1.0297061850324294e-30,5.282520908505465e-25,0.0003339999897645245,1.023194382833312e-11,6.322835049149167e-21,3.869680415165766e-22,4.971408255253803e-51,8.179691884892367e-33,4.1736342590217933e-38,3.4204298119740534e-47,2.072419819080673e-39,1.2427509905747433e-50,3.5656836450685356e-16,3.1742749167858988e-15,9.452116631152279e-15,3.50999999053385e-06,1.4134940262216372e-39,3.6717544692317047e-34,2.0344702640963364e-14,1.779999979636778e-06,1.8817648158141626e-35,2.5662186898518047e-28,1.1474820501746586e-57,3.637264031669525e-45,0.0,0.0,4.7550451430740993e-23,1.6459865510147306e-17,1.759544115434857e-33,2.0584759147389863e-18,1.8545404569015428e-46,1.1424427313556167e-28,1.854540558058297e-46,9.422792604730602e-59,1.608388621370765e-41,1.1605096276260482e-28,9.355412291127626e-22,3.9162741492665085e-25,7.91462848926378e-39,3.601861164998688e-32,1.1001260175859797e-35,9.818132696374918e-30,1.7651059193485696e-24,5.308846510996745e-43,6.711858290983182e-50
0.07071067811865467,1.0117137955381669e-10,0.0001769999988023688,1.097068927297295e-31,1.4885511461555788e-25,1.3649025318067662e-35,3.177384011427127e-27,3.7943233911480934e-39,6.761686160319921e-31,2.6896370873905864e-69,4.645059376321105e-56,1.2386486479029615e-64,9.98878092783487e-44,1.5417245760259927e-35,1.5364840001337337e-50,3.4562862448959834e-39,2.6256049528543688e-40,6.762014318040909e-84,1.9514262791811044e-67,2.44157678950824e-62,3.3880420881165134e-74,9.96769227149215e-84,4.5284824318084817e-70,8.321054271897217e-19,3.4378568258485008e-15,6.777454127738071e-22,2.2802388054413082e-14,8.168211991811376e-55,4.00852467470824e-54,2.2581273602748087e-25,1.0170680287540453e-17,1.4166278139966375e-72,1.3389253994583791e-72,6.183517944955668e-51,1.7909627259005625e-46,4.00852992318037e-54,2.0069460829684662e-48,1.6173705290020157e-33,4.3172955176770457e-32,1.0329627258783226e-27,9.05482854861614e-16,3.388110652997513e-08,7.409977502087777e-24,2.0696580024177635e-20,1.3588436159713402e-22,3.2435667389948963e-19,4.4285536498237355e-37,3.2888011134692266e-34,2.0435973562950963e-27,0.00018232820572736786,0.49999999856317756,1.9566920956905694e-09,0.24999999781403515,1.914872266763058e-09,6.844631278697635e-15,6.019258841143662e-34,7.535209505307359e-33,1.0100620098105435e-25,8.459423502364253e-37,1.5372255632629587e-42,1.3250421149271094e-34,1.7829833107420002e-41,4.575903258766147e-44,2.2349290562294096e-25,1.5761386469997828e-18,6.584399140374004e-25,2.0290717665987264e-17,0.0,2.3692388349340937e-43,4.683149594398937e-55,1.1105599711383508e-12,2.1300965759578516e-22,3.110518887742766e-26,2.4477480721201906e-66,3.800986021818199e-20,1.8885719872737794e-11,4.835358318013446e-27,3.5141759712422515e-22,5.877897705730335e-26,4.4708012709360825e-29,6.438417558274335e-21,2.0264115611202926e-39,2.870950607965455e-55,1.6774032440507336e-38,5.530992864022222e-30,0.1000000010748019,4.1528650885544677e-10,2.7747042871148773e-14,2.2683461962540365e-30,2.754610253484408e-51,3.086667265931416e-37,7.346117428694719e-27,2.529028845879275e-37,6.777109557764502e-23,1.989480152050112e-55,6.77814560706188e-22,2.2646617844849002e-21,3.16049433359751e-48,3.5566767933431228e-34,4.123338109097374e-36,2.2559969125964466e-06,3.087403553356515e-12,6.179999893367677e-05,1.0658609198563993e-12,3.23592352789495e-31,2.759587720277496e-23,7.98606564165093e-27,1.533038967211283e-57,9.536871144036306e-25,4.621525912191514e-16,3.8893797498968006e-29,9.447802167137383e-20,2.2226401254987418e-72,9.359404558832835e-33,2.8214526903306876e-24,9.769695020160935e-32,2.1118984150080984e-24,2.713596138277996e-22,3.269910374082799e-47,3.113737491223829e-30,1.1046323380872e-24,0.00033399998519964666,1.4793199280170846e-11,9.145522121097495e-21,1.1699957582842568e-21,3.165479461127489e-50,2.473440125803395e-32,1.638844366310155e-37,1.6733927002654563e-46,6.542022336026497e-39,1.1606457913688144e-49,5.156275309128248e-16,6.636499324898685e-15,1.3668573092407894e-14,3.509999986311134e-06,6.183363163173625e-39,1.1102977056362124e-33,2.9419996482920884e-14,1.7799999705532309e-06,3.959649228177676e-35,7.751562451501046e-28,1.081825413380135e-56,1.4092996975224664e-44,0.0,0.0,9.94337172033361e-23,2.3794212510159626e-17,5.319904740194524e-33,2.9766269644066175e-18,8.119398837971559e-46,2.388452418859886e-28,8.119399481929492e-46,8.809058294372e-58,4.862820892189564e-41,2.4907133379850117e-28,1.3541264823150683e-21,8.190027307218439e-25,2.4436628635784696e-38,1.0889989936868773e-31,3.326655476048081e-35,2.9687698039017214e-29,3.691047700916543e-24,2.3244225333139716e-42,4.272733219499432e-49
0.1022535921518125,1.0169391530906197e-10,0.00017699999826812534,2.566760678424674e-31,2.8777559597840268e-25,4.59926416602946e-35,6.695828527310389e-27,1.6833073131067823e-38,2.093894070189375e-30,5.279432702920257e-68,6.2294349631714876e-55,1.6611952957729882e-63,6.263487053158587e-43,4.755488171383341e-35,9.738887711281723e-50,1.5409736620480553e-38,8.031088733001852e-40,1.9273639272340623e-82,3.927965301263013e-66,2.3724826258494247e-61,4.912205541616731e-73,2.0143508870016916e-82,6.13460981129327e-69,1.739598445385794e-18,4.969549747242974e-15,1.1668133162958603e-21,3.296621226450095e-14,1.0954465040752808e-53,3.7495156220554537e-53,6.827609960241451e-25,2.1264429186728894e-17,4.189337748764782e-71,2.628642523159726e-71,8.285062194685437e-50,1.647151513256929e-45,3.749522727683809e-53,1.3010692279730706e-47,7.074656200592303e-33,1.8884111518216454e-31,3.123119188563892e-27,1.8523961861153213e-15,3.3872681848801885e-08,1.5508045181620095e-23,2.994898522592554e-20,2.8443365561764745e-22,4.692069346232335e-19,1.80601317615145e-36,8.644586202695867e-34,5.438079269045948e-27,0.00018233012643926292,0.4999999979225421,2.8299878536623085e-09,0.24999999683863083,2.7678840517569773e-09,1.4309889611730187e-14,2.632957832056248e-33,3.296082597621913e-32,3.0538992119053238e-25,3.700161571493857e-36,9.739804887473661e-42,5.795955767084e-34,7.987394444128762e-41,2.8997987299086552e-43,4.830100598191258e-25,4.764741655548348e-18,1.3768301973205816e-24,2.9339747733207075e-17,0.0,1.0364067294589262e-42,2.966996236753634e-54,2.321693471203243e-12,9.316163455536943e-22,6.504062938779252e-26,3.3261835687285523e-65,1.1492216911489912e-19,2.730198879740181e-11,1.4619072439503102e-26,7.346902013154517e-22,1.7771193027581586e-25,1.2947792937601632e-28,1.3462385617243388e-20,8.863900719683e-39,2.641518937581134e-54,6.290999523032541e-38,1.2811862378647153e-29,0.10000000088951894,6.005392416213194e-10,5.79909699500824e-14,6.556977749327503e-30,1.3700350161721175e-50,2.838208718750593e-36,3.21294051729963e-26,1.6022125311694872e-36,1.4173342857880743e-22,1.8342140717179476e-54,1.417343785854371e-21,4.735364165141434e-21,2.0025682524845377e-47,1.0754777727971741e-33,2.6120952610094626e-35,2.255995535352469e-06,4.464647531290872e-12,6.179999845784529e-05,1.541188198300345e-12,1.7625284576045758e-30,8.342010634698964e-23,3.49266567635628e-26,1.2886582079625304e-56,4.1714596791300304e-24,9.661643630115423e-16,2.4641482765042646e-28,2.856332292657431e-19,9.756137254162914e-71,5.93145649660891e-32,1.2340683309839052e-23,6.189422154204849e-31,4.416311862781831e-24,8.203844096386862e-22,4.3692485126792314e-46,9.415542070326622e-30,2.309880682456962e-24,0.0003339999785995456,2.1385829806039695e-11,1.322973351353013e-20,3.537218403233293e-21,2.0061182144844663e-49,7.479260110914365e-32,6.683461376106683e-37,8.777217163749657e-46,2.1247655285565477e-38,1.067605652474562e-48,7.456401298186592e-16,1.3873698759793377e-14,1.9765942441189923e-14,3.5099999802047124e-06,2.7032112912740334e-38,3.3573656244194737e-33,4.254346510588043e-14,1.7799999574178365e-06,8.354883627201268e-35,2.3423727588242415e-27,1.0075805273204512e-55,6.246248789072044e-44,0.0,0.0,2.079261382123448e-22,3.439142476377716e-17,1.6083234325899656e-32,4.3042388634937895e-18,3.551278126138116e-45,4.992889267041352e-28,3.551278534114606e-45,8.107548097438066e-57,1.4701056520629401e-40,5.40173914664742e-28,1.9608040761703945e-21,1.7128084338870574e-24,7.609137371906112e-38,3.292247011936351e-31,1.0059268854474838e-34,8.976853841891675e-29,7.71835702703706e-24,1.0167980111876728e-41,2.7071268212683534e-48
0.14786730075483182,1.0244954804354009e-10,0.00017699999749556532,6.709668326306968e-31,6.347841848692171e-25,1.749248938213446e-34,1.4197452733463158e-26,7.513926077100048e-38,6.556902386867508e-30,1.0095914929036536e-66,8.237698395965232e-54,2.196600939703631e-62,4.001913134887713e-42,1.4947613555635165e-34,6.1618028112153895e-49,6.928265993012992e-38,2.4769937588132917e-39,5.352995123590554e-81,7.751534537908455e-65,2.5896287352127434e-60,7.957060558590505e-72,4.532328542016874e-81,8.248178313495424e-68,3.637501061562823e-18,7.182457049759562e-15,2.2499100546610756e-21,4.765527793690313e-14,1.4486314849003751e-52,3.5621406901659884e-52,2.06424905922363e-24,4.4454962796728064e-17,1.191730753749185e-69,5.026892692170261e-70,1.095312528089394e-48,1.5056747602890943e-44,3.562150358423257e-52,8.669781650599391e-47,3.093128604633943e-32,8.256068621751146e-31,9.44187636665098e-27,3.814243161841395e-15,3.3860502755622834e-08,3.2481488066961696e-23,4.3350494593518e-20,5.956688085457964e-22,6.788464755619959e-19,7.642000382936377e-36,2.4563962018110575e-33,1.5368575837507916e-26,0.000182332903944951,0.4999999969964656,4.0933334592896e-09,0.24999999542780885,4.0001224188716744e-09,2.9914206968092964e-14,1.1511816230667938e-32,1.4411219244877097e-31,9.232693759189825e-25,1.6176719755619906e-35,6.158420935606162e-41,2.5340610599155188e-33,3.6108310055952988e-40,1.8339999953053033e-42,1.0895286026261969e-24,1.4402036895430315e-17,2.8789518181358755e-24,4.242285649281483e-17,0.0,4.531684848556583e-42,1.8758093722309439e-53,4.8530228521414905e-12,4.0723599143535365e-21,1.3599436179376516e-25,4.486992059006e-64,3.474393332768584e-19,3.946351557961231e-11,4.419792272553491e-26,1.5358101372789062e-21,5.372455518239274e-25,3.8864928846309846e-28,2.814784662632561e-20,3.87542718192403e-38,2.4155072195922537e-53,2.668533229529275e-37,3.162811905573253e-29,0.10000000062156476,8.684302811076844e-10,1.2117009840229955e-13,2.1628377249122576e-29,7.485678958124621e-50,2.594977648090777e-35,1.4045003339037198e-25,1.0129147999384924e-35,2.964271653864163e-22,1.6834263973885223e-53,2.963666486251005e-21,9.901179528859379e-21,1.2662942228820446e-46,3.251980604149695e-33,1.651216967768831e-34,2.255993543739426e-06,6.456260574369929e-12,6.179999776957684e-05,2.228402653654455e-12,1.0053252912769636e-29,2.5213477524289614e-22,1.52669242151463e-25,1.2083124591084301e-55,1.8237355168993215e-23,2.019586469528215e-15,1.55793164198798e-27,8.634575133704673e-19,3.910504373293421e-69,3.751669041771618e-31,5.394976019304654e-23,3.912971852712138e-30,9.235202902132876e-24,2.4799408815106276e-21,5.775053717710668e-45,2.8470882568437207e-29,4.8300819034516045e-24,0.00033399996905753547,3.091237192152609e-11,1.9140799436931804e-20,1.0692855566934554e-20,1.2688950167825176e-48,2.26154593315538e-31,2.828094242834331e-36,5.075397467076248e-45,7.231560509109097e-38,9.76056987954801e-48,1.0782570671445306e-15,2.899918113594662e-14,2.858329023094519e-14,3.5099999713742753e-06,1.181513289452938e-37,1.0151921865724265e-32,6.152074956265501e-14,1.7799999384233256e-06,1.7698369185855207e-34,7.080290089111152e-27,9.377696220367703e-55,3.174298696041009e-43,0.0,0.0,4.347897197608521e-22,4.969735448429941e-17,4.8617598162468537e-32,6.223843644327462e-18,1.5524831727811975e-44,1.043565220887001e-27,1.552483430712478e-44,7.417052733247713e-56,4.443807909633561e-40,1.188039986266958e-27,2.8409688902586117e-21,3.582187980504332e-24,2.3968949450561913e-37,9.95189708592286e-31,3.041691508808666e-34,2.714358706060994e-28,1.6139673779355348e-23,4.4460581427318675e-41,1.711711145277238e-47
0.21382856261966862,1.0354226086518184e-10,0.0001769999963783805,1.8966930912991575e-30,1.5777513823898975e-24,7.27049135171564e-34,3.0454727347466517e-26,3.387349632750157e-37,2.0876245105225383e-29,1.927391508208661e-65,1.088425578897618e-52,2.901430195741876e-61,2.601696971779571e-41,4.868883542557075e-34,3.899222000473616e-48,3.1562337744862433e-37,7.75830755131159e-39,1.4891717088970116e-79,1.5487419615474317e-63,3.100640143314329e-59,1.4215534112860342e-70,1.1353566699334121e-79,1.1218246655534532e-66,7.607397805546971e-18,1.0378226180135307e-14,4.9500850638351005e-21,6.88787652102258e-14,1.914099420470007e-51,3.5550058533322333e-51,6.240459262979671e-24,9.292508749739529e-17,3.4222440752794742e-68,9.59512690622559e-69,1.4466516314295783e-47,1.3756217972916733e-43,3.555019508194864e-51,6.175527461682592e-46,1.3522084737936248e-31,3.609075650275107e-30,2.854161732845838e-26,7.890395453341167e-15,3.384289850639144e-08,6.809985580039751e-23,6.277557634631065e-20,1.248323679002863e-21,9.82365306870139e-19,3.3537663385783516e-35,7.75565991412624e-33,4.491288995764026e-26,0.00018233692044069289,0.49999999565798275,5.9212534418637e-09,0.2499999933870043,5.779351923121314e-09,6.25249870892985e-14,5.032688944005875e-32,6.3002946635547815e-31,2.7909654156564275e-24,7.07136381587172e-35,3.893235470156127e-40,1.1078012441228359e-32,1.653512707683095e-39,1.1598532335282557e-41,2.6958756449488883e-24,4.3523219888195886e-17,6.019683170456216e-24,6.13368009569517e-17,0.0,1.9813382596063486e-41,1.1856702765459557e-52,1.0142375873745344e-11,1.7797991838238876e-20,2.843376260245633e-25,6.10985470698767e-63,1.0502850917093463e-18,5.7031077175729723e-11,1.3361684262104639e-25,3.2099789427182337e-21,1.6239534100509346e-24,1.2088819913275899e-27,5.884909488679656e-20,1.6942141518345469e-37,2.2078368701067476e-52,1.28994270357574e-36,8.544275119377678e-29,0.10000000023403982,1.255823262735593e-09,2.530891730879987e-13,7.97970506535918e-29,4.634959630462839e-49,2.3716526696457385e-34,6.138486584341817e-25,6.402040461632559e-35,6.199967282650932e-22,1.5470411340226166e-52,6.196817797977801e-21,2.0701253220424746e-20,8.006019653243553e-46,9.832845125649193e-33,1.0435066346450487e-33,2.2559906636944524e-06,9.336305548588213e-12,6.179999677391498e-05,3.221861523322895e-12,5.926738532781806e-29,7.619036360655355e-22,6.67204555830865e-25,1.2640254918907258e-54,7.97225036213692e-23,4.220807662009074e-15,9.847714172013212e-27,2.609798823657952e-18,1.5563582175631685e-67,2.3728696429390364e-30,2.3581640815229865e-22,2.4731913240010577e-29,1.931227759869437e-23,7.495409361478005e-21,7.629169505764302e-44,8.608853809104458e-29,1.0099724955572831e-23,0.0003339999552637734,4.467401999046461e-11,2.7699054699170223e-20,3.2319096359453594e-20,8.025720553181304e-48,6.838124716287099e-31,1.2411576278215773e-35,3.293861851830406e-44,2.644710725163427e-37,8.919125507549252e-47,1.5592481550819145e-15,6.060282220537408e-14,4.133399779821461e-14,3.5099999586046387e-06,5.164618439783164e-37,3.0696158571603505e-32,8.89627562546273e-14,1.7799999109564463e-06,3.7702205468539585e-34,2.1406663505507612e-26,8.797771305156773e-54,1.8052145152279885e-42,0.0,0.0,9.09163264648782e-22,7.179232343889916e-17,1.4694067735443275e-31,8.99926493907201e-18,6.785779058749021e-44,2.1806674155872828e-27,6.785780689068548e-44,6.783590390242961e-55,1.3430261417383207e-39,2.6611706895194863e-27,4.119728857199318e-21,7.492232146375454e-24,7.66745775078738e-37,3.0077712458903217e-30,9.197073533666584e-34,8.207305288758144e-28,3.3748693522471793e-23,1.9440136893188117e-40,1.0821500901038598e-46
0.3092140991185264,1.0512242453439354e-10,0.00017699999476284128,5.660692486746656e-30,4.274060157593037e-24,3.21718778537441e-33,6.676418305124256e-26,1.55003093361409e-36,6.812098498869792e-29,3.6851281132567596e-64,1.439147729849166e-51,3.834028970860081e-60,1.7247225144165424e-40,1.688497709623347e-33,2.4685822433960113e-47,1.4663965567077403e-36,2.5011246614694905e-38,4.174375009808659e-78,3.1671383753134713e-62,3.96046448470063e-58,2.7429544166885473e-69,3.098869227574119e-78,1.5629776731109083e-65,1.5913077253058683e-17,1.499063973877892e-14,1.2276786341509764e-20,9.953182208092792e-14,2.530993367448744e-50,3.945430663703524e-50,1.8863171082628917e-23,1.9420836363903165e-16,1.0052551983898553e-66,1.8338246550281437e-67,1.9115728820347067e-46,1.256805135833952e-42,3.9454516561655794e-50,5.0320747726255783e-45,5.910725982950511e-31,1.5774656841190857e-29,8.626354200822405e-26,1.637637014027329e-14,3.3817457466669045e-08,1.4296746128707246e-22,9.096040461307568e-20,2.618626537735766e-21,1.422033368702798e-18,1.526670968680272e-34,2.8007131488445964e-32,1.3355535486354688e-25,0.00018234272860798547,0.4999999937238893,8.566700045265305e-09,0.24999999043449872,8.346651049598009e-09,1.3065787805948123e-13,2.199948645882264e-31,2.7540952162726228e-30,8.435512703681061e-24,3.090672277014132e-34,2.4611848892235415e-39,4.8423671628788325e-32,7.701817217687278e-39,7.336213472318585e-41,7.905177234517747e-24,1.314896681123813e-16,1.2586109465567905e-23,8.867681026934889e-17,0.0,8.66229164004169e-41,7.49391035506918e-52,2.1190993472022915e-11,7.776665987693081e-20,5.944493855231951e-25,8.455329988081832e-62,3.1744425983583422e-18,8.239549590830937e-11,4.0390685625287092e-25,6.7076068728211595e-21,4.9078809755987014e-24,3.899194395267161e-27,1.2302493395756406e-19,7.405767907344392e-37,2.018330925346716e-51,6.948273505363035e-36,2.5748931809390252e-28,0.09999999967356167,1.8160261007282e-09,5.283536784234948e-13,3.1778109130651473e-28,3.2690639514147653e-48,2.1678407642291304e-33,2.6822848512840024e-24,4.045884022607634e-34,1.2968730596645617e-21,1.4253498156808052e-51,1.2956474053692647e-20,4.3278464580630117e-20,5.061848290226668e-45,2.972955342989066e-32,6.593431203776193e-33,2.2559864988967707e-06,1.3501103229627429e-11,6.179999533333666e-05,4.657836412158803e-12,3.573357329905969e-28,2.3015982768691326e-21,2.9151357978490386e-24,1.4439816296968976e-53,3.484496894130334e-22,8.818921133150012e-15,6.22430006467586e-26,7.886374436695981e-18,6.224313064746481e-66,1.50109501872578e-29,1.0305824727211933e-21,1.5630060145471175e-28,4.038518393916352e-23,2.26489620143847e-20,1.0084886769796416e-42,2.60299622666544e-28,2.1117878924683708e-23,0.0003339999353268299,6.454417002233255e-11,4.0096669041332e-20,9.76627171796084e-20,5.077284949915852e-47,2.067505342572244e-30,5.649972953308499e-35,2.387338324180307e-43,1.0665830784178398e-36,8.150681988442614e-46,2.2548011496552122e-15,1.266120720480784e-13,5.977276252844457e-14,3.5099999401385048e-06,2.257725139290393e-36,9.281106162851355e-32,1.286446520738912e-13,1.779999871238665e-06,8.09592286482465e-34,6.473488812729414e-26,8.360878623562489e-53,1.1129730583837474e-41,0.0,0.0,1.9010500436020298e-21,1.0366276828642028e-16,4.440042341573288e-31,1.3011735775314504e-17,2.9654566297979708e-43,4.555309581719592e-27,2.9654576601872687e-43,6.206885557077485e-54,4.057902006831605e-39,6.099702873175633e-27,5.981375769812008e-21,1.5671393164543867e-23,2.5019416884966567e-36,9.088160283931727e-30,2.780760151701659e-33,2.4815194299964523e-27,7.056805015258628e-23,8.49995287278176e-40,6.841509518063606e-46
0.44714961332713477,1.0740749290672171e-10,0.00017699999242664407,1.7699069579100183e-29,1.2200683096114802e-23,1.497492880194653e-32,1.5225842165955894e-25,7.25428803246727e-36,2.303995077157479e-28,7.049651266014168e-63,1.9036013817616834e-50,5.066325730440823e-59,1.1731987911457326e-39,6.452780961618084e-33,1.5637775725692516e-46,7.013767699169266e-36,8.503540236574628e-38,1.1778497625554367e-76,6.690674505924338e-61,5.31577849603381e-57,5.672046387345559e-68,9.079842364312153e-77,2.2753492764623424e-64,3.329468732072942e-17,2.164193284804428e-14,3.319950437303997e-20,1.437795971456831e-13,3.3480382733043237e-49,5.277131918895368e-49,5.700742807888926e-23,4.057798113889865e-16,3.0415417842330914e-65,3.505667885065046e-66,2.5259221402106208e-45,1.1480017266512286e-41,5.277169798100464e-49,5.071973131088343e-44,2.5832416865684856e-30,6.893441127172117e-29,2.6065887686346187e-25,3.4067799217560977e-14,3.378070140360606e-08,3.0069939411754844e-22,1.3191464024918226e-19,5.500781853976428e-21,2.0593969599259545e-18,7.214503554680178e-34,1.1741861654354276e-31,4.006324647357541e-25,0.00018235112765718783,0.49999999093008407,1.2396660760915606e-08,0.24999998616215252,1.2047468636694148e-08,2.729489862414309e-13,9.61521193643096e-31,1.2037420153686155e-29,2.5489936276388363e-23,1.3505459083035948e-33,1.5557667918787922e-38,2.1163136853411535e-31,3.665667886810808e-38,4.641036649770993e-40,2.923770216526091e-23,3.9708123548168844e-16,2.6313491685812313e-23,1.2818946729393473e-16,0.0,3.786765029630968e-40,4.7358522280048016e-51,4.425839883207698e-11,3.396760987158162e-19,1.2426473150935332e-24,1.1984518340842903e-60,9.592448776714776e-18,1.1899157001602472e-10,1.2207871752309759e-24,1.4011658025943517e-20,1.4828539901146256e-23,1.305707071401875e-26,2.5715018982014986e-19,3.2366939150243886e-36,1.8451266966593668e-50,4.024804726039042e-35,8.660782951560609e-28,0.09999999886288745,2.626126514712264e-09,1.10216821061602e-12,1.3230344361789214e-27,2.5633744783113547e-47,1.981484339361477e-32,1.171674641072682e-23,2.5563089623715286e-33,2.7130486933256808e-21,1.317710500065739e-50,2.7087825375423842e-20,9.046845505938617e-20,3.200328557300411e-44,8.988053806021455e-32,4.16483159125688e-32,2.2559804762272814e-06,1.9523772718371404e-11,6.179999324853876e-05,6.733017940313703e-12,2.1868828423424442e-27,6.949589812058443e-21,1.2732079208448673e-23,1.75270572003909e-52,1.5226836175116587e-21,1.8419242083850363e-14,3.933483224277272e-25,2.382371223570505e-17,2.4911668244237785e-64,9.498235234700442e-29,4.502763387270078e-21,9.87579310202592e-28,8.44531413285887e-23,6.841559634797352e-20,1.3333170673755567e-41,7.870065057684089e-28,4.415403377652749e-23,0.00033399990651719657,9.321473312933475e-11,5.806995128505221e-20,2.9502561636707254e-19,3.212813318991399e-46,6.25063872892271e-30,2.66999507336469e-34,1.8872765664409982e-42,4.812872134650853e-36,7.447472506732031e-45,3.260634562658226e-15,2.644094166495411e-13,8.643712039594793e-14,3.5099999134345722e-06,9.870009454962964e-36,2.8059921604083203e-31,1.8602476051133257e-13,1.7799998138068325e-06,1.758125788183736e-33,1.9580345672621104e-25,8.100182603723081e-52,7.281133159366566e-41,0.0,0.0,3.974929186485628e-21,1.4958180085705537e-16,1.3411664653513558e-30,1.8811969780182748e-17,1.295578171034016e-42,9.511348772698895e-27,1.2955788221372768e-42,5.681547522762017e-53,1.2256222888920325e-38,1.4373291750168342e-26,8.699433107641427e-21,3.2783265024548925e-23,8.367232424729273e-36,2.745057519944149e-29,8.407126492236085e-33,7.502564896455311e-27,1.4755142001276934e-22,3.716368701746485e-39,4.325162904175078e-45
0.646615976660124,1.1071193314935057e-10,0.00017699998904832398,5.850189927443083e-29,3.583864295476624e-23,7.338450293197889e-32,3.711890790304226e-25,3.510816497102417e-35,8.196885579115288e-28,1.3482249261789989e-61,2.5177327711576547e-49,6.690616209120062e-58,8.274348289889611e-39,2.793203173554105e-32,9.913327342504061e-46,3.498492607926939e-35,3.1718501096666978e-37,3.349164523998195e-75,1.4789474094423771e-59,7.5121728424222075e-56,1.272981680234487e-66,2.8735105465511345e-75,3.5800610607170346e-63,6.968348675779258e-17,3.122140767981082e-14,9.461774579700773e-20,2.076004824714934e-13,4.4285917430037537e-48,8.951041637664794e-48,1.7223861655835945e-22,8.475208697267912e-16,9.58889578208895e-64,6.6972279833442505e-65,3.3357518685600003e-44,1.0479835355367832e-40,8.951127601341944e-48,6.464553973271099e-43,1.1286879394244277e-29,3.0114484153412565e-28,7.873506164103929e-25,7.098732520681516e-14,3.3727619688913817e-08,6.340959758028567e-22,1.915458308396397e-19,1.1578078644409976e-20,2.9843219324563365e-18,3.542826325002947e-33,5.646190495062156e-31,1.2070551619707654e-24,0.00018236327328504317,0.49999998689637476,1.7944317973214992e-08,0.24999997997820053,1.737476480298179e-08,5.699418808303876e-13,4.201454599291416e-30,5.260003347977797e-29,7.699841755536369e-23,5.899594911673452e-33,9.832213800774451e-38,9.246686823141067e-31,1.7909557923142267e-37,2.9364919911015792e-39,1.3430214990510134e-22,1.198402664459484e-15,5.50073583060188e-23,1.852794098039929e-16,0.0,1.6551530425196248e-39,2.992238317082705e-50,9.238437964340375e-11,1.482888626158492e-18,2.597240328065707e-24,1.7609985060330578e-59,2.897673296416086e-17,1.7173935290339097e-10,3.688987574115189e-24,2.9255261834648417e-20,4.478524229457278e-23,4.543372603767896e-26,5.373958993966026e-19,1.4142396053135698e-35,1.6863614288763515e-49,2.43134666513405e-34,3.1916420051619648e-27,0.09999999769021967,3.7975998122395964e-09,2.296661479153142e-12,5.637684568406662e-27,2.1556528613711713e-46,1.8105581797239695e-31,5.115579491244498e-23,1.6144723975323654e-32,5.676634508983129e-21,1.2236965417698071e-49,5.662613665100955e-20,1.8908209391572942e-19,2.0231334075926293e-43,2.717044839300701e-31,2.6293590030720067e-31,2.255971766895071e-06,2.823310492839379e-11,6.179999023041252e-05,9.731065457014729e-12,1.35146178986593e-26,2.097005789441595e-20,5.557754199028166e-23,2.2102306560192402e-51,6.651810963040574e-21,3.84495904016476e-14,2.4849642026178566e-24,7.19352282438175e-17,9.958271601629364e-63,6.011417406543695e-28,1.9665421236222054e-20,6.237430213247165e-27,1.7661429431644765e-22,2.0656214521868353e-19,1.7621420431574598e-40,2.3793002215512694e-27,9.231253440690424e-23,0.0003339998648995483,1.3454268525626006e-10,8.415553888794201e-20,8.90820582548036e-19,2.0335145418245213e-45,1.8895392978236696e-29,1.3111362594246201e-33,1.5816910914660272e-41,2.415204660549366e-35,6.801705057239951e-44,4.7151937044808334e-15,5.518460121117542e-13,1.2499676245889378e-13,3.5099998748177117e-06,4.314715013099419e-35,8.482643989756146e-31,2.6899442504493506e-13,1.7799997307627241e-06,3.8782839494865414e-33,5.923908960000402e-25,8.075323838689395e-51,5.019338772454056e-40,0.0,0.0,8.310791009804051e-21,2.15634204585302e-16,4.0491359247595795e-30,2.7195130090990134e-17,5.657866760121445e-42,1.9845924675784378e-26,5.657870872920613e-42,5.202257793445389e-52,3.699795905415607e-38,3.495222235294445e-26,1.2684014736136485e-20,6.859081690249238e-23,2.8805251845779124e-35,8.287089783806092e-29,2.541490612146113e-32,2.268112763364622e-26,3.085006310865164e-22,1.62475613189681e-38,2.7339205680638806e-44
0.9350611267692971,1.1549051329936425e-10,0.0001769999841630257,2.092856803056995e-28,1.0683773216164747e-22,3.824183173230273e-31,9.993686745466982e-25,1.7835952314684925e-34,3.1189914911642245e-27,2.577577084470135e-60,3.3296843319098765e-48,8.828395425893493e-57,6.139204089809755e-38,1.3719141688269754e-31,6.290883134484748e-45,1.8493853415532305e-34,1.3662999281315053e-36,9.623878762384813e-74,3.4767864048533696e-58,1.138556786875534e-54,3.206358844556286e-65,1.0103274578266692e-73,6.3927889775720485e-62,1.4590430046053397e-16,4.4993289632905124e-14,2.7741190815081575e-19,2.9954658952709143e-13,5.857593734666958e-47,1.8635970805804035e-46,5.201870723775987e-22,1.7691939483836448e-15,3.1999327380588516e-62,1.27833177452883e-63,4.4016920624463466e-43,9.558649478050394e-40,1.8636215016954277e-46,9.833498486301682e-42,4.9296598646947705e-29,1.3149766856166787e-27,2.3771007928963654e-24,1.4808831169118484e-13,3.365100655138759e-08,1.342020168365714e-21,2.7862094411758666e-19,2.443828856709038e-20,4.3285270380724546e-18,1.8085919219255517e-32,3.0128818722112025e-30,3.644865046809677e-24,0.00018238083666552007,0.49999998107653854,2.5985851939461094e-08,0.2499999710236655,2.5027753941086293e-08,1.1893101111933315e-12,1.8352236050741674e-29,2.2976950108336007e-28,2.324804181828644e-22,2.5759200227505397e-32,6.211944014439663e-37,4.0385480716158076e-30,9.017969670683453e-37,1.8586167159641353e-38,7.116161383098735e-22,3.6136336506946745e-15,1.1497370268790015e-22,2.677345651428939e-16,0.0,7.232923367544206e-39,1.890435803162532e-49,1.9268715267000546e-10,6.468797184210519e-18,5.427214387356562e-24,2.7340096173578477e-58,8.74911109166152e-17,2.476559626983768e-10,1.1143983892692647e-23,6.104055815312786e-20,1.3518510020589654e-22,1.6422919489233867e-25,1.12273501257024e-18,6.177176717982532e-35,1.540755756368745e-48,1.5015575503064982e-33,1.2549331402718025e-26,0.09999999599368938,5.491648621843946e-09,4.778166045331115e-12,2.4291418665109232e-26,1.8867165465085848e-45,1.653642149518523e-30,2.2318957029624174e-22,1.019033680414299e-31,1.1880260126856496e-20,1.1435443135994753e-48,1.1835738457448275e-19,3.950930919164493e-19,1.2787295724062117e-42,8.212232521328767e-31,1.6587055815474136e-30,2.2559591723723318e-06,4.082762766712247e-11,6.179998585901914e-05,1.4060563319197574e-11,8.403890144468572e-26,6.321526384121627e-20,2.424110470896753e-22,2.854233763910706e-50,2.9044891784565205e-20,8.019927215055844e-14,1.5691319681188972e-23,2.1706266959411288e-16,3.974768986271511e-61,3.8059019660512496e-27,8.583798724529544e-20,3.937197616718474e-26,3.6939046277029054e-22,6.232196975910153e-19,2.3278011493670607e-39,7.192356616033089e-27,1.9297812810873723e-22,0.0003339998048075259,1.9403127086044343e-10,1.2207556739158253e-19,2.6880118917551214e-18,1.2875621309729857e-44,5.711107205423746e-29,6.692911446560881e-33,1.3735565257292618e-40,1.317622059217386e-34,6.207832978466512e-43,6.8188151387488255e-15,1.1507528817703903e-12,1.8075879002098936e-13,3.509999818972961e-06,1.8860590619059625e-34,2.5639845665388084e-30,3.8896132090552725e-13,1.779999610688911e-06,8.741141270387711e-33,1.7927929968396132e-24,8.396661987415833e-50,3.6645804554301487e-39,0.0,0.0,1.7374897021789442e-20,3.1042360794786337e-16,1.2216037763373682e-29,3.930855069401299e-17,2.4693271741984587e-41,4.136898055783766e-26,2.4693297707517516e-41,4.765568799436078e-51,1.1159919713370727e-37,8.790747232437581e-26,1.8558335812827183e-20,1.4354187854959559e-22,1.0241439005429912e-34,2.4999308759976833e-28,7.681872192589597e-32,6.855908669018245e-26,6.449663484909783e-22,7.102480720569202e-38,1.7277289569985182e-43
1.3521770917433409,1.2240091201810465e-10,0.0001769999770985497,8.343672220227783e-28,3.208649424708187e-22,2.149324688309829e-30,3.0414312593889973e-24,9.682550882235097e-34,1.2878124123828303e-26,4.926490516040749e-59,4.403313860855938e-47,1.1636745223480604e-55,4.873291858037262e-37,7.452646312102305e-31,3.997893062588618e-44,1.0533661003078478e-33,7.100050376715862e-36,2.805232839302774e-72,8.830044428732793e-57,1.9042340087669011e-53,9.498910691099671e-64,4.128569813805015e-72,1.3614567875727054e-60,3.056767014146566e-16,6.474075263755314e-14,8.249107503644631e-19,4.317915938565598e-13,7.74787936017128e-46,4.404447760828134e-45,1.5701562381546167e-21,3.6902946174072306e-15,1.149152877245902e-60,2.4375296483864704e-62,5.802168983529484e-42,8.70812973051208e-39,4.4045285708839077e-45,1.6538098044236487e-40,2.1518992364415042e-28,5.738228671857657e-27,7.17157426491009e-24,3.0918759045551824e-13,3.3540525198121516e-08,2.8547631301109093e-21,4.0627373170682113e-19,5.178783673686169e-20,6.286051788946152e-18,9.587966268215141e-32,1.7210748824019562e-29,1.1019957885690164e-23,0.00018240623432739505,0.4999999726880552,3.7654317125166124e-08,0.24999995804971928,3.5989406593945256e-08,2.4794095120375854e-12,8.012367378623536e-29,1.0032032031972426e-27,7.014385718245273e-22,1.1239899748473464e-31,3.9230367874420576e-36,1.7628870561353145e-29,4.691394365564381e-36,1.177466360857688e-37,4.0688379829504264e-21,1.0882618942663277e-14,2.402607860207867e-22,3.8675928287325316e-16,0.0,3.1597666574690093e-38,1.1950010794153805e-48,4.0142475147496385e-10,2.818806386375226e-17,1.13369981834658e-23,4.608132748806733e-57,2.6398636395277323e-16,3.5668594078958085e-10,3.364958098729116e-23,1.272328857199138e-19,4.0772934113859175e-22,6.1544273485095515e-25,2.3446618101796047e-18,2.696791426644928e-34,1.4071762544499552e-47,9.374873512936579e-33,5.1418336842069047e-26,0.09999999353881246,7.941385410325047e-09,9.918282827257157e-12,1.0514182744391378e-25,1.686212477011547e-44,1.509431385755423e-29,9.72765925310461e-22,6.426570272753024e-31,2.4871349688481653e-20,1.077895038200042e-47,2.4733224579316366e-19,8.252735742893364e-19,8.08036011233139e-42,2.481585325119262e-30,1.0452372373275175e-29,2.2559409594307682e-06,5.904056923088918e-11,6.179997952325047e-05,2.0308999553147104e-11,5.245320327855481e-25,1.9030059306745568e-19,1.0561013097777263e-21,3.7440968796641805e-49,1.267394596841908e-19,1.6709240731976816e-13,9.901756962309632e-23,6.543526552768237e-16,1.5841514318448609e-59,2.4107682042174106e-26,3.743685387002561e-19,2.483200122882596e-25,7.728507428814096e-22,1.8784115378405415e-18,3.073297164695544e-38,2.1738141459783803e-26,4.033612438600253e-22,0.00033399971809772313,2.7948484180717623e-10,1.773254574416392e-19,8.103149750487898e-18,8.156880753330549e-44,1.7257864533300352e-28,3.547712740870522e-32,1.2174376267727809e-39,7.608615320446713e-34,5.660687981919689e-42,9.861803069613176e-15,2.396635528352863e-12,2.613985946990699e-13,3.5099997382135717e-06,8.243358032276072e-34,7.748398077707086e-30,5.624138121713343e-13,1.779999437083329e-06,2.027870294972703e-32,5.427887440011432e-24,9.263298981510294e-49,2.8688253064067437e-38,0.0,0.0,3.6320705249051254e-20,4.459891595160605e-16,3.681703790962732e-29,5.680607055216532e-17,1.0767782769234069e-40,8.611212824056011e-26,1.0767799150045423e-40,4.368512616113701e-50,3.3624588542916805e-37,2.286917599044821e-25,2.7285711539552156e-20,3.0049129218983774e-22,3.7657613424838546e-34,7.533306611152386e-28,2.3214292934137472e-31,2.07198265799353e-25,1.3482653211074851e-21,3.1043028888308636e-37,1.0915321461791274e-42
1.9553618850060341,1.3239428289414055e-10,0.00017699996688288065,3.771927765412155e-27,9.672700167431122e-22,1.318118429256402e-29,1.0442117931910891e-23,5.710015121798604e-33,5.80839350526684e-26,9.413738638749135e-58,5.823252744080647e-46,1.5316191535081007e-54,4.200627758295571e-36,4.322811787493885e-30,2.5457245094202607e-43,6.541218554565704e-33,4.50701899734261e-35,8.332089919701123e-71,2.445975893650677e-55,3.59761463204842e-52,3.4486568162734216e-62,2.0526760989440742e-70,3.5449377995918987e-59,6.409398372443557e-16,9.29499340343676e-14,2.4686422861404763e-18,6.215393977009667e-13,1.0249312552102715e-44,1.1107933006792324e-43,4.7355592778407036e-21,7.688760282405629e-15,4.494505492002285e-59,4.642209542093598e-61,7.637394695837217e-41,7.920079615569275e-38,1.11082231335616e-43,2.9235638485885324e-39,9.386076786050108e-28,2.5016712207181944e-26,2.1613734010886812e-23,6.459360032630405e-13,3.33814010867394e-08,6.115405971894e-21,5.944124492671286e-19,1.1035392856612842e-19,9.144567624202328e-18,5.263534367160626e-31,1.0239445036629837e-28,3.3345968704465376e-23,0.00018244296049709695,0.4999999606144555,5.4610008474517075e-08,0.2499999392367588,5.162346304659692e-08,5.161865679149005e-12,3.4955844982580686e-28,4.3770704740252385e-27,2.1142556815799976e-21,4.9002945103741145e-31,2.476060844506713e-35,7.689149836876713e-29,2.522439105131393e-35,7.482679181534357e-37,2.4166380692263178e-20,3.271336844168074e-14,5.019175027489494e-22,5.584358581407881e-16,0.0,1.3797576960527065e-37,7.574426783650767e-48,8.348937126772689e-10,1.226378184583147e-16,2.3670713720223558e-23,8.731605916889384e-56,7.957375706085162e-16,5.127903158405804e-10,1.0154052812962412e-22,2.648216460702733e-19,1.2283103507741025e-21,2.38203600890093e-24,4.893541457704843e-18,1.1766268914043922e-33,1.2846356872935346e-46,5.882175417802632e-32,2.1589106311420927e-25,0.09999998998568568,1.1483910211579316e-08,2.052033281743537e-11,4.5547975360128295e-25,1.523012488486009e-43,1.3766768971258683e-28,4.233522395601266e-21,4.0480526278113955e-30,5.209012493474533e-20,1.0278226741217484e-46,5.166918777429337e-19,1.7229753717975955e-18,5.10435806812685e-41,7.496485830390833e-30,6.576306494171699e-29,2.2559146215557776e-06,8.537844422163211e-11,6.179997033152301e-05,2.93189346632207e-11,3.2798935741757284e-24,5.71723491975469e-19,4.593439950934206e-21,4.969300569564794e-48,5.525098686152629e-19,3.4756267730678743e-13,6.242485885932765e-22,1.969868682796647e-15,6.303837740626973e-58,1.5281587141840063e-25,1.6308195038009288e-18,1.5643241729040294e-24,1.618659227496458e-21,5.653322427840802e-18,4.054607558915369e-37,6.568577340057573e-26,8.429339383278898e-22,0.0003339995930984349,4.0187201964957996e-10,2.580886860062352e-19,2.439342106680046e-17,5.17155701255096e-43,5.213288608635632e-28,1.947162704940111e-31,1.091384693267851e-38,4.5503093567065956e-33,5.155234552600493e-41,1.4266626285237794e-14,4.982374025894456e-12,3.780172712924837e-13,3.50999962142205e-06,3.6022060845464605e-33,2.3408938716246865e-29,8.13178539552184e-13,1.7799991861003574e-06,4.885183678459436e-32,1.6442896058844923e-23,1.1037591609455627e-47,2.440822597030414e-37,0.0,0.0,7.591316947869873e-20,6.389178820103668e-16,1.107948716466534e-28,8.206821135992974e-17,4.689535403257212e-40,1.788831793607776e-25,4.689545726495405e-40,4.008435046670891e-49,1.0114639061825908e-36,6.141446365809027e-25,4.03861664397906e-20,6.293375367152225e-22,1.4308101806486225e-33,2.266566379379194e-27,7.013154651535368e-31,6.260258297308216e-25,2.8181314333166207e-21,1.3565031562115234e-36,6.893139737539429e-42
2.8276178650570496,1.4684626983303925e-10,0.0001769999521104873,1.916956572547e-26,2.921628100423365e-21,8.844785145818842e-29,3.9409334786864353e-23,3.6900486992029134e-32,2.849171966430606e-25,1.798278423514969e-56,7.701338868226545e-45,2.011740095730491e-53,3.959179847977383e-35,2.60050954273643e-29,1.6253048272121248e-42,4.436579287170208e-32,3.4299302862027707e-34,2.533719378579631e-69,7.380794805733705e-54,7.681199667002231e-51,1.5512672415160053e-60,1.2676785165289053e-68,1.1169061715817192e-57,1.3454896294969777e-15,1.3302743138922657e-13,7.403846838935207e-18,8.928437768400495e-13,1.3560555793662974e-43,2.890223977428988e-42,1.4265511041558274e-20,1.599350822486837e-14,1.9182421587491903e-57,8.827912061084438e-60,1.0032844308147301e-39,7.186151362804712e-37,2.890332339430396e-42,5.292888277478073e-38,4.089323241677895e-27,1.0891670665717861e-25,6.504183001082699e-23,1.350085410819794e-12,3.3152628481083605e-08,1.3225277355786186e-20,8.73630746524789e-19,2.369466489086373e-19,1.3333773974209445e-17,2.9789263363231538e-30,6.234120493190907e-28,1.0097753351037448e-22,0.00018249606751922503,0.49999994327201996,7.929816644813449e-08,0.24999991192564122,7.378472733251104e-08,1.0725202876062882e-11,1.5234464656279628e-27,1.907842676848981e-26,6.3635053460162834e-21,2.1342498665123234e-30,1.5614652316244521e-34,3.349913126201849e-28,1.399007144694616e-34,4.812620120925231e-36,1.4633619153010745e-19,9.807667185307357e-14,1.0480616076831489e-21,8.057706695158054e-16,0.0,6.021038744693228e-37,4.84635738680432e-47,1.732273927486034e-09,5.323512255393062e-16,4.9388311236894975e-23,1.9318890506622131e-54,2.3951794353286573e-15,7.35293835450045e-10,3.061252308184635e-22,5.500495491423381e-19,3.694125229998458e-21,9.473676453282341e-24,1.0204490409280567e-17,5.130440304938066e-33,1.1724057996918325e-45,3.6972736082321306e-31,9.190919787266903e-25,0.09999998484116403,1.660669760060099e-08,4.2254621354051825e-11,1.9701142615311922e-24,1.3840162764118023e-42,1.2541406853066597e-27,1.838528878604002e-20,2.545419440859902e-29,1.0915434432779327e-19,9.948533604785017e-46,1.0789173640258866e-18,3.594566330399807e-18,3.22291263911962e-40,2.2635214281382698e-29,4.128301182440909e-28,2.255876533855001e-06,1.2346614499734256e-10,6.179995697856124e-05,4.229423620059656e-11,2.0514188688496625e-23,1.7126693696409143e-18,1.9931081774476606e-20,6.663532845069419e-47,2.405316237869458e-18,7.212529755887072e-13,3.930219914112374e-21,5.918286776026996e-15,2.503287303976102e-56,9.696802316607943e-25,7.092062740441528e-18,9.838029252754999e-24,3.400601152498222e-21,1.6978457380004803e-17,5.3438132576796e-36,1.984140446169169e-25,1.7610573971448744e-21,0.0003339994131450606,5.764045991981192e-10,3.76697307523299e-19,7.328591102451342e-17,3.282504880500192e-42,1.5740934312170776e-27,1.101595355876269e-30,9.84292794985373e-38,2.777118314559016e-32,4.686387111559732e-40,2.065592682690938e-14,1.0330887214789511e-11,5.466717684132781e-13,3.50999945251778e-06,1.5736428128266236e-32,7.069168620168275e-29,1.1756754613185095e-12,1.779998823294271e-06,1.2339219788481281e-31,4.985061146308135e-23,1.4384844720540743e-46,2.2735597120262352e-36,0.0,0.0,1.586280346125031e-19,9.115317817313088e-16,3.327046700350088e-28,1.1851432143631717e-16,2.0386858889449248e-39,3.7051284028755545e-25,2.038692384840255e-39,3.682846060377149e-48,3.035517638880814e-36,1.6963409085495703e-24,6.03150287697701e-20,1.318902118058322e-21,5.601357454145744e-33,6.804250767617961e-27,2.1177892315976138e-30,1.890740880243803e-24,5.889782981792753e-21,5.925662524972975e-36,4.350495909787667e-41
4.088973428448061,1.6774657113556917e-10,0.00017699993074902243,1.063821463108617e-25,8.83462626866481e-21,6.439639475501722e-28,1.581836925758665e-22,2.604374419833763e-31,1.4996116112727547e-24,3.4335427684425046e-55,1.0185070670942328e-43,2.6344588686446557e-52,4.06218665389179e-34,1.5919068140324074e-28,1.0411461807821804e-41,3.256364470283197e-31,3.032040019003208e-33,7.922756680613504e-68,2.3977001659426933e-52,1.808798537440645e-49,8.425935560250248e-59,9.552006138980961e-67,4.130850003470115e-56,2.8291445072813613e-15,1.8951938730538565e-13,2.219846141407631e-17,1.2788015791827974e-12,1.7944813479931162e-42,7.629162377885471e-41,4.290069406924006e-20,3.319020841005705e-14,8.851021879041692e-56,1.6768349719624554e-58,1.3141258724461404e-38,6.497831387477761e-36,7.62957463703658e-41,9.684376628265744e-37,1.7787061420699093e-26,4.732707024729125e-25,1.9530520485985718e-22,2.8229163693426482e-12,3.2824574187889e-08,2.8962180578688216e-20,1.2916283989535302e-18,5.139962628675656e-19,1.9500651959886995e-17,1.7285606040197715e-29,3.84374242893678e-27,3.0602370781939243e-22,0.0001825728601924666,0.4999999184325063,1.1534372461312033e-07,0.2499998722151196,1.0492019368886319e-07,2.2220921478185658e-11,6.629529510618417e-27,8.303721927658145e-26,1.9112927689344216e-20,9.288070813434888e-30,9.834931678908184e-34,1.4570305400828917e-27,7.97264972567844e-34,3.2454786621288843e-35,8.94876065177895e-19,2.9291725311565207e-13,2.1870546341702814e-21,1.1615139110131363e-15,0.0,2.6250412199525667e-36,3.1916095464332393e-46,3.5818523434711734e-09,2.3032967970744553e-15,1.029443896578866e-22,5.142832692827685e-53,7.194662262625206e-15,1.0503747796011868e-09,9.217000316303152e-22,1.1390469777593445e-18,1.1082985033216801e-20,3.849492394539102e-23,2.1252928006661915e-17,2.2366521698077324e-32,1.0704322383385087e-44,2.323747104149676e-30,3.9414494643760774e-24,0.09999997738902311,2.4014675907308102e-08,8.641722998188905e-11,8.491062205481792e-24,1.2663254338700485e-41,1.1405939445934466e-26,7.959847253422344e-20,1.596563751418372e-28,2.2887243085312e-19,9.809698517395985e-45,2.2514586346196013e-18,7.491376438855612e-18,2.033581358951329e-39,6.829989409385798e-29,2.583145869803335e-27,2.2558214538559567e-06,1.7854614404322638e-10,6.179993754485495e-05,6.09456364414306e-11,1.2814239955358333e-22,5.109138468557619e-18,8.618367137235928e-20,9.02761076981271e-46,1.0450732603085324e-17,1.4916737682864075e-12,2.4696251554113297e-20,1.7729947514782112e-14,9.910150744871575e-55,6.161876310064993e-24,3.07661625899894e-17,6.172065009387551e-23,7.209542341635216e-21,5.083567494782109e-17,7.032519835214586e-35,5.990457408192257e-25,3.6778901570124196e-21,0.0003339991545725608,8.23761101401184e-10,5.520451802944346e-19,2.195397012157245e-16,2.086800314960703e-41,4.749574452416722e-27,6.388386322568226e-30,8.90174782557105e-37,1.7138425929475594e-31,4.248989000892008e-39,2.9981379467277024e-14,2.1340602577538256e-11,7.905897941368127e-13,3.5099992082389323e-06,6.87158418916098e-32,2.1334879209897832e-28,1.6996048191577079e-12,1.7799982989309191e-06,3.2985605155607066e-31,1.5130199192846604e-22,2.0535539890624843e-45,2.310231126218292e-35,0.0,0.0,3.313585111040064e-19,1.2927939634067681e-15,9.96004743160108e-28,1.7104096962582758e-16,8.839862961560899e-39,7.642119030072444e-25,8.839903748010807e-39,3.3893289673353124e-47,9.079525202728279e-36,4.797947987452147e-24,9.113740671436766e-20,2.7664506871798803e-21,2.2496392311527888e-32,2.0360968794005747e-26,6.391153067847433e-30,5.707307117087009e-24,1.2309839152897057e-20,2.5873158988750105e-35,2.7433820323646915e-40
5.912999739169831,1.9797327402337538e-10,0.0001769998998598709,6.241935193895192e-25,2.6734454013747397e-20,5.006329023190379e-27,6.57405397281563e-22,1.9797280678954834e-30,8.324009094743438e-24,6.550858739132114e-54,1.3468515889206687e-42,3.4350307502186616e-51,4.4745675752943645e-33,9.803042839395907e-28,6.69606462881486e-41,2.5448626760000086e-30,3.013987149884129e-32,2.555869605272193e-66,8.239747161537176e-51,4.542878427616526e-48,5.279999999782054e-57,8.406355731266328e-65,1.7330616900014914e-54,5.962317100414525e-15,2.6824659662239517e-13,6.64141171018636e-17,1.823856459529094e-12,2.3750696892765716e-41,2.0240402908626283e-39,1.2869935611754706e-19,6.864432966910524e-14,4.3425517531053837e-54,3.193462457675025e-57,1.7140723941311986e-37,5.846493243373064e-35,2.024198287123345e-39,1.7766232470351825e-35,7.718376142911535e-26,2.0506886537263856e-24,5.846230420992163e-22,5.904354922759825e-12,3.2355912999536776e-08,6.444755358350746e-20,1.923754538031664e-18,1.1300340890494589e-18,2.862631155924977e-17,1.022342860935385e-28,2.3851241294999842e-26,9.283641352713789e-22,0.00018268389894165055,0.49999988299618,1.681636660131539e-07,0.24999981435350638,1.481056784201454e-07,4.584836915320568e-11,2.8787110786479675e-26,3.606586688059336e-25,5.723316999869682e-20,4.045277045180637e-29,6.183613271067136e-33,6.322146969548647e-27,4.6442437750750636e-33,2.582342026480598e-34,5.4950146270516335e-18,8.700211586329735e-13,4.559589909420875e-21,1.6719511976934317e-15,0.0,1.1429223829480237e-35,2.2742046311037117e-45,7.369923980210469e-09,9.918607985881488e-15,2.1426610463997483e-22,1.6589253601186663e-51,2.1547128943432832e-14,1.4923127292582975e-09,2.7699795904744374e-21,2.3485087316268196e-18,3.313399216160799e-20,1.5888451986928495e-22,4.4184316954599963e-17,9.770409766555749e-32,9.804616337099156e-44,1.4584079777875845e-29,1.6955524749302628e-23,0.09999996658787572,3.472722887222782e-08,1.7501166348620113e-10,3.63845683535994e-23,1.1776144640023558e-40,1.0348185611220085e-25,3.430965516100209e-19,9.978167638260116e-28,4.801986226827809e-19,9.885187776790806e-44,4.6939055854024126e-18,1.5589254975816538e-17,1.281882599347385e-38,2.058894921177171e-28,1.6087582123814038e-26,2.255741799226512e-06,2.5820077348778603e-10,6.179990919191481e-05,8.768469377390635e-11,7.980804467007892e-22,1.5150012393302268e-17,3.7081897461419386e-19,1.2364977068095954e-44,4.527832598380705e-17,3.0701292418121248e-12,1.5474943612733967e-19,5.289658637978834e-14,3.905677907207362e-53,3.9233441131775835e-23,1.3299681460143392e-16,3.8585729440242623e-22,1.5689026550090295e-20,1.5154195119996358e-16,9.235077799578403e-34,1.807337746271241e-24,7.678101613219863e-21,0.0003339987840260889,1.1712027445933588e-09,8.137878779874593e-19,6.549373613459043e-16,1.3297017233885593e-40,1.4317853084525023e-26,3.7749803707280993e-29,8.055230007922795e-36,1.0633719066240918e-30,3.837809611382609e-38,4.384295070562764e-14,4.3845840406532464e-11,1.1433773088482789e-12,3.509998854930419e-06,2.998713139798908e-31,6.433235206418914e-28,2.456682924866345e-12,1.7799975412514815e-06,9.401553469797394e-31,4.599260338167903e-22,3.1776188077217173e-44,2.526565887233581e-34,0.0,0.0,6.918424621615738e-19,1.8181245948432175e-15,2.9686054614549835e-27,2.466289739424978e-16,3.818812512720458e-38,1.5668221939776285e-24,3.8188380417954534e-38,3.1253403771801005e-46,2.702804718894571e-35,1.3834365600510676e-23,1.3974566347984057e-19,5.809630114959765e-21,9.223371312366538e-32,6.064883533024694e-26,1.926997038581835e-29,1.7214048877516052e-23,2.5744251824879208e-20,1.1289318607843916e-34,1.7278043366208906e-39
8.550695309529694,2.416899727774528e-10,0.000176999855194172,3.778423392026887e-24,8.094592232978659e-20,4.0820138907386906e-26,2.7794327489430337e-21,1.5912017438061305e-29,4.793493769644216e-23,1.248378966042168e-52,1.7805379653631287e-41,4.451079122643501e-50,5.198500483492041e-32,6.0287977056147114e-27,4.324971506331024e-40,2.0805957594069084e-29,3.2683348046228435e-31,8.518904543316248e-65,2.9418376639495066e-49,1.1828247759863056e-46,3.646927922806393e-55,8.239361305405936e-63,7.983924101936102e-53,1.2604153394160624e-14,3.7617014433460105e-13,1.9792525020575956e-16,2.5854565415794243e-12,3.1438425878671104e-40,5.361813441891008e-38,3.847303743884213e-19,1.4128049309334447e-13,2.2244208987350978e-52,6.215913803079403e-56,2.2223897863719664e-36,5.223471056857996e-34,5.362419058936173e-38,3.24763478784374e-34,3.337811704037718e-25,8.849621162668967e-24,1.742125175303361e-21,1.2352496877149793e-11,3.168999916616845e-08,1.462359582348767e-19,2.8901409251437428e-18,2.5268374497652837e-18,4.220679389675317e-17,6.127526582995342e-28,1.4836124336667373e-25,2.8199305484639377e-21,0.0001828444484046122,0.4999998327166707,2.4592637475880897e-07,0.24999972981225954,2.0690423806341114e-07,9.403596023745614e-11,1.2461190195902878e-25,1.5617610964950982e-24,1.7063964280253137e-19,1.7735358960025055e-28,3.877990064972791e-32,2.733773924386947e-26,2.749457363829366e-32,3.035071105733134e-33,3.3736457672690765e-17,2.563708724969948e-12,9.493036776693734e-21,2.4018035608700736e-15,0.0,4.966528395904634e-35,1.9308370395573832e-44,1.505849892742104e-08,4.2422691920214197e-14,4.450381656420629e-22,6.331151459645546e-50,6.425434098459368e-14,2.10354812237592e-09,8.303131244929177e-21,4.81191040439203e-18,9.85567297684961e-20,6.624377841349354e-22,9.162217120138599e-17,4.308629077602383e-31,9.090530214471228e-43,9.128543283259227e-29,7.294902182307017e-23,0.09999995092216345,5.021846708842125e-08,3.4948570085187275e-10,1.5456958902037885e-22,1.1461097759913334e-39,9.355945002844045e-25,1.4694750857966744e-18,6.204045881463513e-27,1.0081089876462091e-18,1.019902167351783e-42,9.772815438425448e-18,3.23707407041821e-17,8.068980923358178e-38,6.197829079269335e-28,9.951817837772834e-26,2.255626602388383e-06,3.7339761161916337e-10,6.179986769570719e-05,1.2587073030302262e-10,4.945669081701017e-21,4.4538304175658284e-17,1.584166296795561e-18,1.7132233658999786e-43,1.953769245580974e-16,6.275358072170701e-12,9.657887779266579e-19,1.5688563040328684e-13,1.52936953480065e-51,2.504700425499543e-22,5.720189419975219e-16,2.4000936522459797e-21,3.6607535793903417e-20,4.489095531997926e-16,1.2090235786160632e-32,5.447209836068213e-24,1.6025894548027127e-20,0.00033399825496998453,1.6529651105104768e-09,1.2103919527111637e-18,1.9422011898460282e-15,8.502760765768057e-40,4.311668011308915e-26,2.2595696664460603e-28,7.280575703518661e-35,6.608004791052418e-30,3.447507644627141e-37,6.552799131259314e-14,8.938873701946201e-11,1.6536663382288276e-12,3.5099983438896335e-06,1.3074266406484201e-30,1.9373851155400287e-27,3.5502951304154848e-12,1.7799964468214654e-06,2.8676771004457802e-30,1.4010283569010169e-21,5.236266276373437e-43,2.9209426844537524e-33,0.0,0.0,1.4434907837713843e-18,2.5265616683466476e-15,8.7927364741324e-27,3.551656419878035e-16,1.6410068398035605e-37,3.1851158866074514e-24,1.6410227477507783e-37,2.887765214990395e-45,7.991036228896155e-35,4.050463343624234e-23,2.1808743283329845e-19,1.2219630057175092e-20,3.84132610714879e-31,1.794762434058904e-25,5.802457126168655e-29,5.186011537327583e-23,5.398365821426067e-20,4.92109020456669e-34,1.086246674855252e-38
12.365025114423291,3.049208033009512e-10,0.00017699979060883234,2.323239034340675e-23,2.451836039486567e-19,3.4358507653713536e-25,1.1825691284298854e-20,1.3288178691943368e-28,2.825336105373657e-22,2.37471359075055e-51,2.352262271872109e-40,5.716422886306449e-49,6.26416767693775e-31,3.682373250152059e-26,2.8042928773395765e-39,1.7522192277665394e-28,3.764644395110485e-30,2.9311494800526194e-63,1.0740820705956175e-47,3.1318376910900826e-45,2.678422601866337e-53,8.651712842466037e-61,3.9231288338101683e-51,2.6753518903373977e-14,5.206441809483261e-13,5.863054580700243e-16,3.633354455487043e-12,4.1609921771717295e-39,1.4097672282044466e-36,1.1442950731606454e-18,2.887493161642082e-13,1.170245058993521e-50,1.3352291126493753e-54,2.857062431191942e-35,4.6203422589923786e-33,1.4099980085019116e-36,5.87888264673671e-33,1.4363488226708865e-24,3.7967335355476865e-23,5.157793637343171e-21,2.5845645857369192e-11,3.075119707756544e-08,3.393743846205548e-19,4.383651459604325e-18,5.767263668095274e-18,6.25461517034043e-17,3.70144087584344e-27,9.223824535694024e-25,8.57950493337927e-21,0.0001830765672838622,0.49999976189177425,3.6105854910356133e-07,0.24999960587034,2.8484727303356386e-07,1.9121571835919567e-10,5.370007877809981e-25,6.733755565242653e-24,5.055851135803252e-19,7.965178801727806e-28,2.42314892642741e-31,1.1762637180916174e-25,1.6444956524899846e-31,5.597449632791829e-32,2.0624967959770695e-16,7.468934453096394e-12,1.9725987072090343e-20,3.44013864262569e-15,0.0,2.152130635625585e-34,2.1452727626864135e-43,3.046603361475214e-08,1.796804024297621e-13,9.215755629412317e-22,2.7305603621059076e-48,1.9042604901515173e-13,2.931551132168953e-09,2.4800846126243465e-20,9.770555950264185e-18,2.910202322456329e-19,2.7753194740830836e-21,1.8929416796268872e-16,1.9615371180972833e-30,8.755917666524749e-42,5.68990123520099e-28,3.1307818468163735e-22,0.09999992818600632,7.262006997504662e-08,6.840399746688675e-10,6.484846008698298e-22,1.249655870989327e-38,8.416916011684403e-24,6.2364720197448176e-18,3.829121716324065e-26,2.1185008738604196e-18,1.0769052602775892e-41,2.0307740671301782e-17,6.700954891146554e-17,5.068731072347341e-37,1.8619398885365626e-27,6.096852750721934e-25,2.255459996651418e-06,5.400033485848707e-10,6.179980673115936e-05,1.8010076733392445e-10,3.041330080955869e-20,1.2932939852303528e-16,6.698901890246764e-18,2.4000908680903903e-42,8.382039604588032e-16,1.2701770541485277e-11,5.992951347077938e-18,4.614051181622125e-13,5.934099740757226e-50,1.6045700384504488e-21,2.4425126843103516e-15,1.482114088715584e-20,9.994564416159953e-20,1.317839125707672e-15,1.5758787851043966e-31,1.6393391618112924e-23,3.347609209701241e-20,0.0003339975033361417,2.308669187096343e-09,1.8279201158164046e-18,5.710575147501703e-15,5.471825118440389e-39,1.2980688942210138e-25,1.3622673838317529e-27,6.561171207712796e-34,4.100349233639208e-29,3.072653284744948e-36,1.0401265984891755e-13,1.8022882812966276e-10,2.3918559456222677e-12,3.509997604616422e-06,5.6928172568469e-30,5.823772464402444e-27,5.1292723800666874e-12,1.7799948667609877e-06,9.351897181574318e-30,4.279853411940852e-21,9.020424136353445e-42,3.508358815240085e-32,0.0,0.0,3.0087347524815858e-18,3.4527247181632405e-15,2.5813958251609298e-26,5.105197819760391e-16,6.998887516574914e-37,6.3975831815237506e-24,6.99898601655525e-37,2.672179647475709e-44,2.339888490720957e-34,1.2003792979842694e-22,3.4742781738264945e-19,2.575644323020502e-20,1.6177878205784653e-30,5.262302816859406e-25,1.7438805359465316e-28,1.559773849082825e-22,1.1421979286735234e-19,2.142118417786974e-33,6.811686619967325e-38
17.88086705766717,3.9638336993322155e-10,0.00017699969722225232,1.4375907180317202e-22,7.427216561879703e-19,2.9479148619592326e-24,5.027711014588633e-20,1.1368170921798493e-27,1.6864205588885946e-21,4.504088126512079e-50,3.102746530922399e-39,7.248226642440475e-48,7.722034896635453e-30,2.221912035559484e-25,1.8235610656997266e-38,1.501362095777244e-27,4.5077961723845747e-29,1.0375387504545036e-61,3.956405134435317e-46,8.329936751077714e-44,2.0381339061671858e-51,9.460581362517248e-59,2.0065443998178986e-49,5.708045394884453e-14,7.07531918920476e-13,1.7214751609627525e-15,5.043239103033325e-12,5.503268624732447e-38,3.653935376920388e-35,3.37890098699379e-18,5.842699312227385e-13,6.2349310964643905e-49,3.8814139847981855e-53,3.629122617753021e-34,4.0295370837934524e-32,3.65480388767074e-35,1.0461169877804173e-31,6.1374603342842425e-24,1.6152849922756435e-22,1.5128676427030586e-20,5.406758016581458e-11,2.9442582310611885e-08,8.071829446235931e-19,6.722176199408775e-18,1.3482359907244938e-17,9.338447892950881e-17,2.2416459672588565e-26,5.716585403136816e-24,2.615313607927844e-20,0.00018341211869308212,0.4999996630458847,5.325866607890752e-07,0.24999942346330886,3.8426068722756634e-07,3.8402527148056266e-10,2.2993248582425325e-24,2.885445293823605e-23,1.4845880334299538e-18,3.82830987402562e-27,1.5061531105874266e-30,5.025161218781087e-25,9.878839307961455e-31,1.3007738099525081e-30,1.2499410211818702e-15,2.1407380211480934e-11,4.087473146836794e-20,4.906593252776765e-15,0.0,9.28795603645938e-34,3.0556895180196935e-42,6.079570066200107e-08,7.504425398418467e-13,1.9000864572422167e-21,1.2657517538004989e-46,5.593459986207424e-13,4.018765491743099e-09,7.372667571124542e-20,1.958370739677382e-17,8.50351541818105e-19,1.1623548723178594e-20,3.8905978067633364e-16,9.757407884538147e-30,9.331304851415138e-41,3.524693231350814e-27,1.3366783620576615e-21,0.09999989517418459,1.0501460744921999e-07,1.3013242395827067e-09,2.672428692233019e-21,1.6875963086822325e-37,7.518643644272902e-23,2.6123922972558623e-17,2.338694638660458e-25,4.473128045235969e-18,1.1594273420161537e-40,4.2081305144192345e-17,1.3810199579055222e-16,3.1746256082030186e-36,5.577275028300042e-27,3.683669407880306e-24,2.255219021920473e-06,7.809780795296827e-10,6.179971678598301e-05,2.564971079070368e-10,1.849206222410914e-19,3.6900613006420234e-16,2.7917860158114703e-17,3.3909002398423947e-41,3.566822926421711e-15,2.5357401147873875e-11,3.688484078345898e-17,1.3409136605922803e-12,2.272401966650386e-48,1.0323131342591206e-20,1.0322687766994698e-14,9.057999945947671e-20,3.5156481238743537e-19,3.8191881401182905e-15,2.0411929940888296e-30,4.9231665429942067e-23,7.022673041232821e-20,0.00033399644232616244,3.17758327516749e-09,2.8506773139505e-18,1.658763205524925e-14,3.5745753212537265e-38,3.926579785301097e-25,8.226551991208503e-27,5.883447262924588e-33,2.5332803471808616e-28,2.707849344115499e-35,1.9049850898615362e-13,3.5770346213936624e-10,3.459901611285961e-12,3.509996535011224e-06,2.4740557150606615e-29,1.7459877929518894e-26,7.407433597341703e-12,1.7799925872171115e-06,3.2428681576912734e-29,1.3121534276144676e-20,1.599103183547722e-40,4.315637549852358e-31,0.0,0.0,6.262134878000617e-18,4.610527292405034e-15,7.48544021097785e-26,7.318643958303316e-16,2.9536399329430972e-36,1.263701212394437e-23,2.953700378879198e-36,2.4717526622981013e-43,6.759263076191429e-34,3.59304479864082e-22,5.679124985024457e-19,5.446370834798285e-20,6.862322530982304e-30,1.5230776914228303e-24,5.226680099791975e-28,4.680064996378601e-22,2.483844769920938e-19,9.305689940122158e-33,4.255993361089385e-37
25.857238766221403,5.286955168341035e-10,0.00017699956219342666,8.899808263819608e-22,2.248426132972129e-18,2.552822709187781e-23,2.1239866610099175e-19,9.856554748331224e-27,1.0105475778342443e-20,8.502286933809343e-49,4.0793821263670176e-38,9.024741341548524e-47,9.633555999298352e-29,1.3162293878615351e-24,1.1911216509075497e-37,1.2958738831866537e-26,5.519158895626082e-28,3.757237980666658e-60,1.4527038770492305e-44,2.2075296831841153e-42,1.5779854172133601e-49,1.0562833932855015e-56,1.0478194445359121e-47,1.2253130175321777e-13,9.376418483533036e-13,4.990356916515193e-15,6.879313369556757e-12,7.263722918307576e-37,9.256741249469692e-34,9.875061585365908e-18,1.1655283557457181e-12,3.3236763630089874e-47,1.827072593572526e-51,4.533076554826098e-33,3.4457326982004315e-31,9.259943429899793e-34,1.812693535085735e-30,2.59612547479662e-23,6.789968134764361e-22,4.378697251795489e-20,1.130060893559918e-10,2.764808288863135e-08,1.9709753727622563e-18,1.0503235585393148e-17,3.242297730422793e-17,1.4227643386258336e-16,1.353801100629251e-25,3.521692594635802e-23,7.988477016315634e-20,0.00018389709538317172,0.4999995266148082,7.896606903945785e-07,0.24999915398384912,5.0421664563271e-07,7.575814173434368e-10,9.755330728650521e-24,1.2255600670144447e-22,4.303598688823921e-18,2.130652835319878e-26,9.291600804276408e-30,2.1250099702056386e-24,5.924165419282132e-30,3.190772071022984e-29,7.467407700730534e-15,5.994750949656718e-11,8.435725762857353e-20,6.955887906231176e-15,0.0,3.9849464126992905e-33,4.988560370023305e-41,1.1904948968777654e-07,3.0721558048602545e-12,3.893029166937059e-21,6.040776814477329e-45,1.6221036811840346e-12,5.379707500988002e-09,2.1782814502549095e-19,3.85374836189426e-17,2.4477200010384637e-18,4.839957081820523e-20,7.939193782770813e-16,5.869505945614543e-29,1.2209826231390262e-39,2.1639546755003646e-26,5.658553362654479e-21,0.09999984725160037,1.5185969750616868e-07,2.3788184316954486e-09,1.0737699434406022e-20,2.9441470774920956e-36,6.649120082660335e-22,1.0741295732972804e-16,1.4074277268370716e-24,9.678883750889724e-18,1.2635511832714522e-39,8.685042800354041e-17,2.828310697290316e-16,1.9798182827505232e-35,1.6635908653566844e-26,2.1820187069747706e-23,2.2548704394378972e-06,1.1295605621040331e-09,6.179958356084343e-05,3.628729724888498e-10,1.1062054205927445e-18,1.0270350643824277e-15,1.1397251062806388e-16,4.80710929729743e-40,1.500541558257616e-14,4.966251169935483e-11,2.2440548841814767e-16,3.8321306255494815e-12,8.540830531773034e-47,6.673349931261414e-20,4.299651695110027e-14,5.454727857664268e-19,1.5910503321472713e-18,1.0867950099206354e-14,2.620447830688193e-29,1.4740334316971665e-22,1.495297812698019e-19,0.00033399495627883867,4.28580237740934e-09,4.832714167735028e-18,4.7360973041224055e-14,2.441287162662556e-37,1.2195374381551394e-24,4.947621445936934e-26,5.235560970143734e-32,1.5531873091842058e-27,2.3482409010080125e-34,4.481401914335375e-13,6.943368184418806e-10,5.005557572339541e-12,3.5099949871159537e-06,1.0722516234286983e-28,5.214561345767043e-26,1.0691057410361032e-11,1.7799893019156972e-06,1.1853052691235354e-28,4.040627718306927e-20,2.88183517406387e-39,5.375912176009576e-30,0.0,0.0,1.3006153116797367e-17,5.9676341801177836e-15,2.133994562180267e-25,1.0451240675831806e-15,1.228311682912765e-35,2.439692674244655e-23,1.228348315393215e-35,2.2761551150878332e-42,1.9162507286309465e-33,1.0857513640302695e-21,9.691887295081388e-19,1.159542891313386e-19,2.921312099428615e-29,4.330197397218084e-24,1.5602857583244601e-27,1.3994500144875676e-21,5.823716897020068e-19,4.0309650561868186e-32,2.6455198803108678e-36
37.39174361383633,7.201237837607415e-10,0.00017699936695542395,5.487586697706823e-21,6.7911295365139695e-18,2.2128279851494537e-22,8.865145907481923e-19,8.588092392986375e-26,6.030921409817808e-20,1.5924346694804093e-47,5.328860906368754e-37,1.095128359724967e-45,1.2054885906437362e-27,7.595711425096744e-24,7.958754290637453e-37,1.1170075526547093e-25,6.822002110668293e-27,1.3817849769640377e-58,5.253069068386916e-43,5.793160529841412e-41,1.2261898334989083e-47,1.1869055477648604e-54,5.502688089648308e-46,2.64740147285969e-13,1.2015737964342783e-12,1.420516783371458e-14,9.159373306904056e-12,9.542465469137003e-36,2.2666121042886568e-32,2.8443903713433776e-17,2.278796365855281e-12,1.752189483781961e-45,1.1888902855537276e-49,5.532884468795461e-32,2.8679610267517883e-30,2.267756779938463e-32,3.020346468196651e-29,1.082453600674126e-22,2.8057022247135675e-21,1.243479120354061e-19,2.356371365683309e-10,2.524476652249922e-08,4.9680464282998335e-18,1.7342830906550787e-17,8.105527013909561e-17,2.3351040024423153e-16,8.105642211468292e-25,2.1488874104472483e-22,2.443834142058808e-19,0.00018459780891682124,0.4999993405480267,1.1765427745381484e-06,0.24999875472392433,6.378799884130055e-07,1.4565847583052726e-09,4.085343185449903e-23,5.140687726258714e-22,1.2249011742808809e-17,1.4683859373505105e-25,5.671019196785158e-29,8.856277534539505e-24,3.522923014992705e-29,7.707899518363745e-28,4.3659993728999945e-14,1.6243696109655274e-10,1.7309559692195416e-19,9.776057686396982e-15,0.0,1.6952851343236545e-32,8.500117018415023e-40,2.2729890575769728e-07,1.2224366617749234e-11,7.904446025857665e-21,2.8669116612480928e-43,4.618757260668125e-12,6.958392825366466e-09,6.38829527574983e-19,7.393330779609183e-17,6.8987281124168624e-18,1.9910304639149415e-19,1.6051169940327683e-15,4.613972030952285e-28,2.0907950104576197e-38,1.3115850903719836e-25,2.3648308003826362e-20,0.09999977777339109,2.1960135234670667e-07,4.115372912974543e-09,4.164315128463531e-20,6.12017526270042e-35,5.797770144695506e-21,4.301821824334065e-16,8.296645862106687e-24,2.31766739048753e-17,1.3790835163402625e-38,1.78219348229872e-16,5.740836605439402e-16,1.2270723627293947e-34,4.9320830706686877e-26,1.2567592703930057e-22,2.2543660975036806e-06,1.633902496319438e-09,6.179938575275047e-05,5.085193763902782e-10,6.466713672368812e-18,2.7608243987631526e-15,4.519953194436681e-16,6.80049002505221e-39,6.213682419909423e-14,9.475208397115567e-11,1.343330430435994e-15,1.0699699234234056e-11,3.1266433819960533e-45,4.333504073623335e-19,1.7548277937391975e-13,3.2169563804704987e-18,8.356464205586972e-18,3.014232948071669e-14,3.32213956208906e-28,4.394515016237012e-22,3.3252896507772704e-19,0.0003339928926476317,5.624309610388663e-09,1.0167754267826351e-17,1.3200793400225255e-13,1.9066531152333134e-36,4.1886540880647194e-24,2.9443577101930996e-25,4.606921170891314e-31,9.410404496825697e-27,1.9904015004276162e-33,1.3851343806491469e-12,1.3066560600849839e-09,7.243151024869919e-12,3.5099927463182125e-06,4.628716311288201e-28,1.5488316205111335e-25,1.541697781397741e-11,1.779984574090664e-06,4.520810248860714e-28,1.2502779990695643e-19,5.229699634500813e-38,6.719258068280195e-29,0.0,0.0,2.6931368547070445e-17,7.418222389502934e-15,5.946052905085875e-25,1.4841525328310883e-15,5.006697541702656e-35,4.568519401970158e-23,5.006915762931341e-35,2.071079038196469e-41,5.295847079045259e-33,3.32684483997853e-21,1.8335319540600724e-18,2.5213204138538217e-19,1.2438928093531304e-28,1.2017113313582177e-23,4.6310038573444544e-27,4.1644293481450474e-21,1.61761283429061e-18,1.7392072082442228e-31,1.6326665417113287e-35
54.07160846228208,9.97115874390688e-10,0.00017699908465717632,3.355108693810699e-20,2.0398388797849128e-17,1.904781570040612e-21,3.629925427001147e-18,7.464395008796936e-25,3.5545499244038636e-19,2.944151844244603e-46,6.876430777849466e-36,1.281939019547552e-44,1.5006554975882617e-26,4.229077020847235e-23,5.869820212294981e-36,9.532195221530065e-25,8.42209843332076e-26,5.11378506227242e-57,1.8450608437298884e-41,1.4979163292000918e-39,9.448689147670739e-46,1.3258651859699373e-52,2.871094514597196e-44,5.751554704966789e-13,1.4751188352741133e-12,3.9406532522640133e-14,1.1800582579543131e-11,1.2416007291051242e-34,5.2844933039180366e-31,8.028327066841529e-17,4.3323269508125315e-12,9.01908858946363e-44,8.434148874205185e-48,6.546962431826802e-31,2.3026068521032437e-29,5.288405656253118e-31,4.757761878691516e-28,4.422347319846135e-22,1.1315017899304612e-20,3.437694264480924e-19,4.887638966388414e-10,2.2134039389470885e-08,1.3207559586469921e-17,3.3922185575486904e-17,2.1753412880625254e-16,4.818901306884872e-16,4.77798556756302e-24,1.2926615331593177e-21,7.474858543031137e-19,0.00018560969204308188,0.4999990895281004,1.7590368253839857e-06,0.2499981628056558,7.707744494810608e-07,2.699244709786265e-09,1.6797937868061797e-22,2.118719173098199e-21,3.3971722110652725e-17,1.211622449058015e-24,3.4092508298671685e-28,3.6156934717509535e-23,2.0612127631910165e-28,1.7824507910209732e-26,2.474236210864048e-13,4.203044911803157e-10,3.5227351267088756e-19,1.357152443301079e-14,0.0,7.124389747736569e-32,1.4369732715567843e-38,4.2002347624273474e-07,4.673265317527503e-11,1.5841729097491988e-20,1.3134231305091742e-41,1.2812860892358983e-11,8.565139143211608e-09,1.8594069756055534e-18,1.37349176791889e-16,1.8899076859943212e-17,8.029068809962236e-19,3.2148906633958434e-15,4.514371319337921e-27,4.385034429131598e-37,7.805533157834385e-25,9.699287171140166e-20,0.09999967731801875,3.1756088369404357e-07,6.611213860416563e-09,1.538872327975369e-19,1.3486568369538409e-33,4.957283646082733e-20,1.6605971044780878e-15,4.753270223548798e-23,7.385437659879682e-17,1.4877634755093787e-37,3.6271975449103207e-16,1.150678480033095e-15,7.537592520499824e-34,1.449484172569594e-25,6.958789220876508e-22,2.2536361672847343e-06,2.3638327152645728e-09,6.179909229246354e-05,7.031419558120505e-10,3.661065744995832e-17,7.073819644505831e-15,1.721915759449215e-15,9.624419304629108e-38,2.518388765050668e-13,1.7457044989997028e-10,7.863059045367842e-15,2.8938825596723117e-11,1.1032853297341527e-43,2.8213244872618814e-18,6.963300235169474e-13,1.8424230191034654e-17,4.615065674575311e-17,8.067448667438687e-14,4.138698039074771e-27,1.3023357736342302e-21,8.223997269033949e-19,0.0003339900482859137,7.121734716894038e-09,3.162092909388494e-17,3.5591593621704357e-13,2.0199358453421448e-35,1.8758814570430388e-23,1.7202580276164133e-24,3.988607719825264e-30,5.602174880645525e-26,1.6338203018388086e-32,5.105013671515816e-12,2.356791477692654e-09,1.048399219626913e-11,3.509989500914977e-06,1.9867458991905464e-27,4.564113297921929e-25,2.2204316794623228e-11,1.7799777847524427e-06,1.782832015099639e-27,3.885494153214287e-19,9.479465433604995e-37,8.355491709046295e-28,0.0,0.0,5.55223918231831e-17,8.779123036923704e-15,1.6080954311558375e-24,2.0906892105847615e-15,1.986967682588575e-34,8.226501792147423e-23,1.987094702915425e-34,1.8400159983540193e-40,1.4151039803653628e-32,1.0566788059852915e-20,4.4365068464160085e-18,5.903915273344149e-19,5.279462063065576e-28,3.2308212086560356e-23,1.363051645434762e-26,1.2308419582684835e-20,5.854350859272081e-18,7.466311699714599e-31,9.978129422370445e-35
78.19209694774575,1.397966586383557e-09,0.00017699867645501908,2.0229962373271726e-19,6.056598942191547e-17,1.613917798482034e-20,1.4441108729296584e-17,6.423354602161298e-24,2.0480613603415497e-18,5.328990700770175e-45,8.681119879544831e-35,1.428079991892311e-43,1.8420194874997469e-25,2.247237885018252e-22,5.652659474426041e-35,7.972845382300001e-24,1.0276830433869729e-24,1.882821620283554e-55,6.1873891111126414e-40,3.8066315497781665e-38,7.130281446582348e-44,1.4545451489468332e-50,1.4758749002173232e-42,1.2522723913795003e-12,1.720840066804845e-12,1.0545164316789537e-13,1.4563384531482163e-11,1.5865553074397745e-33,1.1499642583929322e-29,2.2037797287350684e-16,7.92655938397452e-12,4.463263055844826e-42,5.819601893301107e-46,7.445903489969484e-30,1.7670735212188894e-28,1.1512194055914012e-29,6.926757454928481e-27,1.756027477802123e-21,4.409598373463684e-20,9.153370987309319e-19,1.003073158634397e-09,1.830102497147803e-08,3.931760671282586e-17,9.314610433546063e-17,6.786603038889272e-16,1.4908272819086926e-15,2.748876476280424e-23,7.617290705353681e-21,2.276911664077262e-18,0.00018706971153496769,0.4999987533656074,2.63195414089681e-06,0.2499972876820764,8.831024865696543e-07,4.7458051222421115e-09,6.733196113831078e-22,8.522113010975229e-21,9.086250552656826e-17,1.067366004791176e-23,2.0066140274798964e-27,1.4341075602453372e-22,1.1749694150739159e-27,3.873454705646928e-25,1.341804002005419e-12,1.0204242883028036e-09,7.086284655316196e-19,1.8516461895276196e-14,0.0,2.941619671088845e-31,2.342022112379696e-37,7.456676757993913e-07,1.6896521344041245e-10,3.1162101389190266e-20,5.654005036940657e-40,3.425698827066136e-11,9.81583975937476e-09,5.394951774795588e-18,2.480661493918721e-16,5.0081809891709673e-17,3.14245416964098e-18,6.451350857800342e-15,4.9077156348560845e-26,9.969565791258947e-36,4.5268512761433656e-24,3.8724941335355634e-19,0.09999953261662121,4.5921734886623976e-07,9.656146211123376e-09,5.343257851536221e-19,2.905877281598822e-32,4.126380079006993e-19,6.092989508114521e-15,2.619775537062399e-22,3.555403135942641e-16,1.5651825475420153e-36,7.296773438145926e-16,2.26605949932318e-15,4.570797025675629e-33,4.206659938294486e-25,3.648382795793234e-21,2.2525792297423212e-06,3.42077025767697e-09,6.179865943281237e-05,9.542376022349155e-10,1.9838595540678943e-16,1.69856841387731e-14,6.209923414237739e-15,1.4050175579732773e-36,9.919941211403442e-13,3.0737556299246633e-10,4.4639866240898776e-14,7.499876511497883e-11,3.701118067446264e-42,1.8326298918113498e-17,2.659240644680061e-12,1.013086554923496e-16,2.5333616583178124e-16,2.0568956352182166e-13,5.033454449786991e-26,3.82844957855736e-21,2.471273917951849e-18,0.0003339861401582278,8.629836184291831e-09,1.4226283613176003e-16,9.174572293086875e-13,3.120427616835071e-34,1.2328103093012423e-22,9.76913383909308e-24,3.374848306915805e-29,3.251201532183102e-25,1.282897255509759e-31,2.0141087085087593e-11,4.0170768450449815e-09,1.5181106477816456e-11,3.509984797348277e-06,8.457773340552985e-27,1.3298058984013292e-24,3.192243510204544e-11,1.7799680646726516e-06,7.243172103623403e-27,1.2099709151996201e-18,1.7027355636027752e-35,1.024417977931204e-26,0.0,0.0,1.1374723047396709e-16,9.848742141736303e-15,4.190605497039995e-24,2.911126284710295e-15,7.618727099167412e-34,1.412668147400545e-22,7.619444398570018e-34,1.5701447487466947e-39,3.622588259421004e-32,3.761638726311312e-20,1.566057176839465e-17,1.7204048284481093e-18,2.2248857422735723e-27,8.345386558859642e-23,3.963499903163302e-26,3.604183243325471e-20,2.7121633738947016e-17,3.190075369257209e-30,6.024514028123949e-34
113.07235347641867,1.9781243651262882e-09,0.00017699808613226282,1.1940986158308235e-18,1.759742796282186e-16,1.3313136378190538e-19,5.507114029743651e-17,5.425210251102896e-23,1.1383309069611586e-17,9.323141410184108e-44,1.0560943654407732e-33,1.4882388972406634e-42,2.2054590573415474e-24,1.130573557872646e-21,7.838284786788994e-34,6.452453138006338e-23,1.2248027166344082e-23,6.794842844266901e-54,1.9370209248341152e-38,9.579713541519216e-37,5.1892713949233714e-42,1.5443799975189e-48,7.490785923046167e-41,2.7141058138441774e-12,1.9026807817133294e-12,2.6857270297954266e-13,1.7049606874624872e-11,1.964775306935592e-32,2.2760301323369004e-28,5.828131867872435e-16,1.3781016683257532e-11,2.081518867186173e-40,3.6960189184643003e-44,8.099568240856182e-29,1.2933794340206472e-27,2.279719915948155e-28,9.050215051498665e-26,6.704660120337818e-21,1.6383889704990423e-19,2.3143699206950534e-18,2.0180619759715635e-09,1.3901315345802856e-08,1.4431574828516292e-16,3.544417342954066e-16,2.7413731039366858e-15,6.312136966486532e-15,1.5265454575932736e-22,4.3591415345838194e-20,6.855646079828648e-18,0.00018917367864518977,0.49999830486923896,3.927782467017272e-06,0.2499960019821238,9.58547832210056e-07,7.744132576602401e-09,2.6066737143613992e-21,3.316290893045588e-20,2.311719994878807e-16,9.029249010936715e-23,1.147086959244e-26,5.465311271303217e-22,6.443492238063119e-27,7.780554364069544e-24,6.8490552030718935e-12,2.273426790290267e-09,1.4023843540328154e-18,2.4660562533589355e-14,0.0,1.1840899046816553e-30,3.597105440538363e-36,1.2647550247701931e-06,5.659893948165236e-10,5.968606737752326e-20,2.2430032866069752e-38,8.698302424985287e-11,1.0149507077373288e-08,1.5930334674070098e-17,4.613147119964612e-16,1.3037427928792034e-16,1.1784014234532056e-17,1.3716693866223777e-14,5.61599542099464e-25,2.2486062742562983e-34,2.532416659841605e-23,1.4883975377082276e-18,0.09999932483040816,6.640618795726066e-07,1.2597828559159279e-08,1.7347190173074837e-18,5.82150357799809e-31,3.3129262866390536e-18,2.0874376494642866e-14,1.3712580018333996e-21,2.1831303486737138e-15,1.5918421769208403e-35,1.4440659516479552e-15,4.354601779331249e-15,2.720647283181996e-32,1.1990689724920796e-24,1.775999995804962e-20,2.251047681321498e-06,4.9523186784984054e-09,6.17980283697276e-05,1.2621974125240605e-09,1.0140149880138945e-15,3.744945689584153e-14,2.081779488698117e-14,2.286655451226165e-35,3.766058622558713e-12,5.11353093792466e-10,2.4326852009444823e-13,1.837881264176166e-10,1.1595272555850008e-40,1.176737444868042e-16,9.648085288404099e-12,5.267416486030048e-16,1.3404350490526674e-15,4.916849881495746e-13,5.925774854881982e-25,1.113780505078134e-20,9.346797541883501e-18,0.00033398074298259065,9.956407435354458e-09,7.607906452374589e-16,2.229611379841634e-12,5.925925041656613e-33,1.0478215243042107e-21,5.322303133234776e-23,2.7656981508525416e-28,1.8193603150512194e-24,9.48665515548727e-31,7.973332086028296e-11,6.369611344705393e-09,2.1995458235950956e-11,3.509977973919999e-06,3.558394882321604e-26,3.8124060889957374e-24,4.5775331849438694e-11,1.7799542098272453e-06,3.08206161631208e-26,3.755965869147202e-18,3.0037434217091913e-34,1.2247706971648666e-25,0.0,0.0,2.3092949772725863e-16,1.0538377020742544e-14,1.0457459180445794e-23,3.986548916650216e-15,2.8000133992515425e-33,2.300404399612293e-22,2.8004033193106888e-33,1.261923858566824e-38,8.804183006756654e-32,1.7856830289205242e-19,7.370156577370724e-17,7.411819197854556e-18,9.265518235362268e-27,2.0549162354305693e-22,1.1323863363343906e-25,1.0424740731920014e-19,1.4320589927510022e-16,1.366237510296252e-29,3.597415344631026e-33
163.5121402261457,2.8178910016120013e-09,0.00017699723228358971,6.829290888653936e-18,4.926561933752938e-16,1.053706854814627e-18,1.9756733671831015e-16,4.4484573379198645e-22,5.993812210823246e-17,1.5475810628834765e-42,1.21150023890429e-32,1.4217832022515727e-41,2.5391413820511923e-23,5.438912781737117e-21,1.396873700287616e-32,4.965450134557556e-22,1.404444965800455e-22,2.3571664091860997e-52,5.495866640364447e-37,2.492381300814729e-35,3.5703639388107296e-40,1.5575703159581753e-46,3.9022192206250485e-39,5.792164916126109e-12,2.0109368793389268e-12,6.401330272493687e-13,1.883620004850423e-11,2.313847213182362e-31,3.967352466543555e-27,1.4689027556451434e-15,2.24452671553189e-11,8.91313930087989e-39,2.0635883238585573e-42,8.554005685547194e-28,9.294050546582023e-27,3.976997354610595e-27,1.0230428930761951e-24,2.4280532892331456e-20,5.701064262621848e-19,5.458007863057582e-18,3.922600358637284e-09,9.340892247034945e-09,6.776842025200876e-16,1.524299802461267e-15,1.4426339492332235e-14,2.896638957952714e-14,8.069571589994838e-22,2.394552546489926e-19,2.0151288969026445e-17,0.00019220002822780565,0.4999977102600185,5.829755586490333e-06,0.24999412860341544,9.952315980400624e-07,1.1377968043431276e-08,9.635015835821822e-21,1.235334679448052e-19,5.497171613277046e-16,6.837309618545352e-22,6.303808494681117e-26,1.9728625310504936e-21,3.344057183532635e-26,1.4231603156726605e-22,3.223588686465667e-11,4.529961999465229e-09,2.7134083036381643e-18,3.1780091737264954e-14,0.0,4.595350209496499e-30,5.083255230330627e-35,2.0466553191963694e-06,1.711980783153696e-09,1.1007632438623175e-19,8.343717906089935e-37,2.0570076683756655e-10,9.052838584058888e-09,5.139060111667104e-17,1.0770477590977116e-15,3.664578814656542e-16,4.1655508258592334e-17,3.6310297472214235e-14,7.278396831715897e-24,4.7643726356213696e-33,1.3481633475888848e-22,5.424933989854328e-18,0.09999902657079568,9.602787848075695e-07,1.4640535812787484e-08,5.5165826002498325e-18,1.0430433436880897e-29,2.53610683336925e-17,6.536273969358673e-14,6.708670860650034e-21,1.3681514303074751e-14,1.5806080271241613e-34,2.7938417870346803e-15,8.092124297750774e-15,1.5766148531342719e-31,3.331252959036862e-24,7.839368569720628e-20,2.2488261362468376e-06,7.173863753157962e-09,6.179712410139721e-05,1.6133283856533972e-09,4.8055981640343895e-15,7.411257893557351e-14,6.349118295284286e-14,4.5540433365825294e-34,1.3651109048506388e-11,7.943274807398492e-10,1.256406020593118e-12,4.1916647850595397e-10,3.3188796544710826e-39,7.356632215390853e-16,3.272262530031517e-11,2.538057209750556e-15,6.694501847135375e-15,1.0821989337021367e-12,6.681766320508305e-24,3.200923002911053e-20,4.1376895640638315e-17,0.0003339731746755721,1.096814322285974e-08,4.202324842492474e-15,5.031497778965701e-12,1.1403530633818234e-31,9.591301375656942e-21,2.7349437237805062e-22,2.1709413414321234e-27,9.669804899495746e-24,6.485048996891993e-30,3.05156062509565e-10,9.26652561101011e-09,3.189480186147157e-11,3.5099680616844754e-06,1.472131790593096e-25,1.0681942685362718e-23,6.539611949268944e-11,1.7799345866608932e-06,1.4865985153051972e-25,1.1514175699659654e-17,5.1461704011946435e-33,1.407362947437564e-24,0.0,0.0,4.627934441629958e-16,1.0987373425036319e-14,2.4911152531646084e-23,5.330874778846017e-15,9.79430088676958e-33,3.551586314132522e-22,9.796325662084108e-33,9.364798630952398e-38,2.016478041965282e-31,1.265708053299987e-18,3.816633559155059e-16,4.4126903571689084e-17,3.7898460283790717e-26,4.795057184159675e-22,3.153541587189749e-25,2.968942774336075e-19,7.771773579338668e-16,6.052599576033845e-29,2.1612095919159082e-32
236.45231729355083,4.033667701928449e-09,0.00017699599690073272,3.731699337574152e-17,1.301005560989503e-15,7.847347146890175e-18,6.50255608191e-16,3.491851992598071e-21,2.917548867339888e-16,2.3772865708630324e-41,1.2738376535227142e-31,1.2184904200245582e-40,2.7568571331330054e-22,2.6821820088663366e-20,3.0319997745716707e-31,3.54749347982063e-21,1.5186716687338772e-21,7.66684679438893e-51,1.3601400150191074e-35,7.570422398148967e-34,2.2619932146089498e-38,1.4558031038236939e-44,2.3490808831460747e-37,1.1990501506943261e-11,2.0755879946846276e-12,1.3998018235546792e-12,1.973706012556122e-11,2.5291524465900407e-30,5.865008361191305e-26,3.4891135053804248e-15,3.377187681388901e-11,3.388591126249426e-37,9.629013282115533e-41,9.452145476420587e-27,7.300477053250837e-26,5.886643320630384e-26,9.585492908931813e-24,8.204436211425986e-20,1.815948739668622e-18,1.1750301656941919e-17,7.214486891062643e-09,5.2577977913970155e-09,3.702924572746902e-15,6.374640715136044e-15,8.66972024242958e-14,1.256235145039951e-13,3.9932328785293964e-21,1.24325815560904e-18,5.676437471328241e-17,0.00019654170060766393,0.49999693935374573,8.596356815239663e-06,0.24999141934638322,1.006577598032052e-06,1.4450735791838626e-08,3.355270950159325e-20,4.35308246435406e-19,1.1957814729024701e-15,4.431485246691535e-21,3.2888013165415803e-25,6.628176198990427e-21,1.6081458773413406e-25,2.339622752203073e-21,1.36627793819724e-10,7.877838928391502e-09,5.092244535503832e-18,3.9215101898072766e-14,0.0,1.692563096734965e-29,6.43209267766227e-34,3.1715234631349596e-06,4.540262975325875e-09,1.925144055605778e-19,3.311598062423048e-35,4.4207136412263034e-10,6.534908161579045e-09,2.1208161003476916e-16,3.8611155214678666e-15,1.3909961539850997e-15,1.3613900760156403e-16,1.414217126691487e-13,1.2558568261324983e-22,9.101777792804251e-32,6.712695861272152e-22,1.8379009102284784e-17,0.09999859733592742,1.3886217791369147e-06,1.5532409744658214e-08,2.0838225486242262e-17,1.6119191648480326e-28,1.8253299583551553e-16,1.82757373024927e-13,3.007909259280252e-20,7.790988416538377e-14,1.62608508717691e-33,5.241606120537326e-15,1.4381864445270376e-14,8.79224254956048e-31,8.924667973712805e-24,3.058920474142874e-19,2.245599237250637e-06,1.0400762749359304e-08,6.179585681708338e-05,1.973811640555988e-09,2.0724896012807395e-14,1.2878682965678737e-13,1.7203713355827787e-13,1.216658510019595e-32,4.675492491452836e-11,1.1387130954451503e-09,6.054545945123356e-12,8.731324840061071e-10,8.456488169186781e-38,4.3786681043083735e-15,1.0167377892930068e-10,1.1035860407953933e-14,3.101241359018932e-14,2.1542270706301124e-12,7.123083258080401e-23,9.091041285207257e-20,1.926620602057915e-16,0.0003339623116041244,1.1706804817938157e-08,2.2468350943204967e-14,1.0400817349350454e-11,1.9937848547403448e-30,8.619965020530521e-20,1.2975732303821828e-21,1.6137398501688184e-26,4.781069177107951e-23,4.017059770529731e-29,1.0977630879552193e-09,1.2305444231040294e-08,4.6302743549414815e-11,3.50995363406971e-06,5.9465845980571625e-25,2.897942083241276e-23,9.293010907436629e-11,1.7799070482868331e-06,9.711095580393012e-25,3.436424546182199e-17,8.44062979941199e-32,1.5239487908688032e-23,0.0,0.0,9.105376936538594e-16,1.153453634506681e-14,5.673703135483033e-23,6.892586706897639e-15,3.2451126783907647e-32,5.232687564600975e-22,3.246110686710648e-32,6.311862189115526e-37,4.332623998880033e-31,1.1489361172599378e-17,1.930119916556542e-15,2.9045384957644886e-16,1.5104003167925042e-25,1.0570060957516687e-21,8.461968657129152e-25,8.302732065600136e-19,4.072572579761503e-15,3.0344541651551625e-28,1.3957333958092414e-31
341.9299525782251,5.79452747281464e-09,0.00017699420838813916,1.9129689068813531e-16,3.157488215909406e-15,5.360364432666571e-17,1.9031639206996396e-15,2.578381174927288e-20,1.2714413751215017e-15,3.276620557260821e-40,1.1867048515909493e-30,9.179020212953725e-40,2.749514176820823e-21,1.5924431662519008e-19,8.479497207557929e-30,2.277837680587579e-20,1.5075070778263542e-20,2.268534108628042e-49,2.799163106903557e-34,3.064449081524837e-32,1.275751277433823e-36,1.2216015526720352e-42,1.844929986407611e-35,2.363887084347524e-11,2.1490209099635765e-12,2.748362058593375e-12,1.9952447654068228e-11,2.4949788401641322e-29,7.057940360320354e-25,7.734557141867504e-15,4.640160070637163e-11,1.0969835595400415e-35,3.5503096984031114e-39,1.2644662323614933e-25,7.233280154806295e-25,7.097992515024887e-25,7.104309526735661e-23,2.539431477032695e-19,5.148618847978095e-18,2.2538923234703973e-17,1.2230675516905111e-08,2.2933886306457745e-09,2.0743135219126844e-14,2.429837651956652e-14,5.215037221288903e-13,4.843082784964804e-13,1.818355950537163e-20,5.979233759617631e-18,1.494590395299129e-16,0.00020274700879761823,0.4999959958081079,1.2602317712934543e-05,0.24998752148931258,1.0083723620330562e-06,1.504643268073549e-08,1.0851855841096257e-19,1.433964391112404e-18,2.319550154409433e-15,2.389108150818025e-20,1.605242544339181e-24,2.0301813465037625e-20,6.978611646481379e-25,3.410694755905473e-20,5.09138424451309e-10,1.1817458483169882e-08,9.182421968605487e-18,4.583502325407349e-14,0.0,5.787442893529203e-29,7.076388253141121e-33,4.737282385252473e-06,1.0256594297231925e-08,3.129459626247993e-19,1.704627465563423e-33,8.391649072300783e-10,3.490338264483503e-09,1.2548313231679477e-15,1.7785943389460103e-14,7.676473886589752e-15,4.030029100743353e-16,7.125442067768768e-13,2.701444195773729e-21,1.5108028763096438e-30,3.0598752655738035e-21,5.636806306072941e-17,0.09999797773771595,2.0080174850753456e-06,1.573491530202393e-08,1.1636803036171613e-16,2.0768790564689068e-27,1.2142804479400323e-15,4.464940466210353e-13,1.2055881982392754e-19,3.799037900123918e-13,1.9667809935652516e-32,9.44443713584184e-15,2.4172808147176317e-14,4.641792510017796e-30,2.2722435062107657e-23,1.0329934493435057e-18,2.2409031792236267e-06,1.5096820776368223e-08,6.179412927662932e-05,2.2921891702467305e-09,7.983378299391246e-14,1.9329713416189258e-13,4.0416649871873033e-13,4.92242748663783e-31,1.4952354915017843e-10,1.49041081221377e-09,2.6704787637292895e-11,1.6239668073074398e-09,1.862350637277775e-36,2.405752766792282e-14,2.8203072776575596e-10,4.1787939755350974e-14,1.313401933010312e-13,3.825276758052073e-12,7.0671737695257375e-22,2.564042139750547e-19,8.751814784724936e-16,0.000333946263487362,1.2384254891375744e-08,1.1223117313543669e-13,1.95335550455364e-11,2.962204459812889e-29,7.270139754755366e-19,5.54484211013541e-21,1.1296168822560801e-25,2.137303551807781e-22,2.2119152393582716e-28,3.617765865295533e-09,1.5105473109112843e-08,6.732636740250152e-11,3.5099325733002003e-06,2.322707280106459e-24,7.51702793716031e-23,1.3105492868614976e-10,1.7798689112060885e-06,9.38357986379951e-24,9.79052914784106e-17,1.3013473164142375e-30,1.514117772790395e-22,0.0,0.0,1.7458747489008097e-15,1.2615021219290809e-14,1.2437741592441975e-22,8.505027749850308e-15,1.0162142272202837e-31,7.447725207636981e-22,1.0166790712785956e-31,3.820196611224118e-36,8.715550310353952e-31,1.0874536220599518e-16,8.961920029256313e-15,1.8307250377492005e-15,5.804583296690706e-25,2.197908031764203e-21,2.151803181282775e-24,2.2760787292975486e-18,1.977993692314249e-14,1.958914199648472e-27,1.109743968550378e-30
494.45949106516065,8.346714046879924e-09,0.00017699161522036672,8.996437159162226e-16,6.845652953235657e-15,3.2533544736328775e-16,4.783613623355988e-15,1.7538721706291445e-19,4.76704372883464e-15,3.910475894330808e-39,9.432109795533816e-30,5.977354051767626e-39,2.4331106118930747e-20,1.2246305867819193e-18,2.6970400067552388e-28,1.2594358621711444e-19,1.3259991389327453e-19,5.900288761435245e-48,4.52501683912844e-33,1.5106116097736917e-30,6.147063568804724e-35,8.85276045917986e-41,1.683396626860468e-33,4.344426938534299e-11,2.2815218914926235e-12,4.740457112895701e-12,1.9855450994712908e-11,2.1563631906898654e-28,6.63608977349316e-24,1.5883969184186093e-14,5.77026906901299e-11,2.877865937171698e-34,9.757716328155081e-38,2.1128365573836573e-24,8.486670097945719e-24,6.694911709678549e-24,3.9726621819036908e-22,7.061111943908788e-19,1.257111403541873e-17,3.7523986972563557e-17,1.859690158142889e-08,6.975924941268427e-10,1.1026890811805787e-13,8.205077725047821e-14,2.92479723056784e-12,1.6101684103663533e-12,7.577326836441737e-20,2.5950048834289256e-17,3.5650664608487634e-16,0.00021156773477578922,0.4999949845391069,1.8394918742625005e-05,0.24998193394353127,1.0083250670704133e-06,1.2017598088001896e-08,3.213077784893548e-19,4.369615955033704e-18,3.893305738103612e-15,1.0502876148477158e-19,7.209270445527705e-24,5.538111522158884e-20,2.6452950071177284e-24,4.3242849856165784e-19,1.6371692485840542e-09,1.5575142341620568e-08,1.5753602446392725e-17,5.035989540401009e-14,0.0,1.7828082326246162e-28,6.583859300144787e-32,6.854258155507566e-06,1.9349245060441223e-08,4.6144786747201e-19,1.0189217086847297e-31,1.367650299184458e-09,1.220257537257869e-09,9.305904824715343e-15,8.001171853080264e-14,4.751185141583274e-14,1.0634535252979335e-15,3.5914265533991733e-12,5.3786500828885755e-20,2.109829504081966e-29,1.2444546295491581e-20,1.5117413224395135e-16,0.09999708207556886,2.9036646243823297e-06,1.5749923156324838e-08,8.060420461234456e-16,2.1725651666845887e-26,7.310691353404472e-15,9.37747310435139e-13,4.1840118821703525e-19,1.5279133735422073e-12,2.991690070150155e-31,1.6176500510217367e-14,3.8203750981202464e-14,2.2683749203363033e-29,5.392200192532385e-23,2.9989643304615036e-18,2.2340517978796398e-06,2.1948202120354128e-08,6.179185033497373e-05,2.5189479899577793e-09,2.701117152923689e-13,2.4963495128554353e-13,8.039354880674788e-13,2.572551147090228e-29,4.401769924987784e-10,1.7715174502808836e-09,1.0523406897079105e-10,2.6278807076128112e-09,3.4305563389355606e-35,1.1715280587600878e-13,6.752012969616772e-10,1.3133025738972769e-13,5.034858617576483e-13,6.0284667515910134e-12,6.401554638427037e-21,7.251693190212863e-19,3.703700243370562e-15,0.0003339217075181863,1.3240604401196191e-08,5.107839345780687e-13,3.3343349782624625e-11,3.5389038535977423e-28,5.533193593634821e-18,2.0862546836063638e-20,7.534490100132727e-25,8.304911261071488e-22,1.0657479318105279e-27,1.0691817786806845e-08,1.7713524332225734e-08,9.810999141665903e-11,3.509901694830757e-06,8.658872094627186e-24,1.833743873949514e-22,1.828342872735369e-10,1.7798170896615848e-06,1.1066222845816973e-22,2.595368498962264e-16,1.8441245110200172e-29,1.3325684889912604e-21,0.0,0.0,3.2319637482740953e-15,1.4797031061630366e-14,2.6544438965685223e-22,9.858837751922177e-15,3.0075629171284666e-31,1.0420813765689911e-21,3.0096030868421824e-31,2.062503096837872e-35,1.6410777808012552e-30,9.612803710670397e-16,3.665722443948003e-14,1.0285257600428946e-14,2.1231085562960756e-24,4.301590007484855e-21,5.066317846133324e-24,6.117303029593044e-18,8.617380343830638e-14,1.622983191598394e-26,1.158827843057831e-29
715.0300418577249,1.2049441473805752e-08,0.0001769878425733674,3.781336017654126e-15,1.2893553607901728e-14,1.6905981055430304e-15,9.987494955507914e-15,1.0727589972194486e-18,1.4675883047514935e-14,3.886069250383388e-38,6.142936105011521e-29,3.321880784946545e-38,1.8279741319336275e-19,1.0068034784972762e-17,7.582546581177172e-27,5.675514625694316e-19,9.880137416218662e-19,1.2997654025335818e-46,5.382367802651829e-32,7.144370331466237e-29,2.4120654369004734e-33,5.29610922249189e-39,1.368749536816101e-31,7.262651390608416e-11,2.5204996397500902e-12,7.040521092693873e-12,1.9671532430747997e-11,1.5842303472021507e-27,4.697242559852105e-23,3.006489318256286e-14,6.448557627222352e-11,5.7854825123412174e-33,1.8886383623521228e-36,3.61636934040309e-23,9.26095721749693e-23,4.76331440132632e-23,1.6056595913424535e-21,1.7298873417673679e-18,2.5487582348684004e-17,5.277980621155571e-17,2.486791030461856e-08,1.3687631848259646e-10,5.366491741047983e-13,2.4132375435040625e-13,1.4862773021749343e-11,4.571572048756579e-12,3.0655983258494816e-19,9.832867206470196e-17,7.425301910744655e-16,0.00022400698557248802,0.4999942558639189,2.6768539910569867e-05,0.24997395516563287,1.0080632918830724e-06,6.777213975711929e-09,8.584676625819444e-19,1.2212534367842866e-17,5.457248273272093e-15,3.6968857720460888e-19,2.923547596280074e-23,1.3115701388836597e-19,8.425374207756406e-24,4.620014770694699e-18,4.512513525690044e-09,1.9020338434181693e-08,2.550492467945036e-17,5.207914830272125e-14,0.0,4.760763641698732e-28,5.078625522001896e-31,9.605058363621114e-06,3.048039892489628e-08,6.021686766862741e-19,5.1568626060064386e-30,1.8751374123028506e-09,2.428619888840282e-10,7.004901093520195e-14,3.09529763290458e-13,2.6269383142382693e-13,2.504698338281804e-15,1.5673300000340793e-11,7.993189646632264e-19,2.424402081930761e-28,4.380271128624073e-20,3.3918627084690906e-16,0.09999578700838077,4.19873762234472e-06,1.5744113162854136e-08,5.157414367017229e-15,1.8276734402929057e-25,3.8816431222495395e-14,1.6746412125163563e-12,1.2093952318121238e-18,4.981462329856004e-12,5.023288076260434e-30,2.6110377549762633e-14,5.741781580416162e-14,9.963149641251524e-29,1.1637102459623563e-22,7.609245752964092e-18,2.2240226653048033e-06,3.1977334695192474e-08,6.178893083244487e-05,2.637873012716574e-09,7.92150439500632e-13,2.8253239150879854e-13,1.3249268589554015e-12,1.223550796278913e-27,1.1727000827990825e-09,1.9299147434435202e-09,3.595764379452922e-10,3.6136265552019257e-09,5.097793723044153e-34,4.806632502229761e-13,1.3365017572737065e-09,3.2170558747225237e-13,1.7394647102557647e-12,8.48094375771241e-12,5.170831960083875e-20,2.0713385189822055e-18,1.4088992135904135e-14,0.0003338827347754891,1.4459563693213814e-08,2.0838140310321925e-12,5.211248803213802e-11,3.2306651735345282e-27,3.653509258447915e-17,6.917437046493745e-20,4.9450107638209686e-24,2.6558047007234035e-21,4.47197721961675e-27,2.8026564346277968e-08,2.0604909672024445e-08,1.4340193231138296e-10,3.5098561194177573e-06,3.0295355551472614e-23,4.1198784777676e-22,2.512327082526737e-10,1.7797485469331322e-06,1.2763866128239918e-21,6.191391167965513e-16,2.338839923152326e-28,9.932339057912891e-21,0.0,0.0,5.716075699616247e-15,1.8910832421773927e-14,5.607411801300273e-22,1.0573612886509979e-14,8.42770673949137e-31,1.4666260933058863e-21,8.43612845440767e-31,9.907555839938052e-35,2.9000175299057278e-30,7.497041045916929e-15,1.2797279120104429e-13,4.9069098450981295e-14,7.277034577146037e-24,7.890427419488727e-21,1.0711664980177752e-23,1.6181337975919533e-17,3.2772019073812e-13,1.467527489016514e-25,1.3778196018785597e-28
1033.9936233354333,1.7425569993677073e-08,0.00017698231693705593,1.3785018675644433e-14,2.057937173696868e-14,7.222404937974491e-15,1.689089175643227e-14,5.7339700707138726e-18,3.5205106602007644e-14,3.0861532328928957e-37,3.1469501498726377e-28,1.5599057228495154e-37,1.1039512431171805e-18,7.027549068129222e-17,1.5773940498526348e-25,1.9436668820987637e-18,5.896825566107912e-18,2.333040238285776e-45,4.378705329153895e-31,2.707437655590481e-27,7.293971884572172e-32,2.4849249235559534e-37,8.012692847508536e-30,1.0757390587131734e-10,2.917272849758659e-12,8.897852538335664e-12,1.945339907851415e-11,9.602662515868944e-27,2.4389099680687094e-22,5.230102226479553e-14,6.469985298097793e-11,8.387834116081365e-32,2.451975803625993e-35,5.132041940878883e-22,7.769854592760561e-22,2.494074594633796e-22,4.5704708414267606e-21,3.670019817237851e-18,4.16117554994688e-17,6.137968707088831e-17,2.9259980034009642e-08,3.082443443512124e-11,2.347924017030932e-12,6.102170020510852e-13,6.781570323575356e-11,1.1197024212226979e-11,1.4948470020665304e-18,3.129723097674804e-16,1.298209606037947e-15,0.0002413523058297116,0.49999469685336023,3.88711463966403e-05,0.24996262104614483,1.0076927730971827e-06,2.4142138790130023e-09,2.0401875208879934e-18,3.11002464408301e-17,6.169823827391429e-15,1.0289409049005722e-18,1.048823491046718e-22,2.632322252110018e-19,2.161414606951791e-23,3.964914790001768e-17,1.0756021409744162e-08,2.2684110310955174e-08,3.880816831140614e-17,5.138541021380642e-14,0.0,1.0562252638076997e-27,3.2278533567654296e-30,1.295009424628536e-05,4.101512310333471e-08,6.865812684979048e-19,1.8039871233169211e-28,2.1601342336983672e-09,3.4847418843858645e-11,4.688276779221798e-13,9.752323476509493e-13,1.1608791439668388e-12,5.460199178094468e-15,5.580232805476779e-11,8.034097733938738e-18,2.2745029715920958e-27,1.2897641979850444e-19,6.055691317020034e-16,0.09999391446253247,6.071292350129763e-06,1.573523371263698e-08,2.6390812573064632e-14,1.2626475583598043e-24,1.763949472519749e-13,2.5128626539689578e-12,2.79902943133951e-18,1.3291028401368127e-11,7.811991310469613e-29,3.953887623393169e-14,8.525821190188782e-14,3.7991926929250466e-28,2.219646247520198e-22,1.7404438487101758e-17,2.209280548955968e-06,4.6719451044028645e-08,6.178521394356708e-05,2.6783739249450902e-09,1.9985376020187907e-12,2.9277910350062434e-13,1.7800062242049268e-12,4.347418300334146e-26,2.776630709383296e-09,1.98286554190412e-09,1.030260941365004e-09,4.1983140573532715e-09,5.8801436386536496e-33,1.570718810906214e-12,2.08477144373311e-09,5.714903466198679e-13,5.418769390712619e-12,1.081091694271131e-11,3.622218635732098e-19,5.910424542097556e-18,4.64201847482418e-14,0.00033381935297521623,1.6219762811647583e-08,7.582498093177643e-12,7.504302030381555e-11,2.160888764230049e-26,2.0253177934881804e-16,2.209456859070148e-19,3.2341442790038974e-23,6.49654133908879e-21,1.6980869288375248e-26,6.538531091126777e-08,2.4252728237531148e-08,2.105137436781364e-10,3.5097881958221347e-06,9.749937854120804e-23,8.312156535346286e-22,3.380782180417017e-10,1.7796612602772688e-06,1.271617870999129e-20,1.2720701869399803e-15,2.5723230236717123e-27,5.928958740482822e-20,0.0,0.0,9.573212605019457e-15,2.598847267513724e-14,1.1962876644915302e-21,1.0428456523911559e-14,2.2455483907693693e-30,2.1136342403316772e-21,2.248814621074801e-30,4.246517502861206e-34,4.8398440553990136e-30,4.952992263808611e-14,3.74201068468547e-13,1.905113931581391e-13,2.2996202993012718e-23,1.3508576825380529e-20,1.9650922575102697e-23,4.254698416655633e-17,1.0655061855656486e-12,1.2754792147569801e-24,1.5847182859739615e-27
1495.2418087505669,2.523015975212255e-08,0.0001769741308782973,4.218950995067114e-14,2.744085604493179e-14,2.4336412881214473e-14,2.294789345473442e-14,2.5856847890994233e-17,6.228909821868034e-14,1.886020820907059e-36,1.2267593834558174e-27,6.158006846407364e-37,5.019740801745068e-18,3.583204788867891e-16,2.1793624360602877e-24,4.632566822336733e-18,2.6348913529840974e-17,3.289949814818761e-44,2.2510018831493437e-30,7.289128075574885e-26,1.5949794778728106e-30,8.629006243961513e-36,2.8422863482581017e-28,1.3850827824098498e-10,3.523123586308692e-12,9.702680346226464e-12,1.919835138559765e-11,4.686453894592702e-26,9.284825772630974e-22,8.381807756855835e-14,5.930576700666921e-11,8.23854814737995e-31,2.0826140660024878e-34,5.323123701814034e-21,4.498877697542464e-21,9.623288014131927e-22,9.321222426229186e-21,6.684241978913913e-18,5.5035831066914266e-17,5.926300658337949e-17,3.123677238473207e-08,2.3902816148578253e-11,9.09967197897475e-12,1.3167884443758677e-12,2.7634089565024405e-10,2.421566194680359e-11,9.925787810434569e-18,8.074430915547663e-16,1.848031808121179e-15,0.00026518778652092516,0.49999823721261416,5.635931739711853e-05,0.249946625492709,1.0071816373218512e-06,4.726046557628827e-10,4.261935784998757e-18,7.187314580130637e-17,5.5975599154074634e-15,2.280950315265742e-18,3.271978863551178e-22,4.427977368135944e-19,4.322124610267433e-23,2.561355232853125e-16,2.260175397620768e-08,2.680562908657144e-08,5.551847442989924e-17,4.9308798729832995e-14,0.0,1.893519203557294e-27,1.7047874801550934e-29,1.6559506625940112e-05,4.874618841236509e-08,6.980539560470332e-19,3.888628351973988e-27,2.1478500573943604e-09,1.8870085962082393e-11,2.5655667079650922e-12,2.432390466563873e-12,3.8191483286611545e-12,1.1697847167507284e-14,1.5842271613351315e-10,5.2966549319946796e-17,1.7522238513559766e-26,3.085218998925474e-19,8.283126070015696e-16,0.0999912070955833,8.778671543949426e-06,1.57229890521627e-08,1.0037994183889158e-13,7.527043666548939e-24,6.662606056800485e-13,3.132850740908124e-12,5.0816382369133455e-18,2.9944261867701166e-11,1.0198413790887341e-27,5.620438315869291e-14,1.3052155736530182e-13,1.2195469234405337e-27,3.640115662266757e-22,3.654115701423044e-17,2.1875047070924156e-06,6.849529290758301e-08,6.178035885259734e-05,2.6860664077750086e-09,4.34794598218089e-12,2.9202680427484486e-13,1.9481755842956107e-12,1.0500088879118994e-24,5.764021176860182e-09,1.9878689246476725e-09,2.4063270318826996e-09,4.253155078877282e-09,5.083637442935936e-32,3.903392884460609e-12,2.4746176103291e-09,6.973068089055497e-13,1.530417885743361e-11,1.2749249152182047e-11,2.136498482172823e-18,1.632088767537052e-17,1.2703804823972178e-13,0.00033371569267480765,1.876219223982934e-08,2.474912571315119e-11,9.930722271908591e-11,1.0461355317927548e-25,9.219595027434906e-16,8.537720289478779e-19,1.9841734654431926e-22,1.1174593061085525e-20,6.648606003163007e-26,1.377555454279375e-07,2.8862427208932146e-08,3.11062720337004e-10,3.509685654306726e-06,2.8262214422814534e-22,1.4637400848057198e-21,4.423882671881446e-10,1.7795557840632373e-06,1.0107350493711559e-19,2.1326135019589467e-15,2.361249826528369e-26,2.6494186297070373e-19,0.0,0.0,1.5142547161544752e-14,3.667268726060853e-14,2.603871913540441e-21,9.59048479706632e-15,5.702679206050342e-30,3.06614613418396e-21,5.7145564538082654e-30,1.633388644668695e-33,7.595027006846574e-30,2.67915519430831e-13,9.158742948524668e-13,5.803410282009966e-13,6.61517565437165e-23,2.1602600902920727e-20,3.054887462030059e-23,1.1256344284718517e-16,2.9161888491979774e-12,1.0237414333366985e-23,1.6590681818097616e-26
2162.245507301719,3.654285512980356e-08,0.0001769617981570155,1.0567061682894952e-13,3.1013952405124094e-14,6.258068519190982e-14,2.5661655875204473e-14,9.44749950084331e-17,7.832597297018857e-14,8.677370251999935e-36,3.6077595811593485e-27,2.0522017550090032e-36,1.6057316674791082e-17,1.1994006345912385e-15,1.877343541791178e-23,6.993602657973042e-18,8.205260380664334e-17,3.5544828578812093e-43,6.784273144466174e-30,1.2734543934850761e-24,2.3616295033689182e-29,2.0876356039481584e-34,5.161100394692227e-27,1.560405889627794e-10,4.3715433770238615e-12,9.6475793039635e-12,1.8889007025394307e-11,1.8283344720325183e-25,2.6869604980945632e-21,1.2501153799501183e-13,5.148915117361043e-11,5.189327093041271e-30,1.1799847766555544e-33,3.794284798872487e-20,1.716435307813995e-20,2.8417564291987228e-21,1.4649303973257615e-20,1.0551636402856977e-17,6.388031020863644e-17,5.0198628188732394e-17,3.185139237816447e-08,2.4568313766993944e-11,3.0777846343847226e-11,2.44306829139124e-12,9.966403759431024e-10,4.739319582032886e-11,6.750853874882262e-17,1.6616697409587613e-15,2.150689627338313e-15,0.0002974582046365514,0.5000084780987775,8.162116430938914e-05,0.24992418574470848,1.0064862522022832e-06,7.315986755183567e-11,7.800516507146058e-18,1.5058098409982776e-16,4.350395861416434e-15,4.148514635765005e-18,8.850265294444038e-22,6.352747026311246e-19,6.762498939711356e-23,1.1550782352721846e-15,4.2670145363013665e-08,3.1048391814683895e-08,7.476898440815917e-17,4.6550485034686696e-14,0.0,2.8121807401396937e-27,7.617556310213687e-29,1.961828375438296e-05,5.261182744962519e-08,6.707882248658871e-19,4.823002418751664e-26,1.9316083518650172e-09,1.9271088651686626e-11,1.0772080537346341e-11,4.80684945899144e-12,8.914926280776864e-12,2.4550720544938884e-14,3.567672265908208e-10,2.319953316787399e-16,1.123433444306735e-25,5.970042543497709e-19,8.76244110051286e-16,0.09998729308194221,1.26927018247371e-05,1.5706349261077813e-08,2.7148215525754897e-13,3.9369148315052685e-23,2.0525359961151666e-12,3.2929480475274765e-12,7.461843269169794e-18,5.899157501458913e-11,1.0611465131857017e-26,7.519681516364222e-14,2.0362368608452186e-13,3.2732953298182524e-27,5.054781098643016e-22,6.988492719789847e-17,2.155173936741937e-06,1.0082606325806269e-07,6.177383589616993e-05,2.6872640613243906e-09,8.314639177318303e-12,2.8839894111706695e-13,1.8013183841968807e-12,1.6235143131665986e-23,1.0508951927707268e-08,1.9829179490095134e-09,4.556367746413654e-09,4.0009744808240665e-09,3.2315768300989733e-31,7.31005603680002e-12,2.281361829709846e-09,5.984258593710784e-13,3.970108730511751e-11,1.4235533445098351e-11,1.0349519616130985e-17,4.249362087562433e-17,2.778324890315529e-13,0.0003335482790548532,2.243280407973581e-08,7.325656307522409e-11,1.1972215826721094e-10,3.884960245570874e-25,3.393602510571558e-15,4.3263379281058415e-18,1.031859285001868e-21,1.2802445242325104e-20,2.8920571717208986e-25,2.6663642139201987e-07,3.4405215588600265e-08,4.642181789347258e-10,3.509528531986685e-06,7.261025151857398e-22,2.1899767117532997e-21,5.585045031272927e-10,1.779436983596702e-06,5.991747065821355e-19,2.7770032025283794e-15,1.7295331639460039e-25,8.250639381061343e-19,0.0,0.0,2.2752471949347334e-14,4.980190622202997e-14,5.637590277555e-21,8.466482824950869e-15,1.3533821827310292e-29,4.170593000134828e-21,1.3573737629853578e-29,5.5727304450931725e-33,1.0635609730586266e-29,1.1583717518099245e-12,1.9099209397066902e-12,1.3598081428421583e-12,1.7271379887793674e-22,3.2546281880210543e-20,4.076687750237857e-23,3.0010844403858696e-16,6.6414456261818e-12,7.564343626179111e-23,1.5754212664240229e-25
3126.7889959237978,5.290659568836726e-08,0.0001769428159444968,2.1733970947587784e-13,3.1368560670704275e-14,1.2267199721040837e-13,2.5201170455697796e-14,2.705140124366545e-16,7.27512424803442e-14,3.0294938484932545e-35,8.221597638741983e-27,5.835904621074383e-36,3.490510844963453e-17,2.519585258320649e-15,1.0072592219112946e-22,6.515249279559631e-18,1.7105702158857405e-16,2.93756005547338e-42,1.1566104578708162e-29,1.3799574638084807e-23,2.26617804002904e-28,3.365281702038484e-33,4.198908191695157e-26,1.6037883854704254e-10,5.411807647658173e-12,9.31451398000939e-12,1.8462632794705002e-11,5.806076898982418e-25,6.223212525139378e-21,1.7565444760035142e-13,4.338325749351739e-11,2.0492837497104425e-29,4.7464403599086376e-33,1.825391886807761e-19,4.314593203536465e-20,6.767242476726197e-21,1.9073397679477393e-20,1.4804763908820165e-17,7.00251696557936e-17,4.006256643194272e-17,3.21973171752646e-08,2.510493878998834e-11,9.029562920596551e-11,4.0152368358131816e-12,3.1545843821679814e-09,8.541166258137456e-11,3.7123686025907086e-16,2.7703193649365903e-15,2.1671961882177377e-15,0.00034089562313081585,0.5000308388292752,0.00011809433463144178,0.2498927250682687,1.0055455373485622e-06,4.155700199999952e-11,1.2630334450791885e-17,2.8545972896140753e-16,3.171313026355592e-15,6.3792892343864496e-18,2.1117627888939755e-21,8.068025293525872e-19,8.693297139810982e-23,3.409825642970105e-15,7.313789123908384e-08,3.4854058666190964e-08,9.46449726838195e-17,4.330316996738587e-14,0.0,3.745417098105224e-27,2.9301005475013316e-28,2.0882116250757817e-05,5.240360307670954e-08,6.338206275202847e-19,3.488980950886155e-25,1.616617309108258e-09,1.9403574837137994e-11,3.360334037049175e-11,7.855102320812965e-12,1.491457159288507e-11,4.572386810218118e-14,6.440848324333404e-10,7.028834838284174e-16,6.070451803237589e-25,9.687536807875612e-19,7.723484185400948e-16,0.09998163543726897,1.8350368969654057e-05,1.56838776330172e-08,5.296221376072622e-13,1.6941360902649928e-22,5.163614719752104e-12,3.087909934719708e-12,9.643913137284332e-18,1.0403494165641227e-10,8.386761046988545e-26,9.484265044960142e-14,3.015021753528322e-13,7.589634861288523e-27,5.99658548140838e-22,1.1994127639794943e-16,2.106946898001414e-06,1.4905310199858691e-07,6.176508481712258e-05,2.688738936203319e-09,1.4533541215562252e-11,2.840927361650075e-13,1.5208252754450258e-12,1.5881242819797e-22,1.7242839184050194e-08,1.979276877122898e-09,7.213216795410101e-09,3.664354587055044e-09,1.5206979286145863e-30,1.0762889284514491e-11,1.8112316671066647e-09,4.1503195890820924e-13,9.632919277763865e-11,1.5388983584716642e-11,4.065125743065096e-17,1.050730694494859e-16,4.806255756025754e-13,0.00033328605248107333,2.7728881886797063e-08,1.9852988941998347e-10,1.317118716880259e-10,1.2559901907596657e-24,9.933091899317595e-15,2.28430981209444e-17,4.236103220750938e-21,1.038850252904898e-20,1.1190890333659732e-24,4.802416121287626e-07,4.079031983618774e-08,7.021921860737013e-10,3.509284328429984e-06,1.647968583395314e-21,2.7493686413663857e-21,6.755359240472986e-10,1.7793144050708284e-06,2.5277261476183965e-18,2.8078929151840987e-15,9.674647996840351e-25,1.7200714518369133e-18,0.0,0.0,3.2751620407510736e-14,6.098235373176392e-14,1.1340483476587568e-20,7.311624983317286e-15,2.817545778724756e-29,4.844193789098111e-21,2.829354568634358e-29,1.5961422430847756e-32,1.1959790946804775e-29,3.986202750044821e-12,3.4857063303274373e-12,2.4832382356275265e-12,4.13010632394927e-22,4.6683636427261543e-20,4.9247213247392406e-23,7.950921883794306e-16,1.255227362712768e-11,5.110283373331382e-22,1.3540442598056664e-24
4521.600064384307,7.6567961340864e-08,0.0001769129157769247,3.825748668713395e-13,3.019767081412081e-14,1.9195623793214295e-13,2.3253419134836147e-14,6.015447328723998e-16,5.70872059335966e-14,8.322100813926426e-35,1.5127772406495445e-26,1.4201655155540822e-35,5.4175510944786555e-17,3.624619275595636e-15,3.5876900126564307e-22,4.395948396975536e-18,2.496905596264239e-16,1.9041292729711532e-41,1.1957320792948858e-29,9.507641024292567e-23,1.4139735774492002e-27,3.5949882694502637e-32,1.5373805695311225e-25,1.5787995647528126e-10,6.4226132520506495e-12,8.882388795720286e-12,1.7761891440328275e-11,1.5450662929383844e-24,1.1819976736804628e-20,2.331972902936191e-13,3.525669978142147e-11,5.311007503808139e-29,1.4439728885141615e-32,5.969141158938527e-19,7.363306228534363e-20,1.3310915971020796e-20,2.0865482459486565e-20,1.8728295439587495e-17,6.855064820069604e-17,3.022511889626398e-17,3.257753011688035e-08,2.5691414346846252e-11,2.3275334038241078e-10,6.067486401599215e-12,8.772494874939403e-09,1.4307960451966698e-10,1.5692253709827114e-15,3.865616961374176e-15,2.031973755389677e-15,0.0004003361334046156,0.5000711707156444,0.00017071586479556572,0.24984815393721654,1.0042543690918961e-06,3.412953063704705e-11,1.83809981280839e-17,4.846346254056707e-16,2.208520799992159e-15,8.343196362060387e-18,4.554181078343208e-21,9.270948147145074e-19,9.582482098056264e-23,6.44755992045495e-15,1.1388503160322585e-07,3.806066129488318e-08,1.122531283231878e-16,3.9559282773376147e-14,0.0,4.59792088961233e-27,9.762111912438975e-28,1.9469863847191803e-05,4.88688317864577e-08,5.727284049535364e-19,1.6769777839539558e-24,1.2435871988090142e-09,1.9061739326773377e-11,7.922992430995414e-11,1.1289662357415696e-11,1.9496996111383865e-11,6.975633104727993e-14,9.57328254942097e-10,1.551838419011858e-15,2.7744251259714713e-24,1.386525448383215e-18,6.167120069079502e-16,0.09997345927152212,2.6526565494372842e-05,1.5653099678472117e-08,8.193272713806417e-13,5.672380878022944e-22,1.0776036288782213e-11,2.7316716623676385e-12,1.1736199071040798e-17,1.6580130005401012e-10,4.827032651411477e-25,1.1306119231981508e-13,3.9491483744864094e-13,1.577584533865255e-26,6.227992488733059e-22,1.8598264257543168e-16,2.034735765149948e-06,2.2126423485005166e-07,6.17536784034488e-05,2.6918744169114304e-09,2.4285296567586016e-11,2.7960860771341524e-13,1.2431175421267993e-12,1.0508832102058258e-21,2.631028287170519e-08,1.9815567348722767e-09,1.000398096349245e-08,3.3052674104151214e-09,5.405540132263314e-30,1.3203957697629052e-11,1.3620278086040048e-09,2.6485600058216355e-13,2.2107485052406675e-10,1.6586941820816924e-11,1.2935874834714905e-16,2.5422099072246927e-16,6.845979300441433e-13,0.00033289290099990023,3.536356659270233e-08,4.945612887564476e-10,1.362681198795715e-10,3.7957290029040086e-24,2.2766875977684373e-14,1.0610104413057932e-16,1.3360654054889054e-20,7.108618420301151e-21,2.9997984697711395e-24,8.10939917625005e-07,4.8388833046317734e-08,1.0778019316907864e-09,3.508900965284758e-06,3.339416009634784e-21,2.9428961326038296e-21,7.806540217878298e-10,1.779198726727416e-06,7.625969842380818e-18,2.407544084507892e-15,4.0169411342902e-24,2.5109906355765568e-18,0.0,0.0,4.528730782100238e-14,6.436604489573642e-14,1.9582572205443838e-20,6.180937871191745e-15,4.740169404813536e-29,4.522534280754644e-21,4.7683427919947365e-29,3.56725812936246e-32,9.971105224992678e-30,1.1120554665316483e-11,5.692789201695297e-12,3.687654862948213e-12,9.176551798578818e-22,6.39680961389511e-20,5.614770941261263e-23,2.0605993734919994e-15,1.999150822026234e-11,3.100919405944429e-21,1.035319956658692e-23
6538.614268149506,1.1093770940487771e-07,0.00017686486622882794,6.017441213433406e-13,2.8388371907741785e-14,2.531213575982912e-13,2.0644215390630847e-14,1.0508280783139233e-15,4.143533201534632e-14,1.8642331685211637e-34,2.2646349595252038e-26,2.8959670381724793e-35,6.612922783287398e-17,4.144078996831561e-15,9.071094282196751e-22,2.5964006615935712e-18,2.808996854730981e-16,1.0036432064756196e-40,8.722313642541009e-30,4.427609874789809e-22,5.9255858675554906e-27,2.6193235691782665e-31,2.9589075760830944e-25,1.5159572180755653e-10,7.163699914320113e-12,8.25656100528635e-12,1.6621123932773923e-11,3.476611197880537e-24,1.8163328291667784e-20,2.8886679033496806e-13,2.7089550030075304e-11,1.0075828174821338e-28,3.378592408745154e-32,1.3434626156677708e-18,8.820478115411653e-20,2.1260121269297887e-20,1.8785063484857005e-20,2.0972624669528933e-17,5.573427205479624e-17,2.0623683847839018e-17,3.2981723971998886e-08,2.63362788396273e-11,5.376630956919099e-10,8.592071585157404e-12,2.168214213195196e-08,2.244492560327961e-10,5.179672939465989e-15,4.594173586944574e-15,1.8204729594262816e-15,0.00048464104488320377,0.5001337505257085,0.0002465498271560873,0.2497837788568276,1.0024247292897007e-06,2.6574700097595632e-11,2.4171233867505833e-17,7.19438877824853e-16,1.429665333928412e-15,9.1764273824584e-18,8.963964193943592e-21,9.55784370525795e-19,8.978016356769039e-23,8.085807780117681e-15,1.6062152862566944e-07,4.14658568260579e-08,1.2483929414724242e-16,3.5256709493218215e-14,0.0,4.9722444440868025e-27,2.7919140770991017e-27,1.6052157776871278e-05,4.38507747533799e-08,4.729615364865009e-19,6.197140273602473e-24,8.471635394780796e-10,1.820150958580598e-11,1.46676309814112e-10,1.4776678933811442e-11,2.159564623485511e-11,8.629911489543208e-14,1.2064655891747927e-09,2.6161009768353392e-15,1.0640946122721843e-23,1.790028552195647e-18,4.572752377227644e-16,0.09996164790451487,3.8337976026106896e-05,1.5609575248445893e-08,1.1025677357936947e-12,1.4877297698093353e-21,1.8767574997475376e-11,2.3484839287327385e-12,1.359075183722124e-17,2.3957524882617033e-10,2.0406228799034664e-24,1.2847362039863604e-13,4.481038973375393e-13,2.9065007165136114e-26,5.767344344685999e-22,2.705871495314177e-16,1.926325262764484e-06,3.2967473723551576e-07,6.173959646296925e-05,2.698159579555434e-09,4.000690132634824e-11,2.755069472724657e-13,9.90857496527914e-13,5.190343302150601e-21,3.800769150417475e-08,1.9963297027787422e-09,1.2444795456359466e-08,2.9282619249744622e-09,1.449696162569532e-29,1.3790171632422157e-11,9.82279039569827e-10,1.5774568384012905e-13,4.785408758463605e-10,1.8598856927168936e-11,3.322164795867469e-16,6.135693334317994e-16,8.495120541133635e-13,0.00033232858164334417,4.635541596318411e-08,1.1307042184959979e-09,1.3985349258075985e-10,1.0157871099912032e-23,4.1333722834470525e-14,4.173631616835506e-16,3.206480823536083e-20,4.592796061029226e-21,5.1859514752776796e-24,1.2938479194691985e-06,5.8798143290435737e-08,1.6729893003036437e-09,3.5082978772820257e-06,6.12615005832601e-21,2.7775982431084658e-21,8.674231341951328e-10,1.7790935972327803e-06,1.7326219708482285e-17,1.9187264024742857e-15,1.2270597793108927e-23,2.8254073704504174e-18,0.0,0.0,5.975197025828895e-14,5.890274256051222e-14,2.7530563871661706e-20,5.079079093693499e-15,6.133390181814799e-29,3.430580335962263e-21,6.181991863744638e-29,5.998112279245325e-32,6.294481588326244e-30,2.577107925839212e-11,8.445989646160593e-12,4.636891328559394e-12,1.918464989875828e-21,8.310455697051754e-20,6.03437472224475e-23,5.195025931029919e-15,2.765897847028185e-11,1.6637813045247038e-20,6.899707841557123e-23
9455.38657529853,1.6152465990159184e-07,0.00017678670116219388,8.515342058425324e-13,2.6149112067804444e-14,2.8534824516129047e-13,1.7582591165510644e-14,1.4493026809761207e-15,2.7955708987561226e-14,3.3558580031888115e-34,2.6242814168094064e-26,4.6913595651015494e-35,6.64648270262132e-17,4.002266616747571e-15,1.6370414769506276e-21,1.3806982003866152e-18,2.5516145434594455e-16,4.364424578493764e-40,4.703916477584717e-30,1.4245555993816331e-21,1.6815210639204002e-26,1.3356147499219372e-30,3.3876762774409997e-25,1.4209349725160998e-10,7.69107950219474e-12,7.420798114044702e-12,1.5053327199315664e-11,6.4606905798722084e-24,2.188878245490948e-20,3.24665790455599e-13,1.9476941057647414e-11,1.5356522421342688e-28,5.854594572984074e-32,2.0549572187252107e-18,7.45501580193158e-20,2.6368311801682318e-20,1.3746670633223027e-20,1.988493041651843e-17,3.7632725720194647e-17,1.2466805437330121e-17,3.335117924693338e-08,2.701810808962107e-11,1.1176612528024077e-09,1.134937108809938e-11,4.832931935315577e-08,3.3212504861561925e-10,1.3647137608983196e-14,4.599435383177309e-15,1.5524751105717867e-15,0.0006072151285666836,0.5002236522160851,0.0003556441916517271,0.24968941578657855,9.997747930151662e-07,1.947278781463022e-11,2.824493638232147e-17,8.994278519143569e-16,8.471720819983801e-16,8.451331940228728e-18,1.5818269698886185e-20,8.596582695482995e-19,6.853467200211825e-23,7.177538293579924e-15,2.0470678003934418e-07,4.6190846127929805e-08,1.3132660186970485e-16,3.044677985712368e-14,0.0,4.671214412725288e-27,6.69038928742586e-27,1.2368057454706206e-05,3.885844147691736e-08,3.554045166187186e-19,1.8013950000659927e-23,4.85437047884607e-10,1.6892809277719983e-11,2.145958921551559e-10,1.755213659491362e-11,2.0632259488435204e-11,8.785061448490022e-14,1.3201295874059909e-09,3.497205634859253e-15,3.3640391570345903e-23,2.0587116274765437e-18,3.1254911415537006e-16,0.0999445959605085,5.538998294265059e-05,1.5546665036288165e-08,1.3225294440397559e-12,3.102743844335204e-21,2.6637850416669306e-11,2.001893089450991e-12,1.482177621777668e-17,3.1488502936968023e-10,6.793080082376885e-24,1.4106202214398714e-13,4.582894835158912e-13,4.5625797464421674e-26,4.839652027612818e-22,3.8253175533963795e-16,1.76374998927674e-06,4.922500107232576e-07,6.172388371041818e-05,2.7098545985654475e-09,6.58529839968018e-11,2.7275993264106293e-13,7.682829351213273e-13,2.0066839904109223e-20,5.183951761804312e-08,2.032991301046507e-09,1.3778062923102472e-08,2.5393745115371126e-09,2.803666248041167e-29,1.1987508479925369e-11,6.726105596788889e-10,8.631790082217495e-14,9.63050402042173e-10,2.2257793446493003e-11,6.699402936892363e-16,1.45794400941396e-15,9.399999111617114e-13,0.00033154858919823266,6.214987872732484e-08,2.358945042677823e-09,1.489245146146302e-10,2.2039328621131098e-23,6.251534007337501e-14,1.3886646867702253e-15,5.766433917683829e-20,2.932322982167655e-21,6.062161738133581e-24,1.968306441608806e-06,7.477097933895977e-08,2.6040653661872015e-09,3.5073600582061e-06,1.0249761746279979e-20,2.3918524835469272e-21,9.433856225981531e-10,1.7789897541664224e-06,3.0713617848273843e-17,1.4475411893906578e-15,2.74061592921125e-23,2.567478356670531e-18,0.0,0.0,7.390991356637496e-14,4.97957172434202e-14,3.10469243609251e-20,4.036886075050831e-15,6.045668636231557e-29,2.291882851142103e-21,6.096786225587015e-29,7.559584926637259e-32,3.34748642234744e-30,5.014524644605523e-11,1.1514580445598755e-11,5.07116060496552e-12,3.796559246925003e-21,1.003729613192105e-19,6.029899454242369e-23,1.2671057890708151e-14,3.428550381164941e-11,7.801098996343238e-20,3.9349761467953884e-22
13673.284830982668,2.3773883380000974e-07,0.0001766597397294015,1.0486804309357457e-12,2.3543401835704996e-14,2.691108675987062e-13,1.424121205159156e-14,1.5537788474289577e-15,1.7415245340082225e-14,4.380461752290017e-34,2.166004237292596e-26,5.531925184071531e-35,5.444334033111262e-17,3.2260585723137228e-15,1.9760588852041038e-21,6.57913251061359e-19,1.8617207243387053e-16,1.5077478580611768e-39,1.7732195987325983e-30,2.992193299948973e-21,3.0821281697253527e-26,4.751243059921999e-30,2.391706628857626e-25,1.3069769193753921e-10,8.17912624012709e-12,6.452413547595203e-12,1.3195331172824485e-11,9.482490297095255e-24,2.011647404469229e-20,3.1735327173848453e-13,1.314144422327483e-11,1.969226749055364e-28,6.996254439638543e-32,2.0203369048262518e-18,4.3277705261799e-20,2.3905839828304924e-20,8.181449853309984e-21,1.5113618400991156e-17,2.1127522986408522e-17,6.710482434814796e-18,3.36194422947524e-08,2.7776511825543085e-11,2.048476465868091e-09,1.3630585590418283e-11,9.800107186794019e-08,4.614205605148553e-10,2.891306387417787e-14,3.801483154502463e-15,1.2595111158426837e-15,0.000785406983463944,0.5003533738261027,0.0005121622513604621,0.24955042321926807,9.959414702866831e-07,1.3552214661582517e-11,2.824584592580824e-17,9.043890444222663e-16,4.621127101309884e-16,6.51549996080375e-18,2.3695477889366646e-20,6.497024924749418e-19,4.0653630345712567e-23,4.571398487444591e-15,2.3386232169667013e-07,5.2381110583948385e-08,1.323059809761778e-16,2.54060500617307e-14,0.0,3.851978617576619e-27,1.2824211851810955e-26,9.295132209721844e-06,3.398692213905473e-08,2.465485013696895e-19,3.779099748620731e-23,2.2390488468435715e-10,1.5324094076118233e-11,2.386433570545731e-10,1.8236404035987722e-11,1.658131478361576e-11,7.354991731617719e-14,1.2720726120424402e-09,3.78017986134513e-15,8.513765363133742e-23,2.036981026085174e-18,1.9747092835136367e-16,0.09992000527499709,7.998075920908535e-05,1.5455909996124875e-08,1.3766648990914529e-12,5.065130418296586e-21,2.9098607177516354e-11,1.6917387052426407e-12,1.503582950440688e-17,3.7506953432739465e-10,1.8406288690447702e-23,1.510579859767311e-13,4.361801109577291e-13,5.897047075280569e-26,3.758182758011837e-22,5.217696405532165e-16,1.5235126794564515e-06,7.324873205435439e-07,6.170974824606419e-05,2.729328375982477e-09,1.0805140883072722e-10,2.7245275480121284e-13,5.831688630038426e-13,5.932004086417193e-20,6.52892751183425e-08,2.098003024089853e-09,1.3174683376082396e-08,2.150264841450665e-09,3.5796566932332883e-29,8.24572744056801e-12,4.3682806801214014e-10,4.344306468557022e-14,1.750795020982183e-09,2.7800913520931887e-11,9.93786388389649e-16,3.2170049657547264e-15,9.208954855417354e-13,0.0003305352855612609,8.478172704479346e-08,4.422155581364703e-09,1.6623533576830413e-10,3.6171581656360845e-23,8.110166066636737e-14,3.823602717139923e-15,7.577527961485646e-20,1.8773899270331038e-21,5.0758320524456806e-24,2.849152341337436e-06,9.931501596272298e-08,4.002023084311237e-09,3.5059577143341855e-06,1.5571167098545203e-20,1.946271832680954e-21,1.0247369744218717e-09,1.7788749706105948e-06,4.1595103164872944e-17,1.038923623734058e-15,4.358263267689325e-23,1.8744889629066943e-18,0.0,0.0,8.317285232872964e-14,4.1075537196018924e-14,2.8385824777591456e-20,3.1103623161181866e-15,4.5390177241646477e-29,1.448215377975152e-21,4.5531693104085445e-29,7.075971991830813e-32,1.635378173933779e-30,8.087035906724065e-11,1.4410379847075501e-11,4.883234772357584e-12,6.988496203754179e-21,1.0908075495812562e-19,5.561612916004082e-23,2.9096766334788616e-14,3.8690797022113865e-11,3.087059239848386e-19,1.8463625883468605e-21
19772.720721709713,3.556825193595958e-07,0.00017645923679559917,1.0391858402875144e-12,2.004850717560796e-14,2.0254391929000808e-13,1.0571701711726375e-14,1.25028657391053e-15,9.701889473819535e-15,3.4964954550181596e-34,1.1834631237401142e-26,4.2273814673333903e-35,3.468432732118695e-17,2.0637175045302976e-15,1.4212825267178042e-21,2.7347661851560027e-19,1.0531882873733955e-16,3.8170011002972585e-39,4.268230774614757e-31,3.559212589424246e-21,3.261300741969469e-26,1.1494326695755475e-29,1.0731190272652117e-25,1.1848434044643988e-10,8.689866004970652e-12,5.428117676459344e-12,1.1193845941886274e-11,1.0341923118585169e-23,1.3910053739222904e-20,2.5608505550414587e-13,8.372369701769236e-12,2.200428523774357e-28,5.252977911979305e-32,1.1596078730324278e-18,1.6402839953212558e-20,1.4936114182858277e-20,3.964888672583041e-21,8.835063749153235e-18,9.479876314398992e-18,3.254885322032599e-18,3.375771413928766e-08,2.8759974074301076e-11,3.1651629192908325e-09,1.4182456084612126e-11,1.7957194469990989e-07,5.850004690533488e-10,4.812694194183118e-14,2.6146641816357506e-15,9.72694668333403e-16,0.0010422146954454747,0.5005465829664626,0.0007358038379003274,0.2493451392016405,9.90449451554147e-07,9.132845954599612e-12,2.299080450174048e-17,6.990043835062663e-16,2.3321741153612246e-16,4.1883254266083266e-18,2.72630251479156e-20,3.9465136320113417e-19,1.812732321030971e-23,1.987135548646984e-15,2.3644155428734618e-07,5.908505149842593e-08,1.284824979315456e-16,2.0507817974106386e-14,0.0,2.7369561945788145e-27,1.8154658872497514e-26,6.865615820313858e-06,2.8832144499307843e-08,1.5751859895213306e-19,5.037599859574415e-23,9.062194879707489e-11,1.3771091886319891e-11,1.888037231128378e-10,1.5534073579929477e-11,1.06140924893898e-11,4.854595568412546e-14,1.0752529378618643e-09,3.236874394767547e-15,1.6550640020859636e-22,1.6542816703937914e-18,1.1618991664112173e-16,0.0998846093592198,0.00011537680448200165,1.5326414238686834e-08,1.170455418163248e-12,6.0668087220611755e-21,2.274143134158951e-11,1.3903023059664483e-12,1.374614862731582e-17,3.979099747424363e-10,3.792030767680047e-23,1.5776979939592695e-13,3.806915835726194e-13,6.009083392919943e-26,2.741821300661779e-22,6.593994696307778e-16,1.1850741787128638e-06,1.070925821287132e-06,6.170343891288424e-05,2.7561473134974454e-09,1.7294427511044696e-10,2.7371120404735206e-13,4.3458622148491407e-13,1.2277012567460196e-19,7.264211916104013e-08,2.173541339009442e-09,1.0434009084576176e-08,1.7584137535412937e-09,2.683535965570106e-29,4.27373704343644e-12,2.67652385099021e-10,2.0121271423240242e-14,2.7232597693352028e-09,3.3953377266565054e-11,9.777491713744145e-16,5.869587098317593e-15,7.733590431446054e-13,0.00032939714196781656,1.170909482257761e-07,7.1698061596185026e-09,1.8958105764508922e-10,4.087414174123945e-23,8.79796995207016e-14,8.145224789980318e-15,7.157476949610574e-20,1.1275281452437366e-21,3.189845772216661e-24,3.826850836913587e-06,1.3526413657113288e-07,5.913068166302023e-09,3.5040462477807352e-06,2.0911150245345808e-20,1.5330133790753075e-21,1.1168594094044397e-09,1.7787595716086288e-06,3.9577722889082756e-17,7.118473951647554e-16,4.6303918323422227e-23,1.061510061731518e-18,0.0,0.0,8.197127630142226e-14,3.339394585204559e-14,2.160833523881763e-20,2.3373042780959027e-15,2.59014519180917e-29,8.816597349695368e-22,2.552533901386139e-29,4.8390489838988937e-32,7.471137171213606e-31,1.0324346746900446e-10,1.612346273040347e-11,4.0835966134209826e-12,1.1183841737504894e-20,1.0236074747770413e-19,4.666041079754765e-23,5.909055533356887e-14,3.928225598487241e-11,9.386075145340551e-19,6.474358139253963e-21
28593.018398390996,5.397437902888575e-07,0.0001761654765343164,7.285824213812583e-13,1.5100326514106854e-14,1.1399841672191756e-13,6.736483139057454e-15,7.155584526148263e-16,4.553420576708526e-15,1.5328611958109858e-34,4.43659516786507e-27,1.9205792215397139e-35,1.5973558069247894e-17,9.915742258100604e-16,5.4436718924858875e-22,9.397836207776876e-20,4.3676177163620194e-17,6.759991880036755e-39,6.408056843251193e-32,1.9249394878701967e-21,1.6490920849316704e-26,1.871616920413526e-29,3.2771253836470665e-26,1.062742167233235e-10,9.230867447259402e-12,4.420828535881418e-12,9.200259091555698e-12,7.783076269644063e-24,7.408095849112355e-21,1.6655284754236452e-13,5.075338527568299e-12,2.239392881632924e-28,2.315053760620892e-32,3.5901452732733196e-19,3.9482892231668075e-21,6.540140667833658e-21,1.5889731127428796e-21,4.1430170001299606e-18,3.3420154640014925e-18,1.4592591980229854e-18,3.3804435423783315e-08,3.017677674435109e-11,3.8609466788995384e-09,1.193882315976593e-11,2.8895922935091974e-07,6.451388011712528e-10,5.961001304498407e-14,1.591668357749918e-15,7.172823808183625e-16,0.0014090344969084512,0.5008427934624672,0.0010534857716531076,0.24904065057143043,9.8266410454478e-07,6.05499939083835e-12,1.4881051141491258e-17,4.105657053667161e-16,1.0856533640468324e-16,2.2677953832950794e-18,2.1483793511541867e-20,1.8954927636238958e-19,6.3349333976663425e-24,5.819383059082985e-16,2.1161745148557117e-07,6.44720330998112e-08,1.2027604192803322e-16,1.6073459396982033e-14,0.0,1.6127637737987156e-27,1.7073855342142935e-26,4.994469282704827e-06,2.3222953017097255e-08,9.185385822157277e-20,3.693471631378617e-23,4.694907432194207e-11,1.2383725759489257e-11,1.0170538899764426e-10,1.0162791137408701e-11,5.114440124727558e-12,2.2946333529134792e-14,7.823554727745641e-10,2.077409670273034e-15,2.3749267667510553e-22,1.0813270135886983e-18,6.431254128676682e-17,0.09983381539910481,0.00016617094707571924,1.5143935420274576e-08,7.628428538468555e-13,4.865248119183155e-21,1.2382978583553676e-11,1.0828602307461135e-12,1.0658555955487714e-17,3.6611113226465075e-10,5.1515627914057406e-23,1.6011981517535077e-13,2.956609038366236e-13,4.5724602382226677e-26,1.8931549472568023e-22,7.297799870258822e-16,7.597602009245018e-07,1.4962397990754942e-06,6.171205147485676e-05,2.7818848581687777e-09,2.582320146432338e-10,2.711557866062324e-13,3.136803124605761e-13,1.549505092780395e-19,6.693176571112874e-08,2.189634505123792e-09,6.6534747638153845e-09,1.3510284670920013e-09,1.0766759122563247e-29,1.7167813011367467e-12,1.5144289577347022e-10,8.436412804721027e-15,3.3283582836797837e-09,3.6931432894753354e-11,5.783570811364425e-16,7.446815092621129e-15,5.26818066352089e-13,0.00032847742051376994,1.6300499598754722e-07,9.389341044202651e-09,2.074788179636746e-10,2.699898910466e-23,7.521998269541127e-14,1.2043565717432592e-14,4.9899988247383637e-20,5.906190604334602e-22,1.6008561368110244e-24,4.562921589286994e-06,1.838649815507498e-07,8.091365877615697e-09,3.5018728651090606e-06,2.342415598178117e-20,1.1654597654161972e-21,1.2049327343694733e-09,1.77867978876198e-06,2.296237408614817e-17,4.680890385377561e-16,2.9675116659935654e-23,4.40892236593895e-19,0.0,0.0,6.943341663975759e-14,2.654309171679314e-14,1.4502727201860348e-20,1.7244414277497885e-15,1.1826594357676926e-29,5.160131616157288e-22,1.1313097458248858e-29,2.534911071204165e-32,3.197059752893832e-31,9.69319514961848e-11,1.53849725909269e-11,2.863387005764993e-12,1.3837121592665962e-20,8.111303039490334e-20,3.4650865714120575e-23,9.674799125332125e-14,3.4662908818425124e-11,1.8792552226271667e-18,1.453740194226277e-20
41347.91122766806,8.161997844272981e-07,0.0001757912166094185,3.288480702673236e-13,9.846082903336652e-15,4.732540259759514e-14,3.6262356697631575e-15,2.852711624847076e-16,1.7849000754345506e-15,4.304881667736734e-35,1.4561334743686752e-27,5.943306605863773e-36,5.1819900143630695e-18,3.5387550417179334e-16,1.0899863118894482e-22,2.6657005381337477e-20,1.3191810378236701e-17,8.996145733360003e-39,7.321125492410127e-33,3.7556867375564698e-22,3.2892472715286214e-27,2.2208528820729624e-29,6.56655721442311e-27,9.458706607864802e-11,9.706757038507112e-12,3.4881661078844403e-12,7.336102974522133e-12,3.83089982166121e-24,3.2421423821966453e-21,9.480824112004785e-14,2.949399314745317e-12,2.154294388047482e-28,6.571497030624543e-33,6.42488626786566e-20,6.321635359423307e-22,2.296722209244255e-21,5.417980295300359e-22,1.8099825077229356e-18,1.0107457769463387e-18,6.226102408762038e-19,3.381961684448248e-08,3.2207622934339795e-11,3.4273058852499516e-09,7.723595507914677e-12,3.8772310705240474e-07,5.952918529627811e-10,5.197050445262958e-14,9.131206043264345e-16,5.072376625102988e-16,0.0019280205216102323,0.5013071675539631,0.001501174566486413,0.24858672135007176,9.71761850402834e-07,3.953748682052477e-12,8.333105561521899e-18,2.011593453441996e-16,4.6558583759430217e-17,1.058594101226752e-18,1.1876020678999627e-20,7.873453098232977e-20,2.0082523523275356e-24,1.2698577139410387e-16,1.7006018016607822e-07,6.648766481756567e-08,1.0854439273311951e-16,1.2300410254169585e-14,0.0,7.72355516354315e-28,9.962993258969988e-27,3.588733628332072e-06,1.7460114083299174e-08,4.894987938532035e-20,1.3194823363530042e-23,3.3125794143914927e-11,1.1095989757103305e-11,3.846378812129265e-11,5.0063682004545345e-12,1.8326030080708774e-12,6.762466794523207e-15,4.805774474516781e-10,9.52575562777951e-16,2.494863553103034e-22,6.199001952202155e-19,3.384387433129787e-17,0.09976126485119792,0.00023872174834058983,1.4890577398487644e-08,3.7403021795147293e-13,2.499798437283137e-21,5.126540197859991e-12,7.865471142648183e-13,6.67758898249214e-18,2.8490433433212455e-10,4.069790138128512e-23,1.574795416386299e-13,2.0053075783933242e-13,2.549344202932999e-26,1.2455308255450079e-22,6.77169285681971e-16,3.392581034649908e-07,1.9167418965350052e-06,6.173480048349927e-05,2.7926460940054e-09,3.3774938422510196e-10,2.5805920763774084e-13,2.1488031034238128e-13,1.0123311873812566e-19,4.864374306523515e-08,2.0641953208100536e-09,3.520409880476318e-09,9.488486255240254e-10,2.5410295687855515e-30,6.101657803651814e-13,7.743263123200908e-11,3.1424577258623005e-15,2.955046100914462e-09,3.322068568871212e-11,2.1428704304374498e-16,5.660752439024259e-15,2.794087823182832e-13,0.00032820287373391084,2.2786152003897713e-07,9.234932359876927e-09,2.0281991555346033e-10,8.54097593584422e-24,4.764060399889395e-14,1.0998568763157822e-14,2.6935437192034746e-20,2.64405463918856e-22,6.492747143216162e-25,4.661388629105678e-06,2.428104457291503e-07,9.966154385149454e-09,3.5000072076129316e-06,2.062817366936333e-20,8.286469284597151e-22,1.2899154582645685e-09,1.7786320628395221e-06,7.44684017339728e-18,2.9977291026905034e-16,1.086578680127091e-23,1.334206635527256e-19,0.0,0.0,5.310573723908409e-14,2.074087166549871e-14,9.224543586177501e-21,1.2569882756585121e-15,5.02033675852862e-30,2.9356350984285866e-22,4.6737306601978745e-30,1.1991339189361346e-32,1.3131034416950784e-31,6.4194100357484e-11,1.2107538759085679e-11,1.6446520645107885e-12,1.2217504449870786e-20,5.68385841437703e-20,2.244437113325491e-23,1.184208058879834e-13,2.586195118553233e-11,2.172634368480404e-18,1.8363433982471365e-20
59792.559815487155,1.1983576662255755e-06,0.0001753928908601901,1.2364014145207926e-13,6.228270094472654e-15,1.752932937821221e-14,1.8486242129536373e-15,9.622997424485049e-17,6.593494991305841e-16,9.595761908585393e-36,4.921988891314206e-28,1.7466608560884107e-36,1.44973387476453e-18,1.0252508442447161e-16,1.3875855582182636e-23,7.099510220587095e-21,3.535783997500048e-18,1.0208292370562544e-38,8.234851605606613e-34,3.0501823935997745e-23,3.571589129152968e-28,2.286658243700501e-29,8.437492367356817e-28,8.356602830190743e-11,9.926614807575243e-12,2.6682644249559788e-12,5.683141336635236e-12,1.3074838999578881e-24,1.2402626427530609e-21,5.322961126022437e-14,1.6546217340191322e-12,1.9639133734074267e-28,1.5347604507903867e-33,8.371505721150186e-21,7.715016564386583e-23,7.142468700269643e-22,1.6270662475895034e-22,7.88726688644293e-19,2.9668376508599787e-19,2.5638851366951053e-19,3.3828277872369876e-08,3.5050826970304523e-11,2.0507489461900403e-09,4.112184202850144e-12,4.0576243909973756e-07,4.708687571784714e-10,3.1983551715559285e-14,5.027986508243681e-16,3.464577027216157e-16,0.0026537036512768292,0.5020475821525222,0.002125037601824416,0.24790641735078797,9.567291185761322e-07,2.5479521494782872e-12,4.575569539726157e-18,9.354223247957127e-17,1.874623903627925e-17,4.384639988397882e-19,5.707940833836077e-21,3.2086875236588256e-20,6.282047403578814e-25,2.4125176667974576e-17,1.253719121503657e-07,6.464141638795386e-08,9.459453394034284e-17,9.250520860219847e-15,0.0,3.1895114716145236e-28,4.0973015243282335e-27,2.554823275856503e-06,1.2294266103115627e-08,2.460436802083423e-20,2.5527411264252495e-24,2.4248866078534784e-11,9.874482431725336e-12,1.1541462748752267e-11,2.0148129879814123e-12,5.331729888229911e-13,1.3292937548743318e-15,2.5501481721282976e-10,3.300420087776368e-16,1.959342182006743e-22,3.5102527285505336e-19,1.7140486274527425e-17,0.09965840515437052,0.00034158179029305884,1.4545452032301599e-08,1.4973320687035602e-13,9.19309024572538e-22,1.866053504868004e-12,5.394235054923999e-13,3.558096746473712e-18,1.9015775428525393e-10,2.0274251873453324e-23,1.4988763662318447e-13,1.2268479431637984e-13,1.1451021921552626e-26,7.872053211733414e-23,5.409366918597622e-16,7.882150298340103e-08,2.1771784970165916e-06,6.175830815321112e-05,2.7899050382563874e-09,3.6144980471928487e-10,2.328053770820472e-13,1.3866684848417722e-13,2.929529652824515e-20,2.989189163803456e-08,1.8324107180497025e-09,1.6920145583539402e-09,6.196277993117446e-10,4.858430725696026e-31,2.0801421479562764e-13,3.659069586262888e-11,1.0696849516476212e-15,2.008035412135468e-09,2.5879960633391513e-11,6.350879182074452e-17,2.9059713280657402e-15,1.2453522992221547e-13,0.00032855700696826884,3.185541169232048e-07,6.959644553134188e-09,1.7659604334334593e-10,1.4364768392703456e-24,2.3050702400068012e-14,5.900476784852175e-15,1.1938161085601941e-20,1.0353662314493682e-22,2.1753067973079875e-25,4.190195739278453e-06,3.0888914434146145e-07,1.1285396291086504e-08,3.4986972060327225e-06,1.4940900399589052e-20,5.459098835558824e-22,1.4376152381030796e-09,1.7785202790501867e-06,1.953636691067706e-18,1.8977944717195914e-16,3.0390648890182672e-24,3.582531794180038e-20,0.0,0.0,3.975352988636038e-14,1.6449857855679414e-14,5.886989624224334e-21,9.103387769893024e-16,2.2278785546768543e-30,1.6851269224957383e-22,2.0282397951950208e-30,5.787881578951501e-33,5.420935242241653e-32,3.306398860559913e-11,8.175119638350985e-12,8.092979136907405e-13,8.620855022519876e-21,3.808565246270213e-20,1.3211015018667073e-23,1.1303085328424366e-13,1.6873873616246237e-11,1.5683875706019417e-18,1.4163009908703944e-20
86465.07412679883,1.6847602061847436e-06,0.0001750028618348026,5.395256768202974e-14,4.049307636145527e-15,6.759447410284569e-15,9.484384595253907e-16,3.386478594821175e-17,2.4518877039848463e-16,1.9317524716603226e-36,1.6492910630962328e-28,5.263502554620645e-37,4.245514823171999e-19,2.8182224635968095e-17,1.5762215343988389e-24,1.910254049077701e-21,9.885737781420845e-19,1.0737157464236087e-38,9.701289998777488e-35,2.5647672403835645e-24,4.721495197670856e-29,2.283439598844563e-29,8.122590797034794e-29,7.332485193281243e-11,9.79275312290132e-12,1.9878706944578476e-12,4.299878053648577e-12,3.885350958121348e-25,4.362101420106138e-22,2.984353394801524e-14,9.060743357029726e-13,1.636174236022283e-28,3.37422938547175e-34,1.0125080086244395e-21,8.682864035484683e-24,2.0599369034708491e-22,4.511279806968726e-23,3.3790203831325954e-19,8.644587153988268e-20,1.0304723190105455e-19,3.3833170683846045e-08,3.8970207823864263e-11,8.453777228333499e-10,2.1106050366810742e-12,3.109518564751162e-07,3.4385976149056515e-10,1.449973595338452e-14,2.685927700536858e-16,2.3112430005072244e-16,0.0036503524706428133,0.5032484088958252,0.0029786945164843644,0.24688064482359415,9.364498504719679e-07,1.6379321545445261e-12,2.500905454365762e-18,4.229934539643797e-17,7.334023095698053e-18,1.6785801607553137e-19,2.665374668103368e-21,1.3071338397730926e-20,1.9377085594547632e-25,4.512677568673462e-18,8.734905043988833e-08,6.008850015074757e-08,7.982099467562379e-17,6.886754863327883e-15,0.0,1.2650752731149698e-28,1.5531424601554952e-27,1.808532315486728e-06,8.27151653897205e-09,1.2212287988993028e-20,3.486148833903467e-25,1.7450600982615704e-11,8.770575192856042e-12,3.2668655842849033e-12,7.686913186340938e-13,1.4706634499619922e-13,4.698769268382663e-16,1.2493366361639005e-10,1.0015734949302304e-16,1.1503496369668448e-22,1.9908082995898842e-19,8.490041380374925e-18,0.09951451065055887,0.00048547675171802684,1.4087838599251627e-08,5.679868831776276e-14,3.052321693983494e-22,6.681580980237766e-13,3.579434595586388e-13,1.80038518894848e-18,1.1509025169976707e-10,8.297794512772865e-24,1.3806022369689054e-13,7.252654063666863e-14,4.853887554509661e-27,4.823355889856372e-23,4.017414284868458e-16,1.0592496422549872e-08,2.245407503577433e-06,6.177354249521072e-05,2.789442722635134e-09,2.914684447182725e-10,1.9003190566600697e-13,8.106919202316653e-14,3.759033501443164e-21,1.815697409462715e-08,1.589933980049051e-09,7.996525726261135e-10,3.936915336113359e-10,8.976065859871651e-32,7.08558727531913e-14,1.6819087339616532e-11,3.535650523180372e-16,1.2548491356394113e-09,1.9779063905654792e-11,1.8547167685257872e-17,1.4100854097339612e-15,5.4931004051523726e-14,0.00032912662670586267,4.430796878175832e-07,4.669751931040878e-09,1.469139578073924e-10,3.304197411469028e-25,1.0003496569973333e-14,2.0496562126400076e-15,4.785581941054681e-21,3.803027134695252e-23,6.72500022459298e-26,3.571162690804188e-06,3.809452256072133e-07,1.2415902782072739e-08,3.4975732790498165e-06,1.0211933673182152e-20,3.466497481628822e-22,1.698432101987555e-09,1.7782802230230805e-06,6.739157153771789e-19,1.1973141786517172e-16,9.606430275686322e-25,1.0030485662808146e-20,0.0,0.0,2.977142471775774e-14,1.3356465411087135e-14,3.8244369788341425e-21,6.588351868760098e-16,1.0332411012458064e-30,9.900354377716191e-23,9.207100944580836e-31,2.847906410443657e-33,2.292441949867734e-32,1.574418876165504e-11,5.182556912575361e-12,3.742220779370624e-13,5.90202023836317e-21,2.493041873159897e-20,7.588967790056756e-24,9.655293611855248e-14,1.0446807789089535e-11,9.183952003181346e-19,8.702301616387361e-21
125035.77479913068,2.282875412544806e-06,0.00017454432583024045,2.564234577162962e-14,2.655070138136285e-15,2.6499912261483066e-15,4.858707500548789e-16,1.2131463207586465e-17,9.168548328908757e-17,4.383661530895561e-37,5.440538899707435e-29,1.5987499237186483e-37,1.2718353463798506e-19,7.738528988782081e-18,1.765764006982575e-25,5.222102547704748e-22,2.835850005786427e-19,1.0955904526004565e-38,1.2229182589807552e-35,2.656324841138851e-25,7.39791003899605e-30,2.263462804036765e-29,6.992794486053483e-30,6.408766182680789e-11,9.417193787776756e-12,1.4586098811519235e-12,3.2139773650812115e-12,1.2031532188584076e-25,1.466569986097314e-22,1.6685237562693457e-14,4.933487204204639e-13,1.146360360149113e-28,7.246259503385893e-35,1.2334329010621607e-22,9.781285214923645e-25,5.734290902158774e-23,1.2091504578335356e-23,1.4369116041270663e-19,2.5341387403964494e-20,4.136149560177787e-20,3.383437853025025e-08,4.4248425389253326e-11,3.0220928485582806e-10,1.0805957913364831e-12,1.7214999541241491e-07,2.4082984334945447e-10,4.8833804141068785e-15,1.4172531688582127e-16,1.5259020078177648e-16,0.004978792716298061,0.5052303605940984,0.004111631726915991,0.24532432019589062,9.099613587469384e-07,1.0655969469671418e-12,1.3566635153759548e-18,1.8785721954393306e-17,2.8791279968694272e-18,6.173751149372815e-20,1.2326406447212627e-21,5.356413023930383e-21,5.997890667885803e-26,8.647133477308917e-19,5.8656617435863866e-08,5.388125736219959e-08,6.56277774547716e-17,5.120097778344234e-15,0.0,5.079790760909788e-29,5.877377273857713e-28,1.2796454005777482e-06,5.402940051830175e-09,6.151942463405179e-21,4.15861057087591e-26,1.2474480183367383e-11,7.832967229997869e-12,9.224473015397113e-13,2.908014507919074e-13,4.050608972861229e-14,3.0061573544715833e-16,5.908923997403366e-11,2.901970244163995e-17,4.8723150498596e-23,1.1314601617378945e-19,4.196097946430468e-18,0.09931822641112623,0.0006817615744210076,1.3504568088415978e-08,2.133791883653594e-14,1.0083370692305255e-22,2.411119004683908e-13,2.3280835619842163e-13,8.986470770964852e-19,6.552096515900243e-11,3.1676889702837746e-24,1.2338402916567806e-13,4.2898327884045206e-14,2.07161707579714e-27,2.905305625055117e-23,2.870926699200413e-16,6.848664898944894e-09,2.2491513351010444e-06,6.1782581839677e-05,2.796790511129236e-09,1.5532155384173816e-10,1.2775295445432064e-13,3.942678933265227e-14,3.386051598085297e-22,1.1220516064293248e-08,1.3574588640864762e-09,3.7738401488538957e-10,2.4691814239357294e-10,1.63427827447377e-32,2.434210449532004e-14,7.682517563112737e-12,1.1693067971394923e-16,7.799538038927075e-10,1.538938879545042e-11,5.516478781244571e-18,7.038702712465118e-16,2.4874842484039562e-14,0.00032965393875406516,6.088928057243328e-07,3.0506530713965996e-09,1.2097157179597143e-10,1.196833903546243e-25,4.299677354966898e-15,6.0114336504066e-16,1.8366015870398297e-21,1.373342902889938e-23,2.0474455875750994e-26,2.9843379631636655e-06,4.55217831586338e-07,1.3504397549960155e-08,3.4964889285726713e-06,6.910810955898923e-21,2.1750948358563473e-22,2.0350509896619346e-09,1.777954082373089e-06,3.050309061415114e-19,7.603675200847373e-17,3.2074648796456363e-25,2.8810928793171927e-21,0.0,0.0,2.23441220535055e-14,1.0876258704684201e-14,2.4708313891998496e-21,4.798672315448689e-16,4.845286267917785e-31,5.872085144520384e-23,4.235386071556076e-31,1.3893433705706706e-33,9.857098635584194e-33,7.435086995099207e-12,3.2268225753270866e-12,1.709510600255291e-13,4.089362593990945e-21,1.6017302569259575e-20,4.388130494630346e-24,7.826972465087818e-14,6.397973689947514e-12,4.934990863696081e-19,4.837214916140123e-21
180812.25439872022,3.041261971693962e-06,0.0001738772455158572,1.2981686747399832e-14,1.7676912888303405e-15,1.0740220714731278e-15,2.535833872951895e-16,4.4800470410255605e-18,3.549332777454584e-17,1.1666920399914746e-37,1.8263899436544002e-29,5.063579802861142e-38,3.980000934316868e-20,2.1828521257732865e-18,2.0416988950279637e-26,1.5077639736745721e-22,8.568827199409401e-20,1.1055679124451822e-38,1.7093767191696296e-36,3.11489128461262e-26,1.2972064699572487e-30,2.2318186129692802e-29,6.859754330277443e-31,5.606667183675901e-11,9.047505876066279e-12,1.0726181614150018e-12,2.412995696161709e-12,3.948028225123878e-26,4.914289150098571e-23,9.487853166667033e-15,2.7405918976895347e-13,5.750682060583521e-29,1.5900766197587712e-35,1.5908681623680856e-23,1.1761506236219627e-25,1.6192143270363306e-23,3.3055754307257456e-24,6.250637315732182e-20,7.772233369472095e-21,1.7157706092766982e-20,3.383211884941748e-08,5.1085378420668364e-11,1.1722732937059635e-10,5.542490594003206e-13,8.117654824452972e-08,1.648070618377213e-10,1.4282479080584507e-15,7.592859249658745e-17,1.0147442719726578e-16,0.006663467137688409,0.508543862945529,0.0055417221960477915,0.2429533656455015,8.769272495551529e-07,7.131561974583235e-13,7.443470297475618e-19,8.460021823371173e-18,1.176775033917134e-18,2.280541076905117e-20,5.784474952029282e-22,2.275316585592063e-21,1.9392993324012173e-26,1.7629858284944569e-19,3.86376914547456e-08,4.694883037166151e-08,5.319718569608072e-17,3.842915084679539e-15,0.0,2.126252308612275e-29,2.2548364565135417e-28,9.121990825676638e-07,3.4832671687286214e-09,3.2154147787392827e-21,5.5326669768625076e-27,8.997532088399595e-12,7.085083875773145e-12,2.673263367497242e-13,1.1128780033437345e-13,1.146626500242604e-14,2.010246943080247e-16,2.7950317470822765e-11,8.470046492694328e-18,1.448217706839999e-23,6.565544872944274e-20,2.1260616153187518e-18,0.09906284378817733,0.0009371449000527218,1.2801885212206826e-08,8.087757883738606e-15,3.439421037663756e-23,8.926353136324407e-14,1.5058481650687238e-13,4.512239407684659e-19,3.610943534137916e-11,1.1726179214546392e-24,1.0768035281578183e-13,2.5876412182056814e-14,9.122560432905675e-28,1.7586656290814693e-23,2.00303948633081e-16,7.020167795583175e-09,2.2489798322044095e-06,6.178795964973218e-05,2.814822184053494e-09,5.297532587056713e-11,7.35578031286822e-14,1.6745132502597716e-14,3.704808319787985e-23,7.0168187728238175e-09,1.144542963936827e-09,1.803704180357983e-10,1.5493596068868522e-10,3.050027178293652e-33,8.602893105993135e-15,3.5663686600682836e-12,3.9946736987120896e-17,4.885495323782537e-10,1.2172399420941734e-11,1.6901916545348209e-18,3.5911189432625933e-16,1.1620132249391003e-14,0.00033001624168525897,8.189186176604036e-07,1.9812016873198455e-09,9.931623066958906e-11,4.709712149040146e-26,1.8881504696651735e-15,1.881825374947527e-16,7.03359549270906e-22,5.066745202403931e-24,6.365237717045205e-27,2.4648004693260065e-06,5.248923485463917e-07,1.4477508660706786e-08,3.495518333255327e-06,4.663173909178284e-21,1.3712741817711795e-22,2.4035401140859203e-09,1.7775907716766065e-06,1.7744012216873972e-19,4.9336163525578426e-17,1.1001441106115776e-25,8.720588950901682e-22,0.0,0.0,1.693071787463484e-14,8.859324462558683e-15,1.592013336107218e-21,3.549932445983283e-16,2.3105508723387574e-31,3.538860825145037e-23,1.987925756667057e-31,6.795188969934432e-34,4.37725603387897e-33,3.569457783944398e-12,2.013164971714703e-12,7.939198210964615e-14,2.8596208761760733e-21,1.025739193007588e-20,2.5932714627225377e-24,6.087739896087633e-14,3.947393818668174e-12,2.514473852797931e-19,2.5214508492016546e-21
261469.73850698897,3.976785736966245e-06,0.00017298208654059426,7.11999863863443e-15,1.2135442529543802e-15,4.686511069350844e-16,1.3906613117788644e-16,1.7869518556624308e-18,1.4843259560437015e-17,3.5346186500923164e-38,6.543321640488692e-30,1.7586833991631198e-38,1.3721858126087358e-20,6.717891382747444e-19,2.720021325875647e-27,4.862361855595283e-23,2.87969373318978e-20,1.110224750337483e-38,2.4996703140919894e-37,4.4167064448933324e-27,2.6891507417309008e-31,2.1861357238973905e-29,8.366497665918137e-32,4.9199380839957573e-11,8.76964683328401e-12,8.042722340052427e-13,1.8491138314024096e-12,1.4075183150801545e-26,1.73297586837511e-23,5.6325024951992626e-15,1.5971616875891636e-13,1.5466010758381948e-29,3.8096642537406555e-36,2.38889426712757e-24,1.669816792611347e-26,4.944470955173583e-24,9.842243906225858e-25,2.891379274530884e-20,2.627747883474985e-21,7.65455438195462e-21,3.38268891213167e-08,5.94144434699672e-11,5.052685696604138e-11,2.9473374744088397e-13,4.096917146657672e-08,1.1296829215570712e-10,4.600594846442985e-16,4.2679926297323043e-17,6.932192565354542e-17,0.00863159467428168,0.5140974862485499,0.007205924582090444,0.23934507715901784,8.382328415132326e-07,4.99713828953942e-13,4.2407129847721516e-19,4.030838725178887e-18,5.222881739255403e-19,8.927451172223346e-21,2.860893702469649e-22,1.0426135478493794e-21,6.901162743837417e-27,4.109638513645216e-20,2.5572059396667436e-08,4.021061287779648e-08,4.319021770702499e-17,2.950691175964027e-15,0.0,9.642069944036176e-30,9.141178672290056e-29,6.629724075788518e-07,2.268786010692894e-09,1.7903291070178884e-21,8.839579988462997e-28,6.668615080630884e-12,6.528106303555604e-12,8.437446100991744e-14,4.522612734611136e-14,3.543193655420496e-15,1.3769277979266546e-16,1.378860128912717e-11,2.6572077482345282e-18,3.448326871165406e-24,3.983264599106049e-20,1.1395378823243405e-18,0.09875802935066802,0.001241960121750551,1.2017696705779464e-08,3.240877681761413e-15,1.2759798496339905e-23,3.551277277408241e-14,9.917195518117751e-14,2.366889190003282e-19,2.002960732664874e-11,4.445193047883924e-25,9.278449482507694e-14,1.632151315548932e-14,4.300171936421897e-28,1.1018662614036308e-23,1.3970833879645736e-16,7.151630839316707e-09,2.248848369160678e-06,6.179105386862112e-05,2.849232450298674e-09,1.9298238067325514e-11,4.582129471144533e-14,7.921539936085e-15,5.172404796397545e-24,4.5247053847807084e-09,9.659295350555405e-10,9.043149941659208e-11,9.982769031553112e-11,6.338865911475479e-34,3.27751797487002e-15,1.7474050230596817e-12,1.4818032907595866e-17,3.1462553416723053e-10,9.825922113676644e-12,5.627139282003636e-19,1.924640469749397e-16,5.784404181537501e-15,0.000330210091242851,1.0645390859533326e-06,1.3087015903182183e-09,8.210577946786201e-11,1.9950029146512882e-26,8.781170980125737e-16,6.496155591228829e-17,2.8373686396915414e-22,2.0084987233335848e-24,2.129901524195651e-27,2.030489386789151e-06,5.826009773307858e-07,1.5275425365008575e-08,3.4947218996968948e-06,3.196881716198298e-21,8.902564461670402e-23,2.7626719892183597e-09,1.777234176994291e-06,1.2478102664391695e-19,3.323092631111094e-17,4.050978005853805e-26,2.936616605533978e-22,0.0,0.0,1.3105341267375845e-14,7.301496126807584e-15,1.0480917572438605e-21,2.6992050841552146e-16,1.1586056976116e-31,2.2179793514621016e-23,9.847539829441722e-32,3.461130745467342e-34,2.0794924182751223e-33,1.8018824785171225e-12,1.2895639766240503e-12,3.885990996975626e-14,2.0435239390954955e-21,6.716397721496359e-21,1.6035265670158293e-24,4.631138107115627e-14,2.510296690177742e-12,1.2701461168227026e-19,1.2924010725885395e-21
378107.249324784,4.970319936066596e-06,0.00017200636173055094,4.319196623957893e-15,8.735791305169649e-16,2.300438427928112e-16,8.270099047511316e-17,8.11428515524105e-19,7.010927093784443e-18,1.2522027117464452e-38,2.6374456224177245e-30,7.046358511444117e-39,5.538951788086638e-21,2.4384050043030626e-19,4.823024338454646e-28,1.8599396591701747e-23,1.1434096870666667e-20,1.1117655782367094e-38,4.1815017177048814e-38,8.442979065346503e-28,7.089426687656548e-32,2.1215412753389344e-29,1.413436966201945e-32,4.329204247629755e-11,8.491438959394836e-12,6.220148463645816e-13,1.4660468980882808e-12,5.722501081307964e-27,6.848903452423162e-24,3.582914716411941e-15,1.0028571364633208e-13,1.3965316563247998e-30,1.0775602346279429e-36,4.698708719437707e-25,3.154259071312e-27,1.7512723354834366e-24,3.4248914014061055e-25,1.4806681218380894e-20,1.0361095242862589e-21,3.822714090512351e-21,3.3819581642257183e-08,6.872309694349243e-11,2.5027316209843806e-11,1.7070381530347607e-13,2.3239947753466298e-08,7.999964285463079e-11,1.7589815885780193e-16,2.5978810163189006e-17,4.962541099197429e-17,0.01065122901753675,0.5232652423196714,0.00891346979316017,0.23390788284433123,7.961221403351047e-07,3.727852848539626e-13,2.579956975759655e-19,2.123929971833839e-18,2.625178246641522e-19,3.922286256803258e-21,1.5551454259595996e-22,5.374161489251574e-22,2.8581325309736172e-27,1.1952676582641411e-20,1.748829242636721e-08,3.43545840553466e-08,3.5730533810841476e-17,2.350894566623927e-15,0.0,4.9441807186775586e-30,4.136961811313889e-29,4.985864177382802e-07,1.5351065804916165e-09,1.0911715614966187e-21,1.8598728691541027e-28,5.173244890181951e-12,6.149230624096502e-12,3.1325476184056854e-14,2.0807551722888424e-14,1.2909161251148222e-15,9.79801203717127e-17,7.425823623027997e-12,9.640444263002977e-19,1.01198776828718e-24,2.5810059585908714e-20,6.665523089992056e-19,0.09844504423806856,0.0015549460326202231,1.1219426499949831e-08,1.4596580684971573e-15,5.4302341377922725e-24,1.612503564025366e-14,6.850271109571096e-14,1.3611413019904558e-19,1.1720416337333515e-11,1.8509663150839667e-25,8.0059368222011e-14,1.1051539274515302e-14,2.265225590813571e-28,7.385315941597519e-24,1.0041619944524307e-16,7.236834038473064e-09,2.2487631659615184e-06,6.179277492285563e-05,2.9087195397549716e-09,9.830583074628628e-12,3.218403975393945e-14,4.4018752673031036e-15,9.812991523825504e-25,3.098496068022341e-09,8.31744609701993e-10,4.976273732406218e-11,6.824970605167558e-11,1.627638020740794e-34,1.4271265436168385e-15,9.46093111207884e-13,6.3318163581039676e-18,2.1390859962518097e-10,8.17313817301422e-12,2.19183591141127e-19,1.1301218819697743e-16,3.210377248728323e-15,0.00033029202163902563,1.31865963542568e-06,9.048226988668962e-10,6.931159191496714e-11,9.346342421484945e-27,4.520451562496178e-16,2.5874668802148432e-17,1.2780816777613986e-22,9.03501115714588e-25,8.181847875858447e-28,1.6879803258682889e-06,6.224472705600162e-07,1.5859514720173307e-08,3.494138661542839e-06,2.2871347977050774e-21,6.13037194477402e-23,3.0689776422995324e-09,1.7769291161759373e-06,9.826011660413922e-20,2.3604155967503364e-17,1.7026634712604903e-26,1.1678778629683287e-22,0.0,0.0,1.0503609168262982e-14,6.18740371921637e-15,7.273629420242207e-22,2.1373215057544443e-16,6.378635091978193e-32,1.4885112419831724e-23,5.374757215600638e-32,1.9246195483106442e-34,1.1025393696880426e-33,9.955528361087486e-13,8.727987343976335e-13,2.0901736451987386e-14,1.5249741909793581e-21,4.639079755160029e-21,1.067318973619152e-24,3.542714736041074e-14,1.691311998882272e-12,6.739230182397604e-20,6.920608927251441e-22
546774.9071395234,5.823331454597154e-06,0.00017116154638121647,2.9185641202950177e-15,6.67585753395877e-16,1.3025572362952238e-16,5.438387385794006e-17,4.322143949828024e-19,3.843526098051269e-18,5.379375543641388e-39,1.243801938107021e-30,3.363173941804078e-39,2.7233095490429714e-21,1.1060752164884012e-19,1.2741272578893468e-28,8.771897046796494e-24,5.567256683687691e-21,1.1108222478847288e-38,1.0832392042418081e-38,2.3598311698455203e-28,2.474774074988573e-32,2.0314375209297584e-29,3.647330894570048e-33,3.817817592513922e-11,8.145970853432772e-12,4.963847276056099e-13,1.213163867327441e-12,2.7663143829416767e-27,3.180726149945919e-24,2.4828089582793484e-15,6.897182620411433e-14,2.2211452971634323e-32,3.820553196452226e-37,1.3200855077218627e-25,8.635832903548434e-28,7.544761398351498e-25,1.4603203242356335e-25,8.611907638122075e-21,4.942697246379632e-22,2.190216976946208e-21,3.3811280189931846e-08,7.82458120276198e-11,1.4908989948711654e-11,1.1213298244979836e-13,1.508698202987117e-08,6.000893307462073e-11,8.28137664060486e-17,1.7423788501651793e-17,3.776497018591975e-17,0.012376405208756927,0.5378195512615149,0.010389523174132014,0.2258930368439374,7.527998741267897e-07,2.986090140180781e-13,1.7102234523476858e-19,1.2748875808567246e-18,1.5353451608808807e-19,2.0121481729598032e-21,9.568746638425808e-23,3.2048094818388077e-22,1.4292202593073327e-27,4.605173156359819e-21,1.259841255164955e-08,2.9626863970198182e-08,3.0477828223448634e-17,1.9602533785832895e-15,0.0,2.9440628169472323e-30,2.173570457662346e-29,3.917832764405858e-07,1.10026479425865e-09,7.385018401294328e-22,5.6161470602075e-29,4.248792295295576e-12,5.926596730992616e-12,1.449060848376777e-14,1.1385621089723981e-14,5.870533957433697e-16,7.275270270405703e-17,4.508774524047068e-12,4.2603479886102726e-19,4.39598421595439e-25,1.80169381797429e-20,4.3333448828258396e-19,0.0981951631126534,0.0018048279103078674,1.0467154026197614e-08,7.730324666011992e-16,2.726769994630206e-24,8.740439451570298e-15,5.077520658701352e-14,8.911152211378328e-20,7.503145454860878e-12,8.935066987271602e-26,6.99498667516478e-14,8.14735233357942e-15,1.3713140176476527e-28,5.4207288004351836e-24,7.618740842813282e-17,7.2763959880095825e-09,2.2487236040119853e-06,6.179366948488372e-05,3.006253989265797e-09,6.182598560231087e-12,2.5010243628056446e-14,2.8411631376945674e-15,2.7806498567972304e-25,2.3071170496035126e-09,7.43551554365107e-10,3.1077285723969895e-11,5.07905969533481e-11,5.597840711615874e-35,7.401812642493537e-16,5.851530834973678e-13,3.24674019290875e-18,1.5654137310180486e-10,7.066450451440464e-12,1.057460388398841e-19,7.510964447323583e-17,2.057569005137652e-15,0.0003303287553289704,1.5417158795643341e-06,6.689164826972337e-10,6.04633557507985e-11,4.9115228717592435e-27,2.6595840911152684e-16,1.2560835597394865e-17,6.674091719107409e-23,4.776771601166374e-25,3.786127703355952e-28,1.4275835713105175e-06,6.418357208670331e-07,1.621399844228112e-08,3.493784660072302e-06,1.7438349396024753e-21,4.576468338303575e-23,3.2948133121868788e-09,1.7767039041586696e-06,8.275663446691699e-20,1.7876443534824642e-17,8.524865736385274e-27,5.69011704653793e-23,0.0,0.0,8.788137633924456e-15,5.464092734309757e-15,5.448377006839165e-22,1.7761385123205518e-16,3.9771336815589083e-32,1.092492767415401e-23,3.332233900045787e-32,1.2096903008716682e-34,6.714053097629842e-34,6.182489301034537e-13,6.371221746884585e-13,1.2710227707604463e-14,1.211868779465175e-21,3.459848807590084e-21,7.799695270083993e-25,2.7913091905687122e-14,1.2312197408976035e-12,3.93370515407502e-20,4.066340822766764e-22
790682.5367969447,6.40855397245243e-06,0.00017058030856167598,2.1366954599522027e-15,5.366067080194663e-16,8.267281618605033e-17,3.884272030211655e-17,2.615777391484089e-19,2.3816915109002964e-18,2.725058963738485e-39,6.697218161618004e-31,1.8518824400020832e-39,1.5848704312771317e-21,6.14547194959218e-20,4.890884733624938e-29,4.948292136794617e-24,3.21842420141886e-21,1.1072859785859922e-38,3.9376494440967105e-39,9.266307969310596e-29,1.0800310650178574e-32,1.9078425714209248e-29,1.3905322114175869e-33,3.351678835185644e-11,7.702304903373715e-12,4.0102075317737266e-13,1.0400857805733506e-12,1.5614225513674925e-27,1.699762122599742e-24,1.845117820056552e-15,5.1118260662575557e-14,4.0777744560274526e-35,1.6485520223016915e-37,5.1117415239451566e-26,3.2955968983796987e-28,3.8357279190229788e-25,7.395008022753412e-26,5.560689821711567e-21,2.768101886802757e-22,1.4045477189858288e-21,3.380235643037421e-08,8.789588624814758e-11,1.0632869172230788e-11,8.326205178227767e-14,1.1128247827441884e-08,4.7512703468350434e-11,4.711281672967753e-17,1.2622628766236214e-17,3.02910643690492e-17,0.013592334715501236,0.559587560066014,0.011477120376579,0.21446550081149932,7.074966213568705e-07,2.538126928713523e-13,1.218379342970257e-19,8.563587209076494e-19,1.0228621753608701e-19,1.1786495563057344e-21,6.557805328235253e-23,2.1685983328968225e-22,8.399843571402212e-28,2.2741622516781122e-21,9.453732060537432e-09,2.5734416465489693e-08,2.669276877041571e-17,1.6968370620132927e-15,0.0,1.9910045191830065e-30,1.297845648081778e-29,3.182816394018633e-07,8.261867488982088e-10,5.4367401614180475e-22,2.3627880141645278e-29,3.666638578175663e-12,5.827232106382268e-12,8.194484277000238e-15,7.324741897990922e-15,3.2648226703137276e-16,5.528035905637196e-17,3.0393549903508324e-12,2.235712377451675e-19,2.3852665039097305e-25,1.3246943732943452e-20,3.0685444799265833e-19,0.09806629623994552,0.0019336954976590956,9.752510827788844e-09,4.732405281008972e-16,1.5584731110345051e-24,5.568778063334061e-15,4.013314896140598e-14,6.599969431547231e-20,5.2146088772293554e-12,4.9204382675610556e-26,6.177248202119528e-14,6.436452280517959e-15,9.352393785094076e-29,4.322557456745217e-24,6.079112118983516e-17,7.269645502741442e-09,2.248730354497252e-06,6.179407714894004e-05,3.161221791113736e-09,4.623374007176448e-12,2.1389498880198048e-14,2.099733300110331e-15,1.1537493099541083e-25,1.8572477216326692e-09,6.927649965157918e-10,2.1750675444131195e-11,4.095239013858609e-11,2.5244499628430084e-35,4.475847130350355e-16,4.0786465274039333e-13,1.9529343178739787e-18,1.2210526658394161e-10,6.326453926840153e-12,6.220835710324765e-20,5.598689422424862e-17,1.5084847474744724e-15,0.00033037757487113255,1.7111885359520693e-06,5.247107370399016e-10,5.4436515195900085e-11,2.7941305957552535e-27,1.758150279784023e-16,7.354010492495216e-18,3.9400562284479263e-23,2.89477529640185e-25,2.0627583597581627e-28,1.2205376098938721e-06,6.422119501844522e-07,1.6358094061215243e-08,3.4936408530079356e-06,1.4090755186099786e-21,3.678042900281355e-23,3.445706486464841e-09,1.7765533514598137e-06,7.238979677701289e-20,1.4281030499605404e-17,4.956825229131043e-27,3.288105199639001e-23,0.0,0.0,7.613183441148436e-15,5.029460793014321e-15,4.381218545050735e-22,1.5353050468440494e-16,2.7689679924105087e-32,8.69309170745699e-24,2.311601556840159e-32,8.501338811155462e-35,4.612994548499203e-34,4.237091920317761e-13,4.969513570368351e-13,8.582637280858516e-15,1.0239174622554182e-21,2.769227201868265e-21,6.191619531315618e-25,2.2646050938988473e-14,9.586837481870195e-13,2.507662586980263e-20,2.6097190519044304e-22
1143393.4985537303,6.78540611395147e-06,0.00017020583850320013,1.5904730496591798e-15,4.3655422711009277e-16,5.3791861720791374e-17,2.8281683721571264e-17,1.6309596266862113e-19,1.5210727926915511e-18,1.4363809274028705e-39,3.6828296175780832e-31,1.0478566466764323e-39,9.788140624016674e-22,3.709555450662314e-20,2.2399677378043411e-29,2.975755455313401e-24,1.974830866140522e-21,1.1005156222692159e-38,1.5596174393048685e-39,4.220685439824901e-29,4.998948259813087e-33,1.742275262924598e-29,6.416503779275738e-34,2.879685854599859e-11,7.1332857762274445e-12,3.162798491444751e-13,8.974355367161613e-13,9.281992912688944e-28,9.30997973492912e-25,1.3886782306890712e-15,3.850324314272424e-14,4.5188421936382287e-36,7.420105466613739e-38,2.2504673722682557e-26,1.438870395777707e-28,2.0182032983478245e-25,3.893318893040237e-26,3.661973408717371e-21,1.6213600450303223e-22,9.235209682680015e-22,3.379144805522053e-08,9.930240490412701e-11,8.425576799409404e-12,6.575325973930663e-14,8.765859320499741e-09,3.804825199802304e-11,2.8953295953341146e-17,9.289323826425181e-18,2.4626902691558387e-17,0.014432874842693911,0.5901033132425616,0.012305231867576817,0.19879382384590827,6.551130054764422e-07,2.2075119758716967e-13,8.783229231101126e-20,5.960303663082417e-19,7.145946870604968e-20,7.108406009939362e-22,4.648053453163277e-23,1.5371130085531806e-22,5.209588178138377e-28,1.2420556548690368e-21,7.016537566549679e-09,2.2006026610257814e-08,2.343046407309714e-17,1.4815021307257297e-15,0.0,1.409501500581997e-30,7.966352321677071e-30,2.5725937719474683e-07,6.167239135990189e-10,4.0881947182581245e-22,1.1615621613030554e-29,3.2229354084164805e-12,5.805853269193668e-12,5.04373747666259e-15,5.062762477147592e-15,1.9698704292636646e-16,4.1120595008969503e-17,2.1053822563126456e-12,1.2272188379159615e-19,1.3713857850977024e-25,9.6990357345023e-21,2.2156510714342613e-19,0.09805349640268128,0.0019464961051690387,8.982265340645939e-09,3.039462407357519e-16,9.088952903460567e-25,3.800564067771429e-15,3.2310847429792413e-14,5.1943185683596976e-20,3.679861726457461e-12,2.768053441686464e-26,5.4100732521264675e-14,5.189475135591188e-15,6.644574001907566e-29,3.5732570090502e-24,4.8939585774079354e-17,7.2225065341882294e-09,2.2487774934658045e-06,6.179421677650999e-05,3.4047290790180143e-09,3.830204170627869e-12,1.9412042564194668e-14,1.663033501985982e-15,5.828399546404807e-26,1.546541897607271e-09,6.628643608995349e-10,1.5877693397714116e-11,3.4236075331058275e-11,1.2766990239054062e-35,2.850843225824354e-16,2.9764981690429403e-13,1.2422944084736325e-18,9.670028289120321e-11,5.7343255426177734e-12,4.0015127151807924e-20,4.4013219701456816e-17,1.1832503317125208e-15,0.0003304596487380957,1.8469134592979278e-06,4.169077328127564e-10,4.955649193558484e-11,1.5626056953645131e-27,1.202820204294991e-16,4.6815849492210476e-18,2.3817274051384503e-23,1.8265941563375186e-25,1.1765976759023537e-28,1.026991974081306e-06,6.269599722448943e-07,1.6352862958101343e-08,3.4936462967760547e-06,1.1597693815604998e-21,3.0463876824306976e-23,3.5584140485165984e-09,1.776440876768205e-06,6.371363616099992e-20,1.1559904139146509e-17,3.0176491306523985e-27,2.0147055213707774e-23,0.0,0.0,6.637629147918964e-15,4.746086794235185e-15,3.626386487426896e-22,1.3401508710586177e-16,2.004370956132974e-32,7.161005954508138e-24,1.6687960272148045e-32,6.233116106851114e-35,3.313940797248501e-34,2.9728681111256887e-13,3.9441505286280114e-13,5.952052936059152e-15,8.911746229026924e-22,2.2781690652321372e-21,5.087100070955667e-25,1.8279667074864164e-14,7.598806238010887e-13,1.6112570735459934e-20,1.6916244731316075e-22
1653443.236309495,7.114664105832859e-06,0.00016987860042898126,1.1263813504142876e-15,3.4314439815299597e-16,3.2421857924353934e-17,1.9484963230785836e-17,9.406706276638776e-20,8.970749697157725e-19,6.72262826709335e-40,1.7937613578837032e-31,5.277805500764929e-40,5.647749172413317e-22,2.0914731004375787e-20,9.551955408747468e-30,1.6645336032358494e-24,1.1320174160249669e-21,1.0892375724004522e-38,5.272536351596612e-40,1.7683288479215634e-29,2.0495236884651284e-33,1.5279117256594312e-29,2.8144431894365508e-34,2.370732770969438e-11,6.416935998088051e-12,2.3456006934224744e-13,7.513387201887686e-13,5.090742844303221e-28,4.4739527171759105e-25,9.85717249479163e-16,2.740301706504323e-14,1.6374322478398685e-36,2.8454060384251075e-38,8.865714943803393e-27,5.632419373946202e-29,9.290297666917931e-26,1.797498716186821e-26,2.2129169092538172e-21,8.613499250139616e-23,5.585355022813072e-22,3.377539345659756e-08,1.158268032388799e-10,6.732468531211792e-12,5.105068876031003e-14,6.764742645862887e-09,2.9029758120194175e-11,1.6542233579936696e-17,6.4854779304460776e-18,1.9347623225920287e-17,0.015215137629677324,0.6305484653067609,0.013141934138186024,0.1781531802174029,5.892360261942025e-07,1.8805835956101526e-13,5.935909033386512e-20,3.9129227575649587e-19,4.735277142874026e-20,3.860538571813058e-22,3.11042258725387e-23,1.0350192198702788e-22,2.9875843407223462e-28,6.275741358696735e-22,4.798376312975276e-09,1.7864782556370585e-08,1.9974261273106538e-17,1.2590362138116165e-15,0.0,9.480532429392833e-31,4.4129912251439635e-30,1.9669848364159504e-07,4.256116372131296e-10,2.9126547059056363e-22,5.387080694900336e-30,2.7734856420564606e-12,5.818196161833862e-12,2.92404909283195e-15,3.3520363111674796e-15,1.1087258432191795e-16,2.856465871219552e-17,1.3551302688918005e-12,5.969958877054413e-20,7.137515301802727e-26,6.649778679662736e-21,1.5106713758781938e-19,0.09810759126093975,0.0018924021801190916,8.04905692983822e-09,1.8096503209469233e-16,4.760988265084342e-25,2.4736105150564827e-15,2.4879012855543004e-14,4.015095959706887e-20,2.405885185362313e-12,1.3694232219486348e-26,4.578723836344451e-14,4.041100073414718e-15,4.477023711633006e-29,2.8895891633254857e-24,3.7507604111560004e-17,7.1491161379789024e-09,2.2488508838620127e-06,6.179418013092444e-05,3.7922865479700265e-09,3.2201250003145107e-12,1.7856422171416795e-14,1.300094241095537e-15,2.8169316072221904e-26,1.2590810361778617e-09,6.378845340736478e-10,1.1034399267131626e-11,2.8032242526075888e-11,5.918609725459116e-36,1.6833407008624177e-16,2.0717919275973833e-13,7.338910794695027e-19,7.29452883561752e-11,5.10072548910194e-12,2.4573748332625994e-20,3.3852081683187274e-17,9.140960569567625e-16,0.00033056419443344573,1.9902411591474302e-06,3.1530022733137434e-10,4.4272409858802856e-11,7.675929007852684e-28,7.658547991048177e-17,2.821030320028455e-18,1.310122575408934e-23,1.0726558718780911e-25,6.044404126146387e-29,8.18256016588931e-07,5.966237828992541e-07,1.6275251200170382e-08,3.493724108199412e-06,9.256363494889365e-22,2.4623997439031862e-23,3.6730348993686246e-09,1.7763264582306755e-06,5.476472198168046e-20,9.035812419423898e-18,1.707688485101357e-27,1.1518111254164335e-23,0.0,0.0,5.625219122178787e-15,4.4991679050829066e-15,2.930396936482403e-22,1.139182505350265e-16,1.3799914620577277e-32,5.770820993460567e-24,1.1458842697091623e-32,4.3622591219948567e-35,2.2679019469883244e-34,1.9421656062197867e-13,2.9857232117395664e-13,3.833674055367705e-15,7.660427394906842e-22,1.8252492656318793e-21,4.0816215348019085e-25,1.3959040299310164e-14,5.745225396631052e-13,9.32723549749715e-21,9.902799496963789e-23
2391018.0870852144,7.495773247614026e-06,0.00016949949191898418,7.309002349513448e-16,2.5305454270627116e-16,1.699405773727752e-17,1.2110085500315307e-17,4.717390373744826e-20,4.539526495470325e-19,1.98074168787266e-30,7.024546882208335e-32,1.9143323772992415e-32,2.816127501612479e-22,9.94614148590748e-21,3.255057043246823e-30,7.943832438625334e-25,5.622166203855547e-22,-1.8743078730517885e-35,1.330845520859997e-40,5.8923951576512575e-30,6.710085737289404e-34,1.2636800576519797e-29,1.0168067983170905e-34,1.8380733501464522e-11,5.548039606864484e-12,1.59456724981142e-13,5.937890224133833e-13,2.348401171420054e-28,1.661677678153057e-25,6.257117644959956e-16,1.7451723171932026e-14,-1.4739262945954593e-33,-3.1183774968156308e-34,2.6675841072446482e-27,1.683009627949827e-29,3.2861201452096295e-26,6.3816164006779235e-27,1.1335323919496916e-21,3.7486708928531254e-23,2.8649734778344313e-22,3.3749203958134866e-08,1.4253845382356535e-10,5.10255175332999e-12,3.711388402719832e-14,4.782795283138488e-09,2.0090477309897e-11,7.821198283461098e-18,4.12950847056753e-18,1.424457493933697e-17,0.016130685533117233,0.6814597285129584,0.0141388459562885,0.15219941129178682,5.062660598752645e-07,1.5206188227948942e-13,3.556689911975259e-20,2.27509352514144e-19,2.782909533490775e-20,1.7008371626991575e-22,1.8478404670575573e-23,6.197418292613579e-23,1.4453389183464751e-28,2.614818458378408e-22,2.8359153816318826e-09,1.3241143936492527e-08,1.6135909055659157e-17,1.014116244086938e-15,0.0,5.683116086748632e-31,1.991709927231298e-30,1.361865719047578e-07,2.5420417713561604e-10,1.8620499620460965e-22,2.069957070735073e-30,2.2673937328660286e-12,5.8381324263094225e-12,1.4547383830065906e-15,1.970799614725238e-15,5.252890750610659e-17,1.7995830256493457e-17,7.49472761477757e-13,2.2597737457039936e-20,3.003209456582533e-26,4.1053036232245455e-21,9.256004865011859e-20,0.0981885543074694,0.0018114402744172594,6.908229055047861e-09,9.140863174828698e-17,2.0515991497728584e-25,1.422390103307941e-15,1.7394364011082602e-14,2.905357397039279e-20,1.3527577790710361e-12,5.27009021197509e-27,3.665473535341641e-14,2.9364372932541764e-15,2.687816524078065e-29,2.201860176296642e-24,2.6067076414888708e-17,7.065329723748307e-09,2.248934670276243e-06,6.179390063025329e-05,4.430629467949166e-09,2.5909059830482598e-12,1.6256310812739678e-14,9.53479565417535e-16,1.1058362110628705e-26,9.652917073155955e-10,6.103016839527613e-10,6.847786866720553e-12,2.1633400978446933e-11,2.188842475649682e-36,8.411967379344674e-17,1.2884117915889605e-13,3.670562922272253e-19,4.982079146494157e-11,4.33701209917472e-12,1.3233646881817912e-20,2.4356747338828164e-17,6.613838665746356e-16,0.0003306718534868975,2.1660866638060813e-06,2.1585152120393676e-10,3.781816769469036e-11,3.058587829736809e-28,4.185760903159136e-17,1.4543163934522065e-18,6.076169452328717e-24,5.482079500336018e-26,2.5018615029412936e-29,5.937239768614105e-07,5.466373849617313e-07,1.6179199373448845e-08,3.493820356181486e-06,6.941332854158124e-22,1.8744526386869523e-23,3.80687855485253e-09,1.7761927958253657e-06,4.5125432167229277e-20,6.615665677425818e-18,8.38790389490136e-28,5.694168980311259e-24,0.0,0.0,4.516015978573513e-15,4.2433887926155574e-15,2.232851493927366e-22,9.179162597217544e-17,8.494819920629951e-33,4.385915204807824e-24,7.032922502594595e-33,2.735213554535062e-35,1.3872902369180049e-34,1.0994082967503011e-13,2.0470096112252012e-13,2.120132500972356e-15,6.325858479091621e-22,1.375448184308171e-21,3.083239227958212e-25,9.650131499913563e-15,3.9344320677221524e-13,4.427447860157423e-21,4.760037587828028e-23
3457613.4016726078,7.942811368506237e-06,0.00016905430018467754,4.294919898350829e-16,1.7283418309378e-16,7.544496680371642e-18,6.639539893951679e-18,2.0179010966524e-20,1.892619453354763e-19,-1.3221493047123436e-31,1.9961442844151666e-32,4.947542042187299e-32,1.1775176291242952e-22,3.763471090424111e-21,8.292429815335707e-31,3.105653637571579e-25,2.359155249019646e-22,1.658446199255129e-35,1.7075187480163951e-41,1.4664121340875939e-30,1.6981151540994487e-34,9.602459581308242e-30,2.881661046017144e-35,1.3241823081673356e-11,4.5496310808350186e-12,9.79210463367423e-14,4.3424704334958844e-13,8.62427596713275e-29,4.296724191253671e-26,3.415552850132831e-16,9.556896308223928e-15,-1.991426625090583e-33,-8.117486433968348e-34,5.629480216651539e-28,3.526545372517786e-30,8.074019077248113e-27,1.57365382032024e-27,4.639992558297183e-22,1.2497650952660847e-23,1.1742258886998085e-22,3.370376249088657e-08,1.885461689911106e-10,3.571118824207671e-12,2.474775283010605e-14,2.9534472314342706e-09,1.2116385566653282e-11,2.804808878299697e-18,2.375095857836011e-18,9.688429851126143e-18,0.017199181167008967,0.7416651438575003,0.01529689954834694,0.1215180109891432,4.0708042856826067e-07,1.1419366264315307e-13,1.819795326898249e-20,1.1300272690871326e-19,1.3962032491895544e-20,5.601022943424572e-23,9.390636113742139e-24,3.172922556571258e-23,5.565746126055075e-29,8.47488995492152e-23,1.3615961553594611e-09,8.579100658978465e-09,1.211473226002922e-17,7.590115260271636e-16,0.0,2.924933522604287e-31,6.749303181476562e-31,8.200550875032247e-08,1.2333054073635585e-10,1.0274709938787575e-22,6.276094397332363e-31,1.7221974001826146e-12,5.854949059424342e-12,5.935092940449709e-16,9.878315914721782e-16,1.9715588230927274e-17,1.015968165753823e-17,3.3532434583533057e-13,6.008390994073152e-21,9.426284278617868e-27,2.2399071138507103e-21,4.9753125501194264e-20,0.09827764492093866,0.001722350978180129,5.590996987605201e-09,3.69504752482448e-17,6.88947181702483e-26,6.936613061485003e-16,1.0573944545396144e-14,1.9293419996874613e-20,6.155862088705552e-13,1.4238811797180578e-27,2.7256592190102298e-14,1.95739527877874e-15,1.38565021708792e-29,1.5504685045358587e-24,1.575269083141055e-17,6.983239905601311e-09,2.249016760094391e-06,6.179313858783389e-05,5.539346319488035e-09,1.93539134028412e-12,1.4620180778426185e-14,6.418966247216838e-16,3.2189394259160166e-27,6.827197056456963e-10,5.797090291889156e-10,3.643517772003894e-12,1.540264141168543e-11,5.947944638722427e-37,3.348261877386416e-17,6.869055726735962e-14,1.4620240941303108e-19,2.956561532926013e-11,3.4460785592528e-12,6.009057007879069e-21,1.6098712320798187e-17,4.391230732420064e-16,0.0003307628049589194,2.3765463737213417e-06,1.2831783028788116e-10,3.018852596211783e-11,9.40264526162031e-29,1.8467079561788343e-17,6.003996797746567e-19,2.3024736257706764e-24,2.3912982876862424e-26,7.70394774125663e-30,3.7620366786504236e-07,4.710640080950838e-07,1.609029428701309e-08,3.4939094353986892e-06,4.810328179306675e-22,1.3185460061701953e-23,3.95661741626888e-09,1.7760432012150938e-06,3.530862848523292e-20,4.475433136398459e-18,3.504613236526731e-28,2.370671718931447e-24,0.0,0.0,3.369133666462933e-15,3.983113630396646e-15,1.5737518139524578e-22,6.872887674403177e-17,4.494865784225758e-33,3.0827799132375784e-24,3.7098043207341176e-33,1.474324582115017e-35,7.292023907666257e-35,5.1135098109703304e-14,1.2186186679941814e-13,9.461838941243368e-16,4.962041533791144e-22,9.573883164177011e-22,2.1528584274365943e-25,5.8015862188786346e-15,2.340444973407457e-13,1.5885186747908659e-21,1.7291957310968134e-23
4999999.999999989,8.42658316004596e-06,0.00016857197554943194,2.29014152771064e-16,1.0867004231194906e-16,2.8252623690160836e-18,3.1764862222204726e-18,7.323184953494527e-21,6.302371283328098e-20,1.6921910605414766e-31,3.950550345405776e-33,1.2304238667829365e-33,4.1115498079890165e-23,1.0756002778805902e-21,1.5291840385229746e-31,9.692833864299983e-26,8.387206476666033e-23,8.414001905813733e-35,1.9905754393307737e-42,2.6478878827210265e-31,3.308512635958523e-35,6.455398553515206e-30,6.282768488953202e-36,8.759287833207327e-12,3.4850091848451548e-12,5.385412327952166e-14,2.877374433523889e-13,2.4016549915089174e-29,6.85951212651302e-27,1.5360082354782096e-16,4.309778943087633e-15,-3.430206632377223e-33,2.2421106034200166e-33,7.718205536900662e-29,4.791027147460708e-31,1.2283550276811062e-27,2.4015791418052996e-28,1.4220676718605169e-22,2.9921474595841845e-24,3.6021360194649404e-23,3.361882620283455e-08,2.7404870252436606e-10,2.266410980183913e-12,1.4932043785499162e-14,1.5199910396054747e-09,6.100992884508659e-12,6.950443100655181e-19,1.251629914835351e-18,6.0378938150208305e-18,0.018347177115748674,0.8070215382283703,0.01653202042461783,0.08822257050713221,2.9796071195850766e-07,7.78021746631526e-14,7.656959132961717e-21,4.635386775128395e-20,5.775648568024374e-21,1.2559593562568021e-23,3.935265202595858e-24,1.3376582594842777e-23,1.6099889200454014e-29,2.040287405047623e-23,4.915318349033014e-10,4.592983338203743e-09,8.266741325472957e-18,5.163148916147036e-16,0.0,1.2456284318284698e-31,1.562038291845301e-31,4.086177277400435e-08,4.493661470114989e-11,4.68823754101494e-23,1.4645871224187833e-31,1.185971747327601e-12,5.861320718990015e-12,1.924584021812182e-16,4.072679017823941e-16,5.532011984212163e-18,5.129886332165952e-18,1.1366949904386437e-13,1.0006859874560618e-21,2.0210136992414854e-27,1.0711648121552554e-21,2.3163347172545493e-20,0.09836426547564663,0.0016357318173907546,4.1970783560356164e-09,1.1281028167515387e-17,1.7166460474054197e-26,2.770092423447182e-16,5.312505023365541e-15,1.160575614680812e-20,2.1180545482566868e-13,2.395549424292813e-28,1.8427144688657303e-14,1.1813439890102348e-15,5.9112786298615654e-30,9.918100566705223e-25,7.871125983978883e-18,6.9111087094395094e-09,2.2490888912905524e-06,6.179136344342374e-05,7.617177038030548e-09,1.3098128924959089e-12,1.308970968477599e-14,3.9098871110191267e-16,6.417595788857793e-28,4.373831246374285e-10,5.484891330594227e-10,1.595558076085202e-12,9.92739157431645e-12,1.0986230128231094e-37,9.968313609607144e-18,3.0131023930444164e-14,4.353930688265124e-20,1.4529220083089988e-11,2.4905597629219503e-12,2.2347861098446252e-21,9.6558700881166e-18,2.6418449706239456e-16,0.0003308181942738178,2.608667101155099e-06,6.307225860101277e-11,2.1908852955260436e-11,2.133386327956445e-29,6.131809855976987e-18,1.8575575539041063e-19,7.164786076824872e-25,8.998753712172986e-27,1.617490473742469e-30,1.9717174732241242e-07,3.691238239383925e-07,1.6019853334289715e-08,3.4939800081562838e-06,3.033886792388219e-22,8.427160394756873e-24,4.109461968038321e-09,1.775890453175589e-06,2.6130687181839896e-20,2.777897548562792e-18,1.2409456975035979e-28,8.321474583765234e-25,0.0,0.0,2.2854956579644692e-15,3.737147138751559e-15,1.0076979227190845e-22,4.6771309456173625e-17,1.9633745966836783e-33,1.968509134009432e-24,1.6156502018408883e-33,6.549042177201969e-36,3.1647912940751355e-35,1.8496307827721262e-14,5.997057185351175e-14,3.1727333215992893e-16,3.6950402240917395e-22,6.058159779308344e-22,1.3671811574613625e-25,2.8868808393361108e-15,1.1520045023315415e-13,3.9092654184960115e-22,4.30273267555297e-24
