time_years,C,C+,C2,C2+,C2H,C2H+,C2H2,C2H2+,C2H3,C2H4,C2H5,C2N,C2N+,C2N2+,C2NH+,C3+,C3H2,C3H5+,C3N,C4H,C4N,C4N+,CH,CH+,CH2,CH2+,CH2CO,CH2OH,CH3,CH3+,CH3CCH,CH3CHO,CH3CN,CH3CNH+,CH3OH,CH3OH2+,CH4,CH4+,CH5+,CL,CL+,CN,CN+,CO,CO+,CO2,CS,CS+,E-,H,H+,H2,H2+,H2CL+,H2CN,H2CO,H2CO+,H2COH+,H2CS,H2CS+,H2CSH+,H2NO+,H2O,H2O+,H2S,H2S+,H2S2,H2S2+,H2SIO,H3+,H3O+,H3S+,HC3N,HCL,HCL+,HCN,HCN+,HCNH+,HCO,HCO+,HCO2+,HCOOH,HCS,HCS+,HE,HE+,HEH+,HNC,HNCO,HNO,HNO+,HNS+,HOC+,HOSO+,HS,HS+,HS2,HS2+,HSO+,MG,MG+,N,N+,N2,N2+,N2H+,NCCN,NH,NH+,NH2,NH2+,NH2CHO,NH3,NH3+,NH4+,NO,NO+,NO2,NS,NS+,O,O+,O2,O2+,O2H,O2H+,OCN,OCS,OCS+,OCSH+,OH,OH+,S,S+,S2,S2+,SI,SI+,SIC,SIC+,SIC2,SIC2+,SIC3,SIC3+,SIH,SIH+,SIH2,SIH2+,SIH3,SIH3+,SIH4,SIH4+,SIH5+,SIO,SIO+,SIOH+,SIS,SIS+,SISH+,SO,SO+,SO2,SO2+
0.0,1e-10,0.000177,0.0,0.0,0.0,0.0,0.0,0.0,0.0,0.0,0.0,0.0,0.0,0.0,0.0,0.0,0.0,0.0,0.0,0.0,0.0,0.0,0.0,0.0,0.0,0.0,0.0,0.0,0.0,0.0,0.0,0.0,0.0,0.0,0.0,0.0,0.0,0.0,0.0,0.0,3.39e-08,0.0,0.0,0.0,0.0,0.0,0.0,0.0,0.0001823239,0.5,0.0,0.25,0.0,0.0,0.0,0.0,0.0,0.0,0.0,0.0,0.0,0.0,0.0,0.0,0.0,0.0,0.0,0.0,0.0,0.0,0.0,0.0,0.0,0.0,0.0,0.0,0.0,0.0,0.0,0.0,0.0,0.0,0.0,0.0,0.1000000014901161,0.0,0.0,0.0,0.0,0.0,0.0,0.0,0.0,0.0,0.0,0.0,0.0,0.0,0.0,2.256e-06,0.0,6.18e-05,0.0,0.0,0.0,0.0,0.0,0.0,0.0,0.0,0.0,0.0,0.0,0.0,0.0,0.0,0.0,0.0,0.0,0.0,0.000334,0.0,0.0,0.0,0.0,0.0,0.0,0.0,0.0,0.0,0.0,0.0,0.0,3.51e-06,0.0,0.0,0.0,1.78e-06,0.0,0.0,0.0,0.0,0.0,0.0,0.0,0.0,0.0,0.0,0.0,0.0,0.0,0.0,0.0,0.0,0.0,0.0,0.0,0.0,0.0,0.0,0.0,0.0,0.0
1e-09,1.0000000001656887e-10,0.000177,6.766636708587468e-40,1.4459053827681976e-33,1.2431491202042206e-51,6.282153262345732e-43,1.1072992680073558e-66,1.8160448635455477e-54,-1.7516055545366298e-124,-8.869946365052483e-104,-1.3173561265375122e-116,1.3729223514214217e-68,4.267039340266001e-59,-3.9104218476747887e-85,-2.217648885353247e-70,7.287309792273701e-64,1.6227693016687622e-145,-1.2545441023827768e-126,-3.2533784358338244e-97,-2.7575468414575317e-116,-8.274678111905146e-133,-7.28276160444426e-117,1.5768165576082066e-29,4.865989973103351e-23,7.884000000636488e-30,3.226490607261905e-22,-1.7324161611268123e-102,-3.875181638324518e-99,9.826721803508182e-49,2.0350121558154115e-33,-2.1807504360569716e-138,-4.39544902559774e-132,-4.390271969419507e-99,-8.331670925807691e-88,-3.875181638324348e-99,-2.5017020956158235e-86,-1.0817389716289873e-64,-2.887681815038391e-63,2.9228168290040036e-51,9.01884457456947e-25,3.3899999999732734e-08,1.891917376809729e-34,2.922548222510992e-28,4.582722886761016e-34,4.583582746796356e-27,3.6518187996148056e-61,3.5150477011214797e-50,6.589865299769922e-36,0.00018232390000000055,0.5,2.4251626481949366e-19,0.25,2.376445515090477e-19,1.3696395429499104e-30,-2.2971352031039013e-65,-3.168434344511121e-64,2.857977583709233e-49,-5.65834232926732e-68,-2.56893974961193e-80,-5.056913124863113e-66,-1.128295447231958e-72,-5.087072900789769e-84,4.3558196029628197e-41,3.9111145454775735e-44,1.3170355705435357e-40,2.870053426577427e-25,0.0,-1.584399789128562e-74,-5.9418518999331125e-93,1.948533229869913e-30,-1.2493920944090356e-55,6.222169841724193e-42,-3.098585846587935e-103,1.2824738369063096e-41,2.6726759999740854e-19,2.9422411258732337e-46,7.032213168533018e-38,1.6632590586517967e-49,2.0802112371501182e-45,1.2879777256709057e-36,-1.3553063656070196e-70,-3.862655222329091e-100,3.6854525230926482e-62,9.398562095456422e-46,0.1000000014901161,5.148965359491157e-20,4.871354256783713e-32,2.9420360213343954e-46,-1.6088609907004667e-82,8.376331295767084e-81,-4.308654681268701e-60,-2.8133312073090686e-77,1.3551362390796816e-38,-4.450361971232761e-99,1.3557889084698531e-37,2.3092790704558197e-35,-4.008843517949815e-86,1.0061028991322607e-57,-4.587479472287139e-76,2.2559999999999857e-06,1.454666591912109e-20,6.18e-05,1.321778995507472e-22,1.7840775795256288e-50,1.7413545332348659e-43,9.152476592663838e-55,-1.4666650258689637e-91,3.299667929181965e-45,8.108583591598267e-34,-4.3109924644906167e-69,2.344029344709316e-45,-1.0004356208576757e-147,-1.040375884300255e-72,-1.6546585866952496e-57,-1.0867817590721757e-71,4.223808707861399e-40,1.6811907402968605e-45,-3.720165253858264e-98,8.807768757642717e-54,2.2094397288171436e-40,0.000334,1.835374815925099e-21,1.2923770934860907e-28,1.9383716412220965e-45,-1.0443734996540498e-86,6.134173657880518e-58,1.3513916367756578e-61,-8.531388263204632e-78,1.6499213298717654e-62,-1.7897308186733583e-91,7.29209012239189e-24,1.164465098129808e-32,1.9330204077848843e-22,3.51e-06,3.6970431454636524e-65,3.1407444999358596e-57,4.1606872820840673e-22,1.7799999999999997e-06,7.760531105123555e-51,4.1166372041537564e-46,-1.7148754297746537e-98,2.3261010713233004e-68,0.0,0.0,1.9887947645746996e-38,3.3687427647089396e-25,1.5055590952486287e-56,4.210055999993356e-26,-5.431439092765879e-77,4.780650232275617e-44,-5.4314390927659656e-77,-9.348639265567592e-105,1.3762678171921986e-64,4.567154075190824e-44,1.9092670116635293e-29,1.6376981359276932e-40,6.451999576360814e-62,3.0819935615706486e-55,9.410275735559407e-59,5.98523574058323e-49,7.38255043399047e-40,8.836852851917917e-70,-4.2190411393139506e-86
1.4460841682246074e-09,1.0000000002395996e-10,0.00017699999999999997,9.785126217149598e-40,2.0909008829153855e-33,2.5996229953466978e-51,1.3136983983041008e-42,3.3490926503640485e-66,5.491706112130333e-54,-3.2828944635199207e-124,-1.8616730720991882e-103,-2.8306601691614996e-116,4.15170693952684e-68,1.2903495103521945e-58,-1.8490389870612196e-85,-1.0471041080837671e-70,2.2036770402283525e-63,4.380162611225253e-145,-2.8495424212037285e-126,-1.538356686243533e-97,-5.0725536740049393e-116,-1.6498999604025158e-132,-1.343605565808566e-116,2.2802201410548008e-29,7.036631062806772e-23,1.1400927583613798e-29,4.665776986070919e-22,-3.591268141624512e-102,-7.726918737864268e-99,2.6509055731272658e-48,4.255534842671724e-33,-3.8458900313885446e-138,-8.014477870300854e-132,-8.359855830535271e-99,-1.532509533887943e-87,-7.726918737863647e-99,-4.601439660679573e-86,-5.107631288176881e-65,-1.363472569344215e-63,8.83857626556535e-51,1.3042009440859619e-24,3.389999999961351e-08,2.735881279540265e-34,4.226250715486214e-28,6.627177870067127e-34,6.628246443921778e-27,1.1043073279035313e-60,7.350525153534026e-50,9.529499881666914e-36,0.00018232390000000076,0.5,3.5069893109321457e-19,0.25,3.4365402360000005e-19,2.8641346344123143e-30,3.326434825627149e-65,3.278753463955981e-64,8.642502871965912e-49,-2.6716913593558135e-68,-3.878989578624937e-80,7.322813174597671e-66,-5.327456551948317e-73,-9.356773152010216e-84,9.108713201481446e-41,1.182718118026429e-43,2.7541313419090123e-40,4.150338822127726e-25,0.0,-7.481037697158303e-75,-1.0928988322895745e-92,4.0746936219069246e-30,-5.899236681772541e-56,1.3011549087238863e-41,-1.4635917630632597e-103,2.6918897155812456e-41,3.8649144503396775e-19,6.1528228227902365e-46,1.4705478821955131e-37,5.0296829734218265e-49,4.350053410195889e-45,2.6933667558307098e-36,-6.399330573767587e-71,-8.007193861368999e-100,1.1144780911665782e-61,1.9653891688074794e-45,0.1000000014901161,7.445837289097086e-20,1.0186778349894432e-31,6.152266344788987e-46,-7.59653582051065e-83,2.535936612215626e-80,-2.034411283621708e-60,-5.174626434779558e-77,2.8338059138931e-38,-8.185676176429254e-99,2.835170749631427e-37,3.3686350122652284e-35,-7.373560420861489e-86,3.0424476541917204e-57,-8.437859177258819e-76,2.255999999999979e-06,2.103570328609344e-20,6.18e-05,1.911403679292787e-22,3.7308001913143117e-50,3.641456326534165e-43,2.767714040273771e-54,-6.926806135201702e-92,4.7737323694125875e-45,1.69563409732526e-33,-7.925479426931913e-69,7.088327234978071e-45,-2.4046437118612908e-147,-1.9135878985929983e-72,-7.812777649957387e-58,-1.998943318423909e-71,8.83265737443762e-40,3.5219183577658146e-45,-1.7940478538128664e-98,2.6634626953643025e-53,4.620290705348594e-40,0.000334,2.6541064640562364e-21,1.8688860542754866e-28,4.0805223703670123e-45,-5.473773982282327e-87,1.8549695336254255e-57,4.0865984027324175e-61,-4.0282536052760194e-78,4.9893497889083605e-62,-3.292189980882947e-91,1.0544976079257937e-23,2.4350821610560852e-32,2.795310208552796e-22,3.51e-06,1.1179936152016883e-64,9.497587915201273e-57,6.016704007555213e-22,1.7799999999999995e-06,1.622850773910494e-50,8.608564999720321e-46,-3.1545421205717275e-98,7.034112271424954e-68,0.0,0.0,4.1588869095470066e-38,4.871485578832864e-25,4.552799461660014e-56,6.088095328925123e-26,-2.5645547843678173e-77,9.997101774499653e-44,-2.5645547843679807e-77,-1.9621389146375287e-104,4.1618236022636745e-64,9.55064727965306e-44,2.760960798532695e-29,3.424687886669396e-40,1.9510798568249265e-61,9.319925516198405e-55,2.845660355580545e-58,1.251686540468824e-48,1.5438089895395483e-39,2.672654280362512e-69,-1.9985937036402842e-86
2.0911594215898465e-09,1.0000000003464812e-10,0.00017699999999999997,1.4150116108234006e-39,3.0236186644109754e-33,5.436226119876928e-51,2.7471527829271642e-42,1.0129885465289219e-65,1.6606878295303882e-53,-2.0382899584181732e-124,-2.2636504981556773e-103,-3.7685791739572986e-116,1.2554730786071196e-67,3.902007284508732e-58,3.0223594269532012e-84,1.7149749818289682e-69,6.663902916598293e-63,1.01648533839763e-144,-4.540256787426827e-126,2.5145315135616836e-96,-2.59754495514821e-116,-1.574806961357126e-132,-7.104291320507722e-117,3.297412581517467e-29,1.0175560777483562e-22,1.6486700882597672e-29,6.747106231990558e-22,-4.14293230855917e-102,-7.375961172411183e-99,7.345709422449806e-48,8.899001780121871e-33,-1.0458515605971004e-138,-3.732853285097097e-132,-5.88881956339088e-99,-7.84108295362205e-88,-7.375961172409115e-99,-2.353544579330669e-86,8.36541487590978e-64,2.2331317387373465e-62,2.6727788627356306e-50,1.8859845645045195e-24,3.38999999994411e-08,3.9563344984098005e-34,6.11151425069637e-28,9.583822650021967e-34,9.585002245713444e-27,3.339417292231637e-60,1.537112003729767e-49,1.378045891193601e-35,0.00018232390000000112,0.5,5.07140172068816e-19,0.25,4.969526428703129e-19,5.989362125424617e-30,4.693937824102994e-64,5.608304361198789e-63,2.6134864149246236e-48,4.375767364116102e-67,2.951522126225781e-80,1.0333234090091186e-64,8.725450048645055e-72,-4.785802782858646e-84,1.9047771429837565e-40,3.576530757253754e-43,5.759327703922633e-40,6.001739263437067e-25,0.0,1.2252643062636278e-73,-5.5899594741829125e-93,8.520833957492936e-30,9.66192717551419e-55,2.7209223463213054e-41,2.395889540651174e-102,5.65950865072622e-41,5.588991598143739e-19,1.2866919191515983e-45,3.0751500587367316e-37,1.5209723753792752e-48,9.096655423332097e-45,5.6322592672405236e-36,1.0480994287342138e-69,-9.237087805897395e-100,3.370173426320226e-61,4.10994208130215e-45,0.1000000014901161,1.0767307422939684e-19,2.130217752178518e-31,1.2865369731394929e-45,1.2441808924687384e-81,7.679286909199549e-80,3.332013059857556e-59,-2.646718178111093e-77,5.925939935805996e-38,-4.186934842920325e-99,5.928794024900636e-37,4.93243993836179e-35,-3.771429039454258e-86,9.20033898766801e-57,-4.315796618327552e-76,2.255999999999969e-06,3.041939748948991e-20,6.18e-05,2.7640505997065507e-22,7.801726855440013e-50,7.614885022900522e-43,8.369589502364542e-54,1.134110179879538e-90,6.907683078749527e-45,3.545841218170435e-33,-4.0035577437956255e-69,2.1435048628310949e-44,-4.4383975075740107e-147,-9.787620306133114e-73,1.2795975607681094e-56,-1.0224196248583281e-71,1.847049468623016e-39,7.383884946168208e-45,2.8530875350639635e-97,8.054291302140437e-53,9.661764438966694e-40,0.00033400000000000004,3.8380613384308775e-21,2.702566535322592e-28,8.614907226456133e-45,7.732909639457104e-86,5.609414018229637e-57,1.235784371582718e-60,6.5975805557305435e-77,1.5087756532721703e-61,-1.6855761769130144e-91,1.524892296252201e-23,5.092145003405671e-32,4.042253837864809e-22,3.51e-06,3.380842142378984e-64,2.872063493505467e-56,8.700660410219052e-22,1.7799999999999993e-06,3.3936396863277018e-50,1.800194326814222e-45,-1.615372746721576e-98,2.1271102987999256e-67,0.0,0.0,8.696895544219965e-38,7.04457817121372e-25,1.3767631575181151e-55,8.803898269791809e-26,4.200296224557977e-76,2.0905533564188586e-43,4.200296224557967e-76,-2.385785072941901e-104,1.2585323495870067e-63,1.9971926057654794e-43,3.992581699956794e-29,7.161568340225575e-40,5.900050927883233e-61,2.8183385166782076e-54,8.60525566612186e-58,2.61771296990185e-48,3.228350713608915e-39,8.083510310356694e-69,3.258591290370011e-85
3.023992532794805e-09,1.0000000005010407e-10,0.00017699999999999997,2.0462258885866048e-39,4.3724070819809e-33,1.1368015470215573e-50,5.744734425127585e-42,3.0638996725478278e-65,5.021907601368483e-53,1.6555076411087238e-123,2.9915507276248337e-103,2.6616026335244106e-116,3.796541215556457e-67,1.17996408926856e-57,1.914672987456022e-83,1.0862602031938566e-68,2.0151592665367573e-62,2.0905168545438948e-144,-1.631867454895739e-126,1.5929626121814734e-95,2.878907388170883e-115,5.1422013426024904e-132,7.496092916561529e-116,4.7683828372681847e-29,1.4714717342961544e-22,2.3841157134374607e-29,9.756883503341507e-22,7.064368869691167e-102,2.407811800846733e-98,2.0811019619823917e-47,1.8609231415141085e-32,2.7143556175793716e-137,4.759443487892714e-131,3.8161333403990934e-98,8.701491746809033e-87,2.4078118008473922e-98,2.6131199395013743e-85,5.298629615170995e-63,1.414459193688045e-61,8.082463322654377e-50,2.727292895102748e-24,3.3899999999191784e-08,5.721234283719028e-34,8.83776400198646e-28,1.3859778842122925e-33,1.386072000006393e-26,1.0098373455012735e-59,3.2143462815550946e-49,1.992770346751752e-35,0.0001823239000000016,0.5,7.333673739028224e-19,0.25,7.186353492030805e-19,1.2524711037809058e-29,2.449912083932945e-63,2.9859270828558594e-62,7.90316340322678e-48,2.771598410536965e-66,5.068387000155203e-79,5.393236129671435e-64,5.52667488036786e-71,5.313634926280577e-83,3.983192668579458e-40,1.0815402303080753e-42,1.204367239006234e-39,8.67902013064791e-25,0.0,7.760788728445497e-73,6.206483059747132e-92,1.7818422209863671e-29,6.119836767743896e-54,5.689882399910516e-41,1.517613941783852e-101,1.1926677054959597e-40,8.082152266342903e-19,2.690794587871924e-45,6.430629018083341e-37,4.599409105689446e-48,1.9022557450005737e-44,1.1777952031491341e-35,6.638631510905179e-69,1.5751566509321304e-99,1.019137927728545e-60,8.594544117175519e-45,0.10000000149011612,1.5570432798720373e-19,4.454624922432302e-31,2.6903539127130162e-45,7.880605841493277e-81,2.3251897120162734e-79,2.110487448719635e-58,2.938628019373386e-76,1.2392085128570879e-37,4.648505476653213e-98,1.2398053483815286e-36,7.260514431313357e-35,4.187384640750091e-85,2.782175639781434e-56,4.791791197801368e-75,2.2559999999999556e-06,4.398900911648263e-20,6.180000000000001e-05,3.997049812396913e-22,1.6314741967367365e-49,1.5923996975516347e-42,2.5309696056881826e-53,7.1836221017256705e-90,9.998426755242431e-45,7.414919270777473e-33,4.532733688721231e-68,6.481942699135555e-44,-4.882315948602733e-147,1.086710912760993e-71,8.104933993109531e-56,1.1351835574023949e-70,3.862474898453543e-39,1.549831281463017e-44,1.8116354159084105e-96,2.4356116754574743e-52,2.020428973570591e-39,0.00033400000000000004,5.550159738130855e-21,3.9081386803435007e-28,1.826276230748099e-44,4.9631376126068037e-85,1.6962826104437767e-56,3.7370028966212664e-60,4.178888502704343e-76,4.5625263168586314e-61,1.8686326534381988e-90,2.2051226078579707e-23,1.0648486999876382e-31,5.845439278881461e-22,3.51e-06,1.0223747005059609e-63,8.685098558051908e-56,1.258188727231627e-21,1.7799999999999988e-06,7.096641605451772e-50,3.764511913457096e-45,1.7903476644179462e-97,6.432365661222963e-67,0.0,0.0,1.8186595055860552e-37,1.0187052965064458e-24,4.163321507708474e-55,1.2731177906587211e-25,2.6604554975096776e-75,4.371680347566574e-43,2.660455497509686e-75,3.153130126144513e-104,3.8057924273803115e-63,4.176448139273807e-43,5.773609186880647e-29,1.497598110805945e-39,1.7841709976852565e-60,8.522634629209639e-54,2.6022228877076157e-57,5.474771426859464e-48,6.750996010954171e-39,2.4448452833646075e-68,2.064761648335797e-84
4.372947726504e-09,1.000000000724547e-10,0.0001769999999999999,2.959014862767446e-39,6.322868659598466e-33,2.3772332660588356e-50,1.2013155519338588e-41,9.256825395925175e-65,1.518621101284241e-52,-4.317912765717454e-119,-2.0334077210787353e-99,-2.4182649376868437e-111,1.1480712276631653e-66,3.56820259302368e-57,-7.575465977533231e-83,-4.271284789452524e-68,6.093826566007097e-62,2.983143007634435e-139,-2.71331330711695e-120,-6.302608535111064e-95,-6.783441229874082e-113,-1.9670279423835068e-128,-2.1541147180140409e-113,6.895580600855686e-29,2.1278719789212315e-22,3.447631988792885e-29,1.4109274765248396e-21,-3.6178159986571626e-98,-9.1862007822985e-95,5.999982879884995e-47,3.89148696019987e-32,-3.316935276614447e-132,-7.454024446598338e-126,-6.586631719282724e-95,-2.0410385490999053e-84,-9.186200782296562e-95,-6.115953120564783e-83,-2.083474455235447e-62,-5.5617958184349055e-61,2.4441308735226514e-49,3.9438960707207714e-24,3.389999999883125e-08,8.273473315482113e-34,1.278015060614468e-27,2.0044005736249288e-33,2.0043767752580248e-26,3.053739927348758e-59,6.721710610466205e-49,2.881713650201956e-35,0.0001823239000000023,0.5,1.0605109489004464e-18,0.25,1.039207201190198e-18,2.6191167489144587e-29,-6.308231039767803e-63,-8.141724340878225e-62,2.3899107117693335e-47,-1.0898203721932531e-65,-4.8865147085841054e-77,-1.388693895509331e-63,-2.1731444442872946e-70,-1.2436452545656728e-80,8.329490876907478e-40,3.2705695805892236e-42,2.5185238988963176e-39,1.2550593606589838e-24,0.0,-3.0516201887661887e-72,-1.45261451137596e-89,3.7261161481567377e-29,-2.406381370121267e-53,1.1898451188269872e-40,-5.976850826878852e-101,2.5218010875234166e-40,1.168747243738623e-18,5.627233228286776e-45,1.344747045777326e-36,1.3908578791468106e-47,3.9779202522110323e-44,2.462957535757927e-35,-2.6103766830413773e-68,-8.063008273855535e-96,3.081865480850393e-60,1.7972561940197e-44,0.1000000014901161,2.251615636263469e-19,9.315330875970201e-31,5.625958932309554e-45,-3.0987335174087913e-80,6.47195149331593e-79,-8.298648920957483e-58,-6.8777980422850886e-74,2.5913825569859117e-37,-1.091005609967693e-95,2.5926306351990797e-36,1.0766546588851947e-34,-9.80048706512234e-83,8.413278359722187e-56,-1.12150880949009e-72,2.255999999999936e-06,6.361180965923323e-20,6.18e-05,5.780070453290438e-22,3.4116990518418014e-49,3.3299792952919864e-42,7.653473588484585e-53,-2.827617302739736e-89,1.447808921079874e-44,1.5505778293229175e-32,-1.0575959557292814e-65,1.9601346321188876e-43,-1.8465816173990478e-139,-2.5434243950681737e-69,-3.1869415662656428e-55,-2.6568736153026123e-68,8.077050774555413e-39,3.2583117530578856e-44,-5.485929249177338e-96,7.365271519440733e-52,4.225039083728876e-39,0.000334,8.02599812832623e-21,5.651497472954324e-28,3.893914212841319e-44,-2.9160260547197834e-84,5.129545947549215e-56,1.130066639436959e-59,-1.6431814826192695e-75,1.379704541035139e-60,-4.402482449440667e-88,3.1887928922175584e-23,2.2267683915174967e-31,8.452997197508751e-22,3.5099999999999994e-06,3.091512878172858e-63,2.6263673186418425e-55,1.8194467990882996e-21,1.779999999999998e-06,1.4840208960651835e-49,7.872250760184978e-45,-4.2185164122013225e-95,1.9451425711488963e-66,0.0,0.0,3.803106959764826e-37,1.4731336013335012e-24,1.258985315164423e-54,1.8410354813527473e-25,-1.046117860619661e-74,9.141880546856923e-43,-1.0461178606198606e-74,-2.1422431879023988e-100,1.1508687882450814e-62,8.73361889033695e-43,8.349124839144879e-29,3.131716399178243e-39,5.395319737191578e-60,2.577238347997643e-53,7.869102581184306e-57,1.145078589635721e-47,1.411740891340587e-38,7.3878986749023945e-68,-8.233043473502124e-84
6.3236504757711994e-09,1.0000000010477559e-10,0.00017699999999999988,4.2789845479925246e-39,9.143400269153996e-33,4.971173743228627e-50,2.5121423352434055e-41,2.7933931466362716e-64,4.5922988186161525e-52,-4.200317485532091e-118,-2.0195893716513134e-98,-2.416143035753132e-110,3.471758812815344e-66,1.07902179835807e-56,-1.163731334883604e-81,-6.576332027491772e-67,1.8427685973056536e-61,3.169478797583975e-138,-2.738741539172507e-119,-9.681969415868763e-94,-6.689279804606093e-112,-1.935407321872954e-127,-2.1258355709793253e-112,9.971794185019745e-29,3.0770819806547175e-22,4.985566037643231e-29,2.040319886285211e-21,-3.592929241990091e-97,-9.038847408677618e-94,1.7530662743114027e-46,8.137719620719342e-32,-2.9332217282988206e-131,-7.175481096182211e-125,-6.482751475910595e-94,-2.0126251413817362e-83,-9.038847408675126e-94,-6.030754744297028e-82,-3.207845169998012e-61,-8.563282259519945e-60,7.391033511357303e-49,5.703207745516403e-24,3.389999999830989e-08,1.196432069835405e-33,1.848117345983872e-27,2.898866307998504e-33,2.8984975219191103e-26,9.234482087947682e-59,1.4056168773284834e-48,4.1672004887054713e-35,0.00018232390000000334,0.5,1.5335880934486712e-18,0.25,1.5027810811065399e-18,5.476990665657509e-29,-1.150099385714727e-61,-1.4471421274008944e-60,7.227072147050976e-47,-1.67795434498682e-64,-4.884431898215871e-76,-2.5318286317818945e-62,-3.345906422489651e-69,-1.2263206357779282e-79,1.741829332429139e-39,9.890177991229155e-42,5.266634979658884e-39,1.8149214716221036e-24,0.0,-4.698461769213505e-71,-1.432378843241871e-88,7.791902889018416e-29,-3.705012476798738e-52,2.4881558304552455e-40,-9.19701113231385e-100,5.3573820581348e-40,1.6901068857945944e-18,1.17685085696505e-44,2.8120804543897684e-36,4.2059438411346877e-47,8.318466105572056e-44,5.150436855843455e-35,-4.019096182064506e-67,-8.007507748782637e-95,9.319538183763748e-60,3.7583492338083955e-44,0.1000000014901161,3.256025724527564e-19,1.9479841925837206e-30,1.1764777027770221e-44,-4.771000322589644e-79,1.5815859151823112e-78,-1.2777109303422775e-56,-6.781986773948459e-73,5.418994049016283e-37,-1.0757621790479801e-94,5.421603979479508e-36,1.6128156481309704e-34,-9.663961233739207e-82,2.544169093681967e-55,-1.1058856142705764e-71,2.2559999999999078e-06,9.198803086033349e-20,6.18e-05,8.3584683736803495e-22,7.134486492397154e-49,6.963570995332868e-42,2.3142930752204776e-52,-4.351915080719193e-88,2.09773613478915e-44,3.2425054366409005e-32,-1.042885686214332e-64,5.92743249149871e-43,-1.8919800716048403e-138,-2.507993183551593e-68,-4.906810870024992e-54,-2.6198619977458958e-67,1.6890400825870946e-38,6.866168411274628e-44,-8.946367004224085e-95,2.2272526077280623e-51,8.835230286505626e-39,0.000334,1.160626882735864e-20,8.172541022574945e-28,8.369230340622334e-44,-3.946625236188187e-83,1.5511708642418948e-55,3.4173113586804077e-59,-2.529942802640969e-74,4.1722161578593254e-60,-4.341278754608345e-87,4.611262917182924e-23,4.656527701531476e-31,1.2223745421364335e-21,3.509999999999999e-06,9.347728639580615e-63,7.942115160146716e-55,2.631073211088465e-21,1.7799999999999974e-06,3.1033242803861765e-49,1.646230130878676e-44,-4.1599588887532243e-94,5.882096599006877e-66,0.0,0.0,7.95290295020977e-37,2.1302751785031906e-24,3.807162192451893e-54,2.6622922627157713e-25,-1.61066727559272e-73,1.9117129636197058e-42,-1.610667275592917e-73,-2.1276757221421747e-99,3.480218622359271e-62,1.826338947280502e-42,1.207353724942325e-28,6.548918253922923e-39,1.6315406338268646e-59,7.793549520631881e-53,2.3796107445917876e-56,2.395196891879347e-47,2.952175265765524e-38,2.230391615503957e-67,-1.2611802602077559e-82
9.144530838398738e-09,1.0000000015151429e-10,0.00017699999999999986,6.187771813864116e-39,1.3222126378704762e-32,1.039551681432985e-49,5.253290114274892e-41,8.447892229276052e-64,1.388707734197388e-51,-1.4064126186512003e-117,-7.022798071730842e-98,-8.505622570158916e-110,1.0498572726404473e-65,3.2629538611137127e-56,-3.4106352727382367e-81,-1.9262943311365363e-66,5.572518478613945e-61,1.2356818971049597e-137,-9.819058102637523e-119,-2.8375678706155704e-93,-2.2327677750912597e-111,-6.610442854696448e-127,-7.143496821030258e-112,1.4420480813637926e-28,4.449719536403382e-22,7.209548118316027e-29,2.9504742856072042e-21,-1.2487985639926448e-96,-3.0874320795218204e-93,5.1730209196528125e-46,1.701726905483171e-31,-7.914624877019939e-131,-2.3540172092102275e-124,-2.210960401916713e-93,-6.716384097693888e-83,-3.087432079520588e-93,-2.012371707086922e-81,-9.39620123529547e-61,-2.508298221416141e-59,2.2350430147903818e-48,8.247322771229708e-24,3.389999999755596e-08,1.730179517044245e-33,2.6725332352089177e-27,4.1927038983255296e-33,4.19147137821388e-26,2.792500542702871e-58,2.939369067195782e-48,6.026122656281604e-35,0.00018232390000000483,0.5,2.2176974625450123e-18,0.25,2.1731479296128084e-18,1.1453260632211376e-28,-3.364646145695733e-61,-4.23438157595816e-60,2.185461220657904e-46,-4.9149493985741643e-64,-1.6223782846637067e-75,-7.406931568904503e-62,-9.800600957459227e-69,-4.092046610958745e-79,3.642442819310675e-39,2.990782439330662e-41,1.1013373357735984e-38,2.6245292066649278e-24,0.0,-1.3762413689533704e-70,-4.779631704854383e-88,1.6294111138068018e-28,-1.0852469793420058e-51,5.20313050720245e-40,-2.6943117749223406e-99,1.1456834658083567e-39,2.4440368100881068e-18,2.461305352890893e-44,5.880508536337057e-36,1.2718742768896542e-46,1.7395240861925473e-43,1.0770384556302622e-34,-1.1772462357066676e-66,-2.78315359888693e-94,2.818221387885198e-59,7.85930744217975e-44,0.1000000014901161,4.708487251571365e-19,4.0735454972255554e-30,2.460202432753048e-44,-1.3974888685728444e-78,4.625838790295422e-78,-3.7425836925522466e-56,-2.2630464809681684e-72,1.1331980461235401e-36,-3.589660634384882e-94,1.1337438241758675e-35,2.44912616403467e-34,-3.2247177990034386e-81,7.69354834145341e-55,-3.690173147091208e-71,2.2559999999998667e-06,1.330224350932839e-19,6.18e-05,1.2087048785689568e-21,1.491959019275172e-48,1.456209863129186e-41,6.998418154769187e-52,-1.2748536935711137e-87,3.0420406148691773e-44,6.780595793218485e-32,-3.47995947064603e-64,1.7924511592854994e-42,-6.959434053203885e-138,-8.368794186134047e-68,-1.4372695661383076e-53,-8.742083510831932e-67,3.532052082144877e-38,1.4517070100583459e-43,-2.2550398638729463e-94,6.735195254411708e-51,1.847587505548388e-38,0.000334,1.678364160295417e-20,1.1818182187276375e-27,1.818613246869189e-43,-1.1954662141132921e-82,4.690729110551621e-55,1.0333924233986356e-58,-7.410536067688355e-74,1.261675051503561e-59,-1.4489808801010205e-86,6.668274300059392e-23,9.737541774683209e-31,1.7676564730243008e-21,3.509999999999998e-06,2.82675776694353e-62,2.4016896938856862e-54,3.804753315994799e-21,1.779999999999996e-06,6.489545812449757e-49,3.442581044827607e-44,-1.3885234914722406e-93,1.778741619391593e-65,0.0,0.0,1.6630787933271524e-36,3.080557209459644e-24,1.151283004105467e-53,3.849898692283006e-25,-4.717856705063482e-73,3.9976965751243265e-42,-4.717856705064139e-73,-7.398584915726727e-99,1.0524155126451288e-61,3.819165910442344e-42,1.7459351072962785e-28,1.3694832108015329e-38,4.9337666967016045e-59,2.3567635554232926e-52,7.195925122596554e-56,5.010719294487289e-47,6.17346912117505e-38,6.745124764022096e-67,-3.6988326149462543e-82
1.3223761271250085e-08,1.000000002191024e-10,0.00017699999999999978,8.948038862751699e-39,1.9120307638514344e-32,2.17386829431495e-49,1.0985467121515793e-40,2.5588902358123406e-63,4.1994418560337353e-51,-2.956245520606287e-117,-1.610801452330916e-97,-2.0032331436923973e-109,3.1747605578598676e-65,9.86714812045348e-56,-3.542133598835744e-81,-1.9913708827317887e-66,1.685125431076953e-60,3.501456591416577e-137,-2.4002663822878308e-118,-2.9469714109757426e-93,-4.633116302136177e-111,-1.456410858904293e-126,-1.5085619730515271e-111,2.08541221660167e-28,6.434668974317682e-22,1.0425613397383705e-28,4.266634153037233e-21,-2.8612781363192655e-96,-6.803160395749103e-93,1.537500968681288e-45,3.5585822512857166e-31,-6.755171073682869e-131,-4.696510574975938e-124,-4.853094818081632e-93,-1.392917173349824e-82,-6.8031603957444526e-93,-4.172558492548716e-81,-9.713635082746478e-61,-2.593036589793672e-59,6.758753386728581e-48,1.1926331970243945e-23,3.389999999646571e-08,2.5020647607145458e-33,3.86470800082504e-27,6.0644649193844576e-33,6.061220401870155e-26,8.444504161854813e-58,6.146689593653981e-48,8.714280576863696e-35,0.000182323900000007,0.5,3.206977190563317e-18,0.25,3.1425548160499734e-18,2.395059387825315e-28,-3.215241704884282e-61,-4.092667672683003e-60,6.608818411536504e-46,-5.080992171543444e-64,-3.3080345736239626e-75,-7.078032652695545e-62,-1.0131697748324357e-68,-8.484667012062125e-79,7.616928619203542e-39,9.044103762631403e-41,2.3030719460357798e-38,3.7952901347621245e-24,0.0,-1.4227352221420276e-70,-9.910342503684118e-88,3.407358402154487e-28,-1.1219101066886181e-51,1.0880575381783751e-39,-2.7886188415711476e-99,2.4725238591379882e-39,3.53428293748678e-18,5.14795740461831e-44,1.2297080829111307e-35,3.846138315666352e-46,3.637622814568263e-43,2.2522591138761514e-34,-1.217017393973019e-66,-6.376704002561469e-94,8.522280445354101e-59,1.6435064902488744e-43,0.1000000014901161,6.808868870784727e-19,8.518433045181226e-30,5.144675497178563e-44,-1.4447005425830608e-78,1.5764029386657757e-77,-3.869020186184487e-56,-4.692320896691569e-72,2.3696977707073694e-36,-7.44312402522163e-94,2.3708390795768414e-35,3.7860133476512976e-34,-6.686301338504772e-81,2.3265232734746115e-54,-7.651401204477227e-71,2.2559999999998074e-06,1.9236163740708085e-19,6.18e-05,1.7478889889344056e-21,3.1199972031050705e-48,3.0452158236091013e-41,2.1163973998167572e-51,-1.3189469567529679e-87,4.4169011205463376e-44,1.4179306776468867e-31,-7.215532693096152e-64,5.4203589205718303e-42,-1.786524441655906e-137,-1.7352302823541564e-67,-1.4858251470867088e-53,-1.8126300756635856e-66,7.386083989123198e-38,3.0837770356107683e-43,1.47283711439537e-95,2.036718015590356e-50,3.8636000194215376e-38,0.000334,2.4270558406251145e-20,1.7090086158976834e-27,4.010074361400403e-43,-1.5714948582931044e-82,1.418472980337937e-54,3.124972219949871e-58,-7.660889481761455e-74,3.8152959865698895e-59,-3.0063797195593373e-86,9.642885894694781e-23,2.0362752224441596e-30,2.5561800405001865e-21,3.5099999999999977e-06,8.548807645136874e-62,7.262691700257243e-54,5.501993534259914e-21,1.7799999999999944e-06,1.357067488348467e-48,7.199141209217645e-44,-2.881262839290927e-93,5.378901383058437e-65,0.0,0.0,3.477762887497413e-36,4.454745009626053e-24,3.481471207188392e-53,5.567277548143225e-25,-4.877241052997118e-73,8.359820857352257e-42,-4.8772410529984816e-73,-1.696961533565033e-98,3.1824966512883816e-61,7.986484818028531e-42,2.5247691178481837e-28,2.8638077190077747e-38,1.4919673837294408e-58,7.126835392397868e-52,2.17604238368324e-55,1.0484202627170623e-46,1.290970811659366e-37,2.0424073039948873e-66,-3.863522774096308e-82
1.912267181873642e-08,1.000000003168405e-10,0.0001769999999999997,1.2939617348916023e-38,2.7649574192742964e-32,4.545905169357659e-49,2.2972363085951293e-40,7.755138671211509e-63,1.2699080965409965e-50,-3.037477326720808e-117,-2.368002727991986e-97,-3.199363821779471e-109,9.600452240030307e-65,2.9838182274728934e-55,1.6474887929244892e-80,9.365268472174065e-66,5.095806737489324e-60,8.387711143358192e-137,-4.248183292357899e-118,1.3706716768444127e-92,-4.422282638111605e-111,-1.8505375466434025e-126,-1.5820419084615374e-111,3.0158683653198377e-28,9.305072930868192e-22,1.507631448516676e-28,6.1699121000351095e-21,-4.19132743877579e-96,-8.648938785466966e-93,4.5933134646826835e-45,7.441562802011365e-31,4.541031813556754e-130,-3.4928451495377406e-124,-6.07365327801345e-93,-1.3253701634310005e-82,-8.648938785451266e-93,-3.965244282770556e-81,4.568250794448949e-60,1.2194859444791793e-58,2.0438419770571518e-47,1.7246498835997414e-23,3.3899999994889115e-08,3.6183625962019215e-33,5.588693055505305e-27,8.772784380992266e-33,8.765034863825886e-26,2.553613106615126e-57,1.2853708687735237e-47,1.260158319605506e-34,0.00018232390000001014,0.5,4.637558943267161e-18,0.24999999999999997,4.544398766905691e-18,5.00845100390047e-28,1.820966469931776e-60,2.2590809144423667e-59,1.998501752529469e-45,2.3895530677296452e-63,-2.8294991182720407e-75,4.0086753403005915e-61,4.764861423743623e-68,-8.06310502977248e-79,1.5928212045624048e-38,2.7349302239530156e-40,4.816090598504083e-38,5.4883089776167535e-24,0.0,6.691018598015189e-70,-9.41794561538719e-88,7.125329625018228e-28,5.27626032297758e-51,2.275301772159028e-39,1.3077636604243547e-98,5.4024334566571646e-39,5.11087060163365e-18,1.0768149613495332e-43,2.5715156432670317e-35,1.1630693545459926e-45,7.606851133986156e-43,4.709832865754057e-34,5.72354285924684e-66,-9.340264775938805e-94,2.577131247981288e-58,3.4368341110431883e-43,0.1000000014901161,9.846197477559125e-19,1.7813401517747543e-29,1.0758336639695664e-43,6.794319740788355e-78,5.561994524796703e-77,1.8195716013557176e-55,-4.459182211681264e-72,4.955415819622635e-36,-7.074102343695715e-94,4.957802478276607e-35,5.9859122130046025e-34,-6.354091430179009e-81,7.035389006157932e-54,-7.271240158963247e-71,2.2559999999997214e-06,2.7817111842813724e-19,6.18e-05,2.52759459467032e-21,6.524632429068831e-48,6.368179477857532e-41,6.400294939671653e-51,6.191358105111344e-87,6.424549681952175e-44,2.9651190955676007e-31,-6.856997106870804e-64,1.6391124898842397e-41,-3.5505037024444113e-137,-1.6490150994848473e-67,6.987725860410591e-53,-1.7225692721573335e-66,1.5445479122508603e-37,6.593900405725505e-43,2.6895660568162593e-93,6.159020070412439e-50,8.07940358181467e-38,0.00033399999999999993,3.509727026329157e-20,2.471370302968523e-27,9.011865183015888e-43,3.606445398623821e-82,4.2894517003959425e-54,9.449897667911385e-58,3.6028577784411785e-73,1.1537426782536603e-58,-2.867767889114912e-86,1.3944424628314246e-22,4.258176116118546e-30,3.696451487699053e-21,3.5099999999999965e-06,2.5854393266703297e-61,2.196232546899353e-53,7.956345743566918e-21,1.779999999999992e-06,2.837844468813843e-48,1.5055021964215747e-43,-2.7501486562788643e-93,1.626575765010873e-64,0.0,0.0,7.272556628200566e-36,6.441936231304525e-24,1.0527942932232473e-52,8.050751922407271e-25,2.293730423571217e-72,1.7481718147517143e-41,2.293730423571087e-72,-2.4945033376283154e-98,9.62384610774419e-61,1.6701013098984126e-41,3.651028650661745e-28,5.98867849331869e-38,4.5116983029941456e-58,2.1551497005998072e-51,6.580335919122477e-55,2.19422521079954e-46,2.6996257757852046e-37,6.187007496171312e-66,1.7721907935520073e-81
2.76529929712296e-08,1.0000000045817802e-10,0.00017699999999999956,1.8711775817986883e-38,3.99836115507729e-32,9.506212437878759e-49,4.8038873546395525e-40,2.350124725493374e-62,3.840192645247201e-50,8.674174283149911e-117,5.5407495233573895e-98,-8.006774851040062e-110,2.9031695942586073e-64,9.023044050316163e-55,1.2906864501043516e-79,7.3170438757901e-65,1.5409681572546541e-59,1.7761205289205008e-136,-3.386674866811029e-118,1.0738205831926607e-91,1.5594665346945e-110,2.2013027712788536e-126,4.2444848821332056e-111,4.361590072149316e-28,1.3455918648126466e-21,2.1801619707189282e-28,8.922212206615973e-21,1.071965559627083e-96,1.0254944903824712e-92,1.3772877613594331e-44,1.5561494163970737e-30,3.2621942446510216e-129,2.1580338543365727e-123,7.879595957275833e-93,4.712825555768103e-82,1.0254944903874992e-92,1.414667913381099e-80,3.569154496562513e-59,9.52779069887393e-58,6.180562876280409e-47,2.493992863272471e-23,3.389999999260923e-08,5.232804746070059e-33,8.081720550099454e-27,1.269257868487772e-32,1.2674978151689473e-25,7.722110911926718e-57,2.6879156541832116e-47,1.822294998864623e-34,0.00018232390000001467,0.5,6.706300567351745e-18,0.24999999999999997,6.571583110164413e-18,1.047346950371946e-27,1.3648262619599345e-59,1.702350055539909e-58,6.043454375905165e-45,1.8669474294187273e-62,1.306918061462666e-74,3.00452834815417e-60,3.722765747477267e-67,2.876648989996281e-78,3.3308430688285363e-38,8.270408573640463e-40,1.0071213230147275e-37,7.936556722685545e-24,0.0,5.227663759877484e-69,3.3600112668580395e-87,1.4900200176139677e-27,4.1223192645306546e-50,4.758018737706006e-39,1.0224585170879873e-97,1.1998891376002661e-38,7.390749062255677e-18,2.252683824961214e-43,5.377449164827415e-35,3.5171130429165625e-45,1.5907144202701783e-42,9.849011371064014e-34,4.47177916805812e-65,2.3926038426181767e-94,7.793225664699329e-58,7.186968121003087e-43,0.1000000014901161,1.423843028951129e-18,3.725066240875962e-29,2.2497397033046e-43,5.308372519897719e-77,1.921397296913285e-76,1.421623385994945e-54,1.5908886177358542e-71,1.036256447936377e-35,2.523050819197342e-93,1.0367555362666643e-34,9.72475351224223e-34,2.266929505555143e-80,2.1274963819337765e-53,2.594137816977471e-70,2.2559999999995977e-06,4.0225885041625265e-19,6.18e-05,3.655114526955359e-21,1.3644714523375942e-47,1.331732521024348e-40,1.9355391421604763e-50,4.8394911837988294e-86,9.368529067274819e-44,6.200536732363568e-31,2.4463814501648187e-63,4.956663929227648e-41,-4.794921005565261e-137,5.883140059974867e-67,5.459479853294059e-52,6.145557002313005e-66,3.2298959188002362e-37,1.422807442890141e-42,1.5699652975075917e-92,1.862483070184834e-49,1.68953209207771e-37,0.00033399999999999993,5.0753606871550075e-20,3.573809469276643e-27,2.0738751159999153e-42,3.541649514124435e-81,1.297126991143985e-53,2.857643458521673e-57,2.814897497005022e-72,3.488909304650668e-58,1.012977454992496e-85,2.0164811690006043e-22,8.904525103267736e-30,5.345379974971907e-21,3.5099999999999948e-06,7.819183651662003e-61,6.64139082193694e-53,1.150554561669235e-20,1.7799999999999885e-06,5.93438521254441e-48,3.148387229074899e-43,9.698079469900437e-93,4.918752977065903e-64,0.0,0.0,1.5208075311970785e-35,9.315581995561335e-24,3.183642080854818e-52,1.1642064897140257e-24,1.7920816136697558e-71,3.655705960631644e-41,1.792081613669802e-71,5.846565320151306e-99,2.9102438762514907e-60,3.4924481274206835e-41,5.279694731378352e-28,1.2523281454459717e-37,1.364334219831735e-57,6.517156600773739e-51,1.989888668218135e-54,4.593952082242327e-46,5.6453478757584075e-37,1.8740894543210862e-65,1.393174747701253e-80
3.998855533972139e-08,1.0000000066256395e-10,0.00017699999999999934,2.7058802825876766e-38,5.781966776179317e-32,1.9879005743386053e-48,1.0045694314921692e-39,7.08737493149014e-62,1.161271371244383e-49,-1.3818799435506899e-112,-6.492052720371103e-94,-7.524274718024594e-105,8.779163151307729e-64,2.7285617787524227e-54,6.73205164186526e-80,4.656819721715601e-65,4.659876181409348e-59,9.443063084417026e-132,-8.615284857222911e-113,5.600903590314976e-92,-2.2384081868699702e-108,-6.435646783572173e-123,-1.8911280761263337e-108,6.308043107489332e-28,1.9458390923093596e-21,3.152697713161762e-28,1.2902269816310119e-20,-1.1428880003563158e-92,-2.9237953570786647e-89,4.140385297227261e-44,3.2541565132559654e-30,2.3346234319959856e-125,-2.2824745646893198e-118,-1.9990877965272685e-89,-6.4631315623916424e-80,-2.9237953570728137e-89,-1.8964687331625496e-78,2.2715397018313843e-59,6.063832460373006e-58,1.8689975988494763e-46,3.60653189896249e-23,3.3899999989312316e-08,7.567803572928983e-33,1.16868481425808e-26,1.836790813136908e-32,1.8329085240206208e-25,2.3351590365166827e-56,5.620860905854102e-47,2.6351919548589786e-34,0.0001823239000000212,0.5,9.697875078398314e-18,0.25,9.503062294197259e-18,2.1901694427446574e-27,9.558967205500815e-60,1.1779051970212487e-58,1.8275360907053832e-44,1.1881932340896288e-62,-1.4769754391943426e-72,2.1043109150414754e-60,2.369294207101607e-67,-3.856364338339093e-76,6.965323865217315e-38,2.5009653774946963e-39,2.1060512432624735e-37,1.1476929026534483e-23,0.0,3.327075268468144e-69,-4.504347810107999e-85,3.1158693978430078e-27,2.623593923692511e-50,9.94977571113912e-39,6.208150264924736e-98,2.7213051775098346e-38,1.0687645208970414e-17,4.713418627206467e-43,1.1245103484072357e-34,1.0635723580149895e-44,3.3264391964573685e-42,2.0595852921126155e-33,2.846002857382652e-65,-2.5364165854108066e-90,2.3566656158863167e-57,1.5029096368803813e-42,0.1000000014901161,2.0589968622031906e-18,7.789707363948155e-29,4.704564379202783e-43,3.3784401599127432e-77,-1.612369017081739e-74,9.047728302147505e-55,-2.1327058392742314e-69,2.1669774343653628e-35,-3.479401302693506e-91,2.1680211075001736e-34,1.629746818948805e-33,-3.0389895025115916e-78,6.433533172745723e-53,-3.477636838724311e-68,2.255999999999418e-06,5.817001551151533e-19,6.18e-05,5.2856032502949655e-21,2.853529319688617e-47,2.7850000891404087e-40,5.852686916139866e-50,2.9867115702746465e-86,1.3711002923394266e-43,1.2966310805378927e-30,-3.279542246421907e-61,1.4988914711867606e-40,-5.7796231855526926e-130,-7.886791754438634e-65,3.474611524552278e-52,-8.238581368111558e-64,6.754227281353432e-37,3.108124128534881e-42,7.335834995452414e-90,5.632134896856258e-49,3.5330809523778808e-37,0.00033399999999999993,7.339398736867828e-20,5.1680292944693435e-27,4.9093977979810465e-42,-2.8314838783221586e-80,3.9225023354390192e-53,8.641486792297944e-57,1.791487555506071e-72,1.0550435447857692e-57,-1.4521010456376014e-83,2.9160014940147145e-22,1.862078156223644e-29,7.729869354951728e-21,3.5099999999999927e-06,2.364190270598748e-60,2.0083516253562202e-52,1.663798736308269e-20,1.7799999999999834e-06,1.240974559263852e-47,6.5842094072861005e-43,-1.3920310699988666e-90,1.4874272235676423e-63,0.0,0.0,3.180250997246264e-35,1.3471115638985064e-23,9.62730988123721e-52,1.683540573287021e-24,1.1405459153374075e-71,7.644663961096054e-41,1.1405459153312103e-71,-6.810714653891419e-95,8.800555751981628e-60,7.303265921637684e-41,7.634882968124195e-28,2.618817800357306e-37,4.125736407375958e-57,1.970783289928054e-50,6.017408473989716e-54,9.62324967361191e-46,1.1805322398418493e-36,5.654989938646805e-65,5.248106832234196e-81
5.78268167869447e-08,1.0000000095812322e-10,0.00017699999999999904,3.912930649496858e-38,8.361210639190321e-32,4.1570170273841946e-48,2.1007148352404748e-39,2.0929172717331893e-61,3.511675510759394e-49,-2.827734130854886e-111,-1.3548788714371588e-92,-1.5761947153746282e-103,2.6548123219829744e-63,8.251150330798398e-54,-8.056300646151199e-78,-4.392278837940328e-63,1.4091430272852399e-58,2.0888150791331802e-130,-1.820491391386211e-111,-6.702652336587399e-90,-4.774457439965733e-107,-1.3323736137476146e-121,-3.966553526342496e-107,9.123669236948664e-28,2.8138471046987878e-21,4.559066256767004e-28,1.8657768112982184e-20,-2.3852496860534088e-91,-6.055317136280243e-88,1.2469213546784995e-43,6.804960051284396e-30,1.9881797568616333e-123,-4.6240104356427195e-117,-4.1408207786048135e-88,-1.3798872706298374e-78,-6.055317136264736e-88,-4.051363839207857e-77,-2.1424925593930327e-57,-5.719343528023048e-56,5.6518347883216895e-46,5.215366045686949e-23,3.389999998454471e-08,1.0945202199630937e-32,1.6900166081843868e-26,2.6589502131033636e-32,2.6505399989035952e-25,7.061463607298838e-56,1.1754118542494054e-46,3.810709381140994e-34,0.0001823239000000307,0.5,1.402394361753659e-17,0.25,1.374222792997909e-17,4.579993464471825e-27,-7.93993655744807e-58,-9.945176346073438e-57,5.52645549697505e-44,-1.1206914625783928e-60,-3.1702481985209294e-71,-1.7478975253557385e-58,-2.2347042744352015e-65,-8.238224419847763e-75,1.4565602625171683e-37,7.56290063954578e-39,4.404088899566885e-37,1.6596605364361105e-23,0.0,-3.138062738813832e-67,-9.622490219938407e-84,6.515779646690842e-27,-2.4745463733092234e-48,2.0806567220099442e-38,-6.1998861709311466e-96,6.332209983223254e-38,1.545523452962043e-17,9.864667361325197e-43,2.351530409421416e-34,3.216234872292227e-44,6.956119956339321e-42,4.306921187921258e-33,-2.684320224610396e-63,-5.2934306739747874e-89,7.126539075373634e-57,3.1428237285784266e-42,0.1000000014901161,2.9774827648561684e-18,1.628951994038948e-28,9.837994133634107e-43,-3.1865108331345815e-75,-3.4042507177374584e-73,-8.533722815263091e-53,-4.556029406576005e-68,4.5314952784875997e-35,-7.423889627116988e-90,4.533677765005593e-34,2.8240532878802564e-33,-6.492093416662822e-77,1.9454956279839773e-52,-7.429161308274859e-67,2.2559999999991586e-06,8.411873849657822e-19,6.18e-05,7.643427179385513e-21,5.967795527643617e-47,5.824287658754754e-40,1.7688906761098237e-49,-2.9244752896885775e-84,2.016886627281455e-43,2.711462299964529e-30,-7.005978818816459e-60,4.5326366223323066e-40,-1.237656370607142e-128,-1.684829407265371e-63,-3.2772173221976427e-50,-1.7599810668173735e-62,1.4124166014960645e-36,6.90119024905511e-42,1.7416208060978353e-88,1.7031533875953395e-48,7.388235520657013e-37,0.0003339999999999999,1.0613388315881012e-19,7.473405345111094e-27,1.1997854384054908e-41,-8.489218746698244e-79,1.1861617775689546e-52,2.6131643948098228e-56,-1.689730302676019e-70,3.190443186226198e-57,-3.096824154026259e-82,4.2167835950137675e-22,3.893902279444801e-29,1.1178041696640298e-20,3.5099999999999893e-06,7.140859887084328e-60,6.073240319997957e-52,2.4059930116870546e-20,1.779999999999976e-06,2.595075654888532e-47,1.376993121870388e-42,-2.9691604734978097e-89,4.497968719537862e-63,0.0,0.0,6.650411835787168e-35,1.9480367048434013e-23,2.9112913234342675e-51,2.4345413695256084e-24,-1.0757509984517322e-69,1.5986211063986556e-40,-1.0757509984530561e-69,-1.4213384687479333e-93,2.661281491957327e-59,1.5272293689885851e-40,1.1040683394856694e-27,5.4763655169039284e-37,1.2476193866204994e-56,5.959633961545857e-50,1.8196598297442864e-53,2.017383710500226e-45,2.468681115797778e-36,1.678297549710577e-64,-9.116194079564599e-79
8.362244425442554e-08,1.0000000138552679e-10,0.0001769999999999986,5.658427088141043e-38,1.2091014380531654e-31,8.69298535934687e-48,4.392929631684485e-39,6.299368362596063e-61,1.0619280260617267e-48,-1.1028090323695795e-110,-5.456893962928312e-92,-6.416650436924675e-103,8.028132602012046e-63,2.495141692056105e-53,-2.933763742352984e-77,-1.5949634397229805e-62,4.2612379625241536e-58,9.297996954696845e-130,-7.526229522507175e-111,-2.4408223382195395e-89,-1.86345023227392e-106,-5.28246539910543e-121,-1.5769666527041508e-106,1.3197165270389189e-27,4.069059748650014e-21,6.592793549528334e-28,2.698070307726509e-20,-9.606429973515747e-91,-2.401952310289888e-87,3.759957257381482e-43,1.423025632255173e-29,1.881364365601323e-122,-1.7704501549815236e-116,-1.6422644869891004e-87,-5.377152952316267e-78,-2.40195231028123e-87,-1.57770714690439e-76,-7.780009584496794e-57,-2.0768589028614988e-55,1.7091106199763654e-45,7.541894581893264e-23,3.389999997765035e-08,1.583086482567853e-32,2.4439062624730653e-26,3.850912893712067e-32,3.8329039307342395e-25,2.135378975126056e-55,2.4579742693161385e-46,5.510606537116444e-34,0.00018232390000004438,0.5,2.0279802843997258e-17,0.24999999999999997,1.987241823875127e-17,9.577496482230131e-27,-2.885250332494627e-57,-3.6135782238325076e-56,1.6711960158775723e-43,-4.0695545388135357e-60,-1.2342553017543673e-70,-6.35158968782358e-58,-8.114857486397777e-65,-3.2081802727075475e-74,3.0458997160754997e-37,2.2870155068036525e-38,9.209651995447971e-37,2.4000088262110216e-23,0.0,-1.1395212590848601e-66,-3.7472496164358455e-83,1.3625533993999447e-26,-8.985792931261108e-48,4.3509849070365385e-38,-2.253030451083824e-95,1.5181633487730843e-37,2.234956996389213e-17,2.0653260588169343e-42,4.91742496983181e-34,9.725870239625399e-44,1.4546371782307516e-41,9.006458819416723e-33,-9.747542405356469e-63,-2.131731760595788e-88,2.1550600860684434e-56,6.572145697225322e-42,0.1000000014901161,4.305690687420107e-18,3.406398308092162e-28,2.057281414505749e-42,-1.1571141682443652e-74,-1.3259415525836943e-72,-3.0988413464764545e-52,-1.7742371313094824e-67,9.47607904623063e-35,-2.8909852711689167e-89,9.48064297229306e-34,5.0610221788871024e-33,-2.5281911448073817e-76,5.8831642519597074e-52,-2.8931099145334807e-66,2.2559999999987833e-06,1.2164277599091908e-18,6.18e-05,1.105303903428703e-20,1.2481458916689283e-46,1.218074926185832e-39,5.34854878715921e-49,-1.0624832417312307e-83,2.9880440465863293e-43,5.670099933560658e-30,-2.7283115837086895e-59,1.3706659303332011e-39,-5.232762909349792e-128,-6.561166814209118e-63,-1.1900523090016695e-49,-6.853827051859563e-62,2.9535882834281574e-36,1.5645946163134744e-41,8.637657165335166e-88,5.1503231265376685e-48,1.5449978317500177e-36,0.0003339999999999998,1.534785281106977e-19,1.0807173155339174e-26,3.0325532568882803e-41,-3.2535991363517243e-78,3.586944358258233e-52,7.902180932567225e-56,-6.135899869016868e-70,9.647876009579487e-57,-1.2082597099008632e-81,6.097823997578194e-22,8.142770436358066e-29,1.616438912926612e-20,3.509999999999984e-06,2.1588944248689054e-59,1.836543337853916e-51,3.4792684030587615e-20,1.7799999999999652e-06,5.426716945770257e-47,2.879905163413657e-42,-1.1588505774138245e-88,1.3601823763150358e-62,0.0,0.0,1.3907071367481297e-34,2.817025036859972e-23,8.803723225361022e-51,3.5205517312155165e-24,-3.9063627269519573e-69,3.3429715872460158e-40,-3.906362726957113e-69,-5.724133271136728e-93,8.047695361764544e-59,3.193680189570806e-40,1.5965757481257885e-27,1.1451953347528206e-36,3.772791578162346e-56,1.8021888603228256e-49,5.5026377376865235e-53,4.2338174918028933e-45,5.162405774086303e-36,5.056466475740501e-64,-3.330585818887588e-78
1.2092509274456956e-07,1.0000000200358835e-10,0.00017699999999999796,8.182561880541865e-38,1.7484624573857673e-31,1.8178418347357417e-47,9.186316223657252e-39,1.9320237301089726e-60,3.211262660618552e-48,-2.5773295991124804e-110,-1.3671071606784723e-91,-1.6434164395558207e-102,2.4277013357241215e-62,7.545289906147024e-53,-4.480192170647256e-77,-2.3809024839694863e-62,1.2885952050388381e-57,2.787417651861147e-129,-1.986442389206375e-110,-3.727414635837284e-89,-4.335789273044788e-106,-1.2800128704665239e-120,-3.837755931318556e-106,1.909168061218584e-27,5.88420287944888e-21,9.533734405059973e-28,3.901636755646803e-20,-2.4064753358641363e-90,-5.826473600281678e-87,1.1347657889140844e-42,2.975773457378658e-29,1.0296240819313424e-121,-3.962379486510163e-116,-3.9821411684970218e-87,-1.2462580456353548e-77,-5.826473600247517e-87,-3.6506080626795426e-76,-1.161370648159573e-56,-3.100257066669023e-55,5.1683377495174866e-45,1.090629028690944e-22,3.389999996768053e-08,2.2899415404255677e-32,3.5340941575914724e-26,5.58097135874493e-32,5.542701694805907e-25,6.457391562314279e-55,5.140018156169281e-46,7.968800936195917e-34,0.0001823239000000642,0.5,2.93263018328643e-17,0.24999999999999994,2.8737189384913886e-17,2.002807199855542e-26,-4.2915159220912384e-57,-5.377460264595088e-56,5.0536842700115314e-43,-6.074878364061498e-60,-2.8522505234164496e-70,-9.447342561968538e-58,-1.211356117832112e-64,-7.4233097039314e-74,6.3694618884871615e-37,6.915917807835931e-38,1.9258850538633488e-36,3.4706147668560415e-23,0.0,-1.7010345946866788e-66,-8.670645685222006e-83,2.8493163776124053e-26,-1.3413654598686606e-47,9.09860308067138e-38,-3.383577485974983e-95,3.7613679518998075e-37,3.2319359279722574e-17,4.326385780911316e-42,1.0283119552646926e-33,2.941095896033599e-43,3.0418830780076177e-41,1.8833941213117082e-32,-1.4550765678500965e-62,-5.339289737704089e-88,6.516885688450987e-56,1.3743405141176004e-41,0.1000000014901161,6.226391136350301e-18,7.123321910937384e-28,4.3021034197565376e-42,-1.7272967042356476e-74,-3.0765911609522324e-72,-4.625834114969922e-52,-4.105352751131538e-67,1.9815991979467074e-34,-6.690171809621064e-89,1.9825535872877115e-33,9.362152205066516e-33,-5.849903765239362e-76,1.7790644763915733e-51,-6.694278084990451e-66,2.255999999998241e-06,1.759056925393432e-18,6.179999999999998e-05,1.598362475657814e-20,2.6106305944339862e-46,2.5475623968334476e-39,1.6179130101493986e-48,-1.5923794110303457e-83,4.47045597641416e-43,1.1857082893502765e-29,-6.31295629860304e-59,4.14488353505469e-39,-1.439521615365711e-127,-1.518168218074206e-62,-1.7764654461713725e-49,-1.5858859707065336e-61,6.176423966387445e-36,3.6390677080689563e-41,3.0045006310617758e-87,1.5574538673885372e-47,3.230836772064925e-36,0.00033399999999999977,2.2194286958496544e-19,1.5628082009573655e-26,7.924946955425472e-41,-6.935125192222649e-78,1.0846892953063747e-51,2.3896215645303917e-55,-9.159451750680852e-70,2.9175108323554465e-56,-2.8090747595153183e-81,8.817966743516975e-22,1.7027831109624913e-28,2.3375067208853872e-20,3.509999999999977e-06,6.533024438213361e-59,5.553693338911429e-51,5.0313149546654544e-20,1.7799999999999495e-06,1.1348130391350968e-46,6.02352931482996e-42,-2.6963595734185436e-88,4.113181401780808e-62,0.0,0.0,2.908190331568896e-34,4.07365530492313e-23,2.662239327134383e-50,5.091014121626802e-24,-5.831271742739897e-69,6.990686527898107e-40,-5.831271742751829e-69,-1.4338324378270823e-92,2.4336170658020815e-58,6.678494737546266e-40,2.3087829164113454e-27,2.3947860140664325e-36,1.1408894757268933e-55,5.449805651428267e-49,1.6639935426571896e-52,8.899390356959408e-45,1.0795413472202212e-35,1.5461865906514256e-63,-5.217787481884796e-78
1.7486786215901368e-07,1.0000000289735738e-10,0.00017699999999999707,1.18326732983192e-37,2.528423899355895e-31,3.801397113373652e-47,1.9210051829604893e-38,5.969591373442694e-60,9.710835430153372e-48,-3.460097843431403e-110,-2.308022428084609e-91,-2.9473028473179138e-102,7.341350860097703e-62,2.2816900620698207e-52,7.143906562300173e-77,4.2606230696277545e-62,3.8967024051203047e-57,6.908035293515119e-129,-3.839184502776391e-110,5.9435601760081384e-89,-5.701914556765356e-106,-1.9523121884271133e-120,-5.931052237798319e-106,2.7623795632529715e-27,8.509052621084723e-21,1.3786582447263264e-27,5.642095140175752e-20,-4.0617239532054005e-90,-8.917550656792592e-87,3.426833891584083e-42,6.222816699871316e-29,4.421944983982746e-121,-4.416657887749076e-116,-6.0870155205749785e-87,-1.6134295503150932e-77,-8.91755065667497e-87,-4.6943958714227305e-76,2.0782755888511707e-56,5.54791754199351e-55,1.5629014747371227e-44,1.5771572507255183e-22,3.3899999953263335e-08,3.3128393328721264e-32,5.110597616172119e-26,8.096123328708039e-32,8.01521317474568e-25,1.9527204694319466e-54,1.0748603759509513e-45,1.1523557010694119e-33,0.00018232390000009284,0.5,4.240830080446443e-17,0.24999999999999992,4.155639457851133e-17,4.188189143941531e-26,7.826808736286567e-57,9.782240545654467e-56,1.5282303482296536e-42,1.0871009582385032e-59,-3.647335933245238e-70,1.7229935701452437e-57,2.1677192403771042e-64,-9.545794528178445e-74,1.3319560238561338e-36,2.091368377488717e-37,4.027332674919086e-36,5.0188010676731455e-23,0.0,3.0440055090416213e-66,-1.1149770845666191e-82,5.958374785225107e-26,2.4003767702674786e-47,1.902662955281132e-37,5.878659477811749e-95,9.63963424470918e-37,4.673651375712394e-17,9.069720568167112e-42,2.1503642326846642e-33,8.89385201881866e-43,6.361077087292489e-41,3.938477360662283e-32,2.603863040662891e-62,-9.007766151658412e-88,1.9707014036517787e-55,2.873965340269635e-41,0.1000000014901161,9.003885647450066e-18,1.4896001712809014e-27,8.996384119913132e-42,3.091000970661491e-74,-4.006732298555082e-72,8.27794144634034e-52,-5.279161900425658e-67,4.143839833269936e-34,-8.608144997507779e-89,4.1458356124512106e-33,1.7811719595928314e-32,-7.522517793012677e-76,5.379877690459524e-51,-8.608316981314683e-66,2.255999999997456e-06,2.543744370816926e-18,6.179999999999998e-05,2.3113666707832075e-20,5.4609338257708265e-46,5.328488686575844e-39,4.894977527500988e-48,2.7945840446034313e-83,6.777470244272237e-43,2.4795050593470138e-29,-8.117967042126629e-59,1.2534096844156303e-38,-3.0486281014645725e-127,-1.9522453520392504e-62,3.1789892388846937e-49,-2.039325074808948e-61,1.2915887169042103e-35,8.720434806677099e-41,9.114146370944061e-87,4.709728864101811e-47,6.756194755114165e-36,0.00033399999999999966,3.209480697933557e-19,2.259952198709279e-26,2.136050105128415e-40,-5.600960724735869e-78,3.280092328536257e-51,7.226235079115652e-55,1.639076938987151e-69,8.822532526160796e-56,-3.6825015568614386e-81,1.2751522103728983e-21,3.560790943535795e-28,3.380231462191e-20,3.5099999999999664e-06,1.9777139304903113e-58,1.679432718201652e-50,7.275704901289351e-20,1.779999999999927e-06,2.3730750153934826e-46,1.2599754090251987e-41,-3.5459314503370965e-88,1.24382300917116e-61,0.0,0.0,6.081489611291414e-34,5.8908484382924e-23,8.050591835002123e-50,7.362034920865698e-24,1.0435074994042376e-68,1.4618639987490443e-39,1.0435074994027023e-68,-2.4195845294322477e-92,7.359239824267462e-58,1.3965798158866775e-39,3.3386944309754754e-27,5.007879336724262e-36,3.4500418170968336e-55,1.648017157223048e-48,5.0319040462686586e-52,1.8748551980809174e-44,2.257493059130048e-35,4.755969596475492e-63,7.205161658765545e-78
2.5287364699943266e-07,1.0000000418982263e-10,0.00017699999999999574,1.7111041749003074e-37,3.656313815327052e-31,7.949327490785956e-47,4.017128120171989e-38,1.8442226842418067e-59,2.936549727591033e-47,3.480303481644876e-110,-9.623530516246402e-92,-2.184158186541544e-102,2.220019063924633e-61,6.899813797840968e-52,8.516949058308674e-76,4.805212897771519e-61,1.1783599366207897e-56,1.5049223487703852e-128,-4.284361278354814e-110,7.085900176703764e-88,6.582206235218671e-106,3.3907777675719464e-121,5.603077685045876e-107,3.997899441777655e-27,1.2304806270422785e-20,1.9936558736488917e-27,8.158944452956332e-20,-1.6879577677776826e-90,1.3601944408612724e-87,1.0352913854469982e-41,1.3012901764584486e-28,1.66726655702106e-120,1.071578409692583e-115,9.757452490655825e-88,2.0437846770323286e-77,1.360194441241583e-87,6.175881450906561e-76,2.343917328753579e-55,6.257043158612856e-54,4.726202384762762e-44,2.280735336447576e-22,3.389999993241485e-08,4.7935535755203673e-32,7.390354315175545e-26,1.176114463246944e-31,1.1590672886763415e-24,5.90504305887463e-54,2.2477063268632748e-45,1.6664033641669802e-33,0.00018232390000013428,0.5,6.132597241844708e-17,0.24999999999999986,6.009404422514996e-17,8.758171182720708e-26,8.750923167846357e-56,1.095000403702531e-54,4.6213571573492285e-42,1.2260523986496492e-58,4.9481287752760596e-70,1.9264281074918906e-56,2.444796398631777e-63,1.255831348163065e-73,2.785332388428306e-36,6.324282346590277e-37,8.421794665926005e-36,7.257608766000765e-23,0.0,3.4330852565009137e-65,1.4668482264791434e-82,1.2459911560689209e-25,2.7071889334593685e-46,3.978771564247513e-37,6.722875498194197e-94,2.55226177027821e-36,6.758493257106857e-17,1.903444738811286e-41,4.4967544223050725e-33,2.6894942065009622e-42,1.330207052158248e-40,8.235984037394002e-32,2.9366844988496574e-61,-3.7210086709773054e-88,5.95938644487405e-55,6.00992038114381e-41,0.1000000014901161,1.302037648728212e-17,3.1149914282621867e-27,1.881287347623536e-41,3.486087940829229e-73,4.898253016698644e-72,9.336014149805624e-51,6.945191462900762e-67,8.665429710924249e-34,1.1286758458266178e-88,8.669603200093551e-33,3.469331260209486e-32,9.896518989628177e-76,1.6268709958668298e-50,1.1324981290425573e-65,2.255999999996322e-06,3.678468462648068e-18,6.179999999999997e-05,3.342430748850048e-20,1.1424790931383097e-45,1.1146135156256131e-38,1.480980364992274e-47,3.180736028728553e-82,1.0455547173738021e-42,5.185040362149832e-29,1.0679883851664443e-58,3.7903015215556285e-38,-4.688266088367979e-127,2.568346623925162e-62,3.5853223626925913e-48,2.6829074881253845e-61,2.700917914172703e-35,2.1594156896468315e-40,2.613492877626519e-86,1.4242184913299351e-46,1.4128280315018247e-35,0.0003339999999999995,4.641179222078857e-19,3.2680810982859415e-26,5.9147614095580485e-40,3.1675874290095254e-77,9.918974705693354e-51,2.185219541594906e-54,1.8485858650032903e-68,2.6679277250484073e-55,4.333799348012871e-81,1.8439774234964524e-21,7.446181524209245e-28,4.888099202409202e-20,3.5099999999999516e-06,5.987135174517792e-58,5.078591997858569e-50,1.0521281670420259e-19,1.7799999999998944e-06,4.962478288053396e-46,2.635896274197796e-41,4.093371656889619e-88,3.7613115675567364e-61,0.0,0.0,1.2717364296908512e-33,8.518662653650842e-23,2.4344929560591886e-49,1.0646122143670064e-23,1.1768868935137607e-67,3.0569906714347494e-39,1.176886893513962e-67,-1.002861667517746e-92,2.2254286243717248e-57,2.9204713322349345e-39,4.828033175245126e-27,1.047227405934632e-35,1.043290241655453e-54,4.983591570341828e-48,1.5216440257527857e-51,3.96250582415605e-44,4.7207778794550665e-35,1.4628468089708353e-62,9.2488273020457e-77
3.6567657748709683e-07,1.0000000605883615e-10,0.0001769999999999938,2.4744007044726142e-37,5.287337614233576e-31,1.6623311385945867e-46,8.40045541572418e-38,5.652862833562127e-59,8.880105119461692e-47,-1.1235317902982247e-106,-5.292329843359654e-89,-5.984709807249893e-99,6.713321154233255e-61,2.0864985573575612e-51,3.6987894602907585e-75,2.1375437494801365e-60,3.5633517253048793e-56,7.930488089979372e-125,-6.867727539640632e-106,3.077305033920016e-87,-2.138739949843973e-104,-6.399139582719042e-118,-1.2740651656886682e-103,5.788129001134683e-27,1.7793785516643392e-20,2.8829942220346738e-27,1.1798520392662623e-19,-9.306770685388768e-88,-2.2706270102513844e-84,3.1286627768483745e-41,2.721205210855143e-28,9.276195267665128e-117,-1.8239112890407597e-111,-1.7271839552941023e-84,-4.0915541796630563e-76,-2.2706270102058034e-84,-8.806148701691395e-75,1.0426650801415038e-54,2.783374792617086e-53,1.4292000711560091e-43,3.2982046996753465e-22,3.3899999902266175e-08,6.937965252538028e-32,1.0687074398388846e-25,1.7119416970197742e-31,1.6761088581150573e-24,1.7856866333473672e-53,4.700318082967385e-45,2.409759582822305e-33,0.00018232390000019416,0.5,8.868251786507335e-17,0.24999999999999983,8.690104582614505e-17,1.8314732169423418e-25,3.8887676859724984e-55,4.8666756177988826e-54,1.3974949527246305e-41,5.4539552550861226e-58,-6.804635723645425e-69,8.560732658902113e-56,1.0875394293580698e-62,-1.790681799970615e-72,5.8245740663157254e-36,1.9124582571408912e-36,1.7611315258996555e-35,1.0495113132691182e-22,0.0,1.5271690965886656e-64,-2.0915692699797156e-81,2.605566142570729e-25,1.2042623427353336e-45,8.32024564051492e-37,2.9724517616941382e-93,6.959439014786334e-36,9.773350089464973e-17,4.001034797195366e-41,9.403430368543807e-33,8.133010392066584e-42,2.7816883876355936e-40,1.7222755609590458e-31,1.3063508427113902e-60,-1.9801925538300873e-85,1.8021140334563875e-54,1.256770369195728e-40,0.10000000149011609,1.8828560302582166e-17,6.513943660337388e-27,3.9340717809434915e-41,1.5507466737044064e-72,-1.283361210482936e-69,4.1530201786848366e-50,-9.903102668388995e-66,1.8120794988239802e-33,-2.3884994422080174e-87,1.812952240955156e-32,6.885619054729354e-32,-1.411138188913328e-74,4.919645742420479e-50,-1.6148215729319638e-64,2.2559999999946807e-06,5.319375007147294e-18,6.179999999999996e-05,4.8334361877693393e-20,2.3906504875481253e-45,2.331867501035493e-38,4.47991925775619e-47,1.4092562354112335e-81,1.649063552474174e-42,1.0842745993797105e-28,-1.5228376239458463e-57,1.1461843489175104e-37,-4.591254094092939e-121,-3.6621888732239e-61,1.5948900532252623e-47,-3.825540185996985e-60,5.648049943160957e-35,5.531241214012874e-40,5.7912168657695e-84,4.306826082220827e-46,2.9544486487879023e-35,0.00033399999999999934,6.711535787778325e-19,4.725920342535659e-26,1.6747269121090118e-39,-4.444126924992027e-77,2.999490543778543e-50,6.608109859923987e-54,8.223215439941853e-68,8.0677944471179e-55,-1.3810017196798306e-79,2.6665465586809592e-21,1.5571152632049792e-27,7.068602869315432e-20,3.5099999999999295e-06,1.8117786296004109e-57,1.5357624276077341e-49,1.5214658853008784e-19,1.7799999999998479e-06,1.0377333563593919e-45,5.515365883775585e-41,-1.3300476331358256e-86,1.137417824072859e-60,0.0,0.0,2.6594036164112443e-33,1.2318703176196048e-22,7.361888513835437e-49,1.539518868220615e-23,5.235248078426849e-67,6.392654836322886e-39,5.235248078423974e-67,-5.322919998050872e-90,6.729679536156727e-57,6.107172025621592e-39,6.981742371993894e-27,2.1899194571235735e-35,3.154902235800063e-54,1.5070343681553326e-47,4.601440170644716e-51,8.412890445350295e-44,9.871899138892446e-35,4.471603041112332e-62,3.8948322677622627e-76
5.287991093946486e-07,1.0000000876158701e-10,0.00017699999999999105,3.578191782836497e-37,7.645935408059611e-31,3.4761995147609892e-46,1.7566691789089683e-37,1.3416010403225939e-58,2.685333907212409e-46,-1.8055520523759836e-104,-8.815602903256388e-87,-9.801169054282056e-97,2.0301027646652075e-60,6.309555227473821e-51,-6.678312264297725e-74,-2.668483063649441e-59,1.0775545327190373e-55,1.360127580593061e-122,-1.1315949200186137e-103,-5.556204302234149e-86,-4.744974820502005e-102,-1.0584459013122641e-115,-2.1485219349302242e-101,8.384404147500384e-27,2.5731311478034952e-20,4.169052356495398e-27,1.7061653527013458e-19,-1.550332559559881e-85,-3.7893185722533275e-82,9.45676473147822e-41,5.690473909109526e-28,2.3009339757659983e-114,-2.896992334056502e-109,-2.8725589090186245e-82,-1.0387723875616823e-73,-3.789318572162678e-82,-2.539134195794678e-72,-1.301641278480705e-53,-3.474706853017334e-52,4.321890383918596e-43,4.769626805123822e-22,3.389999985866866e-08,1.0045602898123458e-31,1.5454409145772415e-25,2.49899343956431e-31,2.4237944882347358e-24,5.3996114028094325e-53,9.829132044943351e-45,3.484715307572428e-33,0.00018232390000028079,0.5,1.2824238518707257e-16,0.24999999999999975,1.2566622629440956e-16,3.829902468396022e-25,-4.8415483355830364e-54,-6.061267337127549e-53,4.226014340187135e-41,-6.808603595291844e-57,-1.979969948539615e-66,-1.0658183797585445e-54,-1.3576743778551062e-61,-5.163189253280814e-70,1.2180112935507052e-35,5.783259585573071e-36,3.682806782031013e-35,1.5176816938656967e-22,0.0,-1.9064860049933e-63,-6.030757824894154e-79,5.4486541795672e-25,-1.5033758505985404e-44,1.7398960053801568e-36,-4.126724232088005e-92,1.945897687475934e-35,1.4133086812537337e-16,8.429181735494206e-41,1.9664071985541127e-32,2.459416295565839e-41,5.816994333940851e-40,3.6015527639775285e-31,-1.630821076248694e-59,-3.3009434823333654e-83,5.449578284043326e-54,2.628107822411285e-40,0.10000000149011608,2.7227682964025508e-17,1.362169461757291e-26,8.226771327293439e-41,-1.9359212893008806e-71,-2.1456920710049353e-67,-5.1845433172799584e-49,-2.85542608845047e-63,3.7893471184850414e-33,-5.890059791079891e-85,3.791172158425891e-32,1.3864880035685666e-31,-4.068826552262282e-72,1.4876972032723415e-49,-4.656120251028524e-62,2.2559999999923078e-06,7.692263982682047e-18,6.179999999999993e-05,6.989555546058023e-20,5.0039020440610317e-45,4.879430317094335e-38,1.3477226259868045e-46,-1.889020747489658e-80,2.671858529242852e-42,2.267391040806595e-28,-4.390896848888473e-55,3.4660529561621613e-37,-7.654493288338362e-119,-1.0559427233074453e-58,-1.991027340358434e-46,-1.1030429055025196e-57,1.1810972852244727e-34,1.4637749391602295e-39,1.053664034932922e-81,1.3023809943152777e-45,6.178223126387132e-35,0.000333999999999999,9.705445632200323e-19,6.834078599823462e-26,4.826194314151086e-39,-4.194335773593033e-74,9.070437031815786e-50,1.9981795645001355e-53,-1.0265906573955026e-66,2.4396905190484085e-54,-3.0682715117787136e-77,3.856050762340543e-21,3.2561762479606706e-27,1.0221794700784413e-19,3.5099999999998978e-06,5.417132064572766e-57,4.644134125623053e-49,2.200167729223736e-19,1.7799999999997799e-06,2.1700659871865328e-45,1.1543447850957606e-40,-2.9508235665383737e-84,3.4395422864811677e-60,0.0,0.0,5.561236927313468e-33,1.781388159078832e-22,2.226229620447213e-48,2.2262738614438063e-23,-6.535574010567747e-66,1.3368060365877028e-38,-6.535574010650678e-66,-8.872763565184507e-88,2.0350500966252165e-56,1.2771072993057947e-38,1.0096187181044521e-26,4.579470707271448e-35,9.540384554386903e-54,4.557260742120802e-47,1.3914720755046832e-50,1.7975711166418145e-43,2.0643714890367664e-34,1.1199098188567635e-61,-9.892908287743364e-75
7.646880202668737e-07,1.0000001266999224e-10,0.00017699999999998704,5.174366693621503e-37,1.105666654657913e-30,7.269287646802911e-46,3.6734753950705354e-37,3.5502521601729655e-58,8.120425206064577e-46,-8.540463550064748e-104,-4.291969266974506e-86,-4.813021163832228e-96,6.139014816632973e-60,1.908004675001598e-50,-3.162869944751178e-73,-1.2636315321867681e-58,3.258516353374624e-55,7.221385880471913e-122,-5.631450147139507e-103,-2.631436056896466e-85,-2.2729032306031672e-101,-5.066389255921256e-115,-1.0425389457774091e-100,1.2154420946928763e-26,3.720964205071637e-20,6.028800724114632e-27,2.4672587004624596e-19,-7.547934424525503e-85,-1.8199819526013861e-81,2.8588218689041347e-40,1.1899688111261317e-27,1.7933092591405684e-113,-1.3499351538326003e-108,-1.379196947950088e-81,-4.9420741054826915e-73,-1.8199819525416327e-81,-1.2029284019954515e-71,-6.16378263964802e-53,-1.6454101550475522e-51,1.3069364304837516e-42,6.897585458784506e-22,3.3899999795622986e-08,1.4553389341207556e-31,2.234837650710301e-25,3.66264961737184e-31,3.5050108454447745e-24,1.6327982771288498e-52,2.05543353080421e-44,5.0391919000721316e-33,0.00018232390000040604,0.5,1.8544928313206545e-16,0.24999999999999964,1.8172393974575166e-16,8.0089366166389005e-25,-2.29310071466616e-53,-2.8707216325958945e-52,1.2779435861290943e-40,-3.2241411926986775e-56,-9.380211897569504e-66,-5.048031577755867e-54,-6.42912139745233e-61,-2.4460885184648727e-69,2.5470557921063026e-35,1.7488533935204894e-35,7.701336097076003e-35,2.1946954685957026e-22,0.0,-9.027959956938986e-63,-2.857103768304955e-78,1.1394004498258594e-24,-7.119075064523495e-44,3.638399922028832e-36,-1.9542532773132177e-91,5.552656364844469e-35,2.043763304100744e-16,1.7815399828461848e-40,4.112070932407795e-32,7.437256548769562e-41,1.2164384840193474e-39,7.531420989011353e-31,-7.7225782589623695e-59,-1.6061009140240673e-82,1.6479482525736427e-53,5.4957943210657846e-40,0.10000000149011606,3.93735212717144e-17,2.8485134918269784e-26,1.7203490544365162e-40,-9.167347591646755e-71,-1.0138577532560814e-66,-2.455084870253318e-48,-1.352773376900252e-62,7.924128934087142e-33,-2.7887322374457417e-84,7.927945374514372e-32,2.8221397415850214e-31,-1.9276283363696645e-71,4.4987852397686154e-49,-2.2058618637023247e-61,2.2559999999888764e-06,1.1123661163153976e-17,6.17999999999999e-05,1.0107485611391171e-19,1.0478081233183704e-44,1.021311249027802e-37,4.065857176547946e-46,-8.945524022952271e-80,4.465861698161213e-42,4.741476127501991e-28,-2.0802108619625136e-54,1.0481318318088586e-36,-3.884894616867392e-118,-5.002585116375564e-58,-9.428296381134175e-46,-5.225724748755768e-57,2.46986271580945e-34,3.989667617872153e-39,6.177085661961717e-81,3.938390405861235e-45,1.2919649496014448e-34,0.0003339999999999986,1.4034891242966575e-18,9.882652893102811e-26,1.409632960489152e-38,-1.9870628821660056e-73,2.7428933888170355e-49,6.042331398884122e-53,-4.861309974587213e-66,7.377599715876342e-54,-1.4671130996967192e-76,5.5761739592873385e-21,6.809183623580173e-27,1.4781575487647268e-19,3.5099999999998525e-06,1.6296401281232876e-56,1.404382693425178e-48,3.1816277206614007e-19,1.7799999999996816e-06,4.537954242835189e-45,2.4169243740289137e-40,-1.4134819615466405e-83,1.0401149195836848e-59,0.0,0.0,1.1629432993357016e-32,2.5760372048197284e-22,6.73210179141528e-48,3.219379383967737e-23,-3.0948509617743685e-65,2.7954745309693726e-38,-3.0948509618136584e-65,-4.317128773660153e-87,6.153976337500329e-56,2.6706357694590985e-38,1.4599936588910017e-26,9.576403321406759e-35,2.885002926740334e-53,1.3781122545311246e-46,4.2078011712799358e-50,3.874831543493442e-43,4.316929888080137e-34,3.066564426210458e-61,-4.685722487218423e-74
1.1058032397389417e-06,1.0000001832187517e-10,0.00017699999999998126,7.4825701865309045e-37,1.5988871286678387e-30,1.5201240203168475e-45,7.68182295750785e-37,1.2291603955430883e-57,2.4556118931677368e-45,-2.214762756405559e-103,-1.1805667052019406e-85,-1.3468202774153619e-95,1.8564337000721156e-59,5.769792240576195e-50,-6.676153462127033e-73,-2.41921286933507e-58,9.85373067777636e-55,2.31195583148259e-121,-1.6159353395930712e-102,-5.55440980399722e-85,-6.019904578851094e-101,-1.3465553477697481e-114,-2.848021912382523e-100,1.7638772048617395e-26,5.3808274054591773e-20,8.71815352084264e-27,3.5678637363426844e-19,-2.076151407084475e-84,-4.870508600357856e-81,8.64318073880296e-40,2.4884144856181923e-27,8.579897128786642e-113,-3.387439958006922e-108,-3.688562776867229e-81,-1.2877649012309748e-72,-4.870508600108796e-81,-3.101094025951613e-71,-1.1800487874696756e-52,-3.150117983640407e-51,3.952165989333392e-42,9.975124106370574e-22,3.3899999704453634e-08,2.1101055007315197e-31,3.2317633686938476e-25,5.398746382012254e-31,5.068540711828611e-24,4.937693145098525e-52,4.2982552890361133e-44,7.287096178323772e-33,0.00018232390000058718,0.5,2.681752728010812e-16,0.24999999999999944,2.6278811104269097e-16,1.6747963220713372e-24,-4.389256219921804e-53,-5.4950338268564324e-52,3.864491845491634e-40,-6.172579588962508e-56,-2.4179414665873093e-65,-9.662507983827892e-54,-1.2308514607176482e-60,-6.305903573958746e-69,5.326299716962929e-35,5.288519562061373e-35,1.610472152896747e-34,3.1737143684757345e-22,0.0,-1.7283921105784602e-62,-7.365481959841441e-78,2.3826679782601956e-24,-1.3629383542032803e-43,7.608474269784057e-36,-3.8667259416327917e-91,1.6097504113961124e-34,2.9554537478829955e-16,3.7825278150177455e-40,8.598995849777369e-32,2.2490208157609776e-40,2.5438037903916645e-39,1.5749401941793332e-30,-1.4784783396880253e-58,-4.412298837673832e-82,4.983383672948726e-53,1.1492587780973626e-39,0.10000000149011605,5.693742575827725e-17,5.956695789887287e-26,3.59752418679857e-40,-1.7550781671788004e-70,-2.620997466427029e-66,-4.700230449687661e-48,-3.4873874682324358e-62,1.6570616895321544e-32,-7.193915437090843e-84,1.657859765334144e-31,5.789866338234019e-31,-4.969337092627338e-71,1.3604292953247064e-48,-5.686610296368004e-61,2.255999999983914e-06,1.6085750300717433e-17,6.179999999999986e-05,1.461627490920124e-19,2.1954050215701888e-44,2.1385810467490885e-37,1.2324734571131024e-45,-1.751696010241358e-79,7.722516354429489e-42,9.915182446303939e-28,-5.362687819229543e-54,3.169542814237207e-36,-1.1548104303910467e-117,-1.289643408838002e-57,-1.8050360111679736e-45,-1.3471677784616995e-56,5.164876688192651e-34,1.1151354927858035e-38,2.267240820899563e-80,1.190966316566751e-44,2.70170467569042e-34,0.0003339999999999979,2.029563396370676e-18,1.4291147942090235e-25,4.158570157025813e-38,-5.084577553332925e-73,8.29448911535949e-49,1.8272421480352565e-52,-9.306984791036814e-66,2.2309825471390843e-53,-3.87107753276263e-76,8.063616881783888e-21,1.423908844030862e-26,2.1375402294105147e-19,3.5099999999997864e-06,4.954103734512431e-56,4.24684277286353e-48,4.600901476016823e-19,1.7799999999995395e-06,9.489586701819766e-45,5.0632624860543036e-40,-3.743681700384905e-83,3.1453000531679043e-59,0.0,0.0,2.431899836307316e-32,3.725166598808648e-22,2.0357825415564233e-47,4.655493556158349e-23,-5.9250549577747226e-65,5.84578288123883e-38,-5.925054957876013e-65,-1.186014991522277e-86,1.860957836437043e-55,5.584727594732289e-38,2.111273746564215e-26,2.002578604865196e-34,8.724234179688236e-53,4.167401139075774e-46,1.2724359304976827e-49,8.453140693561082e-43,9.027388605138722e-34,1.0255762819098063e-60,-1.0486385494715668e-73
1.5990845581579638e-06,1.000000264949736e-10,0.00017699999999997291,1.0820427185321059e-36,2.3121255393558276e-30,3.178821925966899e-45,1.6063917284582855e-36,4.6440713258274943e-57,7.425760219960813e-45,-3.542866403446006e-103,-2.2325045953148438e-85,-2.6575164250802375e-95,5.613842922287635e-59,1.7447810742237857e-49,-1.9394712508361563e-73,1.0395288977542727e-58,2.979761726985731e-54,5.937650326139834e-121,-3.3779843045253723e-102,-1.6136073503103533e-85,-1.0249175008872617e-100,-2.3203576767483113e-114,-5.29094256759125e-100,2.5637755177703155e-26,7.781129276925053e-20,1.260718428540646e-26,5.159431244038132e-19,-3.926024742329429e-84,-8.558065882542471e-81,2.613299245752717e-39,5.203671380798344e-27,3.3755671065763853e-112,-4.841411693056345e-108,-6.469806989220526e-81,-2.0850895146327527e-72,-8.55806588166432e-81,-4.848226995159337e-71,5.070842727686346e-53,1.3536519572589802e-51,1.1951320337088342e-41,1.4426196881184882e-21,3.389999957261508e-08,3.0630230872520456e-31,4.673401891952857e-25,8.020855945597115e-31,7.329536518639562e-24,1.4932282289671343e-51,8.988385717349796e-44,1.0537755570912604e-32,0.0001823239000008491,0.5,3.878040172588527e-16,0.2499999999999992,3.800137244440026e-16,3.5022660954164436e-24,1.8942002906488637e-53,2.3700347343714364e-52,1.1686194386698781e-39,2.6524481618777934e-56,-3.7788458384254577e-65,4.1698923634192183e-54,5.2888482748678695e-61,-9.858602132413848e-69,1.1138141835293205e-34,1.5992443421485084e-34,3.3677540129370073e-34,4.589458097000834e-22,0.0,7.42715334710162e-63,-1.1515138976941372e-77,4.982538569012172e-24,5.856747670953374e-44,1.5910532632987796e-35,6.909768457228861e-92,4.722812132317025e-34,4.2738348542915554e-16,8.082368383415127e-40,1.798187111860882e-31,6.801022087199169e-40,5.319611132260329e-39,3.293451020255887e-30,6.3532381280123145e-59,-8.317312172165502e-82,1.5069717775160833e-52,2.4032850476204807e-39,0.10000000149011602,8.233630996850105e-17,1.2456400413484487e-25,7.522996759766212e-40,7.541791526635771e-71,-4.149508580669434e-66,2.0197584624024936e-48,-5.452155233237769e-62,3.4651801693350983e-32,-1.1280160486622208e-83,3.4668490648010516e-31,1.1946038077738912e-30,-7.769024147187887e-71,4.113928019455599e-48,-8.89040357090492e-61,2.255999999976739e-06,2.326134884385153e-17,6.17999999999998e-05,2.1136363715360157e-19,4.603857962838044e-44,4.480751654759981e-37,3.744638266790336e-45,4.500310143505137e-80,1.3828393472273715e-41,2.0734227098756323e-27,-8.383985714273315e-54,9.58467369215385e-36,-2.5985290528218305e-117,-2.0162187854733435e-57,7.756505541555775e-46,-2.1061519501908018e-56,1.0800580547846437e-33,3.1811611205663766e-38,7.018804835055254e-80,3.6014732404276823e-44,5.649695183801136e-34,0.000333999999999997,2.934919482202423e-18,2.0666202896302893e-25,1.2357692035846844e-37,-7.730761925801034e-73,2.508247308457477e-48,5.525838632405329e-52,3.998842952175522e-66,6.746485898844933e-53,-6.517408906373647e-76,1.1660668711359956e-20,2.977620380323444e-26,3.0910630846940635e-19,3.5099999999996907e-06,1.513662096215214e-55,1.2842420801862507e-47,6.653290783995355e-19,1.7799999999993341e-06,1.9844241457384067e-44,1.0615572033637437e-39,-6.3737961914377776e-83,9.511365684282781e-59,0.0,0.0,5.085490252415963e-32,5.38690440105036e-22,6.15619112558012e-47,6.732235521591661e-23,2.5460834764566293e-65,1.2224463882106443e-37,2.546083476298263e-65,-2.23571418038497e-86,5.627522525411146e-55,1.1678563116749235e-37,3.05307960396367e-26,4.1877111225260386e-34,2.6382059968145233e-52,1.2602189758983102e-45,3.847836742476148e-49,1.8736018801057947e-42,1.8877708725936276e-33,3.686851852118686e-60,-7.231443818624086e-74
2.312410863204668e-06,1.0000003831396183e-10,0.00017699999999996085,1.5647250333569833e-36,3.343528505314669e-30,6.647424205048002e-45,3.359221449331108e-36,1.7076165059375806e-56,2.2455470250018816e-44,2.5420423466715295e-104,-1.9439392629563818e-85,-2.8868939927719024e-95,1.697622329173583e-58,5.276205623774737e-49,5.452738595069849e-72,3.0473293959128686e-57,9.010780247420825e-54,1.3273302000802305e-120,-4.60920493481123e-102,4.536549456126878e-84,-3.03292177114366e-101,-8.506313740377175e-115,-4.116035982084747e-100,3.7347470198356276e-26,1.1252167761954505e-19,1.8231050653035964e-26,7.460971798332631e-19,-3.418194165612037e-84,-4.0756993031549545e-81,7.901777323523475e-39,1.0881706387570639e-26,1.2011874944184374e-111,3.8791459061771134e-108,-3.0176322548741917e-81,2.1666917662742075e-75,-4.0756993002830644e-81,1.0540779571493517e-71,1.4864455051900663e-51,3.9680382765922554e-50,3.614070311941216e-41,2.0864271632007203e-21,3.389999938196543e-08,4.4537155044966745e-31,6.758132590246992e-25,1.204595255077302e-30,1.0599126802132532e-23,4.515751460908839e-51,1.87962946656902e-43,1.523848392404418e-32,0.00018232390000122786,0.49999999999999994,5.607972517224902e-16,0.24999999999999883,5.495318253307141e-16,7.323796703858216e-24,5.5339972532540656e-52,6.927306237428292e-51,3.533896424450601e-39,7.775274555679534e-55,8.301456051225721e-66,1.2182540801435532e-52,1.550420456143626e-59,2.1434088871582872e-69,2.329163023774186e-34,4.8361028690484385e-34,7.042510525279666e-34,6.636742682844029e-22,0.0,2.1771647355539323e-61,2.5035651241070206e-78,1.0419282404749571e-23,1.7168219921355507e-42,3.327146015691524e-35,4.273836206913261e-90,1.3978402709795821e-33,6.180324877649785e-16,1.7423158611871498e-39,3.7602958999245377e-31,2.0566239791955885e-39,1.112449323124614e-38,6.88713111469866e-30,1.862361534847465e-57,-7.104814880573846e-82,4.557072305335214e-52,5.02565738948302e-39,0.10000000149011598,1.190652343154671e-16,2.604831875388776e-25,1.5731786045458515e-39,2.2107775634599654e-69,5.6335658215136196e-67,5.920633840988256e-47,1.1853811887845423e-62,7.246244174077086e-32,2.2352720784911526e-84,7.249734075556468e-31,2.47475340172535e-30,1.6891032197405857e-71,1.2440487575302877e-47,1.9329086475819248e-61,2.2559999999663623e-06,3.363786829458033e-17,6.17999999999997e-05,3.0564960881443865e-19,9.666459071925402e-44,9.396086529655983e-37,1.138148361782508e-44,2.0203757364664843e-78,2.5612586576328176e-41,4.3358574072930205e-27,1.8228051142617463e-54,2.898398131299279e-35,-4.409317809416154e-117,4.383564073267642e-58,2.273709163185526e-44,4.579092430839903e-57,2.258573577121637e-33,9.220395394007262e-38,2.024751001918951e-79,1.0890828160991394e-43,1.1814413303274864e-33,0.00033399999999999565,4.244140569583483e-18,2.9885069058805544e-25,3.6914128254983153e-37,3.071494160451041e-73,7.584921110367991e-48,1.6710984538992067e-51,1.1723209622720577e-64,2.0401360059072317e-52,-1.507072417133654e-76,1.686230841437534e-20,6.22667886881642e-26,4.46993738976027e-19,3.509999999999553e-06,4.6281497543431166e-55,3.8835384505686534e-47,9.621218469259665e-19,1.7799999999990372e-06,4.149748101218545e-44,2.228196180636169e-39,-1.88612112576017e-83,2.8762304729333274e-58,0.0,0.0,1.0634570846756886e-31,7.78991708334467e-22,1.8616275737503237e-46,9.735379193574073e-23,7.4634809445073e-64,2.5563302619660155e-37,7.463480944510737e-64,-1.910006937259211e-86,1.7017585846970287e-54,2.4421759639562894e-37,4.415010214017836e-26,8.757171585362339e-34,7.977928630465186e-52,3.810892718261542e-45,1.1635829544577332e-48,4.238287601037955e-42,3.947629843591992e-33,1.3064228678252921e-59,5.991138690878898e-73
3.34394073971087e-06,1.000000554052136e-10,0.0001769999999999434,2.2627244940927452e-36,4.835024407661947e-30,1.3900826133017868e-44,7.024668343823099e-36,5.978502837855114e-56,6.790524633949232e-44,3.0946934765441346e-102,7.511691177823778e-85,5.6768735297633705e-95,5.133598383733282e-58,1.5955208245244404e-48,3.2790236161973914e-71,1.655719470858579e-56,2.7248540337700106e-53,2.619570726990175e-120,1.8615449016202682e-102,2.7280711382627587e-83,6.807813893982399e-100,1.447309152214811e-113,2.0600823389475994e-99,5.457871934440893e-26,1.6271581457358078e-19,2.6363635921390916e-26,1.0789193111999037e-18,1.3211958446986168e-83,4.803399548951511e-80,2.38932006650313e-38,2.275538269247958e-26,4.034009703762928e-111,6.241410903737792e-107,3.667514784598283e-80,1.7380201268225426e-71,4.8033995498568004e-80,4.6394356762484294e-70,8.076359011361432e-51,2.1559688214391077e-49,1.0928921545776179e-40,3.01772994411368e-21,3.389999910626999e-08,6.491317679386812e-31,9.772828759952796e-25,1.835446001188298e-30,1.5327229637261052e-23,1.3656244653746318e-50,3.930649377699703e-43,2.2036135446602858e-32,0.0001823239000017756,0.4999999999999999,8.109600314623456e-16,0.2499999999999983,7.94669261471901e-16,1.5315226362698762e-23,3.0062921012375036e-51,3.7632813341532426e-50,1.0686476313870249e-38,4.224568498083615e-54,3.621006205903908e-64,6.618051014808954e-52,8.423976268360584e-59,9.434036225288613e-68,4.870651201543305e-34,1.4624338749655722e-33,1.4727012210969356e-33,9.597288497232878e-22,0.0,1.1829269269868552e-60,1.1019233508294675e-76,2.178838036345831e-23,9.328071938995437e-42,6.957592719250989e-35,2.3859814496437732e-89,4.163624067986519e-33,8.937269870661697e-16,3.801203114605771e-39,7.863378136118921e-31,6.219215498066147e-39,2.3264111827359736e-38,1.4402089070283973e-29,1.0118837406006841e-56,2.8768392473668735e-81,1.3780555048799346e-51,1.0509466583253302e-38,0.10000000149011591,1.7217835032951686e-16,5.447118618125588e-25,3.289767410115992e-39,1.2011901433721232e-68,3.776111449325701e-65,3.2168797189494457e-46,5.217355493292098e-61,1.515305182253005e-31,1.0669557878727817e-82,1.5160349687295636e-30,5.141332604947531e-30,7.434447089074446e-70,3.761994143536648e-47,8.507534067826792e-60,2.2559999999513567e-06,4.864318879348519e-17,6.179999999999956e-05,4.419950590513283e-19,2.0332218457533984e-43,1.9727703041391235e-36,3.4572599887720774e-44,1.1176544867991833e-77,4.89357979681445e-41,9.066968985068255e-27,8.022924993892586e-53,8.764734209038051e-35,-3.489303785053913e-117,1.9293892673164717e-56,1.2353827518965502e-43,2.0154494176828324e-55,4.723037415135872e-33,2.704717242097793e-37,5.693410171103218e-79,3.293378296729916e-43,2.4705821661148253e-33,0.0003339999999999937,6.137384425496538e-18,4.321632571978002e-25,1.1067564989882108e-36,8.192954135053895e-72,2.293674474368471e-47,5.0536282832372374e-51,6.369647805834305e-64,6.169366008797125e-52,4.569303117660272e-75,2.4384317237677055e-20,1.3020978050453615e-25,6.463905692288964e-19,3.5099999999993536e-06,1.4132089523924356e-54,1.174379124789761e-46,1.3913091707278786e-18,1.7799999999986078e-06,8.677787416821755e-44,4.68464533410361e-39,4.233671576837505e-82,8.697701064334558e-58,0.0,0.0,2.223858299661062e-31,1.1264875584591327e-21,5.629547812901597e-46,1.407817770057383e-22,4.055160510666478e-63,5.345694051135092e-37,4.055160510681629e-63,7.731789212681679e-86,5.146105186116512e-54,5.106986034026741e-37,6.384476654085692e-26,1.8312641917393855e-33,2.412523259414247e-51,1.152411097678095e-44,3.51866615694821e-48,9.831481683730582e-42,8.255123333013089e-33,4.465132395384094e-59,4.0274728889234107e-72
4.835619763177152e-06,1.0000008012060222e-10,0.0001769999999999181,3.2720908986257467e-36,6.9918538616747e-30,2.9068850289095155e-44,1.4689703690729006e-35,-2.8602972167955457e-56,2.0534310769610806e-43,-1.2010994960389966e-97,-6.991154598888174e-81,-5.523567264458418e-90,1.5523871657868978e-57,4.82483831991437e-48,-1.3611991982891912e-69,-1.3864234704516285e-55,8.239917283793454e-53,1.1944148006238346e-114,-6.364435881870189e-96,-1.1324960718255895e-81,-1.2578920101051603e-96,-1.87280359849033e-109,-2.9636676560291824e-95,8.011975415624102e-26,2.353007591627865e-19,3.812404113338684e-26,1.5602081169138282e-18,-1.2293496803232619e-79,-2.1434729179518888e-76,7.224927863255048e-38,4.758513247724349e-26,1.2440901356635595e-105,-1.646380556164694e-101,-3.3044203295209604e-76,-1.570134930339946e-68,-2.1434729174704556e-76,-1.4356684618650506e-67,-6.762305311589353e-50,-1.8051845395590842e-48,3.304897947266132e-40,4.365105738868745e-21,3.3899998707591186e-08,9.493369433793696e-31,1.4132333396953164e-24,2.8497325622591062e-30,2.2164464480221626e-23,4.1279778396040107e-50,8.219749069073384e-43,3.1866117335925267e-32,0.00018232390000256764,0.5,1.1727164712652466e-15,0.2499999999999976,1.1491586148308861e-15,3.2026579550196977e-23,-2.5164206839698594e-50,-3.150184309733527e-49,3.2315826768354736e-38,-3.537215071496932e-53,-1.1191255586305864e-61,-5.539647856087307e-51,-7.054044166349526e-58,-2.919353837042999e-65,1.0185308149238227e-33,4.422389668059838e-33,3.0796530259377786e-33,1.3878486901436033e-21,0.0,-9.904605507815098e-60,-3.4098904877082877e-74,4.556297626303017e-23,-7.8103561556785e-41,1.4549435510601005e-34,-4.1969126413563375e-88,1.2458117407325015e-32,1.292404428018097e-15,8.425935089763592e-39,1.6443577084435744e-30,1.8806862711227695e-38,4.865205998466391e-38,3.011706410492177e-29,-8.47246522071599e-56,-1.863092140572948e-77,4.167223074480718e-51,2.1977017769406829e-38,0.10000000149011586,2.489843865224737e-16,1.1390793117163651e-24,6.879428517400383e-39,-1.0057605272068417e-67,-1.2169070273289906e-61,-2.693480283479118e-45,-1.614505040692519e-58,3.168744722594958e-31,-1.0348459505460175e-79,3.170270799601736e-30,1.0702509970491452e-29,-2.300582324474221e-67,1.1376242446943704e-46,-2.632646955709681e-57,2.2559999999296582e-06,7.034214520594345e-17,6.179999999999937e-05,6.39162054652454e-19,4.287507333189173e-43,4.1492631828227096e-36,1.0056155454679675e-43,-1.6199918682019602e-76,9.559316328429166e-41,1.8960477367812045e-26,-2.482685947011815e-50,2.650449329508668e-34,-4.289807546078136e-109,-5.970477610644556e-54,-1.0343811403444135e-42,-6.236787397375846e-53,9.876624189134488e-33,8.004384733984128e-37,5.745202252490221e-75,9.95915155043925e-43,5.1663811648488926e-33,0.000333999999999991,8.875174326762721e-18,6.249444545174015e-25,3.326907556852944e-36,-2.30947828987446e-69,6.936054626838255e-47,1.5275990052948042e-50,-5.334424458787589e-63,1.8655860554343252e-51,-8.104496207623193e-72,3.5261775110221094e-20,2.722894053151163e-25,9.34735168651891e-19,3.5099999999990643e-06,3.922454227471976e-54,3.551313774568088e-46,2.011950164864376e-18,1.7799999999979865e-06,1.8146644710262704e-43,9.872338888570006e-39,-7.822570877519552e-79,2.6301738353470184e-57,0.0,0.0,4.650442228314094e-31,1.6289957860527997e-21,1.702371232170418e-45,2.035822984232957e-22,-3.3953697636664744e-62,1.117869829589618e-36,-3.3953697641353557e-62,-5.008430262436733e-82,1.5561785368193486e-53,1.0679542396576223e-36,9.232491199581868e-26,3.829465383151658e-33,7.295359826329911e-51,3.484882930675652e-44,1.0640420405537374e-47,2.348807352314057e-41,1.7262778911948974e-32,2.786594687495158e-60,-2.989838584915122e-70
6.992713183084506e-06,1.000001158611344e-10,0.00017699999999988157,4.7317205920068686e-36,1.0110812555536617e-29,6.078762027301204e-44,3.0718519227853364e-35,-6.829664021054426e-55,6.20950753957184e-43,-7.357058036848219e-97,-4.4271953591217954e-80,-3.512063879499401e-89,4.694379206195697e-57,1.4590261545758996e-47,-8.597240850009484e-69,-9.568131240119331e-55,2.4917388607752736e-52,8.104279861187592e-114,-4.0939977613463654e-95,-7.152767001644011e-81,-7.916815420855881e-96,-1.1573172921005043e-108,-1.87730400513223e-94,1.1835744710066717e-25,3.402646937889111e-19,5.513058197152171e-26,2.2561922197733102e-18,-7.784937318361853e-79,-1.3373299964904052e-75,2.1847379218889518e-37,9.950809680097124e-26,1.210214100016238e-104,-1.0006591702914613e-100,-2.0584342112958546e-75,-9.823275001528773e-68,-1.337329996087577e-75,-8.883716860403513e-67,-4.666907391269578e-49,-1.245822059616055e-47,9.993987376968058e-40,6.314849476686983e-21,3.3899998131068083e-08,1.3950664020415638e-30,2.043654452311381e-24,4.5298232864880755e-30,3.205168193282557e-23,1.2478244504930211e-49,1.7189212703129882e-42,4.608111048023719e-32,0.00018232390000371302,0.49999999999999994,1.6958467411156553e-15,0.24999999999999656,1.6617800312580286e-15,6.697268250342253e-23,-1.7367471827759086e-49,-2.1741362416796718e-48,9.772282508642766e-38,-2.4411579477780936e-52,-6.925021021150896e-61,-3.823274829288875e-50,-4.868196867300106e-57,-1.806455581209542e-64,2.129910309761467e-33,1.3373274901339103e-32,6.44004541699383e-33,2.0069460077718892e-21,0.0,-6.835520332623279e-59,-2.109992844624073e-73,9.527944522775404e-23,-5.390204825138558e-40,3.0425188977930733e-34,-2.7352597585376657e-87,3.7395860925252725e-32,1.8689255432095455e-15,1.9062458509304223e-38,3.4386140568889205e-30,5.68718166348421e-38,1.0174856776272332e-37,6.297958191521858e-29,-5.847149538670632e-55,-1.175412419403352e-76,1.2601632919073185e-50,4.5957592020452017e-38,0.10000000149011574,3.6005237948511953e-16,2.381996343415899e-24,1.438598294348199e-38,-6.941104882927895e-67,-7.487278633994546e-61,-1.8588666171876307e-44,-9.990332722622495e-58,6.626350424034957e-31,-6.376084529413639e-79,6.629541625218991e-30,2.2310033315127866e-29,-1.423568367068922e-66,3.440167291860861e-46,-1.6290453298132082e-56,2.2559999998982795e-06,1.0172066254069447e-16,6.179999999999909e-05,9.242821225686182e-19,9.07386686217324e-43,8.7490018145128e-36,2.9274376424668806e-43,-1.0678416701901396e-75,1.903800519282505e-40,3.96493801278005e-26,-1.5362515605323158e-49,8.014939691710293e-34,-2.8075754790931396e-108,-3.694448561216883e-53,-7.138632291142687e-42,-3.8592373658021816e-52,2.0653595726465057e-32,2.3839958314527125e-36,4.2895241396060784e-74,3.0116400415611905e-42,1.0803726622289114e-32,0.00033399999999998703,1.2834248822234665e-17,9.037223030173453e-25,1.0018896664778885e-35,-1.4295211603803258e-68,2.09745778079154e-46,4.617697767449658e-50,-3.6813922799446056e-62,5.641445318483954e-51,-5.084620843423981e-71,5.099149473007365e-20,5.694005433182833e-25,1.3517057288708752e-18,3.5099999999986467e-06,1.0861399144885502e-53,1.0739146536825645e-45,2.909449280602627e-18,1.7799999999970882e-06,3.7947550628180015e-43,2.0874453857404648e-38,-4.923303664166788e-78,7.953613182426702e-57,0.0,0.0,9.724816058214437e-31,2.355664936983371e-21,5.147958399030849e-45,2.9439713767856174e-22,-2.34326550251517e-61,2.3376439705942216e-36,-2.3432655028053074e-61,-3.1597860282058543e-81,4.7058727628264565e-53,2.2332687497949713e-36,1.3350960585981452e-25,8.00802266152113e-33,2.2060850159501497e-50,1.0538261032762164e-43,3.2176552483181287e-47,5.797421148504782e-41,3.609922269720813e-32,-3.682644007416252e-58,-1.86886751693981e-69
1.0112051826993984e-05,1.0000016754495216e-10,0.00017699999999982872,6.842469917409648e-36,1.4621093053135833e-29,1.2711666945961014e-43,6.423734193825839e-35,-1.349716015565454e-54,1.8777567657869725e-42,-2.1118431524746106e-96,-1.3564439617206473e-79,-1.0847987685442374e-88,1.4195781491450738e-56,4.412085811532569e-47,-2.39242143821235e-68,-2.248508498611023e-54,7.535006871847925e-52,2.795676891227653e-113,-1.2917292795558364e-94,-1.990457751056364e-80,-2.3929656983465773e-95,-3.3817557583374903e-108,-5.756242052822255e-94,1.763775828897598e-25,4.920513682757886e-19,7.972348202931858e-26,3.2626437716291217e-18,-2.385217951079731e-78,-3.9801110588390213e-75,6.6064742101219124e-37,2.0808729019922817e-25,6.141522785172569e-104,-2.826312444447335e-100,-6.11079299776859e-75,-2.928058922306412e-67,-3.9801110570396854e-75,-2.5659554750102617e-66,-1.0967061058722309e-48,-2.9276360670566646e-47,3.0221742405644796e-39,9.137113672862127e-21,3.389999729736717e-08,2.063901870822513e-30,2.955296544898876e-24,7.405518545264435e-30,4.634943137807281e-23,3.773979195364694e-49,3.594661489967722e-42,6.663721252152114e-32,0.00018232390000536935,0.49999999999999994,2.4523371621274983e-15,0.24999999999999503,2.4030736930037042e-15,1.4005055278783685e-22,-4.0812523407036626e-49,-5.109097323564493e-48,2.955130858493766e-37,-5.736631433678978e-52,-2.0001952348251038e-60,-8.984467819641676e-50,-1.1440316866796528e-56,-5.217731213740132e-64,4.453982011280102e-33,4.0440681559493734e-32,1.346716157838018e-32,2.9022128254515115e-21,0.0,-1.606322269452444e-58,-6.094462327024607e-73,1.9924450394616918e-22,-1.2666782201613068e-39,6.362392007416995e-34,-7.181432576080171e-87,1.1250472311055202e-31,2.702623557880792e-15,4.422470282188099e-38,7.190690008132634e-30,1.7197994375450942e-37,2.128007645522962e-37,1.3170034476403764e-28,-1.3740586904096526e-54,-3.575095383988446e-76,3.8107265309332663e-50,9.610508795414782e-38,0.10000000149011559,5.206660457047233e-16,4.9811338198846925e-24,3.008338777518463e-38,-1.6311370938470903e-66,-2.1662494892163913e-60,-4.368267932194974e-44,-2.885588227155567e-57,1.3856755249304566e-30,-1.8439873398792718e-78,1.3863428350688183e-29,4.6551711897120646e-29,-4.1118071974245416e-66,1.0403040117238125e-45,-4.705302740603536e-56,2.2559999998529035e-06,1.4709663968020957e-16,6.179999999999868e-05,1.336589732721134e-18,1.9301514479641932e-42,1.85139835312799e-35,8.98876032579252e-43,-2.743683725306569e-75,3.900107924102768e-40,8.291317252304508e-26,-4.4372791522748585e-49,2.423711692586779e-33,-9.131048086544967e-108,-1.067097343422454e-52,-1.6775523036437268e-41,-1.1146946206932457e-51,4.3189961292664325e-32,7.132807093364566e-36,1.6902661566296868e-73,9.107176937867742e-42,2.2592314635527455e-32,0.0003339999999999813,1.8559403485150625e-17,1.3068585594483129e-24,3.020997539636697e-35,-4.1266675788730375e-68,6.34269661786188e-46,1.3965983147404048e-49,-8.651527808163219e-62,1.70597760194347e-50,-1.527431094790386e-70,7.373799324261208e-20,1.190707274513809e-24,1.954680254619963e-18,3.5099999999980428e-06,3.4044588462935767e-53,3.247509869490352e-45,4.2073085427967584e-18,1.779999999995789e-06,7.935444930436807e-43,4.434678302222879e-38,-1.4881355233089948e-77,2.405168108683295e-56,0.0,0.0,2.033614065658179e-30,3.4064896051172314e-21,1.556738715206998e-44,4.257230378719652e-22,-5.506587564596093e-61,4.888386045105896e-36,-5.506587565434121e-61,-9.610706027127774e-81,1.4230523509863448e-52,4.670139674468389e-36,1.930661530399882e-25,1.6746052175719887e-32,6.671216224848399e-50,3.1867621384743066e-43,9.73016536831562e-47,1.4801653232149627e-40,7.548922945171135e-32,-6.617084980443384e-58,-5.300107961283815e-69
1.462287805528269e-05,1.000002422841028e-10,0.0001769999999997523,9.894795202873233e-36,2.114334607440269e-29,2.658214261288009e-43,1.3433058644764173e-34,2.4892443537264465e-54,5.67838049645832e-42,-3.77076653999748e-96,-2.8631050875941697e-79,-2.3322613952436353e-88,4.292815769814494e-56,1.3342129402493778e-46,-3.767317194483186e-68,-8.777053112276769e-55,2.278587030278936e-51,7.412037208950576e-113,-2.907458969628544e-94,-3.1343578874326202e-80,-4.890783034863908e-95,-6.3454886038052674e-108,-1.2171858150812844e-93,2.6597843860552183e-25,7.115476551015898e-19,1.1528690772211569e-25,4.7180573418989505e-18,-5.034576959229351e-78,-7.833178932933923e-75,1.997759946304282e-36,4.351436854666415e-25,2.472127940520734e-103,-4.809031033958207e-100,-1.1951529014350664e-74,-5.7790909602072113e-67,-7.833178926405192e-75,-4.6438932876482313e-66,-4.279774816363092e-49,-1.1424774185021453e-47,9.139031606129178e-39,1.3224139105533494e-20,3.389999609176552e-08,3.0818533124664305e-30,4.2736079560418304e-24,1.249697166651659e-29,6.702518220525382e-23,1.1417695008091603e-48,7.517382452002217e-42,9.636312106771682e-32,0.00018232390000776452,0.4999999999999999,3.546286024901117e-15,0.24999999999999284,3.4750466107573228e-15,2.928680232289147e-22,-1.592193436340313e-49,-1.9932600728965258e-48,8.93629296123929e-37,-2.2386562236346604e-52,-3.61988550686557e-60,-3.5050534553389753e-50,-4.4662315261666345e-57,-9.443105512745427e-64,9.313986446173168e-33,1.222923017833567e-31,2.816198160250413e-32,4.196843971881124e-21,0.0,-6.268502085594981e-59,-1.1029822684714666e-72,4.166520046149494e-22,-4.943062557275355e-40,1.3304775835728317e-33,-8.54140367447848e-87,3.3900038009750103e-31,3.9082209687802365e-15,1.0567174859993549e-37,1.5036878631634767e-29,5.2006601909660355e-37,4.4508587182210845e-37,2.754064127708569e-28,-5.362113672408171e-55,-7.418858104276176e-76,1.1523628650859692e-49,2.009723803089906e-37,0.10000000149011536,7.529269256250706e-16,1.0416344083507767e-23,6.290917298175862e-38,-6.365555528896057e-67,-3.95421783648993e-60,-1.70466553776459e-44,-5.22236791999477e-57,2.897668468333408e-30,-3.3588698324235392e-78,2.8990638570033236e-29,9.719936973947026e-29,-7.441592322122225e-66,3.145871485317597e-45,-8.515706218698124e-56,2.255999999787286e-06,2.1271412183806776e-16,6.179999999999809e-05,1.9328212274364148e-18,4.135022852613017e-42,3.9376209300715805e-35,2.8432689161402395e-42,-2.854933547978795e-75,8.260620859654815e-40,1.733846549662887e-25,-8.030634965997514e-49,7.329285277076703e-33,-2.1831437772080937e-107,-1.931244119147377e-52,-6.546457006267763e-42,-2.0173861699048094e-51,9.031709447392265e-32,2.140983393458585e-35,5.384810307970748e-73,2.7540034510626884e-41,4.724413136685073e-32,0.000333999999999973,2.6838458406161036e-17,1.8898275661581233e-24,9.11726065210325e-35,-7.454028473247451e-68,1.9180266759302307e-45,4.225230882114637e-49,-3.3791417334091057e-62,5.158943903969772e-50,-3.075364638515582e-70,1.0663134462342289e-19,2.4899586256703156e-24,2.8266321701498672e-18,3.5099999999971695e-06,1.1396764503360937e-52,9.820445374177177e-45,6.084122274291873e-18,1.7799999999939106e-06,1.6594301986470013e-42,9.483778400358614e-38,-3.0414745151095688e-77,7.273224025184404e-56,0.0,0.0,4.252611193084045e-30,4.926070340266274e-21,4.707565694084489e-44,6.15631340732811e-22,-2.1488824910672357e-61,1.0222394025578407e-35,-2.1488824925839117e-61,-1.9943682544839704e-80,4.3032991457975436e-52,9.766063090943711e-36,2.7918996107437413e-25,3.5018665201346123e-32,2.0173998304272173e-49,9.636743728786864e-43,2.942394672147652e-46,3.905184005370937e-40,1.578600127807421e-31,2.1487240723028362e-57,-8.985665579131352e-69
2.1145912449623337e-05,1.0000035036320531e-10,0.0001769999999996418,1.430872322940001e-35,3.0575089350121457e-29,5.558756185027873e-43,2.8090686392489243e-34,3.0841921806457407e-53,1.717158622280187e-41,-1.4032725084982058e-96,-3.620979760706862e-79,-3.158350756021443e-88,1.2981525329618476e-55,4.034655240251046e-46,1.62415960557981e-68,1.8357493767027866e-53,6.890453508251052e-51,1.6781026959879174e-112,-4.5643320427749985e-94,1.3512252121990214e-80,-5.398260860306631e-95,-4.141162438026643e-108,-1.550183814314458e-93,4.0746603450867743e-25,1.0289577184381635e-18,1.6671466148872706e-25,6.822707686433183e-18,-6.367218880882208e-78,-7.122699666505512e-75,6.041142125864715e-36,9.0995478148255e-25,8.88961595300736e-103,-4.140953302903745e-101,-1.0474898491492737e-74,-5.3359102197248445e-67,-7.122699644863579e-75,-2.071184158852008e-66,8.954605166503664e-48,2.3904150005366445e-46,2.7636360743219796e-38,1.9146437763892766e-20,3.3899994348364134e-08,4.660042126519776e-30,6.179997663920377e-24,2.1810601516815683e-29,9.692406172510109e-23,3.454551102466861e-48,1.5721170728379153e-41,1.3934940595738756e-31,0.00018232390001122816,0.49999999999999983,5.1282282430612974e-15,0.24999999999998967,5.02520944480901e-15,6.12433696627334e-22,3.332651598975683e-48,4.17191235240379e-47,2.702328074351007e-36,4.683960115429732e-51,-1.6139525563941716e-60,7.336498821309208e-49,9.33989739688332e-56,-4.2116438079187253e-64,1.947703050864665e-32,3.6981094612070447e-31,5.889119251098244e-32,6.0689895242412764e-21,0.0,1.3115617068992865e-57,-4.919322041714748e-73,8.712857135304632e-22,1.0342433593242034e-38,2.7822406874030162e-33,2.2364834890416314e-86,1.0225978723528934e-30,5.651616111409522e-15,2.6086548522116336e-37,3.144450882940052e-29,1.5726755929357995e-36,9.310042187925275e-37,5.759187027085804e-28,1.1219188380728697e-53,-8.758509824021286e-76,3.484743839643809e-49,4.202692796541779e-37,0.10000000149011502,1.0887957069751064e-15,2.178223354630457e-23,1.315531517730641e-37,1.331809339346294e-65,-1.9702269092950536e-60,3.5666925388250464e-43,-2.3291842693736154e-57,6.059486836463333e-30,-1.630452674878953e-78,6.06240462547156e-29,2.0304581652807476e-28,-3.318964205370506e-66,9.51309160407356e-45,-3.7980173600239e-56,2.2559999996923975e-06,3.0760252394255523e-16,6.179999999999722e-05,2.79502212584786e-18,8.945669275968783e-42,8.433933271202996e-35,9.041813098386546e-42,1.1125168547833554e-74,1.814827522538084e-39,3.6257493383807106e-25,-3.581678585312343e-49,2.2163701170529972e-32,-4.0151046486869735e-107,-8.613386193000816e-53,1.3697218151240252e-40,-8.997580931652979e-52,1.8886744303573305e-31,6.440917146098616e-35,1.5716813984603744e-72,8.328085678167013e-41,9.879500970062637e-32,0.00033399999999996096,3.881066740547391e-17,2.7328499190568077e-24,2.7532439697745373e-34,-3.2395775966803115e-68,5.800098185727849e-45,1.278390762588251e-48,7.062089937778185e-61,1.56008930396754e-49,-3.15939441235035e-70,1.5419789929356637e-19,5.206900107451025e-24,4.087548030653735e-18,3.5099999999959066e-06,3.837280340510825e-52,2.969695269487634e-44,8.798152897805106e-18,1.7799999999911941e-06,3.4701396128039056e-42,2.046761210598849e-37,-3.3570562213043688e-77,2.1994223744812446e-55,0.0,0.0,8.892887901707585e-30,7.12351160516446e-21,1.4235641532994905e-43,8.902547261324741e-22,4.4961303404324954e-60,2.1376654038540548e-35,4.496130340364849e-60,-2.3545134436026084e-80,1.30131425766099e-51,2.042256573192096e-35,4.0373229502252213e-25,7.3229612936327e-32,6.1007050113404064e-49,2.914143688321628e-42,8.897779270450203e-46,1.0615561371306652e-39,3.301104511566848e-31,2.122177486541498e-56,-4.4468303022500765e-70
3.0578769216063876e-05,1.0000050665468445e-10,0.00017699999999948202,2.06916535057682e-35,4.421421875469209e-29,1.162426499524303e-42,5.874216171618981e-34,1.5810061680502056e-52,5.192732138559213e-41,2.4307693288193257e-95,3.7231250526021696e-79,1.82904790061901e-88,3.9256269495007614e-55,1.2200781980319673e-45,4.184749570316556e-67,1.1394399908560275e-52,2.0836744872289292e-50,3.306816017559907e-112,-1.3351910385571478e-94,3.481624824505364e-79,1.0900594357324399e-94,3.064466129501604e-107,1.5204351040118547e-93,6.369898098330089e-25,1.487959297980657e-18,2.4108362112310903e-25,9.86620885781348e-18,6.547034293682896e-78,2.623829701186874e-74,1.8268223998343588e-35,1.9028604052721547e-24,3.001319689738328e-102,3.8931443208911874e-99,4.229505161877968e-74,1.8896946035057772e-66,2.6238297080552277e-74,2.7978785517871236e-65,5.557939864501129e-47,1.4836815533890863e-45,8.357214131670986e-38,2.773591634052571e-20,3.3899991827259155e-08,7.16420303269596e-30,8.936798574607157e-24,3.9358665575431436e-29,1.4016036553798997e-22,1.0451677651513093e-47,3.2878878105083643e-41,2.015114547955875e-31,0.00018232390001623688,0.4999999999999998,7.4158500214184e-15,0.2499999999999851,7.266874894081798e-15,1.2806964058046222e-21,2.0684565537145364e-47,2.589364239492976e-46,8.171819238867163e-36,2.90723791119712e-50,2.1812314338783298e-59,4.553499919308073e-48,5.797281706899132e-55,5.68933279430178e-63,4.0729575850410825e-32,1.1183053691731442e-30,1.2315087010925875e-31,8.776269459000104e-21,0.0,8.14059536186998e-57,6.645307104584682e-72,1.8219971731784264e-21,6.419335430066545e-38,5.818108685374743e-33,2.03149406186161e-85,3.0870235255658285e-30,8.172711836071947e-15,6.661353880229483e-37,6.575547608032233e-29,4.755758789664322e-36,1.9476605770866433e-36,1.2043377845775926e-27,6.963520348223335e-53,1.3246439216430327e-75,1.0537859224338648e-48,8.788621403524397e-37,0.10000000149011454,1.5744902342848254e-15,4.5550115275772964e-23,2.7509874320781536e-37,8.266292517157751e-65,2.2616617747964557e-59,2.2137726168546024e-42,3.1464014648537703e-56,1.2671353345699446e-29,1.946341417166589e-77,1.2677454329621158e-28,4.242923390701459e-28,4.483450836087828e-65,2.8767517205154763e-44,5.1305909093338745e-55,2.255999999555181e-06,4.448191399682284e-16,6.179999999999599e-05,4.041837139049897e-18,1.9610022099567802e-41,1.8240711706399592e-34,2.8576501330922957e-41,8.905354334957927e-74,4.14499914602714e-39,7.582019255636979e-25,4.838340293738961e-48,6.702285911327943e-32,-4.3918666151877935e-107,1.1635463554220814e-51,8.501581836202068e-40,1.2154457098419722e-50,3.949519329235658e-31,1.9407438691575134e-34,4.4350323890195626e-72,2.5184068366158766e-40,2.065961131582254e-31,0.0003339999999999436,5.61234866844788e-17,3.9519314097766885e-24,8.31782406890255e-34,4.540164819161853e-67,1.7539453158213948e-44,3.867746523630999e-48,4.3836283305329477e-60,4.717777716901211e-49,8.209835499316007e-70,2.2298314093592156e-19,1.0888457213043069e-23,5.9109384939978304e-18,3.50999999999408e-06,1.2690974830709266e-51,8.980336101208564e-44,1.2722869613899373e-17,1.7799999999872658e-06,7.256634857256812e-42,4.472284634285571e-37,6.778895301459314e-77,6.651050379945617e-55,0.0,0.0,1.859644613612721e-29,1.0301195837349908e-20,4.304846820708535e-43,1.2873832459836391e-21,2.7906556357256342e-59,4.470198684007582e-35,2.790655635817011e-59,3.560879433011213e-80,3.9351640677650594e-51,4.270735750573707e-35,5.838311150492746e-25,1.5313479886871817e-31,1.8448772798050925e-48,8.812347586925342e-42,2.6906817386366158e-45,2.960519067476134e-39,6.903135744707232e-31,1.0512036101416746e-55,7.478566383997504e-68
4.4219474047143965e-05,1.0000073266531817e-10,0.00017699999999925092,2.992194891878009e-35,6.393762176933159e-29,2.430822974162604e-42,1.2283940055471004e-33,-4.705617832824369e-52,1.5701944793654327e-40,-1.4303543363456269e-90,-1.2944384611981763e-74,-2.6347926791910466e-83,1.1867736787768702e-54,3.689485108650615e-45,-5.406773160158282e-65,-5.105061025131657e-52,6.30092074908864e-50,2.6325697559444665e-106,-3.030879214358002e-88,-4.4989016013048476e-77,-5.327996413204199e-91,-7.00525165791914e-103,-9.938368885095601e-89,1.0210138862522486e-24,2.1517140315683795e-18,3.4862760658836057e-25,1.426736694085586e-17,-2.2761627495850496e-73,-1.0252870931311886e-70,5.524269188204212e-35,3.979184134096301e-24,5.449623157436927e-97,-7.912807994490902e-94,-9.625989917806834e-70,-5.445230078007798e-63,-1.025287090958384e-70,-6.834475050574131e-63,-2.4878941888530374e-46,-6.641380679955349e-45,2.527216366655647e-37,4.0210007456090305e-20,3.389998818152948e-08,1.1249599556941919e-29,1.292336668310604e-23,7.32661040043842e-29,2.0268371564044207e-22,3.1530530783991237e-47,6.87652656033164e-41,2.9140360029593907e-31,0.00018232390002347987,0.4999999999999996,1.0723944037802706e-14,0.2499999999999784,1.0508510800242495e-14,2.678140086068878e-21,-9.258644716266365e-47,-1.1590352087544039e-45,2.4711530290900813e-35,-1.3013616525409264e-49,-5.327416976316093e-57,-2.0381965099713492e-47,-2.598297748182417e-54,-1.3897593655869017e-60,8.517203625856895e-32,3.381749578696514e-30,2.5752809638273683e-31,1.2691223883417024e-20,0.0,-3.64397689563068e-56,-1.6232738616134552e-69,3.810086084366518e-21,-2.87346178756482e-37,1.2166592366210738e-32,-1.2233114639818743e-83,9.324047269718747e-30,1.181842763442122e-14,1.7577619345824546e-36,1.3750516876430752e-28,1.4381385794110778e-35,4.0752336669819007e-36,2.5184621941326392e-27,-3.1170742762708313e-52,-8.895902115817045e-72,3.186599861183725e-48,1.8378772622116135e-36,0.10000000149011383,2.2768454008177024e-15,9.525252964680461e-23,5.7527548949577396e-37,-3.7007274398066096e-64,-5.833546373079282e-56,-9.90943091536908e-42,-7.685819288838453e-54,2.6497821014635703e-29,-3.8586125689949255e-74,2.6510577396602963e-28,8.868163066590915e-28,-1.0951906874897834e-62,8.699276846832809e-44,-1.253265006533146e-52,2.255999999356754e-06,6.432459160082738e-16,6.179999999999417e-05,5.84483647361808e-18,4.3738705448421904e-41,3.997077145699555e-34,6.836446901017667e-41,-3.6901423011626014e-72,7.333687986655525e-39,1.585520908497203e-24,-1.181879606733748e-45,2.0267673848071297e-31,-2.036069910264788e-99,-2.8422491841316744e-49,-3.805541931964602e-39,-2.969013835118336e-48,8.25907455571373e-31,5.854192838287395e-34,2.6591328495961464e-68,7.615644254038831e-40,4.320254018923843e-31,0.00033399999999991846,8.11592750857755e-17,5.714826298142331e-24,2.5136397541202048e-33,-1.0966704511063739e-64,5.303918188711055e-44,1.16681848791821e-47,-1.967771244054939e-59,1.4265356138279018e-48,-3.4305106237184423e-66,3.224523898758926e-19,2.2769496851750248e-23,8.54771457554435e-18,3.5099999999914397e-06,2.2477562354029512e-51,2.7156472506413605e-43,1.839834032046109e-17,1.7799999999815852e-06,1.5174839957601214e-41,9.933412506831673e-37,-3.312986238316177e-73,2.0112345817091046e-54,0.0,0.0,3.8888132987206923e-29,1.489639304179564e-20,1.3017832667906313e-42,1.8616644903802714e-21,-1.2491730322093459e-58,9.347896686864746e-35,-1.2491730344414397e-58,-2.391464603685633e-76,1.1899914511419176e-50,8.930945570422979e-35,8.442694238459414e-25,3.202292890323206e-31,5.578476220431564e-48,2.6648490354259424e-41,8.136602489033558e-45,8.430595778589344e-39,1.4435557180781639e-30,-2.8100628626442505e-55,-1.3075885239953129e-65
6.394508134679367e-05,1.000010594957178e-10,0.00017699999999891677,4.326982354937494e-35,9.245948079166014e-29,5.083242411559597e-42,2.5687729954956233e-33,-7.348667393365571e-51,4.747732673306624e-40,-1.2795381236976861e-89,-1.2162267271620375e-73,-2.471510899858619e-82,3.586750095920446e-54,1.1156836520192251e-44,-5.0323898433790506e-64,-6.884875874630133e-51,1.9053341798503837e-49,2.6026271863117913e-105,-2.87207381332047e-87,-4.187383509355018e-76,-4.965485886237899e-90,-6.395570597554399e-102,-9.31836897265302e-88,1.6853224271998343e-24,3.1115588590831507e-18,5.0414571052440115e-25,2.0631810342051592e-17,-2.1386338724327708e-72,-9.465732953990254e-70,1.6705297802970144e-34,8.321107393252353e-24,7.691758109427458e-96,-7.138037901706766e-93,-8.86262232746794e-69,-5.058477596457862e-62,-9.465732927663048e-70,-6.312901739450602e-62,-3.3562380803447516e-45,-8.959408799767417e-44,7.642290003664292e-37,5.835938721819257e-20,3.389998290949822e-08,1.812808015753115e-29,1.868828380193049e-23,1.4013978409204829e-28,2.9309777512820936e-22,9.48779631086082e-47,1.438302377943796e-40,4.213965689310278e-31,0.00018232390003395388,0.49999999999999944,1.5507727216150643e-14,0.24999999999996877,1.5196187050197526e-14,5.600417059485151e-21,-1.2490321105686275e-45,-1.5635869627289612e-44,7.472754512093028e-35,-1.7555736856613875e-48,-4.920861086215586e-56,-2.749617814348519e-46,-3.503759894628435e-53,-1.2836998271509516e-59,1.7810830598141499e-31,1.022640104573133e-29,5.385322871630533e-31,1.8352577018705577e-20,0.0,-4.915820598246216e-55,-1.4993937077697552e-68,7.967495989794396e-21,-3.876387192827851e-36,2.544228296386491e-32,-1.1613978895304689e-82,2.8172676721736126e-29,1.7090437826577677e-14,4.7788133127154215e-36,2.8754518514278425e-28,4.3489245268684974e-35,8.529111561067633e-36,5.2665056099277896e-27,-4.20501867627422e-51,-8.29166133416844e-71,9.636000106445901e-48,3.843404105432328e-36,0.1000000014901128,3.2925100876052766e-15,1.9918815504762702e-22,1.2029923965118017e-36,-4.992169858750643e-63,-5.322118628676595e-55,-1.3368119739853566e-40,-7.099275470881443e-53,5.541117133679909e-29,-3.521714085931198e-73,5.543784167902155e-28,1.853828379812322e-27,-1.0116111753426553e-61,2.6306555254596927e-43,-1.1576219895997105e-51,2.2559999990698122e-06,9.30187735366462e-16,6.179999999999157e-05,8.452125022559675e-18,9.97222818970089e-41,8.910870434655216e-34,9.39811619372168e-41,-3.5520261195705337e-71,2.4489138777926856e-39,3.315576406494462e-24,-1.0916844549004296e-44,6.1289364955787684e-31,-1.95905469158189e-98,-2.6253427802351954e-48,-5.133786232865903e-38,-2.742433534756114e-47,1.727104156967889e-30,1.7672514299722155e-33,2.885651475917959e-67,2.3029656263674772e-39,9.03433969568143e-31,0.0003339999999998821,1.173631209028793e-16,8.264121616725063e-24,7.597753918579653e-33,-1.0130762907521019e-63,1.6039013062008315e-43,3.5110532749714655e-47,-2.6521804626182426e-58,4.313103277933162e-48,-3.187377134017808e-65,4.662932959794928e-19,4.7614638685892944e-23,1.2360714722248999e-17,3.5099999999876213e-06,-3.134558674443557e-51,8.212099002991066e-43,2.6605548653622133e-17,1.7799999999733705e-06,3.1733189794456707e-41,2.252974780630626e-36,-3.087569839561599e-72,6.081722609153026e-54,0.0,0.0,8.13212839955065e-29,2.1541431507447488e-20,3.9365878922763984e-42,2.6921234622831447e-21,-1.6851711066102718e-57,1.9547937972274517e-34,-1.685171108672023e-57,-2.2290281243291494e-75,3.598530106571892e-50,1.8676503527783523e-34,1.2208856752527708e-24,6.696505299217256e-31,1.6866653813366625e-47,8.058494237471864e-41,2.4605031436023494e-44,2.440249377670003e-38,3.018705088957527e-30,-4.5906919566317457e-54,-1.2119224949991329e-64
9.246996977143298e-05,1.0000153211998505e-10,0.00017699999999843354,6.257217776368975e-35,1.3370483127523926e-28,1.0629908806280848e-41,5.371729918821164e-33,-2.094844496005521e-50,1.435722065705813e-39,-4.046378895262166e-89,-4.2273040544418883e-73,-8.566836639482952e-82,1.0845568309825756e-53,3.3738217038254397e-44,-1.6454130722149352e-63,-1.9672065014993265e-50,5.761728993356471e-49,9.855464057441153e-105,-1.0137902154313552e-86,-1.3691345654916327e-75,-1.697946788074684e-89,-2.106665322520915e-101,-3.227165543684695e-87,2.8738576792597722e-24,4.499574464450275e-18,7.290389459981901e-25,2.983532778689958e-17,-7.433363524073622e-72,-3.1801037686839514e-69,5.051656216044698e-34,1.7400759102484475e-23,4.2799496861104104e-95,-2.2965665864840678e-92,-2.9670078655715665e-68,-1.7180889567919296e-61,-3.1801037558306447e-69,-2.0705261382714294e-61,-9.588842887329225e-45,-2.559721730973439e-43,2.3110226487968513e-36,8.483660605740306e-20,3.389997528569872e-08,3.0104738473912677e-29,2.702484773471596e-23,2.7415251691434273e-28,4.238441836451918e-22,2.8701114723558834e-46,3.0086605816882083e-40,6.093805642972954e-31,0.0001823239000491002,0.49999999999999917,2.2425481995493946e-14,0.24999999999995484,2.197495704220953e-14,1.1711362437746933e-20,-3.568510583441488e-45,-4.4672005539175374e-44,2.2597552508637156e-34,-5.015710245789016e-48,-1.613959461824379e-55,-7.855714435925716e-46,-1.0011615644623972e-52,-4.210321264651223e-59,3.7245286196647277e-31,3.092455704833999e-29,1.126156811966214e-30,2.6539369160512434e-20,0.0,-1.4044607611262276e-54,-4.917761071476933e-68,1.666130000362621e-20,-1.1074912735707808e-35,5.320386582152059e-32,-3.782273643672181e-82,8.514545133670775e-29,2.4714204733320513e-14,1.332887972063197e-35,6.013026898798107e-28,1.3151114390696509e-34,1.7857359310399837e-35,1.101310181126225e-26,-1.2013827612789888e-50,-2.8369565726688447e-70,2.9139200435451756e-47,8.037503888625582e-36,0.10000000149011135,4.761246711380279e-15,4.1653397616352123e-22,2.5156507306276637e-36,-1.4262942651764018e-62,-1.7465932348404797e-54,-3.819297825235304e-40,-2.328443443616749e-52,1.158736028919029e-28,-1.1557257658914298e-72,1.1592935884431985e-27,3.875716509010637e-27,-3.317915728771335e-61,7.955082514071626e-43,-3.796806023231262e-51,2.2559999986548703e-06,1.3451297574892712e-15,6.17999999999878e-05,1.222248320473189e-17,2.335094976134628e-40,2.0304330635728034e-33,3.0846453340231564e-40,-1.1458330737961043e-70,-2.6528905887772966e-39,6.933397088232446e-24,-3.5805427805706953e-44,1.853385667757547e-30,-7.098818986434283e-98,-8.610686097813625e-48,-1.4667330901404385e-37,-8.994724205185278e-47,3.611650129573282e-30,5.3377677315428864e-33,1.245568021919617e-66,6.964150751812957e-39,1.8892243968719694e-30,0.00033399999999982955,1.6971690526791885e-16,1.1950619162406042e-23,2.296826636294984e-32,-3.322589593526655e-63,4.850185485813521e-43,1.0621132528019157e-46,-7.579536702036299e-58,1.3042945844904326e-47,-1.0836406298293765e-64,6.742993530103788e-19,9.956977253188615e-23,1.7874633867893046e-17,3.509999999982099e-06,-7.341445738818704e-51,2.4833325634193917e-42,3.8473862683629674e-17,1.7799999999614915e-06,6.635970389411766e-41,5.242766081835793e-36,-1.0557905787954917e-71,1.8391062473598784e-53,0.0,0.0,1.7005576409628181e-28,3.115070919118629e-20,1.1904211311806393e-41,3.8930369424709826e-21,-4.8145673886084134e-57,4.087784179175618e-34,-4.8145673953706127e-57,-7.626525972791485e-75,1.0881927128759632e-49,3.905697531662313e-34,1.7655055953059903e-24,1.4003461209382303e-30,5.100519831404582e-47,2.436882410693032e-40,7.440542998301143e-44,7.1510311935184e-38,6.312593432064824e-30,-1.3077124388861069e-53,-3.9693750896750925e-64
0.00013371935932267675,1.0000221557445681e-10,0.00017699999999773477,9.048547754874548e-35,1.933498272145804e-28,2.2229031609953785e-41,1.1233192366013067e-32,-1.8557033574568168e-50,4.3420086273165024e-39,-7.53386160039166e-89,-9.920952995286884e-73,-1.99909199109175e-81,3.2806874900774043e-53,1.0202515158536802e-43,-3.326484927123694e-63,-1.9118105435299359e-50,1.742387491664421e-48,2.7092982457081618e-104,-2.4553923743245992e-86,-2.767988363508652e-75,-3.8471041274117125e-89,-4.374926652523687e-101,-7.516833974985306e-87,5.0691325054197795e-24,6.506760176052343e-18,1.0542556018900364e-24,4.314438155182539e-17,-1.7445171875944495e-71,-6.923029329351515e-69,1.5276134383196828e-33,3.6387752204579503e-23,1.790917167786801e-94,-4.487186214732811e-92,-6.408005972001446e-68,-3.834207134983515e-61,-6.923029281056818e-69,-4.2327077792520646e-61,-9.31139942006617e-45,-2.485656823250643e-43,6.988510257060633e-36,1.2360938980756802e-19,3.3899964261046e-08,5.166863895074597e-29,3.9080238747504656e-23,5.459629213312895e-28,6.129146383121815e-22,8.714723484556354e-46,6.2944357949222136e-40,8.81229120745966e-31,0.00018232390007100302,0.49999999999999883,3.2429141134797804e-14,0.24999999999993472,3.177761976726433e-14,2.449031845922883e-20,-3.4652336965106255e-45,-4.3379202890094713e-44,6.833478313852217e-34,-4.8705794887217857e-48,-3.299358757141651e-55,-7.628356242575073e-46,-9.73276076765442e-53,-8.607023317542794e-59,7.788583113848208e-31,9.351551187181116e-29,2.354973263735832e-30,3.837815757863514e-20,0.0,-1.3638279570758144e-54,-1.0053218705687386e-67,3.484142146960281e-20,-1.0754412051892151e-35,1.1125775346862568e-31,-7.511045093081228e-82,2.5737759138979144e-28,3.5738805900540015e-14,3.7959686382002587e-35,1.2574193824822157e-27,3.976883995175512e-34,3.7408019771904405e-35,2.303014854784649e-26,-1.1666225370245639e-50,-6.436257521260857e-70,8.81184275576593e-47,1.680871350360044e-35,0.10000000149010921,6.885163490285091e-15,8.710383108079995e-22,5.260641390371083e-36,-1.3851972233979986e-62,-3.59212674042312e-54,-3.708772479281788e-40,-4.75995891547188e-52,2.423102063066018e-28,-2.3764871587030765e-72,2.4242675255381594e-27,8.103389731689983e-27,-6.782706735719672e-61,2.4056104806436795e-42,-7.761682231467904e-51,2.255999998054829e-06,1.9451708463020972e-15,6.179999999998235e-05,1.7674737413084325e-17,5.638374542364306e-40,4.751048523268031e-33,1.7851915581110543e-39,-2.203236586584463e-70,6.686949395725875e-38,1.4498833346025238e-23,-7.319586939642036e-44,5.604619083761043e-30,-1.8078829052024677e-97,-1.7602545451200517e-47,-1.4242909077183296e-37,-1.8387621561560666e-46,7.552536194923901e-30,1.6127997464490245e-32,4.111037919130265e-66,2.1059536161078437e-38,3.95066921444336e-30,0.00033399999999975355,2.4542483400633455e-16,1.728160896744976e-23,6.944057007495504e-32,-6.791307428863892e-63,1.4666921618845173e-42,3.224969679776876e-46,-7.37855606606144e-58,3.9447272292802637e-47,-2.4239276032554492e-64,9.750936189177281e-19,2.0821618398458321e-22,2.5848225049397135e-17,3.5099999999741137e-06,5.288238028085717e-50,7.509577619768885e-42,5.563644369360816e-17,1.7799999999443132e-06,1.3877036837357179e-40,1.2570521982226997e-35,-2.3921296051254184e-71,5.561588134525827e-53,0.0,0.0,3.5561369784296296e-28,4.5046518380486876e-20,3.599820820903385e-41,5.6296587223604236e-21,-4.675246456988923e-57,8.548204507352592e-34,-4.675246470812664e-57,-1.7302451520573545e-74,3.290682975794847e-49,8.167868320674444e-34,2.5530741844138954e-24,2.9283473051906258e-30,1.5425912017234014e-46,7.369106159443477e-40,2.2500141729128005e-43,2.114732372036896e-37,1.320063875926284e-29,-1.1264151469076698e-53,-8.074373196025738e-64
0.00019336944850166022,1.0000320390715101e-10,0.00017699999999672427,1.3085157718826427e-34,2.796031747931077e-28,4.648520693570291e-41,2.349054372159202e-32,1.2083351441127366e-49,1.3131765418616393e-38,-2.846153143726533e-89,-1.5902687986494647e-72,-3.1506971219258455e-81,9.925157742973484e-53,3.08527398180938e-43,-2.7925514706598463e-63,1.0167372205982653e-49,5.269144382175945e-48,6.207164750229022e-104,-4.294155903057758e-86,-2.3239632562521515e-75,-5.517823497284468e-89,-4.335784646694586e-101,-1.1781490516318098e-86,9.240233165064965e-24,9.409316141954786e-18,1.5245509265526724e-24,6.239037863964781e-17,-2.79635512367038e-71,-8.554281950437786e-69,4.619482391720046e-33,7.609256322774027e-23,6.569923328180604e-94,-2.9477298961267072e-92,-7.660348495692786e-68,-5.213692521121498e-61,-8.554281787748179e-69,-3.819996212957344e-61,4.960783233592877e-44,1.3242720752134487e-42,2.1133183175169486e-35,1.8069125855993302e-19,3.389994831847659e-08,9.172813254426967e-29,5.651338624820194e-23,1.1021697347886842e-27,8.863267290603267e-22,2.649362056557941e-45,1.3171280124578035e-39,1.2743649344909046e-30,0.00018232390010267636,0.4999999999999983,4.6895281503541324e-14,0.24999999999990558,4.5953075817222724e-14,5.1213137678862175e-20,1.8461852157795963e-44,2.3111225914262175e-43,2.066436886369502e-33,2.5948793627744336e-47,-2.9776256658693125e-55,4.0641926733686695e-45,5.172427821442944e-52,-7.767811585874916e-59,1.6287168967602e-30,2.82789744544144e-28,4.924624032739009e-30,5.54980377174435e-20,0.0,7.265945801239391e-54,-9.072993472785092e-68,7.285892742894831e-20,5.729639524842955e-35,2.3265766368037593e-31,-5.518209305579624e-82,7.780950799325055e-28,5.168129151179993e-14,1.0988236032862485e-34,2.629463170845388e-27,1.2026054957121087e-33,7.842407352180279e-35,4.8159702845786974e-26,6.215344178938533e-50,-9.272896787393241e-70,2.6647637272907173e-46,3.515276630617966e-35,0.10000000149010614,9.956525918827713e-15,1.821478041337033e-21,1.1000902099914667e-35,7.377807140317814e-62,-3.372455387102368e-54,1.9759235428370462e-39,-4.295834079942285e-52,5.067093612988434e-28,-2.2285407264094773e-72,5.069529319090645e-27,1.6943524186149132e-26,-6.121366847599792e-61,7.274546031054281e-42,-7.004865163645048e-51,2.255999997187119e-06,2.8128807648884207e-15,6.179999999997446e-05,2.5559153672768013e-17,1.4075010843867436e-39,1.146258193206409e-32,8.765760334961905e-39,-1.2039087595029209e-70,5.483530783896958e-37,3.031935593053211e-23,-6.605900768611513e-44,1.694830517912149e-29,-3.565341098952029e-97,-1.588623626444329e-47,7.588161040982205e-37,-1.6594761719866731e-46,1.5793557217830786e-29,4.8742950179030703e-32,1.2177045413595697e-65,6.368386544037468e-38,8.26147859726937e-30,0.0003339999999996436,3.549047666510864e-16,2.4990677432401393e-23,2.099556560163707e-31,-6.123751071111363e-63,4.435264931501877e-42,9.804225374230328e-46,3.909285216259647e-57,1.1931000275445282e-46,-3.3239497872596655e-64,1.410067444613965e-18,4.3541298099994835e-22,3.7378709021111896e-17,3.509999999962566e-06,4.56527354006779e-49,2.270890068753096e-41,8.045498035221985e-17,1.7799999999194718e-06,2.9019594799085202e-40,3.114671352611455e-35,-3.4309039897187196e-71,1.681879963789314e-52,0.0,0.0,7.436448879923124e-28,6.514099639949034e-20,1.088581630695399e-40,8.140959584585986e-21,2.490824768451171e-56,1.7875646622793924e-33,2.490824767203585e-56,-2.4928159013039034e-74,9.950986279312475e-49,1.708162154988894e-33,3.691969556316281e-24,6.12364202734446e-30,4.665565727931842e-46,2.2284090183402804e-39,6.804024185974399e-43,6.295114587183033e-37,2.7604638688542586e-29,7.766000462848844e-53,-7.061090802858469e-64
0.0002796284980965741,1.0000463311941904e-10,0.00017699999999526303,1.8922709922234688e-34,4.04336555380347e-28,9.721054570117452e-41,4.9122918880481234e-32,8.782326507528696e-49,3.9714892636812704e-38,5.045987104661245e-88,-4.564926256296948e-73,-6.060226158732556e-82,3.0026734708436795e-52,9.329964469913273e-43,1.3331364758997242e-62,7.696839258295955e-49,1.5934368086966284e-47,1.213897833017731e-103,-3.223343496822769e-86,1.1091563284908693e-74,2.0216776166036074e-89,1.3626903932888145e-100,-1.8958277222488648e-87,1.7355939308410718e-23,1.360664902261479e-17,2.204648090440585e-24,9.022167926446297e-17,-8.027015516262204e-72,1.1673245905285182e-68,1.3969258110051187e-32,1.5912159696782485e-22,2.243645147610787e-93,2.2735978685345262e-91,1.230782063223003e-67,3.6841925918670205e-61,1.167324642573248e-68,1.539317355529687e-60,3.753898889222936e-43,1.0020961026281732e-41,6.39065311453203e-35,2.6535512445879245e-19,3.389992526419261e-08,1.6821939718423422e-28,8.172326309247538e-23,2.2476582223794757e-27,1.2817042513492089e-21,8.05233111623522e-45,2.7569291623128164e-39,1.8429244945260032e-30,0.00018232390014847867,0.4999999999999975,6.781455325433032e-14,0.24999999999986347,6.645193798063141e-14,1.070947673117496e-19,1.397030776064689e-43,1.7488556988560876e-42,6.248884343475714e-33,1.9635827876340654e-46,1.1999009595508432e-54,3.075423043050217e-44,3.916210811332223e-51,3.130122420668974e-58,3.405906687743623e-30,8.551527280467373e-28,1.029817244602328e-29,8.025481622309715e-20,0.0,5.49825756036788e-53,3.656064239552365e-67,1.5235951357987084e-19,4.3356921274921205e-34,4.8652415742215505e-31,3.4751524694399824e-81,2.3525080647554494e-27,7.473543493925534e-14,3.220211349240962e-34,5.49862300105686e-27,3.636666402304762e-33,1.6459592541188976e-34,1.0070958831255066e-25,4.703245062764765e-49,3.139476852045781e-70,8.058427449836116e-46,7.351932561766431e-35,0.10000000149010167,1.4397974501501274e-14,3.8089951344662954e-21,2.300485922324076e-35,5.583238545329931e-61,1.2285722243784506e-53,1.495207351774147e-38,1.7310658683405408e-51,1.0596103283560707e-27,8.14361060466519e-72,1.0601192313091053e-26,3.5428777996717307e-26,2.466674659297645e-60,2.1998166793502884e-41,2.822713430463994e-50,2.2559999959323374e-06,4.067662340286254e-15,6.179999999996307e-05,3.6960678533807715e-17,3.634103988587522e-39,2.858887091845072e-32,3.626670302123407e-38,1.2631173278603082e-69,2.7069387714528398e-36,6.340255835706872e-23,2.6619215652435855e-43,5.125148721405231e-29,-4.731290155703493e-97,6.401533915840873e-47,5.742067518308938e-36,6.6870450633207956e-46,3.3026845967163303e-29,1.4733972639242949e-31,3.453542772495563e-65,1.9257949107919622e-37,1.7276067135400087e-29,0.0003339999999994847,5.132217454339873e-16,3.613865708063476e-23,6.348369789679644e-31,2.4729685992438663e-62,1.3412204515626744e-41,2.979844154261691e-45,2.961868003659688e-56,3.608555924508728e-46,2.1656428701738864e-64,2.0390762072837238e-18,9.105171898096142e-22,5.405275934509125e-17,3.5099999999458677e-06,2.24016085851709e-48,6.867152883670384e-41,1.1634467323880788e-16,1.7799999998835494e-06,6.068610646963252e-40,7.982859154286232e-35,1.2575411130934022e-71,5.086168570019941e-52,0.0,0.0,1.5550798726266384e-27,9.41992367374201e-20,3.2918583826170594e-40,1.1772511166914517e-20,1.8848411178884356e-55,3.738079125860404e-33,1.884841118391166e-55,8.439602425616624e-75,3.0091666274168923e-48,3.5724345463845614e-33,5.3389183775014585e-24,1.280551465442575e-29,1.4110900692838643e-45,6.73868301067186e-39,2.0575312907167572e-42,1.8827638185388886e-36,5.772569596728482e-29,5.586328872577441e-52,3.0694682935632856e-63
0.0004043663440818802,1.0000669988066545e-10,0.00017699999999314998,2.7364998063967866e-34,5.8472034085083635e-28,2.0328355753569585e-40,1.027251938606629e-31,1.1890268544243858e-49,1.2007505199578587e-37,-3.426588088829837e-83,-3.7099459038926844e-68,-8.970536771397534e-77,8.971213913257588e-52,2.8212881042723846e-42,-1.7746209872038304e-60,3.707078297207637e-50,4.818274119613765e-47,7.871505723646595e-98,-1.0332903350424786e-80,-1.4858776897094985e-72,-1.8037446803070113e-85,-2.3266517461188517e-96,-3.2437789089263374e-82,3.3449796897538374e-23,1.9676330282172105e-17,3.1881502337254036e-24,1.304680175161088e-16,-6.5236443174274e-67,-3.4949120193089895e-65,4.224295713753793e-32,3.327483740558846e-22,1.7552400001855944e-88,-2.712243692769789e-86,-3.07639127603772e-63,-1.7846129583657792e-57,-3.4949119490009736e-65,-2.281037408221078e-58,2.5727332947433704e-44,6.869864088492913e-43,1.932531534304853e-34,3.922166968239632e-19,3.389989192578528e-08,3.1764848206960754e-28,1.18179030493879e-22,4.617571239192937e-27,1.853454736816016e-21,2.4147482895133043e-44,5.77304303894094e-39,2.6652499215938413e-30,0.00018232390021471267,0.4999999999999963,9.806561270487611e-14,0.2499999999998026,9.609493352281142e-14,2.239520258694307e-19,9.573182250992534e-45,1.1982840783261993e-43,1.889660602995738e-32,1.3463832625939882e-47,-1.7780741361013287e-52,2.1079116263518047e-45,1.5726304117106555e-52,-4.638586421868752e-56,7.122293832379552e-30,2.585982098708371e-27,2.1535115806234992e-29,1.160551825945869e-19,0.0,3.7642778770155165e-54,-5.417792713993428e-65,3.1860767255402085e-19,2.977554098108178e-35,1.0173992490684735e-30,-2.304229976035335e-78,7.113049406860499e-27,1.0807359855413695e-13,9.523305665671206e-34,1.1498486158885496e-26,1.0997269946898168e-32,3.4600385576638585e-34,2.1059971966819827e-25,3.222781513407226e-50,-3.028593881458089e-66,2.4363585029024282e-45,1.5376837497724336e-34,0.10000000149009527,2.0820682980634418e-14,7.965198423387724e-21,4.810671560429204e-35,3.3558895409259657e-62,-1.9915788021906465e-50,1.0265707410305695e-39,-2.5651611163737705e-49,2.215814948365532e-27,-1.2806061939887226e-68,2.2168778088503862e-26,7.408311430100752e-26,-3.655329045350817e-58,6.652232206870463e-41,-4.182756247280424e-48,2.2559999941178175e-06,5.8821821100424976e-15,6.179999999994657e-05,5.344823336790607e-17,9.687421002102559e-39,7.375123859595888e-32,6.163198726404149e-38,-1.1391430995191554e-67,2.207305850992139e-36,1.3258471073686855e-22,-3.944616057757401e-41,1.5498441535831904e-28,-6.901765767718928e-90,-9.486593331440346e-45,3.939169526410774e-37,-9.909276869179604e-44,6.906440008143826e-29,4.454330100321273e-31,8.811493894030358e-62,5.8235915207618394e-37,3.612700550952348e-29,0.0003339999999992548,7.421609649847899e-16,5.2259611157912555e-23,1.9196067506181703e-30,-3.659613039776628e-60,4.055842362452275e-41,8.936014145986229e-45,-1.319665904348197e-59,1.0908855305806773e-45,-1.1533553119666628e-60,2.948675820107841e-18,1.904034278481686e-21,7.816483953985523e-17,3.5099999999217196e-06,2.5424410622196175e-48,2.0766227543717206e-40,1.6824418981176495e-16,1.7799999998316025e-06,1.2690888123885477e-39,2.1137428778520854e-34,-1.1154469680506354e-67,1.5373406120579023e-51,0.0,0.0,3.251919499932575e-27,1.3621975962456417e-19,9.954576531653535e-40,1.7024038667615885e-20,1.2934487356497437e-56,7.816908619093524e-33,1.2934479906719872e-56,-8.142086554912511e-71,9.099718050719354e-48,7.471725125388394e-33,7.720566437663887e-24,2.677838149194962e-29,4.266010925334655e-45,2.0377772495009768e-38,6.221961929359428e-42,5.64981543136166e-36,1.2071361996896986e-28,9.533597947382804e-53,-4.331787911384785e-61
0.0005847477683396706,1.000096885914097e-10,0.0001769999999900943,3.957508321519684e-34,8.455916807967548e-28,4.2501108420730584e-40,2.1481864333230117e-31,-5.149338798569425e-47,3.626467989180262e-37,-6.035001181247488e-82,-6.880512930175607e-67,-1.6590690455422828e-75,2.5452667433036476e-51,8.529939024057543e-42,-3.3312788094194898e-59,-4.668301274615762e-47,1.4565035266071993e-46,1.5235979922519063e-96,-1.928045517597989e-79,-2.7889805333139122e-71,-3.3222156662518218e-84,-4.2008469724957225e-95,-5.999103398109523e-81,6.583587275784516e-23,2.845356812108882e-17,4.6104352771259e-24,1.8866747424309548e-16,-1.2098834217228627e-65,-6.385808574663665e-64,1.277433577931892e-31,6.958291334844937e-22,4.7724179669507455e-87,-4.8479842170476814e-85,-5.597220850122599e-62,-3.2785054597298875e-56,-6.385808409737858e-64,-4.271188886963047e-57,-2.262820605902289e-41,-6.040519516540707e-40,5.844018325927506e-34,5.849340830702275e-19,3.389984371570023e-08,6.149079292884914e-28,1.7089748071409524e-22,9.536601761921823e-27,2.680256801445929e-21,6.888642661569165e-44,1.209598926829643e-38,3.854790756823913e-30,0.00018232390031049258,0.4999999999999946,1.4181125726529024e-13,0.24999999999971453,1.3896102337497608e-13,4.683187665384633e-19,-8.421210369322142e-42,-1.054201153211859e-40,5.714373658769024e-32,-1.1836204344127606e-44,-3.329402687802264e-51,-1.853836309479213e-42,-2.381009112275333e-49,-8.685634938452131e-55,1.4893851269645767e-29,7.820126342725564e-27,4.503334661620558e-29,1.6782548571802273e-19,0.0,-3.314378579049584e-51,-1.0144691301371365e-63,6.662583483716037e-19,-2.6134094886410613e-32,2.1275430376977688e-30,-4.285830921159235e-77,2.150807688358825e-26,1.5628324652273061e-13,2.8349815326442668e-33,2.4045133990651138e-26,3.325602858343562e-32,7.289780043759625e-34,4.403973316029275e-25,-2.8350897089883047e-47,-5.57759907443055e-65,7.359395417900501e-45,3.216337036240462e-34,0.10000000149008599,3.0108460028898156e-14,1.6656446385448292e-20,1.0058847389102523e-34,-3.3741648455113954e-59,-3.603562680223417e-49,-9.012656610288362e-37,-4.803203877442489e-48,4.6336248072127526e-27,-2.317418647761139e-67,4.63584337512098e-26,1.5491362192141838e-25,-6.844514774244468e-57,2.0116361815060387e-40,-7.832114284530986e-47,2.255999991493869e-06,8.506130419912814e-15,6.179999999992273e-05,7.729060497429135e-17,2.655854855959765e-38,1.9646510359146767e-31,-7.967905233681387e-37,-2.1636056235622696e-66,-1.1121760901312017e-34,2.7725532391333636e-22,-7.386201576408626e-40,4.686778694685713e-28,-1.30531914707697e-88,-1.7763399361450438e-43,-3.4612025446786126e-34,-1.855489264377727e-42,1.4442467084146445e-28,1.3467493753829015e-30,1.8592973292317967e-60,1.7610540063412635e-36,7.55473126778413e-29,0.00033399999999892245,1.0732253901462952e-15,7.557194541745038e-23,5.804661679754712e-30,-6.852745412508939e-59,1.2264872466233551e-40,2.549212713379255e-44,-1.8227591928988192e-54,3.292044999231512e-45,-2.1187082317119696e-59,4.264033418491806e-18,3.981632200040715e-21,1.1303293697471776e-16,3.5099999998867994e-06,-7.891875062247315e-47,6.279709102556739e-40,2.4329525883058534e-16,1.7799999997564832e-06,2.654004804916659e-39,5.764014469056721e-34,-2.0543372378823842e-66,4.6376882410628886e-51,0.0,0.0,6.800280809178816e-27,1.969846830508888e-19,3.010300232915026e-39,2.461818578878699e-20,-1.1361366996919096e-53,1.634636955618332e-32,-1.136136713641446e-53,-1.4994851459996895e-69,2.751790184619725e-47,1.5628181928259323e-32,1.1164674834327007e-23,5.599789158854886e-29,1.2877567677572066e-44,6.162316081502016e-38,1.8815221062336254e-41,1.6993760764226464e-35,2.524313843372909e-28,-3.2333510394354357e-50,-8.120171390414249e-60
0.0008455944902006664,1.0001401051875532e-10,0.0001769999999856755,5.723683258971759e-34,1.2228862895990038e-27,8.88660611289498e-40,4.492320714507099e-31,-1.8186900642003848e-46,1.096409088969155e-36,-2.1963034239136236e-81,-2.759065719864276e-66,-6.620683140118408e-75,7.539403923551904e-51,2.5793462578914403e-41,-1.26998026104332e-58,-1.6479945402300213e-46,4.404175236079248e-46,6.558184232367741e-96,-7.815717648557014e-79,-1.0635377005473568e-70,-1.3113691876966867e-83,-1.603997483964616e-94,-2.3938523145700365e-80,1.3172565533051998e-22,4.114612559803221e-17,6.667322371333345e-24,2.728285031367783e-16,-4.851597674275653e-65,-2.4816422702503027e-63,3.862953648081274e-31,1.455087338176439e-21,2.97740407290431e-86,-1.816871416477997e-84,-2.168086134274771e-61,-1.2873677244226535e-55,-2.4816421797282336e-63,-1.6285943256522284e-56,-7.984117114970084e-41,-2.1313307383166577e-39,1.7672296631084414e-33,8.829939773413723e-19,3.389977399998074e-08,1.2145187624150595e-27,2.471335124140845e-22,1.976987072840764e-26,3.875887905856356e-21,2.0621576601441196e-43,2.5366372382038434e-38,5.576068859335171e-30,0.00018232390044899835,0.4999999999999922,2.0507128018062744e-13,0.24999999999958716,2.009486277576326e-13,9.793273190170266e-19,-2.971334249936375e-41,-3.719636842000247e-40,1.728025047138971e-31,-4.1762729222678245e-44,-1.2694944984535372e-50,-6.541061157568381e-42,-8.40705189415837e-49,-3.311816091615156e-54,3.1145416525729574e-29,2.3648071921104313e-26,9.417186564263531e-29,2.426896180055235e-19,0.0,-1.1694446431176745e-50,-3.8681507874235226e-63,1.3932491327337163e-18,-9.221099535410163e-32,4.449028681909374e-30,-1.70451829712177e-76,6.503631229731576e-26,2.2599815693918437e-13,8.479129011769629e-33,5.0282106657703904e-26,1.00566166278177e-31,1.5408916204133345e-33,9.209402539833122e-25,-1.0003309705782774e-46,-2.201344049946809e-64,2.2247774563652379e-44,6.728355625721565e-34,0.10000000149007256,4.3539367375278346e-14,3.483112348678591e-20,2.103329622666403e-34,-1.1908552903160573e-58,-1.373127702798128e-48,-3.180008394519013e-36,-1.8314495457228868e-47,9.689655735043632e-27,-8.83075911779435e-67,9.694282889825549e-26,3.2394031329117882e-25,-2.609799542577167e-56,6.083175872780504e-40,-2.9863641593307378e-46,2.255999987699419e-06,1.2300580524654637e-14,6.179999999988826e-05,1.1176863840263865e-16,7.461342221505335e-38,5.385676660585117e-31,-2.903679364985309e-36,-8.24620673153451e-66,-3.963856980060687e-34,5.797837428725963e-22,-2.816344092060234e-39,1.4172814713444242e-27,-5.413326794386784e-88,-6.773148944552163e-43,-1.2212457343733552e-33,-7.074943982462813e-42,3.020150108822945e-28,4.072035355194673e-30,9.045721236405434e-60,5.3254163160410396e-36,1.5798142851414251e-28,0.00033399999999844177,1.5519704154862862e-15,1.0928370558939607e-22,1.7552682983576733e-29,-2.612933879449708e-58,3.708890057371106e-40,7.631226481141434e-44,-6.442291241016569e-54,9.951503165823097e-45,-8.320214693466998e-59,6.1661512146760465e-18,8.326206459050261e-21,1.6345514065609528e-16,3.5099999998363027e-06,-2.8218562630165794e-46,1.8989802180916684e-39,3.5182542105384715e-16,1.7799999996478542e-06,5.5503638873314383e-39,1.6117274875941382e-33,-8.10785207912142e-66,1.4014217543229623e-50,0.0,0.0,1.422046737852634e-26,2.848552714949304e-19,9.10314740378116e-39,3.5599954065374405e-20,-4.0087262219257023e-53,3.418276627651693e-32,-4.008726275115008e-53,-5.918112849643276e-69,8.32141420312891e-47,3.269194724394281e-32,1.6145239232825242e-23,1.1710059973562852e-28,3.8930198523947957e-44,1.8634844510363067e-37,5.689711546641726e-41,5.11981457275077e-35,5.278741485922292e-28,-1.1417476185805353e-49,-3.0959546736411823e-59
0.0012228008050171417,1.0002026038958107e-10,0.00017699999997928558,8.279092439103602e-34,1.76862150486019e-27,1.858673886026132e-39,9.394534984150178e-31,-2.613615443167036e-46,3.318086681370544e-36,-4.488854036586556e-81,-7.060536501414478e-66,-1.6780036411250904e-74,2.3365209031596113e-50,7.800724841045987e-41,-2.896958061429104e-58,-2.3803586322815215e-46,1.3321149067119682e-45,1.905238754554243e-95,-2.0427744088485934e-78,-2.4277305883981315e-70,-3.249400630363449e-83,-3.6972149806605863e-94,-6.066412001991714e-80,2.6685876149332352e-22,5.950049148917389e-17,9.642118962824986e-24,3.945318405503738e-16,-1.241539331839631e-64,-5.948141146541963e-63,1.1681483650820767e-30,3.042812610767531e-21,1.3000178049707645e-85,-4.006320710475535e-84,-5.161715456382317e-61,-3.155092907841807e-55,-5.948140791490396e-63,-3.7180871800796875e-56,-1.1486466454389457e-40,-3.066257967508267e-39,5.344057309311018e-33,1.3545284988168384e-18,3.389967318543609e-08,2.4365906775046078e-27,3.573787270293195e-22,4.109250277229327e-26,5.604883095952013e-21,6.465593505135873e-43,5.32631127295617e-38,8.068358190957117e-30,0.00018232390064928933,0.4999999999999887,2.9655088823429495e-13,0.249999999999403,2.9058714839082397e-13,2.047923859110244e-18,-4.274766613803551e-41,-5.351332936943214e-40,5.225504677937516e-31,-6.008217194520035e-44,-2.8982665900798046e-50,-9.410393803653581e-42,-1.216189277548384e-48,-7.560911522049955e-54,6.513003221470599e-29,7.151083596179202e-26,1.9692825883548799e-28,3.509492799809548e-19,0.0,-1.6824623875750904e-50,-8.831023743950371e-63,2.913496102857137e-18,-1.3265702343185132e-31,9.303619214876406e-30,-4.2858903839001316e-76,1.9665967895668094e-25,3.268111614610854e-13,2.5444489754981057e-32,1.0514759314606114e-25,3.041092934861135e-31,3.272367149779002e-33,1.925830544539622e-24,-1.4391442606579585e-46,-5.4531962557854726e-64,6.730789394862414e-44,1.407789355817926e-33,0.10000000149005314,6.29615898514412e-14,7.283694428697306e-20,4.398724912659941e-34,-1.7165072505336214e-58,-3.148352134181353e-48,-4.574855101907037e-36,-4.181201715241445e-47,2.0262637749562297e-26,-2.0248665953575359e-66,2.0272276905638235e-25,6.773978027973369e-25,-5.958194458792236e-56,1.8395444246496453e-39,-6.817865861028387e-46,2.2559999822123247e-06,1.7787674739036114e-14,6.17999999998384e-05,1.616266874347778e-16,2.138066607295472e-37,1.512461546097636e-30,-3.2999697296656654e-36,-1.8764435725834649e-65,-5.465118199736118e-34,1.2124161846045349e-21,-6.429739474192292e-39,4.28581427667069e-27,-1.475895933733651e-87,-1.5463164022970192e-42,-1.7569398034113577e-33,-1.6152161883632604e-41,6.315615346885902e-28,1.2312583486561297e-29,3.119389726217569e-59,1.6103995320455202e-35,3.303642130623858e-28,0.00033399999999774674,2.2442718379855582e-15,1.5803408843611384e-22,5.307748266753788e-29,-5.965299447940806e-58,1.1215636078738814e-39,2.3926576588764688e-43,-9.391419877285648e-54,3.013005683713876e-44,-2.039521273975003e-58,8.916773640832761e-18,1.7411360887058286e-20,2.3636989113658133e-16,3.5099999997632796e-06,-3.70542188791646e-46,5.742492299991353e-39,5.087691693884236e-16,1.7799999994907675e-06,1.1607956333820499e-38,4.5992848043864594e-33,-2.0084099264017324e-65,4.2418896735664717e-50,0.0,0.0,2.9737252529229164e-26,4.1192227251557e-19,2.7527606038720134e-38,5.148049931920825e-20,-5.7671115652263215e-53,7.14813161141144e-32,-5.767111686657991e-53,-1.4660452466463199e-68,2.5163658938732578e-46,6.839711797716357e-32,2.3347750649768696e-23,2.4487626779866305e-28,1.1785182422170872e-43,5.6351112800447985e-37,1.720561476735786e-40,1.5442342148006237e-34,1.1038686391772282e-27,-1.6341585187153302e-49,-7.065468456327408e-59
0.0017682728850275922,1.0002929822907613e-10,0.00017699999997004517,1.1978321997002851e-33,2.558160211677654e-27,3.889208823405498e-39,1.964663328548724e-30,5.339294632444976e-46,1.0045590695061458e-35,-2.881997685851452e-81,-1.2820609736610256e-65,-2.971277024768349e-74,7.375105684821196e-50,2.3593141914677505e-40,-3.60179290642096e-58,4.74836868442654e-46,4.029667851252263e-45,4.5165084883248586e-95,-3.908206401441358e-78,-3.027318074313154e-70,-5.403865133450009e-83,-4.816042502238607e-94,-1.0738269887427846e-79,5.456077081459744e-22,8.604215555316033e-17,1.3944885248836097e-23,5.705238677559134e-16,-2.2544031283704348e-64,-8.924696484774434e-63,3.5324452915580524e-30,6.362985134673743e-21,4.866190521607559e-85,-4.280218273139328e-84,-7.572993747745965e-61,-5.079381285333544e-55,-8.924695265423105e-63,-4.640002105887103e-56,2.3317401169329478e-40,6.224577026163632e-39,1.6160242652364438e-32,2.1211300919708653e-18,3.38995273996494e-08,4.9461764116708325e-27,5.1680571507758465e-22,8.557105730681486e-26,8.105180716549993e-21,2.060634572211474e-42,1.1204309438342184e-37,1.1681697447089755e-29,0.00018232390093892684,0.4999999999999836,4.288387084939961e-13,0.24999999999913666,4.202103781393999e-13,4.282518063713141e-18,8.677612942424293e-41,1.0862943219182831e-39,1.5801748794457e-30,1.2196958263208726e-43,-3.616933604109748e-50,1.9102991850704912e-41,2.4094984140546306e-48,-9.435789680995827e-54,1.3619729125066915e-28,2.162447623076212e-25,4.118080050819641e-28,5.075014983281894e-19,0.0,3.415169220929055e-50,-1.102081947008285e-62,6.092554744122121e-18,2.693248245123458e-31,1.9455323668866095e-29,-7.424777695136755e-76,5.9467433601054545e-25,4.725939469598701e-13,7.653314970421389e-32,2.198794489022594e-25,9.19614865377208e-31,6.995171412857165e-33,4.02721159850871e-24,2.921415807045924e-46,-9.061923028751249e-64,2.036994828667479e-43,2.946347434996563e-33,0.10000000149002505,9.104775828108562e-14,1.5231218735430518e-19,9.2009738717822e-34,3.455666439592219e-58,-4.0133649023864204e-48,9.287883594142499e-36,-5.217922970918848e-47,4.2372474977908957e-26,-2.5818021828248793e-66,4.239252022535124e-25,1.4165268647827112e-24,-7.435616262202598e-56,5.562752932723955e-39,-8.508303908369836e-46,2.2559999742775246e-06,2.572247479276321e-14,6.17999999997663e-05,2.3372543614200735e-16,6.2202365726987445e-37,4.330720725119898e-30,1.5157764013815e-35,-2.306360476844974e-65,1.3439322535823645e-33,2.535343274965073e-21,-8.024098193630597e-39,1.2960113011630135e-26,-3.101896659686936e-87,-1.9297524348690783e-42,3.5667739452670644e-33,-2.0157351741762643e-41,1.3206958512211522e-27,3.723034728926604e-29,9.410796056176434e-59,4.86982521956043e-35,6.908438145188744e-28,0.00033399999999674163,3.2453892252669255e-15,2.285319566343303e-22,1.6050129395413739e-28,-7.444196388304067e-58,3.3915909125269534e-39,7.625577390611154e-43,1.7973202430785535e-53,9.128318270757233e-44,-3.285369743949354e-58,1.2894405173598212e-17,3.6409737237087345e-20,3.4181075745705553e-16,3.509999999657682e-06,1.0937467734265429e-45,1.7365209348897346e-38,7.357230370002007e-16,1.7799999992636068e-06,2.4277900120418134e-38,1.333407102147302e-32,-3.337121156603279e-65,1.2848840733696787e-49,0.0,0.0,6.218530008908967e-26,5.956692040783096e-19,8.324215723605766e-38,7.444507095584852e-20,1.170806711844306e-52,1.4947792761559215e-31,1.1708066966900458e-52,-2.436235716753576e-68,7.609363674812435e-46,1.4312920442604598e-31,3.3763598434742944e-23,5.120760565551186e-28,3.5696640647737346e-43,1.7040296925485264e-36,5.202951085988304e-40,4.661395200135501e-34,2.308364216180096e-27,3.3986546047557575e-49,-8.802807587637363e-59
0.0025570714241392473,1.0004236770618778e-10,0.0001769999999566828,1.733895825842306e-33,3.700882742086308e-27,8.142730251124873e-39,4.1087803527003825e-30,5.650482265665338e-45,3.041351594350051e-35,2.4550675993064946e-80,-1.0533545456808239e-65,-2.0546795389258036e-74,2.3287414812640324e-49,7.135720302185763e-40,5.52964030141814e-58,5.076890544136206e-45,1.2189842305391762e-44,9.110773682466071e-95,-4.227300800090932e-78,4.581017701333639e-70,-1.9027248156862817e-83,5.736919551776958e-94,-7.406501894301415e-80,1.1229704703152503e-21,1.2442302123592303e-16,2.016965174390393e-23,8.250205543137099e-16,-1.8522440424935854e-64,2.253901547981484e-63,1.0682007459858809e-29,1.330595243398488e-20,1.6799134896465236e-84,1.1782030263242367e-83,2.972668118584886e-61,-8.531332790781536e-56,2.2539054856716016e-63,6.993243495562788e-56,2.4740952416320562e-39,6.604544511118821e-38,4.8868005943280986e-32,3.4068698648532976e-18,3.389931658224015e-08,1.0127772142264114e-26,7.473571006207599e-22,1.7842469197317858e-25,1.172087390151433e-20,6.552754270323959e-42,2.363041037671374e-37,1.6934268274978172e-29,0.00018232390135776685,0.49999999999997624,6.201393010413187e-13,0.24999999999875153,6.076530996655555e-13,8.955375957621866e-18,9.207443968811517e-40,1.1526231310554854e-38,4.7783948833480705e-30,1.2941436774012417e-42,5.451088658136695e-50,2.026925145338192e-40,2.5839821561053593e-47,1.4220392685983891e-53,2.848102948716837e-28,6.539119676134222e-25,8.611550443508213e-28,7.338884197337822e-19,0.0,3.623766149176478e-49,1.660938249910449e-62,1.2740412290620446e-17,2.857523789958362e-30,4.0684100813643574e-29,-4.2696373987775766e-76,1.7982374271769985e-24,6.834053976107985e-13,2.305762200677264e-31,4.598001653766493e-25,2.7808799418663637e-30,1.508907121492396e-32,8.421520039690391e-24,3.099785671865339e-45,-3.1521041175434465e-64,6.164926885739221e-43,6.168766304177263e-33,0.10000000148998446,1.3166272178309854e-13,3.1850460550217917e-19,1.9251102445880298e-33,3.6799477224883853e-57,5.406890344698202e-48,9.854467309600818e-35,7.864449672265129e-47,8.86078093345289e-26,3.47391031828769e-66,8.864938918296371e-25,2.962151401535438e-24,1.1206221941266087e-55,1.6821675576959353e-38,1.2824001572884792e-45,2.255999962803136e-06,3.7196863488237726e-14,6.179999999966204e-05,3.379859048686418e-16,1.830057576164642e-36,1.2587952738364787e-29,1.2243414131382777e-34,3.7422313890948405e-65,1.319967289100694e-32,5.3017699257500235e-21,1.209304639424217e-38,3.9190805468515714e-26,-4.704291691504312e-87,2.908299847668421e-42,3.7844344041537675e-32,3.037897908901243e-41,2.7617855652101724e-27,1.125779525889348e-28,2.687324015622229e-58,1.4726281762952825e-34,1.4446632749019739e-27,0.0003339999999952882,4.6930709542019064e-15,3.30479295314685e-22,4.853431906901245e-28,1.1221307280488194e-57,1.0256117977616927e-38,2.4249079552092534e-42,1.9573928457039892e-52,2.7655922520078805e-43,-5.630518048654778e-59,1.8646395138280886e-17,7.613797803544262e-20,4.942871249700494e-16,3.5099999995049794e-06,1.0054816425879969e-44,5.251212784340142e-38,1.0639174273609674e-15,1.7799999989351133e-06,5.078049111456177e-38,3.912158553789244e-32,-1.1586459747607149e-65,3.8922577254999055e-49,0.0,0.0,1.3003926818025533e-25,8.613771977442372e-19,2.517202555094029e-37,1.0765370450621125e-19,1.2422444292463035e-51,3.1257945496192735e-31,1.2422444315301906e-51,-8.475058100323097e-69,2.301032983932316e-45,2.9960816294455683e-31,4.882664848726358e-23,1.0708349140651354e-27,1.0812414008666053e-42,5.15290069262309e-36,1.573364265723061e-39,1.4078537366999342e-33,4.827154286505575e-27,3.569229982442344e-48,1.3376636958122247e-58
0.0036977405034673127,1.0006126727117756e-10,0.0001769999999373597,2.5123755541042987e-33,5.356110123740705e-27,1.7052405749425257e-38,8.593183356917605e-30,2.3020659046649623e-44,9.20220254433305e-35,-3.767136842578904e-76,-4.142304044420757e-62,-1.0207551008816512e-70,6.000205817719792e-49,2.1576982530863686e-39,-1.5340112413596237e-56,2.065938950709444e-44,3.686669731470515e-44,8.795966033399849e-90,-1.2116073620197293e-73,-2.2361832457925354e-68,-3.0840007753155767e-80,-2.548267187739439e-90,-3.713348310459337e-76,2.3223125231859897e-21,1.7992369843180716e-16,2.9178438511646753e-23,1.1930387514332502e-15,-7.284127728661282e-61,-3.922335196428822e-60,3.230218865373787e-29,2.782467462269464e-20,2.5732884860200417e-80,-3.107789946394737e-79,-3.4845837639834444e-57,-1.9984555350741686e-52,-3.9223344236421136e-60,-1.9739526364556332e-54,1.0145551802476556e-38,2.708353261060303e-37,1.4777581172124387e-31,5.636647363514697e-18,3.3899011724841e-08,2.0867720775210444e-26,1.0807674892639906e-21,3.723727370226193e-25,1.6949580102152782e-20,2.0271534569217724e-41,5.001953605520385e-37,2.4611293010466925e-29,0.0001823239019634444,0.49999999999996564,8.967787150528985e-13,0.24999999999819464,8.787039861636645e-13,1.872696144015035e-17,3.775682622665858e-39,4.726533991700293e-38,1.4449766972697485e-29,5.306974028914566e-42,-1.5388477270172785e-48,8.311828012552262e-40,1.0486067213853496e-46,-4.015933658119381e-52,5.955838306866171e-28,1.977408975486247e-24,1.8008090208718835e-27,1.0612613670256954e-18,0.0,1.4859629543569388e-48,-4.688337767892737e-61,2.6641958119803334e-17,1.1718484964920857e-29,8.507669101400179e-29,-2.1767273573382628e-72,5.4377545434934415e-24,9.882507953961666e-13,6.95464279652041e-31,9.615069328532441e-25,8.409317196631149e-30,3.2945984338249856e-32,1.761067614880162e-23,1.2711269935667945e-44,-3.409051572111634e-61,1.8604206176298812e-42,1.2922283115784855e-32,0.10000000148992572,1.9039537747508048e-13,6.660304191477429e-19,4.0283498967393906e-33,1.4700824715847062e-56,-2.227540749164202e-45,4.041214498577663e-34,-2.2193656660231882e-45,1.8529368756637602e-25,-1.4362466635100874e-63,1.8537961564155203e-24,6.19427449696688e-24,-3.163763661562377e-54,5.086854943514271e-38,-3.6183649867708016e-44,2.255999946210204e-06,5.378979523665445e-14,6.179999999951127e-05,4.887545018322489e-16,5.424671100829108e-36,3.700344560926121e-29,4.856157561134352e-34,-1.501695037323232e-63,5.366811558876e-32,1.1086734089706284e-20,-3.4136050550868313e-37,1.1851198098310145e-25,-7.829212041962732e-81,-8.213695697587694e-41,1.551925610990499e-31,-8.574864466352694e-40,5.775333883548244e-27,3.404224827119974e-28,9.836341434210174e-56,4.453211589421835e-34,3.0210173576749274e-27,0.0003339999999931863,6.786502366993262e-15,4.7790683855103e-22,1.467653571389254e-27,-3.1687423652051015e-56,3.101438261607954e-38,7.501662481973075e-42,7.640008111969028e-52,8.367672756225314e-43,-1.295093659822459e-55,2.6964256716240026e-17,1.5921487493807042e-19,7.147807861490526e-16,3.509999999284158e-06,4.056479897002269e-44,1.5879607838056987e-37,1.53851412993073e-15,1.7799999984600843e-06,1.0622497100029314e-37,1.1579274640157896e-31,-1.2762299956174273e-62,1.1707649627166575e-48,0.0,0.0,2.719325142843737e-25,1.2456017464299863e-18,7.611950428358702e-37,1.556760375110779e-19,5.0942522685397125e-51,6.536452417992766e-31,5.094252204072362e-51,-9.169232092619141e-66,6.958256998120015e-45,6.274422170176925e-31,7.061087975827286e-23,2.2392933049240746e-27,3.272342443964767e-42,1.5582224218913723e-35,4.757835380716917e-39,4.25368425669486e-33,1.0094339208830204e-26,1.4619838885373415e-47,-3.7454558341802094e-57
0.005347244000266954,1.000885976350947e-10,0.00017699999990941688,3.6477708559675346e-33,7.757580451411049e-27,3.4928662016503965e-38,1.7971539601642556e-29,-3.3239502501806253e-43,2.746429123318581e-34,-3.685074034449601e-74,-4.245763618708737e-60,-1.0436939635513922e-68,-1.0745278843527165e-47,6.482889158371715e-39,-2.1057103818443098e-54,-3.047026667144855e-43,1.1093333804554047e-43,9.355876818048102e-88,-1.2476463740000941e-71,-2.733542122068869e-66,-3.178644657805779e-78,-2.523954785152815e-88,-3.797152358993983e-74,4.8187491092762264e-21,2.601796619234541e-16,4.222652611772468e-23,1.725212680554051e-15,-7.466060437960877e-59,-4.035275646306466e-58,9.768923726870732e-29,5.818524620981086e-20,3.5016884059228347e-78,-3.0819730830621625e-77,-3.5149482401553655e-55,-2.0595893635294906e-50,-4.035274674018165e-58,-2.70339860841596e-52,-1.393675400717728e-37,-3.72015306662162e-36,4.469159403270158e-31,9.6358467328969e-18,3.3898570880231345e-08,4.318949047931587e-26,1.562935579119708e-21,7.776404622303796e-25,2.4510958382518147e-20,2.767626590707096e-41,1.0623248267563941e-36,3.595596058313645e-29,0.0001823239028393043,0.4999999999999503,1.296828145394115e-12,0.24999999999738926,1.2706516072014566e-12,3.916058586826454e-17,-5.186906169907369e-38,-6.493289688916493e-37,4.37000398770848e-29,-7.289253112848896e-41,-2.1074501995005934e-46,-1.141789580286818e-38,-1.585314148011594e-45,-5.4992832253902555e-50,1.2454553370497007e-27,5.9806868017055444e-24,3.765768275905188e-27,1.5346668664798656e-18,0.0,-2.0417544335481838e-47,-6.420870460742602e-59,5.571174957969015e-17,-1.6089526667776166e-28,1.779081687815622e-28,-2.2325925042119573e-70,1.644512737130777e-23,1.4290709722103193e-12,2.09945190821833e-30,2.010638526015887e-24,2.5432456513556663e-29,7.278531130479759e-32,3.6826535286151405e-23,-1.7461996740169846e-43,-3.515702772444809e-59,5.127091257022841e-42,2.7052571261277623e-32,0.10000000148984078,2.7532774098450126e-13,1.39273497657688e-18,8.345817325489993e-33,-2.4771859558520374e-55,-2.2848390040872512e-43,-5.5489541798584936e-33,-3.039662044132931e-43,3.8748055731760034e-25,-1.473293970791813e-61,3.876571510820307e-24,1.2953104100433332e-23,-4.332682749284177e-52,1.5383070534676963e-37,-4.955939972250891e-42,2.2559999222154284e-06,7.778457096647118e-14,6.179999999929323e-05,7.067768761034858e-16,1.5851551489414036e-35,1.0969657649144447e-28,-5.891860025837986e-33,-1.889478870007281e-61,-7.167968665125897e-31,2.3183789511920982e-20,-4.675036615211464e-35,3.5842543660694395e-25,-8.157476760858105e-79,-1.1247359057843896e-38,-2.1313498794060754e-30,-1.1743710300074365e-37,1.2077143797709814e-26,1.0295536065855705e-27,1.1255510706779154e-53,1.3466799146132726e-33,6.317417235377479e-27,0.0003339999999901469,9.813700476302397e-15,6.911059799181093e-22,4.438721476649055e-27,-4.3391403732129643e-54,9.378991840704829e-38,1.0241506656264528e-41,-1.5255073985365843e-50,2.448409784345154e-42,-1.3346135777474176e-53,3.89925845619148e-17,3.3293831584509524e-19,1.0336331789622273e-15,3.509999998964832e-06,-5.2610361260575345e-43,4.80211189832065e-37,2.224820888086553e-15,1.7799999977731524e-06,2.2223832963431197e-37,3.4488865776637976e-31,-1.316053743378533e-60,2.765761643593227e-48,0.0,0.0,5.686532517607602e-25,1.8011985804711325e-18,2.3021755244654182e-36,2.251200672210102e-19,-6.995697717972876e-50,1.3668515057662767e-30,-6.995698600879644e-50,-9.45606562936424e-64,2.1044880210059935e-44,1.3148447170923322e-30,1.0211646116197142e-22,4.682739825960709e-27,9.724613976681559e-42,4.7127485696934904e-35,1.4388068048578804e-38,1.2855782073082741e-32,2.1108842431021532e-26,-2.001643667705746e-46,-5.135225534734215e-55
0.007732564892420054,1.0012811964626567e-10,0.00017699999986900918,5.318396318056558e-33,1.1253159077977073e-26,7.146808107748385e-38,3.7588001013534233e-29,-1.5172220540219626e-42,8.258656925199798e-34,-1.6271829691362493e-73,-2.039551956343079e-59,-4.9913654951185535e-68,-5.2844826773092335e-47,1.9539321390177057e-38,-9.705430591356179e-54,-1.3908052392211162e-42,3.347076313942864e-43,4.781540161509507e-87,-6.050355850916727e-71,-1.2768815363501259e-65,-1.5179962875528714e-77,-1.1365441604473842e-87,-1.816259470606225e-73,1.0022489100915964e-20,3.7623092115591945e-16,6.115478639969311e-23,2.4947572205745716e-15,-3.586498675472958e-58,-1.8866755949408852e-57,2.954211733190208e-28,1.2167285905253091e-19,2.3953512035251606e-77,-1.397208243742576e-76,-1.6385880557577918e-54,-9.715978193520668e-50,-1.8866749690363103e-57,-1.2460001919221403e-51,-6.357281838322863e-37,-1.6969551024019097e-35,1.35152463982506e-30,1.7039160591040585e-17,3.389793339196023e-08,8.967271106999097e-26,2.2602510329997914e-21,1.6247188360309934e-24,3.544582667167622e-20,4.0255846064185256e-41,2.2722102585312627e-36,5.309005761831288e-29,0.00018232390410586965,0.49999999999992817,1.875344905689299e-12,0.24999999999622463,1.837409961934499e-12,8.188958880414475e-17,-2.3660204087552927e-37,-2.9619311436157207e-36,1.3215370104429017e-28,-3.325005665749614e-40,-9.713293620399875e-46,-5.208299483756239e-38,-7.237701127504445e-45,-2.5346392378276876e-49,2.604433409678041e-27,1.8086833522925265e-23,7.874790135257523e-27,2.219244086818067e-18,0.0,-9.313531236578447e-47,-2.959399456067585e-58,1.164996338643664e-16,-7.339239685858168e-28,3.7203205968838218e-28,-1.0726971971517521e-69,4.973156959908441e-23,2.0665091109803316e-12,6.341038004621858e-30,4.204487817488302e-24,7.691101660228845e-29,1.6422685176095974e-31,7.700956335826008e-23,-7.96533258755544e-43,-1.6656090647538576e-58,1.469994779971844e-41,5.669238564035632e-32,0.10000000148971797,3.981470871322314e-13,2.9123074793565552e-18,1.7285529532971612e-32,-1.1361171333574255e-54,-1.0506372536123949e-42,-2.531157686414702e-32,-1.4009733270201544e-42,8.102894105829865e-25,-6.776448256957367e-61,8.106493394078538e-24,2.7086754100966344e-23,-1.9969437601708198e-51,4.651886909164141e-37,-2.2841735868348148e-41,2.2559998875169635e-06,1.1248303590141926e-13,6.179999999897792e-05,1.0220520105672083e-15,4.6963842232051106e-35,3.271015918767027e-28,-2.709086496921132e-32,-8.798871756774018e-61,-3.275361439475387e-30,4.8479975028502226e-20,-2.1547390237379263e-34,1.0839339235888005e-24,-4.0342906617118153e-78,-5.183938009771867e-38,-9.722179003774728e-30,-5.4127133933977e-37,2.5255232840139583e-26,3.1134940698447067e-27,6.441406878846141e-53,4.072390403211981e-33,1.3210691267271568e-26,0.00033399999998575173,1.4191116628974047e-14,9.994234861975416e-22,1.342333095274051e-26,-1.9999316140833264e-53,2.8362336192833183e-37,1.489536256615513e-41,-6.979199122845542e-50,7.288175372183262e-42,-6.296005272733157e-53,5.638655882965017e-17,6.962108588078777e-19,1.4947205766037407e-15,3.50999999850306e-06,-2.4085333408324446e-42,1.4521714788946612e-36,3.217278184359482e-15,1.7799999967797913e-06,4.65053609140895e-37,1.0319392005626059e-30,-6.236696685070413e-60,7.111029043229364e-48,0.0,0.0,1.18914161881515e-24,2.6045877567885027e-18,6.96217414076714e-36,3.2554133975272687e-19,-3.191093907365751e-49,2.8582291158063063e-30,-3.1910943143002665e-49,-4.479970641268537e-63,6.364354621454048e-44,2.7579054621784583e-30,1.4768402391029029e-22,9.792417587783595e-27,2.919175541525941e-41,1.425219298948525e-34,4.350992626435463e-38,3.886021232983657e-32,4.414186367593289e-26,-9.132656551943966e-46,-2.3668397836034e-54
0.011181939670698044,1.0018527181053228e-10,0.00017699999981057627,7.82049045119211e-33,1.6375162988912437e-26,1.500990034227455e-37,7.86321189981954e-29,-2.873054871942502e-42,2.5127440935417075e-33,-3.7808417084232266e-73,-5.69039566439057e-59,-1.3807810012613848e-67,-1.3130646294282655e-46,5.920002762802111e-38,-2.4681099699211436e-53,-2.649128658503951e-42,1.0142070379310779e-42,1.4865562327997409e-86,-1.7183690369880208e-70,-3.3517015631028246e-65,-4.186594858850176e-77,-2.7680015550231137e-87,-5.026033086327914e-73,2.0880291560329753e-20,5.440390603581714e-16,8.870121311577814e-23,3.6075337258244265e-15,-1.000642096773948e-57,-4.986030585362939e-57,8.933181062106162e-28,2.544320037576952e-19,1.0468898492789007e-76,-3.4562754634959434e-76,-4.3067130722645744e-54,-2.615087035698628e-49,-4.9860279955545994e-57,-3.1686302682587546e-51,-1.1836434924568506e-36,-3.1594360263732646e-35,4.086813656275181e-30,3.1132942167882164e-17,3.389701155146691e-08,1.8660401852909474e-25,3.2687529322299633e-21,3.3956513031021305e-24,5.125956780530135e-20,2.6168174316338378e-40,4.917318706516919e-36,8.005823785178315e-29,0.0001823239059374261,0.49999999999989614,2.7119531159092998e-12,0.24999999999454045,2.656925644311103e-12,1.7123983348026928e-16,-4.405315543673938e-37,-5.514886008836842e-36,3.9961419969669623e-28,-6.19049068973119e-40,-2.47014721386142e-45,-9.697206142338763e-38,-1.3889017022765405e-44,-6.445779005742716e-49,5.44628539109207e-27,5.469003157277777e-23,1.6467345806290787e-26,3.2091857760427693e-18,0.0,-1.7342057817081305e-46,-7.525938272995905e-58,2.4361170028935553e-16,-1.366244867097364e-27,7.779714414873623e-28,-2.993965627941344e-69,1.5038040664136754e-22,2.9882461601705767e-12,1.91582952031283e-29,8.792018846926638e-24,2.3256641829898764e-28,3.8194177120799593e-31,1.6103748132913816e-22,-1.4830635072799886e-42,-4.521627858183562e-58,4.5607022663104636e-41,1.1917427855145506e-31,0.10000000148954036,5.757541989533888e-13,6.089726256286045e-18,3.6223889312272086e-32,-2.2724101429588836e-54,-2.6799379536029237e-42,-4.712006678601224e-32,-3.5626663479451855e-42,1.694461818526184e-24,-1.7295227604182244e-60,1.6951862254996167e-23,5.664208352830369e-23,-5.0783404495240114e-51,1.4067071813263542e-36,-5.808589335329934e-41,2.255999837340063e-06,1.6265993593592558e-13,6.179999999852196e-05,1.4779589273029684e-15,1.4194198494134062e-34,9.793554040037998e-28,-4.993837908709327e-32,-2.2929377007790167e-60,-6.0855684236459854e-30,1.0137625825869024e-19,-5.479636789560514e-34,3.2776078370563434e-24,-1.1870016216827483e-77,-1.3183096271694135e-37,-1.81000072611525e-29,-1.3764868459278262e-36,5.281271750162615e-26,9.414481519443192e-27,2.346559729341828e-52,1.2314738922396192e-32,2.7625554750444634e-26,0.000333999999979396,2.0520879394106127e-14,1.445304997419039e-21,4.0589459221321774e-26,-5.086013844084273e-53,8.576633902206698e-37,9.683292108867423e-41,-1.4354480049465662e-49,2.2323457003607253e-41,-1.6946227987586828e-52,8.153970922232798e-17,1.4558388080893936e-18,2.1614917633246034e-15,3.509999997835299e-06,-4.465090967377121e-42,4.391299086469919e-36,4.6524548818953164e-15,1.7799999953433077e-06,9.734654781815524e-37,3.0976894581384515e-30,-1.6940171053640883e-59,2.3275919490984076e-47,0.0,0.0,2.4866756697785692e-24,3.766250301698907e-18,2.1052140077330957e-35,4.707576150170426e-19,-5.940780986071144e-49,5.976785148819378e-30,-5.940782020931118e-49,-1.2161985503806887e-62,1.9244386534221464e-43,5.7924888743499326e-30,2.13594948972391e-22,2.0477693935019333e-26,8.901815844598619e-41,4.309550280861384e-34,1.3157191376780158e-37,1.1747828519852334e-31,9.230739877537747e-26,-1.7001453187519487e-45,-6.018865296744432e-54
0.016170025927839105,1.0026791867056516e-10,0.0001769999997260774,1.1698009974440534e-32,2.3980755820998026e-26,3.2814261354505933e-37,1.6454349773030844e-28,1.2374229403292458e-42,7.687631753854011e-33,-3.977111535274404e-73,-1.1330696308060101e-58,-2.6940947183225977e-67,-1.7222855761119992e-46,1.7983316454652384e-37,-3.7782805506643105e-53,1.021399805879435e-42,3.079552273583911e-42,3.673554829303866e-86,-3.5634460762180725e-70,-5.675345141197023e-65,-8.107902316484004e-77,-3.6260720599420428e-87,-9.814241018315645e-73,4.355125189979481e-20,7.8667918585642935e-16,1.2905154997430279e-22,5.216598348668413e-15,-1.992479454630639e-57,-8.626165725644007e-57,2.7011959725883156e-27,5.320417301921898e-19,3.855883666984153e-76,-4.814328842597925e-76,-7.33562221365108e-54,-4.758512991277113e-49,-8.626156621897601e-57,-4.850904399891284e-51,6.644889631105302e-37,1.7742663492923124e-35,1.2357421146625521e-29,5.859853338537886e-17,3.3895678536861444e-08,3.889380800957058e-25,4.7273930342282455e-21,7.098724900274019e-24,7.41296616930013e-20,1.6096228608060905e-39,1.0812567196831255e-35,1.2565456559569206e-28,0.00018232390858600328,0.49999999999984995,3.921809776526551e-12,0.24999999999210495,3.841879219208669e-12,3.580766333355649e-16,2.4723927734905135e-37,3.094814143751358e-36,1.2083292235379176e-27,3.477163656497021e-40,-3.7816708606023886e-45,5.443727740223651e-38,4.568361519075334e-45,-9.86839701064383e-49,1.1389135345120669e-26,1.653568698164657e-22,3.4435555710824617e-26,4.640694268674647e-18,0.0,9.724227214646571e-47,-1.152189467556926e-57,5.094079046864218e-16,7.687689358085763e-28,1.6268414291242337e-27,-5.966766985327103e-69,4.547088013816338e-22,4.3210464629422036e-12,5.789708739658109e-29,1.8384801095366186e-23,7.032106304324107e-28,9.201007663581547e-31,3.367496258219009e-22,8.324108933770433e-43,-8.415024183957346e-58,1.4692256231389986e-40,2.5167182447189664e-31,0.10000000148928351,8.3258903111476e-13,1.2733460945042469e-17,7.730602115701627e-32,6.175338144525197e-56,-4.158743138491014e-42,2.650605538255902e-32,-5.453792192399061e-42,3.543442590878256e-24,-2.689025718841292e-60,3.544872054905685e-23,1.1844587707291196e-22,-7.774664307337927e-51,4.2537574285335606e-36,-8.891631050058542e-41,2.255999764780044e-06,2.352199550770538e-13,6.179999999786259e-05,2.1372230940003956e-15,4.335859268953478e-34,2.9407660144808584e-27,3.2697532830390295e-32,-3.798308129384443e-60,3.535476585944663e-30,2.1198455027121478e-19,-8.389096069092537e-34,9.910311328126322e-24,-2.6509786016260877e-77,-2.0182883412435436e-37,1.017238524232939e-29,-2.1073428003057975e-36,1.1043980998711063e-25,2.846563458318783e-26,7.2431336197591e-52,3.7238878622946995e-32,5.776911625976107e-26,0.0003339999999702054,2.967351845286519e-14,2.0901466780830675e-21,1.2272771387531615e-25,-7.786805427452256e-53,2.5935013962289584e-36,5.9564552712965656e-40,-2.566259883093633e-50,6.930676169439596e-41,-3.0837613834792058e-52,1.179132809113966e-16,3.0442426241054288e-18,3.1256990219921997e-15,3.5099999968696604e-06,2.687479968836769e-42,1.3278930375878173e-35,6.727841002456943e-15,1.7799999932660319e-06,2.038594459857947e-36,9.319799982846238e-30,-3.157205455755952e-59,8.43034433253838e-47,0.0,0.0,5.200007949295344e-24,5.44589084701761e-18,6.365334324201101e-35,6.807497755945857e-19,3.339972976444763e-49,1.2497722499185097e-29,3.339971392117714e-49,-2.263521593691584e-62,5.8186987006938165e-43,1.2189434646513302e-29,3.0894197282793803e-22,4.282268979010211e-26,2.734556306451732e-40,1.3030311800469223e-33,3.9786226879300504e-37,3.551760286997689e-31,1.9302865402602712e-25,9.570215474602073e-46,-9.213732187460434e-54
0.023383218494029506,1.0038743302845589e-10,0.0001769999996038849,1.8086207612615285e-32,3.5571353388044436e-26,7.516019194792425e-37,3.444621305824529e-28,3.5975378338360246e-41,2.3536997153149706e-32,1.2774588405771768e-72,-1.3014502404768292e-58,-2.824333828750871e-67,2.5083130060216517e-46,5.465622887097822e-37,1.2232960075465861e-53,3.243764593583964e-41,9.353947703962418e-42,7.704038015174595e-86,-4.7856920418320945e-70,-1.6303494486605928e-65,-8.196420076745729e-77,5.043359072457756e-87,-1.0327336785695107e-72,9.091107281403993e-20,1.1375058609485743e-15,1.8893645041060382e-22,7.5432240452893e-15,-2.2885944972501974e-57,-3.547663434040041e-57,8.1677762037206e-27,1.1125352379209485e-18,1.3079194877074499e-75,4.5682868057896945e-76,-2.370622652287544e-54,-3.2738022588274697e-49,-3.547633702236049e-57,1.5689622264929228e-51,1.5769258883227464e-35,4.209560198920636e-34,3.7365270780634173e-29,1.131315855672645e-16,3.3893750978257533e-08,8.116120787787181e-25,6.83725601856626e-21,1.4843359862348265e-23,1.0720611803566536e-19,7.530723059470704e-39,2.4264068720346605e-35,2.1148675312059495e-28,0.00018232391241605292,0.49999999999978323,5.671470498369672e-12,0.2499999999885829,5.555139392357e-12,7.487555393405604e-16,5.868603070959416e-36,7.346547675683975e-35,3.653650643367116e-27,8.248513698502925e-39,1.222592172558611e-45,1.291910959539415e-36,1.6524313654047849e-43,3.1888959947610953e-49,2.3816906061967758e-26,4.999556584655404e-22,7.200936097302709e-26,6.710712233564824e-18,0.0,2.3097165446110478e-45,3.724567218990727e-58,1.0651836037648117e-15,1.821283624752718e-26,3.4019216413623796e-27,-6.878792304857912e-69,1.3749066545217169e-21,6.2481598539753915e-12,1.7499842457796528e-28,3.8443397261463495e-23,2.126281653843636e-27,2.3001016850050163e-30,7.041807620361399e-22,1.97572804675994e-41,-6.790520015172668e-58,4.751536976999026e-40,5.347732245704184e-31,0.1000000014889121,1.20399381490021e-12,2.6624287954618534e-17,1.6875957885298058e-31,2.2843374928258644e-53,9.752282607885833e-43,6.280898799063249e-31,1.7661743769181444e-42,7.410062873247985e-24,5.983496651179975e-61,7.412794040692179e-23,2.476841789684222e-22,2.513622369487717e-51,1.2862959177800677e-35,2.881149134973065e-41,2.2559996598521526e-06,3.4014784663779227e-13,6.179999999690903e-05,3.090541930742261e-15,1.3284817710421723e-33,8.848803419239902e-27,6.945176992052849e-31,-6.058266533282884e-61,8.182225191126733e-29,4.432651662263798e-19,2.7118402881532864e-34,2.9964977824129204e-23,-4.4486054583684985e-77,6.523538266839618e-38,2.4120840996014156e-28,6.812236083128509e-37,2.309472437552526e-25,8.60681360512938e-26,2.0873616916193138e-51,1.1260749724316114e-31,1.2080345550644735e-25,0.0003339999999569155,4.290747711254794e-14,3.0227664190057257e-21,3.7108090795464968e-25,2.5150385045549156e-53,7.84251390894118e-36,2.7867984388657293e-39,1.2610079508803614e-48,2.155397574084777e-40,-2.1224528696897327e-52,1.7051252524405357e-16,6.365547887894725e-18,4.52002387724002e-15,3.509999995473265e-06,6.062043558106711e-41,4.0154331651722157e-35,9.729023637210872e-15,1.7799999902621172e-06,4.271877841194606e-36,2.808397734750122e-29,-2.571427701586434e-59,3.0266302280722045e-46,0.0,0.0,1.0873963043612519e-23,7.874329813056212e-18,1.9246074127972232e-34,9.844102675653069e-19,7.917670288445918e-48,2.613264972902918e-29,7.917670339660871e-48,-1.8270873133863976e-62,1.7593141890240645e-42,2.5721142756489845e-29,4.468934649679579e-22,8.95507859697496e-26,8.407577196858095e-40,3.939793672006961e-33,1.203099405960804e-36,1.0738789618295612e-30,4.0365117073159357e-25,2.266679787238098e-44,2.984222617828112e-54
0.0338141020663529,1.0056026093718631e-10,0.0001769999994271844,2.967929922987396e-32,5.410509699889559e-26,1.8061978007850076e-36,7.215250991591103e-28,1.9510266731855784e-40,7.195162180310527e-32,1.0568518638514735e-71,1.9940652090167623e-58,6.278351756354395e-67,2.8706073857188514e-45,1.6602793159008176e-36,3.832158832453808e-52,1.7669845872697841e-40,2.839768422202662e-41,1.3363442372727875e-85,2.3294984235309373e-70,3.7818329235445386e-64,2.062236683916932e-76,5.877986554442908e-86,2.265128830699099e-72,1.898805815954389e-19,1.6447233603397425e-15,2.801241128870256e-22,1.0907266521930012e-14,3.506401513395755e-57,5.137624644146984e-56,2.469763452081879e-26,2.326340862124419e-18,4.243734322490523e-75,6.59339344442164e-75,4.736558302699745e-53,2.0847867916508756e-48,5.137634010273066e-56,4.919146787829107e-50,8.450732342321293e-35,2.2558639288668813e-33,1.1298299140543322e-28,2.22972701286268e-16,3.389096376014336e-08,1.695124466771563e-24,9.889438093975873e-21,3.104372780114717e-23,1.550466033601943e-19,2.9910747102833315e-38,5.582453037614089e-35,3.956548061957338e-28,0.00018232391795459376,0.499999999999687,8.20184911842395e-12,0.24999999998348957,8.032067316662262e-12,1.5656468925566091e-15,3.145023642543771e-35,3.937082636263996e-34,1.1047734789093335e-26,4.4202566074085944e-38,3.8345636681948714e-44,6.923352958361256e-36,9.053989740680253e-43,1.0005568119206109e-47,4.980643527589987e-26,1.511641994996217e-21,1.5058040529575842e-25,9.703999023405256e-18,0.0,1.2378457376035366e-44,1.168282311023099e-56,2.2272584685151142e-15,9.759155225880264e-26,7.113769558160107e-27,1.0356686571055566e-68,4.157363089382048e-21,9.034451232894366e-12,5.290166385564532e-28,8.038476272461958e-23,6.4292656621545776e-27,5.9616550336758714e-30,1.4725046709408292e-21,1.0588014469558475e-40,3.117098104218999e-57,1.521277324321219e-39,1.1456913528496493e-30,0.10000000148837498,1.7410763909541261e-12,5.566532327809002e-17,3.783192626134558e-31,1.2990200425798979e-52,4.005131708084593e-41,3.365601101834473e-30,5.53177750828188e-41,1.549610493878739e-23,2.5713612972239187e-59,1.55010360720973e-22,5.179322580769162e-22,7.8834729644376e-50,3.889649830828952e-35,9.019716483602948e-40,2.2559995081175965e-06,4.918824023918662e-13,6.179999999553004e-05,4.469052960713925e-15,4.0671080966967395e-33,2.666567470275161e-26,3.694132756624729e-30,2.8073685580697197e-59,4.3777582464906e-28,9.268524847168998e-19,8.506257479082444e-33,9.060388874763912e-23,-3.3220341364314517e-77,2.046433420778725e-36,1.2925650854627694e-27,2.1367787738442274e-35,4.829474883080354e-25,2.602382492628868e-25,5.869037335941649e-51,3.4051729020481546e-31,2.526163320230577e-25,0.00033399999993769815,6.20417008500252e-14,4.371673192136962e-21,1.1220209780248893e-24,7.89435508947597e-52,2.371512829375161e-35,1.1068746983259232e-38,7.411308956813478e-48,6.678608727042405e-40,1.350559226602293e-51,2.4657545591171824e-16,1.3310018485216372e-17,6.536334983306763e-15,3.5099999934539607e-06,3.2378848347732457e-40,1.214235768316973e-34,1.4068985542603009e-14,1.7799999859182055e-06,8.959966612250237e-36,8.471946060046829e-29,1.1559981838800268e-58,1.045858444513523e-45,0.0,0.0,2.2738940573912514e-23,1.1385089739978839e-17,5.819289487188179e-34,1.4235166710272714e-18,4.2427736945776003e-47,5.464124602039376e-29,4.2427738552231655e-47,8.381509715221872e-62,5.31946804471434e-42,5.448584150827829e-29,6.465327730537592e-22,1.8727015453409698e-25,2.5794539939399987e-39,1.1912400371352929e-32,3.638074980031302e-36,3.247030542678952e-30,8.440913350231963e-25,1.214562220736229e-43,9.345728544124588e-53
0.048898037660883895,1.0081018482362758e-10,0.00017699999917166067,5.355462172630199e-32,8.622911508379116e-26,4.59471455765493e-36,1.5126499178118046e-27,8.268378894639015e-40,2.197053081808411e-31,-3.5249604572863343e-70,-3.9911592023767226e-57,-1.011041175461101e-65,1.3362622519744543e-44,5.038587896943639e-36,1.9446788408923568e-51,7.495845061937728e-40,8.61674987807305e-41,1.6191856655406206e-84,-4.789291952023903e-68,6.644871909277631e-64,-3.547005522560026e-75,-1.4067132929728975e-84,-3.843150766547299e-71,3.9675347272279954e-19,2.3779780217264596e-15,4.257562422507904e-22,1.5771005625190563e-14,-7.018936280036674e-56,1.3806850840654262e-55,7.468088147488912e-26,4.8643030386563734e-18,-3.6310171961018166e-73,-2.2150034299851596e-73,-3.871948215888304e-52,5.527322854442542e-48,1.3806844838782477e-55,2.496932329178688e-49,3.5718140832840755e-34,9.534671344639962e-33,3.4163403011663544e-28,4.466004524364975e-16,3.3886933613525485e-08,3.542970906223199e-24,1.4305538259786107e-20,6.494007027920766e-23,2.2424708218579814e-19,1.0990894544073394e-37,1.323032663730619e-34,8.433151358481913e-28,0.00018232392596372033,0.4999999999995483,1.1861453577635825e-11,0.24999999997612365,1.1612679135934517e-11,3.2736534547396976e-15,1.3292904832018678e-34,1.664067768916717e-33,3.340584558818124e-26,1.8682682954046236e-37,1.946675911622781e-43,2.926248278653237e-35,3.847153444969453e-42,5.078921518158e-47,1.0415832567013512e-25,4.5705863597003155e-21,3.148796247700427e-25,1.4032264680036306e-17,0.0,5.231991552843222e-44,5.931247141032684e-56,4.656916750631066e-15,4.1247247638406904e-25,1.4875448861609463e-26,-2.217952689884915e-67,1.2570888789664867e-20,1.3062666208047434e-11,1.5993534043158273e-27,1.6807766963745518e-22,1.944041134615513e-26,1.59946729141651e-29,3.0790921385525146e-21,4.4751754528905035e-40,8.157550022794294e-57,4.7933173134096096e-39,2.4839610016836007e-30,0.10000000148759826,2.5177429974904025e-12,1.1637389926106452e-16,8.800633073251847e-31,5.4309829739239045e-52,1.09466151052711e-40,1.4224823768465726e-29,2.808384809303661e-40,3.240628316396664e-23,6.928964995953155e-59,3.2414236409053697e-22,1.0830345655337557e-21,4.002050484425167e-49,1.176199764269936e-34,4.5792775512236196e-39,2.2559992886966728e-06,7.113033265257119e-13,6.179999999353571e-05,6.462353230026792e-15,1.2422931743048167e-32,8.043941246344697e-26,1.5570715359520463e-29,9.688031839739225e-59,1.8492205996539675e-27,1.937937336352327e-18,4.318495035089219e-32,2.7395793533942723e-22,-1.5875015987083786e-74,1.0387526440613907e-35,5.463127243890318e-27,1.0848303669912958e-34,1.0099201408778473e-24,7.868731108884243e-25,-7.995865060540401e-52,1.029702586630702e-30,5.282520956110515e-25,0.00033399999990991054,8.970472036555799e-14,6.3228498961082465e-21,3.39263892125865e-24,4.0071266975966434e-51,7.171278342753171e-35,4.067290366789277e-38,3.114983182230297e-47,2.061115141991077e-39,3.5772606212293897e-51,3.5656884775196144e-16,2.782926739487997e-17,9.45209056775269e-15,3.509999990533876e-06,1.3668444185040243e-39,3.6717620017248616e-34,2.0344934095412632e-14,1.7799999796365465e-06,1.8817793112970388e-35,2.55762126904652e-28,2.7470840888861814e-58,3.4535090279670557e-45,0.0,0.0,4.7549994749290584e-23,1.6459922176212743e-17,1.759553108557027e-33,2.058475922573971e-18,1.7932338831217187e-46,1.142445350518058e-28,1.7932339646797958e-46,2.188416532494845e-61,1.6084141107981072e-41,1.1605187900811494e-28,9.355412478223561e-22,3.9162742460620936e-25,7.902395775896749e-39,3.6018852142155624e-32,1.1001266925155342e-35,9.818175149341571e-30,1.765106524285998e-24,5.133214515671105e-43,4.744120204284678e-52
0.07071067811865467,1.0117159618332402e-10,0.00017699999880215218,1.0968664596298043e-31,1.4869943438516442e-25,1.3603515658599027e-35,3.1772944053368363e-27,3.771457572210498e-39,6.7595106891218135e-31,2.1114591778878213e-69,3.8936772176897608e-56,1.0622977479320266e-64,9.764985317329932e-44,1.541095592619316e-35,1.5005490662911073e-50,3.4347740411575537e-39,2.6251071072548164e-40,1.883060601516449e-83,1.302322862970041e-67,2.2445728471096645e-62,2.7178889301556916e-74,1.0076796829954233e-83,3.865517311706704e-70,8.292585577895003e-19,3.437856619474114e-15,6.777460697654745e-22,2.280239671507289e-14,6.846910912308143e-55,3.7549270736278245e-54,2.2581061107234647e-25,1.0170682923450663e-17,1.558378920565049e-72,1.2638235709666776e-72,5.722655448155653e-51,1.6770019996646756e-46,3.7549333688565073e-54,1.925919092170968e-48,1.608486268523469e-33,4.293654852498034e-32,1.032965173989324e-27,9.054691048080377e-16,3.388110652989448e-08,7.4099696701678e-24,2.0696580212210425e-20,1.358843932770057e-22,3.24356718950484e-19,4.407443650371568e-37,3.2867635073812004e-34,2.0385550574084617e-27,0.00018232393754544592,0.4999999999993488,1.715451952727671e-11,0.24999999996547112,1.678796490265632e-11,6.84463134223665e-15,5.986248261277259e-34,7.493901038108139e-33,1.010064352184256e-25,8.413101187202253e-37,1.5012849277917418e-42,1.3177728092727996e-34,1.771498544575006e-41,3.9180261792613856e-46,2.178403656989653e-25,1.381825967443352e-20,6.584392778140064e-25,2.0290717774452218e-17,0.0,2.3562486335717106e-43,4.5737081902161255e-55,9.736433323996618e-15,1.857263470422748e-24,3.110518918234071e-26,2.0449076681138574e-66,3.80093966020896e-20,1.888571996707686e-11,4.8353858617639226e-27,3.514176884008615e-22,5.877913192340419e-26,4.4691955454897336e-29,6.438419358945153e-21,2.0153153467643122e-39,2.667515707262218e-55,1.6688509573261258e-38,5.528778443024871e-30,0.100000001486475,3.640868273402543e-12,2.4326217244388254e-16,2.2640169605309888e-30,2.719681857673999e-51,2.6129789511011563e-39,6.405187379536141e-29,2.1654747385835616e-39,6.77711025148249e-23,1.6829864460331708e-57,6.778061074056316e-22,2.2646645927682593e-21,3.0866092277250117e-48,3.556676612410789e-34,3.5306203414731133e-38,2.255998971395578e-06,1.0286044203250256e-12,6.179999999065141e-05,9.344534795636501e-15,3.8850549894382975e-32,2.427991916914266e-25,6.995193336191363e-29,1.439247584042529e-57,8.323300364258e-27,4.051753015859444e-18,3.330162571420108e-31,8.283035398713548e-22,-7.119748305339026e-75,8.013810403208099e-35,2.460061728225785e-26,8.365162218754467e-34,2.111903869622254e-24,2.379059928223275e-24,3.2551283025815574e-49,3.1137133175515118e-30,1.104632351630031e-24,0.0003339999998697319,1.29693813411415e-13,9.145553175270286e-21,1.0257531993666847e-23,3.091505793772094e-50,2.1685066258276255e-34,1.6310341772061217e-37,1.6539770340904748e-46,6.533289471421145e-39,1.0867656758606406e-49,5.156285336397756e-16,5.818303007475743e-17,1.3668518589760486e-14,3.5099999863111876e-06,6.149429058927934e-39,1.110297581188846e-33,2.942048048923847e-14,1.7799999705527468e-06,3.9597004509366983e-35,7.725575398371423e-28,1.002755160874569e-56,1.3956069017298936e-44,0.0,0.0,9.943233627442878e-23,2.3794330958976347e-17,5.3198582360781724e-33,2.9766269823863375e-18,8.074838961263397e-46,2.3884603551422303e-28,8.074839590174673e-46,7.175151048585325e-60,4.862849519201825e-41,2.490740516027209e-28,1.354126525684791e-21,8.190027582260866e-25,2.442794728495474e-38,1.0889912767829185e-31,3.326647682045137e-35,2.9687803639084253e-29,3.691049516497192e-24,2.3116996351028117e-42,3.658482369909994e-51
0.1022535921518125,1.0169422823202818e-10,0.00017699999826781244,2.566054961419265e-31,2.8730432849342845e-25,4.584033893782643e-35,6.69553150455468e-27,1.6758623200993905e-38,2.0931630596326393e-30,3.107260999731694e-68,5.255422083334149e-55,1.4112480254755626e-63,6.13528381278276e-43,4.75232520500678e-35,9.552380594970713e-50,1.5337319457645948e-38,8.028861813280346e-40,1.3852234757470736e-82,2.5450605001131216e-66,2.1174569017282877e-61,3.661404475978315e-73,1.2491894988021712e-82,5.167050413014129e-69,1.7336379730697535e-18,4.969549311936747e-15,1.1668105255862147e-21,3.2966230417326346e-14,9.241646030321797e-54,3.429031376236854e-53,6.827511304046387e-25,2.1264437188414834e-17,1.933132465469647e-71,1.88545288653697e-71,7.140237596577112e-50,1.5476086522616947e-45,3.4290381696028635e-53,1.2256780448614976e-47,7.048518275283409e-33,1.881481170607112e-31,3.1231266725750253e-27,1.8523552899423264e-15,3.3872681848633154e-08,1.5508021169416842e-23,2.9948985629512564e-20,2.8443374571737936e-22,4.692070287093794e-19,1.7986700835590233e-36,8.63532837586622e-34,5.422816497813938e-27,0.00018232395429329144,0.4999999999990626,2.4810765322632016e-11,0.24999999995006486,2.426647125395038e-11,1.4309889817872394e-14,2.623264373471807e-33,3.2839579744163715e-32,3.05390641947629e-25,3.686582272732111e-36,9.553523949313873e-42,5.774600557604749e-34,7.948671174359148e-41,2.4937036704675043e-45,4.556750089918921e-25,4.177325288816577e-20,1.3768282744356815e-24,2.9339747979755406e-17,0.0,1.0325934686480257e-42,2.91031495925283e-54,2.035462410153812e-14,8.137662651550871e-24,6.504063036483154e-26,2.7879313273211816e-65,1.149200242173491e-19,2.7301989006827662e-11,1.4619183438911082e-26,7.3469047805249705e-22,1.7771240177812118e-25,1.2943083554348555e-28,1.3462391076777178e-20,8.831374503875135e-39,2.4779158254754962e-54,6.246807165345013e-38,1.2804900395714766e-29,0.10000000148485061,5.265001937544585e-12,5.084152577051246e-16,6.544271336113451e-30,1.347268029365545e-50,2.352248374779884e-38,2.8064994591261625e-28,1.3778766002393195e-38,1.4173344953839269e-22,1.5188497110394338e-56,1.4173182253954945e-21,4.735372630361856e-21,1.9642660787813623e-47,1.0754773498116721e-33,2.246377206464705e-37,2.2559985125515546e-06,1.4874484442970398e-12,6.179999998647971e-05,1.3511788013130417e-14,1.2430101290279362e-31,7.331602409438177e-25,3.060528048121978e-28,1.1897773128526173e-56,3.646115652325883e-26,8.470494744820327e-18,2.119060980586196e-30,2.5041916532003945e-21,-1.8823850193662318e-73,5.1007711149812195e-34,1.0779548912290085e-25,5.322796246677225e-33,4.416327232493548e-24,7.192454280275836e-24,3.453522228559683e-48,9.415433918034493e-30,2.309880718436942e-24,0.0003339999998116399,1.874922249786581e-13,1.322979847195052e-20,3.101133836763582e-23,1.9677621056782314e-49,6.557206239616639e-34,6.656298885114353e-37,8.617328638271113e-46,2.1207676109477728e-38,1.0030558498282786e-48,7.456421925131176e-16,1.216324912671386e-16,1.976582846769581e-14,3.509999980204826e-06,2.693215063019094e-38,3.357364103757587e-33,4.2544477234703635e-14,1.7799999574168248e-06,8.355038740812729e-35,2.3345071028019964e-27,9.415019113193944e-56,6.168461654382212e-44,0.0,0.0,2.079219625786541e-22,3.4391672311502596e-17,1.6083006349238966e-32,4.304238905916624e-18,3.5381808375961124e-45,4.992913258247942e-28,3.538181237781206e-45,6.666996150776263e-59,1.4701157965506728e-40,5.401817198670267e-28,1.9608041796158722e-21,1.7128085194895557e-24,7.606621375090676e-38,3.2922080357553217e-31,1.0059231696967785e-34,8.976897741378236e-29,7.718362440830755e-24,1.0130701982157594e-41,2.328068321295153e-50
0.14786730075483182,1.0244999984223466e-10,0.0001769999974951135,6.70787053318209e-31,6.333572420814415e-25,1.7478881532290502e-34,1.4196885089301616e-26,7.507692610845191e-38,6.556184630503673e-30,7.840442587373811e-67,7.982487588702353e-54,2.1370609683400903e-62,3.986614314323575e-42,1.4943957378540158e-34,6.1411236297625194e-49,6.921936111441928e-38,2.4767313606915557e-39,4.1929965511628764e-81,7.24484642395517e-65,2.5291275413703424e-60,7.520521460704344e-72,4.1376058606214766e-81,8.005472508123798e-68,3.625014932679446e-18,7.182456128123108e-15,2.2498843258044758e-21,4.765531602423802e-14,1.4037702597487965e-52,3.295371376405516e-52,2.064201701706985e-24,4.445498716800219e-17,1.0646017549559799e-69,4.764168663611565e-70,1.0680071130183342e-48,1.4894739650687306e-44,3.295381204466362e-52,7.877386278183209e-47,3.0910736008962746e-32,8.250872120039547e-31,9.441885325712157e-27,3.8141209200957555e-15,3.386050275526975e-08,3.248141377667698e-23,4.3350495468789325e-20,5.956690523551315e-22,6.788466719365991e-19,7.635557758649377e-36,2.4551850271812933e-33,1.532236438327666e-26,0.0001823239785114489,0.4999999999986532,3.588657600678009e-11,0.24999999992778232,3.5069754519888626e-11,2.9914207686415057e-14,1.1504396137777514e-32,1.440199948209679e-31,9.232702878475985e-25,1.6166520346698819e-35,6.137513067693883e-41,2.5324148983307485e-33,3.6074945882181695e-40,1.6025111423302657e-44,9.53587750831136e-25,1.262646339913483e-19,2.878946008173093e-24,4.242285706803657e-17,0.0,4.528791956934743e-42,1.8694756895398225e-53,4.2547203259073134e-14,3.568043363488661e-23,1.3599436500900185e-25,4.3528222812118486e-64,3.474290934099273e-19,3.9463516054223905e-11,4.4198338398282927e-26,1.53581097921549e-21,5.37246096124861e-25,3.8861416652174097e-28,2.814786320753936e-20,3.872995658484474e-38,2.388736871722936e-53,2.663586642181702e-37,3.1617811146200575e-29,0.1000000014825014,7.613635882281465e-12,1.0623170185928215e-15,2.1618610132097587e-29,7.452129052749375e-50,2.2532030675932432e-37,1.2305685017958442e-27,8.850615639723434e-38,2.9642722713964723e-22,1.4614403622436406e-55,2.9635892017553232e-21,9.901205011327869e-21,1.262001562457013e-46,3.251976216929109e-33,1.4427972701449429e-36,2.25599784902461e-06,2.150975388547033e-12,6.179999998044557e-05,1.9536682452794086e-14,4.180650993381985e-31,2.214272391440789e-24,1.3405586163098586e-27,1.1870221712438147e-55,1.598568401958913e-25,1.7706001336790364e-17,1.3612381760021257e-29,7.570056123378373e-21,2.6983964572686786e-71,3.278124109439247e-33,4.726867835322084e-25,3.419081813982178e-32,9.235243000888785e-24,2.1742016349763984e-23,4.975389013185373e-47,2.847039191851026e-29,4.830081984073149e-24,0.00033399999972765404,2.710126062530233e-13,1.9140935326868225e-20,9.374573752245048e-23,1.2646467715859389e-48,1.982744082720003e-33,2.8257186316793824e-36,5.0524729712377994e-45,7.22660651030315e-38,9.655464506226662e-48,1.0782612312270424e-15,2.5423958209835595e-16,2.858305189489658e-14,3.509999971374513e-06,1.1807210277976944e-37,1.0151908011170185e-32,6.152286606860316e-14,1.779999938421209e-06,1.7698853790713692e-34,7.056478534693326e-27,9.264850731445116e-55,3.1650763684083544e-43,0.0,0.0,4.34777093935034e-22,4.969787169940666e-17,4.8616420761611677e-32,6.2238437476269575e-18,1.5514590840593055e-44,1.0435724758291333e-27,1.5514593411229728e-44,6.430233717119009e-58,4.443834779739934e-40,1.1880618656155332e-27,2.840969145053765e-21,3.582188245343734e-24,2.3967403693220294e-37,9.951688275319297e-31,3.0416730004497287e-34,2.714376209940214e-28,1.6139689716178278e-23,4.4433133812957143e-41,1.495672668229562e-49
0.21382856261966862,1.03542912710356e-10,0.0001769999963777286,1.8961144129065915e-30,1.573428468532523e-24,7.267933003079927e-34,3.045263616359917e-26,3.3863569092209505e-37,2.087455245164851e-29,1.5597638250892313e-65,1.077066282535428e-52,2.881313957743305e-61,2.5984322762261883e-41,4.868081477471397e-34,3.895358958402873e-48,3.1551439619775414e-37,7.757630902370622e-39,1.2047025414335505e-79,1.5243874811943392e-63,3.0793519838723447e-59,1.4007636501888994e-70,1.1104809217574251e-79,1.1130782010919329e-66,7.581221263900483e-18,1.0378224218616778e-14,4.949949039791893e-21,6.887884524020185e-14,1.8941656069656832e-51,3.036821575010106e-51,6.240249685816793e-24,9.292516179377138e-17,3.3397002368334602e-68,9.473810529685754e-69,1.4372083102717878e-47,1.371563173312678e-43,3.036834738421786e-51,4.996893181091102e-46,1.3518703012087968e-31,3.6083546999216436e-30,2.8541641968735336e-26,7.890028783834515e-15,3.38428985056524e-08,6.809962532149722e-23,6.277557826410723e-20,1.2483243070841123e-21,9.823657162854237e-19,3.3527302065718505e-35,7.75219358873295e-33,4.4772871083178947e-26,0.00018232401353161087,0.4999999999980708,5.191197484821968e-11,0.24999999989555197,5.0668682229050234e-11,6.25249895386204e-14,5.031575638870108e-32,6.298945132359294e-31,2.790968037514025e-24,7.069936541664488e-35,3.889089379036829e-40,1.1075478923568717e-32,1.652974590360556e-39,1.0158533767502567e-43,1.9977637905071163e-24,3.815739556736306e-19,6.019665621293686e-24,6.133680234015118e-17,0.0,1.9809189502877122e-41,1.1844260003023972e-52,8.891992123845682e-14,1.5600594905780146e-22,2.8433763680327886e-25,6.062671296278149e-63,1.0502398022754116e-18,5.70310782790373e-11,1.3361861620819774e-25,3.2099815029795194e-21,1.6239548594173772e-24,1.2088302024271253e-27,5.884914530419408e-20,1.6938808687894246e-37,2.2011455918492615e-52,1.2889635859439246e-36,8.540974920332946e-29,0.10000000147910391,1.100995817549642e-11,2.218875479608888e-15,7.978172086764767e-29,4.6268774842293176e-49,2.0734937897463353e-36,5.380610147514854e-27,5.6071255428625385e-37,6.199969140645883e-22,1.3525267049127104e-54,6.196584133462992e-21,2.0701329764591566e-20,7.99756284352332e-46,9.83282440748217e-33,9.139384229813213e-36,2.2559968895090818e-06,3.110490916637359e-12,6.179999997171647e-05,2.8246459807003406e-14,1.5194102599171482e-30,6.687609722128977e-24,5.857160626954227e-27,1.2572066545552742e-54,6.989840590168648e-25,3.700445417656169e-17,8.624562610436592e-29,2.288048880607923e-20,1.3065239194359805e-69,2.0782671573009856e-32,2.0670191810347158e-24,2.166125364054974e-31,1.9312361689924533e-23,6.571334199363674e-23,6.6544889388201684e-46,8.608638191189093e-29,1.0099725034280045e-23,0.00033399999960624524,3.9166269305765e-13,2.769933899174779e-20,2.8334597252380864e-22,8.017788308340338e-48,5.995149703891784e-33,1.240779665026924e-35,3.28821728919938e-44,2.643377382557158e-37,8.89276223982353e-47,1.5592562098683595e-15,5.313129599615325e-16,4.133349940165155e-14,3.5099999586051376e-06,5.163283152951907e-37,3.069609362622211e-32,8.896718215525247e-14,1.7799999109520201e-06,3.7703679112046108e-34,2.1334521686517055e-26,8.768470581649631e-54,1.803270394199341e-42,0.0,0.0,9.091250896939724e-22,7.179340366882215e-17,1.469354203632231e-31,8.999265199187725e-18,6.784121413819596e-44,2.1806893401238293e-27,6.784123042473241e-44,5.928960183088235e-57,1.3430368088597207e-39,2.6612289766212227e-27,4.119729505401717e-21,7.492232992068603e-24,7.667360006024884e-37,3.0076776161653567e-30,9.196991250759799e-34,8.207380790927997e-28,3.374873917822221e-23,1.9436623592812854e-40,9.478068024087298e-49
0.3092140991185264,1.0512336403322903e-10,0.00017699999476190163,5.6586698068124885e-30,4.260954285291671e-24,3.216624867901772e-33,6.675558051733609e-26,1.549916777013447e-36,6.811526416197295e-29,3.01232674704497e-64,1.432104764926487e-51,3.828446128849823e-60,1.7241223654503334e-40,1.6883126193706008e-33,2.46817553838256e-47,1.4662244911611176e-36,2.500895748257985e-38,3.4077676142618594e-78,3.1554393525299616e-62,3.9533992772063425e-58,2.732519920720935e-69,3.080146917217443e-78,1.5601438382388815e-65,1.58581379833063e-17,1.499063553354373e-14,1.2276145500115509e-20,9.953199059340918e-14,2.518691531961804e-50,2.7882102453308964e-50,1.8862250847523987e-23,1.9420859086691298e-16,9.990197102389986e-67,1.828657324413407e-67,1.9089134047184845e-46,1.2561175883046513e-42,2.788227744429175e-50,3.1705319468946645e-45,5.910111267882995e-31,1.5774162316818016e-29,8.626362562600447e-26,1.637526758152889e-14,3.3817457465121476e-08,1.4296673965980633e-22,9.096040885146162e-20,2.618627965294967e-21,1.4220342205689318e-18,1.5265720094011936e-34,2.799411087784378e-32,1.3313072723195745e-25,0.00018232406417092604,0.49999999999724887,7.510451098771704e-11,0.24999999984892782,7.317693370380564e-11,1.3065788663027652e-13,2.1998119514122486e-31,2.753952122641005e-30,8.435521922191485e-24,3.0905629060098604e-34,2.460496415743775e-39,4.842013476281888e-32,7.701231088849853e-39,6.430673955695286e-43,4.197523122196177e-24,1.1527877877039195e-18,1.2586056484665278e-23,8.867681370684361e-17,0.0,8.661876117930791e-41,7.491794734901522e-52,1.8578544101159395e-13,6.8176760915657835e-22,5.944494227045284e-25,8.44137014544946e-62,3.174243775356691e-18,8.239549855006695e-11,4.0391453167705056e-25,6.707614674550801e-21,4.907885754563299e-24,3.899125151124518e-27,1.2302508761219408e-19,7.40556457725451e-37,2.0171525000815433e-51,6.94664507179136e-36,2.573641483307505e-28,0.10000000147419011,1.5921325924962176e-11,4.632176408523847e-15,3.1775692540911317e-28,3.267682115866439e-48,1.8994566593322504e-35,2.3515160289108677e-26,3.5464023224532175e-36,1.2968736186688703e-21,1.2489648456156287e-53,1.2955767642539521e-20,4.327869379990725e-20,5.060498454432651e-45,2.9729460382333266e-32,5.779435541262027e-35,2.2559955019694556e-06,4.498030543228983e-12,6.179999995908671e-05,4.0835830332747745e-14,6.165785151335418e-30,2.0194974067392186e-23,2.5583369394472475e-26,1.442196033615018e-53,3.0552440720944337e-24,7.731690794388446e-17,5.45552180291669e-28,6.914105374485228e-20,5.402865375465313e-68,1.3158096455148559e-31,9.034961941018854e-24,1.3700653305994138e-30,4.0385217112766455e-23,1.9856668515341407e-22,8.831421788907868e-45,2.6029017722837654e-28,2.1117878178505473e-23,0.00033399999943076555,5.658667878603199e-13,4.009726377212165e-20,8.562227766874534e-22,5.076445803184645e-47,1.8126428230311767e-32,5.649642290161795e-35,2.386333079206635e-43,1.0661140026798493e-36,8.146178095420944e-46,2.2548151385005903e-15,1.1100252627746164e-15,5.97717203081649e-14,3.5099999401395466e-06,2.257463658804672e-36,9.281077062474039e-32,1.2865390718428823e-13,1.7799998712294082e-06,8.09636995416318e-34,6.451612967866442e-26,8.355625782419236e-53,1.1126314959803063e-41,0.0,0.0,1.9009346266259395e-21,1.036650231423395e-16,4.4398107600090424e-31,1.3011736452573168e-17,2.9651716177217698e-43,4.55537581373599e-27,2.9651726478861048e-43,5.4381684496890185e-56,4.057946786951859e-39,6.0998445724544736e-27,5.981377469021146e-21,1.5671395922823996e-23,2.5019947976821452e-36,9.087747134001563e-30,2.7807239636895216e-33,2.4815522730137534e-27,7.056817309570502e-23,8.49992719303397e-40,5.99711872565022e-48
0.44714961332713477,1.0740884496665917e-10,0.00017699999242529172,1.769092138377436e-29,1.2160906659772817e-23,1.497157185133906e-32,1.5222026095137633e-25,7.253779736488214e-36,2.303660177619792e-28,5.773979714217529e-63,1.895937088928107e-50,5.063315118190058e-59,1.1728629973128444e-39,6.451814786548489e-33,1.5636979303814372e-46,7.012838685290554e-36,8.502138672865025e-38,9.642477603758483e-77,6.680896100842825e-61,5.310698039538275e-57,5.6622767318373266e-68,9.058561208522542e-77,2.273508703253934e-64,3.317919505730834e-17,2.1641923742162395e-14,3.319661889444487e-20,1.4377995302229798e-13,3.334721079996692e-49,2.563757691619376e-49,5.7003405766299e-23,4.0578050950356847e-16,3.034665142878587e-65,3.5021202575015184e-66,2.5244780276217614e-45,1.1477837138617926e-41,2.563780937631787e-49,2.020178678928018e-44,2.5829420216903924e-30,6.89336518593235e-29,2.6065923601568507e-25,3.406447814509465e-14,3.3780701400363454e-08,3.006971062450594e-22,1.3191464957166792e-19,5.500784124748231e-21,2.059398724846523e-18,7.2142197232422985e-34,1.1734306323422665e-31,3.9934307012862067e-25,0.00018232413739380785,0.4999999999961021,1.0868137061618265e-10,0.2499999997814711,1.0562333965543637e-10,2.7294901708951696e-13,9.614678843329433e-31,1.203693007812891e-29,2.5489976154443573e-23,1.3505195908853959e-33,1.555426302769873e-38,2.116162965851308e-31,3.6654677132508413e-38,4.068594082588882e-42,8.889070829396719e-24,3.481267018268473e-18,2.631333185392737e-23,1.2818947612915345e-16,0.0,3.7866328654986595e-40,4.7344880449756364e-51,3.880230200056201e-13,2.9779433273177097e-21,1.2426474474784442e-24,1.1977034408645098e-60,9.591579726837578e-18,1.189915765497401e-10,1.2208206594060948e-24,1.4011681869004807e-20,1.4828560265381444e-23,1.3056716457578313e-26,2.571506596361561e-19,3.2366697330563984e-36,1.8446981531823573e-50,4.023988721771183e-35,8.655291321761015e-28,0.10000000146708284,2.3023576760334727e-11,9.662948559118648e-15,1.3229205395531662e-27,2.5628280042898687e-47,1.736678037884897e-34,1.0272086392068968e-25,2.240946742821391e-35,2.7130503709440935e-21,1.1550395288691967e-52,2.7085690016591238e-20,9.046913839012941e-20,3.1996888681092263e-44,8.988013131512133e-32,3.651023574021057e-34,2.2559934954715973e-06,6.504528401702609e-12,6.1799999940809e-05,5.902920551486306e-14,2.8383601040459803e-29,6.09627709064126e-23,1.1170364449123724e-25,1.7518003669967905e-52,1.334993864432528e-23,1.6148478497137686e-16,3.447894322517337e-27,2.0886643788780305e-19,2.1774237972276472e-66,8.32676746916462e-31,3.947585532712765e-23,8.65762948575102e-30,8.445190477965754e-23,5.998094446511534e-22,1.168344943607555e-43,7.869652050295467e-28,4.415402556020162e-23,0.0003339999991771901,8.172252245650672e-13,5.807119491864655e-20,2.586533116899022e-21,3.2126444321221767e-46,5.480166487058822e-32,2.6699138547479918e-34,1.8868404144294646e-42,4.810156664107165e-36,7.446003015916272e-45,3.2606513333864907e-15,2.318114769638917e-15,8.643494096653963e-14,3.509999913436752e-06,9.868696623915112e-36,2.805979435884116e-31,1.860441139588191e-13,1.779999813787475e-06,1.758260893717066e-33,1.9513927232144393e-25,8.098535095906758e-52,7.279298186626995e-41,0.0,0.0,3.974580270414809e-21,1.4958650380617135e-16,1.3410652317710264e-30,1.881197159939562e-17,1.2954425215925184e-42,9.511548746368068e-27,1.2954431726109308e-42,4.979542815924508e-55,1.2256417632106164e-38,1.437356870980846e-26,8.699437668559932e-21,3.2783274252548067e-23,8.367488993363304e-36,2.7448768597698754e-29,8.406968332263223e-33,7.502708466171298e-27,1.4755170022789745e-22,3.7164807133308726e-39,3.7917896149317605e-47
0.646615976660124,1.1071387467314557e-10,0.00017699998904638193,5.846455804620536e-29,3.5717731923082534e-23,7.335815733488563e-32,3.710184960317061e-25,3.510379738203796e-35,8.194753746178417e-28,1.1044929765609878e-61,2.5075645627321044e-49,6.686588024482388e-58,8.270968733503717e-39,2.792557723303382e-32,9.913021047166778e-46,3.4977137632479817e-35,3.170851115650664e-37,2.741557092055184e-75,1.4764199435298762e-59,7.503593926979532e-56,1.2702363705110913e-66,2.8650203450351377e-75,3.5762069999235616e-63,6.944013928845467e-17,3.1221387696623314e-14,9.460498839987905e-20,2.0760123718207293e-13,4.4110175665742696e-48,2.378422280276146e-48,1.7222105066042747e-22,8.475230286271693e-16,9.562770621720949e-64,6.690313696399498e-65,3.333803534032212e-44,1.0478204655733163e-40,2.3784533407310718e-48,1.304577549723884e-43,1.1285090041244273e-29,3.011427847448725e-28,7.873522178879139e-25,7.097730957797381e-14,3.3727619682113644e-08,6.340885965428751e-22,1.9154585028932159e-19,1.157807655456734e-20,2.984325551323042e-18,3.542632551900901e-33,5.641321487660841e-31,1.203132746243137e-24,0.00018232424326805713,0.49999999999453104,1.5731653338095817e-10,0.2499999996838517,1.523302363916359e-10,5.699419955489387e-13,4.2011564472839414e-30,5.259742171855808e-29,7.699859598649412e-23,5.899439255746076e-33,9.829522062178418e-38,9.245819903698465e-31,1.7908233685223273e-37,2.5742361467336355e-41,1.9229730918457415e-23,1.0506573651482373e-17,5.500687664425579e-23,1.852794332546273e-16,0.0,1.6550847573308974e-39,2.9905766882199777e-50,8.099578353805552e-13,1.3000540788791486e-20,2.5972408154837552e-24,1.7597788499904273e-59,2.897293778472234e-17,1.7173936960829628e-10,3.689133705800578e-24,2.925533502239869e-20,4.4785332568000596e-23,4.5431355524738485e-26,5.373973426145018e-19,1.414228040626607e-35,1.6859866860803589e-49,2.4306954900453535e-34,3.1891719051323343e-27,0.1000000014568019,3.329402860081674e-11,2.013542691994736e-14,5.637003122588796e-27,2.155086782753104e-46,1.5868340494728457e-33,4.484850791401259e-25,1.4153046876617444e-34,5.676639466694362e-21,1.0726626356963145e-51,5.661968293925934e-20,1.89084117447093e-19,2.022634932858954e-43,2.717027139265508e-31,2.3049831555252783e-33,2.255990593909377e-06,9.406090622039218e-12,6.179999991434862e-05,8.531346295309073e-14,1.4650202845683561e-28,1.8392077368936015e-22,4.874976928117961e-25,2.209050789177165e-51,5.83134342829556e-23,3.370953618044061e-16,2.1781078946238057e-26,6.306694280655387e-19,8.703017514206827e-65,5.27009254115963e-30,1.7240805677038065e-22,5.46811704727908e-29,1.7660237595157424e-22,1.8109613154403765e-21,1.544055324570537e-42,2.3791196937694207e-27,9.231247305121868e-23,0.0003339999988108798,1.1795526215135467e-12,8.415813560713826e-20,7.809964900024576e-21,2.0334467107391818e-45,1.656649781748164e-31,1.311081130956049e-33,1.5812655972152863e-41,2.4134638958512234e-35,6.800574208625894e-44,4.7151742088560914e-15,4.8381164122271875e-15,1.2499220498319086e-13,3.509999874822269e-06,4.31392476826845e-35,8.4825885717435e-31,2.6903489478660146e-13,1.7799997307222449e-06,3.878691314060123e-33,5.903707468357964e-25,8.073688260003701e-51,5.01750795275886e-40,0.0,0.0,8.3097363448334e-21,2.1564400202653213e-16,4.048694010972756e-30,2.7195135112974555e-17,5.657062073033693e-42,1.9846528026266633e-26,5.6570661852331914e-42,4.559398764782677e-54,3.699880911583589e-38,3.4952396850544916e-26,1.2684027125793957e-20,6.859084858877532e-23,2.880624011578076e-35,8.286300984242995e-29,2.541421574956047e-32,2.2681755651602033e-26,3.085009172638175e-22,1.6248418959831019e-38,2.396841554367486e-46
0.9350611267692971,1.154932923105046e-10,0.00017699998416024554,2.0909322172775947e-28,1.0646936168922017e-22,3.822013188876631e-31,9.9860491701762e-25,1.7832064853241883e-34,3.1176311102520427e-27,2.112681102118268e-60,3.316345041196775e-48,8.823439091660388e-57,6.135592467919647e-38,1.371476645834297e-31,6.290865279276607e-45,1.8487108924085516e-34,1.3655578578618868e-36,7.882723804310851e-74,3.4707476968505425e-58,1.1370553217907547e-54,3.198561495988856e-65,1.007235192283332e-73,6.384575714792638e-62,1.4538985763924167e-16,4.4993245008361707e-14,2.7735596474102673e-19,2.9954819937978745e-13,5.834723063230147e-47,2.263473955792559e-47,5.201104054988509e-22,1.7692006852334856e-15,3.1914385234854948e-62,1.277212973967116e-63,4.399313001145295e-43,9.557723746930393e-40,2.263516228974425e-47,8.73959901170461e-43,4.928569786774192e-29,1.3149740591373763e-27,2.377108005142377e-24,1.480580814226798e-13,3.365100653710885e-08,1.3419958314960856e-21,2.786209756548249e-19,2.4438242878633385e-20,4.328534249038916e-18,1.8084464449858073e-32,3.009652308084073e-30,3.632901738100957e-24,0.00018232439634559164,0.4999999999924407,2.2781383758223863e-10,0.24999999954253774,2.194287447478532e-10,1.1893105515349542e-12,1.835050148310075e-29,2.297548700900796e-28,2.324812252983542e-22,2.57578848430463e-32,6.209743167964534e-37,4.038033455285323e-30,9.017017230772417e-37,1.6290760415796811e-40,4.398797708354036e-23,3.168130124557359e-17,1.1497225343625875e-22,2.677346292022977e-16,0.0,7.232550565377072e-39,1.8880225737808046e-49,1.6893499132362249e-12,5.67123986866278e-20,5.4272162414947534e-24,2.7320970230704528e-58,8.747454780556891e-17,2.4765600678365647e-10,1.1144621119193596e-23,6.104078418538912e-20,1.35185503550083e-22,1.6421361282524647e-25,1.122739474700776e-18,6.177030589732884e-35,1.540423665217263e-48,1.5010216436192998e-33,1.2538096908111297e-26,0.10000000144192824,4.814596504585668e-11,4.189170946403388e-14,2.4287274717805186e-26,1.8860238445538745e-45,1.4492843177329792e-32,1.9567204047639822e-24,8.933239228866832e-34,1.1880274063726285e-20,1.002465480185335e-50,1.183378843179147e-19,3.950990244065054e-19,1.2783271007201314e-42,8.21215568342609e-31,1.4540777058532123e-32,2.255986398011547e-06,1.3601988452033453e-11,6.179999987602396e-05,1.2327071429641414e-13,8.2216586986811e-28,5.543733892125543e-22,2.1259889673435245e-24,2.852832743476415e-50,2.545976583085613e-22,7.031261102794124e-16,1.375286106036654e-25,1.903034387797518e-18,3.476047373262051e-63,3.33664256694422e-29,7.525512045065286e-22,3.451645292989495e-28,3.6930395552616076e-22,5.4638660256969684e-21,2.0398072919807795e-41,7.1915676821844e-27,1.9297771704092284e-22,0.00033399999828195837,1.7010966711490352e-12,1.2208096561024077e-19,2.3566266406000674e-20,1.287553475154829e-44,5.00729156370315e-31,6.692493084994286e-33,1.373150769452517e-40,1.3164985082976533e-34,6.207137339644093e-43,6.818535871922496e-15,1.0088835470391104e-14,1.807492597906084e-13,3.5099998189824907e-06,1.8855748195177768e-34,2.5639604795486198e-30,3.890459453471594e-13,1.7799996106042656e-06,8.742365102364886e-33,1.7866330049837837e-24,8.395119112567417e-50,3.662636309056575e-39,0.0,0.0,1.7371709709911135e-20,3.104439838136995e-16,1.221411030462403e-29,3.9308564874581424e-17,2.468839205238138e-41,4.1370799111803536e-26,2.46884180135156e-41,4.176608574556484e-53,1.1160290571393562e-37,8.790509944328897e-26,1.85583691382871e-20,1.43541989950797e-22,1.0241781165173871e-34,2.499586731658025e-28,7.681571103942877e-32,6.856183428341925e-26,6.449637439481906e-22,7.103080298842109e-38,1.514765588821406e-45
1.3521770917433409,1.2240487086705081e-10,0.0001769999770945884,8.332779882673815e-28,3.1973903341124326e-22,2.147520240391949e-30,3.0380056706164215e-24,9.67931264534978e-34,1.2869544011247468e-26,4.04231446931054e-59,4.386620368845969e-47,1.1632832413061525e-55,4.869538984067523e-37,7.44977651489606e-31,3.998145481974947e-44,1.0528029643240632e-33,7.0944105334304e-36,2.301466317581657e-72,8.821237321848423e-57,1.9020840515920116e-53,9.48359584208576e-64,4.122388347260304e-72,1.360448459685407e-60,3.0458402201486975e-16,6.474065078616317e-14,8.246664062137389e-19,4.317950552432891e-13,7.719648215943715e-46,2.302652962032634e-46,1.569821855067867e-21,3.6903158971236415e-15,1.147598601253056e-60,2.436726111737822e-62,5.800371735911893e-42,8.708646803289463e-39,2.302713417355765e-46,6.419102700434044e-42,2.1512390752586515e-28,5.738283560780676e-27,7.171606858667169e-24,3.0909629320841727e-13,3.3540525168085847e-08,2.854680587300031e-21,4.062737135628986e-19,5.1787524314209646e-20,6.286064910761886e-18,9.586961686653574e-32,1.718903270513643e-29,1.0983334560564329e-23,0.00018232461765509925,0.4999999999897944,3.3010478124531294e-10,0.24999999933787972,3.155387923033446e-10,2.4794112510722326e-12,8.011375993735823e-29,1.0031238631668367e-27,7.01442245715729e-22,1.1238534998219646e-31,3.9212851145833366e-36,1.7625851837030519e-29,4.690737323831122e-36,1.0312900019560843e-39,1.1460387245688597e-22,9.540982187291531e-17,2.4025643533405153e-22,3.867594621513731e-16,0.0,3.1595722788541967e-38,1.191101193520041e-48,3.519454200847616e-12,2.4712920257473065e-19,1.133700544935202e-23,4.606698529853443e-57,2.6391413329703023e-16,3.566860604557487e-10,3.3652355453599836e-23,1.2723358960507976e-19,4.0773114207410096e-22,6.153438128423555e-25,2.344675727554493e-18,2.696571394907111e-34,1.406921649253657e-47,9.370580712302461e-33,5.136674253740506e-26,0.10000000142040606,6.962311235835718e-11,8.695762127244597e-14,1.0511692231259465e-25,1.6851763237779836e-44,1.3229611744352008e-31,8.528403502885356e-24,5.633932650084857e-33,2.4871382318018098e-20,9.450838609677071e-50,2.4727334583596195e-19,8.252907026296486e-19,8.077214754896157e-42,2.481552051826512e-30,9.163135625671288e-32,2.255980330401312e-06,1.9669598687239763e-11,6.179999982047726e-05,1.7805154397819034e-13,4.859319158483333e-27,1.6687314515558775e-21,9.261325940743013e-24,3.7431852550056384e-49,1.1108247453474752e-21,1.4649473687795392e-15,8.677990206413482e-25,5.736873674344167e-18,1.3880652604005636e-61,2.1136521086885393e-28,3.282170527858934e-21,2.1770628551878375e-27,7.722759863170939e-22,1.6468356995183137e-20,2.693733629783538e-40,2.1734694447296225e-26,4.033585997093612e-22,0.00033399999751874374,2.450279228383206e-12,1.7733653922494608e-19,7.104189535376875e-20,8.157338643250429e-44,1.51314544104198e-30,3.547431165552848e-32,1.2171302550747335e-39,7.601466789101921e-34,5.660903470542658e-42,9.86017687088273e-15,2.1011728272951337e-14,2.6137866600831514e-13,3.5099997382335003e-06,8.240404899439248e-34,7.748293594760046e-30,5.625907625519375e-13,1.779999436906335e-06,2.0282354106036463e-32,5.409035902683931e-24,9.263359459240213e-49,2.866826712250197e-38,0.0,0.0,3.6311075525819106e-20,4.460314307501777e-16,3.680863881957629e-29,5.68061113150166e-17,1.0764843284991305e-40,8.611760155467983e-26,1.0764859662861076e-40,3.828821404708237e-52,3.3626202920785218e-37,2.2867189317466114e-25,2.7285796130347954e-20,3.0049168866924683e-22,3.7658647403315704e-34,7.5318062780697885e-28,2.321298113940274e-31,2.072102867995874e-25,1.3482358547371341e-21,3.1047221535746425e-37,9.570631534143396e-45
1.9553618850060341,1.3239988248772053e-10,0.00017699996687727587,3.765124715720478e-27,9.638129208162479e-22,1.3164495501879587e-29,1.0426562606761686e-23,5.706915706333046e-33,5.802802300615845e-26,7.729051266748026e-58,5.800304241426958e-46,1.530901135039351e-54,4.195702823342589e-36,4.320663747436907e-30,2.545962329072358e-43,6.535934472589366e-33,4.501845621786306e-35,6.8393586045487635e-71,2.442474978873114e-55,3.591943631661482e-52,3.4405472394682824e-62,2.0479814858442407e-70,3.541063363067137e-59,6.386034685342871e-16,9.294969543008412e-14,2.467578080028744e-18,6.215469199174759e-13,1.0211105724190101e-44,2.7202263156974503e-45,4.734103051692292e-21,7.688828567675111e-15,4.4855514836481925e-59,4.639669491276513e-61,7.634086724360366e-41,7.920823884536742e-38,2.7203235616181003e-45,5.69327950686924e-41,9.381923065324331e-28,2.5017059081465784e-26,2.1613886061501015e-23,6.456601713655333e-13,3.33814010233971e-08,6.115116262008808e-21,5.944118028145454e-19,1.1035220285534057e-19,9.14458360698917e-18,5.262558408587027e-31,1.0223817123055127e-28,3.3233262611361014e-23,0.0001823249375751744,0.4999999999867459,4.787409897408551e-10,0.24999999904129688,4.526207576665013e-10,5.161872703675433e-12,3.494962344356837e-28,4.376574404397738e-27,2.114272927855322e-21,4.898576853111111e-31,2.4744704510862205e-35,7.687254798310261e-29,2.521852011647727e-35,6.531336685989788e-39,3.7685679567741974e-22,2.868046190708599e-16,5.019044852267179e-22,5.584363696421666e-16,0.0,1.3796362652156513e-37,7.506162063808111e-48,7.31995793211095e-12,1.0751879545152978e-18,2.367074291901449e-23,8.726589618219332e-56,7.954230687202931e-16,5.127906483047927e-10,1.0155259264932698e-22,2.6482386119451977e-19,1.228318640709088e-21,2.3813899206430507e-24,4.8935853626623694e-18,1.1762745691191392e-33,1.2840370020232552e-46,5.878274267188645e-32,2.156476341952384e-25,0.10000000138925538,1.0068086910964917e-10,1.7991268860186973e-13,4.553231706764328e-25,1.5204470831093404e-43,1.2064622424947872e-30,3.7116125028814896e-23,3.548695985422727e-32,5.209013884481273e-20,9.012240913744571e-49,5.165140645164457e-19,1.7230236487043616e-18,5.101501059732962e-41,7.496342708698895e-30,5.765011302597803e-31,2.255971556149548e-06,2.844385045165022e-11,6.179999973989186e-05,2.5704279293597126e-13,2.954878104453658e-26,5.013144916204435e-21,4.027875753585471e-23,4.967583852792033e-48,4.841748877935486e-21,3.047207639195905e-15,5.470144125400645e-24,1.727044499363106e-17,5.522621067603053e-60,1.339848588302049e-27,1.429782954489234e-20,1.3714764915960665e-26,1.6149713297720158e-21,4.9563770859497416e-20,3.55349240509441e-39,6.567072021666627e-26,8.429172075025389e-22,0.0003339999964184928,3.5232638286958436e-12,2.5811061179274855e-19,2.1386267981680343e-19,5.1719772015984836e-43,4.5710987163118514e-30,1.9468719666257735e-31,1.0909817759530799e-38,4.5454855712076274e-33,5.155561647884634e-41,1.4258672788087613e-14,4.3681474144525644e-14,3.779755988673517e-13,3.5099996214637214e-06,3.600343226380961e-33,2.3408488062275275e-29,8.135485322630254e-13,1.7799991857302765e-06,4.886252970419254e-32,1.638490659415663e-23,1.1037039212114715e-47,2.438195096430013e-37,0.0,0.0,7.588408720444973e-20,6.390052611441278e-16,1.1075835022035866e-28,8.20683301268621e-17,4.687688318082135e-40,1.7889961699481021e-25,4.687698638671591e-40,3.5128073710513584e-51,1.0115342473776291e-36,6.140289786530545e-25,4.0386341312872165e-20,6.293389214941718e-22,1.4308146317153538e-33,2.2659136401586556e-27,7.012584352325048e-31,6.260784508251367e-25,2.817907408232368e-21,1.3567690919382006e-36,6.04426384119323e-44
2.8276178650570496,1.468541051006294e-10,0.00017699995210264074,1.912416973418386e-26,2.9109444606241257e-21,8.828797603929195e-29,3.933789239255232e-23,3.6871447519903965e-32,2.845502358530617e-25,1.4778864109519433e-56,7.669548332601623e-45,2.010471562815751e-53,3.9525133564614826e-35,2.5988620953842944e-29,1.6255306713547246e-42,4.4316148135293865e-32,3.4245515042372766e-34,2.0817581284774475e-69,7.367408112546394e-54,7.665874285429864e-51,1.5467079894451994e-60,1.2641486497962026e-68,1.1154147299507177e-57,1.3404471635532207e-15,1.3302685578339624e-13,7.399222661650363e-18,8.92860351856873e-13,1.3508756940722018e-43,4.121282673707435e-44,1.425918064318285e-20,1.5993731748833942e-14,1.9133450749787075e-57,8.818233935277798e-60,1.0027021642394205e-39,7.187271618475959e-37,4.1214777130669905e-44,6.607479333643566e-40,4.086715447048767e-27,1.0891889621702104e-25,6.504255388822568e-23,1.3492518413912403e-12,3.315262834701844e-08,1.3224216293403018e-20,8.736253392712085e-19,2.369378335192021e-19,1.3333737956043475e-17,2.9780090904931875e-30,6.222485164558258e-28,1.0062812143624599e-22,0.00018232539997140525,0.49999999998393674,6.95151224241872e-10,0.2499999986111254,6.469446332406156e-10,1.0725231761528203e-11,1.5230573132395734e-27,1.90753405264811e-26,6.363588100180804e-21,2.1320735545923444e-30,1.560026682123291e-34,3.3487272700383574e-28,1.398483988444223e-34,4.139393723216436e-38,1.6273170815886779e-21,8.598613781855038e-16,1.048022848499067e-21,8.057721502945782e-16,0.0,6.0202843074308275e-37,4.723447108411689e-47,1.5188081786503507e-11,4.667241905907461e-18,4.938843097504961e-23,1.9301576682133533e-54,2.393812658204276e-15,7.352947755659789e-10,3.0617755436182663e-22,5.500566082293513e-19,3.694163995524067e-21,9.469520236477041e-24,1.0204630850079939e-17,5.1254028729290224e-33,1.1708874547729018e-45,3.6937437466765247e-31,9.179170756456993e-25,0.10000000134415267,1.4559298699341674e-10,3.704764380770436e-13,1.969134137397951e-24,1.3773898658150569e-42,1.0989001695027945e-29,1.6118833016076044e-22,2.231359429421683e-31,1.0915362893722209e-19,8.723918866917276e-48,1.0783809662209104e-18,3.594697115830101e-18,3.220327291974469e-40,2.263460335631721e-29,3.618887123437047e-30,2.2559588678916005e-06,4.1132108398453935e-11,6.179999962282399e-05,3.7079893510068785e-13,1.8222697389167128e-25,1.5017049600394737e-20,1.7476344595103478e-22,6.660427831055384e-47,2.1073493177160558e-20,6.3235610357216085e-15,3.4432195757580546e-23,5.188793519391486e-17,2.1929759409451284e-58,8.502161428936865e-27,6.21785577323617e-20,8.625313712474131e-26,3.3772917259723864e-21,1.4885398124707776e-19,4.68284651870624e-38,1.9834834228123452e-25,1.7609522532845233e-21,0.0003339999948345018,5.053414695630436e-12,3.767357713892361e-19,6.425177980715199e-19,3.282875723873696e-42,1.3802519061891166e-29,1.1013127950345472e-30,9.837772643082751e-38,2.7738045475972754e-32,4.6869141576906535e-40,2.061941516154582e-14,9.057331869434209e-14,5.465846297463996e-13,3.509999452604917e-06,1.5724689809590309e-32,7.068975469027575e-29,1.1764490579684491e-12,1.7799988225204953e-06,1.2342228596448518e-31,4.9670933754008583e-23,1.438394771583466e-46,2.2700062540612e-36,0.0,0.0,1.58540255697088e-19,9.117114533867297e-16,3.3254625549357776e-28,1.1851467087910146e-16,2.0375283837753253e-39,3.7056205292805016e-25,2.0375348773056614e-39,3.226960014435223e-50,3.035823578862027e-36,1.6957474213836887e-24,6.031509325064874e-20,1.3189064423196657e-21,5.601123190087067e-33,6.801417263604983e-27,2.1175419440322194e-30,1.8909712828100434e-24,5.888260033161737e-21,5.9273514548397786e-36,3.8150390888904285e-43
4.088973428448061,1.677573522824257e-10,0.00017699993073821575,1.0606160504377e-25,8.801312779621249e-21,6.42363746187939e-28,1.5785027301504585e-22,2.601648799612026e-31,1.497167953560866e-24,2.8254669358825594e-55,1.01398501539609e-43,2.6320779740818763e-52,4.0526678045237e-34,1.590598175537551e-28,1.0413435531342488e-41,3.251614885533234e-31,3.025616604677328e-33,6.5172416062945275e-68,2.3919172355653074e-52,1.8042257623153634e-49,8.39385245772305e-59,9.517130778894257e-67,4.123441115495053e-56,2.8181203360393977e-15,1.8951795536625924e-13,2.217842588261876e-17,1.278838736236694e-12,1.787313182065125e-42,8.121008543462701e-43,4.287324808080874e-20,3.319095766829684e-14,8.819954073124584e-56,1.671360767910167e-58,1.313031294231666e-38,6.499318272939557e-36,8.121522301321148e-43,9.719499538916987e-39,1.7770697547215114e-26,4.732833662458768e-25,1.9530874332555065e-22,2.8203969758816488e-12,3.2824573902700764e-08,2.895807348087374e-20,1.2915910250341038e-18,5.139521908932975e-19,1.9500148695610935e-17,1.7277009285350658e-29,3.834753077268325e-27,3.0492933980587304e-22,0.00018232606814154152,0.49999999998313543,1.0110975884367827e-09,0.2499999979864578,9.199808465335264e-10,2.222104174618824e-11,6.627090790956631e-27,8.301795443338666e-26,1.9113335866416836e-20,9.260386239474351e-30,9.821857782452957e-34,1.4562883362929989e-27,7.967932433978925e-34,2.626784007901976e-37,8.559773849755168e-21,2.568091903464125e-15,2.1869400639702454e-21,1.1615182424385157e-15,0.0,2.6245697227497934e-36,2.9665865343334278e-46,3.140558758339723e-11,2.019364900268247e-17,1.0294488821355536e-22,5.134999869068352e-53,7.18873908941332e-15,1.0503774698380936e-09,9.219260813361406e-22,1.1390697527920194e-18,1.1083170052142602e-20,3.8468416698102186e-23,2.125338385648568e-17,2.2297704238059103e-32,1.0663677991239796e-44,2.3205404021806322e-30,3.935622266126871e-24,0.10000000127881876,2.1053966358143735e-10,7.577041362621371e-13,8.48494030171735e-24,1.248753046836833e-41,9.991596799130004e-29,6.978644494888441e-22,1.3995102798054876e-30,2.28863501340552e-19,8.603122734349908e-47,2.2498422729055015e-18,7.49170659996682e-18,2.0312268948978597e-39,6.829731720398184e-29,2.2642764760844923e-29,2.2559405197037937e-06,5.948029620579234e-11,6.17999994524446e-05,5.343182096896278e-13,1.1301044079555674e-24,4.4797400010168376e-20,7.55674256276678e-22,9.021343523975491e-46,9.153196355886104e-20,1.3078422699513555e-14,2.162926082192773e-22,1.5544755589578194e-16,8.678982848074014e-57,5.402911991435059e-26,2.6974082389059763e-19,5.41131402752977e-25,7.063290692585843e-21,4.456905419029456e-19,6.161454269479201e-37,5.987591815160009e-25,3.677231517401976e-21,0.0003339999925584232,7.222024002332175e-12,5.520818776399207e-19,1.9247808397019094e-18,2.0870489184065474e-41,4.164840074219585e-29,6.385677952317378e-30,8.89496205991681e-37,1.7115013659995572e-31,4.249699841740103e-39,2.9818286218821046e-14,1.8709914277380863e-13,7.904075886603092e-13,3.5099992084211337e-06,6.864181788519638e-32,2.1334059410880313e-28,1.7012221792956365e-12,1.7799982973131927e-06,3.299325734865111e-31,1.5073963199388304e-22,2.053473502428955e-45,2.3051678768196745e-35,0.0,0.0,3.310937912914336e-19,1.293160554888392e-15,9.953200804922492e-28,1.71042004738024e-16,8.832616668764257e-39,7.6435857119445375e-25,8.832657433815989e-39,2.969043482943978e-49,9.080852939418101e-36,4.79508034935853e-24,9.113477921002404e-20,2.7664582848524097e-21,2.2493754270601085e-32,2.03487093195866e-26,6.390084983291112e-30,5.708316156666124e-24,1.2299926687979772e-20,2.588383759101611e-35,2.4059867633889498e-42
5.912999739169831,1.9798771292250248e-10,0.00017699989984537273,6.218223062856248e-25,2.6629296284580752e-20,4.989693712015758e-27,6.55818735153113e-22,1.9771863451842764e-30,8.307480558137634e-24,5.400715920336361e-54,1.3402773308849073e-42,3.4306128348066853e-51,4.4604464349589116e-33,9.792412421362123e-28,6.69758196150965e-41,2.540262256018265e-30,3.005449197350705e-32,2.1060826235494662e-66,8.214310558329361e-51,4.5287589664150376e-48,5.255388925796734e-57,8.368982743743491e-65,1.7290523236828466e-54,5.937790124309094e-15,2.6824292695104037e-13,6.632764617438634e-17,1.8239414575038877e-12,2.3650048848220597e-41,1.9005631539352913e-41,1.2858081277036138e-19,6.864690898532814e-14,4.322249292175595e-54,3.155522601994884e-57,1.7120373194277642e-37,5.848478322845648e-35,1.900729587983131e-41,1.6330211186409212e-37,7.708143979367031e-26,2.050758698639787e-24,5.84640823354245e-22,5.896740340066956e-12,3.2355912388630754e-08,6.443038268149021e-20,1.9235120648571347e-18,1.129809175944078e-18,2.862260593500153e-17,1.0215492885409354e-28,2.3779620471543158e-26,9.248886040275656e-22,0.00018232703333350548,0.4999999999885516,1.4740352827415939e-09,0.24999999707795506,1.2987292181690671e-09,4.5848873694049e-11,2.8771892680407984e-26,3.6053915881961347e-25,5.72352419151154e-20,4.0101175418568877e-29,6.171767592296432e-33,6.317523763382136e-27,4.6400039193366844e-33,1.6718538302399003e-36,4.9616549986746036e-20,7.627812781120109e-15,4.559254910973154e-21,1.6719639530643737e-15,0.0,1.1426294376598806e-35,1.858840896562133e-45,6.462205006467072e-11,8.696019377375143e-17,2.142682026735372e-22,1.654913829803325e-51,2.1521562689627838e-14,1.492320475772446e-09,2.7709502176228727e-21,2.3485826204414646e-18,3.313489049612089e-20,1.5871700428020677e-22,4.41858110686993e-17,9.678557626695512e-32,9.694593025729917e-44,1.4555049609451957e-29,1.6925799765308188e-23,0.10000000118412362,3.0445796990947284e-10,1.5345636505154013e-12,3.634655513686381e-23,1.1306852599795752e-40,9.061786573042107e-28,3.0080700003595422e-21,8.74605320531875e-30,4.801112762830883e-19,8.670824042053015e-46,4.689042532423236e-18,1.5589974801204102e-17,1.2797431826180645e-38,2.0587881804780634e-28,1.4100641175270134e-28,2.255913986889803e-06,8.601311019719162e-11,6.179999920386723e-05,7.687431255875085e-13,7.010994523582768e-24,1.3283685540667895e-19,3.2513890471683194e-21,1.2352106674009157e-44,3.9638692101805114e-19,2.691836975556208e-14,1.3546975068844131e-21,4.637810882392426e-16,3.4191203926590034e-55,3.4402228090547893e-25,1.1660648262336807e-18,3.3830495769316666e-24,1.4775751154200846e-20,1.3286233747706383e-18,8.088954766575543e-36,1.8060890642369056e-24,7.673985594319178e-21,0.000333999989296564,1.02680960746324e-11,8.136035366934719e-19,5.742133898406297e-18,1.3296926907765003e-40,1.2554446621949159e-28,3.7724463479818074e-29,8.046364972871713e-36,1.0616739997266357e-30,3.83878160081113e-38,4.312381396048478e-14,3.8441212064974133e-13,1.142996335453937e-12,3.5099988553113846e-06,2.994051200630871e-31,6.432892320444499e-28,2.4600640142178278e-12,1.7799975378696523e-06,9.402946089094474e-31,4.581415074732416e-22,3.17805018612774e-44,2.519082712030162e-34,0.0,0.0,6.910451036586882e-19,1.8188640150710344e-15,2.9656613313456633e-27,2.4663205328035353e-16,3.814296470315696e-38,1.5672563993796243e-24,3.8143219801357106e-38,2.7368384063474474e-48,2.7033788927950423e-35,1.382092246838793e-23,1.3972020082207594e-19,5.809574484132738e-21,9.221210236694973e-32,6.059604019117471e-26,1.926538327458684e-29,1.7218467297793563e-23,2.568094507451705e-20,1.129606929036978e-34,1.5155493754107077e-41
8.550695309529694,2.417084363394905e-10,0.0001769998551755665,3.7601590782958986e-24,8.060851251632756e-20,4.0640536862985736e-26,2.7717076040800925e-21,1.5888313744537247e-29,4.782090633436658e-23,1.0318595947277315e-52,1.7706997205691917e-41,4.442895170564491e-50,5.176690028523811e-32,6.0200039159919914e-27,4.325512089419775e-40,2.07605751485244e-29,3.2559781006735393e-31,7.036503268538451e-65,2.9301731425999475e-49,1.178264489034527e-46,3.626124454642239e-55,8.194714535956031e-63,7.959778879719977e-53,1.2548310196765068e-14,3.7616049160941987e-13,1.9755414154353124e-16,2.585655287359863e-12,3.129393816034098e-40,4.800304925850362e-40,3.8422117169386093e-19,1.4128962036930968e-13,2.210461997924658e-52,5.925220709380836e-56,2.2186042145550305e-36,5.226078056384744e-34,4.800902429104091e-40,2.8903700223232146e-36,3.3314435517824304e-25,8.849973814529235e-24,1.742217131730551e-21,1.2329487790686721e-11,3.1689997845127034e-08,1.4615581954679542e-19,2.8886120384498402e-18,2.525615720535103e-18,4.218260114754764e-17,6.120274845215935e-28,1.477754483244059e-25,2.808687596573464e-21,0.00018232842689508647,0.5000000000094214,2.1555069664378427e-09,0.24999999575411666,1.8144911263053123e-09,9.403808263122164e-11,1.2451742259601067e-25,1.5610251998645506e-24,1.7065047194789643e-19,1.72915185178615e-28,3.8672888639003587e-32,2.7309118804415626e-26,2.745658720184405e-32,1.0737540274959029e-35,2.983147526206316e-19,2.2477419704238562e-14,9.492073410351145e-21,2.4018412576393994e-15,0.0,4.964719986239332e-35,1.1624071442658825e-44,1.3204616974450355e-10,3.719429550981973e-16,4.450470522280615e-22,6.307512567351654e-50,6.414462934259746e-14,2.1035704398217106e-09,8.30725699786456e-21,4.812145444755127e-18,9.85611241556235e-20,6.613881680115001e-22,9.16270151576053e-17,4.187680284444771e-31,8.791687559227353e-43,9.10235432580911e-29,7.279318093145969e-23,0.10000000104677993,4.402716319020293e-10,3.0646012816232425e-12,1.5433535425068583e-22,1.020901224749622e-39,8.188679002241171e-27,1.288375299846785e-20,5.437451753720925e-29,1.007308984043218e-18,8.948404746555991e-45,9.758217361110813e-18,3.237174278716807e-17,8.049570523382759e-38,6.19739960912059e-28,8.721760665098036e-28,2.255875618641968e-06,1.243813580314639e-10,6.179999884005644e-05,1.1035254367996685e-12,4.3342456592232607e-23,3.90522746935792e-19,1.3890327262672482e-20,1.7104413000508897e-43,1.709305005842845e-18,5.502316861476887e-14,8.44910281776326e-21,1.3755673541904852e-15,1.3380323329694229e-53,2.196322920445225e-24,5.015385240862364e-18,2.1043840400020085e-23,3.093144061460737e-20,3.9358164074727964e-18,1.0585469529688636e-34,5.441774446362444e-24,1.6000247905716752e-20,0.0003339999846390995,1.4491781575989587e-11,1.208432573196932e-18,1.7028481212742896e-17,8.496461934098659e-40,3.7786969688186254e-28,2.2572352996861957e-28,7.269013930859518e-35,6.595348008869448e-30,3.4488180017059215e-37,6.23788452760152e-14,7.837122115945704e-13,1.6528698087010578e-12,3.5099983446861392e-06,1.3044951372954138e-30,1.9372449717207297e-27,3.5573623015652957e-12,1.7799964397528223e-06,2.8675141935504707e-30,1.3952601077414616e-21,5.238996572146071e-43,2.9094385511417746e-33,0.0,0.0,1.4410933033999938e-18,2.5280275855666915e-15,8.780167057354233e-27,3.5517482294642396e-16,1.6382091022259033e-37,3.186388717796293e-24,1.6382249929199472e-37,2.527540705512154e-47,7.993506480384315e-35,4.044216449083741e-23,2.179010364460622e-19,1.2218628009197762e-20,3.8397531023742677e-31,1.7925039914632888e-25,5.800503675842732e-29,5.187944357414642e-23,5.358296276430961e-20,4.9253507738887215e-34,9.530233551077298e-41
12.365025114423291,3.049424270404314e-10,0.00017699979058685946,2.3086871421735574e-23,2.440779601747968e-19,3.4157796627372833e-25,1.1787146918020121e-20,1.3265975844868196e-28,2.8172913467755123e-22,1.9697927524559906e-51,2.3370491317203097e-40,5.701362418009829e-49,6.229197770100494e-31,3.67502009724579e-26,2.802486932420851e-39,1.7476445192916985e-28,3.7455784515839875e-30,2.4289309095228252e-63,1.0685078323717031e-47,3.116446501537612e-45,2.6592106793485985e-53,8.592518530870748e-61,3.9071509854162845e-51,2.6622582304420704e-14,5.206182731775512e-13,5.847256320808054e-16,3.633829139785824e-12,4.139664425598823e-39,1.239472999225855e-38,1.1421250306925868e-18,2.8878245438597137e-13,1.1602092962158252e-50,1.1047397021174862e-54,2.8500441442844837e-35,4.623705597794527e-33,1.2396951934141374e-38,5.170716509616055e-35,1.432412666311884e-24,3.79688057011e-23,5.158282040438497e-21,2.5776161293191794e-11,3.07511941851229e-08,3.38942366755162e-19,4.3741818024703315e-18,5.759932912214749e-18,6.239415500610033e-17,3.694880510211779e-27,9.174957698394766e-25,8.54226682083528e-21,0.000182330437486831,0.5000000000648236,3.164325460765085e-09,0.2499999938208841,2.4983407926936312e-09,1.9122462728622274e-10,5.364187196130187e-25,6.729275354113654e-24,5.056432429383961e-19,7.411450608396243e-28,2.413526539618657e-31,1.1745081730947985e-25,1.6411131531005497e-31,7.12047093294214e-35,1.809368831671079e-18,6.548612178921546e-14,1.9723288211266018e-20,3.4402501237382125e-15,0.0,2.1510255180365657e-34,7.276910725251768e-44,2.671760816596366e-10,1.5754102031903995e-15,9.216133072495427e-22,2.7151045113271373e-48,1.899591927116491e-13,2.9316150671049804e-09,2.481806067315939e-20,9.77123020109453e-18,2.9104121607366794e-19,2.7688062224000477e-21,1.8930866284417216e-16,1.8039342125888695e-30,7.946132987752181e-42,5.666402248768479e-28,3.12241843778406e-22,0.10000000084744799,6.366693801643499e-10,5.998795833136541e-12,6.470565938676123e-22,9.181579083016728e-39,7.361317209722085e-26,5.468065125550853e-20,3.3555311430202566e-28,2.11136023411336e-18,9.452107541855105e-44,2.0264062727606176e-17,6.700770503902252e-17,5.0511673583194734e-37,1.861775402262031e-27,5.3424665999511665e-27,2.2558201358217617e-06,1.798641782382438e-10,6.179999830555232e-05,1.5789681299581808e-12,2.66035627542408e-22,1.1340306872378141e-18,5.873932016864022e-20,2.3935914268707e-42,7.326386588621829e-18,1.1137620016104092e-13,5.2379185304163855e-20,4.04576963790723e-15,5.1867859577243845e-52,1.4069904495669793e-23,2.141658538738826e-17,1.2995823585284131e-22,6.488622020545926e-20,1.1554479396373901e-17,1.3789189472783336e-33,1.6369755209261102e-23,3.331698886070022e-20,0.0003339999780216527,2.0240446941871927e-11,1.8142524489221925e-18,5.0069617425366973e-17,5.44985429347163e-39,1.1347870179846195e-27,1.3601466638714071e-27,6.546147781459059e-34,4.090677979363838e-29,3.074400943546576e-36,9.028501323375581e-14,1.5801761638709047e-12,2.3901907333680935e-12,3.509997606281573e-06,5.674426374979723e-30,5.823220931449561e-27,5.144041230456568e-12,1.7799948519892874e-06,9.347721659498413e-30,4.2607571972529115e-21,9.031123651812726e-42,3.4900052008318236e-32,0.0,0.0,3.0015444402855013e-18,3.455555338988543e-15,2.5760833032766534e-26,5.105471644440816e-16,6.981703339940933e-37,6.401259916133785e-24,6.981801686410235e-37,2.3371969080780674e-46,2.34094319019612e-34,1.1974182906107984e-22,3.4618077595694933e-19,2.5745394560611997e-20,1.6167111584824404e-30,5.252733372842954e-25,1.7430591394192462e-28,1.5606168021182264e-22,1.1169639694404419e-19,2.1447986187316353e-33,5.978250714036636e-40
17.88086705766717,3.9640396112244403e-10,0.00017699969720078157,1.4256908991428598e-22,7.390038888267622e-19,2.9248615783247536e-24,5.0080287539152784e-20,1.134730143066525e-27,1.6806214860758807e-21,3.754024644296956e-50,3.078498946528878e-39,7.221067475815357e-48,7.66434544761383e-30,2.2157548879270087e-25,1.8159159186689978e-38,1.4966601855278331e-27,4.4770710514191934e-29,8.635697928913304e-62,3.929411199327386e-46,8.276610339719601e-44,2.0196370737821627e-51,9.37881141805356e-59,1.9955433547189593e-49,5.676232270823065e-14,7.074614967114746e-13,1.714827870959454e-15,5.0443923029063364e-12,5.470911075292773e-38,3.186496145545535e-37,3.3697574262890322e-18,5.843927500368985e-13,6.161751203779861e-49,2.0453484070248655e-53,3.6163056912301876e-34,4.0338132186833114e-32,3.187324084622548e-37,9.156313425687858e-34,6.113377477666803e-24,1.6153193663042546e-22,1.5131325598764695e-20,5.385802876522627e-11,2.9442575876747688e-08,8.044666238419903e-19,6.664462967629134e-18,1.343302095104984e-17,9.244711966859621e-17,2.235788041452487e-26,5.6753384951312045e-24,2.6026195027938498e-20,0.00018233333522087693,0.5000000001919697,4.667056300722124e-09,0.24999999099200818,3.370858481794194e-09,3.840623899386269e-10,2.295780980781776e-24,2.882766125949336e-23,1.484906616119363e-18,3.1506397106933053e-27,1.4975676174972253e-30,5.014541665204968e-25,9.84905823999761e-31,5.266900371025538e-34,1.092449256909723e-17,1.8770537149433333e-13,4.0867489752451693e-20,4.906922188960104e-15,0.0,9.281314999783212e-34,4.613929919674766e-43,5.332213360695757e-10,6.580182913166011e-15,1.9002466337133554e-21,1.2552271125998036e-46,5.573833767049993e-13,4.018946321171764e-09,7.379572795164904e-20,1.9584854963405886e-17,8.504402540601404e-19,1.1583628475340527e-20,3.890890962747784e-16,7.726040132711844e-30,7.151855957120791e-41,3.5037911485128196e-27,1.332118674937262e-21,0.10000000055802599,9.206765565386787e-10,1.1413583631469959e-11,2.6638457348805892e-21,8.225233777177971e-38,6.5686953345010295e-25,2.2906510223507037e-19,2.0490618782853974e-27,4.4104615031468325e-18,1.0182159484564057e-42,4.195123414365257e-17,1.3807665626505285e-16,3.158813661985462e-36,5.576700589331432e-27,3.2272055660418343e-26,2.255739904831057e-06,2.6009516894370266e-10,6.179999751694117e-05,2.248746870401189e-12,1.6145121049316352e-21,3.235835316901897e-18,2.448126527023519e-19,3.3739493925671895e-41,3.113425270240199e-17,2.2236276997319377e-13,3.2194178755995554e-19,1.1758455544770454e-14,1.9836239912048692e-50,9.050915464124291e-23,9.05186422106582e-17,7.943288770336697e-22,1.369287411393969e-19,3.348732284007481e-17,1.7845581991990892e-32,4.9128915645028576e-23,6.924620771058331e-20,0.00033399996867931577,2.785836592877671e-11,2.763551762595626e-18,1.4544513263676303e-16,3.512470711151521e-38,3.396725155588186e-27,8.207597991670929e-27,5.864125754696754e-33,2.525763408706583e-28,2.7101896884312276e-35,1.3090753123209693e-13,3.1362824705532607e-12,3.4564208322043057e-12,3.509996538491849e-06,2.4625600244203444e-29,1.7457847394912196e-26,7.438288287820943e-12,1.7799925563571252e-06,3.239297179065316e-29,1.3056414053534656e-20,1.6027212484983141e-40,4.285511210741812e-31,0.0,0.0,6.240649928290711e-18,4.615770924233152e-15,7.463295465462357e-26,7.319459421623279e-16,2.943214165042484e-36,1.2647399956677233e-23,2.9432744760850932e-36,2.159763841909672e-45,6.763714508280232e-34,3.577919856215349e-22,5.598858900155198e-19,5.435656217321729e-20,6.85523708591777e-30,1.5190770073970761e-24,5.223292567054316e-28,4.683714094024278e-22,2.3255655989618955e-19,9.32243111801086e-33,3.7370636119815704e-39
25.857238766221403,5.287027975113143e-10,0.0001769995621838913,8.80071894550378e-22,2.2355512385331947e-18,2.5258128838017106e-23,2.1137504590314841e-19,9.836804746726255e-27,1.0062907151403863e-20,7.131261730573883e-49,4.0396575349664143e-38,8.977032465501194e-47,9.536334430677685e-29,1.3111027003125938e-24,1.1690142965122177e-37,1.290959270025754e-26,5.4681511996599645e-28,3.1455740921135925e-60,1.439548704430537e-44,2.188555437674528e-42,1.5595551286808216e-49,1.04457123550479e-56,1.0399454352526239e-47,1.217266158947639e-13,9.374496201218423e-13,4.962852914514335e-15,6.882138957223139e-12,7.2132326120419804e-37,8.028362433824451e-36,9.837156453294563e-18,1.1659891899123704e-12,3.269968097113291e-47,3.798882892283219e-52,4.510014488377964e-33,3.4509456536123502e-31,8.031398379047311e-36,1.582177747966753e-32,2.5816037097898765e-23,6.789767309630587e-22,4.38015291500795e-20,1.123758865337072e-10,2.7648068302303447e-08,1.9516331689444696e-18,1.0158097577605916e-17,3.205645197841076e-17,1.3658671080520863e-16,1.348651780531087e-25,3.4867420768692266e-23,7.943758035895072e-20,0.00018233750500723194,0.5000000004587056,6.9188498333198135e-09,0.24999998684833472,4.424184093566301e-09,7.577339353114119e-10,9.734114646408184e-24,1.2239995861373923e-22,4.305366884013474e-18,1.3250548541948448e-26,9.215824433430997e-30,2.1187143413232857e-24,5.898367603136988e-30,5.171548079029586e-33,6.5087169352946e-17,5.256846039916476e-13,8.43392699066885e-20,6.956853085955928e-15,0.0,3.981054640133668e-33,3.06563093203595e-42,1.0443265787338395e-09,2.694116791692908e-14,3.893705777962715e-21,5.967753091887287e-45,1.6139966457464425e-12,5.380207879205699e-09,2.180781257056495e-19,3.853101829606388e-17,2.447920270083407e-18,4.81588671726634e-20,7.938236733423341e-16,3.28703014966901e-29,6.410205777720221e-40,2.1455892069285773e-26,5.633566948896926e-21,0.1000000001378747,1.3313737964183961e-09,2.0867643555206475e-11,1.0686935525311098e-20,7.366766345261632e-37,5.8002015848751005e-24,9.41942852918658e-19,1.2328168753627674e-26,9.138943198611705e-18,1.1105651645371149e-41,8.646570441548211e-17,2.8267690845997017e-16,1.9656833328813642e-35,1.663428940300187e-26,1.9111005516364478e-25,2.2556238878134256e-06,3.7611218657339836e-10,6.179999634881241e-05,3.1813624897156892e-12,9.635909010982985e-21,9.00696277570198e-18,9.99537037461438e-19,4.755663040785768e-40,1.307281022368926e-16,4.355377964027505e-13,1.954887070890302e-18,3.360763732469892e-14,7.441779969455811e-49,5.848977471763131e-22,3.770788159095117e-16,4.7843849019107955e-21,2.9378186093553563e-19,9.530079589397749e-17,2.2882100657058537e-31,1.4695599668262928e-22,1.4354525331956461e-19,0.000333999955592236,3.757431205948405e-11,4.2914707068116595e-18,4.1530688347620414e-16,2.2767474108589996e-37,1.0120371545220604e-26,4.9309948877005555e-26,5.211032389467662e-32,1.547304722349714e-27,2.3513587875749513e-34,1.9080210266216496e-13,6.0880459765067884e-12,4.998283318681703e-12,3.509994994389888e-06,1.0651031743628147e-28,5.21390881545315e-26,1.0755491185288515e-11,1.7799892374727286e-06,1.1827875789870948e-28,4.017641396039046e-20,2.893079045844086e-39,5.325381328956171e-30,0.0,0.0,1.2942298378596862e-17,5.97670173371103e-15,2.1249343145097806e-25,1.0453660459461828e-15,1.2220923047957105e-35,2.442529191786112e-23,1.2221288207137014e-35,1.98612964543992e-44,1.9180970207147873e-33,1.0766076054007353e-21,9.185822021572147e-19,1.1497032215227313e-19,2.91678239158346e-29,4.313782807215384e-24,1.5589307382339896e-27,1.4010037001294533e-21,4.835495264346813e-19,4.0412260914257766e-32,2.3245551852845757e-38
37.39174361383633,7.200868723300523e-10,0.00017699936698651404,5.404284231787056e-21,6.745180237656943e-18,2.180849696580771e-22,8.811427637641431e-19,8.569219103831889e-26,5.999359261850154e-20,1.346382340583445e-47,5.2624725353981e-37,1.0870503744038568e-45,1.1889058693138405e-27,7.553399083102663e-24,7.390677629913352e-37,1.1118237974790413e-25,6.735889183916746e-27,1.1654989336736238e-58,5.189391189207952e-43,5.723332222767218e-41,1.207373644460022e-47,1.1696492980239249e-54,5.44368017004025e-46,2.6261884540339877e-13,1.2010515133010013e-12,1.4094059710501316e-14,9.166264568951567e-12,9.461790205959396e-36,1.9547595832367206e-34,2.829036990734184e-17,2.280527328258376e-12,1.7129885656551748e-45,7.457525106439353e-51,5.491810202561682e-32,2.8736237883918504e-30,1.9558397326837924e-34,2.6298709417517574e-31,1.073877822698027e-22,2.8053177853060287e-21,1.2442806982055095e-19,2.337523307368981e-10,2.524473274026384e-08,4.819808813871666e-18,1.5329451864028674e-17,7.815530349546589e-17,1.9964528825479218e-16,8.061299083764227e-25,2.1194153054496163e-22,2.4275349550629603e-19,0.00018234349166941746,0.500000000977782,1.0307118940935297e-08,0.24999998078854102,5.5987042981731e-09,1.4571976924778453e-09,4.0729460354615153e-23,5.131953394225823e-22,1.2258846319628966e-17,5.503029667576663e-26,5.605164283628291e-29,8.820043559360226e-24,3.501100490613833e-29,7.634963019460699e-32,3.794162957555786e-16,1.4246741338507596e-12,1.7305762550896905e-19,9.778862713769343e-15,0.0,1.6930926421488393e-32,2.3011095882924297e-41,1.9943838922683688e-09,1.0722660247160596e-13,7.907278747877664e-21,2.8161683494821985e-43,4.586108640427479e-12,6.959731127880998e-09,6.394386145460896e-19,7.382196078308898e-17,6.896467223788165e-18,1.976838264921616e-19,1.6029799552777454e-15,1.3917481622025311e-28,5.7412642472549194e-39,1.295728656088104e-25,2.3512644193507757e-20,0.09999999952873191,1.925274394900925e-09,3.6109839726099926e-11,4.1346042716153906e-20,6.687805936088139e-36,5.046634321980612e-23,3.773198946488602e-18,7.264953867733322e-26,1.863869341237085e-17,1.2134448337849382e-40,1.7709246790334138e-16,5.73327298002025e-16,1.2145637974451481e-34,4.9319187969248186e-26,1.1003271203837497e-24,2.255456125043475e-06,5.438749565243014e-10,6.179999461428332e-05,4.458273141215427e-12,5.615743026860503e-20,2.421558987409667e-17,3.9647491734315154e-18,6.620007594391803e-39,5.39853475464425e-16,8.310728967907258e-13,1.1670111270837542e-17,9.385282095714437e-14,2.717334232661404e-47,3.795337125056577e-21,1.5393134876740197e-15,2.822669671770898e-20,6.579561542010754e-19,2.643633190795438e-16,2.895951728756934e-30,4.374924850119326e-22,2.9650390318749867e-19,0.000333999937414147,4.93091993595314e-11,6.8377035183221166e-18,1.1577278781327796e-15,1.4854577194888389e-36,2.997820083016723e-26,2.930116134275022e-25,4.576331957148388e-31,9.364727204686206e-27,1.994489324846483e-33,2.8230217033066234e-13,1.1457559108763843e-11,7.227954259949846e-12,3.509992761514709e-06,4.584596810094e-28,1.5486900497230887e-25,1.555145363500804e-11,1.7799844396008234e-06,4.504291377923904e-28,1.2418603245934417e-19,5.262787447562266e-38,6.633445319907689e-29,0.0,0.0,2.67430574160148e-17,7.432041386107143e-15,5.909871443427709e-25,1.4848661445623008e-15,4.970433843365652e-35,4.575857828643007e-23,4.970651080187094e-35,1.8037628152077966e-43,5.303304363110854e-33,3.2557544106249663e-21,1.5192461712160224e-18,2.4338233001931525e-19,1.2410706456673567e-28,1.1951485319591146e-23,4.6258511542769266e-27,4.170814249233247e-21,1.0047235807629052e-18,1.7451719683358699e-31,1.4358978882294765e-37
54.07160846228208,9.969624592237663e-10,0.00017699908479567027,3.285072184525007e-20,2.0230213047375748e-17,1.866959979179959e-21,3.601883710161825e-18,7.4462056274822915e-25,3.531249585928445e-19,2.5135317186616688e-46,6.764876431375508e-36,1.2689760533468933e-44,1.472373163581524e-26,4.194076469442492e-23,4.510087832985238e-36,9.477879254369504e-25,8.276354812909294e-26,4.3531698331286617e-57,1.8151949261639162e-41,1.4706766846666382e-39,9.256912789196322e-46,1.300523902848772e-52,2.8238834849482523e-44,5.693541578556572e-13,1.4737187267424929e-12,3.897266663346786e-14,1.181701487790556e-11,1.228574504566964e-34,4.5254205235428964e-33,7.968149841131423e-17,4.338745831583143e-12,8.74040010263397e-44,1.8190933439455327e-49,6.473053667284178e-31,2.3065960399954475e-29,4.52909268304239e-33,4.131789031959103e-30,4.373189612674317e-22,1.1311439793806977e-20,3.4420590036335306e-19,4.831861708906833e-10,2.213395946838367e-08,1.2041517836512313e-17,2.2564988131886366e-17,1.9398172281195597e-16,2.8576904303756594e-16,4.740858899300609e-24,1.2681798045085338e-21,7.413637329219873e-19,0.00018235205953663947,0.5000000019108917,1.54078974877135e-08,0.24999997198648716,6.767674605490977e-09,2.7016272856247924e-09,1.6727987633074475e-22,2.1141249031998403e-21,3.4025842041810837e-17,2.259315415664293e-25,3.3532708019710484e-28,3.5957361635214005e-23,2.043388495439096e-28,1.4702268215329989e-30,2.1419151235497518e-15,3.687580712051643e-12,3.522263675932871e-19,1.3579556095867828e-14,0.0,7.112822482196452e-32,2.1452942956931688e-40,3.6865963328667512e-09,4.1011160047260313e-13,1.5853421569951338e-20,1.278566176852637e-41,1.2686111204715288e-11,8.568540963896157e-09,1.8571614065861653e-18,1.3624194767696047e-16,1.8847662209130954e-17,7.947936167965894e-19,3.191587721996797e-15,5.927790333291741e-28,5.20852572557594e-38,7.672028327247627e-25,9.627702377099542e-20,0.0999999986479881,2.7841000931854772e-09,5.802795978720852e-11,1.5211469150389494e-19,6.372721203152043e-35,4.30196651383675e-22,1.457118293408373e-17,4.160556677926693e-25,3.703470900023089e-17,1.3106217938442969e-39,3.5946487020604065e-16,1.1473756291383847e-15,7.428528346983497e-34,1.4497378626952152e-25,6.0900381538507196e-24,2.2552135413167957e-06,7.864586832025243e-10,6.179999204067523e-05,6.1645743864732394e-12,3.16586550354862e-19,6.205975004782536e-17,1.510925834693447e-17,8.937993549090127e-38,2.179483473950104e-15,1.5314060403015684e-12,6.804524167810143e-17,2.539149346121458e-13,9.555844142043972e-46,2.4673359411864738e-20,6.11051819070081e-15,1.6177851086340278e-19,1.6234967298071595e-18,7.077977321119095e-16,3.599095549026326e-29,1.2936348450674985e-21,6.0966532024188295e-19,0.00033399991234977594,6.243721043013751e-11,1.1298060597610479e-17,3.122178238629797e-15,9.773214772164177e-36,8.836715448291961e-26,1.7084454700732192e-24,3.95140717380039e-30,5.567714324620249e-26,1.6390170136348754e-32,4.350052969603191e-13,2.066743531658109e-11,1.04522615883676e-11,3.509989532648098e-06,1.9598106920147908e-27,4.564358204735918e-25,2.2484730306817745e-11,1.7799775043237195e-06,1.7723082791266633e-27,3.8535995097307177e-19,9.573371082645114e-37,8.2097492352705e-28,0.0,0.0,5.4973281322270306e-17,8.794801577261431e-15,1.5940703420718782e-24,2.092773523944675e-15,1.9664467414329657e-34,8.24384965401372e-23,1.966572955808626e-34,1.5983655333225532e-42,1.4179960166729566e-32,9.872412583375133e-21,2.515396471506705e-18,5.14675495063702e-19,5.2623600687573745e-28,3.2054842609687046e-23,1.3612637727479974e-26,1.2332738506515272e-20,2.0927860504586447e-18,7.495492222147281e-31,8.783620217478025e-37
78.19209694774575,1.3975342174635522e-09,0.00017699867685022383,1.964725506714003e-19,5.994305685892272e-17,1.569804537766708e-20,1.4298421779248045e-17,6.405657732656077e-24,2.0312958588014982e-18,4.600171710878255e-45,8.496214147043643e-35,1.4087566487591026e-43,1.7943831144701527e-25,2.216761206989948e-22,2.601046878193424e-35,7.917580660694997e-24,1.003291466884155e-24,1.6198202873221192e-55,6.054167152296645e-40,3.685865437730831e-38,6.935925272797214e-44,1.4173020062499861e-50,1.4321782014700207e-42,1.2360120439334393e-12,1.7171677393656786e-12,1.0383624995629589e-13,1.4600846401346525e-11,1.5656985918559425e-33,9.757241003469008e-32,2.1812584294909034e-16,7.949676028210899e-12,4.272983361552589e-42,6.699359421826225e-48,7.303167655914268e-30,1.7625716711001883e-28,9.768943534228101e-32,5.998045166110969e-29,1.7290150239614237e-21,4.407279724994576e-20,9.17650418871619e-19,9.868852629053874e-10,1.8300832580632832e-08,3.023100762592504e-17,3.191595649869914e-17,4.881188557055439e-16,3.9851698022984283e-16,2.718946851833715e-23,7.419383270970681e-21,2.253485629692571e-18,0.00018236427028261757,0.5000000034306226,2.3051373382957905e-08,0.24999995939497463,7.757244528901484e-09,4.7546276296354335e-09,6.695662448596464e-22,8.50029673217105e-21,9.115279262728575e-17,9.242510066576755e-25,1.96048354174849e-27,1.4238216727282808e-22,1.161137089064284e-27,3.014208178027842e-29,1.1556104140396858e-14,8.958701158422425e-12,7.087571697358529e-19,1.8538958653207545e-14,0.0,2.9362087111783034e-31,2.5101079887943543e-39,6.547712088145209e-09,1.4842082522899112e-12,3.120936076506988e-20,5.4120305563555265e-40,3.37903102099868e-11,9.823864216616378e-09,5.3330658773888434e-18,2.3872766524991415e-16,4.936804202863779e-17,3.097989331324817e-18,6.236463310336802e-15,2.6244151392169675e-27,4.9649903094223725e-37,4.4183641437254635e-24,3.8367855036113073e-19,0.09999999737930261,4.026024814028675e-09,8.4788734573428e-11,5.226573528253481e-19,6.756178432761575e-34,3.56584471274693e-21,5.350613530263824e-17,2.2921746368127076e-24,7.134611249670134e-17,1.3786989769123767e-38,7.204612510982356e-16,2.252840665800777e-15,4.477700297534658e-33,4.209668957032103e-25,3.1915836486214195e-23,2.254862775851462e-06,1.1372241485350952e-09,6.17999882437061e-05,8.366001365163907e-12,1.705478940917353e-18,1.4907327028688502e-16,5.4524940115245023e-17,1.1439910950089188e-36,8.53790477962383e-15,2.696978262510554e-12,3.842210054885983e-16,6.584061523870209e-13,3.191115786358587e-44,1.5985631203054912e-19,2.3352966972796238e-14,8.90856343876522e-19,4.7408846794389436e-18,1.8058651373450302e-15,4.362623192087275e-28,3.788735494644744e-21,1.2473718364559991e-18,0.0003339998778919107,7.565846584942307e-11,1.9813286689864673e-17,8.051749695299935e-15,6.532910639889516e-35,2.616704260991325e-25,9.675299203779801e-24,3.3310087371579816e-29,3.2267068032518944e-25,1.289128784889451e-31,7.385176624333514e-13,3.52313351317237e-11,1.51149096993903e-11,3.5099848635689572e-06,8.29589325160184e-27,1.3304201635866194e-24,3.2506436655220365e-11,1.7799674806775246e-06,7.175515073513838e-27,1.197593680613564e-18,1.7284702807299618e-35,9.999748737611917e-27,0.0,0.0,1.1217205105717583e-16,9.850044112571704e-15,4.138030508187241e-24,2.917127128440593e-15,7.5068817965809245e-34,1.4161299044904205e-22,7.507592755227124e-34,1.3590927811349374e-41,3.6331233782388616e-32,2.993843775506627e-20,4.1652588818936994e-18,1.0848603409850157e-18,2.214873243909337e-27,8.251985381505635e-23,3.958421385157243e-26,3.6119236723096514e-20,4.416516969667894e-18,3.194639851233849e-30,5.300858263303378e-36
113.07235347641867,1.977058285322953e-09,0.00017699808711174397,1.1467388873288264e-18,1.7369514249109586e-16,1.2814103085095388e-19,5.438329438603541e-17,5.407989506764285e-23,1.1269554950766421e-17,8.143518047122938e-44,1.0267337943334618e-33,1.462288280376496e-42,2.1275629017218662e-24,1.0996954077521408e-21,1.3966205340147494e-34,6.399995490968587e-23,1.1851626158167341e-23,5.912780616332574e-54,1.8825014945041263e-38,8.923776489026674e-37,4.998478079800046e-42,1.491085999231231e-48,6.992094619497677e-41,2.668342416541037e-12,1.893329703399183e-12,2.629417296598928e-13,1.7129182051324766e-11,1.9327241840534825e-32,1.9084635165733208e-30,5.749088000045834e-16,1.3860375707295995e-11,1.960107777740036e-40,3.344576085775133e-46,7.776880738054789e-29,1.2620972099446505e-27,1.911875767727954e-30,7.816463114490499e-28,6.564804805418957e-21,1.6374974061077136e-19,2.3260807826438636e-18,1.972665728720613e-09,1.39008488542144e-08,7.596682969112805e-17,4.3465953503943525e-17,1.2426353812508132e-15,5.555118672470541e-16,1.5036069605569228e-22,4.205891264722643e-20,6.76626151663952e-18,0.00018238158964672794,0.5000000055823557,3.439799991365665e-08,0.24999994186074037,8.423438901429624e-09,7.77461119574044e-09,2.5879471719136864e-21,3.3077421388419186e-20,2.3266277806409886e-16,3.830022409478075e-24,1.1106918131308586e-26,5.417563465733513e-22,6.344025719586899e-27,5.932235706732459e-28,5.858699924341836e-14,1.9985279190865376e-11,1.4038169166919693e-18,2.472161084456615e-14,0.0,1.1821776520483312e-30,3.3135142471610107e-38,1.1112695527616347e-08,4.981460648922061e-12,5.987141363426509e-20,2.0636474938285068e-38,8.539161495523072e-11,1.0166482606369325e-08,1.510441810824476e-17,3.9019294499034015e-16,1.2202085346551176e-16,1.1553590980417272e-17,1.1900523683280494e-14,1.2902103356720052e-26,5.316342131982907e-36,2.448560212453302e-23,1.4722965400708763e-18,0.09999999555751145,5.8219325726546e-09,1.1067216085650248e-10,1.640659656716158e-18,8.285079185707413e-33,2.846530128855036e-20,1.836006770443836e-16,1.1995180974155605e-23,1.3759444831172862e-16,1.3920211848618625e-37,1.4186941832729293e-15,4.305674308856337e-15,2.643598440340427e-32,1.2014515841534825e-24,1.5533264486615427e-22,2.2543556024639408e-06,1.6443975360580625e-09,6.179998270573208e-05,1.1065997277805494e-11,8.647270053607394e-18,3.288724048703572e-16,1.8301100559280285e-16,1.353667369497013e-35,3.216690654657231e-14,4.487895350386232e-12,2.078438111055199e-15,1.615058672628317e-12,9.940668063372985e-43,1.0222671231240148e-18,8.48503099005762e-14,4.645463881712768e-18,1.6812756949739562e-17,4.32293414138718e-15,5.112858590615921e-27,1.0948622335944439e-20,2.5443546703384136e-18,0.00033399983025562063,8.728752631854314e-11,3.89386262770229e-17,1.9584467500840172e-14,4.556853011232872e-34,8.0584758010063655e-25,5.2519573257567925e-23,2.7158265390673533e-28,1.8038252032141676e-24,9.55478060513166e-31,1.4985126006462944e-12,5.587514439839608e-11,2.185753788399331e-11,3.5099781119940188e-06,3.4632878782409775e-26,3.817966498333194e-24,4.698943054615325e-11,1.7799529958527097e-06,3.0338437054173535e-26,3.707755066325325e-18,3.0719536166404673e-34,1.184994460829334e-25,0.0,0.0,2.2651718065531873e-16,1.0473623547851423e-14,1.026670102282429e-23,4.003465278262079e-15,2.7416993854902803e-33,2.3048403561892536e-22,2.7420845566660694e-33,1.0870017339562703e-40,8.838966071524342e-32,9.064646296784482e-20,7.057209943092976e-18,2.283025189113675e-18,9.20965735580584e-27,2.0224680265805634e-22,1.1317240810211507e-25,1.043753989526822e-19,9.716825202812312e-18,1.3470574721059261e-29,3.140167100984196e-35
163.5121402261457,2.8154332683529018e-09,0.0001769972345692816,6.459392512668e-18,4.847255208929229e-16,1.0001037191647306e-18,1.9455268621413943e-16,4.432057650949142e-22,5.924857061819614e-17,1.3678512211045197e-42,1.1685745745831212e-32,1.391685015400043e-41,2.4181478427429838e-23,5.0501704036925886e-21,7.162328568716463e-34,4.922334607346204e-22,1.343306652976446e-22,2.0748738327579022e-52,5.300498752507161e-37,2.0585418136088654e-35,3.3939102969791862e-40,1.485228743884195e-46,3.2201230199945054e-39,5.6665082279368535e-12,1.9879972085621914e-12,6.221847617086168e-13,1.8989687835805584e-11,2.268741235783251e-31,3.279678914828227e-29,1.4435050595518623e-15,2.26998520996414e-11,8.212564412750712e-39,1.7230999821861587e-44,7.680109556454851e-28,8.302409886653639e-27,3.2885166078229236e-29,8.829620680302337e-27,2.3614302300319066e-20,5.7026565974868875e-19,5.513406425329741e-18,3.802423200990751e-09,9.339774030361956e-09,1.9160887830239576e-16,6.100985761264933e-17,3.211777344416203e-15,8.653870312152499e-16,7.904588734192563e-22,2.2832360850213343e-19,1.9822518232275583e-17,0.00018240605953240055,0.5000000079861461,5.1052953976840735e-08,0.24999991838193963,8.748659381028753e-09,1.147346364786662e-08,9.551055784864291e-21,1.2333615717166352e-19,5.568953747566351e-16,1.631324957138332e-23,6.033418093725863e-26,1.9543648843886597e-21,3.280399972841393e-26,1.0741307765293323e-26,2.7339486952422943e-13,3.992379521578176e-11,2.7215126559215474e-18,3.193851302403509e-14,0.0,4.594442558042672e-30,4.3763029880311885e-37,1.7999478089041392e-08,1.5128523746247462e-11,1.1077281380678762e-19,6.822126085325822e-37,2.0084730374723587e-10,9.083491817033456e-09,4.200401652160795e-17,5.8473424363147e-16,2.794914951591047e-16,4.0541754495737454e-17,2.209936104292183e-14,7.504850953860267e-26,6.741132545919388e-35,1.2877083046970195e-22,5.364975568854719e-18,0.09999999294251184,8.418924694675036e-09,1.2867961448791252e-10,4.592778321391589e-18,1.1225307720446456e-31,2.1626803320434944e-19,5.767427472296191e-16,5.871173739697787e-23,3.045359552558505e-16,1.3324456291360465e-36,2.726675132900996e-15,7.924118423860492e-15,1.5156480016959283e-31,3.347322964225489e-24,6.860094401667926e-22,2.2536223163638222e-06,2.377683636176937e-09,6.179997476246776e-05,1.4144533603045017e-11,4.0539369033744576e-17,6.515092453681767e-16,5.595152149369637e-16,1.4477735262600124e-34,1.1539012564583133e-13,6.973915561481761e-12,1.0630005072322192e-14,3.690558200172597e-12,2.8266572105328847e-41,6.354885640991341e-18,2.8861613209594296e-13,2.2517259363895147e-17,6.790743808111748e-17,9.543129551560289e-15,5.731075433928192e-26,3.106041904628069e-20,5.216867439405039e-18,0.00033399976331345067,9.615542998167201e-11,9.426505421388186e-17,4.427321772945313e-14,3.5345952961886146e-33,2.813776877484694e-24,2.6859428134253773e-22,2.115499045935654e-27,9.592317050493492e-24,6.550012336804257e-30,3.764296288289473e-12,8.131506578623433e-11,3.16080046029393e-11,3.509968349348677e-06,1.4180536438577517e-25,1.0721710560816952e-23,6.791368065498973e-11,1.7799320697356738e-06,1.440249359266611e-25,1.1331835368362317e-17,5.320223004408623e-33,1.3459636518007153e-24,0.0,0.0,4.508539906907744e-16,1.0725932544580015e-14,2.4235990168818694e-23,5.377129483219813e-15,9.504628678024868e-33,3.5468693699428477e-22,9.506619840478803e-33,8.01300020230657e-40,2.0262126451044833e-31,2.7545231141325587e-19,1.3258580180146622e-17,4.888888122032874e-18,3.760887039645861e-26,4.690382828206617e-22,3.159060226984553e-25,2.960979646923465e-19,2.3620982192435056e-17,5.597751010185967e-29,1.814279252645662e-34
236.45231729355083,4.028226996851247e-09,0.00017699600215146147,3.45988479156351e-17,1.276179542137627e-15,7.315794230517802e-18,6.389936910507502e-16,3.4773235881300495e-21,2.884009473532961e-16,2.126126284271121e-41,1.2190896234395288e-31,1.190249990628931e-40,2.5835864399102965e-22,2.1256442556698434e-20,4.009078540837678e-33,3.522330005562359e-21,1.4319407108718108e-21,6.825192173871373e-51,1.3029227755646153e-35,4.436176219311758e-34,2.114127064780242e-38,1.3661741339361824e-44,1.3614717436669545e-37,1.1666162023187283e-11,2.0218277557295214e-12,1.349016621475042e-12,2.0001133441794955e-11,2.475037252910759e-30,4.7760037521813105e-28,3.416839664596951e-15,3.452058621788471e-11,3.038477514802511e-37,7.765568012822213e-43,6.886693724248693e-27,4.899873784543853e-26,4.795659821774896e-28,8.313837485438083e-26,7.921880812765973e-20,1.8222254480913875e-18,1.1989225634749952e-17,6.924272826073958e-09,5.2552259816758085e-09,4.91242895466968e-16,1.0592149948564846e-16,8.534641376259827e-15,1.798640717610682e-15,3.8823364735100275e-21,1.169553264696957e-18,5.565664924115632e-17,0.00018244063295327022,0.5000000094121327,7.52804566577615e-08,0.24999988833013698,8.850288006786642e-09,1.4712134393815254e-08,3.3233623493318497e-20,4.35997125581397e-19,1.227417102308258e-15,7.060446250995436e-23,3.103732885404407e-25,6.5805506070586614e-21,1.5744958745189512e-25,1.753191765383643e-25,1.1473026795506611e-12,6.976905168610055e-11,5.1291580123774534e-18,3.960164190705387e-14,0.0,1.699434084948922e-29,5.341406592909501e-36,2.793548291780186e-08,4.0454372905896377e-11,1.9497818851606905e-19,1.879844064405961e-35,4.295293335344644e-10,6.578837464900531e-09,1.1386279528250857e-16,8.016165707252596e-16,5.841146646619149e-16,1.3114639343619833e-16,4.005849981532797e-14,5.034134264354372e-25,9.702909166284431e-34,6.316735741431151e-22,1.824196872621663e-17,0.09999998917923655,1.2174306766676904e-08,1.3657286473115738e-10,1.1226350747486174e-17,1.5051586683229314e-30,1.5419461362693858e-18,1.6230880272799408e-15,2.638558287663848e-22,9.266957591028975e-16,1.1990397851458342e-35,5.073035342358765e-15,1.3844436517335261e-14,8.34041394596169e-31,9.022245118772868e-24,2.683110755916183e-21,2.2525621915295523e-06,3.4378084704463265e-09,6.179996360348074e-05,1.7305135905179223e-11,1.7239352208867053e-16,1.1341138912144446e-15,1.5235525465590848e-15,1.3811630659083358e-33,3.898214713016509e-13,1.0002926612670908e-11,5.059869494730596e-14,7.716992804919527e-12,7.1570429981998145e-40,3.7581873791524005e-17,9.021049059360409e-13,9.910044352760357e-17,2.8320751976583307e-16,1.9115235078008392e-14,6.064887813447531e-25,8.594891833929601e-20,1.0981814072544073e-17,0.00033399966680365377,1.0262846110341365e-10,2.9863746140888454e-16,9.184925359632255e-14,3.2661970038080724e-32,1.2540007103075146e-23,1.2661017821987453e-21,1.5505496140680945e-26,4.764924249381674e-23,4.068325861718773e-29,1.0891132570443178e-11,1.080479170180129e-10,4.5708011946502403e-11,3.509954233308834e-06,5.653246935679909e-25,2.9229924928505545e-23,9.81313177946743e-11,1.7799018499221069e-06,9.047304304134629e-25,3.372905962304676e-17,8.864758601709779e-32,1.4368021448697916e-23,0.0,0.0,8.79815545533399e-16,1.0789080043995671e-14,5.43741051296149e-23,7.0136556880810545e-15,3.107969244193404e-32,5.17173114507489e-22,3.108944821849472e-32,5.3507346278980104e-39,4.35178401686532e-31,8.648008828763869e-19,3.156823384775983e-17,1.1383330483904946e-17,1.4971358020733569e-25,1.0261829591589315e-21,8.52794473185475e-25,8.19302715419372e-19,6.781954828978076e-17,2.2825091914516927e-28,1.0148172415970903e-33
341.9299525782251,5.782810189366678e-09,0.00017699422076703636,1.7300574167950836e-16,3.09341469857351e-15,4.8914490249868063e-17,1.871446484906628e-15,2.567818060853565e-20,1.2623301036690521e-15,2.9699230122292986e-40,1.1303239088507876e-30,8.991905570200475e-40,2.5300031225306686e-21,8.183447029022898e-20,2.917686814668235e-32,2.2778945750144704e-20,1.3991972706536975e-20,2.043860647882157e-49,2.6767025774130886e-34,8.722807278838634e-33,1.1683986002347072e-36,1.12423963767569e-42,5.1161959470601366e-36,2.2889056006562837e-11,2.029760509461951e-12,2.625477479939107e-12,2.0358379068328805e-11,2.4466403364840626e-29,5.6811777839298916e-27,7.561721107915797e-15,4.838772114253141e-11,9.532702726451427e-36,2.809040330147752e-41,5.482001047925526e-26,2.5337341723005974e-25,5.717430170190968e-27,6.27545941355305e-25,2.437821343034134e-19,5.210682634489503e-18,2.34537937265946e-17,1.162070283347414e-08,2.2879367563571775e-09,1.30614351800749e-15,2.5479721981262855e-16,2.3822642744185646e-14,4.9188806721618866e-15,1.7458623803717523e-20,5.552181776620459e-18,1.4631302420882258e-16,0.00018248983042606272,0.5000000075153015,1.1036281005911561e-07,0.24999985107051342,8.867502313619476e-09,1.5642226869011836e-08,1.0762066306489934e-19,1.4470353589106622e-18,2.4437503344353005e-15,2.9665294524231998e-22,1.491875005740317e-24,2.033837244127004e-20,6.85770093996154e-25,2.544053541798379e-24,4.233887938873405e-12,1.0558584074919875e-10,9.329059436200003e-18,4.670380846656429e-14,0.0,5.872052529514106e-29,5.735668505760794e-35,4.1847568747224514e-08,9.292606199683769e-11,3.209514790147633e-19,4.188723738090427e-34,8.142026349875713e-10,3.534930906169277e-09,2.99193854801159e-16,1.0650369548025696e-15,1.1187110865296378e-15,3.8187237001573693e-16,7.241514374361114e-14,3.514703460079744e-24,1.4093023306963435e-32,2.832391149210505e-21,5.664896478812643e-17,0.0999999837469976,1.7604723097778223e-08,1.3839546534842457e-10,2.3867439319029153e-17,1.8041084116025858e-29,1.0148237422308776e-17,4.017284847292785e-15,1.0648060523512286e-21,3.535060727593032e-15,1.0099457436849415e-34,9.050081803158116e-15,2.2558508890463436e-14,4.3376246448010995e-30,2.326199201504085e-23,9.118258481310545e-21,2.2510297246739176e-06,4.970275326079291e-09,6.179994830088017e-05,2.0096673040176026e-11,6.52763773755605e-16,1.7071150558206417e-15,3.61550339735565e-15,1.1813526457675282e-32,1.2254407496451675e-12,1.3103988424722363e-11,2.2004507578955373e-13,1.4463715083771053e-11,1.5708353017077484e-38,2.0556785998480932e-16,2.533079163249971e-12,3.845338261788783e-16,1.1355378065892843e-15,3.4381725054231763e-14,5.967858267187775e-24,2.3020890257197438e-19,2.463988629930799e-17,0.00033399952306453084,1.0856475103805012e-10,1.1475000839703223e-15,1.7378625586502146e-13,3.46570259410021e-31,7.222148604593691e-23,5.353720164060816e-21,1.0503341251637832e-25,2.1604346397962586e-22,2.2431216166281435e-28,3.2346102678391405e-11,1.327815287502141e-10,6.609753582455339e-11,3.509933823676786e-06,2.1740321417153025e-24,7.659866100359391e-23,1.41743634257548e-10,1.7798582348550796e-06,8.222374709196914e-24,9.605687493628788e-17,1.3987875857720972e-30,1.405254497061028e-22,0.0,0.0,1.6724146036260481e-15,1.0805783667517195e-14,1.1609400350797518e-22,8.802932869229791e-15,9.540390475096625e-32,7.166118603487171e-22,9.544897085918383e-32,3.195365178335411e-38,8.713895020298325e-31,3.037847985494321e-18,9.79548407128427e-17,3.247851015407686e-17,5.757402035933617e-25,2.116877073605698e-21,2.1987832365675168e-24,2.194152778204466e-18,2.297288346298304e-16,9.10007297868548e-28,5.458882614086563e-33
494.45949106516065,8.322015405534488e-09,0.00017699164633088184,7.906783739290994e-16,6.732960789721032e-15,2.902927503096747e-16,4.739410893220867e-15,1.7504757574757588e-19,4.802713900907016e-15,3.615399152337221e-39,9.026055365453429e-30,5.934341312568042e-39,2.2015202729317248e-20,2.9027261936577725e-19,2.559334349967053e-31,1.2846995575997354e-19,1.2145322536973099e-19,5.403740930638265e-48,4.380608780807645e-33,1.543668541408006e-31,5.5133641554564e-35,7.979293632114126e-41,1.668662784882285e-34,4.200130214804165e-11,2.033184237141543e-12,4.499067903272085e-12,2.0427060540520784e-11,2.1379732694466523e-28,5.347113321778083e-26,1.557539310176921e-14,6.239084039252669e-11,2.4252008639510706e-34,7.703248189662952e-40,3.8155430341147433e-25,1.1373190405725402e-24,5.400854875952396e-26,3.6752832416240974e-24,6.777378201730116e-19,1.2969596352061662e-17,4.05484078034611e-17,1.754602463337802e-08,6.874319446949672e-10,3.662132344953076e-15,7.208123556266616e-16,7.128435815269475e-14,1.4354370365276424e-14,7.030924317928708e-20,2.3918495845896845e-17,3.502540181756068e-16,0.00018256074721848862,0.49999999926282773,1.610942085583432e-07,0.2499998044340556,8.868774443881793e-09,1.3082861107272412e-08,3.2044374779686134e-19,4.477502000644084e-18,4.314466707157627e-15,1.1434249038903508e-21,6.612555510285794e-24,5.678204718132966e-20,2.644482105880381e-24,3.2322479087696557e-23,1.3531992730329025e-11,1.4119317068493947e-10,1.6271275488249476e-17,5.2120397195390384e-14,0.0,1.8514605819052333e-28,5.251588786800771e-34,6.089369385177043e-08,1.8112370413021406e-10,4.845710980031773e-19,7.598897306681678e-33,1.337947829127305e-09,1.2457344855272942e-09,7.732639486101207e-16,1.652872632491667e-15,2.1085475112705374e-15,9.746172224426381e-16,1.3806952062442402e-13,2.3899682782350085e-23,1.8628983317185275e-31,1.1352665992735963e-20,1.5659071614756147e-16,0.09999997589436374,2.545718098201699e-08,1.3857140609202792e-10,4.641763715734431e-17,1.8104867204613827e-28,6.049527681136481e-17,8.656565754989713e-15,3.758090862596725e-21,1.3161271962341226e-14,7.952318934661426e-34,1.5331251033773323e-14,3.360932185714206e-14,2.0909167006037295e-29,5.661900709383474e-23,2.6845799374332734e-20,2.2488148342628417e-06,7.185165737156614e-09,6.179992784112275e-05,2.2085029024473985e-11,2.167087536641061e-15,2.214630703689434e-15,7.341046604297161e-15,9.437760207255913e-32,3.5376387773037666e-12,1.5597626528490097e-11,8.556547768326548e-13,2.3761534119359394e-11,2.908520271626188e-37,1.0050268039778892e-15,6.2181317871368105e-12,1.2685350235761556e-15,4.2192878514320125e-15,5.5580418176591804e-14,5.365838719267352e-23,5.918954851910594e-19,6.107833276141664e-17,0.0003339993002575312,1.1607038447502002e-10,4.647092150714793e-15,3.01152063625338e-13,3.6469389307165385e-30,4.670665211022913e-22,1.9656524119064e-20,6.447347652730455e-25,8.685037314188913e-22,1.077566180683755e-27,9.086928575268076e-11,1.5603033938919964e-10,9.558120800329927e-11,3.5099043162785824e-06,7.97588674324838e-24,1.9075401368172355e-22,2.0463316603631556e-10,1.7797953416728047e-06,9.084803937357017e-23,2.561955003017326e-16,2.0522077603200415e-29,1.2205127999549157e-21,0.0,0.0,3.0742455242673902e-15,1.0828202132146749e-14,2.3623098088804485e-22,1.0531750879282268e-14,2.7358092122798273e-31,9.435412439190724e-22,2.7377633075571507e-31,1.69018364696344e-37,1.6152156323543342e-30,1.323340258387186e-17,3.3923532986991715e-16,1.1828924621977714e-16,2.1169396471412365e-24,4.117812639632075e-21,5.3318282078223246e-24,5.639702112404179e-18,8.375136218770132e-16,3.547879128026006e-27,2.8180683621605896e-32
715.0300418577249,1.1998523533553982e-08,0.00017698792672688366,3.2304765134144032e-15,1.2869313837528373e-14,1.4829095837362034e-15,1.0110249093798715e-14,1.0797752618747952e-18,1.5333946017368845e-14,3.7241351443057757e-38,6.028951075671037e-29,3.408287115113456e-38,1.643482895506764e-19,9.59990893075005e-19,2.2791453075119696e-30,6.067207078951254e-19,9.037051934246964e-19,1.2247040900345956e-46,5.443990433207372e-32,2.5241914002427293e-30,2.1330761565804783e-33,4.69655673480563e-39,4.798704839388859e-33,7.064960033840295e-11,2.038043658813685e-12,6.688444517303956e-12,2.043268129184828e-11,1.6152589604190344e-27,3.8996332303911332e-25,2.984027988710015e-14,7.418284113815311e-11,4.7837190566419745e-33,1.5365227030987424e-38,2.354790412591904e-24,4.6059899041957084e-24,3.962266730810964e-25,1.6390516262556577e-23,1.6823429363503784e-18,2.7302716769188314e-17,6.115196778321883e-17,2.3484703841660137e-08,1.2089938095465144e-10,1.0815649918478941e-14,1.983544494384727e-15,2.288496978845313e-13,3.8907171840417225e-14,2.4784442372794375e-19,9.130438770310042e-17,7.405697659234239e-16,0.00018266394336042426,0.4999999823222117,2.344349001419199e-07,0.24999974286976107,8.868819414352616e-09,8.16452912383854e-09,8.679460212738874e-19,1.2877583222606026e-17,6.646218180542273e-15,3.8697319998613804e-21,2.670956711176668e-23,1.413015213402241e-19,8.811517617845625e-24,3.519349749889487e-22,3.743991320437929e-11,1.7622673056643313e-10,2.71310241160515e-17,5.5246355518582143e-14,0.0,5.186123970175037e-28,4.039514964305211e-33,8.630947627984287e-08,3.029985648463698e-10,6.591769270066371e-19,1.2334261321213655e-31,1.886873280594645e-09,2.429943729520432e-10,2.1060462278116492e-15,3.556317950182627e-15,4.6812695516967914e-15,2.1190930316861075e-15,2.9826104057680863e-13,1.6052023840399582e-22,2.1216314638542224e-30,3.974170608710549e-20,3.7389667556099195e-16,0.09999996453983773,3.681169858558231e-08,1.3857988632217566e-10,9.725321262874585e-17,1.46993969877722e-27,3.19857469010067e-16,1.623956385925442e-14,1.127495244601539e-20,4.211226156298166e-14,5.8677485506679825e-33,2.4470096974175626e-14,4.5005423723392126e-14,9.133005670589032e-29,1.283321064630783e-22,7.002754479095147e-20,2.2456144217770543e-06,1.0385578222943994e-08,6.179990094743976e-05,2.312792476649712e-11,6.247645233219824e-15,2.5228282308267325e-15,1.2605138627325371e-14,7.914024902301752e-31,9.251314279418105e-12,1.7027317067252938e-11,2.905656407557116e-12,3.361050534472303e-11,4.428111912301288e-36,4.226552082734604e-15,1.2943191413098794e-11,3.410292385231225e-15,1.4342707443362936e-14,8.195072042187122e-14,4.323198249693511e-22,1.449655215175364e-18,1.659738804862265e-16,0.00033399893977224484,1.2675761402581813e-10,1.8050840314477563e-14,4.847587564460687e-13,3.327856063054546e-29,2.9295954049630583e-21,6.031998930644201e-20,3.515272037976704e-24,2.9861501267963152e-21,4.4366000401352915e-27,2.328392887549876e-10,1.822256135251495e-10,1.3821282868266966e-10,3.5098616580679995e-06,2.758216014162074e-23,4.461273405865473e-22,2.952060044673033e-10,1.7797047634699463e-06,9.854079074023147e-22,6.240811223498055e-16,2.745424996228383e-28,9.08474568811033e-21,0.0,0.0,5.427855882612037e-15,1.0873984843582949e-14,4.579998423473956e-22,1.1929931099372009e-14,7.277894611818801e-31,1.1764929746408495e-21,7.285806354357839e-31,7.849148687688598e-37,2.739548846575951e-30,7.035923181704653e-17,1.120277623588396e-15,4.790770177756973e-16,7.364962094745576e-24,7.552591569469026e-21,1.195399031851638e-23,1.3804841215665802e-17,2.966380761015446e-15,1.3631171600312662e-26,1.4079473284374869e-31
1033.9936233354333,1.73237492849168e-08,0.00017698255443772612,1.1548154899774859e-14,2.123265382707637e-14,6.340540865354264e-15,1.7892468741992534e-14,5.914218723191572e-18,3.9782909569991765e-14,3.1633467597029947e-37,3.2885919792585663e-28,1.7079418682968804e-37,1.0150468390895966e-18,2.978864378266652e-18,2.0580520300553237e-29,2.298420696563537e-18,5.554246844126225e-18,2.31822835888654e-45,4.923644415596218e-31,4.129778162163263e-29,6.508521008655419e-32,2.2073245489428696e-37,1.300369029969826e-31,1.0673765613685685e-10,2.0452515057173892e-12,8.59152936630314e-12,2.043266649296268e-11,1.0358270517120541e-26,2.1962447527188508e-24,5.3323954086958506e-14,8.196551152329688e-11,7.031129720899488e-32,2.1760316953540786e-37,1.3874016948154845e-23,1.8858772130933695e-23,2.2531935479637818e-24,5.592724818229143e-23,3.707800168808374e-18,4.7371044756311397e-17,8.01627524634766e-17,2.795711815668915e-08,9.944000737000098e-12,3.2877038251911526e-14,4.897033579906224e-15,7.691497764725849e-13,9.470998089736588e-14,7.48632520377948e-19,3.012574640937237e-16,1.3422559941782576e-15,0.0001828135195999456,0.49999995711692075,3.4044585120923275e-07,0.24999965729674228,8.868842325319063e-09,3.6035938902226854e-09,2.1186692257299802e-18,3.446933483005064e-17,8.849330725760514e-15,1.1277719618708504e-20,9.743666078819448e-23,3.1091817710958407e-19,2.4865997198391332e-23,3.194318335453971e-21,9.125939963577796e-11,2.1704435183490748e-10,4.3350961420427554e-17,5.6454090948127653e-14,0.0,1.2583312513095628e-27,2.6209618388905964e-32,1.1902766384765862e-07,4.511372440629035e-10,8.014640230284264e-19,2.07133790672312e-30,2.3084764758543936e-09,2.086747649679203e-11,6.7587107924429724e-15,9.121685042807792e-15,1.3455305887149596e-14,3.819652247739805e-15,7.317193134356892e-13,1.0819315881057826e-21,2.0536132933321257e-29,1.1887600965292982e-19,7.468480984645537e-16,0.09999994812191226,5.322961874788667e-08,1.3858512365894753e-10,2.597382019225674e-16,9.563031800617366e-27,1.4694514759414005e-15,2.6673975517916513e-14,2.8117024142720417e-20,1.1389001529215178e-13,4.0919187454520415e-32,3.665235990840237e-14,5.389993294170495e-14,3.533673391280269e-28,2.6783361254417843e-22,1.6849334894664818e-19,2.240991666668262e-06,1.5008333331734728e-08,6.179986534713666e-05,2.3482820490271208e-11,1.5629338822764025e-14,2.6370438452050688e-15,1.829608900998966e-14,8.291237748198314e-30,2.1668560852585026e-11,1.7540866500586223e-11,8.431633229987315e-12,4.0947389019791126e-11,5.429131259327356e-35,1.4734499743229917e-14,2.22329360477104e-11,7.169502727647707e-15,4.46817101645504e-14,1.1295807021021194e-13,3.059125047258778e-21,3.3632721193774428e-18,4.6369391034318825e-16,0.0003339983358438498,1.4219630966669627e-10,6.483957453389203e-14,7.374478175345771e-13,2.449721338663425e-28,1.6474970392890284e-20,1.4829874443256859e-19,1.6718498970611734e-23,8.411532912226768e-21,1.546171241729224e-26,5.428091371586976e-10,2.161820123091924e-10,1.9985013973247114e-10,3.509799990298717e-06,8.892453213346477e-23,9.699759446795711e-22,4.2540923183239507e-10,1.7795745509728776e-06,9.344829314577613e-21,1.3487063689509738e-15,3.2864724298146476e-27,5.584561634880718e-20,0.0,0.0,9.166848022614496e-15,1.0964479338889705e-14,8.446555294515582e-22,1.2804464325020278e-14,1.778719239771601e-30,1.3845032250699707e-21,1.7816888510066613e-30,3.172756337406487e-36,4.1864855270029606e-30,3.9335239590575376e-16,3.2811406973057357e-15,1.836218634919352e-15,2.4038381192355213e-23,1.3076314856287247e-20,2.441254473425668e-23,3.200508618534138e-17,9.620938918065483e-15,5.25121963784013e-26,6.967495453423383e-31
1495.2418087505669,2.5035070784436502e-08,0.00017697479886689092,3.5418628477544474e-14,2.9966888021969716e-14,2.221362382329864e-14,2.62585591906125e-14,2.8287087953907964e-17,8.17633204896964e-14,2.174293295836301e-36,1.4451146611151872e-27,7.534401573717395e-37,5.014268809710307e-18,8.572137806317765e-18,1.8973677497607938e-28,6.692343734871373e-18,2.7223882994072234e-17,3.591889389528669e-44,3.13710900744954e-30,6.976276296656422e-28,1.5126616913361763e-30,8.007324633569418e-36,3.3257393677542065e-30,1.4261406429618081e-10,2.0549066530631838e-12,9.71047539914991e-12,2.0431775150107145e-11,5.572372510343816e-26,9.745511491829866e-24,8.948370105250707e-14,8.557956430636221e-11,7.4740590300773126e-31,2.1878856280451475e-36,8.631090873734512e-23,8.45145832997545e-23,1.0154078946215435e-23,1.5155661461248583e-22,7.282994598061462e-18,6.695059860642662e-17,9.262756197126787e-17,3.0326216970791984e-08,4.582999214142372e-13,9.93249401038118e-14,1.062571924924643e-14,2.6147379399111744e-12,2.1008916456347417e-13,1.9105792808776357e-18,8.415324782261248e-16,2.040965999136173e-15,0.0001830268096645889,0.4999999296070395,4.936508813851581e-07,0.2499995361055961,8.868875718650547e-09,1.0405097988342698e-09,4.6299528869234736e-18,8.635714279159116e-17,1.0272912673086314e-14,2.85831271272761e-20,3.1992799007877727e-22,6.061027925707154e-19,5.893193984610351e-23,2.3454019369317966e-20,2.0176490181820528e-10,2.692586175686858e-10,6.687697898672518e-17,5.6703349156638326e-14,0.0,2.6094912307708228e-27,1.4648696260878654e-31,1.5901390152640362e-07,6.245557974841122e-10,8.818725160538179e-19,3.4441261337219235e-29,2.53209126755913e-09,7.236628932197856e-13,2.5675717050518964e-14,2.2184342460887946e-14,4.14388625455999e-14,5.622856175328354e-15,1.8740948048591817e-12,6.89815363206349e-21,1.711817182122058e-28,2.9924925710923807e-19,1.2170858687470721e-15,0.09999992438369906,7.696782447277431e-08,1.3859266939274907e-10,7.847272461936022e-16,5.0625367970125765e-26,5.777698995816288e-15,3.872667413952417e-14,5.817964827186671e-20,2.6891599261187505e-13,2.735919938571746e-31,5.1514647184246784e-14,5.884352193119251e-14,1.1915168421958125e-27,5.120255528453472e-22,3.8623060358553573e-19,2.2343180674906438e-06,2.1681932509350643e-08,6.179981663225617e-05,2.35486206854369e-11,3.4287257671919584e-14,2.659188430557443e-15,2.2800716721080684e-14,1.0590418849299156e-28,4.524353938356193e-11,1.7638150977120694e-11,2.0659039458498795e-11,4.43757462592263e-11,5.3065981919590855e-34,4.156203126169594e-14,3.1205898978552466e-11,1.1530320638236787e-14,1.2897615995919717e-13,1.4938428487627987e-13,1.8688020966658668e-20,7.372511524019677e-18,1.2297439018327631e-15,0.0003339973002606619,1.6450778853958457e-10,2.1495660069831346e-13,1.073651985682269e-12,1.4249168956253706e-27,8.095257165678206e-20,2.8119234151211257e-19,6.852324992700389e-23,1.8554400484691098e-20,4.552649988683402e-26,1.1705456980567388e-09,2.611779479322435e-10,2.8895533192447916e-10,3.509710844118089e-06,2.65295360561003e-22,1.948199784246514e-21,6.120870350287289e-10,1.7793878547256631e-06,7.307449215758328e-20,2.5057163656607032e-15,3.4608844056574867e-26,2.7373994323067917e-19,0.0,0.0,1.4822616338566484e-14,1.1134978527449944e-14,1.4805488610061105e-21,1.3178016411899324e-14,3.952835818340814e-30,1.5415193530243213e-21,3.9630806271989684e-30,1.1092043503188961e-35,5.68572882919527e-30,2.0350450076909674e-15,8.425151999892e-15,6.13741227828313e-15,7.329815917968874e-23,2.147847789818756e-20,4.5152062077035827e-23,7.013863552090693e-17,2.8012472085830962e-14,2.0755957972293055e-25,3.5325363550838316e-30
2162.245507301719,3.6186436899191883e-08,0.00017696361003175716,9.189748302241181e-14,3.6466347903385443e-14,6.308261169394329e-14,3.256060364963345e-14,1.166044315291189e-16,1.3147016841533768e-13,1.2012644358413921e-35,5.1410441479965204e-27,2.9732414203724693e-36,1.9295029069697828e-17,2.207133996446871e-17,1.5601027777263893e-27,1.4427054615323536e-17,1.033967930357237e-16,4.509050693704003e-43,1.3830088400071267e-29,1.0815419281739348e-26,2.606491309860436e-29,2.182209314677672e-34,6.841016839685645e-29,1.6857984016124502e-10,2.067337978826684e-12,1.0103725244854049e-11,2.0429552797623072e-11,2.5185127155455345e-25,3.5563601706198984e-23,1.4261572814411902e-13,8.652179138209881e-11,5.653994482725804e-30,1.6112465541766146e-35,5.599109512427762e-22,3.760081538215275e-22,3.794946835602882e-23,3.481083988107451e-22,1.2950101118881657e-17,7.886914046017278e-17,9.782557817528389e-17,3.11240411054274e-08,2.1287887663163474e-13,2.8857604087415045e-13,2.0396525245265613e-14,8.736073465604428e-12,4.3563014883708677e-13,4.137717019443806e-18,1.9764263285118627e-15,2.6069665106781057e-15,0.00018332534764288618,0.49999991468267446,7.149986456859527e-07,0.24999936444670154,8.868925642644512e-09,1.7027603321927256e-10,9.058031728349788e-18,2.0445381757774636e-16,1.0802266020254724e-14,6.494767249905686e-20,9.514311080010135e-22,1.063875494434112e-18,1.1877658143152992e-22,1.3583588134659224e-19,4.16386203662491e-10,3.3527952670608215e-10,1.0052070446199441e-16,5.6694838369169974e-14,0.0,4.683672555240391e-27,7.266589627208264e-31,2.0434015276487775e-07,8.29157308799688e-10,9.095083174156124e-19,4.664230451036567e-28,2.605281638474947e-09,1.8834400173369326e-13,9.970835911017139e-14,4.68826472390403e-14,1.1203814426984157e-13,6.9148067465816305e-15,4.6272237249684745e-12,3.88319792367172e-20,1.2610165908074123e-27,6.34910214412672e-19,1.618111802795058e-15,0.09999989006354203,1.1128797057983997e-07,1.3860361745961268e-10,2.1413863970979063e-15,2.2762935023798974e-25,1.9380332249574072e-14,5.0807486464297305e-14,1.0315169071501469e-19,5.779729109939345e-13,1.7759599445986286e-30,6.799132463026531e-14,6.109370099494573e-14,3.4984980225301495e-27,9.000639665629355e-22,8.51653259514682e-19,2.224691569881637e-06,3.130843011835604e-08,6.179974759021584e-05,2.3553878800950542e-11,6.745499189514645e-14,2.661300565948604e-15,2.523514776168815e-14,1.292445634539524e-27,8.475458622280228e-11,1.7645485393042028e-11,4.304066701794825e-11,4.52258580033844e-11,4.167023381920061e-33,9.514139124127877e-14,3.6701510823375394e-11,1.4539099687793266e-14,3.5116393120244715e-13,1.9331529177188353e-13,9.764841073282494e-20,1.5265317584116212e-17,2.923567761023178e-15,0.0003339954988983235,1.967427838319388e-10,6.662461102069564e-13,1.5049420595918943e-12,6.68488245276402e-27,3.4823614942951817e-19,4.0861525248389747e-19,2.423063450138843e-22,3.1077026157601754e-20,1.1512562218993842e-25,2.3844472030830447e-09,3.1961718572024064e-10,4.1775102659149094e-10,3.5095819804792446e-06,7.313968698687573e-22,3.610982041498427e-21,8.78706432182089e-10,1.7791211957531313e-06,4.551126144993853e-19,3.897456488626405e-15,3.1608726921767064e-25,1.0396316793052117e-18,0.0,0.0,2.310063450929391e-14,1.1438176923097227e-14,2.474655884120785e-21,1.3257871276403558e-14,7.945373501547532e-30,1.6477001102741756e-21,7.977636465353887e-30,3.3573391188493274e-35,6.867218002556342e-30,9.227837458951033e-15,1.934722963333257e-14,1.7543948462323775e-14,2.0910550068973372e-22,3.379770177601375e-20,7.643006674510567e-23,1.4545550902985688e-16,7.332434234513119e-14,8.568007155232892e-25,1.8891592430941074e-29
3126.7889959237978,5.2273981934424744e-08,0.00017694748211721589,2.0167645677616892e-13,3.9599791706996445e-14,1.4613385257941646e-13,3.5630439591015106e-14,4.1209135768100814e-16,1.6826044325653273e-13,5.390546678412082e-35,1.524047173968613e-26,1.0724596056510281e-35,5.73167706204489e-17,4.881707507049263e-17,1.0190176668601182e-26,2.2694740029888478e-17,3.003624991597753e-16,4.6047855371098104e-42,4.240606936277685e-29,1.3370327722714955e-25,3.2959486118364323e-28,4.407989470884546e-33,9.529655244181418e-28,1.8096222738543074e-10,2.0841417031856004e-12,1.017546422204507e-11,2.042599381022215e-11,9.768895239098815e-25,1.1238863058224927e-22,2.187787444513627e-13,8.647364849015364e-11,3.051941298857821e-29,9.239747007072665e-35,3.371008514479169e-21,1.4567327331679454e-21,1.2422872340671184e-22,7.230326353033454e-22,2.1364595972107767e-17,8.288573313124476e-17,9.885668098033384e-17,3.1271478333442013e-08,2.1656087848285378e-13,7.889670530304363e-13,3.543024794333529e-14,2.8158601686480043e-11,8.616333487793793e-13,7.872672931269602e-18,3.965658466098056e-15,2.9034096768690012e-15,0.00018373816889792488,0.49999993858945696,1.0346702312706371e-06,0.24999912161481508,8.869001018040224e-09,1.2995764980635592e-11,1.6040789199774968e-17,4.626040855121537e-16,1.0860478182505843e-14,1.3658923408110263e-19,2.608663686932293e-21,1.7278419788442902e-18,2.1090108831765505e-22,6.131998163284206e-19,8.185978972016583e-10,4.1608008918872065e-10,1.4824097226106004e-16,5.664451644573255e-14,0.0,7.590567848356544e-27,3.2950959866890445e-30,2.5040360969653974e-07,1.070257162232771e-09,9.142490241493135e-19,4.7227871973403315e-27,2.615109568692561e-09,1.9977200627892172e-13,3.4886230476472664e-13,8.65273984854522e-14,2.495999760891655e-13,7.71212694575457e-15,1.0642256336009079e-11,1.8902585809570224e-19,8.43503666153069e-27,1.165919884230679e-18,1.8305224139581368e-15,0.09999984044897427,1.609025225591787e-07,1.3861952171406352e-10,4.82991968097667e-15,9.22208507879811e-25,5.6143744584395425e-14,6.25106800399728e-14,1.6595763981782774e-19,1.1662785566994775e-12,1.1167210850876524e-29,8.417452560909672e-14,6.288695719962336e-14,9.128365954855239e-27,1.473329724431794e-21,1.7985380534101477e-18,2.2108223044024585e-06,4.517769559753453e-08,6.179964803709016e-05,2.3554114496905852e-11,1.228340593964685e-13,2.6619944550935113e-15,2.6012831864893764e-14,1.2811077296509774e-26,1.4515278845086887e-10,1.764535497244757e-11,7.848237148080888e-11,4.5278987095548726e-11,2.7039954809047823e-32,1.8325985424267074e-13,3.854030385917663e-11,1.560374864862094e-14,9.206638059497728e-13,2.473119711782329e-13,4.37378660284905e-19,2.9871606871571104e-17,6.0846630739833555e-15,0.0003339923442451792,2.432962758527178e-10,1.960525445636484e-12,2.0365585655508828e-12,2.6592351331195613e-26,1.3257695900727013e-18,4.898045835972847e-19,7.555537305571292e-22,4.0125319072432434e-20,2.578861551297038e-25,4.663304848271753e-09,3.937945190942492e-10,6.038915963851379e-10,3.509395715208695e-06,1.8736477212370318e-21,6.205600291128137e-21,1.2573772500352437e-09,1.7787424366033636e-06,2.2171481728178235e-18,5.050080083107909e-15,2.4818761804145245e-24,3.019746460435167e-18,0.0,0.0,3.503054588456405e-14,1.1940250193881558e-14,3.982142245950229e-21,1.3238368253824468e-14,1.4553427398494688e-29,1.735422661123111e-21,1.4646170870393447e-29,8.939121156641405e-35,7.605386650757488e-30,3.645096053527272e-14,4.090478909660809e-14,4.3526313041265844e-14,5.612712530156224e-22,5.1554294979982807e-20,1.213688530947788e-22,2.8635206727082534e-16,1.7423431031769143e-13,3.6968346510396414e-24,1.0740776064253694e-28
4521.600064384307,7.541634071460244e-08,0.00017692426104000872,3.829554011593593e-13,4.04561487104508e-14,2.8477287361077066e-13,3.651006436774303e-14,1.2594213565344023e-15,1.8311814216891637e-13,2.0186542858836006e-34,3.947452886708244e-26,3.6132416387729284e-35,1.347722940517448e-16,9.223396714387103e-17,5.248029969864076e-26,2.728745451348463e-17,6.802629310067099e-16,3.900764022116556e-41,9.46910698031783e-29,1.2571871538081017e-24,3.116201325120454e-27,6.667043189247229e-32,8.47878937598394e-27,1.8438645402787684e-10,2.1081347462577385e-12,1.0180402653332583e-11,2.042139180869275e-11,3.3811174410903624e-24,3.2017141608074115e-22,3.2665427043812015e-13,8.619271005107205e-11,1.2112720504349581e-28,4.448966219772875e-34,1.7468331462067677e-20,4.7228398925157644e-21,3.7216144103165096e-22,1.4109607521060695e-21,3.353197826914896e-17,8.380523537944123e-17,9.861445325395291e-17,3.12880452711478e-08,2.217580394588014e-13,2.0169358645905986e-12,5.736735785551337e-14,8.674823670411662e-11,1.645522224171687e-12,1.402106284565692e-17,7.053097147842326e-15,3.0005745639518982e-15,0.00018430766452084312,0.500000039434858,1.496076344603893e-06,0.24999877714554186,8.869114619346783e-09,1.0993601319653452e-12,2.626505684547984e-17,1.0099780329109317e-15,1.0800532073923531e-14,2.715248491702248e-19,6.75985624138884e-21,2.66514575518615e-18,3.44509102936455e-22,2.1743934391139202e-18,1.5507537297459674e-09,5.127805919450934e-10,2.1530704962045321e-16,5.657385728622138e-14,0.0,1.1664387605515394e-26,1.3975123222929621e-29,2.903156826036874e-07,1.3501585455703785e-09,9.146828522226932e-19,3.7755269607741155e-26,2.6104177416099628e-09,2.1586907078185842e-13,1.059823314850559e-12,1.448799373372543e-13,4.693180846829355e-13,8.66793904932906e-15,2.2703978491613105e-11,8.04883471772281e-19,5.235507875593899e-26,1.935398456069933e-18,1.8947950525631748e-15,0.09999976873409142,2.3261738238515817e-07,1.3864262334468181e-10,9.168578039190164e-15,3.537399881959907e-24,1.4388835375409922e-13,7.468783663739391e-14,2.5451871742115893e-19,2.2492406271517983e-12,6.665246693514675e-29,9.761329438811631e-14,6.548245809324352e-14,2.1907567669109918e-26,2.2840284792254908e-21,3.621059745864354e-18,2.190876008764155e-06,6.512399123583569e-08,6.179950379326894e-05,2.3554380635076126e-11,2.142940409397285e-13,2.6631034571839697e-15,2.6081653169336263e-14,1.0032756398607486e-25,2.3318062364756694e-10,1.7645623037483446e-11,1.3042584435387822e-10,4.521814595190546e-11,1.5112026011277822e-31,3.135991615393241e-13,3.870119076763274e-11,1.568683241325649e-14,2.363617502063563e-12,3.1435261694099903e-13,1.7008826260469124e-18,5.529852544841097e-17,1.1179227001069545e-14,0.0003339868140349599,3.104894490432347e-10,5.543847366730101e-12,2.6723599631223457e-12,9.43988605507169e-26,4.5124147183709256e-18,5.651636087847038e-19,2.166439410184535e-21,4.341854904638266e-20,5.28153123065376e-25,8.84153290672838e-09,4.868666943359291e-10,8.728851909804929e-10,3.5091264906791368e-06,4.5080867275763524e-21,9.988869691957655e-21,1.7908287206544324e-09,1.7782087819921119e-06,8.486362471124907e-18,5.6531599917456046e-15,1.6774776559220121e-23,6.837941998213563e-18,0.0,0.0,5.2116978735345684e-14,1.270411448151144e-14,6.256981497720508e-21,1.3193784725384137e-14,2.4860584253281324e-29,1.8450487616254268e-21,2.5106595105678023e-29,2.165966229371825e-34,8.160893509944913e-30,1.275809554552121e-13,8.153248555439878e-14,9.64903439928564e-14,1.4268894273767241e-21,7.697844014381662e-20,1.8536820340788275e-22,5.385158009392151e-16,3.805138963496093e-13,1.639981101872564e-23,6.393361610490998e-28
6538.614268149506,1.0860286225646086e-07,0.00017689087402164122,6.560246564579313e-13,4.055246270901368e-14,4.907436580805123e-13,3.6674307765640795e-14,3.408593623297287e-15,1.8589157169258027e-13,6.539809202379986e-34,9.384047188734745e-26,1.155880916071367e-34,2.6772296871061636e-16,1.5499875384485994e-16,2.2426224165635185e-25,2.830402250034985e-17,1.2737459313094073e-15,2.8247424635494e-40,1.6978725756608757e-28,9.291050304507025e-24,2.3152249969509107e-26,7.84446117009875e-31,5.102818745158349e-26,1.8484648965326896e-10,2.1419507874634225e-12,1.0178019642592762e-11,2.041518426327551e-11,1.0882861470897658e-23,8.394541265627819e-22,4.778686328749491e-13,8.579581683979077e-11,3.7663672621517402e-28,1.9199697919692767e-33,7.752188975323082e-20,1.3137530678552048e-20,1.0468989899977824e-21,2.6303354126305205e-21,5.0992059829338925e-17,8.443334298067342e-17,9.809063387877749e-17,3.129675335155669e-08,2.290761886808805e-13,4.856740906867391e-12,8.880820102520865e-14,2.5497651667447884e-10,3.0583062967296906e-12,2.527358675922467e-17,1.1591886898864513e-14,3.0254439183247555e-15,0.00018509877537368848,0.5000002656519178,2.1615074635687738e-06,0.24999828455643247,8.869284187151866e-09,9.079551597933769e-13,4.069638901062704e-17,2.140337504320995e-15,1.0710290445601792e-14,5.162570999939953e-19,1.6954379087813858e-20,3.969272135108951e-18,5.350002332257895e-22,6.221447819643893e-18,2.8499649405813293e-09,6.295175798663712e-10,3.0832146612936816e-16,5.64759635665909e-14,0.0,1.74823960256301e-26,5.628619227286539e-29,3.175794369594939e-07,1.6768197802314386e-09,9.150832891277464e-19,2.667925802457615e-25,2.60187350664082e-09,2.361104539603249e-13,2.8464719420689846e-12,2.283268278453144e-13,7.873984133561101e-13,1.0419020561992288e-14,4.533618567596578e-11,3.0673461460713325e-18,3.0604178507524117e-25,3.016399039515451e-18,1.9035055534951363e-15,0.09999966509527417,3.3625616615110097e-07,1.386761402744896e-10,1.5501739711273276e-14,1.3198904820816933e-23,3.348019906633531e-13,8.840510314007654e-14,3.8095720185414345e-19,4.189173426455364e-12,3.701775053022581e-28,1.064524172486805e-13,6.927859312666601e-14,4.992790851580704e-26,3.401703850976748e-21,6.985994786168717e-18,2.1622653921561203e-06,9.373460784386963e-08,6.179929426124033e-05,2.3554986664343044e-11,3.688238297362465e-13,2.664965540409914e-15,2.598771948429425e-14,6.473729629154415e-25,3.5940742230850986e-10,1.7647416176112697e-11,2.0453475403576753e-10,4.513523152638727e-11,7.5704348057195005e-31,4.99527601916131e-13,3.8484711969621054e-11,1.553887543634915e-14,5.998140506727247e-12,4.0033905737791524e-13,5.841562354092699e-18,9.720011224839206e-17,1.868083606660024e-14,0.0003339771208670958,4.073919177052419e-10,1.5187773462227862e-11,3.4346364857736635e-12,3.0799305086732434e-25,1.387276187650358e-17,7.177828757995993e-19,6.003904538905648e-21,4.379175543756624e-20,1.0198815935499141e-24,1.635708458343449e-08,6.051703900273724e-10,1.2616221629219848e-09,3.508737334248325e-06,1.0313093576407245e-20,1.5258296045625245e-20,2.5334387311837073e-09,1.777465694102552e-06,2.6361775856289536e-17,5.87555201591242e-15,9.89645637587536e-23,1.2800493157849389e-17,0.0,0.0,7.646873815280142e-14,1.3766718374305325e-14,9.725726180302099e-21,1.3131722042599635e-14,4.078344346531545e-29,1.9970661200972923e-21,4.1397693345912043e-29,4.97925461591348e-34,8.828683719828485e-30,4.0534962607354894e-13,1.5568957528328995e-13,1.9684504150656885e-13,3.458499032082402e-21,1.1319622067042628e-19,2.764324192522529e-22,9.822342707539402e-16,7.74776833676168e-13,7.337970626963145e-23,3.898459450716948e-27
9455.38657529853,1.5600630998383526e-07,0.00017684294847739157,1.0565137890462323e-12,4.0537036566363527e-14,7.839979822218634e-13,3.675825957007548e-14,8.423501289798242e-15,1.862118215939369e-13,1.8978903014365088e-33,2.1239360861110957e-25,3.544325992909311e-34,4.850722272320212e-16,2.429350157194048e-16,8.413087062284094e-25,2.825359985687873e-17,2.118334028405007e-15,1.806123953981561e-39,2.7288150468250755e-28,5.748377716081203e-23,1.440548644451764e-25,7.592614892297921e-30,2.340005340737384e-25,1.8486702095750567e-10,2.187672739700371e-12,1.0173803669057138e-11,2.0405335493283283e-11,3.3481591014075343e-23,2.042322375416882e-21,6.868062131525967e-13,8.524102481888808e-11,9.96475484900155e-28,7.731441726065533e-33,3.031742972980585e-19,3.2703817138825355e-20,2.8041236406492107e-21,4.733217089154324e-21,7.593578743792147e-17,8.51787542295503e-17,9.734533840500818e-17,3.1309563662269634e-08,2.395822100930439e-13,1.1164678712762813e-11,1.3356244394828438e-13,7.182746223021978e-10,5.5779757975833915e-12,5.0377221805141085e-17,1.816034859972282e-14,3.0355148808444147e-15,0.00018621194825725086,0.5000006751759375,3.120035890232506e-06,0.24999757155980404,8.869534050546234e-09,1.0028422140619711e-12,6.066605991507685e-17,4.411106073053752e-15,1.0588285169895839e-14,9.475050153147068e-19,4.189935748880399e-20,5.7518611311916415e-18,8.0441809306465835e-22,1.4935860281549485e-17,5.115915415150027e-09,7.776689607854086e-10,4.348175461225549e-16,5.6338723592903305e-14,0.0,2.5809403175452666e-26,2.175620727747843e-28,3.3022409326687396e-07,2.077901223196129e-09,9.15403277285528e-19,1.8113279453307115e-24,2.588931233751133e-09,2.626795550041529e-13,6.9871015323319145e-12,3.466087027209203e-13,1.234358390329477e-12,1.355878217397787e-14,8.601171831804352e-11,1.0761316835701369e-17,1.7025729981754007e-24,4.5102069587822085e-18,1.8986262994090553e-15,0.09999951536519398,4.859861978204763e-07,1.3872468324377355e-10,2.4493149774978745e-14,4.84539784383494e-23,7.20819408885975e-13,1.0503725932139646e-13,5.613489144330527e-19,7.604915973860068e-12,1.9334185076595765e-27,1.1075557264509377e-13,7.446653629439977e-14,1.1027349452002612e-25,4.905384967824389e-21,1.3141595622108049e-17,2.1213845527190408e-06,1.3461544728094913e-07,6.17989886734358e-05,2.3556331737481915e-11,6.393653863988829e-13,2.6681442803921294e-15,2.5849619551614876e-14,3.645383313435909e-24,5.392600624194644e-10,1.765276141834095e-11,3.0916958557139087e-10,4.503197406968893e-11,3.493868893472953e-30,7.615088439237603e-13,3.816546949050618e-11,1.5321668793057823e-14,1.5111681504870163e-11,5.191012554363856e-13,1.7960989208150064e-17,1.6391816833154532e-16,2.932477140908409e-14,0.0003339600424066146,5.469709171842249e-10,4.05747138088051e-11,4.393443578311842e-12,9.382470509277248e-25,3.9197951757284777e-17,1.090694062775989e-18,1.6803993303256848e-20,4.3462900899987247e-20,1.941909921158367e-24,2.975019924194258e-08,7.61683386240389e-10,1.8235753878021372e-09,3.508174631505306e-06,2.266440221667828e-20,2.2362122326278492e-20,3.549310288383287e-09,1.7764486797551213e-06,6.986653778841589e-17,6.015191342934251e-15,5.211289358722195e-22,2.128149381595658e-17,0.0,0.0,1.1093799881340477e-13,1.513996535501666e-14,1.506575391057918e-20,1.3045768534630733e-14,6.563091708919633e-29,2.1923310981240013e-21,6.710509003497504e-29,1.1219605650261119e-33,9.678170072062504e-30,1.196928828142729e-12,2.88677007511824e-13,3.791203970000246e-13,8.064882425365884e-21,1.644268000838961e-19,4.0540329578618392e-22,1.798273126601561e-15,1.4967045255978762e-12,3.307262409091862e-22,2.423074393836526e-26
13673.284830982668,2.2334638571115792e-07,0.00017677426158061124,1.64325491853915e-12,4.0521205161601215e-14,1.1954099099435309e-12,3.687706990546321e-14,1.951319090365713e-14,1.864118354266033e-13,5.082381219778311e-33,4.683951235524205e-25,1.0448042168863041e-33,8.451870247460394e-16,3.647717837227803e-16,2.8843675973217135e-24,2.806352953024679e-17,3.2858158565736306e-15,1.0494134096087053e-38,4.187769961730597e-28,3.150289150071984e-22,7.9325222490304305e-25,6.38564827383356e-29,9.096232618156685e-25,1.8484566157034272e-10,2.248647409866953e-12,1.0166732484979187e-11,2.0388979163163627e-11,9.954098955315173e-23,4.631033134540083e-21,9.693726016364702e-13,8.44538417589126e-11,2.4028619330843637e-27,2.9629202073109546e-32,1.07899648132625e-18,7.528713001596412e-20,7.217679025652615e-21,8.303171268599251e-21,1.113360543592146e-16,8.593843672803454e-17,9.62616781298748e-17,3.132921315460189e-08,2.546141842796701e-13,2.4807211320283104e-11,1.968087242157224e-13,1.957676383483639e-09,1.0089482494757398e-11,1.2131249049484238e-16,2.7611748160337244e-14,3.043758258595526e-15,0.00018779693757572667,0.5000013475136081,4.498391125492791e-06,0.2499965259619674,8.86989821430691e-09,1.1284626337899535e-12,8.771185361035603e-17,8.822277587705528e-15,1.0422542173224361e-14,1.6953175623494527e-18,1.0312006234075142e-19,8.12462420590257e-18,1.1813212019267082e-21,3.136210832948792e-17,9.04758612566655e-09,9.784636454375014e-10,6.018614335456687e-16,5.614430676665707e-14,0.0,3.766839367967896e-26,8.143632766102309e-28,3.321696584750927e-07,2.607149056086863e-09,9.151471942324959e-19,1.2105539865264935e-23,2.569104806840338e-09,2.9896173959050923e-13,1.6107032403179762e-11,5.130869986131697e-13,1.85417674523366e-12,1.8947232348597893e-14,1.5774618000711372e-10,3.5857481657518865e-17,9.091262198902157e-24,6.530725815240139e-18,1.887940502426973e-15,0.09999929913786022,7.022134613491727e-07,1.3879486916826087e-10,3.714649054837009e-14,1.7586047053995773e-22,1.4494467488439581e-12,1.2690602695597762e-13,8.177376393083711e-19,1.3598908472596306e-11,1.0077775640548978e-26,1.1239932297566605e-13,8.142767109844223e-14,2.3865233698323587e-25,6.859167957303451e-21,2.4639290544560482e-17,2.06329844511325e-06,1.9270155488674278e-07,6.179853986312085e-05,2.3559278070805966e-11,1.1318920250788898e-12,2.673729057996882e-15,2.5668030835479357e-14,1.8738995094547975e-23,7.937733621608941e-10,1.7665922568830055e-11,4.552622843754524e-10,4.4910246434988787e-11,1.504650332175109e-29,1.1261311205470222e-12,3.7739708626084957e-11,1.5029020484627284e-14,3.792709403286747e-11,6.996693394981793e-13,4.97035238474878e-17,2.707330311191273e-16,4.4188923164087565e-14,0.0003339294986607458,7.476707648949469e-10,1.064752163083114e-10,5.684649433947145e-12,2.7125817160071583e-24,1.0458636345223928e-16,2.1292863565027373e-18,4.897403369599992e-20,4.2893161950758893e-20,3.904639572276792e-24,5.373083387117584e-08,9.785739744710415e-10,2.6366641708292403e-09,3.5073602068815296e-06,4.8168064807135514e-20,3.1602174549234094e-20,4.90351214369432e-09,1.7750917046565998e-06,1.6525677407447694e-16,6.190070663715789e-15,2.5025699574390495e-21,3.299756647858184e-17,0.0,0.0,1.5922730389854178e-13,1.6848507826147662e-14,2.3295239611711155e-20,1.2925962629390324e-14,1.0460336634821435e-28,2.4284260120079602e-21,1.0805601278247334e-28,2.520790874607634e-33,1.0678379052808565e-29,3.3556691011445614e-12,5.270680433561561e-13,7.050721792833139e-13,1.832787335860554e-20,2.3612673943570397e-19,5.866656450008103e-22,3.5142087779542046e-15,2.797815507429031e-12,1.5513892093341254e-21,1.580873469262443e-25
19772.720721709713,3.1825885878269236e-07,0.0001766758858741036,2.50476769922929e-12,4.0529985577880745e-14,1.7639435883056486e-12,3.706063869667338e-14,4.3111938918430246e-14,1.8661507546719973e-13,1.293053320813765e-32,1.0234008777202613e-24,2.9519147905462652e-33,1.454894198726831e-15,5.311906140582148e-16,9.249137707943495e-24,2.77872169978874e-17,4.863557647409191e-15,5.687209129927638e-38,6.2870736438669395e-28,1.58859129446792e-21,4.015150146972598e-24,4.866289472737697e-28,3.213429839950998e-24,1.8478835482028933e-10,2.3308957275724744e-12,1.0155190060239744e-11,2.0362851663368888e-11,2.86072798124566e-22,9.837520680686601e-21,1.3393109583715268e-12,8.333895709051043e-11,5.5038982053169605e-27,1.0914267752249238e-31,3.57813372609822e-18,1.6332012232215732e-19,1.7969434463179938e-20,1.4306779267543776e-20,1.610333981517937e-16,8.658185173639553e-17,9.468752108229702e-17,3.1359870988600796e-08,2.7599199852112593e-13,5.375406326229484e-11,2.852562496369393e-13,5.224320700529789e-09,1.8286464211468426e-11,3.678658080628479e-16,4.112682044071921e-14,3.0556824016150163e-15,0.00019006535179830368,0.500002421849789,6.475558385660287e-06,0.24999497428881334,8.870425875222569e-09,1.2979366463257519e-12,1.2319798372284958e-16,1.701089052944036e-14,1.0200229394479682e-14,2.9809777817705485e-18,2.5361375951047334e-19,1.1158012219200088e-17,1.6996447277301975e-21,5.939260307853029e-17,1.5887268497380425e-08,1.262148051569907e-09,8.127721404137665e-16,5.5868020039747914e-14,0.0,5.445433688786075e-26,2.9745890554929592e-27,3.290410988361316e-07,3.337032515618995e-09,9.138848605345174e-19,7.908795575229729e-23,2.538205688697239e-09,3.4939405699393946e-13,3.546255961940758e-11,7.45563595205249e-13,2.7013863957834787e-12,2.794710169417819e-14,2.8387876294175557e-10,1.1658698989489576e-16,4.6862727705577695e-23,9.176784845056666e-18,1.8728567946611637e-15,0.09999898707709096,1.014274129225147e-06,1.38896220285539e-10,5.4811741685276814e-14,6.32850094016289e-22,2.7253875809962603e-12,1.5716795717776788e-13,1.1811164591437763e-18,2.4182229244228703e-11,5.772636224287275e-26,1.1332424589420616e-13,9.096248893912512e-14,5.090596696057901e-25,9.2656528678604e-21,4.6707343218917924e-17,1.9814442914144804e-06,2.745557085855125e-07,6.179787251148768e-05,2.3565718658037476e-11,2.06565328374012e-12,2.683932511589559e-15,2.543760835478636e-14,9.053916200645818e-23,1.150359669457012e-09,1.769567237091209e-11,6.559053258316303e-10,4.478410645492936e-11,6.048023739891497e-29,1.6243108980106792e-12,3.718341657714383e-11,1.46406408905482e-14,9.52135903643769e-11,1.0009250154962257e-12,1.23336915118263e-16,4.516510026736867e-16,6.460841089325414e-14,0.0003338736281524502,1.0355267979112582e-09,2.7670349769191454e-10,7.512879191962896e-12,7.596140129397177e-24,2.7086268089606063e-16,5.448419284891121e-18,1.5075564442525848e-19,4.2168454267809687e-20,8.929318711826269e-24,9.732746537418504e-08,1.2876430401375695e-09,3.815766707308883e-09,3.506178703067603e-06,9.92639851206434e-20,4.3008505666254865e-20,6.640071612366319e-09,1.7733483138596072e-06,3.586636672809229e-16,6.423370571813017e-15,1.1108926243713395e-20,4.882035896257083e-17,0.0,0.0,2.2581543512447153e-13,1.893329012318953e-14,3.5879592546498675e-20,1.2759442785485606e-14,1.655296249764023e-28,2.704998995192912e-21,1.7348444896622098e-28,5.677515612651761e-33,1.1802897149578687e-29,9.101292284038488e-12,9.597102784769413e-13,1.2891860146646105e-12,4.1124475428985375e-20,3.3485299286977707e-19,8.389291747634788e-22,7.893442469319748e-15,5.150178418727403e-12,8.09640891624758e-21,1.1542068657381564e-24
28593.018398390996,4.5054131694856866e-07,0.0001765346720824896,3.770150920989159e-12,4.061107705013683e-14,2.5319332658940444e-12,3.735439245729495e-14,9.167744174132837e-14,1.8677471648622744e-13,3.241391649475695e-32,2.2523375378756645e-24,7.920847479376043e-33,2.5024706238752773e-15,7.548755887694119e-16,2.8024013445071145e-23,2.7391102708796005e-17,6.926472726406954e-15,2.9598447167137283e-37,9.371961217256499e-28,7.534367195411256e-21,1.9106336270930604e-23,3.453868680565124e-27,1.0844063845857876e-23,1.8467316640134785e-10,2.441822960235092e-12,1.0136853530009324e-11,2.032201675624881e-11,7.896373522718126e-22,1.9682893042969382e-20,1.7999901467108815e-12,8.177684364685844e-11,1.2270476843015366e-26,3.8822244581842064e-31,1.1203560239879342e-17,3.3634763414714365e-19,4.3343921862735956e-20,2.4233263960507225e-20,2.295445494032668e-16,8.684685334746009e-17,9.242662645828717e-17,3.1408629069423215e-08,3.0608674110217426e-13,1.1424301098371587e-10,4.070474411938362e-13,1.3795687793643972e-08,3.3411856639356875e-11,1.356462173125085e-15,6.024833255049888e-14,3.0778251750328425e-15,0.00019330733361161024,0.5000041625818786,9.301583744368918e-06,0.2499926440981149,8.871189152972161e-09,1.5238038051703589e-12,1.6754191023234225e-16,3.124315704390848e-14,9.910222846832944e-15,5.156796940622078e-18,6.208413620603072e-19,1.4800243879165044e-17,2.393386265113749e-21,1.0248123854681563e-16,2.7770965664065565e-08,1.6680344390845998e-09,1.0609783758394107e-15,5.547696653633169e-14,0.0,7.806025774594708e-26,1.0636535914418841e-26,3.236242148172273e-07,4.351017412126883e-09,9.109989163219031e-19,4.989707989072741e-22,2.489122140543488e-09,4.1889948692130696e-13,7.517467130756055e-11,1.0679177881651775e-12,3.840840835476556e-12,4.2488843664226976e-14,5.050807210032566e-10,3.751415325915987e-16,2.3300811252922325e-22,1.2473886651194373e-17,1.8545264181151826e-15,0.09999853713263174,1.464218442231459e-06,1.3904242894848773e-10,7.929810494513548e-14,2.2607918791218064e-21,4.77068955599071e-12,1.9957734601241622e-13,1.6965905943303852e-18,4.2953569694756677e-11,3.952242544428202e-25,1.1441356987744226e-13,1.042332658540816e-13,1.0732967251324317e-24,1.1988149458986722e-20,8.984657829521283e-17,1.8675034150303042e-06,3.8849658496968826e-07,6.179685872951087e-05,2.3579945465623842e-11,3.912322466872884e-12,2.7034986376335795e-15,2.5169123601286892e-14,4.1877136535778595e-22,1.6425689779124656e-09,1.775960832525412e-11,9.246957727512515e-10,4.469446556514663e-11,2.243935427978363e-28,2.285698798678205e-12,3.648559773809086e-11,1.4140950378820537e-14,2.398729576476163e-10,1.5532294920662706e-12,2.715897765701489e-16,7.891972935586871e-16,9.200518155100345e-14,0.0003337690446649442,1.4468699120432017e-09,7.168943388716388e-10,1.019903450835656e-11,2.1030626491610665e-23,6.918011443080367e-16,1.7128813947313188e-17,4.88852168764004e-19,4.1516289474191844e-20,2.3915076981128022e-23,1.7787098819255317e-07,1.731887074191056e-09,5.534337059393279e-09,3.504455776917314e-06,1.9802250552363518e-19,5.598507039554759e-20,8.73877969601067e-09,1.7712325502848068e-06,7.226578779504997e-16,6.722462428741241e-15,4.571888083746005e-20,6.949925182775998e-17,0.0,0.0,3.153873205718945e-13,2.135514997990285e-14,5.473283445439897e-20,1.2530874433428983e-14,2.594776417929355e-28,3.0083087988911674e-21,2.775399449031874e-28,1.278759533754544e-32,1.2968119978399026e-29,2.4215746226507082e-11,1.756299276405876e-12,2.3411850529249866e-12,9.182620256839749e-20,4.67368712326029e-19,1.1861507289628165e-21,2.1159444304526125e-14,9.431581974246688e-12,5.0129083204636916e-20,1.003326160761529e-23
41347.91122766806,6.320178059314287e-07,0.00017633008048369972,5.619086541364989e-12,4.0864762799064666e-14,3.533392637285673e-12,3.783835979155886e-14,1.8809583077303788e-13,1.868171017687502e-13,8.401428025868601e-32,5.088489723883366e-24,1.9860778446552715e-32,4.3026969395186915e-15,1.0513752451751342e-15,8.01917390291158e-23,2.6834905492749297e-17,9.490343652636918e-15,1.5369231520095537e-36,1.4087358937214177e-27,3.391473333816538e-20,8.636885857285274e-23,2.3183236960221046e-26,3.6581894630676484e-23,1.8445104686225316e-10,2.5881453711955627e-12,1.0107591001244884e-11,2.0257851209543745e-11,2.0670152109095663e-21,3.715942010807823e-20,2.3295694107916986e-12,7.962019731020294e-11,2.7118264382560683e-26,1.330613908622844e-30,3.323526866183536e-17,6.563342424062619e-19,1.005841157507546e-19,4.002508417421353e-20,3.2104876541012315e-16,8.617379288159083e-17,8.922146905175229e-17,3.148758075630029e-08,3.477104485126208e-13,2.3894096441983807e-10,5.70922894553702e-13,3.6258072251397925e-08,6.154931678651806e-11,5.657743378741085e-15,8.676525521849098e-14,3.12335781741773e-15,0.00019791599449953348,0.500007067913487,1.3320023957166992e-05,0.24998909414518738,8.872293092049032e-09,1.8119958692448523e-12,2.1881627674588011e-16,5.3615369570723665e-14,9.545477023605638e-15,8.708195155499877e-18,1.4951650584707063e-18,1.8748880341352345e-17,3.2813008057853035e-21,1.6041619469762374e-16,4.808716613954188e-08,2.2501429613081557e-09,1.3211918545663164e-15,5.4928244375839e-14,0.0,1.1106212530049268e-25,3.704714566759171e-26,3.1615363586045354e-07,5.748066661935846e-09,9.054029893980858e-19,3.0063721074724967e-21,2.4097475865012747e-09,5.119508805837615e-13,1.535269008232219e-10,1.5138924042729774e-12,5.351538975937001e-12,6.456953067627654e-14,8.872116596772741e-10,1.1922572228999612e-15,1.1050006664259696e-21,1.6269424002006173e-17,1.836700294132546e-15,0.09999788932092676,2.112029936470161e-06,1.3925308915534762e-10,1.1315940501208547e-13,7.993209921762515e-21,7.718712589387548e-12,2.5890023784029634e-13,2.4347576322666092e-18,7.601811994267111e-11,3.271061125360778e-24,1.1591291986306126e-13,1.2273964489258016e-13,2.237955303688291e-24,1.465338056995557e-20,1.7529969552901975e-16,1.711805319187892e-06,5.441946808121013e-07,6.179526417442984e-05,2.36122125710655e-11,7.735265030098014e-12,2.7433166230046864e-15,2.491822300171483e-14,1.8765688899788785e-21,2.306881642912687e-09,1.7892095490494852e-11,1.2712924413805423e-09,4.4732484117144856e-11,7.506751102401004e-28,3.124342788719476e-12,3.5665623934207306e-11,1.352731705763516e-14,6.06279084781863e-10,2.675898072458897e-12,5.241211613461096e-16,1.4895917763912596e-15,1.2750140600434502e-13,0.0003335697734947049,2.0314984744265146e-09,1.8556614812272665e-09,1.4410754583420211e-11,5.83738639684653e-23,1.7477833482635948e-15,6.031856422812221e-17,1.6398317137103479e-18,4.187442403498652e-20,7.222494601678522e-23,3.28009295426423e-07,2.37190126360266e-09,8.065768596824493e-09,3.5019164401922267e-06,3.7994018935952024e-19,6.889746194426307e-20,1.1048189727229239e-08,1.7688802502978736e-06,1.35136617360404e-15,7.079900377059275e-15,1.7301205127779149e-19,9.520702302564536e-17,0.0,0.0,4.3114836152452565e-13,2.387864705637593e-14,8.170020645755277e-20,1.22233025096039e-14,3.9936993904102227e-28,3.2933820244484643e-21,4.395916279261608e-28,2.85322746655219e-32,1.3954964212026647e-29,6.361930555604633e-11,3.2351438333876006e-12,4.229747622084937e-12,2.0431636925670212e-19,6.380660688734621e-19,1.6593040356437677e-21,6.575707315794822e-14,1.720961657821357e-11,3.6946820276426743e-19,1.0389375690318773e-22
59792.559815487155,8.756558328173051e-07,0.00017602672850844524,8.273028131066858e-12,4.148664511540839e-14,4.768650829828996e-12,3.8651632417866956e-14,3.7093898431920247e-13,1.8667107517714498e-13,2.378576124777963e-31,1.1995179870507868e-23,4.5390055717373587e-32,7.319027824788358e-15,1.4422093697573968e-15,2.1422951814528433e-22,2.6079501898171825e-17,1.2431356654006479e-14,8.357324256132358e-36,2.167680133437699e-27,1.4439835170021673e-19,3.706618146639491e-22,1.4784870957757285e-25,1.2834393515756313e-22,1.840275382413218e-10,2.774261483765558e-12,1.0060439568848429e-11,2.0156120136869925e-11,5.030499929532064e-21,6.583359619899894e-20,2.8607478266579465e-12,7.67032681284131e-11,6.04488334894679e-26,4.342114009497751e-30,9.274752076622795e-17,1.1996627700012683e-18,2.203569600112906e-19,6.34107854478998e-20,4.364014871932237e-16,8.366246203343835e-17,8.477266804532815e-17,3.1616842392206715e-08,4.034827893851266e-13,4.926284123964711e-10,7.838195592511804e-13,9.481669226007689e-08,1.1369449212825316e-10,2.4987801151793102e-14,1.2219290745336313e-13,3.2268318839132673e-15,0.00020440963229438866,0.5000120875518379,1.899046664777233e-05,0.24998358567619966,8.873889718103797e-09,2.151120090316666e-12,2.7081117342095847e-16,8.352417188007411e-14,9.104831942646079e-15,1.4137610580193803e-17,3.471669202434458e-18,2.2311561638298232e-17,4.332057708196694e-21,2.259106971066772e-16,8.150198987311644e-08,3.0875817568129254e-09,1.5426351484112511e-15,5.4167979518775166e-14,0.0,1.571612666425082e-25,1.23717342859961e-25,3.061970617326288e-07,7.651976602439278e-09,8.957544884980372e-19,1.708392765621263e-20,2.2799731954528965e-09,6.298094605636618e-13,2.9982626400389354e-10,2.1360251428309922e-12,7.341570955551149e-12,9.44735162767035e-14,1.5251607735629306e-09,3.6850707164894305e-15,4.880058926406937e-21,2.0090645360955835e-17,1.8326916025821913e-15,0.09999695881281612,3.0425377441461926e-06,1.395560166934274e-10,1.6037084766497194e-13,2.7649000018944727e-20,1.1460694385885073e-11,3.417616919195661e-13,3.518883567102937e-18,1.3288424149771498e-10,3.0711909017745844e-23,1.1795078285679628e-13,1.4864462581049433e-13,4.606506979287013e-24,1.6609473038954137e-20,3.4733910425853297e-16,1.504984578128272e-06,7.510154218717211e-07,6.179262882498532e-05,2.3688707731154127e-11,1.606870933440694e-11,2.830820814817929e-15,2.486182647367392e-14,8.213978633365834e-21,3.173058560188344e-09,1.8158447245841432e-11,1.692211139855623e-09,4.507297986340057e-11,2.178653388982037e-27,4.108897286558984e-12,3.4795464327344576e-11,1.2820231828289803e-14,1.5278248244882729e-09,5.186770953270678e-12,8.792603434834885e-16,3.0625329931262995e-15,1.7113382646257453e-13,0.00033318650065529236,2.855677910331907e-09,4.777286293812796e-09,2.1926456666573385e-11,1.6230883279867079e-22,4.3402868742749035e-15,2.223299388002291e-16,5.5171187074477575e-18,4.6760826211477646e-20,2.3005429982225503e-22,6.071632685244121e-07,3.2974115801931567e-09,1.1869784760989301e-08,3.4980982560975516e-06,6.928365125352986e-19,7.89801547113582e-20,1.3218052209298086e-08,1.7666031525716064e-06,2.3231209183474654e-15,7.455211441269616e-15,5.897760619629114e-19,1.2476424711902417e-16,0.0,0.0,5.710184301850674e-13,2.6021719581725755e-14,1.168227040801622e-19,1.1820276102850443e-14,5.929774259644126e-28,3.4814072098858354e-21,6.795817134223442e-28,6.196978915399854e-32,1.4426742208477808e-29,1.646337642549279e-10,5.97667270517552e-12,7.566016604213377e-12,4.521507834441044e-19,8.43231071888418e-19,2.3011892767429406e-21,2.2263787319411047e-13,3.111233965138896e-11,3.042692818244873e-18,1.1982068873622838e-21
86465.07412679883,1.1938028236959888e-06,0.000175556232563476,1.1918353591356112e-11,4.2811671434068705e-14,6.162389252419245e-12,4.0014467430198556e-14,6.956454463502296e-13,1.8634296722621304e-13,7.6376826410690615e-31,2.9434055953276326e-23,9.127921260155625e-32,1.2030350847191324e-14,1.9588596863243398e-15,5.205823059344619e-22,2.509872953898957e-17,1.5385628776625902e-14,4.983326924752566e-35,3.4244078141754876e-27,5.705481584360708e-19,1.4905454012558824e-21,8.900888825220785e-25,4.736823155867734e-22,1.832398230970651e-10,3.000106127268666e-12,9.984430183608299e-12,1.9994718729353212e-11,1.1069870364081582e-20,1.0801283689955237e-19,3.2680814536854887e-12,7.287245659681399e-11,1.378515536118059e-25,1.3163089895699067e-29,2.3844571125986914e-16,2.0063398205270262e-18,4.411053260517053e-19,9.422682206535813e-20,5.663467810991928e-16,7.825613089562988e-17,7.881839921499989e-17,3.1827283652874194e-08,4.739629121386323e-13,1.0012373091244123e-09,1.0456686787801007e-12,2.45202551178948e-07,2.08402780233426e-10,1.1096738733116727e-13,1.6663111720868995e-13,3.487773496575008e-15,0.0002134292941261136,0.5000210809550306,2.6899599621751223e-05,0.24997484006035298,8.876197383561821e-09,2.4910484872044545e-12,3.1173867987192987e-16,1.1351147938820181e-13,8.590881666527097e-15,2.1632791563769834e-17,7.542931043125034e-18,2.4403293209600018e-17,5.400818224577545e-21,2.8401661250505403e-16,1.3291063504056755e-07,4.29952562206394e-09,1.658086931072956e-15,5.3133424336229783e-14,0.0,2.223773396927269e-25,3.8513218069240925e-25,2.9337104474696195e-07,1.0219661235862016e-08,8.813717437215873e-19,8.992976595449098e-20,2.068987696347553e-09,7.636393788313906e-13,5.496560886537594e-10,3.019849166074662e-12,9.968809005303003e-12,1.2723053542809077e-13,2.5309593419569754e-09,1.079806013154578e-14,1.9344659794019254e-20,2.3059171925892878e-17,1.8844185482512845e-15,0.09999562769712923,4.3736529970073105e-06,1.3999009637328332e-10,2.274100076533773e-13,9.12319323364401e-20,1.5521842852310555e-11,4.576758799830156e-13,5.18786038688545e-18,2.2646226541988067e-10,2.995240228180723e-22,1.2063561894880168e-13,1.8549955321203338e-13,9.316528677305724e-24,1.7107895648256624e-20,7.023758068885182e-16,1.2420858318898472e-06,1.0139141681101487e-06,6.17880257911004e-05,2.3880231631187624e-11,3.531020660023981e-11,3.04349883581169e-15,2.552288855320531e-14,3.526395889819521e-20,4.243020248235736e-09,1.867940521619749e-11,2.156067242418628e-09,4.601184428635426e-11,5.179556622535869e-27,5.114043005852913e-12,3.4019850170480153e-11,1.2071916761521304e-14,3.784200024946217e-09,1.114750340304043e-11,1.2826105868378633e-15,6.696091460296225e-15,2.2057747386271328e-13,0.0003324503223292395,4.00295805829988e-09,1.2078042712294072e-08,3.79420491997197e-11,4.406339726720358e-22,1.043616419803386e-14,8.223054509793643e-16,1.7855172310670393e-17,6.795731836261918e-20,7.28713039450039e-22,1.1168922187416258e-06,4.645839062822004e-09,1.7777626297239192e-08,3.4921657349700893e-06,1.1794736508478058e-18,8.337814211292961e-20,1.471847063361968e-08,1.7648419935991606e-06,3.61109804268903e-15,7.749839541389582e-15,1.7495395153340406e-18,1.5467585347289184e-16,0.0,0.0,7.208499236869101e-13,2.7144237627983136e-14,1.5499392330814887e-19,1.1309892186799394e-14,8.261940433137134e-28,3.482325947577496e-21,1.0016342834135919e-27,1.2749649068189958e-31,1.406971411340135e-29,4.144964315454819e-10,1.0990734347516264e-11,1.3277777692673012e-11,9.944349196509983e-19,1.0609762037412695e-18,3.178456440755183e-21,7.775840822871101e-13,5.5100133257043294e-11,2.5751174357867485e-17,1.409194601892059e-20
125035.77479913068,1.5970035576136796e-06,0.0001747749820882684,1.6460243349475258e-11,4.526683435148166e-14,7.52098690069605e-12,4.218128507948993e-14,1.2169664491064805e-12,1.858952376514612e-13,2.7253405277544547e-30,7.20810294716755e-23,1.54385800439637e-31,1.8328887993580692e-14,2.6262531270579786e-15,1.0980427759344967e-21,2.3871343419152456e-17,1.7709594631605505e-14,3.290105583572481e-34,5.375998869780146e-27,2.006383566885771e-18,5.452914433263766e-21,4.9585071856147095e-24,1.7673655330391238e-21,1.8183374673099392e-10,3.2602896649615136e-12,9.863807263091218e-12,1.9742215134745205e-11,2.1282963992951662e-20,1.6140175270475425e-19,3.3975106837809965e-12,6.80490947043055e-11,3.2097202343208777e-25,3.5681056076415735e-29,5.415790213848729e-16,2.9497209860482557e-18,7.71294115819625e-19,1.2832750132595255e-19,6.804598685861321e-16,6.934819455439896e-17,7.130065828347326e-17,3.2156879146815836e-08,5.537096612862255e-13,1.9992202691335083e-09,1.3405322735834912e-12,6.201099957896586e-07,3.729635128034175e-10,4.736373049014558e-13,2.1842541739243934e-13,4.201842480182455e-15,0.00022566314693703437,0.5000377782830122,3.772944484634685e-05,0.24996057156006188,8.879521451977373e-09,2.7160348792481614e-12,3.268226164140397e-16,1.2850255550841682e-13,8.005247284382032e-15,3.060996540141345e-17,1.47236364554974e-17,2.3956041292213352e-17,6.155789049443197e-21,3.1660929937013944e-16,2.0476715315650829e-07,6.063597394835149e-09,1.6248627176795972e-15,5.1761924391384805e-14,0.0,3.1777498956220994e-25,1.0721603540821808e-24,2.776099119713678e-07,1.3644301550652687e-08,8.640453402060318e-19,4.261416997744982e-19,1.7389687924336616e-09,8.823162099199383e-13,9.130348768622068e-10,4.273008185648434e-12,1.3366684385539786e-11,1.4928426002693435e-13,3.990993809202206e-09,2.903758625359214e-14,6.569856518148523e-20,2.410924228888733e-17,2.114152839890306e-15,0.09999373840582289,6.262943685719983e-06,1.406077456174273e-10,3.2244416349247206e-13,2.742675352119928e-19,1.904741899118003e-11,6.195613279668557e-13,7.927184334969358e-18,3.7062667094418856e-10,2.783382544383595e-21,1.2400299082637815e-13,2.3948339007346005e-13,1.8354710373099837e-23,1.5831226981597692e-20,1.4590257749619303e-15,9.303737741878819e-07,1.3256262258121147e-06,6.177969943508493e-05,2.4379069661192667e-11,8.226563584534957e-11,3.625499228492171e-15,2.847827029618144e-14,1.475039779955601e-19,5.456172861571732e-09,1.9671231743145145e-11,2.5900232213220116e-09,4.799240076517123e-11,9.344505323493343e-27,5.877161303986596e-12,3.356086160318027e-11,1.1367011718690865e-14,8.981447310887344e-09,2.5297795109595007e-11,1.6347194506533148e-15,1.4841916383886e-14,2.697525739297444e-13,0.0003310587951988292,5.567382947712088e-09,2.930622605375692e-08,7.692571132676957e-11,1.102366036945968e-21,2.3698404645161052e-14,2.9524696744087914e-15,5.2876272540982533e-17,1.3885421168038377e-19,2.1946705360948874e-21,2.0107636817284265e-06,6.629907155511552e-09,2.7353200828486775e-08,3.482549163622499e-06,1.8309156396739737e-18,8.177852782454641e-20,1.5114676931346427e-08,1.7638509985319721e-06,4.9754365160138386e-15,7.7952832708446e-15,4.304926543391969e-18,1.787451864467291e-16,0.0,0.0,8.467936873284335e-13,2.6834052527573478e-14,1.8336066933961712e-19,1.0690868073550663e-14,1.0409941885518558e-27,3.257546572184041e-21,1.3603571593709739e-27,2.3902496687351297e-31,1.285764456799351e-29,9.909735281384513e-10,1.9881240386177998e-11,2.2572492172915393e-11,2.1740729685926004e-18,1.2402682291016671e-18,4.402064430599753e-21,2.6899816536991238e-12,9.401756038617564e-11,2.0682994015695165e-16,1.5526259060232078e-19
180812.25439872022,2.099753783211568e-06,0.000173378600987113,2.1025448132782735e-11,4.8973117812648134e-14,8.540946736548952e-12,4.5138385425407567e-14,1.9275133713311386e-12,1.8479494222595657e-13,9.675379158150626e-30,1.6056133577203707e-22,2.0923739307919147e-31,2.4253753805900093e-14,3.362286636738194e-15,1.8673331519753318e-21,2.230547665533333e-17,1.8652178856513144e-14,2.2515830150157954e-33,7.659475459614776e-27,5.83223564220406e-18,1.723901506179698e-20,2.4631766373986282e-23,6.108149795047601e-21,1.7946626675283507e-10,3.550205652629863e-12,9.679642964394243e-12,1.936091476370027e-11,3.458161190184205e-20,2.174148328581411e-19,3.1736389898596866e-12,6.232983156040429e-11,7.327281792715974e-25,8.240560689744604e-29,1.0084410557731814e-15,3.587509968962402e-18,1.125624597774676e-18,1.5799362001964055e-19,7.218946148188959e-16,5.768580876364368e-17,6.258544752048461e-17,3.2624131374351035e-08,6.269128055833027e-13,3.870465012486357e-09,1.6275289285991253e-12,1.5091111234052603e-06,6.361679480455173e-10,1.8541383950276848e-12,2.833008153467901e-13,6.205049032303279e-15,0.000241592382303752,0.5000697574033391,5.2107521401306775e-05,0.249936590495723,8.884250652007084e-09,2.653249699021892e-12,3.0830022166215913e-16,1.17653257495004e-13,7.356493344738509e-15,3.967926806011889e-17,2.4616093521559626e-17,2.0835857607495928e-17,6.115981535658806e-21,3.1256452819538283e-16,2.9451825324485365e-07,8.617432569855847e-09,1.4759582435665217e-15,5.001491728158141e-14,0.0,4.632387259344834e-25,2.5278791797092975e-24,2.594744307750425e-07,1.81229858969248e-08,8.496402961365339e-19,1.7330439423211843e-18,1.2716639856737903e-09,9.244774705233412e-13,1.2955053671579303e-09,5.868099405797978e-12,1.716762918760219e-11,1.423738482606957e-13,5.889266213169899e-09,6.904802314082163e-14,1.8299356872579084e-19,2.2756271138561566e-17,2.8421224109598683e-15,0.09999110105766151,8.90029098187172e-06,1.414729683349741e-10,4.4341691722798043e-13,6.983880919273704e-19,2.1045653144279074e-11,8.404398811868298e-13,1.2683856544580663e-17,5.738676674327108e-10,2.2462955118020184e-20,1.2790373444384199e-13,3.202679590883883e-13,3.4696418131063007e-23,1.3376046078685906e-20,3.1056404200908307e-15,5.998072562292456e-07,1.656192743770756e-06,6.176502048207452e-05,2.5655169135694102e-11,2.0052985928052668e-10,5.3900036140789344e-15,3.854850333930567e-14,5.804729049002407e-19,6.6616816774613e-09,2.149752159729288e-11,2.8942609870827643e-09,5.161083462421779e-11,1.1836644463385619e-26,6.064210771653166e-12,3.37088733171527e-11,1.081602367668945e-14,1.9614242317087205e-08,5.629324494006884e-11,1.8261208781396593e-15,3.1496100352612614e-14,3.0904265622687613e-13,0.0003285260837507399,7.626347094826614e-09,6.577911419305664e-08,1.7225098006035585e-10,2.332491976457437e-21,4.8985899624675924e-14,9.87264913386014e-15,1.3811811223796184e-16,3.355995243559873e-19,6.051073235317106e-21,3.4652726562032993e-06,9.55520856249816e-09,4.3362764675932934e-08,3.4664760850306496e-06,2.5256918050563203e-18,7.840917307624336e-20,1.4686395711186728e-08,1.763079112635921e-06,5.980393898762016e-15,7.410217128088119e-15,8.378334598636017e-18,1.8971310065698665e-16,0.0,0.0,8.987687233129907e-13,2.5564850173632224e-14,1.875891153562414e-19,9.981106623590343e-15,1.1407601024724212e-27,2.8983082352387247e-21,1.6272283889548625e-27,3.877704525704948e-31,1.1235672312680098e-29,2.162322727855897e-09,3.469946144929436e-11,3.6521554010455e-11,4.6902756753457456e-18,1.307206211879314e-18,6.131568335027311e-21,8.854436708625191e-12,1.511585200710026e-10,1.4487446365113373e-15,1.4629558459036553e-18
261469.73850698897,2.74734575931694e-06,0.00017077987993068824,2.3578248412389774e-11,5.2754105254492027e-14,8.904426333216375e-12,4.7877923987183454e-14,2.6497952508939225e-12,1.8019650633897756e-13,2.7848696242499807e-29,2.8222717673809105e-22,2.199881591169698e-31,2.5681967735479486e-14,3.8194857960809785e-15,2.3479147779555914e-21,2.0142151029401596e-17,1.7744905882294742e-14,1.3762868353098614e-32,8.474887364749547e-27,1.2597364689754296e-17,4.361304037412882e-20,1.0318326267427678e-22,1.7346973886152472e-20,1.7579275191984484e-10,3.8874322592888205e-12,9.417720694694002e-12,1.8821632150077412e-11,4.661534820749113e-20,2.656246124946894e-19,2.7177152078152395e-12,5.6100852460029977e-11,1.494113592389907e-24,1.5483518006459101e-28,1.368086780089211e-15,3.366863946565451e-18,1.3526310882974345e-18,1.7691323793505766e-19,6.412759789597037e-16,4.558011579715947e-17,5.356571267489952e-17,3.3162797738192114e-08,6.741192076995474e-13,7.028188454449135e-09,1.8490777943280665e-12,3.4541786207709997e-06,9.9996979811017e-10,6.293252245018946e-12,4.07337819108919e-13,1.1389269849541411e-14,0.0002608991874210283,0.5001321874421991,7.020168167381271e-05,0.24989519906805213,8.890726181954097e-09,2.2166367248457436e-12,2.670808083985727e-16,9.034509086132118e-14,6.6803454814660276e-15,4.7427150458596685e-17,3.4110596617135093e-17,1.6436836700623765e-17,5.041446481594599e-21,2.802410425173632e-16,3.955942998233911e-07,1.2169611026637281e-08,1.2996075293460255e-15,4.793306245255328e-14,0.0,6.842042109109388e-25,4.739823720078266e-24,2.404500864277285e-07,2.3706360358954444e-08,8.459578386014349e-19,5.585928605630763e-18,7.334759738081795e-10,8.355320671550779e-13,1.4566247460493858e-09,7.278376085343753e-12,1.9728522652741058e-11,1.0090695432721383e-13,8.009854149078029e-09,1.393120385907836e-13,4.1166326551858784e-19,1.991449926310405e-17,4.708468924997296e-15,0.09998755430619295,1.2447041282046791e-05,1.4264140677634864e-10,5.503531055691656e-13,1.3719358781751469e-18,2.1153377290265965e-11,1.1199910265297392e-12,2.0987183437251172e-17,8.268685648533485e-10,1.4010079267515026e-19,1.3187428998584215e-13,4.3690737696030224e-13,6.12449908812531e-23,1.0824899718347649e-20,6.558265453854325e-15,3.0689717136276964e-07,1.9491028286372337e-06,6.174229985710248e-05,2.8543875334078093e-11,4.911174262494602e-10,1.0897909974777629e-14,6.940669737848293e-14,1.9771971221315976e-18,7.676008548061685e-09,2.465146304227535e-11,3.0235774739190607e-09,5.75610897403432e-11,1.041492685384517e-26,5.593752655992578e-12,3.480477336202558e-11,1.0544596963841062e-14,3.72174899629469e-08,1.1255997277898047e-10,1.813619229588039e-15,6.039029838913042e-14,3.3060837963409724e-13,0.0003242315866496024,1.0171452353384274e-08,1.2948328498436994e-07,3.737593610462933e-10,3.814300744541034e-21,8.777545960133103e-14,2.878389229294317e-14,3.329153468795316e-16,8.354222164699287e-19,1.4650825760507578e-20,5.547516417895006e-06,1.3732340370252032e-08,6.94052413182462e-08,3.4403442747967186e-06,3.041968763644691e-18,8.020889024309219e-20,1.4862991182398411e-08,1.7609573025207907e-06,6.254381882954042e-15,6.575531957704039e-15,1.2892155647293578e-17,1.8303917668340037e-16,0.0,0.0,8.464494254928363e-13,2.4919548143043184e-14,1.7104085072622253e-19,9.229977483528996e-15,1.0714395645224909e-27,2.6144626697030356e-21,1.6334026363718606e-27,5.1390994268955845e-31,9.858652310110833e-30,4.067431342341686e-09,5.659593455700376e-11,5.4785383758131016e-11,9.954635052876216e-18,1.220039702511893e-18,8.477952882020668e-21,2.6099147009228167e-11,2.2293733729895286e-10,7.939734787830734e-15,1.0483428532292597e-17
378107.249324784,3.6722977787541077e-06,0.0001661089804702524,2.2049400068584808e-11,5.3653679930283317e-14,8.386102878786017e-12,4.809452853120121e-14,2.995811353956237e-12,1.6696910516990738e-13,4.9848577241591336e-29,3.2757097865334807e-22,1.8236832293165133e-31,2.0789592346427427e-14,3.664013103471906e-15,2.1596306667881687e-21,1.718189174466259e-17,1.5064939282508582e-14,6.204828097997876e-32,6.145454920738619e-27,1.82860628236056e-17,8.01809094011159e-20,3.4033515044507383e-22,3.52002055272693e-20,1.7077481685706095e-10,4.3516811174998356e-12,9.088180015116106e-12,1.8140969899301565e-11,5.2200293919776663e-20,2.9950712803885275e-19,2.2688322720076324e-12,5.008926733293002e-11,2.4136234140445427e-24,2.303765689506936e-28,1.1883658159868804e-15,2.4358741693876304e-18,1.40410561360728e-18,1.8423918008036556e-19,4.778509538694938e-16,3.554177222805101e-17,4.5457993866653035e-17,3.358688171739053e-08,7.040385701648344e-13,1.1384070240058741e-08,1.978969835750721e-12,7.193451531041711e-06,1.3931265351695647e-09,1.7299998596058462e-11,6.720313883779842e-13,2.1728545675478507e-14,0.0002815619444363694,0.5002533945836499,9.099387628214561e-05,0.2498228902564721,8.898697490670518e-09,1.6599955650245949e-12,2.2653016243219023e-16,6.552919953243111e-14,6.028939090993729e-15,5.2986061238159315e-17,4.0051273458446985e-17,1.2625034720893801e-17,3.4930874983858606e-21,2.452557139550509e-16,4.979222812218862e-07,1.6603174313781803e-08,1.1529074816801297e-15,4.573372406450681e-14,0.0,9.771031869322791e-25,6.673364800502105e-24,2.2294999915393065e-07,2.996967613944349e-08,8.540674858752587e-19,1.2715369051761032e-17,3.1007767855360225e-10,6.765699207093694e-13,1.2733865042104194e-09,7.744055248804442e-12,1.944437220701426e-11,4.8516130044492936e-14,9.866575365483059e-09,2.2878495103701937e-13,7.710949007675019e-19,1.726069922301497e-17,8.198362593326897e-15,0.09998317134369514,1.683000233166237e-05,1.4408954155033947e-10,5.855000339689535e-13,1.943770001422549e-18,2.0328433221589055e-11,1.4235512355368664e-12,3.401046551825906e-17,1.0826665826280372e-09,5.84800359767178e-19,1.3518902617791738e-13,5.806681474069878e-13,9.617911657708482e-23,8.803423640660128e-21,1.2705401960337437e-14,1.118212547709367e-07,2.144178745229066e-06,6.171535997534851e-05,3.357412680227418e-11,1.131288103128308e-09,2.6552708160416262e-14,1.51623700577876e-13,5.2133600353502205e-18,8.479690707998474e-09,2.936719273983262e-11,3.076449340975656e-09,6.613544785394277e-11,7.494188614472964e-27,4.935326274451364e-12,3.704106018632481e-11,1.0631834950647087e-14,5.7754102758035124e-08,1.8629091002665812e-10,1.6902993794135006e-15,9.982485519148465e-14,3.380401609074473e-13,0.0003177532524234755,1.2994845331845203e-08,2.1005056090336537e-07,6.89596696998682e-10,4.6665701680529065e-21,1.2959009574860673e-13,6.719757424107736e-14,7.967294257688895e-16,2.109564523208444e-18,2.9218413888176855e-20,7.978168927630817e-06,1.910343500838206e-08,1.0587706487557326e-07,3.4037639149184654e-06,3.2422880103879913e-18,9.563048557150206e-20,1.7107516093063465e-08,1.7565354862180087e-06,5.7454190798577285e-15,5.571637011477134e-15,1.6791579173687276e-17,1.5939685332884833e-16,0.0,0.0,7.297946648529494e-13,2.6262306419835735e-14,1.583113637066774e-19,8.528662581790027e-15,9.129137315518159e-28,2.551648855795781e-21,1.363643021766604e-27,5.4484969926971265e-31,9.025863380996333e-30,6.199895813460177e-09,8.259146928486548e-11,7.373430486517826e-11,2.1224848538363625e-17,1.0439531735477234e-18,1.1223510305166539e-20,6.258724975334528e-11,2.9448704666753217e-10,2.9654546581525446e-14,4.9226447501564354e-17
546774.9071395234,5.135792232470488e-06,0.00015874499409738289,1.7338806161886927e-11,4.997262930874833e-14,7.0885183968197604e-12,4.462513927517151e-14,2.6614706117396404e-12,1.4527131399031572e-13,4.5667054909626394e-29,2.1996254471300894e-22,1.3146111611599926e-31,1.4033798277126412e-14,3.20467158582875e-15,1.737643910241794e-21,1.3947601837919877e-17,1.1440107580381928e-14,1.791278469212375e-31,3.087005135803645e-27,1.7713993096007532e-17,9.822069445050953e-20,8.329291010295401e-22,4.571107892674493e-20,1.6529242386256524e-10,5.1172122187531714e-12,8.755454158005886e-12,1.7440174416034777e-11,4.8937452230960905e-20,3.1773924853413996e-19,1.9554121515248898e-12,4.524387765446573e-11,2.9192588064468624e-24,2.713266329212995e-28,7.007845577571579e-16,1.6364647271302714e-18,1.3592138456377108e-18,1.8384702886991242e-19,3.4343098466327473e-16,2.878725782199123e-17,3.9382866566265455e-17,3.376645567161879e-08,7.565400952518118e-13,1.593203986325524e-08,2.040164400276638e-12,1.3088149825380444e-05,1.6795111173662192e-09,3.637587280251437e-11,9.84019242377969e-13,3.399392625304605e-14,0.0002995214365793163,0.5004790682078128,0.00011177525510490543,0.2496985140599063,8.906038301696592e-09,1.3948296453621363e-12,2.006740259652341e-16,4.9972900516290254e-14,5.468322085703028e-15,5.610165798326161e-17,4.193397955900947e-17,1.0159353241404775e-17,2.3736036014763922e-21,2.2339119471945976e-16,5.851510720030273e-07,2.115608352467228e-08,1.0468452744901431e-15,4.386848195015884e-14,0.0,1.2435507394184407e-24,7.007404889731075e-24,2.096131968574976e-07,3.588653807594946e-08,8.605622197488242e-19,1.8428768683798267e-17,1.3078719886463684e-10,6.057597760229042e-13,1.008775948241824e-09,7.563440950623434e-12,1.7836270745615494e-11,1.751278139548227e-14,1.091712033853503e-08,3.015384238774928e-13,1.266932927859654e-18,1.5531408514141826e-17,1.1978894097761514e-14,0.09997867926601416,2.132207853693518e-05,1.455653357555438e-10,5.715283472605552e-13,2.0673670243700833e-18,1.9702700827438475e-11,1.6897658554873603e-12,4.909729889888535e-17,1.2619422363867309e-09,1.454396659202507e-18,1.3733604480234627e-13,7.048411300724042e-13,1.2541403114979205e-22,7.433445455896478e-21,2.0443470300806537e-14,2.7930810813906074e-08,2.2280691891860968e-06,6.169364439830153e-05,3.9418248156587333e-11,2.2966980337634863e-09,6.181368527851064e-14,3.2553255502018295e-13,1.0117201763062882e-17,9.207383403332927e-09,3.474440842390845e-11,3.1687157362027648e-09,7.582557161483135e-11,5.6517525792146746e-27,4.56498526322867e-12,3.9902311323558006e-11,1.0972647582591414e-14,7.195281896887225e-08,2.4720540393027113e-10,1.575732788220584e-15,1.385045053490925e-13,3.4346398975477026e-13,0.00030948356797991396,1.5640789124920257e-08,2.7124223605143104e-07,1.006579276774316e-09,4.715189273689773e-21,1.5489377782686906e-13,1.1921534878081705e-13,1.519121117266756e-15,4.25822941061558e-18,4.4325609498453765e-20,1.0106870300823447e-05,2.4756557411454886e-08,1.4219429303802732e-07,3.367345420356743e-06,3.2212706865174636e-18,1.2229706865547801e-19,2.0642562653034557e-08,1.7516453466538273e-06,4.7339933134932674e-15,4.756700202546162e-15,1.786566398849645e-17,1.2633101882185533e-16,0.0,0.0,6.266463161391531e-13,2.8834925250999156e-14,1.5960500752001899e-19,7.991014840156426e-15,7.8865321914299935e-28,2.6323025628094787e-21,1.0600645730263682e-27,5.11478900975468e-31,8.61725597752214e-30,7.518993678316212e-09,1.0474536916117301e-10,8.767849674330443e-11,4.069817086430536e-17,8.975825140723924e-19,1.3537491591635304e-20,1.1035915820296462e-10,3.474388542439574e-10,6.72717804762162e-14,1.336776207346798e-16
790682.5367969447,7.46373711588201e-06,0.00014924884672706196,1.3105399446381481e-11,4.480570828227169e-14,5.7765111187592315e-12,4.029073692578908e-14,1.971788823143282e-12,1.261553426736362e-13,2.5850359979711515e-29,1.0439555908907552e-22,9.791464000719292e-32,9.61444372487402e-15,2.792149578966512e-15,1.420363342579614e-21,1.1637376260604128e-17,8.46138518943138e-15,3.428079719756061e-31,1.6907201692151716e-27,1.2865396949202095e-17,7.907662492094217e-20,1.4910034462139915e-21,3.990813462831641e-20,1.614935951442823e-10,6.423437001858596e-12,8.547833101280472e-12,1.6967882656398867e-11,3.93732775064191e-20,3.286300160623878e-19,1.7829858523341998e-12,4.246059923583272e-11,2.830364067145482e-24,2.6657237253748553e-28,4.28011284293859e-16,1.2353440978386974e-18,1.3147290519940658e-18,1.8398004103573454e-19,2.7646248540790193e-16,2.53687773658187e-17,3.6058093787531277e-17,3.3801908037470194e-08,8.249630461926154e-13,1.9384289177497848e-08,2.0178424255639926e-12,2.0252651671631536e-05,1.7903705341447288e-09,5.8903772056742e-11,1.0850700422320506e-12,4.003847933949009e-14,0.00031025015809223356,0.5008702796027815,0.0001290093385783254,0.24949353474057326,8.907770742109511e-09,1.3956439118632441e-12,1.9118950127985037e-16,4.178260902068955e-14,5.1318647459646535e-15,5.810518322688308e-17,4.013461977299683e-17,8.914152325412017e-18,1.8506777102510914e-21,2.1107758981101038e-16,6.463174071328875e-07,2.4844183860520017e-08,9.796160351583402e-16,4.280485911935852e-14,0.0,1.351852787085351e-24,6.1986381266733176e-24,2.0213958695885052e-07,4.0655095307387565e-08,8.533495993393945e-19,1.773690962332191e-17,9.524281369412249e-11,6.285418777336282e-13,8.41414652141956e-10,7.282550327662852e-12,1.6562246272270476e-11,9.356186796578798e-15,1.1153063643865027e-08,3.382369830335539e-13,1.905060673878291e-18,1.455484745942257e-17,1.3587358651375102e-14,0.09997569332745262,2.4308016166353563e-05,1.4649745129391187e-10,5.50026191118592e-13,1.924596135958057e-18,1.9191426421779917e-11,1.8909422949936434e-12,5.904268453975851e-17,1.3284646055684926e-09,2.2361275858401336e-18,1.3828723029208454e-13,7.585037858313855e-13,1.316904416708446e-22,6.676299261074342e-21,2.626085673531425e-14,8.818448859698057e-09,2.2471815511403054e-06,6.168117985277945e-05,4.3425115127376705e-11,3.995150338743651e-09,1.1777300869831686e-13,5.933119446277523e-13,1.5008703452832235e-17,9.730040972432358e-09,3.880786640879543e-11,3.252908604965353e-09,8.334491250839417e-11,4.8483570518156166e-27,4.414806138403078e-12,4.2309411057818907e-11,1.1365713962213178e-14,7.707935297844381e-08,2.7992192842137886e-10,1.4770979135646418e-15,1.5839653053388442e-13,3.494622884223983e-13,0.0003008067953313573,1.7607109916822234e-08,2.9298642312013185e-07,1.2035271409309704e-09,4.5586297289728405e-21,1.5993940029658512e-13,1.648412098175801e-13,1.9022681167798138e-15,5.6342869232404e-18,5.152674277233891e-20,1.149304468044713e-05,2.9338151398256746e-08,1.6143805294466098e-07,3.3480382314650853e-06,3.0557404930972734e-18,1.3406543606609486e-19,2.3483107202299165e-08,1.7484423198469732e-06,3.832141461163749e-15,4.269061383047867e-15,1.4584126495168513e-17,9.919285050507899e-17,0.0,0.0,5.660913921640706e-13,3.103171831499906e-14,1.6436333306235848e-19,7.694340921667077e-15,7.298855299420271e-28,2.732739664791821e-21,9.013135203870974e-28,4.970822744756255e-31,8.545087213274568e-30,7.859781286103393e-09,1.1853276618990142e-10,9.56458065134955e-11,5.849140286586549e-17,8.173757004662373e-19,1.4529054650562768e-20,1.414727329281729e-10,3.7953137162394247e-10,9.577902280631008e-14,2.162039748707143e-16
1143393.4985537303,1.0906043730755793e-05,0.00013896097748905192,1.1193472831289532e-11,4.192239187104024e-14,5.170012401763176e-12,3.849694697897443e-14,1.56599115113576e-12,1.1968950630020749e-13,1.7427470803654785e-29,6.539710246542386e-23,8.677407878264208e-32,7.928601596400183e-15,2.466514819240163e-15,1.1813583994694663e-21,1.0990248561907658e-17,7.03314023387197e-15,5.437003187177436e-31,1.3113029610437403e-27,9.246491932824719e-18,4.928403820441864e-20,2.0604402602373325e-21,3.246796929201625e-20,1.6186553335268392e-10,8.512053283395835e-12,8.601867258044109e-12,1.6995775634128128e-11,3.062680495775278e-20,3.4897998844640936e-19,1.7430317508068677e-12,4.2364361164956216e-11,2.4512661496304145e-24,2.5838584150511397e-28,3.348016664530961e-16,1.0829727310761482e-18,1.3540305773487343e-18,1.9517492257025047e-19,2.54739083254684e-16,2.5062742841043533e-17,3.5833410811122064e-17,3.380764966387825e-08,8.721293357849307e-13,2.1171200964554556e-08,1.9074502744843087e-12,2.7096540327977388e-05,1.7900368598262615e-09,8.027245773033529e-11,1.0376064754178058e-12,4.007765909922111e-14,0.0003110534217328603,0.5015001429238497,0.0001400937071816969,0.24917258430355957,8.898851944199556e-09,1.459135136628998e-12,1.981492384980165e-16,3.904694680982438e-14,5.1951370494040866e-15,6.183517158578756e-17,3.8098562744385256e-17,8.69120377697487e-18,1.7022922151561793e-21,2.0840115229938514e-16,6.88993796160707e-07,2.7320910200075176e-08,9.44054192964404e-16,4.2633361003797455e-14,0.0,1.3701879085043877e-24,5.670074938847039e-24,2.009790359514401e-07,4.45366356625634e-08,8.531976892315985e-19,1.554462110524628e-17,8.935933404672422e-11,6.597376027588332e-13,7.41521529419412e-10,6.927352355368586e-12,1.5691739102821282e-11,8.586343630486651e-15,1.1126582677153704e-08,3.6152621433441463e-13,2.721823136230134e-18,1.4325355692809252e-17,1.3549610580218343e-14,0.09997569262117635,2.4308722588865098e-05,1.4635115378917224e-10,5.229269363531131e-13,1.8426184860436727e-18,1.872190681285367e-11,2.0592840670240212e-12,6.252267275206868e-17,1.3256946219796284e-09,2.691070723055923e-18,1.3773071245865984e-13,7.678100200085536e-13,1.2486009600639605e-22,6.411318946481221e-21,2.9234280163453076e-14,7.005893966690897e-09,2.248994106033314e-06,6.167287247819734e-05,4.444406244360353e-11,6.074273533280122e-09,1.7647159976446577e-13,8.840160572568698e-13,1.813222224050372e-17,9.899682608424867e-09,4.0419257504931304e-11,3.2931075139479353e-09,8.71414477084252e-11,4.761846170396366e-27,4.398380983142412e-12,4.406642062790058e-11,1.1884417779206359e-14,7.930275570806994e-08,3.015533242641333e-10,1.3934103611943753e-15,1.5878670058499293e-13,3.5538934447476136e-13,0.00029304574745714796,1.862703850552036e-08,2.9787713275622804e-07,1.3215149640368925e-09,4.6571867333237525e-21,1.6172646174894705e-13,1.9315557026204675e-13,1.9193484611651675e-15,5.965802263199623e-18,5.456505954719158e-20,1.2344783193896119e-05,3.219730921704444e-08,1.640852949410329e-07,3.345354110666538e-06,2.8222848598575625e-18,1.3329721965737161e-19,2.55898935112098e-08,1.7461408749125706e-06,3.530133483454195e-15,4.105051387788625e-15,1.2074061519675403e-17,8.841097095012e-17,0.0,0.0,5.39693042309886e-13,3.3042146189788305e-14,1.7218403544302423e-19,7.6545505085187e-15,7.349908521985368e-28,2.8985362908875966e-21,8.702298991282187e-28,5.212015150932464e-31,9.012924604997128e-30,8.037760332611283e-09,1.2802048805954e-10,1.0286255980060771e-10,6.936529062923393e-17,7.850802199291465e-19,1.4842102874538078e-20,1.5154201300772777e-10,4.063585971232973e-10,1.0762843493512346e-13,2.6298324972509967e-16
1653443.236309495,1.5540578577743008e-05,0.00012821597068734308,1.1135292222092055e-11,4.18918523263938e-14,5.300763535597555e-12,3.990823147557222e-14,1.565852208604777e-12,1.2720513084253685e-13,1.777119718148376e-29,6.400532950439886e-23,9.323829501497665e-32,8.091572314392315e-15,2.2573013172488073e-15,1.0350548530236073e-21,1.2021232795532347e-17,6.8505382927085206e-15,8.932798783082599e-31,1.415767842197815e-27,9.03544362816006e-18,3.6989291390604326e-20,2.4609919226922345e-21,3.352943495425625e-20,1.6749161690915657e-10,1.1579086332671784e-11,8.972622677852594e-12,1.7643873027672038e-11,2.871083540379627e-20,3.923185277084863e-19,1.8299919671983312e-12,4.5180567018934064e-11,2.1462954449437624e-24,2.989014863294853e-28,3.2377735196506986e-16,1.1152099948910328e-18,1.5317212719613485e-18,2.2592975127733693e-19,2.6360337827228133e-16,2.7821220011878856e-17,3.8817335093048523e-17,3.380745212508203e-08,8.892245019556435e-13,2.2236617290966643e-08,1.7715337434609567e-12,3.320594053493281e-05,1.7471505874754866e-09,1.0238271602223091e-10,1.0447130873477215e-12,4.011815026445764e-14,0.0003021843007381751,0.5024575035174055,0.00014449642116438818,0.24869131076201106,8.87944233746114e-09,1.538699909698814e-12,2.2313153695943046e-16,4.071751240536704e-14,5.775567776240408e-15,6.96734544835183e-17,4.003243229397891e-17,9.39426661332652e-18,1.8175873176292765e-21,2.2195260836141406e-16,7.265306133486751e-07,2.8774101231496916e-08,9.286765881964951e-16,4.3116604358882483e-14,0.0,1.4874430549273371e-24,5.8067493506313994e-24,2.057475320746653e-07,4.818992991823514e-08,8.943198394119391e-19,1.6907519672114987e-17,8.944274446122102e-11,6.772060452405603e-13,6.956167189740938e-10,6.652110467479435e-12,1.5480154175846368e-11,8.900368866447155e-15,1.121570215901768e-08,3.9576225325503493e-13,3.837446148580593e-18,1.5021673589505022e-17,1.3941932850407638e-14,0.09997822708770933,2.1774257142806863e-05,1.4526423381001055e-10,5.018042728654202e-13,1.94974326633405e-18,1.8763532922456828e-11,2.23552972449417e-12,6.613470926667879e-17,1.297388579590316e-09,3.2332082619310132e-18,1.3510744181008073e-13,8.028884308510917e-13,1.2798309452980286e-22,6.4899513076609165e-21,3.1915159224666934e-14,6.911362846677332e-09,2.2490886371533273e-06,6.16627707632563e-05,4.347033652375413e-11,8.51422783390305e-09,2.2103700213630911e-13,1.1407975194786744e-12,2.0075992328904425e-17,9.961344818097118e-09,4.029882005020424e-11,3.3686997132833155e-09,8.898899213965013e-11,5.45319266057701e-27,4.605066667052133e-12,4.623236850388721e-11,1.2890926890813413e-14,8.333719124890649e-08,3.2881798972803754e-10,1.3574522252150208e-15,1.6060098362442132e-13,3.695380996397357e-13,0.0002861883563042044,1.872456181386485e-08,3.0786396140941647e-07,1.4441633455920738e-09,5.319505744950374e-21,1.7271897485286064e-13,2.1372527501868872e-13,2.047321614030564e-15,6.624801352854006e-18,6.335513789846586e-20,1.302382254744458e-05,3.345882763399526e-08,1.6509855039711167e-07,3.34429661515562e-06,2.709783165576315e-18,1.4236031891906632e-19,2.787461286934087e-08,1.7432942366985715e-06,3.859719414383882e-15,4.225178833970153e-15,1.314259688543785e-17,9.315316918230581e-17,0.0,0.0,5.372933017546249e-13,3.580304182910297e-14,1.8920492078454795e-19,7.851118315416117e-15,8.17132387885525e-28,3.2266738710543506e-21,9.476112448498057e-28,5.910945063196501e-31,1.033482306851328e-29,8.578535173244493e-09,1.3810015585906345e-10,1.1392587956081987e-10,8.377205864798718e-17,7.88390745127609e-19,1.6044799524065692e-20,1.6087714656536142e-10,4.41190834291999e-10,1.210109724358767e-13,3.078349117702044e-16
2391018.0870852144,2.1218041072942823e-05,0.00011665926467330241,1.2206895994949278e-11,4.3886439726200365e-14,5.964623798306572e-12,4.392781892844443e-14,1.8191301694045435e-12,1.466046382221016e-13,2.402363251582312e-29,8.104172496362868e-23,1.1468205318963887e-31,9.40936299571888e-15,2.138624225866646e-15,9.701398248881847e-22,1.458049298233106e-17,7.379318279715032e-15,1.7291542523248908e-30,1.923962161722036e-27,1.1511120649752441e-17,4.347717163292148e-20,2.9249210067733245e-21,4.286132853740005e-20,1.778625471599611e-10,1.5683177963069236e-11,9.623865850048919e-12,1.8864523865720334e-11,3.463952304889611e-20,4.632556387443276e-19,2.0261353087807712e-12,5.0654720881506816e-11,2.274863827490275e-24,4.124396665988072e-28,3.6390488449007204e-16,1.3059683741822448e-18,1.868820731728626e-18,2.806899089895692e-19,2.9442377128338185e-16,3.3559163643127115e-17,4.475449899590038e-17,3.380494785882561e-08,8.867690725206527e-13,2.3905725361829937e-08,1.6557523684313196e-12,3.908342102284333e-05,1.676302910697214e-09,1.2857737312437486e-10,1.1407590938977266e-12,4.1719912132910234e-14,0.0002873409377815848,0.5038574630862228,0.0001442826294679172,0.2479910551110057,8.853459098445417e-09,1.6308992554721114e-12,2.6744483753314925e-16,4.5824364533751004e-14,6.8912074381698804e-15,8.258021492978639e-17,4.6832428400883013e-17,1.0932034743621642e-17,2.146179751471238e-21,2.5476530307903643e-16,7.655317722826392e-07,2.9582449859056273e-08,9.215171804753401e-16,4.3939304762091004e-14,0.0,1.766262053283524e-24,6.388832509436452e-24,2.1474732798821617e-07,5.195740348585426e-08,9.79798731614088e-19,2.2592628685911574e-17,9.18500069972841e-11,6.844658492819635e-13,6.907782591489594e-10,6.54318502049059e-12,1.5968906328837377e-11,9.54727069349659e-15,1.137827756682186e-08,4.432122566592147e-13,5.484898315997361e-18,1.658666906604944e-17,1.5214119033036923e-14,0.09998130482154655,1.8696524664003156e-05,1.4390577045488034e-10,4.930710619324205e-13,2.2361108283297854e-18,1.9584005666850906e-11,2.4360833863782625e-12,7.380294961736772e-17,1.2517406571853049e-09,4.123511339218588e-18,1.3074435725804405e-13,8.829943121988458e-13,1.4607685939876528e-22,6.763310669737513e-21,3.566703405354162e-14,6.8548895274592435e-09,2.249145110472544e-06,6.164818619069696e-05,4.2233230860486164e-11,1.1609338102443967e-08,2.596179235228887e-13,1.4131110115524923e-12,2.308326520873386e-17,1.0206345520384198e-08,3.9922180380928596e-11,3.5537901267885535e-09,9.153262134150758e-11,7.11052630694433e-27,5.096390731424161e-12,4.987052346000142e-11,1.4672406115111364e-14,8.959452967891275e-08,3.644401080140971e-10,1.3802105534040958e-15,1.7390152519972097e-13,3.9939302806567944e-13,0.0002795785603089739,1.8227685484199166e-08,3.252054959095251e-07,1.5935260750536635e-09,6.65003513316086e-21,1.9341558637790842e-13,2.4068113791361236e-13,2.4164767768718963e-15,8.093234584638186e-18,8.251281408049001e-20,1.3670447846488016e-05,3.368943883049713e-08,1.7014857337141538e-07,3.339184242778557e-06,2.7277243678070052e-18,1.6718285364165235e-19,3.061085088992919e-08,1.7396150589609204e-06,4.722060624041715e-15,4.558840715607655e-15,1.740615137584809e-17,1.1001772108878494e-16,0.0,0.0,5.489342618952714e-13,3.9549147985891104e-14,2.1664685834346512e-19,8.215944149457612e-15,9.75566158427611e-28,3.7379326131835e-21,1.1170169455763413e-27,7.071254687014383e-31,1.2614537568768058e-29,9.493843111910216e-09,1.4998573304677055e-10,1.2965508678830425e-10,1.0867401746249887e-16,8.148191676765566e-19,1.8685555259612975e-20,1.7781979118021368e-10,4.863513329501476e-10,1.4440513416085252e-13,3.7331513001332185e-16
3457613.4016726078,2.746706180106307e-05,0.00010523561328926206,1.3949489421892422e-11,4.7307309950904504e-14,6.992531325001545e-12,4.999160472072772e-14,2.212859205670529e-12,1.7529475615497442e-13,3.632971737822593e-29,1.123051684100335e-22,1.4932055737001994e-31,1.1436225658301834e-14,2.057620932159421e-15,9.456142488521554e-22,1.8436239017321042e-17,8.25086713469168e-15,3.998309537546606e-30,2.8641858491013533e-27,1.581923802607644e-17,6.239751109421197e-20,3.893768835135708e-21,5.88097082445439e-20,1.9164187904389848e-10,2.053843536741729e-11,1.0466088469647474e-11,2.0524386929615518e-11,4.662808758083149e-20,5.570395531920429e-19,2.295831247408628e-12,5.7993364716863517e-11,3.1858407677753395e-24,6.031192705520062e-28,4.338418286987756e-16,1.6107949365719113e-18,2.3436167345472374e-18,3.5734543661278944e-19,3.378036742645657e-16,4.159767894337869e-17,5.2731102294697015e-17,3.3802413334004735e-08,8.797100511449669e-13,2.6287839897424124e-08,1.5684107940094407e-12,4.425565257781432e-05,1.5885161718254113e-09,1.5652794006773586e-10,1.2758211027045455e-12,4.374919167114884e-14,0.0002719336706553995,0.5058671633751333,0.00014252036876434158,0.24698671408225453,8.821949864594079e-09,1.7256791390935724e-12,3.284553638531348e-16,5.3145602700948645e-14,8.43791704078601e-15,9.996121815384913e-17,5.71190740620914e-17,1.3076833064764661e-17,2.6196851469241742e-21,3.019552193951376e-16,8.056150886587477e-07,3.017075563282268e-08,9.135839670118957e-16,4.473643743471639e-14,0.0,2.147442478806852e-24,7.121331473164173e-24,2.2474512072902575e-07,5.5767481903309926e-08,1.0832742580824577e-18,3.2526392972010884e-17,9.42930711596676e-11,6.882056455019971e-13,7.041419817463881e-10,6.543983987246884e-12,1.6808736435329048e-11,1.0392382664418335e-14,1.1463462522060909e-08,4.932457068270539e-13,7.97280970514195e-18,1.871532228421655e-17,1.680353724203002e-14,0.09998352913666901,1.6472210733420373e-05,1.427138620439255e-10,4.922361262708615e-13,2.63687812641914e-18,2.098673781343659e-11,2.6519281253581293e-12,8.500792602034304e-17,1.1938695756256242e-09,5.302771664771115e-18,1.2568917549804994e-13,9.835000349888944e-13,1.718838277903066e-22,7.071696243860336e-21,4.0147894452714234e-14,6.816898529447566e-09,2.2491831014705573e-06,6.162991774507595e-05,4.1753336797331204e-11,1.5639957066800842e-08,3.097570773510393e-13,1.7848796512751502e-12,2.7787906134761984e-17,1.0679550831984657e-08,4.0148070356275894e-11,3.835413230765335e-09,9.574759057547387e-11,9.814484189062951e-27,5.79494325591369e-12,5.490122617323289e-11,1.7102371778989387e-14,9.659950776595276e-08,4.033535145546364e-10,1.4438662604910855e-15,1.9572849485785937e-13,4.422676679813219e-13,0.0002736938179698422,1.761048800342133e-08,3.451875350225371e-07,1.7568687503672388e-09,8.563309964572806e-21,2.1862740231659924e-13,2.7578204513760227e-13,2.9295736255926477e-15,1.011308382932442e-17,1.1152786919732825e-19,1.4290661063128761e-05,3.3626891724769064e-08,1.7706438740384766e-07,3.3321971883239287e-06,2.7773563546972535e-18,2.0227962748701078e-19,3.354080782055963e-08,1.7355923375619892e-06,6.008504520444483e-15,5.01282728307004e-15,2.4343403178484534e-17,1.3599778429472428e-16,0.0,0.0,5.638654767996648e-13,4.377726247122085e-14,2.497877004154205e-19,8.626147163010804e-15,1.1791684146252856e-27,4.354412268548488e-21,1.3345218280348124e-27,8.496489635671843e-31,1.5537171178718395e-29,1.0555881179845288e-08,1.6256152820050546e-10,1.4778431463274724e-10,1.4309079359556993e-16,8.476004491059314e-19,2.229495762344152e-20,1.988715164604063e-10,5.362050607934584e-10,1.7461350973440544e-13,4.542785312538115e-16
4999999.999999989,3.335195191329365e-05,9.622311496590326e-05,1.5930971258332187e-11,5.1514911582822975e-14,8.153524947661211e-12,5.705036985208884e-14,2.640138348731751e-12,2.0743053864726597e-13,5.223971869329892e-29,1.4979561251282465e-22,1.8974271423392143e-31,1.365982874930717e-14,1.9928054148982316e-15,9.31117844043719e-22,2.2799888959205438e-17,9.195241296367382e-15,9.701977312893822e-30,4.0924401016415366e-27,2.0624489257509502e-17,8.877230728315268e-20,5.928678418019619e-21,7.719576407372692e-20,2.0557108828563953e-10,2.524704575402776e-11,1.1299241880556486e-11,2.2291144297418007e-11,6.124171856589155e-20,6.515489852049165e-19,2.5701241633486364e-12,6.540841019759865e-11,5.064466531880806e-24,8.35647202533028e-28,5.067962818951163e-16,1.933042019704898e-18,2.8443669346441174e-18,4.385185648547775e-19,3.8017132295482005e-16,4.984875213426688e-17,6.057824042542494e-17,3.38009715075958e-08,8.76801019325595e-13,2.8572273358692123e-08,1.508841367346391e-12,4.738108952675934e-05,1.5087422451926035e-09,1.7778054424666467e-10,1.399939154453786e-12,4.533290101138279e-14,0.00026031529188398465,0.5087428026454494,0.0001410476875721149,0.24554933173480004,8.781350093044812e-09,1.8022384797175774e-12,3.9276122741164444e-16,6.07581715910905e-14,1.0055999777721105e-14,1.1817343095112703e-16,6.7916008300521e-17,1.5280350273785505e-17,3.0986880010070576e-21,3.4862380787233124e-16,8.390805210408303e-07,3.0702147426064226e-08,9.017861544147931e-16,4.516264916611009e-14,0.0,2.493851970280145e-24,7.717661786645925e-24,2.3194504033601277e-07,5.89386506984655e-08,1.164913269753276e-18,4.4702869653319623e-17,9.56573896325741e-11,6.920632726972259e-13,7.170806271770785e-10,6.573938045435931e-12,1.753788515904887e-11,1.121606513639174e-14,1.141423103278758e-08,5.309283156232063e-13,1.1480688749126044e-17,2.08182539008248e-17,1.809963089946703e-14,0.09998466351021543,1.5337838204705944e-05,1.4169609999117105e-10,4.927696905590841e-13,3.03410541414227e-18,2.2439701417262844e-11,2.841272110269189e-12,9.650608260482374e-17,1.1384414524435317e-09,6.4304462367132214e-18,1.2094487990417273e-13,1.0665483342178287e-12,1.944384180676449e-22,7.279986763308267e-21,4.424464632925207e-14,6.80170135279093e-09,2.249198298647211e-06,6.161178677492203e-05,4.211106522763791e-11,2.0244616059693225e-08,3.7564957320134405e-13,2.2567675145011862e-12,3.255526397699308e-17,1.1203504283695737e-08,4.0950080889232e-11,4.11885464666899e-09,1.0055258589642437e-10,1.304645856282664e-26,6.470148537446302e-12,5.988116224320538e-11,1.947481364948711e-14,1.0236848932817314e-07,4.361168960155181e-10,1.516304071837607e-15,2.179219205212151e-13,4.848398414990412e-13,0.0002699917866944518,1.7197462894011654e-08,3.626514372420549e-07,1.9019632805961657e-09,1.0618989946376244e-20,2.4074785978279574e-13,3.086249490079935e-13,3.4234138824261668e-15,1.2095829882646749e-17,1.433499557844206e-19,1.478858948866781e-05,3.36830793848094e-08,1.8303565497148778e-07,3.326164556771558e-06,2.796588383781805e-18,2.3666700512581347e-19,3.602893733690757e-08,1.7321901833527327e-06,7.450425115161417e-15,5.457203639623499e-15,3.246431392086853e-17,1.653611770568727e-16,0.0,0.0,5.740495100999817e-13,4.7295868254709924e-14,2.780861371803124e-19,8.940995653739903e-15,1.3585992993388105e-27,4.885919548710572e-21,1.5217206431806882e-27,9.74133797502138e-31,1.8166375132201014e-29,1.1443563113079229e-08,1.7321031666405842e-10,1.63462309548026e-10,1.780616769064844e-16,8.711184211066236e-19,2.5728797123144063e-20,2.17432008628321e-10,5.787053307031307e-10,2.026245431445041e-13,5.285020820663579e-16
