time_years,C,C+,C2,C2+,C2H,C2H+,C2H2,C2H2+,C2H3,C2H4,C2H5,C2N,C2N+,C2N2+,C2NH+,C3+,C3H2,C3H5+,C3N,C4H,C4N,C4N+,CH,CH+,CH2,CH2+,CH2CO,CH2OH,CH3,CH3+,CH3CCH,CH3CHO,CH3CN,CH3CNH+,CH3OH,CH3OH2+,CH4,CH4+,CH5+,CL,CL+,CN,CN+,CO,CO+,CO2,CS,CS+,E-,H,H+,H2,H2+,H2CL+,H2CN,H2CO,H2CO+,H2COH+,H2CS,H2CS+,H2CSH+,H2NO+,H2O,H2O+,H2S,H2S+,H2S2,H2S2+,H2SIO,H3+,H3O+,H3S+,HC3N,HCL,HCL+,HCN,HCN+,HCNH+,HCO,HCO+,HCO2+,HCOOH,HCS,HCS+,HE,HE+,HEH+,HNC,HNCO,HNO,HNO+,HNS+,HOC+,HOSO+,HS,HS+,HS2,HS2+,HSO+,MG,MG+,N,N+,N2,N2+,N2H+,NCCN,NH,NH+,NH2,NH2+,NH2CHO,NH3,NH3+,NH4+,NO,NO+,NO2,NS,NS+,O,O+,O2,O2+,O2H,O2H+,OCN,OCS,OCS+,OCSH+,OH,OH+,S,S+,S2,S2+,SI,SI+,SIC,SIC+,SIC2,SIC2+,SIC3,SIC3+,SIH,SIH+,SIH2,SIH2+,SIH3,SIH3+,SIH4,SIH4+,SIH5+,SIO,SIO+,SIOH+,SIS,SIS+,SISH+,SO,SO+,SO2,SO2+
0.0,1e-10,0.000177,0.0,0.0,0.0,0.0,0.0,0.0,0.0,0.0,0.0,0.0,0.0,0.0,0.0,0.0,0.0,0.0,0.0,0.0,0.0,0.0,0.0,0.0,0.0,0.0,0.0,0.0,0.0,0.0,0.0,0.0,0.0,0.0,0.0,0.0,0.0,0.0,0.0,0.0,3.39e-08,0.0,0.0,0.0,0.0,0.0,0.0,0.0,0.0001823239,0.5,0.0,0.25,0.0,0.0,0.0,0.0,0.0,0.0,0.0,0.0,0.0,0.0,0.0,0.0,0.0,0.0,0.0,0.0,0.0,0.0,0.0,0.0,0.0,0.0,0.0,0.0,0.0,0.0,0.0,0.0,0.0,0.0,0.0,0.0,0.1000000014901161,0.0,0.0,0.0,0.0,0.0,0.0,0.0,0.0,0.0,0.0,0.0,0.0,0.0,0.0,2.256e-06,0.0,6.18e-05,0.0,0.0,0.0,0.0,0.0,0.0,0.0,0.0,0.0,0.0,0.0,0.0,0.0,0.0,0.0,0.0,0.0,0.0,0.000334,0.0,0.0,0.0,0.0,0.0,0.0,0.0,0.0,0.0,0.0,0.0,0.0,3.51e-06,0.0,0.0,0.0,1.78e-06,0.0,0.0,0.0,0.0,0.0,0.0,0.0,0.0,0.0,0.0,0.0,0.0,0.0,0.0,0.0,0.0,0.0,0.0,0.0,0.0,0.0,0.0,0.0,0.0,0.0
1e-09,1.0000000001656888e-10,0.000177,6.76663670858747e-40,1.4459053827681976e-33,1.2431491202042209e-51,6.282153262345731e-43,1.1072992680073582e-66,1.816044863545547e-54,-1.7516055090233184e-124,-8.869946360777992e-104,-1.3173561264496059e-116,1.3729223514214198e-68,4.267039340265996e-59,-3.9104218476748047e-85,-2.2176488853532495e-70,7.287309792273701e-64,1.6227692357842486e-145,-1.2545441023827755e-126,-3.2533784358338436e-97,-2.757546841457521e-116,-8.27467811190513e-133,-7.28276160444427e-117,1.5768165574444122e-29,4.865989973103351e-23,7.884000000636488e-30,3.226490607261905e-22,-1.7324161602363058e-102,-3.8751816383245074e-99,9.826721803270116e-49,2.035012155815411e-33,-2.1807504359238858e-138,-4.395449025336542e-132,-4.390271969355935e-99,-8.331670925807711e-88,-3.875181638324336e-99,-2.501702095615827e-86,-1.0817389716289782e-64,-2.8876818150383904e-63,2.922816829004001e-51,9.018844574569465e-25,3.3899999999732734e-08,1.8919173768097291e-34,2.922548222510992e-28,4.582722886761017e-34,4.583582746796357e-27,3.651818799614809e-61,3.515047701121481e-50,6.589865299769922e-36,0.00018232390000000036,0.5,1.6342266908021174e-19,0.25,1.6013980311333993e-19,1.3696395429499104e-30,-2.2971352029538824e-65,-3.168434344364489e-64,2.85797758370923e-49,-5.658342329267316e-68,-2.5689397489913296e-80,-5.056913124532851e-66,-1.1282954472319561e-72,-3.427988765501598e-84,4.355819602962821e-41,2.63555427334362e-44,1.3170355705435351e-40,2.870053426577427e-25,0.0,-1.5843997891285572e-74,-5.941851899933096e-93,1.3130438960612486e-30,-8.419187511000076e-56,6.222169841724193e-42,-3.0985858465879627e-103,1.2824738369063094e-41,2.6726759999740854e-19,2.9422411258732352e-46,7.032213168533018e-38,1.6632590586517967e-49,2.0802112371501188e-45,1.2879777256709056e-36,-1.3553063656070242e-70,-3.8626552222279e-100,3.6854525230926474e-62,9.398562095456422e-46,0.1000000014901161,3.4696957858717346e-20,3.2826240139865946e-32,2.942036021334397e-46,-1.6088609907004764e-82,8.377020016020345e-81,-2.9034417492860893e-60,-1.8957990106242166e-77,1.3551362390796816e-38,-2.9989330086921004e-99,1.3557889084698525e-37,2.30927907045582e-35,-4.008843517949798e-86,1.0061028991322596e-57,-3.0913313804738335e-76,2.2559999999999857e-06,1.4462679293606417e-20,6.18e-05,8.906975849259308e-23,1.7840775795248478e-50,1.7400084385523038e-43,9.145428534218863e-55,-1.4666650258689743e-91,3.299667929181919e-45,5.464072168459404e-34,-2.900068478100225e-69,1.579553982491999e-45,-6.743867526900015e-148,-7.010705198909926e-73,-1.1150127306120312e-57,-7.323417087404222e-72,4.223808707861401e-40,1.6789949505060788e-45,-3.72069631036132e-98,8.807768757642712e-54,2.2094397288171436e-40,0.000334,1.2367906598112667e-21,1.292377093486091e-28,1.3165602953194483e-45,-1.0443734996540525e-86,4.133590926441341e-58,1.3513916367756583e-61,-8.531388263204681e-78,1.6499213298717659e-62,-1.789730818673364e-91,7.292090122391891e-24,7.846896146481348e-33,1.933020407784884e-22,3.51e-06,3.6970431454636545e-65,3.1407444999358596e-57,4.1606872820840706e-22,1.7799999999999997e-06,7.76053110512356e-51,4.116637203942244e-46,-1.71487542977465e-98,2.326101071323299e-68,0.0,0.0,1.9887947645746986e-38,3.3687427647089405e-25,1.505559095248628e-56,4.210055999993356e-26,-5.431439092765832e-77,4.780650232275617e-44,-5.43143909276591e-77,-6.299699453907792e-105,1.3762678171921992e-64,4.567154075190828e-44,1.9092670116635293e-29,1.6376981359276932e-40,6.451999576360805e-62,3.0819935615706504e-55,9.410275735559413e-59,5.985235740583233e-49,7.38255043399047e-40,8.836852851917911e-70,-2.84305452444216e-86
1.4460841682246074e-09,1.0000000002395999e-10,0.00017699999999999997,9.785126217149601e-40,2.0909008829153855e-33,2.599622995346699e-51,1.3136983983041008e-42,3.3490926503640506e-66,5.49170611213033e-54,-3.2828943806368264e-124,-1.8616730711564833e-103,-2.83066016897154e-116,4.151706939526837e-68,1.2903495103521933e-58,-1.849038987061247e-85,-1.0471041080837735e-70,2.203677040228353e-63,4.3801624363701556e-145,-2.8495424212037252e-126,-1.5383566862435625e-97,-5.072553674004917e-116,-1.6498999604025127e-132,-1.343605565808567e-116,2.280220140712281e-29,7.036631062806772e-23,1.1400927583613802e-29,4.665776986070919e-22,-3.591268139678481e-102,-7.726918737864246e-99,2.650905573055273e-48,4.255534842671723e-33,-3.845890031151042e-138,-8.014477869834718e-132,-8.359855830418336e-99,-1.532509533887947e-87,-7.726918737863621e-99,-4.601439660679581e-86,-5.107631288176718e-65,-1.3634725693442135e-63,8.838576265565344e-51,1.3042009440859608e-24,3.389999999961351e-08,2.7358812795402655e-34,4.226250715486214e-28,6.627177870067129e-34,6.628246443921778e-27,1.1043073279035324e-60,7.35052515353403e-50,9.529499881666914e-36,0.00018232390000000052,0.5,2.3632293448642776e-19,0.25,2.3157563398341095e-19,2.8641346344123143e-30,3.326434825697986e-65,3.2787534640251736e-64,8.642502871965906e-49,-2.671691359355801e-68,-3.878989577483449e-80,7.322813174753634e-66,-5.327456551948272e-73,-6.305180576723867e-84,9.108713201481449e-41,7.969896442255329e-44,2.7541313419090115e-40,4.150338822127726e-25,0.0,-7.481037697158206e-75,-1.0928988322895709e-92,2.7457841141984426e-30,-3.9752756574872654e-56,1.3011549087238863e-41,-1.4635917630633045e-103,2.6918897155812446e-41,3.8649144503396775e-19,6.152822822790242e-46,1.4705478821955131e-37,5.0296829734218265e-49,4.35005341019589e-45,2.6933667558307095e-36,-6.3993305737677e-71,-8.007193861156612e-100,1.1144780911665784e-61,1.9653891688074794e-45,0.1000000014901161,5.017472144504752e-20,6.864490134330812e-32,6.1522663447889915e-46,-7.596535820510772e-83,2.5360643314287334e-80,-1.3709139146761687e-60,-3.486987827781656e-77,2.8338059138931e-38,-5.516021987119022e-99,2.835170749631425e-37,3.368635012265229e-35,-7.373560420861456e-86,3.042447654191717e-57,-5.68595870918954e-76,2.255999999999979e-06,2.091425155659406e-20,6.18e-05,1.288023676235669e-22,3.7308001913119464e-50,3.6386393445855475e-43,2.765578814353424e-54,-6.926806135201901e-92,4.7737323694119813e-45,1.1426245995275631e-33,-5.33033366573783e-69,4.776559448151695e-45,-1.620904547547554e-147,-1.2894955401874038e-72,-5.2647395729788164e-58,-1.3470133752885277e-71,8.832657374437623e-40,3.515278305834979e-45,-1.7957464719283684e-98,2.6634626953643e-53,4.620290705348594e-40,0.000334,1.7885033925535907e-21,1.8688860542754873e-28,2.7713844889502677e-45,-5.4737739822823515e-87,1.2499948095157984e-57,4.0865984027324196e-61,-4.0282536052760917e-78,4.989349788908362e-62,-3.2921899808829595e-91,1.0544976079257939e-23,1.6409110806880045e-32,2.795310208552795e-22,3.51e-06,1.1179936152016888e-64,9.497587915201273e-57,6.01670400755522e-22,1.7799999999999995e-06,1.6228507739104957e-50,8.608564999080708e-46,-3.154542120571719e-98,7.034112271424954e-68,0.0,0.0,4.1588869095470034e-38,4.871485578832866e-25,4.552799461660011e-56,6.088095328925123e-26,-2.564554784367727e-77,9.997101774499657e-44,-2.5645547843678637e-77,-1.3222122597627885e-104,4.161823602263677e-64,9.550647279653071e-44,2.760960798532695e-29,3.424687886669396e-40,1.9510798568249248e-61,9.3199255161984e-55,2.8456603555805464e-58,1.2516865404688247e-48,1.5438089895395483e-39,2.6726542803625124e-69,-1.3467777829206809e-86
2.0911594215898465e-09,1.0000000003464814e-10,0.00017699999999999997,1.4150116108234013e-39,3.0236186644109754e-33,5.436226119876933e-51,2.747152782927164e-42,1.0129885465289206e-65,1.6606878295303875e-53,-2.038289920408585e-124,-2.263650496783028e-103,-3.768579173699186e-116,1.2554730786071198e-67,3.902007284508729e-58,3.0223594269532e-84,1.7149749818289674e-69,6.663902916598297e-63,1.0164852989704165e-144,-4.540256787426824e-126,2.5145315135616857e-96,-2.597544955148178e-116,-1.574806961357123e-132,-7.104291320507678e-117,3.297412580801204e-29,1.0175560777483562e-22,1.648670088259768e-29,6.747106231990558e-22,-4.142932305810309e-102,-7.37596117241116e-99,7.345709422232095e-48,8.899001780121868e-33,-1.0458515605159749e-138,-3.732853284937847e-132,-5.888819563331032e-99,-7.841082953622103e-88,-7.375961172409075e-99,-2.3535445793306814e-86,8.365414875909784e-64,2.233131738737346e-62,2.672778862735629e-50,1.885984564504517e-24,3.38999999994411e-08,3.956334498409801e-34,6.11151425069637e-28,9.583822650021972e-34,9.585002245713444e-27,3.339417292231641e-60,1.5371120037297681e-49,1.3780458911936007e-35,0.00018232390000000076,0.5,3.4174285415029996e-19,0.25,3.3487785804706735e-19,5.989362125424617e-30,4.69393782398698e-64,5.608304361085368e-63,2.6134864149246223e-48,4.3757673641161055e-67,2.9515221268096466e-80,1.0333234089835796e-64,8.725450048645064e-72,-3.224974065340954e-84,1.9047771429837577e-40,2.4100907328128448e-43,5.759327703922631e-40,6.001739263437067e-25,0.0,1.2252643062636292e-73,-5.589959474182874e-93,5.7418723200242565e-30,6.5108124961170034e-55,2.7209223463213054e-41,2.3958895406511752e-102,5.659508650726217e-41,5.588991598143739e-19,1.2866919191515999e-45,3.0751500587367316e-37,1.5209723753792752e-48,9.096655423332102e-45,5.632259267240522e-36,1.0480994287342113e-69,-9.23708780563916e-100,3.370173426320229e-61,4.109942081302151e-45,0.1000000014901161,7.255687032676263e-20,1.4354743218651989e-31,1.2865369731394944e-45,1.2441808924687407e-81,7.6793585887481e-80,2.245319372939012e-59,-1.783524702114057e-77,5.925939935805996e-38,-2.8214192883278947e-99,5.928794024900629e-37,4.932439938361791e-35,-3.77142903945423e-86,9.200338987668001e-57,-2.9082544343957806e-76,2.2559999999999696e-06,3.024376806625736e-20,6.18e-05,1.8625906464994804e-22,7.801726855432846e-50,7.608987964460407e-43,8.363118600058789e-54,1.1341101798795367e-90,6.907683078746021e-45,2.389410196628724e-33,-2.67619246477112e-69,1.444428010348008e-44,-2.991588995326657e-147,-6.595512410527996e-73,8.622730887138106e-57,-6.889704661198294e-72,1.847049468623017e-39,7.363805478712255e-45,2.8525909328907304e-97,8.054291302140428e-53,9.661764438966694e-40,0.00033400000000000004,2.5863264407719534e-21,2.702566535322593e-28,5.850585647125978e-45,7.732909639457116e-86,3.779974969997587e-57,1.2357843715827195e-60,6.59758055573055e-77,1.5087756532721706e-61,-1.6855761769130318e-91,1.5248922962522014e-23,3.431406666350249e-32,4.0422538378648076e-22,3.51e-06,3.380842142378983e-64,2.872063493505467e-56,8.700660410219066e-22,1.7799999999999993e-06,3.3936396863277065e-50,1.8001943266208042e-45,-1.615372746721562e-98,2.1271102987999266e-67,0.0,0.0,8.696895544219955e-38,7.044578171213723e-25,1.3767631575181135e-55,8.803898269791809e-26,4.200296224557986e-76,2.0905533564188594e-43,4.2002962245579803e-76,-1.6076916109609787e-104,1.2585323495870078e-63,1.997192605765482e-43,3.992581699956794e-29,7.161568340225575e-40,5.900050927883232e-61,2.818338516678206e-54,8.605255666121864e-58,2.6177129699018526e-48,3.228350713608915e-39,8.083510310356704e-69,2.1958431798796272e-85
3.023992532794805e-09,1.0000000005010413e-10,0.00017699999999999997,2.0462258885866065e-39,4.3724070819808994e-33,1.1368015470215588e-50,5.744734425127583e-42,3.063899672547819e-65,5.021907601368482e-53,1.6555075915449117e-123,2.9915507274175195e-103,2.6616026333758996e-116,3.7965412155564607e-67,1.17996408926856e-57,1.914672987456024e-83,1.0862602031938564e-68,2.015159266536759e-62,2.090516777735466e-144,-1.6318674548957435e-126,1.592962612181477e-95,2.8789073881708817e-115,5.142201342602481e-132,7.496092916561564e-116,4.768382835770364e-29,1.4714717342961544e-22,2.384115713437463e-29,9.756883503341507e-22,7.064368868773998e-102,2.407811800846728e-98,2.0811019619165553e-47,1.8609231415141083e-32,2.714355617421298e-137,4.759443487582487e-131,3.816133340332708e-98,8.70149174680904e-87,2.4078118008473906e-98,2.613119939501374e-85,5.298629615170983e-63,1.414459193688045e-61,8.082463322654374e-50,2.7272928951027434e-24,3.3899999999191784e-08,5.7212342837190314e-34,8.83776400198646e-28,1.3859778842122933e-33,1.386072000006393e-26,1.0098373455012749e-59,3.2143462815550976e-49,1.992770346751752e-35,0.00018232390000000106,0.5,4.941889309929337e-19,0.25,4.842615688047288e-19,1.2524711037809058e-29,2.449912083859463e-63,2.9859270827840233e-62,7.903163403226778e-48,2.771598410536966e-66,5.0683869995069716e-79,5.39323612950967e-64,5.5266748803678605e-71,3.58066046752324e-83,3.983192668579462e-40,7.288096379272445e-43,1.2043672390062335e-39,8.67902013064791e-25,0.0,7.760788728445496e-73,6.206483059747124e-92,1.2007170399483342e-29,4.1239298307485696e-54,5.689882399910516e-41,1.5176139417838568e-101,1.1926677054959589e-40,8.082152266342903e-19,2.6907945878719282e-45,6.430629018083341e-37,4.599409105689446e-48,1.9022557450005754e-44,1.1777952031491336e-35,6.638631510905175e-69,1.5751566508979958e-99,1.0191379277285458e-60,8.594544117175524e-45,0.10000000149011612,1.0492334147545723e-19,3.001805652569007e-31,2.6903539127130196e-45,7.880605841493302e-81,2.3251209008545045e-79,1.4221788059730471e-58,1.980231860808652e-76,1.2392085128570879e-37,3.132454529571593e-98,1.2398053483815266e-36,7.260514431313359e-35,4.187384640750079e-85,2.782175639781432e-56,3.229009434903592e-75,2.255999999999956e-06,4.3735034188071615e-20,6.180000000000001e-05,2.693462845779085e-22,1.6314741967345652e-49,1.5911646234750884e-42,2.529008899311398e-53,7.183622101725683e-90,9.99842675522716e-45,4.99663764468173e-33,3.0589716415351536e-68,4.3679395174014735e-44,-3.289803582062959e-147,7.322939680526943e-72,5.461612840106541e-56,7.64957876061381e-71,3.862474898453546e-39,1.5437592654981614e-44,1.8114952075116829e-96,2.435611675457471e-52,2.020428973570591e-39,0.00033400000000000004,3.740045719828012e-21,3.908138680343504e-28,1.2401367765094494e-44,4.963137612606813e-85,1.143061608339489e-56,3.7370028966212724e-60,4.178888502704353e-76,4.562526316858633e-61,1.8686326534382002e-90,2.2051226078579713e-23,7.175618379579133e-32,5.8454392788814585e-22,3.51e-06,1.0223747005059602e-63,8.685098558051908e-56,1.2581887272316298e-21,1.7799999999999988e-06,7.096641605451787e-50,3.764511912872202e-45,1.790347664417947e-97,6.43236566122297e-67,0.0,0.0,1.818659505586052e-37,1.0187052965064466e-24,4.163321507708467e-55,1.2731177906587211e-25,2.6604554975096746e-75,4.3716803475665765e-43,2.660455497509684e-75,2.1247768332375516e-104,3.805792427380316e-63,4.176448139273816e-43,5.773609186880647e-29,1.497598110805945e-39,1.784170997685258e-60,8.522634629209626e-54,2.602222887707617e-57,5.474771426859473e-48,6.750996010954171e-39,2.444845283364613e-68,1.3913658938983972e-84
4.372947726504e-09,1.0000000007245474e-10,0.0001769999999999999,2.959014862767449e-39,6.322868659598468e-33,2.37723326605884e-50,1.201315551933859e-41,9.256825395925222e-65,1.5186211012842405e-52,-4.317911990634814e-119,-2.0334077116200246e-99,-2.4182649375087174e-111,1.1480712276631638e-66,3.5682025930236795e-57,-7.575465977533578e-83,-4.27128478945256e-68,6.093826566007097e-62,2.9831419190975173e-139,-2.7133133071168996e-120,-6.302608535111619e-95,-6.7834412298738e-113,-1.967027942383462e-128,-2.1541147180140994e-113,6.895580597723504e-29,2.1278719789212315e-22,3.447631988792888e-29,1.4109274765248396e-21,-3.6178159817042653e-98,-9.18620078229813e-95,5.999982879685922e-47,3.8914869601998693e-32,-3.316935276338045e-132,-7.4540244460558e-126,-6.586631719266957e-95,-2.041038549099941e-84,-9.186200782296195e-95,-6.115953120564834e-83,-2.0834744552352158e-62,-5.561795818434928e-61,2.4441308735226503e-49,3.9438960707207626e-24,3.389999999883125e-08,8.273473315482118e-34,1.278015060614468e-27,2.0044005736249295e-33,2.0043767752580253e-26,3.053739927348757e-59,6.721710610466211e-49,2.8817136502019573e-35,0.00018232390000000158,0.5,7.146387892255215e-19,0.25,7.002829879153675e-19,2.6191167489144587e-29,-6.308231039478536e-63,-8.141724340595492e-62,2.3899107117693325e-47,-1.089820372193257e-65,-4.8865147070666886e-77,-1.388693895445624e-63,-2.1731444442872872e-70,-8.380461699809082e-81,8.329490876907485e-40,2.2039149030694145e-42,2.518523898896317e-39,1.2550593606589838e-24,0.0,-3.0516201887661213e-72,-1.4526145113759203e-89,2.5108907507207829e-29,-1.62157068775204e-53,1.1898451188269872e-40,-5.976850826879608e-101,2.521801087523415e-40,1.168747243738623e-18,5.627233228286785e-45,1.344747045777326e-36,1.3908578791468106e-47,3.9779202522110373e-44,2.462957535757927e-35,-2.6103766830414127e-68,-8.063008273623649e-96,3.0818654808503913e-60,1.797256194019701e-44,0.1000000014901161,1.51727982984883e-19,6.277254172001036e-31,5.625958932309567e-45,-3.0987335174091288e-80,6.642451724073674e-79,-5.592150107671489e-58,-4.634691674397208e-74,2.5913825569859117e-37,-7.351880043802622e-96,2.592630635199074e-36,1.0766546588851952e-34,-9.800487065121859e-83,8.413278359722189e-56,-7.557429732815904e-73,2.2559999999999366e-06,6.324454053613206e-20,6.18e-05,3.894973978967591e-22,3.4116990518352924e-49,3.3273907973565756e-42,7.647596478401678e-53,-2.827617302739989e-89,1.447808921081471e-44,1.0448765886821868e-32,-7.126649995833783e-66,1.3208616484994686e-43,-1.2443429767668979e-139,-1.7139188728439163e-69,-2.1475611021364872e-55,-1.7903680726102794e-68,8.07705077455542e-39,3.23995002212016e-44,-6.260007313175744e-96,7.365271519440739e-52,4.225039083728876e-39,0.000334,5.408420903810467e-21,5.651497472954328e-28,2.6437821849774264e-44,-2.9160260547198844e-84,3.4566097681818176e-56,1.1300666394369587e-59,-1.6431814826194204e-75,1.379704541035139e-60,-4.402482449440792e-88,3.188792892217559e-23,1.500536197999238e-31,8.452997197508745e-22,3.5099999999999994e-06,3.0915128781728613e-63,2.626367318641843e-55,1.819446799088305e-21,1.779999999999998e-06,1.4840208960651872e-49,7.872250758416264e-45,-4.2185164122012314e-95,1.9451425711488952e-66,0.0,0.0,3.803106959764817e-37,1.4731336013335025e-24,1.2589853151644257e-54,1.8410354813527473e-25,-1.0461178606195563e-74,9.141880546856928e-43,-1.0461178606197546e-74,-1.4435778146528757e-100,1.1508687882450814e-62,8.733618890336971e-43,8.349124839144879e-29,3.131716399178243e-39,5.39531973719157e-60,2.5772383479976476e-53,7.869102581184309e-57,1.145078589635724e-47,1.4117408913405872e-38,7.387898674902375e-68,-5.547941042612659e-84
6.3236504757711994e-09,1.0000000010477565e-10,0.00017699999999999988,4.278984547992531e-39,9.143400269153999e-33,4.971173743228639e-50,2.5121423352434065e-41,2.7933931466363367e-64,4.5922988186161495e-52,-4.200316739567819e-118,-2.01958936216765e-98,-2.416143035575141e-110,3.4717588128153166e-66,1.079021798358069e-56,-1.1637313348836385e-81,-6.576332027491807e-67,1.8427685973056512e-61,3.1694776503395434e-138,-2.738741539172456e-119,-9.681969415869314e-94,-6.689279804605812e-112,-1.93540732187291e-127,-2.1258355709793825e-112,9.971794178469851e-29,3.0770819806547175e-22,4.985566037643237e-29,2.040319886285211e-21,-3.592929224996144e-97,-9.038847408677245e-94,1.753066274251215e-46,8.13771962071934e-32,-2.9332217280328604e-131,-7.175481095660155e-125,-6.482751475895038e-94,-2.0126251413817717e-83,-9.038847408674752e-94,-6.03075474429708e-82,-3.207845169997783e-61,-8.563282259519966e-60,7.391033511357292e-49,5.7032077455163864e-24,3.389999999830989e-08,1.1964320698354061e-33,1.848117345983872e-27,2.8988663079985053e-33,2.898497521919111e-26,9.234482087947643e-59,1.4056168773284852e-48,4.1672004887054735e-35,0.00018232390000000228,0.5,1.0334278391082556e-18,0.25,1.0126681420747456e-18,5.476990665657509e-29,-1.1500993856702082e-61,-1.447142127357379e-60,7.22707214705097e-47,-1.677954344986824e-64,-4.884431896719592e-76,-2.5318286316838632e-62,-3.3459064224896445e-69,-8.263717552970204e-80,1.741829332429141e-39,6.664622210835866e-42,5.266634979658883e-39,1.8149214716221036e-24,0.0,-4.6984617692134375e-71,-1.4323788432418316e-88,5.250672849859835e-29,-2.4966697734323215e-52,2.4881558304552455e-40,-9.197011132314598e-100,5.357382058134799e-40,1.6901068857945944e-18,1.176850856965053e-44,2.8120804543897684e-36,4.2059438411346877e-47,8.31846610557207e-44,5.150436855843456e-35,-4.0190961820645406e-67,-8.007507748552328e-95,9.319538183763714e-60,3.758349233808398e-44,0.1000000014901161,2.1941143407109095e-19,1.3126739203039497e-30,1.1764777027770256e-44,-4.771000322589977e-79,1.7474117034689846e-78,-8.610017588094581e-57,-4.570128032815537e-73,5.418994049016283e-37,-7.249160246073037e-95,5.421603979479491e-36,1.6128156481309713e-34,-9.663961233738731e-82,2.544169093681969e-55,-7.452150845058239e-72,2.255999999999908e-06,9.145692879593912e-20,6.18e-05,5.6324602066009865e-22,7.13448649237786e-49,6.958140611831391e-42,2.3125522458489034e-52,-4.351915080719443e-88,2.0977361348374426e-44,2.1850035227836428e-32,-7.027597959019536e-65,3.994275762388252e-43,-1.2749353037126506e-138,-1.690043100391728e-68,-3.3065169037140096e-54,-1.7654273234502333e-67,1.6890400825870962e-38,6.810642674022839e-44,-9.839711899452617e-95,2.2272526077280756e-51,8.835230286505626e-39,0.000334,7.821031843950962e-21,8.172541022574952e-28,5.681156093700198e-44,-3.946625236188288e-83,1.0452762128038444e-55,3.4173113586803923e-59,-2.529942802641118e-74,4.172216157859322e-60,-4.341278754608469e-87,4.6112629171829263e-23,3.1378604078228715e-31,1.2223745421364324e-21,3.509999999999999e-06,9.34772863958066e-63,7.942115160146716e-55,2.631073211088476e-21,1.7799999999999974e-06,3.1033242803861875e-49,1.646230130343818e-44,-4.159958888753133e-94,5.882096599006853e-66,0.0,0.0,7.952902950209741e-37,2.130275178503193e-24,3.8071621924519316e-54,2.6622922627157713e-25,-1.6106672755926174e-73,1.911712963619707e-42,-1.6106672755928128e-73,-1.4337613425987547e-99,3.4802186223592637e-62,1.826338947280508e-42,1.207353724942325e-28,6.548918253922923e-39,1.6315406338268507e-59,7.793549520631951e-53,2.3796107445917926e-56,2.3951968918793553e-47,2.9521752657655246e-38,2.230391615503925e-67,-8.49862356522085e-83
9.144530838398738e-09,1.0000000015151438e-10,0.00017699999999999986,6.187771813864127e-39,1.322212637870477e-32,1.0395516814329882e-49,5.253290114274896e-41,8.447892229276242e-64,1.3887077341973873e-51,-1.4064123740290352e-117,-7.02279803813253e-98,-8.505622569532182e-110,1.0498572726404393e-65,3.2629538611137104e-56,-3.410635272738352e-81,-1.9262943311365474e-66,5.57251847861394e-61,1.2356814553679468e-137,-9.819058102637338e-119,-2.8375678706157544e-93,-2.2327677750911615e-111,-6.6104428546962955e-127,-7.143496821030451e-112,1.4420480799941052e-28,4.449719536403382e-22,7.209548118316039e-29,2.9504742856072046e-21,-1.2487985579746092e-96,-3.0874320795216854e-93,5.173020919470806e-46,1.7017269054831703e-31,-7.914624876148158e-131,-2.3540172090390947e-124,-2.2109604019115155e-93,-6.716384097694008e-83,-3.0874320795204536e-93,-2.0123717070869396e-81,-9.39620123529471e-61,-2.508298221416149e-59,2.2350430147903782e-48,8.247322771229673e-24,3.389999999755596e-08,1.730179517044247e-33,2.6725332352089177e-27,4.192703898325533e-33,4.191471378213881e-26,2.7925005427028598e-58,2.939369067195787e-48,6.026122656281607e-35,0.00018232390000000328,0.5,1.4944236371579916e-18,0.25,1.4644033678639093e-18,1.1453260632211376e-28,-3.364646145565319e-61,-4.234381575830685e-60,2.1854612206579022e-46,-4.91494939857418e-64,-1.6223782841644182e-75,-7.406931568617312e-62,-9.800600957459206e-69,-2.757477646545582e-79,3.642442819310682e-39,2.0153767799343516e-41,1.1013373357735979e-38,2.6245292066649278e-24,0.0,-1.3762413689533484e-70,-4.779631704854245e-88,1.097999399939009e-28,-7.313074779097705e-52,5.20313050720245e-40,-2.6943117749225895e-99,1.1456834658083566e-39,2.4440368100881064e-18,2.461305352890901e-44,5.880508536337058e-36,1.2718742768896544e-46,1.7395240861925515e-43,1.0770384556302627e-34,-1.1772462357066792e-66,-2.783153598806845e-94,2.8182213878851882e-59,7.859307442179756e-44,0.1000000014901161,3.172874011376617e-19,2.7450104357814283e-30,2.4602024327530583e-44,-1.397488868572955e-78,5.17942065366491e-78,-2.5219876149262198e-56,-1.5249826499168837e-72,1.1331980461235401e-36,-2.418938467487766e-94,1.1337438241758622e-35,2.449126164034672e-34,-3.2247177990032734e-81,7.693548341453417e-55,-2.4866701023726867e-71,2.2559999999998675e-06,1.3225441680625172e-19,6.18e-05,8.145011532856321e-22,1.491959019269333e-48,1.4550690150712035e-41,6.993149602375287e-52,-1.2748536935711972e-87,3.0420406150100813e-44,4.5691907027618443e-32,-2.3450107825604528e-64,1.2078660079329811e-42,-4.689704812590454e-138,-5.639418386634263e-68,-9.685223746163692e-54,-5.890964145128745e-67,3.5320520821448813e-38,1.4349160685756942e-43,-2.6457419023722206e-94,6.735195254411747e-51,1.847587505548388e-38,0.000334,1.1309870328416146e-20,1.181818218727639e-27,1.2341622223857864e-43,-1.1954662141133254e-82,3.1609074622236698e-55,1.0333924233986313e-58,-7.410536067688853e-74,1.2616750515035603e-59,-1.4489808801010635e-86,6.668274300059396e-23,6.561766355271657e-31,1.767656473024298e-21,3.509999999999998e-06,2.826757766943544e-62,2.401689693885686e-54,3.804753315994822e-21,1.779999999999996e-06,6.4895458124497904e-49,3.4425810432102e-44,-1.3885234914722089e-93,1.7787416193915854e-65,0.0,0.0,1.6630787933271437e-36,3.0805572094596495e-24,1.1512830041054782e-53,3.849898692283006e-25,-4.7178567050631377e-73,3.997696575124331e-42,-4.71785670506379e-73,-4.985630531810154e-99,1.0524155126451265e-61,3.819165910442362e-42,1.7459351072962785e-28,1.3694832108015329e-38,4.933766696701563e-59,2.356763555423313e-52,7.1959251225965685e-56,5.010719294487315e-47,6.173469121175051e-38,6.745124764021998e-67,-2.492505394907756e-82
1.3223761271250085e-08,1.0000000021910253e-10,0.00017699999999999978,8.948038862751721e-39,1.9120307638514355e-32,2.1738682943149594e-49,1.0985467121515805e-40,2.5588902358123606e-63,4.1994418560337365e-51,-2.95624503309833e-117,-1.6108014443129795e-97,-2.0032331435447171e-109,3.1747605578598596e-65,9.867148120453482e-56,-3.542133598835981e-81,-1.991370882731811e-66,1.6851254310769536e-60,3.5014553643512467e-137,-2.4002663822877845e-118,-2.9469714109761254e-93,-4.633116302135949e-111,-1.4564108589042587e-126,-1.508561973051569e-111,2.085412213737435e-28,6.434668974317682e-22,1.0425613397383732e-28,4.2666341530372336e-21,-2.8612781219701034e-96,-6.803160395748771e-93,1.5375009686262408e-45,3.5585822512857157e-31,-6.75517107194748e-131,-4.696510574635222e-124,-4.853094818070816e-93,-1.3929171733498518e-82,-6.8031603957441204e-93,-4.172558492548756e-81,-9.713635082744904e-61,-2.59303658979369e-59,6.758753386728571e-48,1.192633197024387e-23,3.389999999646571e-08,2.5020647607145502e-33,3.86470800082504e-27,6.064464919384464e-33,6.061220401870156e-26,8.4445041618548e-58,6.146689593653996e-48,8.714280576863701e-35,0.00018232390000000475,0.5,2.1610623623586678e-18,0.25,2.1176505260460884e-18,2.395059387825315e-28,-3.2152417047493456e-61,-4.0926676725511183e-60,6.6088184115364984e-46,-5.0809921715434836e-64,-3.308034572588696e-75,-7.078032652398299e-62,-1.013169774832432e-68,-5.717500763917836e-79,7.616928619203562e-39,6.094484332535903e-41,2.3030719460357783e-38,3.7952901347621245e-24,0.0,-1.4227352221419815e-70,-9.910342503683801e-88,2.2960917899976766e-28,-7.560133925103266e-52,1.0880575381783751e-39,-2.7886188415716633e-99,2.4725238591379852e-39,3.53428293748678e-18,5.147957404618334e-44,1.2297080829111307e-35,3.846138315666353e-46,3.637622814568276e-43,2.2522591138761526e-34,-1.2170173939730438e-66,-6.376704002377787e-94,8.522280445354094e-59,1.6435064902488764e-43,0.1000000014901161,4.588242875623016e-19,5.740254434731088e-30,5.144675497178594e-44,-1.4447005425832906e-78,1.6918515173022812e-77,-2.6071884540283017e-56,-3.161980107556493e-72,2.3696977707073694e-36,-5.015643777138337e-94,2.3708390795768256e-35,3.786013347651301e-34,-6.686301338504392e-81,2.3265232734746127e-54,-5.155994002999447e-71,2.2559999999998087e-06,1.912510183212965e-19,6.18e-05,1.1778372227535534e-21,3.119997203087132e-48,3.042814197156937e-41,2.1147777843709464e-51,-1.3189469567531404e-87,4.416901120657125e-44,9.554906186775846e-32,-4.862269739464582e-64,3.652577788264419e-42,-1.203872613418595e-137,-1.1693069923461797e-67,-1.0012421703102154e-53,-1.2214638273456634e-66,7.386083989123208e-38,3.0330013539536538e-43,-1.1486476610661231e-94,2.0367180155903593e-50,3.8636000194215376e-38,0.000334,1.6355024425964584e-20,1.7090086158976862e-27,2.7203627603375988e-43,-1.571494858293173e-82,9.558560562423042e-55,3.1249722199498696e-58,-7.66088948176249e-74,3.8152959865698904e-59,-3.006379719559436e-86,9.642885894694792e-23,1.3721699535550479e-30,2.556180040500181e-21,3.5099999999999977e-06,8.548807645136893e-62,7.262691700257238e-54,5.501993534259962e-21,1.7799999999999944e-06,1.3570674883484771e-48,7.199141204326618e-44,-2.8812628392908526e-93,5.37890138305843e-65,0.0,0.0,3.4777628874973865e-36,4.454745009626064e-24,3.481471207188405e-53,5.567277548143225e-25,-4.877241052996399e-73,8.359820857352273e-42,-4.877241052997748e-73,-1.1435191093185117e-98,3.1824966512883774e-61,7.986484818028587e-42,2.5247691178481837e-28,2.8638077190077747e-38,1.4919673837294365e-58,7.126835392397892e-52,2.1760423836832415e-55,1.04842026271707e-46,1.2909708116593663e-37,2.042407303994875e-66,-2.603483952983548e-82
1.912267181873642e-08,1.0000000031684067e-10,0.0001769999999999997,1.2939617348916068e-38,2.764957419274299e-32,4.545905169357686e-49,2.2972363085951326e-40,7.755138671211422e-63,1.2699080965409977e-50,-3.0374769671637304e-117,-2.36800271469043e-97,-3.1993638215432672e-109,9.600452240030346e-65,2.9838182274728967e-55,1.6474887929244669e-80,9.365268472174046e-66,5.095806737489335e-60,8.387708300814358e-137,-4.248183292357814e-118,1.370671676844376e-92,-4.4222826381112625e-111,-1.8505375466433543e-126,-1.5820419084615858e-111,3.0158683593302648e-28,9.305072930868192e-22,1.5076314485166811e-28,6.169912100035111e-21,-4.191327415028542e-96,-8.648938785466365e-93,4.593313464516186e-45,7.4415628020113635e-31,4.541031813683637e-130,-3.4928451492883307e-124,-6.073653278002968e-93,-1.3253701634310403e-82,-8.648938785450665e-93,-3.9652442827706085e-81,4.568250794449096e-60,1.2194859444791765e-58,2.0438419770571497e-47,1.7246498835997258e-23,3.3899999994889115e-08,3.618362596201931e-33,5.588693055505305e-27,8.772784380992275e-33,8.765034863825888e-26,2.553613106615132e-57,1.2853708687735279e-47,1.2601583196055073e-34,0.00018232390000000683,0.5,3.125078068844662e-18,0.25,3.0623008993037102e-18,5.00845100390047e-28,1.8209664698684465e-60,2.2590809143804587e-59,1.998501752529468e-45,2.3895530677296366e-63,-2.8294991172881317e-75,4.008675340161198e-61,4.764861423743624e-68,-5.433425861231256e-79,1.5928212045624108e-38,1.84296751097988e-40,4.816090598504079e-38,5.4883089776167535e-24,0.0,6.691018598015232e-70,-9.417945615386725e-88,4.801493979232366e-28,3.555475115841013e-51,2.275301772159028e-39,1.307763660424306e-98,5.402433456657149e-39,5.110870601633649e-18,1.0768149613495403e-43,2.571515643267032e-35,1.1630693545459929e-45,7.606851133986191e-43,4.709832865754059e-34,5.723542859246814e-66,-9.3402647756688e-94,2.5771312479812943e-58,3.436834111043194e-43,0.1000000014901161,6.634985382407771e-19,1.2003787142253752e-29,1.0758336639695757e-43,6.794319740788139e-78,5.675734572183727e-77,1.226141462707321e-55,-3.004876639883539e-72,4.955415819622636e-36,-4.7669738242660416e-94,4.95780247827656e-35,5.985912213004612e-34,-6.354091430178457e-81,7.035389006157932e-54,-4.899817648046662e-71,2.2559999999997235e-06,2.765650697512561e-19,6.18e-05,1.7032517605413597e-21,6.524632429013455e-48,6.3631091179817e-41,6.395291238224392e-51,6.191358105111181e-87,6.42454968102168e-44,1.99808320938392e-31,-4.620656384258081e-64,1.1045367955792782e-41,-2.3925527338660515e-137,-1.1112097949881924e-67,4.708767932571516e-53,-1.1607752096174697e-66,1.5445479122508636e-37,6.440355123566968e-43,2.3049110403366607e-93,6.159020070412414e-50,8.07940358181467e-38,0.000334,2.3650741891994128e-20,2.4713703029685292e-27,6.1106583653258315e-43,3.606445398623761e-82,2.890501576424471e-54,9.449897667911423e-58,3.602857778441079e-73,1.1537426782536617e-58,-2.8677678891150547e-86,1.3944424628314265e-22,2.869426126233694e-30,3.696451487699042e-21,3.5099999999999965e-06,2.585439326670326e-61,2.196232546899351e-53,7.95634574356702e-21,1.779999999999992e-06,2.8378444688138735e-48,1.5055021949425323e-43,-2.7501486562787473e-93,1.626575765010877e-64,0.0,0.0,7.272556628200486e-36,6.44193623130455e-24,1.0527942932232425e-52,8.050751922407271e-25,2.293730423571288e-72,1.7481718147517184e-41,2.293730423571162e-72,-1.6809527961686488e-98,9.623846107744197e-61,1.6701013098984294e-41,3.651028650661745e-28,5.98867849331869e-38,4.511698302994164e-58,2.155149700599799e-51,6.580335919122468e-55,2.194225210799564e-46,2.699625775785206e-37,6.187007496171346e-66,1.1942133028363456e-81
2.76529929712296e-08,1.0000000045817827e-10,0.00017699999999999956,1.871177581798697e-38,3.998361155077295e-32,9.50621243787884e-49,4.803887354639562e-40,2.3501247254933046e-62,3.840192645247208e-50,8.674172025460119e-117,5.540749584441265e-98,-8.00677485042966e-110,2.9031695942586376e-64,9.023044050316182e-55,1.29068645010436e-79,7.31704387579011e-65,1.5409681572546599e-59,1.7761199631917154e-136,-3.386674866810941e-118,1.0738205831926734e-91,1.559466534694498e-110,2.2013027712788274e-126,4.244484882133296e-111,4.361590059624164e-28,1.3455918648126466e-21,2.1801619707189395e-28,8.922212206615976e-21,1.0719655702213605e-96,1.0254944903825266e-92,1.3772877613090748e-44,1.5561494163970737e-30,3.262194244570006e-129,2.1580338541776835e-123,7.879595957240368e-93,4.7128255557681183e-82,1.0254944903875544e-92,1.414667913381103e-80,3.5691544965624584e-59,9.52779069887393e-58,6.180562876280404e-47,2.493992863272439e-23,3.389999999260923e-08,5.2328047460700775e-33,8.081720550099454e-27,1.269257868487774e-32,1.2674978151689478e-25,7.72211091192676e-57,2.687915654183225e-47,1.8222949988646259e-34,0.00018232390000000987,0.5,4.519125920014014e-18,0.25,4.428344848312738e-18,1.047346950371946e-27,1.3648262619104307e-59,1.702350055491518e-58,6.043454375905163e-45,1.8669474294187264e-62,1.306918061111716e-74,3.0045283480451855e-60,3.722765747477264e-67,1.9384665036877792e-78,3.3308430688285535e-38,5.573119990504981e-40,1.0071213230147264e-37,7.936556722685545e-24,0.0,5.227663759877468e-69,3.3600112668580292e-87,1.0040689371603453e-27,2.7778772591568063e-50,4.758018737706006e-39,1.0224585170880049e-97,1.1998891376002596e-38,7.390749062255676e-18,2.2526838249612356e-43,5.377449164827416e-35,3.517113042916563e-45,1.5907144202701885e-42,9.849011371064019e-34,4.471779168058127e-65,2.392603842554847e-94,7.793225664699371e-58,7.186968121003105e-43,0.10000000149011612,9.594747317901554e-19,2.510183257348173e-29,2.249739703304628e-43,5.308372519897798e-77,1.884661199835428e-76,9.57978997157369e-55,1.0720405260786015e-71,1.0362564479363772e-35,1.7001898796566238e-93,1.03675553626665e-34,9.724753512242247e-34,2.2669295055551264e-80,2.1274963819337756e-53,1.748092757110089e-70,2.2559999999996003e-06,3.999363688512161e-19,6.18e-05,2.4630454053605977e-21,1.3644714523205188e-47,1.3306576595272052e-40,1.9339951311209929e-50,4.839491183798889e-86,9.368529060772333e-44,4.178310528107903e-31,1.6485291019609277e-63,3.3401110216292456e-41,-3.231118800677587e-137,3.9644287441478e-67,3.678939926272498e-52,4.1412617378469283e-66,3.2298959188002467e-37,1.376375464226683e-42,1.4607918379895592e-92,1.862483070184817e-49,1.68953209207771e-37,0.000334,3.420096341401895e-20,3.573809469276656e-27,1.4054322816154063e-42,3.541649514124462e-81,8.74085518290914e-54,2.8576434585216976e-57,2.8148974970050567e-72,3.4889093046506756e-58,1.0129774549925003e-85,2.0164811690006088e-22,6.000427477929357e-30,5.345379974971883e-21,3.5099999999999948e-06,7.819183651661963e-61,6.641390821936934e-53,1.1505545616692562e-20,1.7799999999999885e-06,5.934385212544501e-48,3.1483872246022864e-43,9.698079469900458e-93,4.918752977065933e-64,0.0,0.0,1.5208075311970544e-35,9.315581995561387e-24,3.1836420808547787e-52,1.1642064897140257e-24,1.792081613669733e-71,3.6557059606316574e-41,1.7920816136697803e-71,3.939782390604234e-99,2.910243876251497e-60,3.492448127420735e-41,5.279694731378352e-28,1.2523281454459717e-37,1.36433421983175e-57,6.517156600773668e-51,1.989888668218129e-54,4.5939520822423995e-46,5.645347875758412e-37,1.874089454321117e-65,9.388085204674416e-81
3.998855533972139e-08,1.0000000066256431e-10,0.00017699999999999934,2.705880282587695e-38,5.781966776179328e-32,1.9879005743386296e-48,1.0045694314921721e-39,7.087374931490091e-62,1.1612713712443838e-49,-1.3818775689418367e-112,-6.492052419715408e-94,-7.524274717461906e-105,8.779163151307751e-64,2.728561778752424e-54,6.732051641854197e-80,4.656819721714618e-65,4.659876181409353e-59,9.443029238850987e-132,-8.615284857221259e-113,5.6009035902974483e-92,-2.2384081868690864e-108,-6.435646783570693e-123,-1.891128076126763e-108,6.308043081297242e-28,1.9458390923093596e-21,3.1526977131617844e-28,1.2902269816310128e-20,-1.1428879473866685e-92,-2.9237953570774976e-89,4.1403852970750146e-44,3.2541565132559654e-30,2.3346234328514118e-125,-2.2824745645178634e-118,-1.9990877965260756e-89,-6.463131562392788e-80,-2.9237953570716494e-89,-1.8964687331627166e-78,2.2715397018385254e-59,6.063832460372224e-58,1.8689975988494755e-46,3.6065318989624224e-23,3.3899999989312316e-08,7.567803572929021e-33,1.16868481425808e-26,1.8367908131369132e-32,1.8329085240206212e-25,2.335159036516686e-56,5.620860905854141e-47,2.6351919548589833e-34,0.00018232390000001432,0.5,6.535036447546844e-18,0.25,6.4037593755168435e-18,2.1901694427446574e-27,9.558967205196414e-60,1.1779051969913167e-58,1.8275360907053825e-44,1.1881932340895633e-62,-1.4769754387230747e-72,2.1043109149753967e-60,2.3692942071018013e-67,-2.598660150015976e-76,6.965323865217362e-38,1.6853073239090534e-39,2.10605124326247e-37,1.1476929026534483e-23,0.0,3.3270752684702337e-69,-4.5043478101068476e-85,2.0996682176341183e-27,1.7679421292267947e-50,9.94977571113912e-39,6.208150264901441e-98,2.721305177509822e-38,1.0687645208970412e-17,4.713418627206532e-43,1.1245103484072361e-34,1.0635723580149895e-44,3.326439196457399e-42,2.0595852921126165e-33,2.8460028573816338e-65,-2.536416585337063e-90,2.3566656158863192e-57,1.5029096368803868e-42,0.1000000014901161,1.3874812194532893e-18,5.249193367371193e-29,4.704564379202869e-43,3.378440159902273e-77,-1.0689498927906877e-74,6.0969267745809374e-55,-1.4371509509950627e-69,2.166977434365363e-35,-2.344638814681725e-91,2.1680211075001296e-34,1.6297468189488094e-33,-3.038989502510055e-78,6.433533172745722e-53,-2.343449808197114e-68,2.255999999999422e-06,5.783416512929592e-19,6.18e-05,3.5617709661870336e-21,2.8535293196382655e-47,2.7827083276166725e-40,5.848138181628787e-50,2.98671157026682e-86,1.3711002918098818e-43,8.737513426225983e-31,-2.2099611668471336e-61,1.0100470789668982e-40,-3.894672583652963e-130,-5.314614918506593e-65,2.3414111617698736e-52,-5.5516728233190547e-64,6.754227281353464e-37,2.967714171750826e-42,4.9382703919409305e-90,5.632134896856247e-49,3.5330809523778808e-37,0.000334,4.9457471725269564e-20,5.168029294469372e-27,3.3248329144405806e-42,-2.8314838783227167e-80,2.6432280804254247e-53,8.641486792297961e-57,1.791487555501366e-72,1.0550435447857698e-57,-1.4521010456380016e-83,2.916001494014724e-22,1.2547850452525631e-29,7.72986935495168e-21,3.5099999999999927e-06,2.3641902705987464e-60,2.00835162535622e-52,1.6637987363083134e-20,1.7799999999999834e-06,1.24097455926388e-47,6.584209393760953e-43,-1.3920310699986107e-90,1.4874272235676445e-63,0.0,0.0,3.1802509972461923e-35,1.3471115638985173e-23,9.627309881237187e-52,1.683540573287021e-24,1.1405459153406086e-71,7.644663961096094e-41,1.140545915334416e-71,-4.589486680041011e-95,8.800555751981631e-60,7.303265921637839e-41,7.634882968124195e-28,2.618817800357306e-37,4.125736407375967e-57,1.9707832899280497e-50,6.017408473989713e-54,9.623249673612125e-46,1.1805322398418503e-36,5.654989938646819e-65,3.5365035280266002e-81
5.78268167869447e-08,1.0000000095812375e-10,0.00017699999999999904,3.912930649496895e-38,8.361210639190344e-32,4.157017027384268e-48,2.1007148352404833e-39,2.0929172717335972e-61,3.511675510759365e-49,-2.8277293210528654e-111,-1.3548788082729314e-92,-1.5761947152567475e-103,2.654812321982796e-63,8.251150330798304e-54,-8.056300646153563e-78,-4.3922788379405396e-63,1.4091430272852114e-58,2.088807647470808e-130,-1.8204913913858602e-111,-6.7026523365911415e-90,-4.774457439963887e-107,-1.3323736137473064e-121,-3.9665535263433886e-107,9.123669182176826e-28,2.8138471046987878e-21,4.559066256767051e-28,1.86577681129822e-20,-2.3852495747721873e-91,-6.055317136277772e-88,1.2469213546325593e-43,6.804960051284398e-30,1.988179757034724e-123,-4.624010435295134e-117,-4.140820778602266e-88,-1.3798872706300756e-78,-6.055317136262269e-88,-4.051363839208206e-77,-2.1424925593915065e-57,-5.719343528023213e-56,5.6518347883216755e-46,5.2153660456868077e-23,3.389999998454471e-08,1.0945202199631015e-32,1.6900166081843868e-26,2.658950213103375e-32,2.650539998903596e-25,7.061463607298577e-56,1.175411854249417e-46,3.8107093811410037e-34,0.00018232390000002066,0.5,9.450212746407089e-18,0.25,9.260375047823135e-18,4.579993464471825e-27,-7.939936557148691e-58,-9.945176345781154e-57,5.526455496975039e-44,-1.1206914625784061e-60,-3.170248197514222e-71,-1.7478975252896334e-58,-2.234704274435159e-65,-5.551432289192684e-75,1.4565602625171827e-37,5.0963567718761684e-39,4.404088899566874e-37,1.6596605364361105e-23,0.0,-3.138062738813385e-67,-9.622490219936011e-84,4.3907409748094175e-27,-1.6675045419916968e-48,2.080656722009944e-38,-6.1998861709361256e-96,6.332209983223431e-38,1.545523452962043e-17,9.864667361325391e-43,2.3515304094214165e-34,3.216234872292222e-44,6.956119956339414e-42,4.306921187921261e-33,-2.6843202246106135e-63,-5.2934306738208915e-89,7.126539075373393e-57,3.1428237285784425e-42,0.1000000014901161,2.0064146251603675e-18,1.0976900162449087e-28,9.83799413363437e-43,-3.186510833136819e-75,-2.289393033845482e-73,-5.750557640737834e-53,-3.0701383537499003e-68,4.531495278487601e-35,-5.002682433376293e-90,4.5336777650054594e-34,2.824053287880267e-33,-6.492093416659616e-77,1.945495627983986e-52,-5.006234822762165e-67,2.2559999999991636e-06,8.36330705759583e-19,6.18e-05,5.150620604787338e-21,5.967795527524657e-47,5.819361998734664e-40,1.767827410534665e-49,-2.9244752896902486e-84,2.0168866629624386e-43,1.82715335196327e-30,-4.721067903534097e-60,3.054374828606037e-40,-8.340104847312128e-129,-1.1353437217296583e-63,-2.208394568290323e-50,-1.1859856232075732e-62,1.4124166014960737e-36,6.476591587616689e-42,1.1696049388452225e-88,1.7031533875954373e-48,7.3882355206570135e-37,0.00033399999999999993,7.151966685025802e-20,7.473405345111154e-27,8.119563068613163e-42,-8.489218746699426e-79,7.993101980005793e-53,2.6131643948096915e-56,-1.689730302677023e-70,3.1904431862261634e-57,-3.0968241540270905e-82,4.216783595013787e-22,2.6239555689924385e-29,1.1178041696640194e-20,3.5099999999999893e-06,7.140859887084608e-60,6.073240319997988e-52,2.4059930116871478e-20,1.779999999999976e-06,2.595075654888616e-47,1.3769931177803936e-42,-2.9691604734972726e-89,4.4979687195376905e-63,0.0,0.0,6.650411835786952e-35,1.948036704843424e-23,2.911291323434513e-51,2.4345413695256084e-24,-1.0757509984510491e-69,1.5986211063986679e-40,-1.0757509984523721e-69,-9.57787002047042e-94,2.6612814919572808e-59,1.5272293689886324e-40,1.1040683394856694e-27,5.4763655169039284e-37,1.2476193866204088e-56,5.959633961546294e-50,1.819659829744323e-53,2.0173837105002906e-45,2.468681115797781e-36,1.6782975497103753e-64,-6.143063309363015e-79
8.362244425442554e-08,1.0000000138552756e-10,0.0001769999999999986,5.658427088141119e-38,1.20910143805317e-31,8.692985359347092e-48,4.392929631684511e-39,6.299368362597545e-61,1.061928026061716e-48,-1.1028071914201048e-110,-5.456893704468935e-92,-6.41665043644473e-103,8.028132602011396e-63,2.49514169205607e-53,-2.9337637423539045e-77,-1.5949634397230632e-62,4.261237962524049e-58,9.297964247756622e-130,-7.526229522505713e-111,-2.4408223382209968e-89,-1.8634502322731733e-106,-5.282465399104185e-121,-1.5769666527045098e-106,1.3197165155852545e-27,4.069059748650014e-21,6.592793549528433e-28,2.6980703077265123e-20,-9.606429518184746e-91,-2.401952310288862e-87,3.759957257242617e-43,1.4230256322551742e-29,1.881364365667443e-122,-1.7704501548482653e-116,-1.6422644869880607e-87,-5.377152952317221e-78,-2.4019523102802055e-87,-1.5777071469045293e-76,-7.780009584490856e-57,-2.0768589028615632e-55,1.7091106199763598e-45,7.541894581892968e-23,3.389999997765035e-08,1.5830864825678692e-32,2.4439062624730653e-26,3.850912893712091e-32,3.8329039307342413e-25,2.135378975125962e-55,2.457974269316174e-46,5.5106065371164646e-34,0.00018232390000002987,0.5,1.3665803040687751e-17,0.24999999999999997,1.339128174381242e-17,9.577496482230131e-27,-2.885250332385855e-57,-3.6135782237263216e-56,1.6711960158775688e-43,-4.0695545388135893e-60,-1.2342553013623113e-70,-6.35158968758335e-58,-8.114857486397614e-65,-2.1618730745609902e-74,3.0458997160755427e-37,1.541134482785511e-38,9.209651995447941e-37,2.4000088262110216e-23,0.0,-1.1395212590846863e-66,-3.7472496164348894e-83,9.181739355089446e-27,-6.055190837356112e-48,4.3509849070365374e-38,-2.2530304510857627e-95,1.5181633487731501e-37,2.234956996389213e-17,2.0653260588169935e-42,4.917424969831812e-34,9.72587023962538e-44,1.4546371782307796e-41,9.006458819416732e-33,-9.747542405357317e-63,-2.1317317605338114e-88,2.155060086068356e-56,6.572145697225372e-42,0.1000000014901161,2.901444424338698e-18,2.2954448184044636e-28,2.0572814145058283e-42,-1.1571141682452364e-74,-8.921519137035263e-73,-2.0881936486784217e-52,-1.1955922535570576e-67,9.476079046230632e-35,-1.948127189067977e-89,9.480642972292658e-34,5.061022178887129e-33,-2.528191144806091e-76,5.883164251959738e-52,-1.9495589070173543e-66,2.255999999998791e-06,1.209404592998955e-18,6.18e-05,7.448230912575313e-21,1.2481458916349145e-46,1.2170046061231094e-39,5.3455172282344575e-49,-1.0624832417318806e-83,2.9880441764234112e-43,3.820868945774245e-30,-1.838507452430943e-59,9.23640667643767e-40,-3.5261638319756944e-128,-4.421325694821529e-63,-8.019318820816831e-50,-4.618538517664664e-62,2.9535882834281855e-36,1.436196298116112e-41,5.805612125898342e-88,5.150323126538023e-48,1.544997831750018e-36,0.00033399999999999993,1.034234579236149e-19,1.0807173155339299e-26,2.050771765036686e-41,-3.25359913635219e-78,2.4171080702773364e-52,7.9021809325667475e-56,-6.135899869020779e-70,9.647876009579364e-57,-1.208259709901197e-81,6.097823997578235e-22,5.487109408548171e-29,1.6164389129265902e-20,3.509999999999984e-06,2.158894424869007e-59,1.8365433378539275e-51,3.4792684030589565e-20,1.7799999999999652e-06,5.426716945770513e-47,2.879905151045545e-42,-1.158850577413606e-88,1.3601823763149736e-62,0.0,0.0,1.3907071367480645e-34,2.817025036860019e-23,8.803723225361916e-51,3.5205517312155165e-24,-3.906362726949297e-69,3.3429715872460533e-40,-3.9063627269544497e-69,-3.857279997430402e-93,8.047695361764375e-59,3.1936801895709504e-40,1.5965757481257887e-27,1.1451953347528207e-36,3.7727915781620174e-56,1.8021888603229848e-49,5.502637737686655e-53,4.233817491803089e-45,5.1624057740863114e-36,5.056466475739768e-64,-2.244357608462746e-78
1.2092509274456956e-07,1.0000000200358944e-10,0.00017699999999999796,8.182561880542024e-38,1.748462457385777e-31,1.8178418347358088e-47,9.18631622365733e-39,1.932023730109192e-60,3.211262660618539e-48,-2.577325482411524e-110,-1.367107093808079e-91,-1.6434164394328683e-102,2.4277013357240256e-62,7.545289906146969e-53,-4.4801921706493835e-77,-2.38090248396968e-62,1.2885952050388223e-57,2.7874080214567345e-129,-1.9864423892059818e-110,-3.7274146358406535e-89,-4.3357892730429036e-106,-1.280012870466211e-120,-3.837755931319448e-106,1.9091680372671456e-27,5.884202879448879e-21,9.53373440506018e-28,3.90163675564681e-20,-2.406475218066243e-90,-5.826473600278949e-87,1.1347657888720382e-42,2.975773457378662e-29,1.0296240819460568e-121,-3.962379486210976e-116,-3.9821411684943536e-87,-1.2462580456355914e-77,-5.82647360024479e-87,-3.6506080626798886e-76,-1.1613706481582003e-56,-3.100257066669175e-55,5.168337749517475e-45,1.0906290286908825e-22,3.389999996768053e-08,2.289941540425601e-32,3.5340941575914724e-26,5.580971358744981e-32,5.542701694805911e-25,6.4573915623141426e-55,5.140018156169388e-46,7.96880093619596e-34,0.00018232390000004318,0.5,1.976190142688236e-17,0.24999999999999997,1.9364920512203368e-17,2.002807199855542e-26,-4.2915159219281507e-57,-5.377460264435985e-56,5.053684270011527e-43,-6.074878364061628e-60,-2.8522505225091797e-70,-9.447342561607707e-58,-1.2113561178320754e-64,-5.0022916447624604e-74,6.369461888487292e-37,4.660379163175214e-38,1.9258850538633398e-36,3.4706147668560415e-23,0.0,-1.7010345946862763e-66,-8.670645685219655e-83,1.920048075249465e-26,-9.038961730228591e-48,9.098603080671377e-38,-3.383577485979471e-95,3.7613679518998902e-37,3.2319359279722574e-17,4.326385780911495e-42,1.0283119552646938e-33,2.941095896033596e-43,3.0418830780077023e-41,1.883394121311711e-32,-1.455076567850293e-62,-5.339289737548851e-88,6.516885688450857e-56,1.3743405141176155e-41,0.1000000014901161,4.1957328470197214e-18,4.800141055567319e-28,4.302103419756778e-42,-1.727296704237663e-74,-2.068735457918781e-72,-3.1171771441941625e-52,-2.766444158312361e-67,1.981599197946708e-34,-4.508257351511556e-89,1.9825535872875897e-33,9.362152205066584e-33,-5.849903765236133e-76,1.779064476391577e-51,-4.511024417386723e-66,2.2559999999982514e-06,1.74890083491373e-18,6.18e-05,1.077076880282895e-20,2.6106305943131866e-46,2.5452023623062953e-39,1.6168280311478044e-48,-1.5923794110318465e-83,4.47045616817807e-43,7.990046091975312e-30,-4.254065874617158e-59,2.793082479764362e-39,-9.700399470140213e-128,-1.0230369599956612e-62,-1.197093831863914e-49,-1.0686694287602254e-61,6.176423966387529e-36,3.250792152936419e-41,2.021864828263645e-87,1.5574538673885892e-47,3.2308367720649265e-36,0.0003339999999999999,1.495590250735998e-19,1.562808200957392e-26,5.355481312415897e-41,-6.935125192223757e-78,7.309316754223747e-52,2.389621564530321e-55,-9.159451750689892e-70,2.9175108323554293e-56,-2.8090747595161455e-81,8.817966743517062e-22,1.147442053279611e-28,2.3375067208853412e-20,3.509999999999977e-06,6.533024438213515e-59,5.553693338911449e-51,5.0313149546658624e-20,1.7799999999999495e-06,1.1348130391351742e-46,6.02352927742888e-42,-2.6963595734179855e-88,4.113181401780716e-62,0.0,0.0,2.908190331568699e-34,4.07365530492323e-23,2.6622393271345176e-50,5.091014121626802e-24,-5.83127174273374e-69,6.9906865278982214e-40,-5.831271742745661e-69,-9.66206221994361e-93,2.4336170658020564e-58,6.678494737546705e-40,2.308782916411346e-27,2.3947860140664335e-36,1.1408894757268442e-55,5.449805651428508e-49,1.663993542657208e-52,8.899390356960001e-45,1.0795413472202239e-35,1.5461865906513147e-63,-3.516072448247064e-78
1.7486786215901368e-07,1.0000000289735894e-10,0.00017699999999999707,1.1832673298319534e-37,2.528423899355915e-31,3.801397113373855e-47,1.9210051829605128e-38,5.969591373442285e-60,9.710835430153412e-48,-3.460093273377967e-110,-2.3080223049881928e-91,-2.947302847097272e-102,7.341350860097883e-62,2.281690062069828e-52,7.143906562297439e-77,4.260623069627494e-62,3.896702405120332e-57,6.908012128318721e-129,-3.839184502775599e-110,5.94356017600381e-89,-5.701914556762104e-106,-1.9523121884265787e-120,-5.931052237799798e-106,2.762379513166695e-27,8.509052621084719e-21,1.3786582447263694e-27,5.642095140175768e-20,-4.061723736400125e-90,-8.917550656787214e-87,3.426833891456685e-42,6.222816699871328e-29,4.4219449839986985e-121,-4.4166578874104935e-116,-6.0870155205701735e-87,-1.6134295503154814e-77,-8.917550656669588e-87,-4.694395871423296e-76,2.078275588852925e-56,5.547917541993299e-55,1.562901474737122e-44,1.577157250725389e-22,3.3899999953263335e-08,3.3128393328721964e-32,5.11059761617212e-26,8.096123328708144e-32,8.015213174745688e-25,1.952720469431975e-54,1.0748603759509835e-45,1.1523557010694206e-33,0.00018232390000006245,0.5,2.857737279510033e-17,0.24999999999999992,2.8003304951217546e-17,4.188189143941531e-26,7.826808736000938e-57,9.78224054537488e-56,1.5282303482296545e-42,1.087100958238482e-59,-3.647335932078013e-70,1.722993570082602e-57,2.167719240377145e-64,-6.432555034803224e-74,1.3319560238561731e-36,1.4092951766906271e-37,4.027332674919057e-36,5.018801067673145e-23,0.0,3.0440055090421405e-66,-1.1149770845662421e-82,4.015126620502897e-26,1.6175244117811635e-47,1.9026629552811312e-37,5.8786594778059745e-95,9.639634244708884e-37,4.673651375712394e-17,9.069720568167656e-42,2.1503642326846677e-33,8.893852018818661e-43,6.361077087292745e-41,3.9384773606622914e-32,2.6038630406626374e-62,-9.007766151396479e-88,1.9707014036518023e-55,2.8739653402696795e-41,0.1000000014901161,6.0673828441750924e-18,1.003786018369716e-27,8.996384119913858e-42,3.0910009706589005e-74,-2.68470118029558e-72,5.578196112567697e-52,-3.557430380663902e-67,4.143839833269939e-34,-5.800707974656616e-89,4.145835612450842e-33,1.7811719595928495e-32,-7.522517793007244e-76,5.37987769045951e-51,-5.800823868130343e-66,2.2559999999974713e-06,2.529057809163148e-18,6.179999999999998e-05,1.557543824302096e-20,5.460933825321337e-46,5.323185081326889e-39,4.890907091169964e-48,2.7945840446015195e-83,6.777469881603699e-43,1.670846015618609e-29,-5.470395309028986e-59,8.446260552076284e-39,-2.054356815688166e-127,-1.3155453567914733e-62,2.142202325202577e-49,-1.3742251353554406e-61,1.2915887169042357e-35,7.546292428789767e-41,6.142113126543897e-87,4.709728864101711e-47,6.756194755114167e-36,0.00033399999999999977,2.1627493826366005e-19,2.2599521987093337e-26,1.4425736847172502e-40,-5.600960724737469e-78,2.2103319278724558e-51,7.226235079115786e-55,1.6390769389859928e-69,8.822532526160842e-56,-3.6825015568627963e-81,1.2751522103729165e-21,2.39948425917889e-28,3.380231462190903e-20,3.5099999999999664e-06,1.9777139304902848e-58,1.67943271820165e-50,7.275704901290205e-20,1.779999999999927e-06,2.3730750153937164e-46,1.25997539771514e-41,-3.5459314503361014e-88,1.2438230091711776e-61,0.0,0.0,6.081489611290817e-34,5.890848438292609e-23,8.050591835001896e-50,7.362034920865698e-24,1.0435074994050299e-68,1.4618639987490794e-39,1.043507499403497e-68,-1.6304678045375837e-92,7.359239824267507e-58,1.3965798158868101e-39,3.338694430975477e-27,5.007879336724264e-36,3.450041817096922e-55,1.6480171572230073e-48,5.031904046268617e-52,1.8748551980810979e-44,2.2574930591300566e-35,4.7559695964756756e-63,4.855289810377389e-78
2.5287364699943266e-07,1.0000000418982486e-10,0.00017699999999999574,1.7111041749003773e-37,3.656313815327093e-31,7.949327490786566e-47,4.01712812017206e-38,1.8442226842413537e-59,2.936549727591069e-47,3.480292237877232e-110,-9.623529439075195e-92,-2.184158186377308e-102,2.2200190639248317e-61,6.899813797841064e-52,8.516949058309036e-76,4.8052128977715446e-61,1.1783599366208207e-56,1.504917566346905e-128,-4.284361278353781e-110,7.085900176704337e-88,6.582206235220409e-106,3.3907777675745e-121,5.603077685041255e-107,3.997899337039266e-27,1.2304806270422776e-20,1.9936558736489817e-27,8.158944452956363e-20,-1.6879575782598675e-90,1.3601944408677499e-87,1.0352913854083961e-41,1.301290176458452e-28,1.667266557016814e-120,1.071578409614698e-115,9.757452490692486e-88,2.0437846770322327e-77,1.3601944412481035e-87,6.17588145090643e-76,2.3439173287533405e-55,6.257043158612872e-54,4.726202384762767e-44,2.280735336447306e-22,3.389999993241485e-08,4.7935535755205134e-32,7.390354315175547e-26,1.1761144632469664e-31,1.1590672886763431e-24,5.905043058874929e-54,2.2477063268633715e-45,1.666403364166998e-33,0.0001823239000000903,0.5,4.132528638448761e-17,0.24999999999999986,4.049513590524593e-17,8.758171182720708e-26,8.750923167520946e-56,1.0950004036707288e-54,4.621357157349238e-42,1.2260523986496489e-58,4.9481287737444553e-70,1.9264281074202267e-56,2.444796398631767e-63,8.462579241196316e-74,2.7853323884284236e-36,4.261698083903185e-37,8.421794665925921e-36,7.257608766000762e-23,0.0,3.4330852565008467e-65,1.4668482264791882e-82,8.396269855412469e-26,1.8242736896201917e-46,3.978771564247511e-37,6.722875498194954e-94,2.5522617702779535e-36,6.758493257106857e-17,1.903444738811451e-41,4.4967544223050835e-33,2.6894942065009664e-42,1.330207052158325e-40,8.235984037394026e-32,2.93668449884969e-61,-3.721008670868916e-88,5.959386444874316e-55,6.009920381143945e-41,0.10000000149011609,8.773946273519064e-18,2.099076586667147e-27,1.8812873476237555e-41,3.48608794082957e-73,3.352455380075433e-72,6.291191859100152e-51,4.680105587908043e-67,8.665429710924257e-34,7.60572571858901e-89,8.669603200092435e-33,3.469331260209536e-32,9.896518989630342e-76,1.6268709958668184e-50,7.631482660110493e-66,2.255999999996343e-06,3.657230458354835e-18,6.179999999999998e-05,2.2523394651462954e-20,1.1424790929765488e-45,1.1133930442964159e-38,1.4795072086103347e-47,3.180736028728818e-82,1.0455543184647937e-42,3.4940053851720227e-29,7.196775584407157e-59,2.554142880818398e-38,-3.1592477240312645e-127,1.7307130336903207e-62,2.4160150679389288e-48,1.8079113288795583e-61,2.70091791417278e-35,1.8043559117902679e-40,1.7639909128607534e-86,1.4242184913298258e-46,1.4128280315018252e-35,0.00033399999999999966,3.127517639760135e-19,3.2680810982860563e-26,3.9923644065616065e-40,3.1675874290096094e-77,6.684027243079971e-51,2.1852195415950525e-54,1.8485858650034456e-68,2.6679277250484497e-55,4.333799348012524e-81,1.8439774234964908e-21,5.017704111712664e-28,4.888099202409e-20,3.5099999999999516e-06,5.9871351745174896e-58,5.078591997858538e-50,1.0521281670422049e-19,1.7799999999998944e-06,4.962478288054102e-46,2.6358962399962625e-41,4.0933716568903246e-88,3.7613115675569284e-61,0.0,0.0,1.2717364296906699e-33,8.51866265365128e-23,2.4344929560589246e-49,1.0646122143670065e-23,1.176886893513657e-67,3.056990671434855e-39,1.1768868935138589e-67,-6.757910878508809e-93,2.2254286243717757e-57,2.9204713322353365e-39,4.828033175245129e-27,1.0472274059346324e-35,1.0432902416555521e-54,4.983591570341357e-48,1.5216440257527435e-51,3.962505824156598e-44,4.7207778794550927e-35,1.4628468089710506e-62,6.23243989299966e-77
3.6567657748709683e-07,1.0000000605883939e-10,0.0001769999999999938,2.4744007044727604e-37,5.287337614233662e-31,1.662331138594771e-46,8.400455415724396e-38,5.652862833560074e-59,8.880105119461846e-47,-1.1235128134293815e-106,-5.292327447274899e-89,-5.984709806783099e-99,6.713321154234136e-61,2.0864985573576057e-51,3.6987894602901414e-75,2.137543749480091e-60,3.56335172530502e-56,7.930220485901944e-125,-6.867727539627501e-106,3.0773050339189966e-87,-2.138739949839326e-104,-6.399139582704114e-118,-1.2740651656912438e-103,5.7881287821100134e-27,1.7793785516643377e-20,2.882994222034862e-27,1.179852039266269e-19,-9.306766471285982e-88,-2.270627010241997e-84,3.1286627767314925e-41,2.721205210855154e-28,9.27619526759191e-117,-1.8239112888907212e-111,-1.7271839552874814e-84,-4.091554179672975e-76,-2.2706270101964067e-84,-8.806148701700694e-75,1.0426650801418364e-54,2.7833747926170504e-53,1.4292000711560125e-43,3.298204699674781e-22,3.3899999902266175e-08,6.937965252538334e-32,1.0687074398388849e-25,1.7119416970198204e-31,1.6761088581150606e-24,1.7856866333474994e-53,4.700318082967675e-45,2.409759582822342e-33,0.00018232390000013054,0.5,5.975984242149838e-17,0.24999999999999986,5.855937483343854e-17,1.8314732169423418e-25,3.888767685828403e-55,4.8666756176579345e-54,1.3974949527246348e-41,5.4539552550860985e-58,-6.80463572139711e-69,8.560732658585327e-56,1.08753942935808e-62,-1.2066737026598112e-72,5.824574066316078e-36,1.2887343169294771e-36,1.76113152589963e-35,1.0495113132691182e-22,0.0,1.527169096588763e-64,-2.0915692699707467e-81,1.755793879642916e-25,8.115074940281804e-46,8.32024564051492e-37,2.9724517616929715e-93,6.959439014785237e-36,9.773350089464973e-17,4.001034797195867e-41,9.403430368543841e-33,8.133010392066604e-42,2.781688387635826e-40,1.7222755609590533e-31,1.3063508427113438e-60,-1.9801925537722747e-85,1.802114033456505e-54,1.256770369195769e-40,0.1000000014901161,1.2687864798988919e-17,4.38950377205736e-27,3.9340717809441506e-41,1.5507466737039208e-72,-8.64642402080234e-70,2.7985654605466194e-50,-6.673331668893197e-66,1.8120794988239826e-33,-1.609520723212125e-87,1.8129522409548187e-32,6.88561905472949e-32,-1.4111381889013198e-74,4.919645742420431e-50,-1.0881680522867906e-64,2.2559999999947116e-06,5.2886630653740586e-18,6.179999999999997e-05,3.2570724409846407e-20,2.3906504870086832e-45,2.3289784193161734e-38,4.474992950449535e-47,1.409256235410853e-81,1.6490617832511385e-42,7.306522272986096e-29,-1.02618349769036e-57,7.723708993187473e-38,-3.093874957283975e-121,-2.467812543559304e-61,1.0747369442685938e-47,-2.5778889029757575e-60,5.648049943161194e-35,4.457543097974813e-40,3.902564501029205e-84,4.306826082220345e-46,2.954448648787903e-35,0.0003339999999999995,4.522653739873502e-19,4.7259203425358995e-26,1.1299218829705938e-39,-4.444126925012648e-77,2.0212448468559228e-50,6.608109859924638e-54,8.223215439939669e-68,8.067794447118082e-55,-1.3810017196833923e-79,2.6665465586810382e-21,1.049281921638878e-27,7.068602869315012e-20,3.5099999999999295e-06,1.8117786296002793e-57,1.5357624276077195e-49,1.521465885301252e-19,1.7799999999998479e-06,1.0377333563596055e-45,5.515365780350405e-41,-1.3300476331366212e-86,1.1374178240729446e-60,0.0,0.0,2.659403616410694e-33,1.2318703176196962e-22,7.361888513834257e-49,1.539518868220615e-23,5.23524807842834e-67,6.392654836323202e-39,5.2352480784254634e-67,-3.586917331203033e-90,6.729679536156955e-57,6.107172025622807e-39,6.981742371993899e-27,2.1899194571235753e-35,3.154902235800504e-54,1.507034368155122e-47,4.601440170644531e-51,8.412890445351965e-44,9.87189913889252e-35,4.471603041113257e-62,2.6245822534457272e-76
5.287991093946486e-07,1.000000087615917e-10,0.00017699999999999105,3.5781917828368025e-37,7.6459354080597885e-31,3.4761995147615454e-46,1.7566691789090337e-37,1.341601040324432e-58,2.685333907212218e-46,-1.805521915285044e-104,-8.81559897026435e-87,-9.801169053517276e-97,2.0301027646641154e-60,6.309555227473256e-51,-6.678312264314236e-74,-2.6684830636507277e-59,1.0775545327188627e-55,1.3600819534019288e-122,-1.1315949200164394e-103,-5.5562043022609234e-86,-4.744974820494186e-102,-1.0584459013097916e-115,-2.148521934934451e-101,8.384403689484878e-27,2.5731311478034918e-20,4.169052356495791e-27,1.7061653527013595e-19,-1.5503318678447062e-85,-3.7893185722378253e-82,9.456764731132045e-41,5.690473909109559e-28,2.30093397575274e-114,-2.8969923338168257e-109,-2.8725589090075834e-82,-1.0387723875633333e-73,-3.7893185721471576e-82,-2.5391341957962396e-72,-1.3016412784710959e-53,-3.4747068530183095e-52,4.321890383918549e-43,4.769626805122639e-22,3.389999985866866e-08,1.0045602898124095e-31,1.5454409145772417e-25,2.4989934395644062e-31,2.4237944882347428e-24,5.399611402807802e-53,9.829132044944225e-45,3.484715307572503e-33,0.00018232390000018874,0.5,8.64177620914698e-17,0.24999999999999978,8.468178466114796e-17,3.8299024683960226e-25,-4.841548335388167e-54,-6.061267336939602e-53,4.2260143401870825e-41,-6.808603595292466e-57,-1.979969947899099e-66,-1.0658183797144145e-54,-1.3576743778548117e-61,-3.479280737587281e-70,1.2180112935508244e-35,3.897123016311748e-36,3.6828067820309364e-35,1.517681693865697e-22,0.0,-1.9064860049905006e-63,-6.030757824879197e-79,3.6716449083638262e-25,-1.0130689350717057e-44,1.739896005380157e-36,-4.126724232120597e-92,1.9458976874771745e-35,1.413308681253734e-16,8.429181735495659e-41,1.966407198554123e-32,2.4594162955658097e-41,5.8169943339415514e-40,3.601552763977551e-31,-1.6308210762500491e-59,-3.3009434822370136e-83,5.449578284041865e-54,2.628107822411409e-40,0.1000000014901161,1.834772041439157e-17,9.179152142460113e-27,8.226771327295432e-41,-1.9359212893149093e-71,-1.4459022465652959e-67,-3.493670445166091e-49,-1.9241651815924354e-63,3.789347118485049e-33,-3.969091692954987e-85,3.791172158424871e-32,1.3864880035686056e-31,-4.068826552242265e-72,1.4876972032724025e-49,-3.137585842117671e-62,2.2559999999923526e-06,7.647851929908115e-18,6.179999999999996e-05,4.710000889512799e-20,5.003902044865651e-45,4.872370059129815e-38,1.3485163967198456e-46,-1.8890207475004526e-80,2.6718804420674678e-42,1.5279102868129611e-28,-2.9588616797615324e-55,2.335643861622734e-37,-5.15807764287249e-119,-7.11560432316845e-59,-1.3416790928035513e-46,-7.432994890523762e-58,1.1810972852245443e-34,1.1390894262834825e-39,7.100130648822944e-82,1.3023809943158753e-45,6.178223126387133e-35,0.0003339999999999993,6.540137961499243e-19,6.834078599823963e-26,3.255090458339375e-39,-4.19433577359665e-74,6.112229340849277e-50,1.9981795644993257e-53,-1.0265906574018132e-66,2.4396905190481828e-54,-3.0682715117846398e-77,3.856050762340708e-21,2.1942157728404994e-27,1.0221794700783536e-19,3.5099999999998978e-06,5.417132064574865e-57,4.644134125623241e-49,2.2001677292245175e-19,1.7799999999997799e-06,2.1700659871871787e-45,1.1543447538200652e-40,-2.950823566539622e-84,3.4395422864801114e-60,0.0,0.0,5.561236927311803e-33,1.7813881590790235e-22,2.2262296204486905e-48,2.2262738614438063e-23,-6.535574010524862e-66,1.3368060365877986e-38,-6.535574010607793e-66,-5.979024561571924e-88,2.0350500966249353e-56,1.2771072993061614e-38,1.0096187181044528e-26,4.5794707072714526e-35,9.540384554381407e-54,4.557260742123439e-47,1.391472075504914e-50,1.7975711166422932e-43,2.064371489036789e-34,1.1199098188549743e-61,-6.666462055886462e-75
7.646880202668737e-07,1.0000001266999903e-10,0.00017699999999998704,5.174366693622142e-37,1.1056666546579502e-30,7.269287646804591e-46,3.673475395070733e-37,3.550252160181665e-58,8.120425206063672e-46,-8.540323158598739e-104,-4.291967327098853e-86,-4.813021163456354e-96,6.139014816627801e-60,1.9080046750013307e-50,-3.1628699447590247e-73,-1.2636315321873778e-58,3.2585163533737965e-55,7.221145912640375e-122,-5.631450147128596e-103,-2.631436056909189e-85,-2.272903230599357e-101,-5.066389255908879e-115,-1.0425389457794859e-100,1.2154419989145311e-26,3.72096420507163e-20,6.028800724115454e-27,2.467258700462489e-19,-7.547931012778972e-85,-1.8199819525936499e-81,2.8588218688004533e-40,1.1899688111261416e-27,1.793309259132964e-113,-1.3499351537197207e-108,-1.3791969479445062e-81,-4.942074105490706e-73,-1.819981952533884e-81,-1.2029284019962023e-71,-6.163782639602493e-53,-1.6454101550480142e-51,1.3069364304837297e-42,6.897585458782033e-22,3.3899999795622986e-08,1.455338934120889e-31,2.2348376507103015e-25,3.6626496173720416e-31,3.505010845444789e-24,1.6327982771280766e-52,2.0554335308044737e-44,5.0391919000722835e-33,0.00018232390000027293,0.5,1.2496735776055715e-16,0.2499999999999997,1.2245698774524379e-16,8.008936616638902e-25,-2.293100714573878e-53,-2.8707216325068914e-52,1.2779435861290694e-40,-3.224141192698972e-56,-9.380211894533992e-66,-5.048031577546883e-54,-6.429121397450933e-61,-1.6483278545950166e-69,2.5470557921066805e-35,1.1784870990479999e-35,7.701336097075773e-35,2.194695468595703e-22,0.0,-9.027959956925721e-63,-2.857103768297732e-78,7.677994826463627e-25,-4.79727926415805e-44,3.638399922028833e-36,-1.9542532773286717e-91,5.552656364850387e-35,2.0437633041007443e-16,1.7815399828466155e-40,4.112070932407827e-32,7.437256548769422e-41,1.2164384840195589e-39,7.531420989011417e-31,-7.722578258968792e-59,-1.606100913977194e-82,1.6479482525729503e-53,5.495794321066158e-40,0.10000000149011609,2.653234801426191e-17,1.9195070404529e-26,1.7203490544371186e-40,-9.167347591713218e-71,-6.832018020911744e-67,-1.6543901606513053e-48,-9.115835429763043e-63,7.924128934087165e-33,-1.8792226819639584e-84,7.927945374511288e-32,2.822139741585134e-31,-1.927628336359931e-71,4.498785239768905e-49,-1.4864480683656639e-61,2.255999999988941e-06,1.1059437596758777e-17,6.179999999999993e-05,6.811057714140245e-20,1.0478081238973001e-44,1.0195267740984426e-37,4.0714034411540806e-46,-8.945524023003438e-80,4.465965521987183e-42,3.195103984935607e-28,-1.4017765429542296e-54,7.0629696375047555e-37,-2.617885640935525e-118,-3.3710555975616224e-58,-6.353377414217651e-46,-3.521421076462058e-57,2.469862715809667e-34,3.0078210454481135e-39,4.1624516004856356e-81,3.938390405864066e-45,1.2919649496014455e-34,0.000333999999999999,9.457589943021426e-19,9.882652893103859e-26,9.505051240673805e-39,-1.987062882167753e-73,1.848333590888781e-49,6.042331398880287e-53,-4.861309974617111e-66,7.377599715875273e-54,-1.4671130996995972e-76,5.576173959287682e-21,4.58845497579692e-27,1.4781575487645432e-19,3.5099999999998525e-06,1.6296401281242819e-56,1.4043826934252673e-48,3.1816277206630344e-19,1.7799999999996816e-06,4.5379542428371414e-45,2.416924279451447e-40,-1.4134819615472625e-83,1.040114919583184e-59,0.0,0.0,1.1629432993351981e-32,2.5760372048201285e-22,6.732101791422276e-48,3.219379383967738e-23,-3.0948509617540508e-65,2.7954745309696623e-38,-3.0948509617933407e-65,-2.9091521242001605e-87,6.153976337498996e-56,2.6706357694602073e-38,1.4599936588910028e-26,9.576403321406771e-35,2.885002926737731e-53,1.3781122545323733e-46,4.207801171281029e-50,3.8748315434948526e-43,4.316929888080203e-34,3.066564426201981e-61,-3.1575336854336653e-74
1.1058032397389417e-06,1.0000001832188498e-10,0.00017699999999998126,7.48257018653224e-37,1.5988871286679158e-30,1.520124020317355e-45,7.681822957508447e-37,1.2291603955445333e-57,2.4556118931675638e-45,-2.2147275505607829e-103,-1.1805661577945692e-85,-1.3468202773100123e-95,1.8564337000711258e-59,5.769792240575682e-50,-6.676153462147414e-73,-2.4192128693366412e-58,9.853730677774775e-55,2.3118801384764614e-121,-1.615935339589892e-102,-5.554409804030273e-85,-6.019904578840598e-101,-1.3465553477661579e-114,-2.848021912388342e-100,1.763877004573948e-26,5.3808274054591623e-20,8.718153520844356e-27,3.567863736342745e-19,-2.076150444340363e-84,-4.870508600335546e-81,8.643180738486352e-40,2.488414485618222e-27,8.579897128759489e-113,-3.387439957716904e-108,-3.6885627768507524e-81,-1.2877649012331665e-72,-4.870508600086432e-81,-3.1010940259536252e-71,-1.1800487874579386e-52,-3.150117983641598e-51,3.952165989333351e-42,9.975124106365401e-22,3.3899999704453634e-08,2.110105500731798e-31,3.231763368693848e-25,5.3987463820126765e-31,5.0685407118286425e-24,4.9376931450970436e-52,4.2982552890369093e-44,7.287096178324073e-33,0.00018232390000039465,0.5,1.8071331790913736e-16,0.24999999999999956,1.770831104508013e-16,1.6747963220713376e-24,-4.389256219740613e-53,-5.495033826682418e-52,3.864491845491586e-40,-6.172579588963271e-56,-2.4179414658040754e-65,-9.662507983413976e-54,-1.2308514607172881e-60,-4.2493133142500624e-69,5.326299716964018e-35,3.5637361599569337e-35,1.6104721528966775e-34,3.173714368475735e-22,0.0,-1.7283921105750392e-62,-7.365481959821893e-78,1.6055911170702756e-24,-9.18433342208756e-44,7.60847426978406e-36,-3.866725941672722e-91,1.609750411397237e-34,2.9554537478829965e-16,3.782527815019073e-40,8.598995849777468e-32,2.249020815760949e-40,2.5438037903923033e-39,1.5749401941793523e-30,-1.4784783396896824e-58,-4.4122988375451016e-82,4.983383672947404e-53,1.1492587780974755e-39,0.10000000149011608,3.8368008409247214e-17,4.013995208143313e-26,3.5975241868003916e-40,-1.7550781671959344e-70,-1.7661928487990656e-66,-3.16731006042775e-48,-2.3500203938865534e-62,1.6570616895321618e-32,-4.847711400895564e-84,1.6578597653332114e-31,5.789866338234351e-31,-4.96933709260063e-71,1.3604292953247626e-48,-3.831994663707939e-61,2.2559999999840077e-06,1.5992877618125448e-17,6.17999999999999e-05,9.84936271985526e-20,2.19540502229078e-44,2.133917846733279e-37,1.233184860476268e-45,-1.7516960102545677e-79,7.722715010198674e-42,6.681471780865026e-28,-3.6137153832036926e-54,2.1358367318255226e-36,-7.781836939918758e-118,-8.690426111873237e-58,-1.2163464704135342e-45,-9.078061391838756e-57,5.164876688193307e-34,8.18225824285014e-39,1.5277950340246237e-80,1.1909663165672914e-44,2.7017046756904218e-34,0.0003339999999999986,1.3676471042024615e-18,1.4291147942092426e-25,2.8035726843913655e-38,-5.084577553337653e-73,5.589346969768476e-49,1.8272421480345214e-52,-9.30698479111389e-66,2.2309825471388793e-53,-3.871077532770509e-76,8.063616881784607e-21,9.595190821186039e-27,2.1375402294101307e-19,3.5099999999997864e-06,4.954103734514471e-56,4.2468427728637013e-48,4.600901476020237e-19,1.7799999999995395e-06,9.489586701825669e-45,5.063262200052743e-40,-3.743681700386697e-83,3.145300053166945e-59,0.0,0.0,2.4318998363057935e-32,3.7251665988094856e-22,2.0357825415577634e-47,4.6554935561583503e-23,-5.925054957722339e-65,5.845782881239706e-38,-5.925054957823629e-65,-7.992112843543602e-87,1.860957836436788e-55,5.584727594735639e-38,2.1112737465642177e-26,2.0025786048651995e-34,8.72423417968325e-53,4.167401139078168e-46,1.2724359304978922e-49,8.453140693565455e-43,9.027388605138925e-34,1.0255762819079904e-60,-7.066384218942826e-74
1.5990845581579638e-06,1.0000002649498777e-10,0.00017699999999997291,1.0820427185323848e-36,2.312125539355987e-30,3.178821925968434e-45,1.6063917284584653e-36,4.644071325825167e-57,7.425760219960891e-45,-3.5428162079910855e-103,-2.232503493568364e-85,-2.6575164248715635e-95,5.613842922288065e-59,1.744781074223807e-49,-1.93947125086882e-73,1.0395288977518174e-58,2.9797617269857985e-54,5.937460609632878e-121,-3.3779843045185036e-102,-1.6136073503633556e-85,-1.0249175008852697e-100,-2.3203576767406285e-114,-5.290942567602764e-100,2.5637750989366044e-26,7.78112927692502e-20,1.260718428541005e-26,5.159431244038259e-19,-3.926022804677556e-84,-8.558065882495315e-81,2.613299245655143e-39,5.203671380798433e-27,3.375567106568253e-112,-4.8414116926062026e-108,-6.469806989183963e-81,-2.0850895146368353e-72,-8.558065881616973e-81,-4.848226995162892e-71,5.070842727869874e-53,1.3536519572571182e-51,1.1951320337088365e-41,1.4426196881174064e-21,3.389999957261508e-08,3.063023087252627e-31,4.673401891952859e-25,8.020855945597998e-31,7.329536518639629e-24,1.4932282289671975e-51,8.988385717352202e-44,1.0537755570913183e-32,0.0001823239000005707,0.5,2.613266686571768e-16,0.24999999999999936,2.5607708077634054e-16,3.502266095416446e-24,1.8942002906059874e-53,2.3700347343246737e-52,1.1686194386698804e-39,2.6524481618765817e-56,-3.778845837197329e-65,4.1698923633483603e-54,5.2888482748734996e-61,-6.64334441683636e-69,1.1138141835296183e-34,1.0776711372321742e-34,3.367754012936798e-34,4.589458097000835e-22,0.0,7.427153347155166e-63,-1.1515138976905942e-77,3.357546976691118e-24,3.9466438972201106e-44,1.5910532632987807e-35,6.909768456599775e-92,4.722812132316463e-34,4.273834854291557e-16,8.082368383419294e-40,1.798187111860912e-31,6.80102208719917e-40,5.319611132262261e-39,3.293451020255945e-30,6.353238127986353e-59,-8.317312171923037e-82,1.5069717775161419e-52,2.403285047620822e-39,0.10000000149011606,5.548336952691586e-17,8.39390382421878e-26,7.522996759771722e-40,7.541791526367903e-71,-2.7961868249627386e-66,1.361039924759683e-48,-3.6740041378988375e-62,3.46518016933512e-32,-7.60127959149734e-84,3.4668490647982314e-31,1.1946038077739895e-30,-7.769024147137693e-71,4.11392801945558e-48,-5.990911503760297e-61,2.255999999976873e-06,2.3127047127892697e-17,6.179999999999986e-05,1.424300747657096e-19,4.603857958877915e-44,4.468183073920446e-37,3.741033971874896e-45,4.500310143297608e-80,1.382830703670309e-41,1.3972022603581185e-27,-5.649655390996785e-54,6.458754253865978e-36,-1.7510518471720035e-117,-1.3586546684494216e-57,5.226819897123734e-46,-1.4192572751558486e-56,1.0800580547848419e-33,2.2833085110425998e-38,4.7296915253437464e-80,3.6014732404274413e-44,5.649695183801141e-34,0.0003339999999999979,1.9777328158752598e-18,2.0666202896307474e-25,8.330038055785304e-38,-7.730761925809597e-73,1.6902143456912635e-48,5.525838632405642e-52,3.998842952055013e-66,6.7464858988450215e-53,-6.517408906388363e-76,1.1660668711361459e-20,2.0065073590930606e-26,3.09106308469326e-19,3.5099999999996907e-06,1.5136620962152314e-55,1.2842420801862439e-47,6.653290784002495e-19,1.7799999999993341e-06,1.984424145740192e-44,1.0615571168770814e-39,-6.373796191441552e-83,9.511365684283197e-59,0.0,0.0,5.085490252411357e-32,5.386904401052111e-22,6.15619112557955e-47,6.732235521591664e-23,2.54608347653855e-65,1.2224463882109093e-37,2.546083476380184e-65,-1.5065644315853808e-86,5.627522525411257e-55,1.1678563116759365e-37,3.0530796039636757e-26,4.187711122526049e-34,2.6382059968147366e-52,1.2602189758982094e-45,3.847836742476059e-49,1.8736018801071817e-42,1.8877708725936888e-33,3.6868518521179714e-60,-4.8730003780726855e-74
2.312410863204668e-06,1.0000003831398233e-10,0.00017699999999996085,1.5647250333575657e-36,3.343528505314998e-30,6.647424205052645e-45,3.359221449331652e-36,1.7076165059347115e-56,2.2455470250021017e-44,2.5416318334402217e-104,-1.9439379589170285e-85,-2.8868939925412454e-95,1.6976223291748328e-58,5.276205623775379e-49,5.452738595070055e-72,3.047329395912923e-57,9.010780247422817e-54,1.3272895736502941e-120,-4.6092049348008204e-102,4.536549456127195e-84,-3.0329217711259436e-101,-8.506313740264047e-115,-4.1160359820974216e-100,3.734746143987542e-26,1.1252167761954435e-19,1.8231050653043469e-26,7.460971798332897e-19,-3.418191872319249e-84,-4.0756993030882e-81,7.901777323222416e-39,1.0881706387570906e-26,1.2011874944161777e-111,3.879145906060484e-108,-3.017632254814378e-81,2.166691763041559e-75,-4.075699300215674e-81,1.0540779571475571e-71,1.4864455051896692e-51,3.968038276592296e-50,3.614070311941272e-41,2.0864271631984577e-21,3.389999938196543e-08,4.453715504497889e-31,6.758132590246996e-25,1.2045952550774877e-30,1.0599126802132673e-23,4.5157514609107e-51,1.8796294665697474e-43,1.5238483924045234e-32,0.00018232390000082524,0.5,3.7790035962135857e-16,0.24999999999999908,3.703090087872073e-16,7.323796703858223e-24,5.533997253047343e-52,6.927306237226322e-51,3.533896424450662e-39,7.77527455567955e-55,8.301456048783579e-66,1.2182540800979949e-52,1.5504204561436138e-59,1.4443633359148936e-69,2.3291630237749843e-34,3.2588694180762915e-34,7.042510525279031e-34,6.6367426828440305e-22,0.0,2.17716473555382e-61,2.503565124129899e-78,7.021165948404352e-24,1.1569023319004496e-42,3.3271460156915267e-35,4.273836206914327e-90,1.3978402709781165e-33,6.180324877649788e-16,1.742315861188459e-39,3.760295899924629e-31,2.0566239791956182e-39,1.1124493231251981e-38,6.887131114698838e-30,1.862361534847518e-57,-7.104814880367749e-82,4.5570723053368926e-52,5.025657389484051e-39,0.10000000149011604,8.023362227261772e-17,1.7552990843650625e-25,1.5731786045475174e-39,2.210777563460548e-69,3.7970623441665074e-67,3.9896944052847215e-47,7.987841883237555e-63,7.246244174077153e-32,1.5062665156195458e-84,7.249734075547941e-31,2.4747534017256438e-30,1.6891032197826666e-71,1.2440487575302203e-47,1.3025150725958681e-61,2.2559999999665567e-06,3.3443656709362643e-17,6.179999999999981e-05,2.0596587578550098e-19,9.666459039868543e-44,9.36128477598928e-37,1.1351757868431324e-44,2.0203757364668721e-78,2.561007747655697e-41,2.92177265214957e-27,1.2283204065988361e-54,1.9531224391344553e-35,-2.9712748782079532e-117,2.9539203956902398e-58,1.5321678339243007e-44,3.0856796659382407e-57,2.2585735771222382e-33,6.505295843032424e-38,1.3644062608248406e-79,1.0890828160984528e-43,1.181441330327488e-33,0.00033399999999999706,2.8599680947137657e-18,2.988506905881512e-25,2.488059659256811e-37,3.071494160445534e-73,5.1111955461714416e-48,1.6710984539001304e-51,1.1723209622723192e-64,2.040136005907489e-52,-1.5070724171455172e-76,1.6862308414378482e-20,4.1959267392011766e-26,4.469937389758589e-19,3.509999999999553e-06,4.628149754341194e-55,3.8835384505684414e-47,9.621218469274598e-19,1.7799999999990372e-06,4.1497481012239446e-44,2.2281959191011352e-39,-1.8861211257654688e-83,2.876230472934537e-58,0.0,0.0,1.063457084674296e-31,7.789917083348331e-22,1.8616275737486392e-46,9.735379193574078e-23,7.463480944505535e-64,2.5563302619668165e-37,7.463480944508972e-64,-1.2870824638497994e-86,1.701758584697351e-54,2.442175963959353e-37,4.4150102140178477e-26,8.757171585362366e-34,7.97792863047146e-52,3.8108927182585397e-45,1.16358295445747e-48,4.2382876010423635e-42,3.9476298435921784e-33,1.3064228678266604e-59,4.0372049949807056e-73
3.34394073971087e-06,1.0000005540524324e-10,0.0001769999999999434,2.2627244940939613e-36,4.8350244076626195e-30,1.3900826133031905e-44,7.024668343824743e-36,5.978502837840646e-56,6.790524633950426e-44,3.0946282915680143e-102,7.511689435152718e-85,5.67687352934024e-95,5.133598383740069e-58,1.5955208245247893e-48,3.27902361620023e-71,1.6557194708588147e-56,2.7248540337710933e-53,2.619497191648839e-120,1.8615449016224025e-102,2.728071138267354e-83,6.807813893975908e-100,1.4473091522148607e-113,2.0600823389499656e-99,5.457870102902846e-26,1.6271581457357933e-19,2.636363592140661e-26,1.078919311199959e-18,1.321195538137367e-83,4.803399548950287e-80,2.3893200664104787e-38,2.275538269248039e-26,4.0340097037568246e-111,6.241410903296539e-107,3.667514784601922e-80,1.7380201268240997e-71,4.8033995498557794e-80,4.639435676250366e-70,8.076359011343883e-51,2.1559688214392855e-49,1.092892154577648e-40,3.0177299441089468e-21,3.389999910626999e-08,6.491317679389345e-31,9.772828759952804e-25,1.8354460011886894e-30,1.5327229637261346e-23,1.3656244653756438e-50,3.930649377701902e-43,2.203613544660459e-32,0.00018232390000119336,0.5,5.464757300197847e-16,0.24999999999999867,5.354979874955493e-16,1.5315226362698783e-23,3.0062921011228814e-51,3.7632813340416635e-50,1.0686476313870581e-38,4.2245684980837244e-54,3.621006204741671e-64,6.618051014554379e-52,8.423976268360047e-59,6.35724528119465e-68,4.870651201545442e-34,9.854796641292155e-34,1.472701221096743e-33,9.597288497232883e-22,0.0,1.1829269269863451e-60,1.1019233508278213e-76,1.4682377186462616e-23,6.28583989941527e-42,6.957592719250996e-35,2.3859814496496214e-89,4.163624067978605e-33,8.937269870661703e-16,3.801203114609866e-39,7.863378136119198e-31,6.219215498066314e-39,2.326411182737741e-38,1.4402089070284517e-29,1.0118837406009306e-56,2.8768392472824283e-81,1.3780555048808458e-51,1.0509466583256421e-38,0.100000001490116,1.1602457092772328e-16,3.670610150759678e-25,3.2897674101210285e-39,1.2011901433746864e-68,2.5446171279360055e-65,2.1677353070401435e-46,3.515781347236095e-61,1.5153051822530249e-31,7.189817259261004e-83,1.5160349687269849e-30,5.141332604948413e-30,7.434447089056633e-70,3.761994143536278e-47,5.732910020238305e-60,2.255999999951638e-06,4.836234249480727e-17,6.179999999999971e-05,2.9784399130587273e-19,2.0332218306645523e-43,1.9629166095609606e-36,3.4432132688665707e-44,1.117654486801133e-77,4.892217201173234e-41,6.1098923534483154e-27,5.406350033098688e-53,5.906227606160003e-35,-2.351311728267058e-117,1.3001434934452416e-56,8.3247837748476025e-44,1.3581362201790825e-55,4.72303741513769e-33,1.8836731749145393e-37,3.8366046935292324e-79,3.2933782967261907e-43,2.47058216611483e-33,0.00033399999999999576,4.1357545430301104e-18,4.321632571980005e-25,7.45917829920534e-37,8.192954135057888e-72,1.5456217127607834e-47,5.053628283242258e-51,6.369647805845834e-64,6.169366008798525e-52,4.569303117665765e-75,2.4384317237683627e-20,8.77435164451251e-26,6.46390569228545e-19,3.5099999999993536e-06,1.413208952391322e-54,1.174379124789645e-46,1.391309170731001e-18,1.7799999999986078e-06,8.677787416838083e-44,4.6846445432235845e-39,4.2336715768376283e-82,8.697701064341129e-58,0.0,0.0,2.2238582996568508e-31,1.126487558459898e-21,5.629547812892441e-46,1.4078177700573834e-22,4.0551605106586474e-63,5.345694051137515e-37,4.055160510673799e-63,5.210164484598265e-86,5.146105186118262e-54,5.1069860340360065e-37,6.384476654085714e-26,1.8312641917393934e-33,2.4125232594176565e-51,1.152411097676462e-44,3.51866615694678e-48,9.831481683744487e-42,8.255123333013651e-33,4.465132395392512e-59,2.7139638227850677e-72
4.835619763177152e-06,1.0000008012064505e-10,0.0001769999999999181,3.272090898628287e-36,6.991853861676057e-30,2.9068850289137596e-44,1.4689703690733972e-35,-2.860297217059626e-56,2.053431076960089e-43,-1.2009282160628362e-97,-6.991132445577528e-81,-5.523567263853323e-90,1.5523871657812165e-57,4.824838319911464e-48,-1.3611991983078572e-69,-1.3864234704588861e-55,8.2399172837844125e-53,1.194160726225957e-114,-6.3644358817480365e-96,-1.1324960718589565e-81,-1.2578920101214507e-96,-1.8728035984466192e-109,-2.963667656076158e-95,8.011971585585833e-26,2.353007591627837e-19,3.812404113341968e-26,1.5602081169139445e-18,-1.2293457847863735e-79,-2.1434729178552073e-76,7.224927863016276e-38,4.758513247724593e-26,1.2440901355221758e-105,-1.646380555908858e-101,-3.304420329369303e-76,-1.5701349303580436e-68,-2.1434729173736584e-76,-1.4356684618391171e-67,-6.762305311046064e-50,-1.8051845395645938e-48,3.3048979472658857e-40,4.365105738858843e-21,3.3899998707591186e-08,9.49336943379897e-31,1.4132333396953188e-24,2.8497325622599354e-30,2.2164464480222234e-23,4.1279778395955027e-50,8.219749069080044e-43,3.1866117335927446e-32,0.0001823239000017257,0.5000000000000002,7.902499073661946e-16,0.24999999999999808,7.743751462280092e-16,3.2026579550197036e-23,-2.5164206837948637e-50,-3.1501843095769534e-49,3.2315826768351985e-38,-3.537215071500387e-53,-1.1191255582143177e-61,-5.539647855632551e-51,-7.054044166332813e-58,-1.967243707955868e-65,1.0185308149251783e-33,2.9800835164804175e-33,3.0796530259371925e-33,1.3878486901436044e-21,0.0,-9.904605507656984e-60,-3.409890487623765e-74,3.0703190970250696e-23,-5.263107818329191e-41,1.4549435510601033e-34,-4.1969126416189556e-88,1.245811740739056e-32,1.2924044280180984e-15,8.425935089772534e-39,1.6443577084436588e-30,1.8806862711226265e-38,4.865205998471734e-38,3.0117064104923417e-29,-8.4724652207925e-56,-1.8630921405169747e-77,4.167223074473102e-51,2.1977017769416324e-38,0.10000000149011594,1.6778129514358605e-16,7.675830796476455e-25,6.87942851741561e-39,-1.0057605272861664e-67,-8.200283087448135e-62,-1.815035941483628e-45,-1.0879547530063887e-58,3.1687447225950197e-31,-6.973441037075317e-80,3.1702707995939355e-30,1.0702509970494102e-29,-2.300582324361207e-67,1.1376242446946815e-46,-1.77404262994482e-57,2.2559999999300644e-06,6.993601781970241e-17,6.179999999999958e-05,4.3070747862555165e-19,4.287507426608667e-43,4.120867446632636e-36,1.014366752048947e-43,-1.6199918682776526e-76,9.570715523225295e-41,1.2776758790959911e-26,-1.672989497143673e-50,1.7860389859311475e-34,-2.890741367391237e-109,-4.023282263345376e-54,-6.970308854444876e-43,-4.202738499722846e-53,9.876624189139983e-33,5.5215533587106126e-37,3.8714768802027166e-75,9.959151550470419e-43,5.166381164848907e-33,0.0003339999999999939,5.980649083933431e-18,6.2494445451782e-25,2.2421213065039227e-36,-2.3094782898927727e-69,4.673948614728068e-47,1.5275990052905893e-50,-5.334424459144393e-63,1.865586055433202e-51,-8.10449620769704e-72,3.5261775110234816e-20,1.8348567842235475e-25,9.34735168651156e-19,3.5099999999990643e-06,3.922454227504844e-54,3.551313774569061e-46,2.0119501648709057e-18,1.7799999999979865e-06,1.8146644710312098e-43,9.872336496955601e-39,-7.822570877786095e-79,2.630173835341515e-57,0.0,0.0,4.650442228301356e-31,1.6289957860543995e-21,1.7023712321780863e-45,2.0358229842329588e-22,-3.395369763424039e-62,1.117869829590351e-36,-3.395369763892916e-62,-3.374994423479263e-82,1.5561785368178823e-53,1.0679542396604247e-36,9.232491199581908e-26,3.829465383151682e-33,7.295359826301366e-51,3.484882930689334e-44,1.0640420405549363e-47,2.3488073523167925e-41,1.726277891195068e-32,2.786594683418401e-60,-2.0147407516645305e-70
6.992713183084506e-06,1.0000011586119635e-10,0.00017699999999988157,4.7317205920121693e-36,1.0110812555539317e-29,6.078762027314036e-44,3.0718519227868396e-35,-6.829664021208428e-55,6.209507539564992e-43,-7.356017265228411e-97,-4.4271812193033935e-80,-3.512063879112667e-89,4.6943792061564853e-57,1.4590261545738924e-47,-8.597240850126241e-69,-9.568131240164243e-55,2.491738860769032e-52,8.10256339604354e-114,-4.093997761267211e-95,-7.152767001852422e-81,-7.916815420959414e-96,-1.1573172920706046e-108,-1.8773040051623058e-94,1.183573670084544e-25,3.4026469378890524e-19,5.513058197159038e-26,2.2561922197735536e-18,-7.784912454282728e-79,-1.3373299964285453e-75,2.184737921828542e-37,9.950809680097859e-26,1.210214099920998e-104,-1.0006591701284344e-100,-2.0584342111965942e-75,-9.823275001643467e-68,-1.3373299960256204e-75,-8.883716860236762e-67,-4.666907390933398e-49,-1.2458220596194644e-47,9.993987376966357e-40,6.314849476666263e-21,3.3899998131068083e-08,1.3950664020426597e-30,2.043654452311386e-24,4.5298232864898404e-30,3.205168193282683e-23,1.247824450487152e-49,1.7189212703150047e-42,4.608111048023743e-32,0.0001823239000024955,0.5000000000000003,1.142767892249125e-15,0.24999999999999722,1.1198116065934766e-15,6.697268250342269e-23,-1.7367471826609324e-49,-2.1741362415762455e-48,9.772282508640866e-38,-2.441157947780232e-52,-6.925021018569881e-61,-3.823274828992748e-50,-4.868196867289762e-57,-1.217303065748376e-64,2.1299103097675877e-33,9.011751357568789e-33,6.440045416992055e-33,2.0069460077718915e-21,0.0,-6.835520332525438e-59,-2.1099928445710907e-73,6.420526581669705e-23,-3.632258067636676e-40,3.0425188977930805e-34,-2.7352597587008414e-87,3.7395860925705826e-32,1.8689255432095482e-15,1.9062458509321444e-38,3.438614056889175e-30,5.687181663483223e-38,1.0174856776288488e-37,6.297958191522355e-29,-5.847149538717975e-55,-1.1754124193680886e-76,1.2601632919020618e-50,4.5957592020480875e-38,0.10000000149011586,2.426258746312617e-16,1.6051385273900505e-24,1.4385982943528032e-38,-6.941104883418746e-67,-5.045398152414852e-61,-1.2526209088343798e-44,-6.732112750189519e-58,6.626350424035143e-31,-4.296605643551832e-79,6.629541625195404e-30,2.2310033315135842e-29,-1.4235683669976597e-66,3.440167291863007e-46,-1.097752911735088e-56,2.255999999898867e-06,1.0113336815713029e-16,6.179999999999939e-05,6.228392622066218e-19,9.073867540882023e-43,8.666064626842965e-36,2.9909295606271857e-43,-1.0678416702371281e-75,1.911668513876123e-40,2.671823901248582e-26,-1.0352226502236678e-49,5.4009690356653795e-34,-1.8919204398589278e-108,-2.4895511445660198e-53,-4.810458149980818e-42,-2.6005961761098508e-52,2.0653595726481675e-32,1.6331894071869425e-36,2.8905499448171227e-74,3.0116400415827004e-42,1.0803726622289158e-32,0.0003339999999999912,8.648521779478025e-18,9.037223030182205e-25,6.751867701006279e-36,-1.4295211603918317e-68,1.413398598538571e-46,4.617697767420577e-50,-3.6813922801653914e-62,5.641445318476166e-51,-5.084620843470827e-71,5.0991494730102345e-20,3.8369779706965136e-25,1.3517057288693382e-18,3.5099999999986467e-06,1.0861399145095062e-53,1.0739146536832353e-45,2.9094492806162814e-18,1.7799999999970882e-06,3.7947550628329375e-43,2.0874446625183064e-38,-4.923303664336786e-78,7.953613182388719e-57,0.0,0.0,9.72481605817591e-31,2.3556649369867166e-21,5.1479583990837676e-45,2.943971376785621e-22,-2.3432655023651544e-61,2.3376439705964373e-36,-2.3432655026552892e-61,-2.1292619974290697e-81,4.70587276281634e-53,2.233268749803446e-36,1.3350960585981535e-25,8.008022661521201e-33,2.206085015930448e-50,1.0538261032856578e-43,3.217655248326401e-47,5.797421148508866e-41,3.609922269721329e-32,-3.682644007672877e-58,-1.259360142329171e-69
1.0112051826993984e-05,1.0000016754504174e-10,0.00017699999999982872,6.842469917420696e-36,1.4621093053141074e-29,1.2711666945999821e-43,6.423734193830384e-35,-1.3497160156148328e-54,1.8777567657853647e-42,-2.1115493456408053e-96,-1.356439563238784e-79,-1.0847987684236377e-88,1.4195781491358585e-56,4.412085811527856e-47,-2.3924214382470757e-68,-2.2485084986239957e-54,7.535006871833268e-52,2.795088787845518e-113,-1.2917292795305345e-94,-1.9904577511182132e-80,-2.3929656983785376e-95,-3.381755758233054e-108,-5.75624205291634e-94,1.7637741540415437e-25,4.920513682757764e-19,7.97234820294622e-26,3.26264377162963e-18,-2.38521021660018e-78,-3.9801110586457277e-75,6.606474209925086e-37,2.080872901992503e-25,6.141522784847738e-104,-2.8263124439416983e-100,-6.110792997445742e-75,-2.9280589223416106e-67,-3.980111056845961e-75,-2.5659554749576714e-66,-1.0967061057751286e-48,-2.927636067066513e-47,3.022174240564081e-39,9.137113672818765e-21,3.389999729736717e-08,2.0639018708247847e-30,2.955296544898887e-24,7.405518545268218e-30,4.634943137807546e-23,3.773979195350896e-49,3.594661489973818e-42,6.663721252150854e-32,0.0001823239000036087,0.5000000000000004,1.6525385825868294e-15,0.24999999999999598,1.6193417674472154e-15,1.4005055278783737e-22,-4.081252340406411e-49,-5.1090973232998224e-48,2.955130858493321e-37,-5.736631433685156e-52,-2.0001952340750427e-60,-8.984467818863052e-50,-1.1440316866766649e-56,-3.516034531270692e-64,4.453982011296186e-33,2.7251467545044044e-32,1.3467161578374807e-32,2.9022128254515168e-21,0.0,-1.606322269424183e-58,-6.094462326865457e-73,1.342634427373444e-22,-8.535672267636728e-40,6.362392007417018e-34,-7.181432576557606e-87,1.125047231116164e-31,2.7026235578807976e-15,4.422470282194484e-38,7.190690008133403e-30,1.7197994375448623e-37,2.1280076455278477e-37,1.3170034476405272e-28,-1.3740586904233262e-54,-3.5750953838814745e-76,3.8107265309209116e-50,9.610508795423487e-38,0.10000000149011574,3.508574361057095e-16,3.35660036862962e-24,3.0083387775323855e-38,-1.6311370939888662e-66,-1.4597548245722943e-60,-2.9436128965177817e-44,-1.944490322312888e-57,1.3856755249305127e-30,-1.2425943185974374e-78,1.3863428350616854e-29,4.6551711897144686e-29,-4.1118071972080133e-66,1.0403040117243168e-45,-3.1707280881392893e-56,2.255999999853753e-06,1.4624736256996954e-16,6.179999999999912e-05,9.006779885425891e-19,1.9301516057959633e-42,1.8269311956629758e-35,9.136336092948407e-43,-2.7436837254435893e-75,3.9185968939592464e-40,5.587209569516566e-26,-2.990116984614252e-49,1.633248945913137e-33,-6.153072870490959e-108,-7.190771149364698e-53,-1.1304399529164374e-41,-7.511511455068335e-52,4.3189961292714575e-32,4.862374157227214e-36,1.1390072152174418e-73,9.10717693791829e-42,2.2592314635527586e-32,0.00033399999999998736,1.2506490054748539e-17,1.3068585594501433e-24,2.0358435842698862e-35,-4.126667578907751e-68,4.2741067747575014e-46,1.396598314733568e-49,-8.651527808800927e-62,1.705977601941657e-50,-1.5274310948047896e-70,7.37379932426721e-20,8.02373238921189e-25,1.9546802546167485e-18,3.5099999999980428e-06,3.4044588463508825e-53,3.2475098694919295e-45,4.2073085428253115e-18,1.779999999995789e-06,7.935444930481973e-43,4.43467611520417e-38,-1.4881355233618043e-77,2.405168108674368e-56,0.0,0.0,2.0336140656465287e-30,3.406489605124228e-21,1.556738715219434e-44,4.257230378719659e-22,-5.506587564162791e-61,4.888386045112598e-36,-5.506587565000808e-61,-6.476296473668712e-81,1.4230523509839674e-52,4.670139674494016e-36,1.9306615303998996e-25,1.67460521757201e-32,6.6712162248021045e-50,3.186762138496494e-43,9.730165368335064e-47,1.4801653232167005e-40,7.548922945172697e-32,-6.617084981161906e-58,-3.5715451501955277e-69
1.462287805528269e-05,1.0000024228423234e-10,0.0001769999999997523,9.894795202896225e-36,2.1143346074412422e-29,2.6582142612997445e-43,1.3433058644777902e-34,2.4892443536067353e-54,5.678380496457708e-42,-3.770267428280986e-96,-2.86309548249377e-79,-2.33226139497886e-88,4.2928157698108935e-56,1.3342129402491975e-46,-3.767317194551312e-68,-8.777053112511585e-55,2.278587030278372e-51,7.410495222053065e-113,-2.9074589695700567e-94,-3.134357887553296e-80,-4.890783034932535e-95,-6.34548860352283e-108,-1.2171858151020815e-93,2.659780883663591e-25,7.115476551015643e-19,1.1528690772241599e-25,4.718057341900014e-18,-5.034560069229852e-78,-7.8331789325077e-75,1.997759946231769e-36,4.351436854667086e-25,2.4721279404362063e-103,-4.809031032861119e-100,-1.1951529013578664e-74,-5.779090960281783e-67,-7.833178925977406e-75,-4.6438932875299536e-66,-4.279774814605685e-49,-1.142477418519974e-47,9.139031606129036e-39,1.3224139105442713e-20,3.389999609176552e-08,3.0818533124711203e-30,4.2736079560418525e-24,1.2496971666524777e-29,6.702518220525936e-23,1.1417695008086169e-48,7.517382452020625e-42,9.636312106765088e-32,0.00018232390000521846,0.5000000000000007,2.3897099352973137e-15,0.24999999999999417,2.341704350145857e-15,2.9286802322891627e-22,-1.5921934360182267e-49,-1.9932600726285687e-48,8.93629296123912e-37,-2.2386562236458407e-52,-3.61988550548389e-60,-3.505053454405071e-50,-4.466231526112534e-57,-6.363356735941329e-64,9.313986446199531e-33,8.240822272383462e-32,2.8161981602487884e-32,4.196843971881134e-21,0.0,-6.268502085083431e-59,-1.1029822684394161e-72,2.8076625179156933e-22,-3.330945564229829e-40,1.3304775835728382e-33,-8.541403675375087e-87,3.3900038009791183e-31,3.908220968780247e-15,1.0567174860023672e-37,1.5036878631637093e-29,5.200660190965943e-37,4.450858718235865e-37,2.754064127709026e-28,-5.362113672655603e-55,-7.418858104055575e-76,1.1523628650854864e-49,2.0097238030925227e-37,0.10000000149011559,5.073693836559124e-16,7.019185923275474e-24,6.290917298217963e-38,-6.365555531461926e-67,-2.664600027008198e-60,-1.148710550527771e-44,-3.519159034686192e-57,2.897668468333578e-30,-2.2634171506437115e-78,2.899063856981754e-29,9.719936973954277e-29,-7.44159232167397e-66,3.1458714853177935e-45,-5.738416927978259e-56,2.255999999788514e-06,2.1148599565434552e-16,6.179999999999871e-05,1.3024561634150018e-18,4.1350228939743514e-42,3.864914288718418e-35,2.8471043376319058e-42,-2.854933548233653e-75,8.267829732067777e-40,1.1683745464761945e-25,-5.411545495524529e-49,4.938932089035513e-33,-1.4711391967923532e-107,-1.3013934089471498e-52,-4.411413303746778e-42,-1.3594413252943056e-51,9.031709447407462e-32,1.4544062464645293e-35,3.6286226674282075e-73,2.754003451064661e-41,4.7244131366851133e-32,0.00033399999999998177,1.808543649638277e-17,1.889827566161951e-24,6.144003642937857e-35,-7.454028473318102e-68,1.292486666742658e-45,4.225230882111944e-49,-3.3791417345632316e-62,5.158943903969191e-50,-3.075364638546228e-70,1.0663134462354842e-19,1.6778902842218172e-24,2.826632170143145e-18,3.5099999999971695e-06,1.139676450344468e-52,9.820445374177799e-45,6.084122274351582e-18,1.7799999999939106e-06,1.6594301986606598e-42,9.48377178682759e-38,-3.0414745152245505e-77,7.273224025180909e-56,0.0,0.0,4.252611193048812e-30,4.9260703402809036e-21,4.707565694089344e-44,6.156313407328126e-22,-2.1488824902830395e-61,1.0222394025598675e-35,-2.148882491799679e-61,-1.3439304102363498e-80,4.303299145796618e-52,9.76606309102121e-36,2.7918996107437784e-25,3.5018665201346774e-32,2.0173998304254124e-49,9.636743728795528e-43,2.942394672148415e-46,3.905184005380807e-40,1.5786001278078933e-31,2.148724072186867e-57,-6.055105019537792e-69
2.1145912449623337e-05,1.0000035036339264e-10,0.0001769999999996418,1.4308723229447762e-35,3.057508935013811e-29,5.55875618506336e-43,2.8090686392530708e-34,3.0841921806225753e-53,1.7171586222815086e-41,-1.4032344368317622e-96,-3.620966038471986e-79,-3.158350755636453e-88,1.2981525329693694e-55,4.034655240254917e-46,1.6241596055190945e-68,1.8357493767017374e-53,6.890453508263071e-51,1.6777603064517134e-112,-4.5643320426761175e-94,1.3512252120949503e-80,-5.398260860399164e-95,-4.141162437365544e-108,-1.5501838143453608e-93,4.074653021025683e-25,1.0289577184381105e-18,1.6671466148935508e-25,6.822707686435406e-18,-6.367194751249506e-78,-7.122699665877062e-75,6.041142125599339e-36,9.099547814827525e-25,8.889615952822201e-103,-4.1409532875658186e-101,-1.0474898490072484e-74,-5.335910219820516e-67,-7.12269964422995e-75,-2.0711841586667537e-66,8.954605166582069e-48,2.3904150005358464e-46,2.7636360743223127e-38,1.914643776370262e-20,3.3899994348364134e-08,4.660042126529399e-30,6.179997663920423e-24,2.181060151683364e-29,9.692406172511267e-23,3.454551102478096e-48,1.5721170728434738e-41,1.3934940595712994e-31,0.00018232390000754635,0.500000000000001,3.4557218162484526e-15,0.24999999999999156,3.3863012889909747e-15,6.124336966273385e-22,3.3326515988632313e-48,4.1719123522917644e-47,2.702328074351373e-36,4.683960115429233e-51,-1.6139525556387022e-60,7.33649882107168e-49,9.339897396885747e-56,-2.8380697386827885e-64,1.9477030508647345e-32,2.4920180885646316e-31,5.88911925109333e-32,6.068989524241299e-21,0.0,1.3115617069015725e-57,-4.9193220413849824e-73,5.871269580322197e-22,6.969380399573164e-39,2.782240687403036e-33,2.2364834889829226e-86,1.0225978723441727e-30,5.651616111409543e-15,2.6086548522245802e-37,3.1444508829407546e-29,1.5726755929359873e-36,9.310042187969987e-37,5.759187027087185e-28,1.121918838071768e-53,-8.75850982376774e-76,3.484743839653892e-49,4.202692796549633e-37,0.10000000149011536,7.336988331457929e-16,1.467823507557374e-23,1.3155315177433722e-37,1.3318093393348504e-65,-1.327662168267035e-60,2.403461124213569e-43,-1.5695504396662583e-57,6.0594868364638486e-30,-1.0987012690248902e-78,6.062404625406333e-29,2.030458165282937e-28,-3.318964204846662e-66,9.513091604069442e-45,-2.5593422966357677e-56,2.2559999996941738e-06,3.058265501113398e-16,6.179999999999813e-05,1.8834612032486146e-18,8.945667854043107e-42,8.216749520278545e-35,8.90867548505179e-42,1.112516854768034e-74,1.799727175055491e-39,2.4432572996103337e-25,-2.413559661829042e-49,1.4935291885191935e-32,-2.7056293266456362e-107,-5.804239820953453e-53,9.230044636036352e-41,-6.063134331265977e-52,1.8886744303619261e-31,4.364713255439665e-35,1.0590974852620472e-72,8.328085678125744e-41,9.879500970062757e-32,0.00033399999999997364,2.615306177879446e-17,2.7328499190648117e-24,1.8553548037018662e-34,-3.2395775967568256e-68,3.908469921169641e-45,1.2783907625938179e-48,7.062089937726714e-61,1.5600893039691009e-49,-3.159394412390306e-70,1.541978992938289e-19,3.5087358525302364e-24,4.087548030639676e-18,3.5099999999959066e-06,3.837280340502828e-52,2.9696952694863495e-44,8.798152897929965e-18,1.7799999999911941e-06,3.470139612845208e-42,2.046759210671021e-37,-3.357056221467027e-77,2.199422374488527e-55,0.0,0.0,8.89288790160104e-30,7.123511605195054e-21,1.4235641532893377e-43,8.902547261324773e-22,4.496130340467471e-60,2.1376654038601843e-35,4.4961303403998366e-60,-1.5866188258063589e-80,1.3013142576629323e-51,2.042256573215531e-35,4.0373229502252984e-25,7.322961293632897e-32,6.1007050113782185e-49,2.914143688303514e-42,8.897779270434355e-46,1.0615561371352874e-39,3.3011045115682767e-31,2.1221774865445907e-56,-2.996553149117775e-70
3.0578769216063876e-05,1.0000050665495534e-10,0.00017699999999948202,2.069165350586705e-35,4.4214218754715716e-29,1.1624264995350345e-42,5.874216171631506e-34,1.5810061680470875e-52,5.192732138567401e-41,2.430362445179301e-95,3.7231216422989353e-79,1.8290479005637518e-88,3.925626949547452e-55,1.220078198034366e-45,4.1847495703400976e-67,1.1394399908574413e-52,2.0836744872363799e-50,3.3061668177093695e-112,-1.335191038489567e-94,3.481624824549065e-79,1.0900594357380533e-94,3.0644661296400966e-107,1.5204351040123688e-93,6.369882782545162e-25,1.4879592979805469e-18,2.4108362112442228e-25,9.866208857818129e-18,6.547028296269283e-78,2.6238297011830015e-74,1.8268223997412896e-35,1.902860405272767e-24,3.0013196897042003e-102,3.893144320832892e-99,4.229505162033527e-74,1.8896946035146896e-66,2.623829708052997e-74,2.797878551792311e-65,5.557939864395262e-47,1.483681553390159e-45,8.357214131673037e-38,2.773591634012714e-20,3.3899991827259155e-08,7.164203032715528e-30,8.936798574607253e-24,3.935866557547152e-29,1.4016036553801418e-22,1.0451677651582883e-47,3.287887810525149e-41,2.015114547946868e-31,0.0001823239000109126,0.5000000000000013,4.997264842822125e-15,0.24999999999998782,4.896876058809645e-15,1.280696405804636e-21,2.0684565536216365e-47,2.589364239404983e-46,8.17181923886943e-36,2.907237911197793e-50,2.181231433126259e-59,4.553499919090013e-48,5.797281706895881e-55,3.833829253579121e-63,4.0729575850193137e-32,7.535842942867662e-31,1.2315087010911014e-31,8.77626945900015e-21,0.0,8.140595361839186e-57,6.645307104499423e-72,1.2277759651281702e-21,4.325750813023628e-38,5.818108685374806e-33,2.0314940619048232e-85,3.0870235255117517e-30,8.172711836071991e-15,6.661353880279302e-37,6.575547608034359e-29,4.755758789665492e-36,1.947660577100169e-36,1.2043377845780103e-27,6.963520348238254e-53,1.324643921599671e-75,1.053785922440124e-48,8.78862140354799e-37,0.10000000149011502,1.0609902668551163e-15,3.0694524430491317e-23,2.750987432116653e-37,8.266292517312342e-65,1.5240497615797962e-59,1.491778829978489e-42,2.1202426392532118e-56,1.2671353345701005e-29,1.3115669152307616e-77,1.2677454329423918e-28,4.242923390708073e-28,4.483450836004704e-65,2.8767517205129203e-44,3.457313928957309e-55,2.2559999995577494e-06,4.4225093232698916e-16,6.17999999999973e-05,2.723643355395841e-18,1.9610013497363856e-41,1.758955523202902e-34,2.7771400450449154e-41,8.905354335088648e-74,4.051281285399819e-39,5.109240094463218e-25,3.260377135106869e-48,4.5164205930026973e-32,-2.959515168946174e-107,7.84070508194695e-52,5.728899033271092e-40,8.190435481614812e-51,3.949519329249555e-31,1.3129014394513497e-34,2.988603109462437e-72,2.518406836590262e-40,2.065961131582292e-31,0.00033399999999996193,3.7819525213666233e-17,3.951931409793426e-24,5.605168433908801e-34,4.540164819178444e-67,1.181918355649905e-44,3.8677465236655783e-48,4.383628330602485e-60,4.717777716910757e-49,8.20983549934895e-70,2.229831409364706e-19,7.337325359378368e-24,5.910938493968431e-18,3.50999999999408e-06,1.2690974830590823e-51,8.980336101200587e-44,1.2722869614160473e-17,1.7799999999872658e-06,7.256634857381711e-42,4.472278586516013e-37,6.778895301509413e-77,6.65105037999083e-55,0.0,0.0,1.8596446135805018e-29,1.0301195837413885e-20,4.304846820645517e-43,1.2873832459836457e-21,2.7906556356783877e-59,4.47019868402612e-35,2.790655635769768e-59,2.399543888910453e-80,3.9351640677771134e-51,4.2707357506445753e-35,5.838311150492908e-25,1.531347988687241e-31,1.8448772798285595e-48,8.812347586812912e-42,2.6906817386267738e-45,2.960519067494665e-39,6.9031357447115515e-31,1.0512036101534514e-55,5.039527061371293e-68
4.4219474047143965e-05,1.0000073266570992e-10,0.00017699999999925092,2.9921948918983766e-35,6.393762176934713e-29,2.430822974195058e-42,1.2283940055509049e-33,-4.7056178346567026e-52,1.5701944793620795e-40,-1.429531098537252e-90,-1.2944279001742722e-74,-2.6347926780744166e-83,1.1867736787561056e-54,3.6894851086405247e-45,-5.406773160692983e-65,-5.105061025470951e-52,6.30092074905644e-50,2.6313707225044775e-106,-3.030879213775101e-88,-4.49890160219195e-77,-5.327996414118249e-91,-7.005251656330019e-103,-9.938368886464436e-89,1.0210106834757702e-24,2.1517140315681504e-18,3.486276065911069e-25,1.4267366940865582e-17,-2.2761441791908448e-73,-1.0252870922109089e-70,5.524269188110267e-35,3.979184134098151e-24,5.44962315061109e-97,-7.912807987598839e-94,-9.625989912810565e-70,-5.445230078512361e-63,-1.0252870900375876e-70,-6.834475032732568e-63,-2.4878941862667833e-46,-6.641380680217616e-45,2.5272163666547335e-37,4.021000745525399e-20,3.389998818152948e-08,1.1249599556981163e-29,1.292336668310624e-23,7.326610400447566e-29,2.02683715640493e-22,3.1530530783669483e-47,6.87652656038272e-41,2.9140360029296075e-31,0.0001823239000157806,0.5000000000000021,7.226466064126192e-15,0.24999999999998232,7.081293637438448e-15,2.67814008606892e-21,-9.25864471205512e-47,-1.1590352084117184e-45,2.4711530290890683e-35,-1.3013616525573395e-49,-5.327416971747204e-57,-2.0381965087133238e-47,-2.598297748102019e-54,-9.365070218759146e-61,8.517203626113797e-32,2.2788349586469743e-30,2.575280963822876e-31,1.2691223883417127e-20,0.0,-3.643976894878057e-56,-1.623273861209077e-69,2.5674749600727407e-21,-1.9363187668491e-37,1.2166592366210931e-32,-1.2233114644930644e-83,9.324047269960438e-30,1.1818427634421312e-14,1.7577619345819134e-36,1.3750516876437178e-28,1.4381385794105547e-35,4.075233667022736e-36,2.518462194133904e-27,-3.117074276635181e-52,-8.895902115473442e-72,3.1865998611557117e-48,1.8378772622189836e-36,0.10000000149011455,1.5342812275356537e-15,6.418712841035904e-23,5.752754895074165e-37,-3.7007274435823614e-64,-3.931009414204472e-56,-6.677596038737365e-42,-5.17918706650163e-54,2.649782101464042e-29,-2.600175148692154e-74,2.6510577396006517e-28,8.868163066610904e-28,-1.0951906869501036e-62,8.699276846844256e-44,-8.445285621140643e-53,2.255999999360468e-06,6.395320715960229e-16,6.179999999999608e-05,3.93861738538216e-18,4.3738744242934545e-41,3.8013399491801047e-34,7.181683096914279e-41,-3.6901423022249633e-72,7.753146403071893e-39,1.068423426949943e-24,-7.964246023529096e-46,1.3657629762521834e-31,-1.3720316008781571e-99,-1.915285757167063e-49,-2.5644128252825147e-39,-2.000707729177254e-48,8.259074555755752e-31,3.955600900389251e-34,1.7918904759036487e-68,7.615644254153497e-40,4.320254018923954e-31,0.00033399999999994496,5.4690209603072575e-17,5.714826298177336e-24,1.693868378980235e-33,-1.0966704511928465e-64,3.574112720317359e-44,1.16681848790223e-47,-1.967771245754212e-59,1.4265356138259395e-48,-3.4305106239461854e-66,3.2245238987704063e-19,1.534351500876874e-23,8.547714575482869e-18,3.5099999999914397e-06,2.2477562365861987e-51,2.7156472506449322e-43,1.8398340321007095e-17,1.7799999999815852e-06,1.5174839957978917e-41,9.933394218461756e-37,-3.312986239680272e-73,2.0112345816888737e-54,0.0,0.0,3.888813298623261e-29,1.4896393041929434e-20,1.3017832668188413e-42,1.861664490380286e-21,-1.249173031055246e-58,9.347896686920815e-35,-1.2491730332873438e-58,-1.6115188345709045e-76,1.1899914511365227e-50,8.930945570637312e-35,8.44269423845975e-25,3.202292890323382e-31,5.578476220326609e-48,2.664849035476271e-41,8.13660248907763e-45,8.430595778578777e-39,1.4435557180794687e-30,-2.81006286431649e-55,-8.811351553382712e-66
6.394508134679367e-05,1.0000105949628428e-10,0.00017699999999891677,4.326982354979172e-35,9.245948079159032e-29,5.0832424116577496e-42,2.5687729955072373e-33,-7.348667395037494e-51,4.747732673260027e-40,-1.2787956486424406e-89,-1.2162167874068e-73,-2.47151089879894e-82,3.5867500956397596e-54,1.1156836520053327e-44,-5.0323898438771e-64,-6.884875874943617e-51,1.9053341798064458e-49,2.6014403368401222e-105,-2.8720738127645187e-87,-4.187383510177363e-76,-4.965485887092406e-90,-6.3955705959350766e-102,-9.31836897394916e-88,1.6853157296785324e-24,3.1115588590826723e-18,5.04145710530144e-25,2.063181034207192e-17,-2.1386163944754186e-72,-9.465732945578099e-70,1.6705297803857223e-34,8.321107393257945e-24,7.691758102694177e-96,-7.138037895029405e-93,-8.862622322652527e-69,-5.058477596932191e-62,-9.465732919244634e-70,-6.3129017226509385e-62,-3.356238077955869e-45,-8.95940880000967e-44,7.642290003651955e-37,5.835938721643513e-20,3.389998290949822e-08,1.8128080157608146e-29,1.8688283801930908e-23,1.4013978409226265e-28,2.930977751283159e-22,9.487796310430822e-47,1.438302377959448e-40,4.21396568921489e-31,0.00018232390002282005,0.5000000000000031,1.0450079193249625e-14,0.24999999999997444,1.0240143890761817e-14,5.600417059485277e-21,-1.2490321101649664e-45,-1.5635869623980832e-44,7.472754512079356e-35,-1.7555736856765485e-48,-4.920861081983854e-56,-2.7496178131541957e-46,-3.503759894554172e-53,-8.650374531570345e-60,1.7810830600934116e-31,6.891190391778605e-30,5.3853228716169475e-31,1.8352577018705787e-20,0.0,-4.915820597551029e-55,-1.4993937073949166e-68,5.368998493824362e-21,-2.6121528051956407e-36,2.5442282963865496e-32,-1.1613978900039324e-82,2.817267672499821e-29,1.709043782657787e-14,4.7788133126163013e-36,2.8754518514297855e-28,4.3489245268614386e-35,8.529111561190714e-36,5.2665056099316144e-27,-4.205018676610765e-51,-8.291661333851255e-71,9.636000106067964e-48,3.843404105456086e-36,0.10000000149011386,2.2186997927352986e-15,1.342254713159826e-22,1.2029923965470102e-36,-4.992169862238244e-63,-3.586377324748153e-55,-9.008277486570743e-41,-4.7839370558328495e-53,5.541117133681335e-29,-2.3731518215930928e-73,5.543784167721789e-28,1.8538283798183636e-27,-1.0116111748398617e-61,2.6306555254751313e-43,-7.80078298884502e-52,2.2559999990751833e-06,9.248172037554323e-16,6.179999999999432e-05,5.6955719304616074e-18,9.972280380590376e-41,8.321412878173162e-34,1.4119379543772411e-40,-3.5520261205555647e-71,8.107733986299302e-39,2.234243325054366e-24,-7.356454523210285e-45,4.130061797999352e-31,-1.3201339163963027e-98,-1.769120618535899e-48,-3.459467138458405e-38,-1.8480237123994977e-47,1.7271041569805973e-30,1.193117946882515e-33,1.9445329335554677e-67,2.3029656265221615e-39,9.034339695681768e-31,0.0003339999999999204,7.908663150410886e-17,8.264121616798264e-24,5.119885474935624e-33,-1.0130762908324292e-63,1.0808092916416436e-43,3.5110532747580613e-47,-2.652180464187834e-58,4.313103277896679e-48,-3.187377134231937e-65,4.662932959818936e-19,3.208572978450018e-23,1.236071472212043e-17,3.5099999999876213e-06,-3.1345586633782925e-51,8.21209900303925e-43,2.6605548654763916e-17,1.7799999999733705e-06,3.173318979559887e-41,2.252969250266245e-36,-3.087569840844334e-72,6.081722608880067e-54,0.0,0.0,8.132128399256016e-29,2.1541431507727278e-20,3.9365878926569555e-42,2.6921234622831756e-21,-1.6851711055442477e-57,1.9547937972444073e-34,-1.6851711076060029e-57,-1.5020589473089275e-75,3.598530106499114e-50,1.867650352843181e-34,1.220885675252841e-24,6.696505299217788e-31,1.6866653811950369e-47,8.058494238150808e-41,2.4605031436618e-44,2.440249377625204e-38,3.0187050889614725e-30,-4.5906919581859343e-54,-8.16669385124595e-65
9.246996977143298e-05,1.0000153212080423e-10,0.00017699999999843354,6.257217776453364e-35,1.3370483127478383e-28,1.0629908806577659e-41,5.37172991885626e-33,-2.094844496556652e-50,1.4357220656926241e-39,-4.0439911022423305e-89,-4.227269392688738e-73,-8.566836635732907e-82,1.0845568309024577e-53,3.373821703786005e-44,-1.645413072384822e-63,-1.967206501602145e-50,5.761728993231392e-49,9.850961151553109e-105,-1.0137902152328895e-86,-1.3691345657695544e-75,-1.6979467883690675e-89,-2.106665321879064e-101,-3.227165544141606e-87,2.873843673659597e-24,4.499574464449276e-18,7.290389460101988e-25,2.983532778694209e-17,-7.433302575252807e-72,-3.1801037659056926e-69,5.051656216287745e-34,1.7400759102501382e-23,4.279949683569554e-95,-2.2965665840364252e-92,-2.967007863821698e-68,-1.718088956956972e-61,-3.180103753049329e-69,-2.0705261324080005e-61,-9.588842879494088e-45,-2.5597217310528953e-43,2.3110226487933266e-36,8.483660605370203e-20,3.389997528569872e-08,3.010473847405834e-29,2.7024847734716827e-23,2.74152516914861e-28,4.238441836454147e-22,2.87011147223266e-46,3.0086605817354972e-40,6.093805642673368e-31,0.00018232390003299968,0.5000000000000044,1.5111696222962083e-14,0.249999999999963,1.4808104254236197e-14,1.1711362437747315e-20,-3.568510582137225e-45,-4.467200552851551e-44,2.2597552508598087e-34,-5.015710245838739e-48,-1.6139594604068177e-55,-7.855714432051858e-46,-1.001161564438032e-52,-2.8371785262617686e-59,3.724528620466324e-31,2.0838906028481195e-29,1.1261568119621056e-30,2.6539369160512873e-20,0.0,-1.4044607608982172e-54,-4.9177610702078134e-68,1.1227428885986784e-20,-7.462970784612637e-36,5.320386582152233e-32,-3.78227364526637e-82,8.514545134602753e-29,2.471420473332092e-14,1.332887972035321e-35,6.013026898803983e-28,1.315111439067634e-34,1.7857359310772119e-35,1.1013101811273815e-26,-1.2013827613893697e-50,-2.8369565725622272e-70,2.9139200434372024e-47,8.037503888697109e-36,0.10000000149011287,3.2084266443005397e-15,2.8068671682013794e-22,2.5156507307341336e-36,-1.4262942663202686e-62,-1.1769640644443287e-54,-2.573682408833862e-40,-1.5690512247330197e-52,1.1587360289194603e-28,-7.788005044139407e-73,1.1592935883886563e-27,3.8757165090288994e-27,-3.317915727052526e-61,7.955082514115738e-43,-2.5585260217912258e-51,2.2559999986626367e-06,1.3373635167448695e-15,6.179999999999179e-05,8.236275738421094e-18,2.335109961972318e-40,1.8526941526407398e-33,4.433210869009655e-40,-1.1458330741276236e-70,1.351446522014256e-38,4.6721577985684165e-24,-2.4127942845449034e-44,1.2489275013518771e-30,-4.7836294466882374e-98,-5.802420327768073e-48,-9.883767449775562e-38,-6.06120928985599e-47,3.611650129611712e-30,3.6015925162410485e-33,8.393418479000237e-67,6.964150752254895e-39,1.8892243968720717e-30,0.0003339999999998849,1.1436589487126275e-16,1.1950619162559115e-23,1.547754699023789e-32,-3.322589593799728e-63,3.2683591683581533e-43,1.0621132527407458e-46,-7.57953670718435e-58,1.3042945844809284e-47,-1.083640629903906e-64,6.74299353015399e-19,6.709635742988346e-23,1.7874633867624186e-17,3.509999999982099e-06,-7.341445702708548e-51,2.4833325634331576e-42,3.847386268601732e-17,1.7799999999614915e-06,6.635970389757156e-41,5.242749358049816e-36,-1.0557905792421127e-71,1.8391062472818977e-53,0.0,0.0,1.700557640873721e-28,3.115070919177138e-20,1.1904211312893651e-41,3.8930369424710465e-21,-4.8145673851120343e-57,4.087784179226892e-34,-4.81456739187425e-57,-5.139231510469728e-75,1.0881927128551698e-49,3.905697531858351e-34,1.765505595306137e-24,1.4003461209383907e-30,5.100519830999986e-47,2.4368824108870086e-40,7.440542998470995e-44,7.15103119339188e-38,6.312593432076754e-30,-1.307712439394573e-53,-2.6748138822333542e-64
0.00013371935932267675,1.0000221557564141e-10,0.00017699999999773477,9.048547755042647e-35,1.933498272126923e-28,2.222903161085129e-41,1.1233192366118361e-32,-1.855703358603533e-50,4.3420086273047314e-39,-7.529201561183839e-89,-9.920871088938884e-73,-1.9990919901788828e-81,3.28068749000019e-53,1.020251515850065e-43,-3.3264849275064255e-63,-1.9118105437401122e-50,1.7423874916526525e-48,2.70805651000749e-104,-2.455392373833191e-86,-2.76798836412184e-75,-3.847104128089787e-89,-4.374926650630461e-101,-7.516833976089024e-87,5.0691032174304394e-24,6.506760176050253e-18,1.0542556019151473e-24,4.3144381551914266e-17,-1.7445027852920095e-71,-6.92302932354369e-69,1.5276134383046408e-33,3.6387752204630625e-23,1.7909171670922923e-94,-4.487186208367657e-92,-6.408005967521716e-68,-3.834207135371724e-61,-6.923029275237507e-69,-4.232707765371778e-61,-9.311399404049052e-45,-2.485656823413079e-43,6.988510257057209e-36,1.2360938979975024e-19,3.3899964261046e-08,5.166863895100416e-29,3.908023874750648e-23,5.459629213325846e-28,6.129146383126475e-22,8.714723484433599e-46,6.2944357950636675e-40,8.81229120653043e-31,0.0001823239000477203,0.5000000000000066,2.1852789148391807e-14,0.2499999999999465,2.141375319020054e-14,2.4490318459229987e-20,-3.465233693987064e-45,-4.3379202869698207e-44,6.833478313848418e-34,-4.8705794888234196e-48,-3.299358754081386e-55,-7.628356234970035e-46,-9.73276076715587e-53,-5.799952116908359e-59,7.788583114750651e-31,6.301661689312659e-29,2.354973263723407e-30,3.8378157578636047e-20,0.0,-1.363827956609694e-54,-1.0053218702874749e-67,2.347833492900538e-20,-7.246997323170549e-36,1.1125775346863095e-31,-7.511045096567388e-82,2.5737759139883885e-28,3.573880590054086e-14,3.7959686381896564e-35,1.2574193824839923e-27,3.976883995173554e-34,3.740801977303327e-35,2.3030148547881457e-26,-1.1666225372502137e-50,-6.436257521028439e-70,8.811842755661108e-47,1.6808713503805618e-35,0.10000000149011144,4.63965497519704e-15,5.869602425660759e-22,5.260641390693037e-36,-1.3851972257363266e-62,-2.42060028820993e-54,-2.4992034989764673e-40,-3.207558846416802e-52,2.4231020630673225e-28,-1.6014260929774483e-72,2.4242675253732236e-27,8.103389731745193e-27,-6.782706731827542e-61,2.405610480647967e-42,-5.230308275016889e-51,2.25599999806606e-06,1.933940208500898e-15,6.179999999998811e-05,1.1910346571962862e-17,5.638389618713865e-40,4.2146400340273586e-33,1.9149988301281985e-39,-2.2032365873083642e-70,8.256867147982317e-38,9.77022322908059e-24,-4.932396738285474e-44,3.776743842422755e-30,-1.2182648857469269e-97,-1.1861699101154953e-47,-9.597765406554117e-38,-1.2390732621134417e-46,7.552536195040104e-30,1.0877821860543057e-32,2.770275173672031e-66,2.10595361615076e-38,3.950669214443669e-30,0.0003339999999998336,1.6538264541447701e-16,1.7281608967769863e-23,4.679359652284349e-32,-6.791307429474632e-63,9.883491649105181e-43,3.2249696797158125e-46,-7.378556076585725e-58,3.944727229278685e-47,-2.4239276034308704e-64,9.750936189282263e-19,1.4030912342246771e-22,2.58482250488349e-17,3.5099999999741137e-06,5.288238035335566e-50,7.509577619782256e-42,5.563644369860112e-17,1.7799999999443132e-06,1.3877036838401633e-40,1.2570471409433893e-35,-2.392129606177413e-71,5.561588134450139e-53,0.0,0.0,3.5561369781601996e-28,4.504651838171038e-20,3.5998208210089635e-41,5.629658722360557e-21,-4.6752464498414054e-57,8.548204507507647e-34,-4.6752464636651904e-57,-1.1659476985912205e-74,3.290682975774651e-49,8.167868321267155e-34,2.5530741844142014e-24,2.9283473051911113e-30,1.5425912016841386e-46,7.369106159631842e-40,2.2500141729292942e-43,2.114732372030088e-37,1.320063875929892e-29,-1.1264151479378144e-53,-5.44101905896132e-64
0.00019336944850166022,1.0000320390886404e-10,0.0001769999999967243,1.308515771915263e-34,2.7960317478632976e-28,4.648520693841671e-41,2.349054372190712e-32,1.2083351439979403e-49,1.3131765418691394e-38,-2.8431223214850243e-89,-1.590255406078241e-72,-3.1506971203083596e-81,9.925157743391782e-53,3.085273981831181e-43,-2.792551471198053e-63,1.016737220579305e-49,5.269144382243126e-48,6.204304309388915e-104,-4.294155902149466e-86,-2.32396325705103e-75,-5.5178234983111756e-89,-4.335784641840075e-101,-1.1781490518235061e-86,9.24017191906926e-24,9.409316141950415e-18,1.5245509266051792e-24,6.239037863983368e-17,-2.796331574417472e-71,-8.554281944478675e-69,4.6194823913247884e-33,7.609256322789486e-23,6.569923326605429e-94,-2.9477298830033176e-92,-7.660348486757393e-68,-5.213692521747901e-61,-8.554281781750376e-69,-3.819996190145178e-61,4.960783235038419e-44,1.3242720751987853e-42,2.1133183175187722e-35,1.806912585433479e-19,3.389994831847659e-08,9.172813254466921e-29,5.651338624820575e-23,1.1021697347920314e-27,8.863267290613014e-22,2.6493620566196652e-45,1.317128012499967e-39,1.2743649342050356e-30,0.00018232390006900755,0.5000000000000094,3.1600981798606625e-14,0.2499999999999226,3.0966064516271434e-14,5.121313767886566e-20,1.8461852159269028e-44,2.3111225915316495e-43,2.0664368863715193e-33,2.594879362765269e-47,-2.9776256622225558e-55,4.06419267387792e-45,5.1724278214881895e-52,-5.2344386196522445e-59,1.6287168964318166e-30,1.9056146554280536e-28,4.924624032701436e-30,5.549803771744539e-20,0.0,7.265945801660093e-54,-9.072993469057191e-68,4.90969147812873e-20,3.860990456538859e-35,2.3265766368039187e-31,-5.51820930996457e-82,7.780950798842711e-28,5.168129151180171e-14,1.0988236033121553e-34,2.6294631708507603e-27,1.2026054957131523e-33,7.842407352522859e-35,4.8159702845892716e-26,6.215344178734879e-50,-9.272896787104448e-70,2.664763727346595e-46,3.51527663067562e-35,0.10000000149010939,6.7093316055817796e-15,1.22742614154894e-21,1.1000902100888211e-35,7.3778071382077085e-62,-2.272571950568622e-54,1.331501206763872e-39,-2.8948024237264845e-52,5.067093612992378e-28,-1.501730507691308e-72,5.069529318591879e-27,1.694352418631606e-26,-6.1213668420281364e-61,7.27454603103148e-42,-4.7203174694062813e-51,2.25599999720336e-06,2.7966403173355595e-15,6.17999999999828e-05,1.7223360733120417e-17,1.4074936687068115e-39,9.842731117983003e-33,8.060078874825973e-39,-1.2039087604078256e-70,4.647086146246064e-37,2.043108355922781e-23,-4.4514702348487783e-44,1.1420830973247724e-29,-2.402550438424687e-97,-1.0705142329782126e-47,5.113378814559375e-37,-1.118259121735794e-46,1.5793557218182147e-29,3.28664792260884e-32,8.20565689500051e-66,6.36838654380884e-38,8.261478597270303e-30,0.0003339999999997594,2.39157090261911e-16,2.499067743307078e-23,1.4148167629659628e-31,-6.123751071948504e-63,2.9887596765408156e-42,9.804225374535912e-46,3.909285215309675e-57,1.1931000275544487e-46,-3.323949787543255e-64,1.4100674446359184e-18,2.934085743086957e-22,3.737870901993617e-17,3.509999999962566e-06,4.565273540647656e-49,2.270890068745976e-41,8.04549803626609e-17,1.7799999999194718e-06,2.901959480224363e-40,3.1146560593618446e-35,-3.430903991423066e-71,1.681879963829681e-52,0.0,0.0,7.43644887910837e-28,6.51409964020489e-20,1.0885816306391495e-40,8.140959584586266e-21,2.4908247690962243e-56,1.7875646623262808e-33,2.490824767848627e-56,-1.6798156952530481e-74,9.950986279420024e-49,1.7081621551680867e-33,3.6919695563169206e-24,6.123642027345928e-30,4.665565728141331e-46,2.228409018239927e-39,6.804024185886524e-43,6.295114587286693e-37,2.760463868865169e-29,7.766000461971547e-53,-4.7582058325752834e-64
0.0002796284980965741,1.000046331218962e-10,0.00017699999999526309,1.8922709922840261e-34,4.043365553576163e-28,9.721054570938032e-41,4.9122918881424527e-32,8.782326507879166e-49,3.971489263735962e-38,5.043608129251455e-88,-4.5648731719310857e-73,-6.060226145521756e-82,3.0026734711590462e-52,9.329964470073978e-43,1.333136475926119e-62,7.696839258372437e-49,1.593436808746712e-47,1.2133323899157542e-103,-3.2233434958920636e-86,1.1091563285702038e-74,2.0216776166433277e-89,1.3626903944391362e-100,-1.8958277236201273e-87,1.7355811232843823e-23,1.3606649022605652e-17,2.2046480905503737e-24,9.022167926485164e-17,-8.026922177211423e-72,1.1673245888382828e-68,1.3969258107842242e-32,1.5912159696829227e-22,2.2436451473089526e-93,2.2735978705336868e-91,1.230782064454301e-67,3.68419259166428e-61,1.1673246408953909e-68,1.539317356497301e-60,3.753898888640441e-43,1.0020961026340785e-41,6.390653114545831e-35,2.6535512442339396e-19,3.389992526419261e-08,1.6821939718464526e-28,8.172326309248335e-23,2.2476582223884067e-27,1.2817042513512467e-21,8.052331116708473e-45,2.756929162438546e-39,1.8429244936513523e-30,0.0001823239000997907,0.5000000000000138,4.569769909346265e-14,0.24999999999988806,4.4779483465753757e-14,1.0709476731176012e-19,1.3970307759255554e-43,1.7488556987356107e-42,6.248884343490994e-33,1.963582787637766e-46,1.199900958955764e-54,3.0754230426693793e-44,3.9162108113142403e-51,2.1092727983624787e-58,3.40590668500781e-30,5.762555406049333e-28,1.029817244590966e-29,8.025481622310107e-20,0.0,5.498257560198384e-53,3.656064239225663e-67,1.026693957537155e-19,2.921661276292313e-34,4.86524157422203e-31,3.475152469982816e-81,2.352508064390506e-27,7.473543493925905e-14,3.220211349403679e-34,5.498623001073108e-27,3.636666402312658e-33,1.6459592542228453e-34,1.0070958831287036e-25,4.7032450628468234e-49,3.1394768516633315e-70,8.058427450258896e-46,7.351932561928049e-35,0.1000000014901064,9.702258214043559e-15,2.566739809650782e-21,2.3004859226184622e-35,5.583238546180446e-61,8.278890196560334e-54,1.0075644882535107e-38,1.1665007489827393e-51,1.0596103283572631e-27,5.487675568731122e-72,1.0601192311582786e-26,3.5428777997222034e-26,2.4666746590868514e-60,2.1998166793330285e-41,1.9021213409696959e-50,2.255999995955823e-06,4.0441772861335275e-15,6.179999999997512e-05,2.4906423251679926e-17,3.634046831977488e-39,2.369515000707162e-32,3.094992436559742e-38,1.2631173279763455e-69,2.07399653135663e-36,4.2724620227243165e-23,1.7937696977817476e-43,3.4536466414539976e-29,-3.188240037062739e-97,4.3137550364158617e-47,3.869365217977165e-36,4.5061503537921596e-46,3.3026845968225717e-29,9.932945726590562e-32,2.32721371598879e-65,1.9257949106189533e-37,1.727606713540291e-29,0.00033399999999965207,3.458409997006597e-16,3.6138657082034556e-23,4.277937817529632e-31,2.472968599298647e-62,9.037984573653849e-42,2.979844154496248e-45,2.961868004042332e-56,3.608555924568545e-46,2.1656428700791382e-64,2.039076207329632e-18,6.13563587223252e-22,5.405275934263262e-17,3.5099999999458677e-06,2.240160858209615e-48,6.867152883616497e-41,1.1634467326064178e-16,1.7799999998835494e-06,6.06861064791836e-40,7.982812907397003e-35,1.2575411125037796e-71,5.086168570325332e-52,0.0,0.0,1.5550798723802574e-27,9.419923674277048e-20,3.2918583821914118e-40,1.1772511166915099e-20,1.8848411176284966e-55,3.7380791260021946e-33,1.8848411181312245e-55,5.687133420302423e-75,3.009166627498284e-48,3.5724345469263166e-33,5.338918377502797e-24,1.280551465443019e-29,1.4110900694423356e-45,6.738683009912472e-39,2.057531290650262e-42,1.8827638186062443e-36,5.772569596761473e-29,5.586328872982929e-52,2.0684002436489017e-63
0.0004043663440818802,1.0000669988424762e-10,0.00017699999999314998,2.7364998065002957e-34,5.847203407774292e-28,2.0328355756054886e-40,1.0272519386356256e-31,1.1890267930454343e-49,1.200750519968836e-37,-3.4237661651767874e-83,-3.7099099552834904e-68,-8.970536739471502e-77,8.971213913742948e-52,2.8212881042954494e-42,-1.7746209889031092e-60,3.7070782046105532e-50,4.818274119656046e-47,7.867461523348016e-98,-1.0332903329936156e-80,-1.4858776876070258e-72,-1.803744678295954e-85,-2.3266517413800667e-96,-3.243778913109992e-82,3.344952906982194e-23,1.9676330282153006e-17,3.1881502339549604e-24,1.3046801751692155e-16,-6.523581114693174e-67,-3.4949118349894415e-65,4.2242957135848e-32,3.3274837405729803e-22,1.7552399742387805e-88,-2.712243671255268e-86,-3.076391259853337e-63,-1.784612959960609e-57,-3.4949117646648996e-65,-2.281036770485574e-58,2.572734157915791e-44,6.8698640009957455e-43,1.9325315343049405e-34,3.92216696747773e-19,3.389989192578528e-08,3.1764848206918423e-28,1.1817903049389568e-22,4.617571239217466e-27,1.8534547368202777e-21,2.414748289485285e-44,5.773043039331611e-39,2.6652499189276366e-30,0.00018232390014430574,0.5000000000000199,6.60827601995718e-14,0.24999999999983807,6.475479297740194e-14,2.239520258694625e-19,9.573183541005039e-45,1.198284181406527e-43,1.889660602995834e-32,1.3463832572462701e-47,-1.7780741257467166e-52,2.107912020794555e-45,1.5726304415484868e-52,-3.1257704510562513e-56,7.12229383311282e-30,1.7425969226399116e-27,2.15351158058914e-29,1.1605518259459513e-19,0.0,3.7642781282001693e-54,-5.417792700085118e-65,2.1469783182756818e-19,2.0064626841252253e-35,1.0173992490686185e-30,-2.3042299798480347e-78,7.113049406835344e-27,1.0807359855414467e-13,9.523305665747939e-34,1.1498486158934626e-26,1.099726994689868e-32,3.4600385579766032e-34,2.1059971966916484e-25,3.2227813917966626e-50,-3.028593881079175e-66,2.436358502907733e-45,1.5376837498275864e-34,0.10000000149010208,1.4030281999026742e-14,5.367450249609634e-21,4.81067156131981e-35,3.35588828286129e-62,-1.3420506986007624e-50,6.9176774406169064e-40,-1.7285664377841694e-49,2.2158149483691386e-27,-8.629527685214788e-69,2.2168778083942857e-26,7.408311430253368e-26,-3.655329026976271e-58,6.652232206869272e-41,-2.818603486385131e-48,2.2559999941517797e-06,5.8482207449134155e-15,6.1799999999964e-05,3.6016771745628093e-17,9.687483443428817e-39,5.89624237438696e-32,6.122112284217727e-38,-1.139143102276103e-67,2.1638916234107733e-36,8.934389338515651e-23,-2.6581296806657583e-41,1.0443821919551534e-28,-4.6508426168191775e-90,-6.392661559510172e-45,2.654459445382539e-37,-6.677492233249179e-44,6.906440008465164e-29,3.0025001696385825e-31,5.937737171451169e-62,5.8235915207499974e-37,3.612700550953199e-29,0.0003339999999994969,5.001146041700385e-16,5.225961116083978e-23,1.2935531147922861e-30,-3.659613042718649e-60,2.7330809532901465e-41,8.936014145833449e-45,-1.3197228192052418e-59,1.0908855306597298e-45,-1.1533553126992816e-60,2.9486758202038426e-18,1.2830577117906209e-21,7.816483953471385e-17,3.5099999999217196e-06,2.5424411006429258e-48,2.0766227543713487e-40,1.6824418985742316e-16,1.7799999998316025e-06,1.2690888126773719e-39,2.113728892933952e-34,-1.1154469727124056e-67,1.537340612061999e-51,0.0,0.0,3.25191949918752e-27,1.3621975963575257e-19,9.954576531624293e-40,1.7024038667617097e-20,1.2934491208312687e-56,7.816908619522296e-33,1.293448375853436e-56,-5.486648552475219e-71,9.099718050724932e-48,7.471725127027263e-33,7.72056643766669e-24,2.6778381491963054e-29,4.266010925348251e-45,2.037777249495762e-38,6.221961929354859e-42,5.649815431388073e-36,1.2071361996996765e-28,9.53359739678499e-53,-2.919030373764942e-61
0.0005847477683396706,1.0000968859658976e-10,0.0001769999999900943,3.957508321666584e-34,8.455916805650149e-28,4.250110842830642e-40,2.1481864334203524e-31,-5.149338810027429e-47,3.626467989044725e-37,-6.029958062747686e-82,-6.880446249300555e-67,-1.6590690395660359e-75,2.5452667422582342e-51,8.529939023491003e-42,-3.331278812549352e-59,-4.66830127636433e-47,1.4565035263764283e-46,1.5228134589163702e-96,-1.9280455137520815e-79,-2.7889805293824852e-71,-3.322215662429155e-84,-4.200846963251613e-95,-5.999103405911684e-81,6.583531268349765e-23,2.845356812104888e-17,4.610435277605918e-24,1.886674742447951e-16,-1.2098716983053269e-65,-6.385808250001799e-64,1.2774335789020298e-31,6.958291334887669e-22,4.772417916907181e-87,-4.8479841758960863e-85,-5.59722081946056e-62,-3.278505462687432e-56,-6.385808085037146e-64,-4.271187703759064e-57,-2.2628205897395892e-41,-6.040519518179078e-40,5.844018325844208e-34,5.849340829043511e-19,3.389984371570023e-08,6.149079292837342e-28,1.708974807141301e-22,9.536601761990965e-27,2.680256801454841e-21,6.888642658143971e-44,1.2095989269682663e-38,3.8547907487172446e-30,0.0001823239002086782,0.5000000000000288,9.556131908841079e-14,0.24999999999976583,9.364065274686145e-14,4.683187665385591e-19,-8.421210344846487e-42,-1.0542011512503753e-40,5.714373658676745e-32,-1.1836204345129377e-44,-3.329402668785507e-51,-1.8538363020228136e-42,-2.381009111718058e-49,-5.852925561728691e-55,1.489385145388617e-29,5.26969158294511e-27,4.503334661516651e-29,1.6782548571803997e-19,0.0,-3.314378574346214e-51,-1.014469127587096e-63,4.489666607445906e-19,-1.7610792183388807e-32,2.1275430376982046e-30,-4.2858309281688816e-77,2.1508076905583644e-26,1.5628324652274672e-13,2.8349815318174535e-33,2.404513399079969e-26,3.325602858295903e-32,7.289780044672021e-34,4.403973316058497e-25,-2.835089711265431e-47,-5.577599073751479e-65,7.359395415396133e-45,3.216337036535682e-34,0.10000000149009582,2.0288968673831692e-14,1.1224158214036452e-20,1.0058847391801815e-34,-3.3741648690689225e-59,-2.4283065309504337e-49,-6.073293269861111e-37,-3.236700012132399e-48,4.633624807223658e-27,-1.5616220248620422e-67,4.6358433737417275e-26,1.5491362192603403e-25,-6.844514740417823e-57,2.011636181610082e-40,-5.277769806170142e-47,2.255999991542981e-06,8.457019427198748e-15,6.179999999994793e-05,5.208325705134139e-17,2.656320629023452e-38,1.5176348628366474e-31,-4.773867720188717e-37,-2.1636056286268326e-66,-7.306507829784024e-35,1.8683202582477147e-22,-4.977285837608539e-40,3.158245424087238e-28,-8.796059040544444e-89,-1.197009256060719e-43,-2.332375350792678e-34,-1.2503450368065474e-42,1.44424670851194e-28,9.07710995055243e-31,1.2529111412412265e-60,1.761054007384177e-36,7.554731267786709e-29,0.0003339999999992725,7.232065771464232e-16,7.557194542357168e-23,3.911548633262427e-30,-6.852745417912013e-59,8.26484027871814e-41,2.5492127116561725e-44,-1.8227592035549083e-54,3.292045000310823e-45,-2.1187082330705183e-59,4.2640334186925614e-18,2.6830734916504757e-21,1.1303293696396633e-16,3.5099999998867994e-06,-7.891874990004074e-47,6.279709102881541e-40,2.432952589260639e-16,1.7799999997564832e-06,2.6540048057900546e-39,5.763972180951082e-34,-2.0543372465230306e-66,4.637688239258598e-51,0.0,0.0,6.800280806925767e-27,1.9698468307428546e-19,3.010300235480671e-39,2.461818578878953e-20,-1.136136692479476e-53,1.634636955747995e-32,-1.1361367064290133e-53,-1.0104471317244358e-69,2.751790184129086e-47,1.5628181933227679e-32,1.1164674834332877e-23,5.599789158858941e-29,1.28775676680696e-44,6.162316086079379e-38,1.8815221066344305e-41,1.6993760760678369e-35,2.5243138434030894e-28,-3.2333510497661296e-50,-5.471880759814482e-60
0.0008455944902006664,1.0001401052624608e-10,0.00017699999998567549,5.723683259067955e-34,1.2228862888778018e-27,8.88660611519146e-40,4.492320714806312e-31,-1.818690068570779e-46,1.096409088926979e-36,-2.1944140862283047e-81,-2.7590389719752837e-66,-6.620683115759663e-75,7.5394039202338e-51,2.5793462577032485e-41,-1.2699802622782608e-58,-1.647994540897062e-46,4.404175235285699e-46,6.554795579161119e-96,-7.815717632807298e-79,-1.063537698937618e-70,-1.3113691860974264e-83,-1.6039974799371137e-94,-2.3938523177298374e-80,1.3172448411399295e-22,4.1146125597948704e-17,6.667322372336953e-24,2.7282850314033256e-16,-4.851550647956685e-65,-2.481642152069912e-63,3.862953651528301e-31,1.4550873381893603e-21,2.97740405148359e-86,-1.8168713990947695e-84,-2.16808612152252e-61,-1.2873677256084907e-55,-2.4816420615264784e-63,-1.6285938508314067e-56,-7.984117053342106e-41,-2.1313307389413557e-39,1.7672296630790473e-33,8.8299397697469e-19,3.389977399998074e-08,1.2145187623933892e-27,2.4713351241415744e-22,1.9769870728605935e-26,3.8758879058749925e-21,2.0621576589189706e-43,2.536637238634581e-38,5.576068834727782e-30,0.0001823239003017662,0.5000000000000416,1.3818988998900815e-13,0.24999999999966138,1.3541178825045158e-13,9.793273190173164e-19,-2.971334240612792e-41,-3.7196368345298915e-40,1.728025047106407e-31,-4.176272922649436e-44,-1.2694944910159564e-50,-6.541061129156956e-42,-8.407051892028427e-49,-2.2317093909912185e-54,3.114541717742398e-29,1.5935553991531407e-26,9.417186563949312e-29,2.426896180055596e-19,0.0,-1.169444641324292e-50,-3.8681507774458753e-63,9.388586458224104e-19,-6.213755185616485e-32,4.44902868191069e-30,-1.704518299884294e-76,6.503631237492412e-26,2.2599815693921802e-13,8.479129008842088e-33,5.028210665815312e-26,1.0056616627649524e-31,1.5408916206876664e-33,9.209402539921486e-25,-1.0003309714465417e-46,-2.2013440496914175e-64,2.2247774554833179e-44,6.728355626678955e-34,0.10000000149008677,2.933955638739518e-14,2.347139550348005e-20,2.103329623483199e-34,-1.1908552992978058e-58,-9.25299561590093e-49,-2.142889096507075e-36,-1.2341455657527165e-47,9.68965573507661e-27,-5.950719325239396e-67,9.694282885654693e-26,3.239403133051363e-25,-2.6097995292363705e-56,6.0831758731476e-40,-2.012399464232649e-46,2.2559999877704384e-06,1.2229561895041243e-14,6.17999999999247e-05,7.531671832740702e-17,7.463021344499828e-38,4.0343274639478015e-31,-1.776631083124387e-36,-8.246206751379896e-66,-2.6176871822776974e-34,3.9069464814372623e-22,-1.8978292720228352e-39,9.55053142695374e-28,-3.647839089364126e-88,-4.564172551879364e-43,-8.229519686891478e-34,-4.7675409736868685e-42,3.020150109117232e-28,2.7443835085083668e-30,6.095574251465609e-60,5.325416319720852e-36,1.5798142851422047e-28,0.000333999999998948,1.04581500057841e-15,1.0928370560219674e-22,1.1828106052607115e-29,-2.6129338815706148e-58,2.4992827294591177e-40,7.631226474971956e-44,-6.442291281650462e-54,9.951503170050156e-45,-8.320214698913752e-59,6.166151215095857e-18,5.61072010522064e-21,1.6345514063361225e-16,3.5099999998363027e-06,-2.8218562354786474e-46,1.898980218206269e-39,3.51825421253508e-16,1.7799999996478542e-06,5.550363889972577e-39,1.6117146998122794e-33,-8.107852113736417e-66,1.4014217536876148e-50,0.0,0.0,1.4220467371713127e-26,2.848552715438564e-19,9.103147412833721e-39,3.5599954065379713e-20,-4.008726194424894e-53,3.4182766280437927e-32,-4.008726247614206e-53,-3.98799559296795e-69,8.321414201397747e-47,3.2691947258973315e-32,1.614523923283754e-23,1.1710059973575114e-28,3.893019849043408e-44,1.863484452651374e-37,5.689711548055917e-41,5.11981457149545e-35,5.278741486013561e-28,-1.1417476225190262e-49,-2.0862484296752796e-59
0.0012228008050171417,1.0002026040041318e-10,0.00017699999997928555,8.279092438663925e-34,1.768621502636497e-27,1.8586738867184905e-39,9.394534985001186e-31,-2.613615453157599e-46,3.31808668137375e-36,-4.484691516503942e-81,-7.060468006486423e-66,-1.6780036346920384e-74,2.3365209030407463e-50,7.800724840907628e-41,-2.8969580644864327e-58,-2.380358633803966e-46,1.3321149066212172e-45,1.904248791067332e-95,-2.0427744046522794e-78,-2.4277305841081812e-70,-3.2494006259347883e-83,-3.697214968731736e-94,-6.066412010235588e-80,2.6685631225722947e-22,5.950049148899924e-17,9.642118964922635e-24,3.9453184055780654e-16,-1.2415272896078024e-64,-5.94814090485145e-63,1.16814836555516e-30,3.0428126108066108e-21,1.300017798804344e-85,-4.006320661530533e-84,-5.161715421436846e-61,-3.1550929108757607e-55,-5.948140549715917e-63,-3.718085963170002e-56,-1.1486466313692647e-40,-3.066257968934409e-39,5.3440573092686874e-33,1.3545284979901463e-18,3.389967318543609e-08,2.436590677423786e-27,3.5737872702947197e-22,4.1092502772869245e-26,5.604883095990985e-21,6.4655935031852076e-43,5.32631127415079e-38,8.068358116347431e-30,0.00018232390043637926,0.5000000000000603,1.9983458719125647e-13,0.2499999999995103,1.958158453074628e-13,2.047923859111122e-18,-4.2747665926112463e-41,-5.351332919979782e-40,5.2255046778906165e-31,-6.008217195389193e-44,-2.8982665720106313e-50,-9.410393738995946e-42,-1.2161892770590974e-48,-5.0950163845297546e-54,6.513003318610974e-29,4.818848620152833e-26,1.9692825882598615e-28,3.509492799810304e-19,0.0,-1.682462383480799e-50,-8.831023719680765e-63,1.963296399432593e-18,-8.93926222298779e-32,9.303619214880394e-30,-4.2858903907239225e-76,1.9665967906832972e-25,3.2681116146115583e-13,2.5444489750866675e-32,1.051475931474197e-25,3.0410929348369213e-31,3.2723671506276665e-33,1.9258305445663458e-24,-1.4391442626402181e-46,-5.4531962552175535e-64,6.730789393610934e-44,1.4077893560358865e-33,0.10000000149007368,4.242746799153868e-14,4.9082101164999354e-20,4.3987249151276594e-34,-1.7165072710351252e-58,-2.1215571157814484e-48,-3.082824288681802e-36,-2.8175559453394126e-47,2.0262637749662024e-26,-1.364482103273298e-66,2.027227689302563e-25,6.773978028395384e-25,-5.958194425794594e-56,1.83954442470245e-39,-4.594305608146055e-46,2.2559999823150245e-06,1.7684975821924193e-14,6.17999999998911e-05,1.0891419870273047e-16,2.138348391310463e-37,1.1039089296165152e-30,-1.6792526896255307e-36,-1.8764435774248607e-65,-3.5284460960320943e-34,8.170020640939686e-22,-4.332761687259777e-39,2.8880504521052476e-27,-9.945512405152899e-88,-1.0420049725461414e-42,-1.183936229734491e-33,-1.0884339690146994e-41,6.315615347775165e-28,8.297808183687098e-30,2.102040424990598e-59,1.610399532574929e-35,3.303642130626213e-28,0.0003339999999984787,1.512331117991282e-15,1.580340884628822e-22,3.576695216741594e-29,-5.9652994531351664e-58,7.557798997362998e-40,2.3926576578872543e-43,-9.391419970068302e-54,3.013005684795841e-44,-2.0395212753683522e-58,8.91677364171065e-18,1.1732866950778378e-20,2.3636989108956566e-16,3.5099999997632796e-06,-3.705421825133659e-46,5.742492300156204e-39,5.087691698059461e-16,1.7799999994907675e-06,1.1607956341807322e-38,4.599246133013082e-33,-2.0084099352428016e-65,4.241889672665843e-50,0.0,0.0,2.9737252508626106e-26,4.119222726178813e-19,2.7527606051743295e-38,5.1480499319219375e-20,-5.767111502442051e-53,7.148131612597133e-32,-5.76711162387374e-53,-9.879132302635639e-69,2.516365893624203e-46,6.839711802254642e-32,2.334775064979448e-23,2.4487626779903425e-28,1.1785182417365818e-43,5.6351112823682755e-37,1.720561476939234e-40,1.5442342146232514e-34,1.1038686392048235e-27,-1.634158527700847e-49,-4.7611557745035e-59
0.0017682728850275922,1.0002929824473995e-10,0.00017699999997004517,1.1978321994139673e-33,2.558160204863593e-27,3.889208825487863e-39,1.964663328781386e-30,5.339294619905956e-46,1.0045590695621158e-35,-2.8775700083689805e-81,-1.282048514703955e-65,-2.9712770121576934e-74,7.375105688217417e-50,2.3593141916131726e-40,-3.6017929114923686e-58,4.7483686825303445e-46,4.0296678516440104e-45,4.5141390857141016e-95,-3.9082063930489827e-78,-3.0273180657272694e-70,-5.4038651238431065e-83,-4.816042473023431e-94,-1.0738269903132347e-79,5.456025862951278e-22,8.604215555279508e-17,1.394488525321838e-23,5.70523867771457e-16,-2.2543812244006718e-64,-8.924696328721456e-63,3.532445290377631e-30,6.362985134791941e-21,4.8661905072216797e-85,-4.280218163492001e-84,-7.572993673524824e-61,-5.079381290839653e-55,-8.92469510908126e-63,-4.639999887686961e-56,2.3317401344912105e-40,6.224577024384118e-39,1.6160242652450002e-32,2.1211300900609815e-18,3.38995273996494e-08,4.946176411394334e-27,5.168057150779036e-22,8.557105730850477e-26,8.105180716631486e-21,2.0606345724407445e-42,1.1204309441451221e-37,1.1681697221052336e-29,0.000182323900631041,0.5000000000000872,2.8897841712448553e-13,0.24999999999929184,2.8316410709364443e-13,4.282518063715807e-18,8.677612968349252e-41,1.086294323984183e-39,1.5801748794551755e-30,1.219695826213495e-43,-3.6169335757970213e-50,1.9102991930245442e-41,2.409498414681261e-48,-6.358426877356087e-54,1.361972895841029e-28,1.4571928302415868e-25,4.118080050532313e-28,5.075014983283478e-19,0.0,3.4151692260385017e-50,-1.1020819431904383e-62,4.105545492647851e-18,1.8148795793030042e-31,1.9455323668878188e-29,-7.424777706383007e-76,5.946743357838663e-25,4.725939469600175e-13,7.653314971350465e-32,2.1987944890636817e-25,9.196148653821071e-31,6.995171415510385e-33,4.027211598589533e-24,2.9214158045721082e-46,-9.061923028118823e-64,2.0369948289367877e-43,2.9463474353274382e-33,0.10000000149005477,6.135368975413294e-14,1.0263750438532522e-19,9.200973879232626e-34,3.455666414027646e-58,-2.704456965151037e-48,6.258758471188362e-36,-3.5161637460636826e-47,4.2372474978210533e-26,-1.7397802275981836e-66,4.239252018721097e-25,1.416526864910305e-24,-7.435616207610599e-56,5.562752932616692e-39,-5.7334287810286474e-46,2.2559999744260366e-06,2.5573963512168383e-14,6.179999999984252e-05,1.5749885738473848e-16,6.220020925793306e-37,3.0954698256472385e-30,1.1860752896545773e-35,-2.306360484529916e-65,9.507767403161581e-34,1.708473307418327e-21,-5.407140569672564e-39,8.733336964265892e-27,-2.0902525036148094e-87,-1.3003882194445732e-42,2.4035159802959804e-33,-1.3583287809543973e-41,1.3206958514897586e-27,2.5089852542497078e-29,6.341584571837213e-59,4.869825218485802e-35,6.908438145195851e-28,0.0003339999999978001,2.18694680042533e-15,2.285319566903076e-22,1.081558704014127e-28,-7.444196396649138e-58,2.2854666668702082e-39,7.625577391718416e-43,1.7973202314915394e-53,9.128318272760549e-44,-3.285369746477127e-58,1.2894405175434007e-17,2.4535164453233355e-20,3.4181075735873827e-16,3.509999999657682e-06,1.0937467812132854e-45,1.7365209348562517e-38,7.357230378733069e-16,1.7799999992636068e-06,2.42779001445704e-38,1.3333954073949157e-32,-3.3371211725778008e-65,1.2848840735643645e-49,0.0,0.0,6.218530002678637e-26,5.956692042922566e-19,8.324215720961694e-38,7.444507095587186e-20,1.1708067196793988e-52,1.4947792765144678e-31,1.1708067045251338e-52,-1.6416884142526791e-68,7.609363675318029e-46,1.4312920456296567e-31,3.376359843479706e-23,5.120760565562428e-28,3.5696640657637516e-43,1.7040296920768072e-36,5.202951085575247e-40,4.661395200526673e-34,2.3083642162635233e-27,3.3986545935761713e-49,-5.931883842923239e-59
0.0025570714241392473,1.0004236772883836e-10,0.00017699999995668278,1.7338958246547515e-33,3.7008827212929214e-27,8.142730257385978e-39,4.10878035332874e-30,5.650482267501798e-45,3.0413515946827097e-35,2.453831943698132e-80,-1.0533441990715371e-65,-2.054679523816142e-74,2.3287414834099847e-49,7.135720303187454e-40,5.529640299705278e-58,5.076890544424943e-45,1.2189842308591017e-44,9.105905560067653e-95,-4.2273007892480947e-78,4.581017712457267e-70,-1.9027247997959297e-83,5.736919614376953e-94,-7.406501910960568e-80,1.1229597593828706e-21,1.2442302123515907e-16,2.0169651753053365e-23,8.250205543462158e-16,-1.852225854132397e-64,2.2539002313306992e-63,1.0682007448332898e-29,1.3305952434342383e-20,1.6799134868353996e-84,1.178203045945604e-83,2.9726682345732587e-61,-8.531332835868058e-56,2.2539041699550223e-63,6.993245361597587e-56,2.4740952389856994e-39,6.604544511387206e-38,4.886800594419055e-32,3.4068698603116632e-18,3.389931658224015e-08,1.012777214136066e-26,7.473571006214275e-22,1.784246919781764e-25,1.1720873901684738e-20,6.55275427352573e-42,2.363041038457408e-37,1.6934267590557344e-29,0.000182323900912538,0.500000000000126,4.178887540881434e-13,0.24999999999897593,4.094747687227163e-13,8.955375957629953e-18,9.207443964512426e-40,1.1526231307058045e-38,4.7783948834488176e-30,1.2941436774182366e-42,5.451088658411315e-50,2.026925144053144e-40,2.583982156022861e-47,9.5825924477787e-54,2.8481027578481995e-28,4.406468950577753e-25,8.61155044263936e-28,7.338884197341145e-19,0.0,3.62376614840637e-49,1.6609382500370103e-62,8.585288840867454e-18,1.925578744482179e-30,4.0684100813680277e-29,-4.26963740216965e-76,1.7982374247719697e-24,6.834053976111072e-13,2.3057622016204533e-31,4.598001653890759e-25,2.780879941918419e-30,1.5089071223211403e-32,8.421520039934832e-24,3.0997856722381474e-45,-3.1521041190613813e-64,6.164926888526252e-43,6.168766304177576e-33,0.1000000014900274,8.872259940246786e-14,2.1462837881588926e-19,1.925110246837267e-33,3.6799477263565503e-57,3.643501822115721e-48,6.640558114032176e-35,5.299559422718645e-47,8.860780933544088e-26,2.3409386609827496e-66,8.864938906762836e-25,2.962151401921213e-24,1.1206221958902694e-55,1.6821675575821556e-38,8.641616541147877e-46,2.2559999630178966e-06,3.698210367141103e-14,6.179999999977225e-05,2.277561000961384e-16,1.829664351739812e-36,8.853021397573825e-30,8.74828578957086e-35,3.7422313884341163e-65,9.028153008348458e-33,3.57266508639949e-21,8.149053114018498e-39,2.640922264855833e-26,-3.170046768835404e-87,1.9597948372303016e-42,2.550189249249257e-32,2.0471261384277757e-41,2.7617855660215017e-27,7.5865661855123e-29,1.8108874566756566e-58,1.4726281751550165e-34,1.444663274904119e-27,0.0003339999999968187,3.162485543355443e-15,3.304792954317435e-22,3.2705474883895905e-28,1.1221307279186306e-57,6.911215527116136e-39,2.4249079567996982e-42,1.957392847444252e-52,2.7655922521960354e-43,-5.63051806930635e-59,1.8646395142119773e-17,5.1306544732559815e-20,4.942871247644523e-16,3.5099999995049794e-06,1.0054816413781891e-44,5.251212783984954e-38,1.0639174291867714e-15,1.7799999989351133e-06,5.078049118759856e-38,3.912123187245146e-32,-1.158645987480954e-65,3.892257727510875e-49,0.0,0.0,1.3003926799185127e-25,8.613771981916281e-19,2.517202552288711e-37,1.0765370450626025e-19,1.242244428065355e-51,3.1257945507034953e-31,1.2422444303492411e-51,-5.711025644046866e-69,2.3010329844687698e-45,2.9960816335763273e-31,4.8826648487377313e-23,1.0708349140685414e-27,1.0812414019103303e-42,5.152900687618165e-36,1.5733642652848144e-39,1.4078537371008674e-33,4.827154286757797e-27,3.56922998415275e-48,9.01401693091905e-59
0.0036977405034673127,1.0006126730393091e-10,0.00017699999993735967,2.5123755498432443e-33,5.356110060469651e-27,1.705240576876704e-38,8.593183358704916e-30,2.3020659009334775e-44,9.202202546749906e-35,-3.7639027892172046e-76,-4.1422630124688536e-62,-1.0207550652863492e-70,6.0002058779473135e-49,2.1576982537210742e-39,-1.5340112603653096e-56,2.0659389522646927e-44,3.6866697331732177e-44,8.79139203411021e-90,-1.2116073307715196e-73,-2.2361826385565812e-68,-3.0840001202400045e-80,-2.5482671763163224e-90,-3.7133483374630084e-76,2.322290123933843e-21,1.7992369843020917e-16,2.917843853073886e-23,1.1930387515012313e-15,-7.284055688852811e-61,-3.922321341484007e-60,3.230218860690065e-29,2.782467462377582e-20,2.5732878599866103e-80,-3.107789704895567e-79,-3.4845835812741927e-57,-1.9984555530802027e-52,-3.922320568801855e-60,-1.9738661634554213e-54,1.0145551877161597e-38,2.7083532603067526e-37,1.4777581172496706e-31,5.636647352360987e-18,3.3899011724841e-08,2.0867720772338024e-26,1.0807674892653885e-21,3.7237273703750545e-25,1.6949580102509118e-20,2.0271534579865438e-41,5.001953607867822e-37,2.4611290938951936e-29,0.000182323901319606,0.5000000000001822,6.043057410710205e-13,0.2499999999985191,5.921258556083473e-13,1.8726961440174846e-17,3.7756826336902086e-39,4.726534000482635e-38,1.4449766973109808e-29,5.3069740286302375e-42,-1.5388476165051947e-48,8.311828046376206e-40,1.0486067219886052e-46,-2.7061879955921788e-52,5.955837566840502e-28,1.3325021845000937e-24,1.8008090206091446e-27,1.061261367026393e-18,0.0,1.485962956529895e-48,-4.68833759355546e-61,1.7953022284156596e-17,7.896650114504904e-30,8.507669101411294e-29,-2.1767273768121307e-72,5.4377545336308044e-24,9.882507953968134e-13,6.954642800370123e-31,9.61506932890824e-25,8.409317196844316e-30,3.294598436386801e-32,1.7610676149540867e-23,1.2711269925210688e-44,-3.409051568618171e-61,1.8604206190439804e-42,1.2922283114293223e-32,0.10000000148998782,1.2830034633214833e-13,4.48813067834988e-19,4.028349903571381e-33,1.4700824614018204e-56,-1.5010566154034396e-45,2.7232237808066764e-34,-1.4955477645508265e-45,1.8529368756913395e-25,-9.678330729614902e-64,1.8537961529277947e-24,6.1942744981333564e-24,-3.163763454754358e-54,5.086854943047564e-38,-2.438281236404263e-44,2.2559999465207657e-06,5.3479234454788847e-14,6.179999999967066e-05,3.2935343645484725e-16,5.423721057527219e-36,2.5709960477197215e-29,3.4229505028257052e-34,-1.5016950631305858e-63,3.6561713042063543e-32,7.470936755277705e-21,-2.3003010328459724e-37,7.986080548654559e-26,-5.2758139379935645e-81,-5.534903342193588e-41,1.045784808206934e-31,-5.7782814725817786e-40,5.7753338860011246e-27,2.294055045740961e-28,6.628343302382716e-56,4.45321158474606e-34,3.0210173576814104e-27,0.0003339999999953997,4.57317092262788e-15,4.779068387958213e-22,9.889971647038355e-28,-3.1687423983057788e-56,2.0899436141394705e-38,7.501662487028427e-42,7.640008065091601e-52,8.367672764833116e-43,-1.2950936681130904e-55,2.6964256724267622e-17,1.0728896818638022e-19,7.147807857191163e-16,3.509999999284158e-06,4.056479930130369e-44,1.5879607836600142e-37,1.5385141337487764e-15,1.7799999984600843e-06,1.0622497122115674e-37,1.157916768943343e-31,-1.276230047283481e-62,1.170764963740245e-48,0.0,0.0,2.7193251371464227e-25,1.2456017473655324e-18,7.611950416854168e-37,1.5567603751118105e-19,5.094252301860383e-51,6.536452421271411e-31,5.094252237393034e-51,-6.178803491109905e-66,6.958257000319899e-45,6.274422182653732e-31,7.061087975851245e-23,2.2392933049343846e-27,3.27234244827186e-42,1.5582224198388892e-35,4.7578353789196713e-39,4.2536842583327565e-33,1.0094339209592891e-26,1.4619838837802214e-47,-2.5239230795153877e-57
0.005347244000266954,1.0008859768245611e-10,0.00017699999990941683,3.647770842099789e-33,7.757580259350571e-27,3.492866212355543e-38,1.797153961431824e-29,-3.3239503069525338e-43,2.746429133845231e-34,-3.681867317048983e-74,-4.245721561397335e-60,-1.04369392679317e-68,-1.0745278324053367e-47,6.482889179011176e-39,-2.1057104014483287e-54,-3.047026654637802e-43,1.1093333832482372e-43,9.351001311241717e-88,-1.2476463416050548e-71,-2.733541501238286e-66,-3.178643982671148e-78,-2.523954785830168e-88,-3.797152386614476e-74,4.818702265891533e-21,2.601796619201109e-16,4.222652615810206e-23,1.7252126806962277e-15,-7.4659865990694825e-59,-4.035262686002201e-58,9.768923789174689e-29,5.818524621307356e-20,3.501687748862834e-78,-3.0819728287617078e-77,-3.514948049494529e-55,-2.0595893819827756e-50,-4.0352617137890694e-58,-2.7033098568449744e-52,-1.3936752984298265e-37,-3.7201530769549713e-36,4.469159402749948e-31,9.635846704563706e-18,3.3898570880231345e-08,4.318949047040266e-26,1.5629355791226364e-21,7.776404622762153e-25,2.451095838326326e-20,2.7676265423728804e-41,1.062324830925238e-36,3.5955954318435706e-29,0.00018232390190825977,0.5000000000002636,8.738841368099815e-13,0.2499999999978585,8.562447446123987e-13,3.9160585868335564e-17,-5.186906016799538e-38,-6.493289566554157e-37,4.3700039871312746e-29,-7.289253117390029e-41,-2.107450085501032e-46,-1.1417895334944115e-38,-1.5853141410221458e-45,-3.705761965887662e-50,1.2454569387891024e-27,4.030161855881738e-24,3.765768275110434e-27,1.5346668664813324e-18,0.0,-2.0417544037861594e-47,-6.420870281272118e-59,3.7542070943511624e-17,-1.0842132164294807e-28,1.7790816878188605e-28,-2.2325925239246973e-70,1.6445127506743337e-23,1.429070972211677e-12,2.0994519030190053e-30,2.0106385261293727e-24,2.543245651058921e-29,7.27853113724177e-32,3.6826535288383704e-23,-1.7461996883613165e-43,-3.5157027689807625e-59,5.127091269285611e-42,2.705257135425553e-32,0.10000000148993059,1.8553309955115815e-13,9.38512175449415e-19,8.345817350023621e-33,-2.477186097728545e-55,-1.5396677723569262e-43,-3.73923334437713e-33,-2.0483149101020032e-43,3.8748055732593854e-25,-9.927978712570377e-62,3.876571500272951e-24,1.2953104103966799e-23,-4.332682536030863e-52,1.5383070541070797e-37,-3.3396231493188294e-42,2.255999922664526e-06,7.733547391399699e-14,6.179999999952372e-05,4.762705859055875e-16,1.595174124985229e-35,7.55405150115962e-29,-3.924778128490229e-33,-1.8894788966082743e-61,-4.818366532396954e-31,1.5622691389665928e-20,-3.150332726466804e-35,2.41529538379448e-25,-5.497019285910748e-79,-7.579175977223468e-39,-1.4362372241843385e-30,-7.913648535406273e-38,1.2077143805298577e-26,6.937934609543362e-28,7.584668531015125e-54,1.3466799210379765e-33,6.317417235397837e-27,0.00033399999999334765,6.613086864884675e-15,6.911059804300173e-22,2.991089209008548e-27,-4.339140407319873e-54,6.320152906500174e-38,1.0241506390343597e-41,-1.5255074635630344e-50,2.448409875540317e-42,-1.3346135862435244e-53,3.899258457870608e-17,2.2435471805879033e-19,1.0336331780631619e-15,3.509999998964832e-06,-5.261035670413447e-43,4.802111900317558e-37,2.224820896070696e-15,1.7799999977731524e-06,2.2223833030216605e-37,3.4488542521994233e-31,-1.3160537963185802e-60,2.765761652552175e-48,0.0,0.0,5.686532500378331e-25,1.8011985824274478e-18,2.302175540259377e-36,2.2512006722122793e-19,-6.995697261591843e-50,1.3668515067579285e-30,-6.995698144498594e-50,-6.37208991386811e-64,2.1044880179845662e-44,1.3148447209584128e-30,1.0211646116247775e-22,4.6827398259913254e-27,9.724613921078332e-42,4.712748597873987e-35,1.4388068073251727e-38,1.285578205085073e-32,2.1108842433339497e-26,-2.001643732989252e-46,-3.460437066578067e-55
0.007732564892420054,1.0012811971474861e-10,0.00017699999986900913,5.318396273762809e-33,1.1253158495589793e-26,7.146808148007669e-38,3.758800106104366e-29,-1.5172220802189457e-42,8.258656973813758e-34,-1.625729610271569e-73,-2.0395317515468663e-59,-4.991365316005996e-68,-5.284482432197015e-47,1.9539321485635002e-38,-9.705430684231274e-54,-1.3908052335029643e-42,3.3470763269079802e-43,4.779040222756366e-87,-6.050355692027382e-71,-1.2768812389540573e-65,-1.517995959640356e-77,-1.136544170939527e-87,-1.8162594838469085e-73,1.0022391134925836e-20,3.762309211489238e-16,6.115478648503406e-23,2.4947572208719383e-15,-3.586463203480948e-58,-1.8866703849155287e-57,2.9542117616661864e-28,1.2167285906238874e-19,2.395350874713347e-77,-1.397208115813658e-76,-1.6385879612261902e-54,-9.715978282146101e-50,-1.8866697590184604e-57,-1.2459574460598132e-51,-6.357281366879523e-37,-1.6969551071640045e-35,1.3515246395877273e-30,1.7039160516644142e-17,3.389793339196023e-08,8.967271104250918e-26,2.260251033005929e-21,1.6247188361702726e-24,3.544582667323422e-20,4.0255843847658226e-41,2.272210276272519e-36,5.309003867023823e-29,0.00018232390275950097,0.5000000000003813,1.2637250121035731e-12,0.24999999999690317,1.238162069820179e-12,8.188958880435565e-17,-2.3660203381886602e-37,-2.9619310872201327e-36,1.3215370101795605e-28,-3.3250056678145603e-40,-9.713293083880535e-46,-5.208299268091899e-38,-7.237701094994784e-45,-1.707998897627661e-49,2.6044407393122494e-27,1.218804277309485e-23,7.874790132853895e-27,2.219244086821159e-18,0.0,-9.313531099406205e-47,-2.9593993714564674e-58,7.850475982440835e-17,-4.94563999945301e-28,3.7203205968934596e-28,-1.0726972064281975e-69,4.9731570216875294e-23,2.0665091109831856e-12,6.341037980881301e-30,4.204487817831289e-24,7.691101658875067e-29,1.6422685195910002e-31,7.700956336500653e-23,-7.965332653653914e-43,-1.6656090631937823e-58,1.4699947859741402e-41,5.669238604489106e-32,0.10000000148984782,2.682964778223382e-13,1.9624954312535162e-18,1.728552961341375e-32,-1.1361171985620326e-54,-7.07985252117982e-43,-1.7056527976774253e-32,-9.440636861314069e-43,8.102894106081989e-25,-4.566395795097893e-61,8.106493362182782e-24,2.708675411165913e-23,-1.9969436592025313e-51,4.6518869120806295e-37,-1.5392194072285703e-41,2.2559998881663963e-06,1.1183360371668898e-13,6.179999999931126e-05,6.887227445567417e-16,4.7424624786593475e-35,2.2380948633918805e-28,-1.8117857421991658e-32,-8.798871881376943e-61,-2.2035862297717683e-30,3.2668847693449874e-20,-1.4519982221882773e-34,7.304226581109048e-25,-2.718557982789454e-78,-3.493262572193768e-38,-6.551413975119337e-30,-3.6474257558880026e-37,2.5255232863335565e-26,2.098100394111656e-27,4.340623684514009e-53,4.072390432518486e-33,1.3210691267334223e-26,0.00033399999999038024,9.56286440613635e-15,9.99423487268053e-22,9.045482880784691e-27,-1.9999316301670948e-53,1.911232084811084e-37,1.489536134574206e-41,-6.979199422273255e-50,7.2881757925858e-42,-6.296005313533582e-53,5.638655886477261e-17,4.691505408311721e-19,1.4947205747236518e-15,3.50999999850306e-06,-2.408533130826151e-42,1.4521714798055368e-36,3.2172782010555957e-15,1.7799999967797913e-06,4.650536111604419e-37,1.0319294274276726e-30,-6.236696939227297e-60,7.11102908501275e-48,0.0,0.0,1.1891416136049515e-24,2.6045877608792865e-18,6.962174212811222e-36,3.255413397531882e-19,-3.191093697022047e-49,2.8582291188052966e-30,-3.191094103956553e-49,-3.018885110301328e-63,6.364354607671759e-44,2.757905473986795e-30,1.476840239113651e-22,9.792417587875472e-27,2.919175516177777e-41,1.4252193118030618e-34,4.3509926376900046e-38,3.8860212228344594e-32,4.41418636829592e-26,-9.132656852836688e-46,-1.5949251035299888e-54
0.011181939670698044,1.001852719095526e-10,0.00017699999981057619,7.82049030959134e-33,1.6375161223824958e-26,1.5009900453099133e-37,7.86321191103666e-29,-2.873054938572217e-42,2.5127441065431442e-33,-3.7772487943216726e-73,-5.69033928409985e-59,-1.380780949940991e-67,-1.313064563077154e-46,5.920002788979906e-38,-2.468109995133016e-53,-2.6491286439713912e-42,1.014207041811886e-42,1.4857749255288325e-86,-1.7183689909192187e-70,-3.3517007377660793e-65,-4.1865939248493146e-77,-2.76800163825832e-87,-5.0260331231250694e-73,2.088008667058861e-20,5.440390603435282e-16,8.870121329308329e-23,3.607533726446427e-15,-1.00063219906893e-57,-4.986021440320023e-57,8.933181114991699e-28,2.5443200378753455e-19,1.0468897505422247e-76,-3.456275075935172e-76,-4.3067127928886387e-54,-2.615087060415118e-49,-4.9860188503807187e-57,-3.168510411241726e-51,-1.1836433725686588e-36,-3.15943603847995e-35,4.086813655830796e-30,3.113294196650214e-17,3.3897011551466904e-08,1.8660401844443557e-25,3.2687529322428395e-21,3.3956513035159574e-24,5.125956780855893e-20,2.6168173809286768e-40,4.9173187496061316e-36,8.005818052247157e-29,0.00018232390399046383,0.5000000000005513,1.8274840924652002e-12,0.24999999999552167,1.79040313508926e-12,1.7123983348092026e-16,-4.405315364280608e-37,-5.5148858654823e-36,3.9961419964735676e-28,-6.19049069480688e-40,-2.4701470701493305e-45,-9.697205594031093e-38,-1.388901693807733e-44,-4.343570192375475e-49,5.446300693822988e-27,3.6853573252030776e-23,1.6467345799023244e-26,3.209185776049309e-18,0.0,-1.734205746825485e-46,-7.525938045541071e-58,1.6416084232900359e-16,-9.206614793486339e-28,7.779714414903302e-28,-2.9939656527989335e-69,1.5038040779148715e-22,2.9882461601765903e-12,1.9158295158989477e-29,8.792018847964501e-24,2.325664182736702e-28,3.8194177188492206e-31,1.6103748134955323e-22,-1.4830635240801943e-42,-4.5216278543830404e-58,4.560702288257989e-41,1.191742793542212e-31,0.10000000148972814,3.8797928871788443e-13,4.1036394828177045e-18,3.622388954659821e-32,-2.2724103076636956e-54,-1.805910210617347e-42,-3.1752456282755736e-32,-2.400748007682764e-42,1.694461818602434e-24,-1.1654608923514975e-60,1.6951862158545806e-23,5.664208356061211e-23,-5.0783401757673303e-51,1.4067071818688753e-36,-3.9141917589754553e-41,2.255999838279198e-06,1.617208022366456e-13,6.1799999999004e-05,9.959414180796502e-16,1.430485631081623e-34,6.6703598159202e-28,-3.3235289234861605e-32,-2.2929377338331203e-60,-4.0901391356672664e-30,6.831368084036594e-20,-3.6925227424193075e-34,2.208657720811838e-24,-7.99876112949568e-78,-8.883597124693001e-38,-1.219692011392544e-29,-9.275631664933461e-37,5.281271757120979e-26,6.344136886634615e-27,1.5812590336057563e-52,1.2314738976965896e-32,2.762555475063164e-26,0.00033399999998608913,1.3828255539839673e-14,1.4453049996577381e-21,2.7351724554242945e-26,-5.086013887342123e-53,5.779473808647404e-37,9.68329182627375e-41,-1.435448080911739e-49,2.2323458080089627e-41,-1.6946228101354015e-52,8.153970929577074e-17,9.810354945888554e-19,2.161491759393038e-15,3.509999997835299e-06,-4.4650904333766015e-42,4.3912990881646145e-36,4.652454916809551e-15,1.7799999953433075e-06,9.734654842888385e-37,3.0976598971483286e-30,-1.6940171761931295e-59,2.327591963415247e-47,0.0,0.0,2.486675654023244e-24,3.766250310252833e-18,2.10521402114403e-35,4.707576150180255e-19,-5.9407804511760935e-49,5.976785157887468e-30,-5.940781486036039e-49,-8.195508379520869e-63,1.9244386508562083e-43,5.7924889096538446e-30,2.13594948974687e-22,2.047769393529962e-26,8.901815798420101e-41,4.309550304790847e-34,1.315719139773023e-37,1.1747828500968681e-31,9.230739879658712e-26,-1.7001453952668572e-45,-4.055888963571373e-54
0.016170025927839105,1.0026791881373226e-10,0.00017699999972607724,1.1698009523999495e-32,2.3980750473730717e-26,3.281426160303229e-37,1.6454349788837031e-28,1.2374228383804859e-42,7.687631777411253e-33,-3.972118811818831e-73,-1.13305840042119e-58,-2.6940946098273478e-67,-1.722285453320368e-46,1.798331650559468e-37,-3.7782805975806005e-53,1.0213998282442947e-42,3.079552282862135e-42,3.6716069051879706e-86,-3.5634459763517e-70,-5.675343518382802e-65,-8.107900367234628e-77,-3.626072478156502e-87,-9.814241090910041e-73,4.355082336029873e-20,7.866791858257656e-16,1.29051550332724e-22,5.216598349969593e-15,-1.9924597419506913e-57,-8.626172739451068e-57,2.7011959694960125e-27,5.320417302825932e-19,3.855883437638171e-76,-4.814327927538898e-76,-7.335621584219704e-54,-4.7585130404447624e-49,-8.626163634733097e-57,-4.8506629560721554e-51,6.6448914663980776e-37,1.7742663307763575e-35,1.2357421146855447e-29,5.859853282574627e-17,3.389567853686143e-08,3.8893807983542403e-25,4.727393034255295e-21,7.098724901490138e-24,7.412966169981205e-20,1.6096228562728926e-39,1.0812567255988377e-35,1.2565439211668871e-28,0.00018232390577053228,0.5000000000007975,2.642761386479047e-12,0.2499999999935239,2.5888991726135548e-12,3.580766333376092e-16,2.472393047780392e-37,3.094814362863209e-36,1.2083292235632045e-27,3.4771636496420617e-40,-3.781670602469783e-45,5.443728578861649e-38,4.568361659329445e-45,-6.649944892542607e-49,1.1389139694995425e-26,1.1142782953968026e-22,3.443555568885345e-26,4.640694268688547e-18,0.0,9.72422774862732e-47,-1.1521894263030396e-57,3.432709949969323e-16,5.180447215718238e-28,1.626841429133515e-27,-5.966767030033285e-69,4.547088007349717e-22,4.321046462954918e-12,5.78970874219353e-29,1.838480109850854e-23,7.032106304457501e-28,9.20100768769782e-31,3.3674962588371535e-22,8.324108677036423e-43,-8.415024178973247e-58,1.4692256302348728e-40,2.5167182447668886e-31,0.10000000148955505,5.610507064882105e-13,8.580604596314503e-18,7.730602179578693e-32,6.175313507064804e-56,-2.802421838721015e-42,1.786144239625797e-32,-3.6751071936033305e-42,3.543442591108882e-24,-1.8120341337907483e-60,3.5448720257404164e-23,1.1844587717046066e-22,-7.77466379950523e-51,4.2537574282251556e-36,-5.991738599310671e-41,2.255999766138112e-06,2.3386188849646073e-13,6.179999999855968e-05,1.4401949605455452e-15,4.349070524656523e-34,1.9964888410810076e-27,2.329272105699141e-32,-3.798308187184333e-60,2.414653231795342e-30,1.4284848505926157e-19,-5.65309870847793e-34,6.678189316429866e-24,-1.786395586211956e-77,-1.3600492740583724e-37,6.854791084144281e-30,-1.4200597459810512e-36,1.1043981019387949e-25,1.918207419112056e-26,4.8808774933241764e-52,3.723887859234938e-32,5.776911626031056e-26,0.0003339999999798841,1.9995877762044444e-14,2.0901466827648023e-21,8.27016334123712e-26,-7.786805506010045e-53,1.747663897664163e-36,5.95645524387745e-40,-2.566261036609636e-50,6.930676338471897e-41,-3.0837614061011856e-52,1.1791328106489332e-16,2.0514016057178863e-18,3.1256990137706704e-15,3.5099999968696604e-06,2.68748078603584e-42,1.3278930374917127e-35,6.727841075468168e-15,1.7799999932660316e-06,2.038594478327348e-36,9.319710549825174e-30,-3.1572055964100646e-59,8.430344375595766e-47,0.0,0.0,5.20000790165294e-24,5.445890864903552e-18,6.36533431665089e-35,6.807497755966962e-19,3.339973795231714e-49,1.2497722526602143e-29,3.339972210904733e-49,-1.5253027688720529e-62,5.818698702135451e-43,1.2189434750948823e-29,3.0894197283288535e-22,4.282268979096372e-26,2.7345563098381636e-40,1.3030311787004012e-33,3.978622686750469e-37,3.5517602880705834e-31,1.9302865408991801e-25,9.570214303418108e-46,-6.20879066991681e-54
0.023383218494029506,1.0038743323543607e-10,0.0001769999996038847,1.8086206192678574e-32,3.5571337195239346e-26,7.516019240200558e-37,3.4446213047295494e-28,3.5975378371791976e-41,2.3536997169108985e-32,1.276976753950681e-72,-1.3014373218465493e-58,-2.8243336733346454e-67,2.5083131017050322e-46,5.465622892462339e-37,1.2232959697111953e-53,3.243764592950789e-41,9.353947722498364e-42,7.699885341648358e-86,-4.785691887399659e-70,-1.630347685239214e-65,-8.19641740087411e-77,5.043357359116802e-87,-1.0327336865777118e-72,9.091017642047852e-20,1.1375058608843223e-15,1.889364511067377e-22,7.543224048011725e-15,-2.2885718336411818e-57,-3.5477946689954135e-57,8.167776132490699e-27,1.1125352381948753e-18,1.3079194453748384e-75,4.5682885568910277e-76,-2.3706215721364818e-54,-3.2738023150685776e-49,-3.5477649326042553e-57,1.5692531511437394e-51,1.5769258823807553e-35,4.209560199531205e-34,3.7365270786434714e-29,1.131315839781151e-16,3.389375097825751e-08,8.116120779808415e-25,6.837256018623197e-21,1.4843359865915955e-23,1.0720611804990365e-19,7.530723081772232e-39,2.4264068661253477e-35,2.1148622818577802e-28,0.0001823239083446455,0.5000000000011533,3.821792509275107e-12,0.24999999999063485,3.743401332203483e-12,7.487555393469881e-16,5.868603061864498e-36,7.346547668370155e-35,3.653650644009661e-27,8.248513699307896e-39,1.2225923321272218e-45,1.2919109567769693e-36,1.6524313656276628e-43,2.1488780671572472e-49,2.381678153088083e-26,3.3690147836949094e-22,7.200936090660532e-26,6.71071223359457e-18,0.0,2.3097165428812176e-45,3.724567495621134e-58,7.177875182879557e-16,1.2272951315253315e-26,3.4019216413914405e-27,-6.878792332815258e-69,1.374906639192994e-21,6.2481598540023984e-12,1.7499842516960515e-28,3.8443397270978493e-23,2.1262816541755746e-27,2.30010169342275e-30,7.041807622233243e-22,1.9757280476197865e-41,-6.790520022064649e-58,4.751536998741964e-40,5.347732167245864e-31,0.10000000148930475,8.113265431243708e-13,1.794111504301385e-17,1.687595805452853e-31,2.2843375044704707e-53,6.5717005514978195e-43,4.232463529007816e-31,1.190159083731896e-42,7.410062873945544e-24,4.032056545015265e-61,7.412793952500673e-23,2.476841792629169e-22,2.513622770687074e-51,1.2862959170549335e-35,1.941499022188993e-41,2.255999661816033e-06,3.381839676249147e-13,6.179999999791711e-05,2.0826009818608473e-15,1.3256473474174221e-33,5.993863802445579e-27,4.718173877015769e-31,-6.0582668055003734e-61,5.52341601065154e-29,2.9869986945931247e-19,1.8274083726160722e-34,2.0192281377257446e-23,-2.9977492596065935e-77,4.395969205092453e-38,1.6254135447453644e-28,4.590511917081898e-37,2.309472443683809e-25,5.799841126986115e-26,1.4065951748120146e-51,1.1260749651637793e-31,1.208034555080558e-25,0.0003339999999709113,2.891374909883435e-14,3.0227664287967477e-21,2.5005759453601147e-25,2.5150384513410014e-53,5.284777747513564e-36,2.7867984499754774e-39,1.2610079552133941e-48,2.1553975713499807e-40,-2.1224528955205976e-52,1.7051252556465606e-16,4.2895053949783065e-18,4.5200238600474955e-15,3.509999995473265e-06,6.062043531475045e-41,4.015433162908512e-35,9.729023789888975e-15,1.7799999902621165e-06,4.271877897049165e-36,2.8083706770397393e-29,-2.571427861284655e-59,3.026630240326312e-46,0.0,0.0,1.0873962899547371e-23,7.874329850453485e-18,1.9246073949171902e-34,9.844102675698865e-19,7.917670261904716e-48,2.613264981192259e-29,7.917670313119684e-48,-1.231205976614392e-62,1.7593141924432673e-42,2.5721143064769207e-29,4.468934649787455e-22,8.955078597240056e-26,8.40757726324794e-40,3.939793640107355e-33,1.20309940316758e-36,1.0738789643534274e-30,4.03651170923978e-25,2.2666797910387096e-44,2.0109563762081077e-54
0.0338141020663529,1.0056026123638939e-10,0.00017699999942718403,2.9679294796491137e-32,5.410504798034121e-26,1.8061978063721366e-36,7.2152509725574365e-28,1.9510266835511273e-40,7.195162169881744e-32,1.05616335257106e-71,1.9940455549921863e-58,6.278351740668324e-67,2.870607338321716e-45,1.6602793147376942e-36,3.832158849846122e-52,1.7669845850550126e-40,2.839768425088111e-41,1.3355971878273023e-85,2.329498473830468e-70,3.781832580733124e-64,2.0622365895165248e-76,5.877985926436944e-86,2.265128845352734e-72,1.8987870634010093e-19,1.6447233602049907e-15,2.8012411415492255e-22,1.0907266527627424e-14,3.506366943889359e-57,5.137555785508568e-56,2.4697634139833737e-26,2.326340862954239e-18,4.2437342718648897e-75,6.593393681741254e-75,4.736558395177408e-53,2.0847868004364475e-48,5.137565153438916e-56,4.919112036094389e-50,8.450732156176122e-35,2.2558639307511833e-33,1.1298299143663857e-28,2.229726966964475e-16,3.389096376014331e-08,1.6951244643331846e-24,9.889438094096057e-21,3.1043727811646763e-23,1.5504660338995653e-19,2.991074726773311e-38,5.582452955251394e-35,3.9565321794031733e-28,0.0001823239120669973,0.5000000000016681,5.526920310880069e-12,0.2499999999864569,5.4125107224726675e-12,1.565646892576704e-15,3.145023614601406e-35,3.937082613915037e-34,1.1047734792551568e-26,4.42025660843583e-38,3.834563544845648e-44,6.923352873032369e-36,9.053989730310563e-43,6.742379346787723e-48,4.9805688316277234e-26,1.0186391819832e-21,1.5058040509495002e-25,9.70399902346952e-18,0.0,1.2378457321870495e-44,1.1682822925398927e-56,1.5008664461262018e-15,6.576330856420976e-26,7.113769558250647e-27,1.0356686782843436e-68,4.1573630072416634e-21,9.034451232952109e-12,5.290166417236087e-28,8.038476275342637e-23,6.4292656639388086e-27,5.961655062078233e-30,1.4725046715075637e-21,1.0588014495760847e-40,3.117098096162474e-57,1.521277330839285e-39,1.1456913080843309e-30,0.1000000014889428,1.1732464669734057e-12,3.751078606346607e-17,3.7831926707622513e-31,1.29902006965663e-52,2.6989088929404825e-41,2.2679531031248773e-30,3.727658606795147e-41,1.54961049408972e-23,1.732744544552648e-59,1.5501035805417676e-22,5.179322589661502e-22,7.883472771433642e-50,3.889649826945325e-35,6.078050629189931e-40,2.2559995109575337e-06,4.890424671409882e-13,6.179999999698785e-05,3.0115281696791188e-15,4.039969914359447e-33,1.8033804562182697e-26,2.5008541166788044e-30,2.807368590531192e-59,2.95294181474545e-28,6.245713342791076e-19,5.732049651438845e-33,6.105458268735836e-23,-2.238594844735368e-77,1.3790151914329387e-36,8.710114208603329e-28,1.4398955510025344e-35,4.829474901293148e-25,1.7536549226777543e-25,3.954925355206971e-51,3.4051728630976025e-31,2.526163320277776e-25,0.00033399999995793663,4.1807589091150094e-14,4.3716732126138446e-21,7.560881168467509e-25,7.894355124367475e-52,1.598074087927074e-35,1.106874706941835e-38,7.411309077216647e-48,6.678608571230743e-40,1.3505592306704754e-51,2.465754565807742e-16,8.969125221082046e-18,6.536334947354463e-15,3.5099999934539607e-06,3.2378847517892918e-40,1.2142357671044503e-34,1.4068985861877228e-14,1.7799999859182042e-06,8.95996678116258e-36,8.471864202324623e-29,1.1559982096906574e-58,1.045858447937792e-45,0.0,0.0,2.2738940138274304e-23,1.1385089818167125e-17,5.8192893913824035e-34,1.4235166710373517e-18,4.2427736115136777e-47,5.464124627102121e-29,4.242773772159246e-47,5.647986812513312e-62,5.3194680630371227e-42,5.448584242035471e-29,6.465327730776533e-22,1.8727015454223512e-25,2.5794540290298244e-39,1.1912400200422508e-32,3.6380749650645674e-36,3.2470305561968e-30,8.440913356027456e-25,1.2145622326200074e-43,6.297738090922046e-53
0.048898037660883895,1.0081018525607525e-10,0.00017699999917166024,5.355359809924098e-32,8.622896436545086e-26,4.58616044405167e-36,1.5126367182662306e-27,8.225423437356746e-40,2.1966495966899077e-31,-4.429237549441356e-70,-5.367269105870693e-57,-1.3683867365847459e-65,1.2904271754188588e-44,5.037366865734875e-36,1.8740938019040926e-51,7.455302328016192e-40,8.615792191055491e-41,2.0997101769962952e-84,-6.001390074878886e-68,2.6842541972785735e-64,-4.794610804185791e-75,-1.7947745667413299e-84,-5.180837639406122e-71,3.96749549100698e-19,2.377978021444202e-15,4.257562915444489e-22,1.5771005637119008e-14,-9.438916406695374e-56,8.952811587501595e-56,7.46809540247353e-26,4.8643030399815334e-18,-4.4838704703843126e-73,-2.7903007800587623e-73,-5.425424106747e-52,3.232300883350808e-48,8.952796578419273e-56,2.4065863211663275e-49,3.555367626468126e-34,9.490776023023801e-33,3.41634446134905e-28,4.466004390648296e-16,3.3886933613525365e-08,3.5429709084740695e-24,1.4305538260016283e-20,6.494007042519317e-23,2.2424708224771063e-19,1.095112693640609e-37,1.3226570050154804e-34,8.433101204119681e-28,0.00018232391744976324,0.5000000000024133,7.992991293604866e-12,0.24999999998041494,7.825351551463743e-12,3.2736534538009208e-15,1.3231689131524262e-34,1.656404148731734e-33,3.340588480778589e-26,1.8596681038545808e-37,1.8761790149220726e-43,2.912774112460873e-35,3.825595653680703e-42,3.2984323098953696e-47,1.0415502424516998e-25,3.0799543687344637e-21,3.1487962415582064e-25,1.4032264680176963e-17,0.0,5.207887232525935e-44,5.716527501296688e-56,3.1381225820845726e-15,2.7667142607318653e-25,1.4875448861283479e-26,-2.968475162534603e-67,1.2570903540779792e-20,1.3062666208173083e-11,1.5993546332157113e-27,1.6807766966676648e-22,1.9440437899784221e-26,1.5991672854624138e-29,3.079092139999035e-21,4.454567558571884e-40,4.3845884401900136e-57,4.776537880878579e-39,2.483607264998717e-30,0.10000000148841941,1.696613136507816e-12,7.842003203764571e-17,8.792584585328415e-31,5.36270202702165e-52,5.274776619922158e-41,9.541484386711873e-30,1.8239772030495171e-40,3.240628321601429e-23,3.302142186327737e-59,3.2414235601837555e-22,1.0830345681713222e-21,3.857088518132672e-49,1.1762002070696015e-34,2.974168479341915e-39,2.255999292803461e-06,7.071965392338337e-13,6.179999999564396e-05,4.354738904601396e-15,1.2289903084835198e-32,5.434077391750377e-26,1.0479429955246301e-29,7.894037134028648e-59,1.2412790222632429e-27,1.3059037202788702e-18,2.804715561784387e-32,1.8461033921157853e-22,-1.3611000451840747e-74,6.745973958094846e-36,3.664455784174287e-27,7.045645019843286e-35,1.0099201462941756e-24,5.302467128340079e-25,-3.4858638836091295e-51,1.0297028805148422e-30,5.282520956221309e-25,0.00033399999993917576,6.0448666578255e-14,6.322849938935522e-21,2.286176637455396e-24,3.8618200842004175e-51,4.832458883926046e-35,4.0525725485573546e-38,3.067096864254525e-47,2.0594715979306778e-39,2.089434097761513e-51,3.565688491461581e-16,1.8753105733680727e-17,9.452090492570736e-15,3.509999990533876e-06,1.3605652837516784e-39,3.671763258263001e-34,2.034493476306583e-14,1.7799999796365456e-06,1.8817789297437594e-35,2.5575948577341366e-28,1.2776123495660805e-58,3.425554420937534e-45,0.0,0.0,4.7549993431542415e-23,1.6459922339681267e-17,1.7595562334394773e-33,2.058475922596573e-18,1.784982705221096e-46,1.1424453570464032e-28,1.7849827838266547e-46,7.90174818912619e-62,1.6084171763725673e-41,1.1605187924822402e-28,9.355412478746957e-22,3.916274247681702e-25,7.900741639280957e-39,3.6018918671020996e-32,1.100127082477175e-35,9.818178164928498e-30,1.7651065260255383e-24,5.1095613944729615e-43,3.081116502204479e-52
0.07071067811865467,1.0117159680820883e-10,0.00017699999880215159,1.0968420764353954e-31,1.4869897974309043e-25,1.358326174562033e-35,3.1772630756470275e-27,3.7612831117957236e-39,6.75855380029534e-31,1.9549183958651319e-69,3.547806435171344e-56,9.750383684217255e-65,9.6575595709615e-44,1.5408059432225668e-35,1.4838076450127636e-50,3.4251759593973293e-39,2.624880612746555e-40,2.2481802998418517e-83,9.878178796147672e-68,2.1481434489637653e-62,2.3972915313358205e-74,9.530877606681383e-84,3.5378101724038916e-70,8.292503460095172e-19,3.4378566188804948e-15,6.777461830977553e-22,2.2802396740057532e-14,6.238671049639029e-55,3.6439707644414025e-54,2.2581077968581327e-25,1.0170682928254506e-17,1.462885926871547e-72,1.160996760214378e-72,5.396866166298983e-51,1.6220359381677451e-46,3.643977021627581e-54,1.9043806903955827e-48,1.604586223925474e-33,4.2832458381317296e-32,1.0329661607889464e-27,9.054690652786322e-16,3.388110652989423e-08,7.409969670400638e-24,2.069658021269503e-20,1.3588439363941924e-22,3.243567190797583e-19,4.398012857039985e-37,3.2858723816129154e-34,2.0385400172133207e-27,0.00018232392523355334,0.5000000000034915,1.155979105161823e-11,0.24999999997167707,1.1312783721594888e-11,6.84463134006078e-15,5.971731935493538e-34,7.475728020652053e-33,1.0100652825246208e-25,8.392707316593118e-37,1.4845638375790498e-42,1.3145776195921434e-34,1.7663862074718137e-41,2.610787789598199e-46,2.178240715281812e-25,9.311625724127205e-21,6.584392759619749e-25,2.0290717774765192e-17,0.0,2.3505326931304076e-43,4.5227762170251985e-55,6.561019438940413e-15,1.2485091102548047e-24,3.110518918178935e-26,1.855591299471732e-66,3.8009430841792436e-20,1.8885719967351495e-11,4.835388804390199e-27,3.5141768852776437e-22,5.877919490696516e-26,4.46848414009715e-29,6.438419363505011e-21,2.010428545966203e-39,2.5748540215943737e-55,1.6648709919463293e-38,5.52793918632939e-30,0.1000000014876625,2.453445386251798e-12,1.6392530886741434e-16,2.262108392379657e-30,2.703384538051609e-51,1.716398978161244e-39,4.3057608414672455e-29,1.4429896055445862e-39,6.777110264241619e-23,1.1051528277357027e-57,6.778060830023098e-22,2.264664600756594e-21,3.052227055883706e-48,3.5566776589398882e-34,2.352677706946085e-38,2.2559989773343443e-06,1.0226656562929345e-12,6.179999999370032e-05,6.296933604804012e-15,3.802975960756323e-32,1.6389708341749944e-25,4.712969280298513e-29,1.3950852777181466e-57,5.5978562319304365e-27,2.7303253010540513e-18,2.2190816499705145e-31,5.581635871369511e-22,-1.340182056482417e-74,5.340019703927879e-35,1.653726382905622e-26,5.5742015332753476e-34,2.1119038853577355e-24,1.6031648097868574e-24,2.188790670271896e-49,3.113713979344137e-30,1.1046323516625198e-24,0.0003339999999120489,8.739582546352738e-14,9.145553264848601e-21,6.912177282629408e-24,3.057043236867342e-50,1.4612761964782553e-34,1.6275438775760424e-37,1.643268672299152e-46,6.529390936291424e-39,1.051131736895207e-49,5.156285365322452e-16,3.920737472654422e-17,1.3668518432543143e-14,3.509999986311188e-06,6.134538943290001e-39,1.1102978780640153e-33,2.942048188540746e-14,1.7799999705527453e-06,3.959699579496369e-35,7.72549655540449e-28,9.666326678066414e-57,1.3890486656711038e-44,0.0,0.0,9.943233229003887e-23,2.3794331300677574e-17,5.319865559895872e-33,2.9766269824382044e-18,8.055272493757062e-46,2.3884603755628775e-28,8.055273115664906e-46,4.666940920880043e-60,4.862856805191361e-41,2.4907405364656337e-28,1.3541265258059703e-21,8.190027586281752e-25,2.4424025089250677e-38,1.0889928390018225e-31,3.326648593290484e-35,2.9687810911803906e-29,3.691049521718333e-24,2.306090735313212e-42,2.4378559632277647e-51
0.1022535921518125,1.0169422913467951e-10,0.00017699999826781157,2.5660084432849435e-31,2.87302962843209e-25,4.581282204829784e-35,6.695495570473849e-27,1.6745231570360573e-38,2.0930337495329655e-30,2.7017638109933565e-68,4.983795655732548e-55,1.3399321260226797e-63,6.108009660570116e-43,4.751681502838882e-35,9.51368380718463e-50,1.5324136909613203e-38,8.028424874309532e-40,1.2836631542526555e-82,2.0837021186577958e-66,2.045523525828261e-61,3.254158800768851e-73,9.665025288781864e-83,4.886559971926943e-69,1.73362077982062e-18,4.969549310682984e-15,1.1668106434196395e-21,3.2966230469692176e-14,8.763942125361456e-54,3.3768786459354013e-53,6.827512993500433e-25,2.1264437208333784e-17,1.0662280858051044e-71,1.6387600179361313e-71,6.811754945612566e-50,1.5231976357524358e-45,3.376885209174043e-53,1.2206023502670385e-47,7.044069715870163e-33,1.8802941975595573e-31,3.1231278004421045e-27,1.8523551721251105e-15,3.387268184863266e-08,1.550802112590991e-23,2.994898563061156e-20,2.844337462831468e-22,4.692070289800122e-19,1.7973155448599238e-36,8.633580294891471e-34,5.422771913113688e-27,0.00018232393648927095,0.5000000000050525,1.671904955385508e-11,0.24999999995904004,1.635227041923725e-11,1.4309889815802372e-14,2.6216083917836133e-33,3.2818847595490076e-32,3.0539074831646945e-25,3.684256961832176e-36,9.514987504045417e-42,5.770956042217469e-34,7.941624797045551e-41,1.673625104382869e-45,4.555965599453216e-25,2.8149455626849314e-20,1.3768282688699222e-24,2.9339747980466694e-17,0.0,1.0319410962348348e-42,2.898582209687393e-54,1.371622238805064e-14,5.480214385995438e-24,6.504063036603182e-26,2.6321221996454424e-65,1.1492005822039048e-19,2.73019890074346e-11,1.4619186988156377e-26,7.346904786967068e-22,1.7771247374849625e-25,1.2942272314713908e-28,1.3462391091808661e-20,8.82580029471902e-39,2.4378311782733507e-54,6.237666445002546e-38,1.2803940105896798e-29,0.10000000148656786,3.5478885096378154e-12,3.426020888393761e-16,6.542099244695203e-30,1.3419705279439276e-50,1.5625107943263227e-38,1.890004130218733e-28,9.247582650556036e-39,1.4173344972006268e-22,1.0086225506857888e-56,1.4173181516425615e-21,4.7353726546540504e-21,1.9563399475940513e-47,1.0754774669124415e-33,1.507653605434181e-37,2.2559985211395166e-06,1.4788604833931707e-12,6.179999999088918e-05,9.105090179720354e-15,1.196183975698864e-31,4.946426139661999e-25,2.0642673060835114e-28,1.162910900018763e-56,2.4562417271844336e-26,5.7079506228808935e-18,1.4221987084377025e-30,1.687482208233921e-21,-4.217257706369555e-73,3.4233282487099966e-34,7.259356820114522e-26,3.5723757901307314e-33,4.416327276883405e-24,4.846735353384005e-24,2.251216135968349e-48,9.41543443342391e-30,2.309880718533531e-24,0.00033399999987282784,1.2634402011516494e-13,1.3229798659328666e-20,2.089739495667074e-23,1.9598079542824914e-49,4.418657363915607e-34,6.6512856462502895e-37,8.580225534616243e-46,2.1199951744252177e-38,9.872250626988802e-49,7.456421984635862e-16,8.196360109424273e-17,1.976582813892962e-14,3.5099999802048263e-06,2.691514905516528e-38,3.35736443526534e-33,4.254448015431476e-14,1.7799999574168214e-06,8.355038036486853e-35,2.334483975854477e-27,9.250372162760551e-56,6.151938514171963e-44,0.0,0.0,2.0792195053257505e-22,3.4391673025604935e-17,1.6083014106551562e-32,4.304238906039e-18,3.535950848008967e-45,4.992913324663961e-28,3.5359512465807475e-45,4.419823840289155e-59,1.470116638365165e-40,5.401817358615868e-28,1.960804179909844e-21,1.712808520100488e-24,7.606173792197157e-38,3.2922097110351253e-31,1.005923264519723e-34,8.976898655152885e-29,7.718362456432777e-24,1.0124298017616016e-41,1.5624687804713501e-50
0.14786730075483182,1.0245000114548507e-10,0.00017699999749511223,6.707960147065979e-31,6.333531378612574e-25,1.7484351939961528e-34,1.419695051857455e-26,7.510326109261459e-38,6.556436749646504e-30,8.000182962466879e-67,8.055277702364554e-54,2.156993092914829e-62,3.992942058017608e-42,1.494533048672567e-34,6.149437084190273e-49,6.924567566322764e-38,2.476824992613738e-39,4.440583602586024e-81,7.3896386331733745e-65,2.549131080277898e-60,7.645772652534458e-72,4.276826149536925e-81,8.084883799179297e-68,3.624978914547512e-18,7.182456125461016e-15,2.249884011127476e-21,4.7655316134098844e-14,1.416571974268208e-52,3.3086176027640307e-52,2.064201187969352e-24,4.4454987244347266e-17,1.108771033187457e-69,4.8644943892707295e-70,1.0788712250306187e-48,1.495449666090842e-44,3.3086275558493062e-52,7.885916866749631e-47,3.0919037245635616e-32,8.253088015381074e-31,9.441883236339615e-27,3.814120567191652e-15,3.386050275526872e-08,3.2481413513163756e-23,4.335049547143876e-20,5.956690524742612e-22,6.788466725045178e-19,7.638240656389247e-36,2.455550568005832e-33,1.532223214918302e-26,0.0001823239527653628,0.5000000000073133,2.418262524435326e-11,0.24999999994076283,2.363220041946822e-11,2.991420769358091e-14,1.150748728893193e-32,1.440586978824627e-31,9.232700910731525e-25,1.6170861120690347e-35,6.145781811310496e-41,2.533095126967554e-33,3.608877112209983e-40,1.0813303945001182e-44,9.531968520169805e-25,8.508499600773669e-20,2.8789459914497355e-24,4.242285706969564e-17,0.0,4.530010006986492e-42,1.87199236167516e-53,2.86709742839088e-14,2.4050158124035564e-23,1.359943650213657e-25,4.395179718049651e-64,3.4742898709514427e-19,3.946351605558751e-11,4.419833342266609e-26,1.535810981938635e-21,5.372459626896769e-25,3.8862931403263255e-28,2.8147863256738874e-20,3.87403640319873e-38,2.398075643794855e-53,2.6655469353001328e-37,3.161957899073817e-29,0.10000000148498482,5.13054536044742e-12,7.158558403086395e-16,2.162266184192658e-29,7.464700176670391e-50,1.525109212913794e-37,8.294565522978357e-28,5.972130265007421e-38,2.9642722708617357e-22,9.89251980277964e-56,2.963588978862386e-21,9.901205085078378e-21,1.263702680515824e-46,3.251975978030689e-33,9.735556768910989e-37,2.255997861443543e-06,2.1385564569641726e-12,6.179999998682298e-05,1.316504191563816e-14,3.9042070170184033e-31,1.4933553411810666e-24,9.045576142971751e-28,1.1940452273167723e-55,1.0777492647829708e-25,1.1931414239537848e-17,9.185227004175864e-30,5.101177092539335e-21,1.9262906567773878e-71,2.211989656678817e-33,3.1861147763911218e-25,2.3070930801030996e-32,9.235243116737915e-24,1.4651142747240352e-23,3.396016913381184e-47,2.8470388924138827e-29,4.830081984320744e-24,0.00033399999981612434,1.826252911616496e-13,1.9140935718855012e-20,6.317173892840129e-23,1.2663550294873637e-48,1.336097262119103e-33,2.826711606900049e-36,5.062707307114425e-45,7.228225887988955e-38,9.694221161338065e-48,1.0782612432397033e-15,1.7132257589875218e-16,2.8583051207395107e-14,3.5099999713745134e-06,1.181038355422599e-37,1.0151907328943267e-32,6.152287217397296e-14,1.7799999384212027e-06,1.7698857391301189e-34,7.056410685395043e-27,9.303986076428758e-55,3.168888875167788e-43,0.0,0.0,4.347770575169165e-22,4.9697873191307907e-17,4.8616401288365727e-32,6.223843747924926e-18,1.551875132339661e-44,1.0435724972897904e-27,1.551875389749394e-44,4.350063999495804e-58,4.4438333039509885e-40,1.1880619412262973e-27,2.8409691457972123e-21,3.5821882454116945e-24,2.3968241277793084e-37,9.95168425727855e-31,3.0416727453457484e-34,2.71437610978776e-28,1.6139689762196584e-23,4.4445095789568764e-41,1.0092365428307484e-49
0.21382856261966862,1.0354291459065879e-10,0.00017699999637772672,1.896106072700662e-30,1.5734159943558653e-24,7.26762919780756e-34,3.045260562262366e-26,3.3862190924816676e-37,2.0874418503860874e-29,1.5514391189514748e-65,1.0747957627690636e-52,2.8753867060132988e-61,2.5978565171409424e-41,4.867972400573553e-34,3.8946857712345183e-48,3.154995696639135e-37,7.757557317063748e-39,1.1959218629040571e-79,1.5151261735893707e-63,3.0731110697953055e-59,1.3930067826291955e-70,1.0990656485886408e-79,1.1103107142397748e-66,7.581145754785307e-18,1.037822421296012e-14,4.949948735453042e-21,6.887884547105633e-14,1.8901719877929407e-51,3.033368281192127e-51,6.2402492193544206e-24,9.292516200587245e-17,3.3010814578874895e-68,9.429614357228e-69,1.4344677575332738e-47,1.3706148210225046e-43,3.033381424107485e-51,4.992666590169775e-46,1.3518387873073842e-31,3.6082711715564276e-30,2.85416428132026e-26,7.890027726253745e-15,3.384289850565026e-08,6.809962467461732e-23,6.277557826959383e-20,1.2483243091091412e-21,9.823657174658735e-19,3.3525783737115314e-35,7.751917370249635e-33,4.4772466796006824e-26,0.00018232397630065807,0.5000000000105902,3.498154365291344e-11,0.24999999991432645,3.414373661793449e-11,6.252498954382164e-14,5.031458685959454e-32,6.298798815186739e-31,2.7909681179904408e-24,7.069772919787872e-35,3.8884230631739915e-40,1.1075221398654013e-32,1.652900328987889e-39,6.844281854685972e-44,1.9957508721843498e-24,2.571284756795572e-19,6.019665570657201e-24,6.133680234414119e-17,0.0,1.9808728662655438e-41,1.1842233666356677e-52,5.991982058546951e-14,1.0512417015335422e-22,2.8433763683323666e-25,6.047922961802958e-63,1.0502396997438754e-18,5.703107828222184e-11,1.3361862357465253e-25,3.2099815102570068e-21,1.623954912953745e-24,1.2088244849229936e-27,5.884914544912471e-20,1.6938416240597816e-37,2.199572430066991e-52,1.288805886202436e-36,8.540899718030157e-29,0.10000000148269539,7.419200328161685e-12,1.4952174807217937e-15,7.978019495594624e-29,4.625033557735032e-49,1.3964039636250051e-36,3.6257089637779364e-27,3.777787754608154e-37,6.199969146847419e-22,9.108415646804105e-55,6.196583459420088e-21,2.070132998530157e-20,7.996191793304205e-46,9.832824430610012e-33,6.15764015310261e-36,2.2559969074679395e-06,3.092532060109061e-12,6.179999998094075e-05,1.9034236147036677e-14,1.3529382312907099e-30,4.5091263824594905e-24,3.9497465758159114e-27,1.255235795037533e-54,4.710822988327335e-25,2.4935922238720503e-17,5.810776648764256e-29,1.5418309021039805e-20,8.608786180128084e-70,1.4002261237750966e-32,1.3928549762413536e-24,1.4594217036668086e-31,1.931236193262152e-23,4.428180154201599e-23,4.478111144416418e-46,8.608637627224515e-29,1.0099725034502432e-23,0.0003339999997341545,2.639268864646566e-13,2.769933981181684e-20,1.9093629511261573e-22,8.016409951086042e-48,4.039908057286544e-33,1.2407234884810542e-35,3.2870114952896496e-44,2.643254964097615e-37,8.886607269116285e-47,1.5592562331038609e-15,3.5803199564351073e-16,4.133349796397949e-14,3.509999958605139e-06,5.163162250236736e-37,3.0696093674209065e-32,8.896719492254654e-14,1.7799999109520074e-06,3.7703682555933615e-34,2.133431328041918e-26,8.761094388800216e-54,1.8029258143965974e-42,0.0,0.0,9.091249795742111e-22,7.179340678487826e-17,1.4693541106621167e-31,8.999265199938052e-18,6.783963910679233e-44,2.1806894031728815e-27,6.783965539054374e-44,3.992438279033742e-57,1.343036896272462e-39,2.661229140238496e-27,4.119729507268431e-21,7.492232994761749e-24,7.667328886142963e-37,3.0076774707258527e-30,9.196991087368143e-34,8.207381063854663e-28,3.374873930991599e-23,1.9436172367560184e-40,6.385823152552871e-49
0.3092140991185264,1.051233667432973e-10,0.0001769999947618989,5.658732105082184e-30,4.260916523562341e-24,3.216939956022686e-33,6.675580615686756e-26,1.5500595674081397e-36,6.811656591581807e-29,3.0230260791956115e-64,1.4349422990625073e-51,3.8360795819443166e-60,1.7247762245739214e-40,1.6884209687186126e-33,2.468851437654417e-47,1.4663794014379602e-36,2.500972740403996e-38,3.435209501291661e-78,3.1709990747599934e-62,3.961775361757273e-58,2.7456195902099527e-69,3.1066429933015134e-78,1.5640565791532397e-65,1.5857979501266547e-17,1.4990635521400418e-14,1.2276142752951956e-20,9.953199107947788e-14,2.523683208857827e-50,2.787267847005887e-50,1.8862246783392286e-23,1.9420859154496625e-16,1.0079956057282465e-66,1.83631490380043e-67,1.912778730323373e-46,1.2571621426068011e-42,2.7872853723395722e-50,3.1660641272843853e-45,5.910421552070268e-31,1.5774993170613545e-29,8.626361796424199e-26,1.6375264400036252e-14,3.381745746511702e-08,1.4296673739462002e-22,9.096040886415232e-20,2.6186279672350757e-21,1.422034223031636e-18,1.5267237231606528e-34,2.79967915698474e-32,1.3312950630907806e-25,0.0001823240103319493,0.5000000000153452,5.0610128245757715e-11,0.24999999987608454,4.9311208927451054e-11,1.3065788667404157e-13,2.199927783498965e-31,2.754097245570788e-30,8.435521203707584e-24,3.0907255800652675e-34,2.4611625411126562e-39,4.842268139743605e-32,7.701971924805264e-39,4.3345706569714024e-43,4.186833728652933e-24,7.76820588056912e-19,1.258605633196787e-23,8.867681371675857e-17,0.0,8.662333465727726e-41,7.493819758974392e-52,1.251938847362594e-13,4.594418638452691e-22,5.944494228233489e-25,8.461106525577565e-62,3.174242914877777e-18,8.239549855766698e-11,4.039145308111449e-25,6.707614698156595e-21,4.90788526400516e-24,3.8991818492321905e-27,1.2302508806054912e-19,7.405955186228661e-37,2.0188246637822074e-51,6.948221395144063e-36,2.573704991976834e-28,0.10000000147938415,1.0728787943181167e-11,3.12145104875747e-15,3.1777199671044395e-28,3.2697076437440836e-48,1.2810631892843333e-35,1.5846821275797672e-26,2.3904346935423156e-36,1.2968736194209343e-21,8.423725085782175e-54,1.2955765604976272e-20,4.327869446202338e-20,5.0618700060689645e-45,2.9729459267031017e-32,3.8955982353202145e-35,2.25599552793955e-06,4.472060449345791e-12,6.179999997243002e-05,2.7517743573904136e-14,5.153581694237402e-30,1.36140692845663e-23,1.7249401683841642e-26,1.444663390710565e-53,2.0591466807938565e-24,5.210098230552519e-17,3.6772670459223507e-28,4.659157307592038e-20,3.688516407400159e-68,8.869166134576147e-32,6.088644138350559e-24,9.234856964905785e-31,4.0385217209366694e-23,1.3380673211094793e-22,5.96387763551668e-45,2.602901440683764e-28,2.1117878176410387e-23,0.0003339999996156783,3.8131653112108837e-13,4.0097265487684836e-20,5.769765399008552e-22,5.077828961020573e-47,1.2214724525347436e-32,5.650203838213047e-35,2.387841747401559e-43,1.0662337082581948e-36,8.152958813431354e-46,2.254815178856284e-15,7.480046425129496e-16,5.977171730177289e-14,3.5099999401395504e-06,2.257582512918811e-36,9.281076738101083e-32,1.2865393388271276e-13,1.779999871229381e-06,8.096372068579853e-34,6.451550176550417e-26,8.363910884293138e-53,1.1130200287392712e-41,0.0,0.0,1.9009342937030637e-21,1.0366502964653064e-16,4.439809492747702e-31,1.301173645452675e-17,2.9653268556267947e-43,4.555376006776182e-27,2.9653278860697707e-43,3.6676281995523282e-56,4.0579463372574934e-39,6.099845027601697e-27,5.98137747395425e-21,1.56713959281873e-23,2.5020264622772195e-36,9.087744669166203e-30,2.780723783778247e-33,2.48155231136883e-27,7.056817345053744e-23,8.500377842023274e-40,4.042331184979562e-48
0.44714961332713477,1.0740884886680511e-10,0.00017699999242528773,1.7690958713504843e-29,1.2160791950123774e-23,1.4971839111855738e-32,1.5222033076282337e-25,7.253900548878041e-36,2.3036700198977682e-28,5.77238701606711e-63,1.8963153556875806e-50,5.06437659768706e-59,1.172929656454192e-39,6.45191090224881e-33,1.563759702676375e-46,7.012972852147547e-36,8.502209299714236e-38,9.641928920687337e-77,6.683631650392636e-61,5.311913980659089e-57,5.664575633238877e-68,9.06347203564243e-77,2.2741076113662745e-64,3.3178861899279135e-17,2.1641923715887647e-14,3.319660992547926e-20,1.43779954048839e-13,3.3353870036411515e-49,2.5562171377277293e-49,5.700339315080261e-23,4.0578051153357254e-16,3.0363554092985e-65,3.503380245067023e-66,2.5250137044562818e-45,1.1479023723054346e-41,2.5562403425905847e-49,2.0114666464151083e-44,2.5829635651109284e-30,6.893424715570069e-29,2.6065923137394876e-25,3.406446856443023e-14,3.3780701400354084e-08,3.0069709951348086e-22,1.3191464959889316e-19,5.500784129735265e-21,2.0593987299414256e-18,7.214346630977438e-34,1.173452843648245e-31,3.993393535296149e-25,0.00018232405953835662,0.5000000000222541,7.323632038633653e-11,0.24999999982075713,7.117563390258923e-11,2.7294901719218384e-13,9.614760781990656e-31,1.2037033199033968e-29,2.5489975734170932e-23,1.3505312140436595e-33,1.5554862738529172e-38,2.116180891440125e-31,3.665528547169188e-38,2.7417812874958303e-42,8.830384343870512e-24,2.3458959736550344e-18,2.6313331392953113e-23,1.281894761546388e-16,0.0,3.786665439728521e-40,4.734669310000897e-51,2.6147425454743054e-13,2.0067422050941078e-21,1.2426474478686358e-24,1.197995850640215e-60,9.591577013808754e-18,1.1899157656857255e-10,1.2208207394884985e-24,1.4011681938573276e-20,1.482855996181285e-23,1.3056756285436073e-26,2.5715066099506256e-19,3.236697758036127e-36,1.8448880584445177e-50,4.024130545475173e-35,8.655323685770306e-28,0.10000000147459483,1.5514729986826438e-11,6.511500971236374e-15,1.3229310517117597e-27,2.5630558403644626e-47,1.1704062424966972e-34,6.922035512921997e-26,1.5101491192464001e-35,2.713050375166915e-21,7.7842356310442125e-53,2.7085683857006082e-20,9.046914036192132e-20,3.1998125527069984e-44,8.988012953279339e-32,2.4603840825276278e-34,2.2559935330266974e-06,6.4669733012645796e-12,6.179999996011334e-05,3.9777580805180597e-14,2.2158854628921914e-29,4.109190847427879e-23,7.530026105807464e-26,1.7521402001922765e-52,8.996777309225551e-24,1.0881857789292493e-16,2.323497112813664e-27,1.4074730314302952e-19,1.468279904171443e-66,5.611318435720623e-31,2.660153637241385e-23,5.834280681595427e-30,8.44519012145826e-23,4.0418935332540115e-22,7.874830741013638e-44,7.869650816406831e-28,4.415402553654706e-23,0.0003339999994444748,5.506976102840944e-13,5.807119850605313e-20,1.742968198107395e-21,3.212770594900982e-46,3.692880152957398e-32,2.6699608843111547e-34,1.8870090415151868e-42,4.810257583072352e-36,7.446773431576475e-45,3.260651381773913e-15,1.5620911257478298e-15,8.643493467972335e-14,3.509999913436759e-06,9.868778837394508e-36,2.8059793818884004e-31,1.860441697894123e-13,1.7799998137874187e-06,1.7582613427744044e-33,1.9513735862793734e-25,8.099546541490131e-52,7.279692321918372e-41,0.0,0.0,3.974579263937537e-21,1.4958651737232066e-16,1.3410648967506862e-30,1.881197160464326e-17,1.2954533244106016e-42,9.511549324641956e-27,1.2954539754542342e-42,3.355874409524053e-55,1.2256417778516764e-38,1.4373569542061166e-26,8.699437681739078e-21,3.2783274277306447e-23,8.367512390559719e-36,2.744876247299297e-29,8.406967821725773e-33,7.502708839767448e-27,1.475517010364189e-22,3.71651344803073e-39,2.555245617929688e-47
0.646615976660124,1.1071388027367386e-10,0.00017699998904637635,5.846501512178488e-29,3.571738330890142e-23,7.336081500588254e-32,3.710190417660866e-25,3.510493382219843e-35,8.194833999134478e-28,1.104804715465866e-61,2.5086477270322843e-49,6.689528993965253e-58,8.271903325366233e-39,2.792649859281279e-32,9.913621964159558e-46,3.497848520437183e-35,3.170937162602566e-37,2.7448444499549107e-75,1.4783677555038379e-59,7.5081604457334935e-56,1.272125124794153e-66,2.872048244240101e-75,3.579233847172155e-63,6.943943729387748e-17,3.122138763892911e-14,9.460494787254572e-20,2.0760123935901964e-13,4.4129246332951024e-48,2.3599794226151805e-48,1.722209941400259e-22,8.475230349485194e-16,9.584480193498007e-64,6.696417133376665e-65,3.3352743507864947e-44,1.048011919227401e-40,2.360010324803819e-48,1.2898049741548628e-43,1.1285214049083954e-29,3.0114622039943626e-28,7.8735218972677915e-25,7.097728068264452e-14,3.372761968209403e-08,6.340885744973308e-22,1.915458503473474e-19,1.1578076539548614e-20,2.984325561784279e-18,3.5427389584467084e-33,5.641535513813769e-31,1.203121447646358e-24,0.00018232413068302707,0.5000000000323147,1.0600973973390087e-10,0.24999999974069423,1.0264967379030533e-10,5.699419959589155e-13,4.201203739472347e-30,5.259801731444884e-29,7.699859341026325e-23,5.899506162203267e-33,9.830098649504014e-38,9.245923250560019e-31,1.7908729024291215e-37,1.734785297536261e-41,1.889788231954545e-23,7.079987802931262e-18,5.500687525532318e-23,1.852794333222694e-16,0.0,1.6551036090750775e-39,2.990749125175862e-50,5.458004119709198e-13,8.760678682847469e-21,2.597240816937915e-24,1.7608945350163166e-59,2.897292564641599e-17,1.7173936965639838e-10,3.689134032434531e-24,2.925533523808758e-20,4.4785330737036665e-23,4.543158404287825e-26,5.373973467989078e-19,1.4142442101427157e-35,1.686295729916995e-49,2.4308317104381505e-34,3.1891925836307023e-27,0.10000000146766691,2.2435604567484982e-11,1.3568514104800577e-14,5.6370630846902444e-27,2.1554514950487415e-46,1.069504735333266e-33,3.022207926287129e-25,9.53777287614538e-35,5.676639477468379e-21,7.229701821471422e-52,5.661966432327873e-20,1.8908412328799354e-19,2.022753977941706e-43,2.7170270529423716e-31,1.5533335282576576e-33,2.255990648217547e-06,9.351782452637427e-12,6.179999994228267e-05,5.748956193842444e-14,1.0795394001927169e-28,1.2396116318237981e-22,3.285910425151228e-25,2.2099905581117028e-51,3.9297725909168525e-23,2.27156002296287e-16,1.4678317882390947e-26,4.2498459915163136e-19,5.881622289904405e-65,3.551531809189416e-30,1.1618068233330094e-22,3.6849778094025366e-29,1.7660234158708481e-22,1.2203395761494565e-21,1.0409456549377123e-42,2.3791191483846568e-27,9.231247287451815e-23,0.0003339999991971573,7.948565345992943e-13,8.415814309773021e-20,5.2628439365320494e-21,2.0335687017688203e-45,1.1163546394366807e-31,1.3111205409367165e-33,1.5815281562772575e-41,2.413560732835374e-35,6.801819081574842e-44,4.7151741526823406e-15,3.2602262980033e-15,1.2499219183654289e-13,3.509999874822284e-06,4.3139722672262784e-35,8.482588311757473e-31,2.690350115370652e-13,1.7799997307221275e-06,3.878692832800032e-33,5.903649322649995e-25,8.075857105898574e-51,5.018052216182533e-40,0.0,0.0,8.309733302569679e-21,2.1564403028800208e-16,4.048692488906356e-30,2.7195135127460747e-17,5.65712406514628e-42,1.984652977491534e-26,5.657128177587736e-42,3.0729757189234663e-54,3.6998809179440665e-38,3.495239754433353e-26,1.2684027161664125e-20,6.859084866948115e-23,2.8806374107498485e-35,8.286298183588785e-29,2.541421344356765e-32,2.2681757228408812e-26,3.0850091809085077e-22,1.6248609108053283e-38,1.6152383125060138e-46
0.9350611267692971,1.1549330032688945e-10,0.0001769999841602375,2.090949184997723e-28,1.0646829951746871e-22,3.822130949592111e-31,9.986056177579273e-25,1.7832559396873603e-34,3.1176588979789734e-27,2.1125744542239248e-60,3.3172458271064646e-48,8.825905467540953e-57,6.136136426881671e-38,1.3715131616392063e-31,6.29111192055283e-45,1.848771616994996e-34,1.365602147316639e-36,7.887052645451025e-74,3.4740400374672506e-58,1.137590600487654e-54,3.202430381210359e-65,1.0091542637657761e-73,6.389250108282915e-62,1.453883735689027e-16,4.499324487949686e-14,2.7735579292675906e-19,2.995482040233264e-13,5.836310571188362e-47,2.216661253531822e-47,5.2011016795474355e-22,1.7692007049294963e-15,3.1965254180731993e-62,1.2779515212419685e-63,4.400545507317539e-43,9.558837621365878e-40,2.216702905813467e-47,8.481934701288599e-43,4.928602753662389e-29,1.3149836648691495e-27,2.3771079341414113e-24,1.4805799420857326e-13,3.365100653706767e-08,1.3419957591725353e-21,2.7862097575117123e-19,2.4438242721763978e-20,4.328534269901923e-18,1.8084863740684832e-32,3.0097341901830733e-30,3.632867272573522e-24,0.0001823242335392263,0.5000000000470075,1.535152372487509e-10,0.24999999962480263,1.4786486431977333e-10,1.1893105530267597e-12,1.8350631198254237e-29,2.297565157279192e-28,2.3248121896911005e-22,2.575806909118358e-32,6.2099732491168166e-37,4.0380615652243896e-30,9.017199484699518e-37,1.0978151246627696e-40,4.2062712679639585e-23,2.134884652938373e-17,1.149722492568991e-22,2.6773462938707324e-16,0.0,7.232602905255361e-39,1.8880871816792927e-49,1.138389996041668e-12,3.821664603920058e-20,5.427216246978482e-24,2.7333978341086892e-58,8.747449669131703e-17,2.476560069105871e-10,1.114462269282912e-23,6.104078485021832e-20,1.3518549885795124e-22,1.642142254722294e-25,1.1227394876320465e-18,6.17707549043828e-35,1.5406039175907404e-48,1.5010759321226507e-33,1.2538142280580592e-26,0.1000000014576441,3.244377081145683e-11,2.82292630022589e-14,2.4287434142937017e-26,1.8862349108743115e-45,9.76732707215755e-33,1.3185704383881885e-24,6.020003229449888e-34,1.1880274094150637e-20,6.756115994438472e-51,1.1833782806798884e-19,3.950990415302224e-19,1.278374750277748e-42,8.21215536268514e-31,9.798854478807472e-33,2.2559864765464313e-06,1.352345356794925e-11,6.179999991645706e-05,8.30675384651586e-14,5.822088670522886e-28,3.7362146693560603e-22,1.4328797970798048e-24,2.8536297169719344e-50,1.7157120029730747e-22,4.738104888950824e-16,9.267884309536773e-26,1.2823838940407274e-18,2.3466559076626746e-63,2.24852582496558e-29,5.071198853523739e-22,2.326022862998456e-28,3.693037060867729e-22,3.681896218058349e-21,1.3749384161566097e-41,7.191565337163506e-27,1.9297771585618414e-22,0.00033399999884005025,1.1463056253055098e-12,1.2208098118230644e-19,1.5880427755047058e-20,1.2876032295398575e-44,3.3742276269032907e-31,6.69264107826414e-33,1.3733019663613844e-40,1.3165360212212606e-34,6.207862544044512e-43,6.818535066707933e-15,6.798490164436763e-15,1.8074923229913686e-13,3.5099998189825187e-06,1.8855874029387077e-34,2.5639603819296457e-30,3.8904618949036686e-13,1.779999610604021e-06,8.742369598757439e-33,1.786615271154382e-24,8.3967964472906025e-50,3.6629498152815307e-39,0.0,0.0,1.737170051580369e-20,3.1044404258964135e-16,1.2214104054827892e-29,3.930856491548605e-17,2.4688557107257935e-41,4.13708043805955e-26,2.4688583069363427e-41,2.814792952941636e-53,1.1160290975219882e-37,8.790509312675398e-26,1.8558369234785638e-20,1.4354199024233218e-22,1.0241818982388875e-34,2.499585592475005e-28,7.681570147021243e-32,6.856184154959285e-26,6.449637364429077e-22,7.103134758620861e-38,1.0207831059050562e-45
1.3521770917433409,1.2240488228689356e-10,0.00017699997709457707,8.332706177705565e-28,3.197357848383454e-22,2.1474865627640315e-30,3.0379920614035907e-24,9.679189955135093e-34,1.2869463578142927e-26,4.039023728119369e-59,4.386185101473164e-47,1.1631806766422514e-55,4.869358819825621e-37,7.44969718887125e-31,3.9980985168675057e-44,1.0527868598789346e-33,7.094267430610274e-36,2.2991348375358687e-72,8.818110433893576e-57,1.9017191296378516e-53,9.478515731672005e-64,4.119061106112401e-72,1.360001813362043e-60,3.045808698370101e-16,6.474065049260761e-14,8.2466571478176e-19,4.3179506522825493e-13,7.718884928885946e-46,2.1821829180882756e-46,1.5698209115712906e-21,3.690315958168283e-15,1.1469274515219536e-60,2.43628050894142e-62,5.799861673805767e-42,8.708338309717213e-39,2.1822410151947935e-46,5.960494345288813e-42,2.1512325421503785e-28,5.73827141300806e-27,7.171607070683628e-24,3.090960298700633e-13,3.354052516799916e-08,2.8546803518741415e-21,4.0627371350385425e-19,5.178752344493569e-20,6.286064948533322e-18,9.586886313729553e-32,1.7188798579009016e-29,1.0983228853084103e-23,0.00018232438222563874,0.5000000000685534,2.2244527503148581e-10,0.24999999945697857,2.1262985739887782e-10,2.4794112558033895e-12,8.01135584535305e-29,1.0031214674104978e-27,7.014422674427539e-22,1.1238507011098121e-31,3.921235220107655e-36,1.7625805188998004e-29,4.69070268862464e-36,6.949378364088493e-40,1.0320066570940401e-22,6.429312470370951e-17,2.4025642278005648e-22,3.86759462668526e-16,0.0,3.1595648392668387e-38,1.1910764161561409e-48,2.371629189853919e-12,1.665308076333266e-19,1.1337005470136158e-23,4.605820745818077e-57,2.6391392922096817e-16,3.566860608012396e-10,3.365236379490123e-23,1.2723359161899283e-19,4.0773115479237586e-22,6.153426853360702e-25,2.344675767623078e-18,2.6965649462564223e-34,1.4068702497732236e-47,9.370462533248573e-33,5.136649390428959e-26,0.10000000144314106,4.691641965142167e-11,5.859750433306882e-14,1.0511663423177892e-25,1.6851140263033986e-44,8.914615476210059e-32,5.746961122532449e-24,3.796453505902816e-33,2.4871382424521392e-20,6.36830749180208e-50,2.4727317592452294e-19,8.252907520253405e-19,8.07711292481601e-42,2.4815519686325787e-30,6.174624725467766e-32,2.255980443970838e-06,1.95560291608002e-11,6.179999987902617e-05,1.1998229721281475e-13,3.360788468615063e-27,1.1246007428029255e-21,6.241591352797583e-24,3.742847175874436e-49,7.485598198984469e-22,9.871734672099197e-16,5.847701696011495e-25,3.8658655254640335e-18,9.34807450583051e-62,1.4242949079713864e-28,2.2117277102295162e-21,1.4670248701241223e-27,7.722743289295305e-22,1.1097414107025809e-20,1.8150472695353732e-40,2.1734684592995694e-26,4.033585920832982e-22,0.00033399999832475546,1.6511518197124631e-12,1.7733657119272217e-19,4.7872486799921584e-20,8.157244558416038e-44,1.019652550067427e-30,3.5474035708133203e-32,1.217087256222867e-39,7.601369515071478e-34,5.660701735727195e-42,9.860172181954388e-15,1.4159020543756883e-14,2.613786085200742e-13,3.509999738233558e-06,8.2403783340563e-34,7.748293329675202e-30,5.625912730924233e-13,1.7799994369058246e-06,2.0282363391949943e-32,5.408981474169169e-24,9.262665701584524e-49,2.8667244287472644e-38,0.0,0.0,3.631104774733429e-20,4.460315526955026e-16,3.680861546930918e-29,5.68061114326006e-17,1.0764811974954435e-40,8.611761731443009e-26,1.0764828352629675e-40,2.5800033606951226e-52,3.362620842790721e-37,2.286718352095842e-25,2.7285796373920693e-20,3.004916898509859e-22,3.765860284489029e-34,7.531802137144328e-28,2.3212977469521427e-31,2.0721032233009063e-25,1.3482357697688321e-21,3.1047165517828125e-37,6.449219739842545e-45
1.9553618850060341,1.323998986406771e-10,0.00017699996687725976,3.765098663510548e-27,9.638029469425727e-22,1.3164394594513173e-29,1.0426513564533444e-23,5.706886034931968e-33,5.80277804417448e-26,7.723908301769803e-58,5.800127241725029e-46,1.5308703103226682e-54,4.195648765418324e-36,4.320646784069544e-30,2.5459555755355673e-43,6.535892295475468e-33,4.501802969543441e-35,6.8345723320295574e-71,2.4422797100730004e-55,3.591762305328073e-52,3.4400917270502056e-62,2.0476201340998657e-70,3.540767387234066e-59,6.385967282314207e-16,9.294969474216317e-14,2.4675750251414613e-18,6.215469416163665e-13,1.0210800209067024e-44,2.4079177665511793e-45,4.734098874570915e-21,7.688828764270485e-15,4.485014449889504e-59,4.6394925503393974e-61,7.633935170783701e-41,7.920761812233366e-38,2.4080061980568062e-45,4.866678382412355e-41,9.381905914421717e-28,2.501704636171184e-26,2.1613886632267384e-23,6.456593757229251e-13,3.3381401023214346e-08,6.115115429197432e-21,5.944118009434104e-19,1.1035219791266766e-19,9.144583653018409e-18,5.262544867769098e-31,1.0223745966837729e-28,3.3232937405918536e-23,0.00018232459712912304,0.5000000001003285,3.2260564236835236e-10,0.24999999921380758,3.050043146033694e-10,5.161872723618279e-12,3.494958616538548e-28,4.376570549356968e-27,2.11427299007177e-21,4.8985692213039775e-31,2.474459010312137e-35,7.687245094614376e-29,2.5218455183243193e-35,4.401155816806828e-39,3.0826398318420857e-22,1.9326694665242873e-16,5.019044476653765e-22,5.584363711176445e-16,0.0,1.3796351427594588e-37,7.505944673437642e-48,4.932647401890636e-12,7.24528702952296e-19,2.3670743003043653e-23,8.726151615618586e-56,7.954221662569667e-16,5.127906492641531e-10,1.0155262782873306e-22,2.648238675657346e-19,1.2283186730449891e-21,2.381387117476177e-24,4.893585489223378e-18,1.17627290351425e-33,1.2840246877629e-46,5.878246860747649e-32,2.1564682039573166e-25,0.10000000142214978,6.784508399947989e-11,1.2123646939012637e-13,4.553224818016937e-25,1.5204273495346095e-43,8.129823761428849e-31,2.5011160044078122e-23,2.3913268249986888e-32,5.2090138898681194e-20,6.072956940506759e-49,5.1651355156426185e-19,1.7230237879540354e-18,5.10147861090693e-41,7.496342310188284e-30,3.884814618487635e-31,2.2559717203837533e-06,2.8279616245683724e-11,6.179999982472253e-05,1.7321155490091128e-13,2.017774324765769e-26,3.3783917730078877e-21,2.714459096840473e-23,4.967480866479934e-48,3.262724566334772e-21,2.0533997787241526e-15,3.686110752794137e-24,1.163790978181755e-17,3.721074777760805e-60,9.028716187843973e-28,9.634769484131473e-21,9.241843693504149e-27,1.6149606969442283e-21,3.339918312080884e-20,2.3945197414113564e-39,6.567067689182089e-26,8.429171592596305e-22,0.00033399999758190095,2.3741961396140502e-12,2.5811067504490664e-19,1.441140925822361e-19,5.171963661866988e-43,3.0802940632562438e-30,1.9468671673068108e-31,1.0909719226996779e-38,4.5454599972926394e-33,5.155520560967346e-41,1.425864985806433e-14,2.9435317583597375e-14,3.779754786527511e-13,3.5099996214638412e-06,3.600335821607802e-33,2.340848680302031e-29,8.135495998789142e-13,1.7799991857292094e-06,4.8862559151121885e-32,1.6384739250947995e-23,1.1036824774831433e-47,2.4381649418416093e-37,0.0,0.0,7.588400331121474e-20,6.390055132223014e-16,1.1075824583272245e-28,8.206833046945504e-17,4.6876804564947345e-40,1.7889966438121944e-25,4.687690777048212e-40,2.3671271850700437e-51,1.01153445974275e-36,6.14028644321546e-25,4.03863418169978e-20,6.293389255312139e-22,1.4308141095358477e-33,2.2659117780129036e-27,7.012582720040849e-31,6.260786035914055e-25,2.8179067623163833e-21,1.3567690919516814e-36,4.072994585621052e-44
2.8276178650570496,1.4685412770309558e-10,0.00017699995210261816,1.912406132099124e-26,2.910913639562206e-21,8.828776333771272e-29,3.9337696170438813e-23,3.687146017757349e-32,2.8454944994302145e-25,1.4769949184226917e-56,7.669540191659302e-45,2.0104893480685243e-53,3.9525207317784054e-35,2.59886105591453e-29,1.625534015469166e-42,4.431613196762089e-32,3.424553081818696e-34,2.0805543134128389e-69,7.367731165150271e-54,7.666066931595465e-51,1.5468388450000922e-60,1.2643089293775322e-68,1.1154756227902991e-57,1.340432615270108e-15,1.330268541228756e-13,7.39920928626433e-18,8.928603996685817e-13,1.3508754904803439e-43,3.300623144888491e-44,1.425916232540043e-20,1.599373239451703e-14,1.9134801381186652e-57,8.818395893608341e-60,1.0027112274021833e-39,7.187307458686917e-37,3.300784760296157e-44,5.1007058655333065e-40,4.086709146110557e-27,1.0891893489072379e-25,6.504255566208404e-23,1.3492494368430572e-12,3.315262834663185e-08,1.3224213225019496e-20,8.736253237023926e-19,2.3693780800588686e-19,1.3333737852512963e-17,2.9780100882064673e-30,6.22246071064906e-28,1.0062711352870224e-22,0.00018232490766791732,0.5000000001475481,4.684363650644461e-10,0.24999999886117638,4.3595199411960895e-10,1.0725231845613272e-11,1.523056648693221e-27,1.9075337370902967e-26,6.3635883092381255e-21,2.1320679112063935e-30,1.5600249328641883e-34,3.3487248514373725e-28,1.3984840947871213e-34,2.7892323294557516e-38,1.2101679791888956e-21,5.794285410038807e-16,1.0480227366614616e-21,8.057721545659704e-16,0.0,6.020283973979979e-37,4.723100116604846e-47,1.0234684043227605e-11,3.1450813108551086e-18,4.9388431320916747e-23,1.9302246288716285e-54,2.3938087037812367e-15,7.35294778277e-10,3.06177704433147e-22,5.50056628636235e-19,3.6941640873364354e-21,9.469510463882074e-24,1.0204631255405017e-17,5.125389891215563e-33,1.1708884983548369e-45,3.6937392120594748e-31,9.179139505211004e-25,0.10000000139175677,9.810968578620275e-11,2.496503076582925e-13,1.9691318526947353e-24,1.3773770858116173e-42,7.40510077883205e-30,1.0861884159709073e-22,1.5036317320843172e-31,1.0915362684403331e-19,5.878761437104019e-48,1.078379418798762e-18,3.594697493159689e-18,3.220324829567602e-40,2.2634601558933617e-29,2.4386358899392138e-30,2.255959105394682e-06,4.0894605317688637e-11,6.17999997458347e-05,2.498675780419173e-13,1.2362202450516964e-25,1.0119893828246186e-20,1.1777345110598798e-22,6.660495484734361e-47,1.4200789351050993e-20,4.261212499827522e-15,2.3202560621827422e-23,3.496534783269783e-17,1.4778557594830668e-58,5.729300446101205e-27,4.1899827143981337e-20,5.812286502247972e-26,3.3772245356800594e-21,1.0030716344703349e-19,3.155626032422293e-38,1.9834815249321198e-25,1.7609519501680593e-21,0.00033399999651243087,3.4053077640452825e-12,3.767358823664126e-19,4.3296880797371983e-19,3.282882066055094e-42,9.30100734740233e-30,1.10131332354196e-30,9.837802855814284e-38,2.773799050526719e-32,4.686937114444156e-40,2.061930991925934e-14,6.103398485090419e-14,5.465843783661213e-13,3.5099994526051686e-06,1.5724660820893394e-32,7.068974901876138e-29,1.1764512905065023e-12,1.7799988225182627e-06,1.2342237618054229e-31,4.967041550430222e-23,1.4384135630393225e-46,2.270010982396027e-36,0.0,0.0,1.585400024788963e-19,9.117119717238552e-16,3.3254579612888255e-28,1.1851467188709632e-16,2.0375256364857745e-39,3.7056219497587177e-25,2.0375321300191465e-39,2.174534842003371e-50,3.035824439269641e-36,1.6957457111579073e-24,6.03150934395088e-20,1.318906454697687e-21,5.6011237979066395e-33,6.801409041035184e-27,2.1175412275671053e-30,1.8909719452212797e-24,5.888255642878105e-21,5.927358169864432e-36,2.5708183502321727e-43
4.088973428448061,1.6775738338360237e-10,0.00017699993073818453,1.0606083815448778e-25,8.801216668608092e-21,6.423614865387312e-28,1.5784935818367305e-22,2.601650029756579e-31,1.497162753429749e-24,2.823783147573283e-55,1.0139843862007707e-43,2.6321023310180512e-52,4.052675435271145e-34,1.5905969426901125e-28,1.0413460820016531e-41,3.251613242168471e-31,3.025619542640608e-33,6.513549351029907e-68,2.392043880986179e-52,1.804281695633164e-49,8.394807615529297e-59,9.51873530866634e-67,4.123740269824416e-56,2.8180885266818726e-15,1.8951795123437995e-13,2.2178367912063107e-17,1.2788388434173914e-12,1.7873144329000132e-42,5.948124912861415e-43,4.2873168634506036e-20,3.3190959833970496e-14,8.820697300701873e-56,1.671385062819384e-58,1.313043736572118e-38,6.499355136144017e-36,5.948510859039415e-43,6.956491089448878e-39,1.7770656141472816e-26,4.732835558445215e-25,1.9530875202861344e-22,2.820389708244418e-12,3.282457390187868e-08,2.895806159782919e-20,1.2915909174087268e-18,5.139520633722846e-19,1.950014724639948e-17,1.7277009393496456e-29,3.834733497905072e-27,3.0492618301823513e-22,0.00018232535625108083,0.500000000218419,6.813407053627988e-10,0.24999999834925513,6.199410502422967e-10,2.2221042096775236e-11,6.627085937822345e-27,8.301792626586182e-26,1.911333690183774e-20,9.260309425052382e-30,9.82183684071188e-34,1.4562866713557343e-27,7.967929790536258e-34,1.769670442388137e-37,6.005617773430867e-21,1.7305414615168263e-15,2.1869397333387402e-21,1.1615182549327197e-15,0.0,2.62456924938773e-36,2.965943427784682e-46,2.1163060496940977e-11,1.3607752027758431e-17,1.0294488965397648e-22,5.135260378405244e-53,7.188721946144373e-15,1.050377477594371e-09,9.219267293865687e-22,1.1390698187023516e-18,1.1083170490186015e-20,3.8468350728502535e-23,2.1253385172459083e-17,2.2297513242464187e-32,1.0663615984029691e-44,2.3205350888006045e-30,3.93560671343768e-24,0.10000000134773065,1.4187482974465039e-10,5.105887113188054e-13,8.484925098886961e-24,1.2487088151626376e-41,6.732983338371147e-29,4.702650072945984e-22,9.430789476136533e-31,2.2886347546302123e-19,5.797368869330832e-47,2.249837609767353e-18,7.491707552675654e-18,2.031223611897716e-39,6.829730959951493e-29,1.525813220314047e-29,2.2559408631672932e-06,5.913683270586063e-11,6.179999963102202e-05,3.600571209348183e-13,7.641267847955387e-25,3.0188278160832276e-20,5.092417253894726e-22,9.021444750945341e-46,6.168034122245139e-20,8.813062881306147e-15,1.457513371842574e-22,1.0475032472026597e-16,5.848844837890607e-57,3.640828938526172e-26,1.8176836149697985e-19,3.646489218583622e-25,7.062869248704266e-21,3.003342853306857e-19,4.152016654521424e-37,5.987583535955385e-25,3.677229619114066e-21,0.0003339999949756607,4.866652731313381e-12,5.520819836497007e-19,1.2970381283767992e-18,2.0870534223146247e-41,2.806532052689972e-29,6.385679306199503e-30,8.894987994968913e-37,1.711497439182443e-31,4.249723438355541e-39,2.981781625732704e-14,1.2607914338247939e-13,7.904070630076612e-13,3.509999208421658e-06,6.864162795900622e-32,2.1334056997357876e-28,1.701226847837902e-12,1.7799982973085235e-06,3.2993281085903784e-31,1.5073801004637334e-22,2.0535085935385946e-45,2.305172954850491e-35,0.0,0.0,3.3109302762840193e-19,1.2931616125133962e-15,9.953180940562898e-28,1.7104200772388895e-16,8.832598528668377e-39,7.643589946882109e-25,8.832639293726632e-39,2.000733760494506e-49,9.080856665688365e-36,4.795072085047821e-24,9.113477165044278e-20,2.7664583063463025e-21,2.2493752879594748e-32,2.0348673724921442e-26,6.390081886957252e-30,5.708319056779742e-24,1.2299898119858937e-20,2.5883877344764696e-35,1.6213091881414273e-42
5.912999739169831,1.979877545769492e-10,0.00017699989984533085,6.218148823282297e-25,2.6628992846549216e-20,4.9896336562462785e-27,6.558140366988863e-22,1.9771743357932992e-30,8.307426104456132e-24,5.397324049231317e-54,1.3402486824789751e-42,3.430576359837619e-51,4.46038050317332e-33,9.792372511074357e-28,6.697578663886486e-41,2.5402427812650637e-30,3.0054096466085376e-32,2.1047164229493594e-66,8.213938453027321e-51,4.528612092132946e-48,5.254902586316058e-57,8.367939000017651e-65,1.7289542850373252e-54,5.937719346994374e-15,2.6824291637542936e-13,6.632739714765484e-17,1.8239417027039353e-12,2.3649586882356696e-41,1.323758079798631e-41,1.285804714773983e-19,6.864691641446473e-14,4.3219463411600334e-54,3.155370055387908e-57,1.71201959313101e-37,5.848466919873742e-35,1.3238754548823173e-41,1.125858297576367e-37,7.708112979557231e-26,2.0507585131374284e-24,5.846408785213577e-22,5.896718375490643e-12,3.235591238686737e-08,6.443033322765292e-20,1.9235113660925184e-18,1.1298085282357768e-18,2.862259525731428e-17,1.0215460837712556e-28,2.3779390354331236e-26,9.248785738935117e-22,0.00018232600392731292,0.5000000003261167,9.932968832600152e-10,0.24999999760503866,8.751657211467635e-10,4.5848875139955126e-11,2.877184318064953e-26,3.60538743547212e-25,5.723524825796637e-20,4.0100154905885314e-29,6.171727172732759e-33,6.317509212268808e-27,4.639987681830372e-33,1.1254487997953333e-36,3.3931247262155523e-20,5.140099147812702e-15,4.5592539438219274e-21,1.671963989858767e-15,0.0,1.1426283622871091e-35,1.857643539926392e-45,4.354640772667246e-11,5.859922719451865e-17,2.142682087194731e-22,1.6548367843085937e-51,2.1521489066562533e-14,1.4923204981281151e-09,2.7709530286355543e-21,2.3485828330434683e-18,3.313489333357572e-20,1.5871649433922642e-22,4.4185815376223196e-17,9.678291135431781e-32,9.694246481675153e-44,1.4554951247894544e-29,1.6925710784412193e-23,0.10000000128391907,2.051628748578388e-10,1.0340856468232787e-12,3.634643958888801e-23,1.1305467485509124e-40,6.106361034914601e-28,2.027026061090069e-21,5.8936296528380415e-30,4.80111024980098e-19,5.842928387131506e-46,4.689028501638238e-18,1.558997687787604e-17,1.2797356912974893e-38,2.058787876785979e-28,9.501880402666988e-29,2.255914483597095e-06,8.551640290378394e-11,6.17999994635144e-05,5.180273322081823e-13,4.732670719304215e-24,8.951588850063749e-20,2.1910532823004127e-21,1.2351970864194094e-44,2.6711078482269427e-19,1.8139289980099814e-14,9.128753282150124e-22,3.1252484541713576e-16,2.3039134474403465e-55,2.3182364630059113e-25,7.857675947153934e-19,2.27970911302772e-24,1.4773120603638688e-20,8.953099291646688e-19,5.4507918427050335e-36,1.8060854645070953e-24,7.673973735645122e-21,0.00033399999277326656,6.919287149512175e-12,8.136030061144715e-19,3.869410404409704e-18,1.3296911975477031e-40,8.459977046911579e-29,3.772435676943065e-29,8.046315002711789e-36,1.061668048584992e-30,3.8387729786030785e-38,4.3121742657252153e-14,2.59041015731011e-13,1.1429952363041648e-12,3.509998855312482e-06,2.9940371344372617e-31,6.432891343276225e-28,2.460073776733155e-12,1.7799975378598883e-06,9.40294968173126e-31,4.581363568588538e-22,3.178015671923315e-44,2.5190470222715388e-34,0.0,0.0,6.9104280334464935e-19,1.818866148658066e-15,2.965652861580087e-27,2.466320621630177e-16,3.8142827488610076e-38,1.5672576512363107e-24,3.8143082586002427e-38,1.844241224592367e-48,2.7033805754427953e-35,1.382088367090895e-23,1.3972012748059094e-19,5.809574325354815e-21,9.221202375085033e-32,6.059588845973624e-26,1.9265370080010637e-29,1.721848007680137e-23,2.568076268766638e-20,1.1296086422016097e-34,1.0212726486115533e-41
8.550695309529694,2.417084896077309e-10,0.0001769998551755127,3.760102403389687e-24,8.060753878345444e-20,4.0639901853062866e-26,2.7716847658451687e-21,1.588819984822109e-29,4.782053198270455e-23,1.0312190823889117e-52,1.7706569707778662e-41,4.442837699057397e-50,5.176591919795548e-32,6.019972510656417e-27,4.325508130274871e-40,2.0760384092442058e-29,3.255922091968522e-31,7.031950189895724e-65,2.930012893759522e-49,1.1782189871770083e-46,3.6257043169764906e-55,8.193416141699482e-63,7.959208516413873e-53,1.254814902444065e-14,3.7616046380453814e-13,1.9755307284561388e-16,2.585655860730205e-12,3.1293265790122546e-40,3.2734881677873174e-40,3.84219705793269e-19,1.4128964664652258e-13,2.2102712136223535e-52,5.924296417281798e-56,2.2185763358112395e-36,5.226069021664592e-34,3.2738976720465115e-40,1.9635136967202563e-36,3.3314245105356077e-25,8.849973101956638e-24,1.7422174147712413e-21,1.2329421420355438e-11,3.1689997841310826e-08,1.4615558877564391e-19,2.8886076351874365e-18,2.52561220222346e-18,4.218253147681452e-17,6.120247782094963e-28,1.4777359902363501e-25,2.808655144298752e-21,0.00018232693839103376,0.5000000004921769,1.4525146923638948e-09,0.24999999652124966,1.2227189622913437e-09,9.403808870961524e-11,1.2451712455612477e-25,1.5610227549295031e-24,1.7065050486814489e-19,1.7290237091324348e-28,3.8672537485574635e-32,2.730903075741626e-26,2.745645088713233e-32,7.204807598499111e-36,2.020603853613887e-19,1.5146697440675702e-14,9.49207062782759e-21,2.4018413663814762e-15,0.0,4.964713700233122e-35,1.1601963903321744e-44,8.898104201832141e-11,2.5063848221956975e-16,4.45047077833845e-22,6.307106715447349e-50,6.414431341578769e-14,2.1035705042457896e-09,8.307268949684769e-21,4.812146120350153e-18,9.856113795859292e-20,6.613850201862756e-22,9.162702912086307e-17,4.18733117804579e-31,8.790797773511733e-43,9.10226889636999e-29,7.27927166646775e-23,0.10000000119136827,2.9668263821909397e-10,2.0651217394018035e-12,1.5433465461109335e-22,1.020537718553509e-39,5.518000305305545e-27,8.681880605760945e-21,3.664088850360917e-29,1.0073066817985738e-18,6.02997890988683e-45,9.75817523888565e-18,3.2371745679332237e-17,8.049505445553429e-38,6.1973983898561405e-28,5.877257337568345e-28,2.255876336987846e-06,1.2366301215221558e-10,6.179999921835467e-05,7.436246511436935e-13,2.9233347149442784e-23,2.631631778629742e-19,9.360368233843716e-21,1.710417546377284e-43,1.1518345403097835e-18,3.7078074159952736e-14,5.6934941321987904e-21,9.269438221896954e-16,9.016024637721252e-54,1.4800191210687423e-24,3.3796813176511637e-18,1.418064832292347e-23,3.0915102173471486e-20,2.652200569894832e-18,7.133069443772038e-35,5.441758776544648e-24,1.6000174054812062e-20,0.00033399998962848097,9.765471366205459e-12,1.2084269312298519e-18,1.1474860635472785e-17,8.49643324866413e-40,2.5463203090955066e-28,2.2572263193088183e-28,7.268956226232403e-35,6.595304353012294e-30,3.4488106016421115e-37,6.236978081564323e-14,5.281144981085389e-13,1.652867510436638e-12,3.509998344688437e-06,1.3044863898678226e-30,1.937244572999638e-27,3.5573827160959236e-12,1.779996439732406e-06,2.8675135219525e-30,1.395243455046627e-21,5.238932443730768e-43,2.9093856985302085e-33,0.0,0.0,1.4410863864584137e-18,2.528031816154307e-15,8.78013089292223e-27,3.5517484943007736e-16,1.6382007269421959e-37,3.1863923864808725e-24,1.6382166175695766e-37,1.7032011396288208e-47,7.993513722880666e-35,4.044198421409179e-23,2.1790049979447526e-19,1.2218625130647203e-20,3.839747798321339e-31,1.7924975012141957e-25,5.800498058239863e-29,5.1879499494985883e-23,5.358180898114755e-20,4.925361960601329e-34,6.42207539393304e-41
12.365025114423291,3.049424894327058e-10,0.0001769997905867959,2.3086428901060394e-23,2.4407476888323227e-19,3.4157122616809565e-25,1.1787033614591434e-20,1.3265874390087775e-28,2.8172655814471094e-22,1.9685970607035618e-51,2.3369875937384174e-40,5.701279528291135e-49,6.2290557073232285e-31,3.674995638688241e-26,2.8024784283665424e-39,1.7476264259683184e-28,3.745499969876137e-30,2.4273900235282044e-63,1.0684481743283012e-47,3.116321788115578e-45,2.6588992328386234e-53,8.591156310398954e-61,3.906864181730391e-51,2.6622204311276623e-14,5.206181985841356e-13,5.84721081243393e-16,3.6338305093399095e-12,4.139571337936213e-39,8.386856967593583e-39,1.142118781639878e-18,2.887825497793403e-13,1.1601055657947996e-50,1.104065492409879e-54,2.850004069143034e-35,4.623702174091059e-33,8.388363358948032e-39,3.494073289701912e-35,1.4324010576311924e-24,3.796880357170229e-23,5.158283517693145e-21,2.5775960862426906e-11,3.0751194176757536e-08,3.389411227731611e-19,4.3741545529013644e-18,5.7599118037931775e-18,6.239371764904797e-17,3.694858129308121e-27,9.174807718952462e-25,8.542159313612547e-21,0.00018232828521627605,0.500000000752228,2.132318776355089e-09,0.2499999949399671,1.6835407551032658e-09,1.9122465281463222e-10,5.364169433187053e-25,6.729261195256978e-24,5.056434171029882e-19,7.409856092645308e-28,2.413496374591962e-31,1.174502902510257e-25,1.6411019004648786e-31,4.716818491087046e-35,1.2214262981854268e-18,4.412866669679093e-14,1.9723280410510548e-20,3.4402504453277853e-15,0.0,2.151021911792861e-34,7.236202781028899e-44,1.8004014886820436e-10,1.0616103067225737e-15,9.216134160137654e-22,2.71491159521198e-48,1.8995784786997456e-13,2.9316152517175152e-09,2.4818110528427418e-20,9.771232137856528e-18,2.9104128093301437e-19,2.7687869846788832e-21,1.8930870464019877e-16,1.803480449656392e-30,7.943780051483337e-42,5.6663288990573235e-28,3.1223937510085576e-22,0.10000000105704586,4.2902775867196795e-10,4.042368207160013e-12,6.470523974903513e-22,9.17202952670652e-39,4.960467305336558e-26,3.684725617303248e-20,2.261162292955389e-28,2.111339692453073e-18,6.369412214659575e-44,2.0263936678229665e-17,6.700769973105064e-17,5.05111143735874e-37,1.8617749353460185e-27,3.600080587926837e-27,2.2558211747534053e-06,1.7882524659305815e-10,6.179999885817001e-05,1.064007758454069e-12,1.7935789502162067e-22,7.641906319701067e-19,3.9582840631955754e-20,2.3935518377689326e-42,4.936949442202479e-18,7.50523041084735e-14,3.529603164836069e-20,2.7262944796813242e-15,3.495000985100103e-52,9.481177671498456e-24,1.443184153554997e-17,8.757396573591061e-23,6.478539794721184e-20,7.786135367434163e-18,9.291901149313954e-34,1.6369687052099102e-23,3.331653106949416e-20,0.0003339999851601186,1.363928268037056e-11,1.814213113019516e-18,3.374005734517568e-17,5.449784589452143e-39,7.646843691938801e-28,1.3601392896841245e-27,6.546084240538854e-34,4.0906460253523103e-29,3.074396972603144e-36,9.024553698006379e-14,1.0648219715569466e-12,2.39018592807733e-12,3.5099976062863753e-06,5.674372162238099e-30,5.82321936181671e-27,5.144083919192721e-12,1.779994851946593e-06,9.347708801700974e-30,4.260702054051592e-21,9.031032856235285e-42,3.489929263465638e-32,0.0,0.0,3.001523693722647e-18,3.455563509957455e-15,2.576068006170011e-26,5.10547243433742e-16,6.981652658204077e-37,6.401270511857228e-24,6.981751004136334e-37,1.5749337998954047e-46,2.3409462754416083e-34,1.197409748460518e-22,3.461771882945185e-19,2.5745362796430053e-20,1.6167077467026163e-30,5.25270585508226e-25,1.7430567766245185e-28,1.560619241117868e-22,1.11689136622776e-19,2.144805911156987e-33,4.028528451681412e-40
17.88086705766717,3.964040205508948e-10,0.0001769996972007194,1.425655143509079e-22,7.389931557564034e-19,2.924786449122538e-24,5.0079711065404126e-20,1.1347206657935677e-27,1.6806031676548297e-21,3.7518066238386027e-50,3.0784046331514536e-39,7.220938584208082e-48,7.66412456787794e-30,2.2157352536899425e-25,1.8158917828739526e-38,1.4966421674721623e-27,4.476951672611786e-29,8.630319840249554e-62,3.929162857577447e-46,8.276230908643674e-44,2.019370086479337e-51,9.377136610519818e-59,1.995376328881644e-49,5.6761404002185374e-14,7.074612941055857e-13,1.714808718988086e-15,5.0443956306474356e-12,5.470773831906392e-38,2.1502544639250654e-37,3.3697310910694415e-18,5.843931035017042e-13,6.161113952039052e-49,2.0400880544131167e-53,3.6162431352862694e-34,4.0338142317928704e-32,2.1508136188582038e-37,6.175944384301553e-34,6.113306967000358e-24,1.6153192191168616e-22,1.5131333525495226e-20,5.385742430204712e-11,2.944257585809277e-08,8.044588071792937e-19,6.664297087571581e-18,1.3432878985450755e-17,9.244442563441423e-17,2.2357690038297026e-26,5.675213924284324e-24,2.602582844707734e-20,0.00018233022338058632,0.5000000011652389,3.1449509687235974e-09,0.24999999262911662,2.271499740664573e-09,3.840624962924378e-10,2.295770357259019e-24,2.8827578838510444e-23,1.4849075622012118e-18,3.148691404669116e-27,1.4975413537356182e-30,5.014510199361988e-25,9.84896314093665e-31,3.338302996084074e-34,7.366050413887544e-18,1.2648770232347129e-13,4.086746879469111e-20,4.906923137873956e-15,0.0,9.28129405641081e-34,4.539593982017504e-43,3.593184007052329e-10,4.434141314696664e-15,1.9002470952677602e-21,1.2551205672381387e-46,5.57377721635499e-13,4.018946843591073e-09,7.379592799254755e-20,1.9584858252839112e-17,8.504405281035075e-19,1.1583511518540146e-20,3.8908918103568654e-16,7.720200953958083e-30,7.14557601720201e-41,3.503727431502365e-27,1.3321052906511491e-21,0.10000000086201521,6.204096066279658e-10,7.691197566755936e-12,2.6638207363044158e-21,8.200407251598994e-38,4.426340415432108e-25,1.5435847902668794e-19,1.3807826178218675e-27,4.4102814014402494e-18,6.861374677403216e-43,4.1950858691585425e-17,1.380765832359431e-16,3.158764680107657e-36,5.576698964291927e-27,2.1746871903960432e-26,2.2557414075307557e-06,2.5859246924210236e-10,6.179999832675e-05,1.515346685131414e-12,1.088242406820036e-21,2.180529885350894e-18,1.6497201282290167e-19,3.373869584796396e-41,2.097998874266854e-17,1.4984207957711557e-13,2.1694157601047686e-19,7.923589834429796e-15,1.3366136103439948e-50,6.099067806221485e-23,6.099716535107636e-17,5.352685201923898e-22,1.3631233270395954e-19,2.2565868921672012e-17,1.2025284959801427e-32,4.912861930617746e-23,6.924338956415402e-20,0.0003339999788514696,1.8772714350872538e-11,2.76330125024321e-18,9.801009200553247e-17,3.5122875930637207e-38,2.2888377295898473e-27,8.207535602575921e-27,5.8640514113142306e-33,2.525739193491359e-28,2.710188487843422e-35,1.3073639915290907e-13,2.1134243089294092e-12,3.4564107860043026e-12,3.50999653850189e-06,2.462526352189998e-29,1.7457841627533214e-26,7.43837755301673e-12,1.7799925562678477e-06,3.2392865125423923e-29,1.305622594375747e-20,1.6027081504817165e-40,4.2853939225979775e-31,0.0,0.0,6.240587927757545e-18,4.6157860660046695e-15,7.463231656329901e-26,7.319461774061723e-16,2.9431836570096952e-36,1.2647429882277114e-23,2.94324396760572e-36,1.4553651653906226e-45,6.763727515233777e-34,3.5778762693982156e-22,5.598628232579659e-19,5.435625430018139e-20,6.855215299067224e-30,1.5190654984651804e-24,5.223282822724145e-28,4.683724657569575e-22,2.3251107086595624e-19,9.32247749794884e-33,2.5182764019512654e-39
25.857238766221403,5.28702818566949e-10,0.00017699956218386357,8.800426614999019e-22,2.2355140551148752e-18,2.5257291466080604e-23,2.1137206605252444e-19,9.836723575483211e-27,1.0062776953728705e-20,7.127230988685974e-49,4.0395178156262615e-38,8.976847613345726e-47,9.536000057352928e-29,1.3110871269777562e-24,1.1689497802251089e-37,1.2909420526820382e-26,5.467973820516598e-28,3.143705201280659e-60,1.439462075122451e-44,2.188453950374543e-42,1.5593704398829184e-49,1.044409598225061e-56,1.0398662891429088e-47,1.2172429084322577e-13,9.37449067223691e-13,4.962773612326721e-15,6.882147112459223e-12,7.213041122209944e-37,5.412447772917157e-36,9.837047194278378e-18,1.1659905168272333e-12,3.269636338330332e-47,3.757784138956523e-52,4.5099237240042346e-33,3.450953597202954e-31,5.414495401631863e-36,1.0665058969813034e-32,2.5815614919190477e-23,6.789766077859036e-22,4.3801572017552985e-20,1.1237406859356049e-10,2.7648068259927008e-08,1.9515775730653728e-18,1.0157107221471699e-17,3.20553987388959e-17,1.3657038530455205e-16,1.3486359349767355e-25,3.486638737811785e-23,7.943628852562081e-20,0.00018233300622782527,0.5000000018269988,4.6623467759218985e-09,0.24999998925087494,2.98129982579267e-09,7.577343730372277e-10,9.734052199923685e-24,1.2239949219663587e-22,4.305372068581797e-18,1.3227425929089268e-26,9.215599009718265e-30,2.118695933131645e-24,5.8982889614506615e-30,2.953298622081863e-33,4.38684892409516e-17,3.5423949365217027e-13,8.433921772803172e-20,6.956855870442469e-15,0.0,3.981042842276063e-33,2.93187718330098e-42,7.037339187271085e-10,1.8154661609985496e-14,3.893707728176531e-21,5.9672567260845e-45,1.613973266038866e-12,5.380209325176129e-09,2.1807885009955197e-19,3.85309997724008e-17,2.4479209076864746e-18,4.815816737938959e-20,7.938234017072482e-16,3.2796207946306195e-29,6.393573908889435e-40,2.1455346934984347e-26,5.633494147796609e-21,0.10000000057889087,8.971631655119496e-10,1.4061950611750304e-11,1.0686788590077173e-20,7.303630159460733e-37,3.9084735617437214e-24,6.347405971774834e-19,8.30746656368049e-27,9.137393778074555e-18,7.483707149225136e-42,8.646459353715337e-17,2.826764641926155e-16,1.9656409327442045e-35,1.6634284824528973e-26,1.2878149645789084e-25,2.255626061555283e-06,3.7393844471390144e-10,6.179999753958305e-05,2.1438015903094773e-12,6.494183978078479e-21,6.069503525672734e-18,6.735568594038903e-19,4.7554813795353675e-40,8.809131822214618e-17,2.9349295450709146e-13,1.317300265910205e-18,2.264695544180989e-14,5.0144757602363845e-49,3.941400667249288e-22,2.540995725945366e-16,3.2240206737278536e-21,2.9006342011032323e-19,6.421970036704821e-17,1.5419125963647571e-31,1.4695470595951591e-22,1.435280803148198e-19,0.0003339999700134495,2.5319928320608985e-11,4.289916723738138e-18,2.7986000114754953e-16,2.276272226472517e-37,6.81863401827822e-27,4.9309433891612087e-26,5.210948827618389e-32,1.5472865712816721e-27,2.3513626508810954e-34,1.9006451890591386e-13,4.102508559630681e-12,4.998262318501757e-12,3.509994994410882e-06,1.0650823828493732e-28,5.213906958750466e-26,1.0755677842384224e-11,1.7799892372860472e-06,1.1827801896099732e-28,4.017574974095683e-20,2.8930771974418573e-39,5.325205504204875e-30,0.0,0.0,1.2942114065758671e-17,5.9767279242664855e-15,2.1249081672367814e-25,1.045366744054603e-15,1.2220742304325134e-35,2.4425373643541364e-23,1.2221107459879537e-35,1.3383568524774429e-44,1.9181023935517818e-33,1.0765813360983042e-21,9.18437001741777e-19,1.14967498291697e-19,2.916768873879093e-29,4.313735528350124e-24,1.5589268367226657e-27,1.4010081992952986e-21,4.832659695860246e-19,4.0412550892219264e-32,1.5664398895952167e-38
37.39174361383633,7.200867659318441e-10,0.0001769993669866035,5.404045081976394e-21,6.7450473876367795e-18,2.1807582335236967e-22,8.811272501243728e-19,8.569166672886124e-26,5.99926850172012e-20,1.3456780666341987e-47,5.262284817563393e-37,1.0870276727870948e-45,1.1888589137351467e-27,7.553277170755297e-24,7.389049109776463e-37,1.1118091019700711e-25,6.735645699284561e-27,1.1648834996612484e-58,5.189230336945959e-43,5.723146490469894e-41,1.2073343386578166e-47,1.1696218220345647e-54,5.443551343280317e-46,2.6261271008704603e-13,1.2010500076663879e-12,1.4093738755272644e-14,9.16628445642569e-12,9.461563933255222e-36,1.3174133422384808e-34,2.8289926427975637e-17,2.280532324462957e-12,1.7128889949215546e-45,7.143278187805205e-51,5.491694455767083e-32,2.8736407395273924e-30,1.3181415460472777e-34,1.7723512798717006e-31,1.0738530508075985e-22,2.805316726875133e-21,1.2442830082525986e-19,2.337468928072676e-10,2.524473264324359e-08,4.8193835428003236e-18,1.532368817504995e-17,7.814698761462798e-17,1.9954834885168566e-16,8.061171500890128e-25,2.119330621943507e-22,2.42748783738048e-19,0.00018233698885012194,0.500000002885621,6.945568058251966e-09,0.2499999843254297,3.772770404496231e-09,1.457199461779909e-09,4.072910221205974e-23,5.131928114407363e-22,1.2258874671593343e-17,5.476731867864266e-26,5.604975028772168e-29,8.819938975629329e-24,3.5010376652717705e-29,3.853558159849059e-32,2.5568771681906536e-16,9.600358863636165e-13,1.7305751481353576e-19,9.77887080649515e-15,0.0,1.6930863271755646e-32,2.065847287551699e-41,1.3439441120018922e-09,7.225611483657358e-14,7.907286921405582e-21,2.8160403410999533e-43,4.5860142838009895e-12,6.959734987885398e-09,6.394403839502583e-19,7.382164273437397e-17,6.896460789237966e-18,1.9767972772990468e-19,1.602973854801742e-15,1.3825313214042262e-28,5.697939707904601e-39,1.2956830730973587e-25,2.3512252364501453e-20,0.10000000016841226,1.2973706384917828e-09,2.4333132819202637e-11,4.13451841008439e-20,6.532516567021395e-36,3.400668799693195e-23,2.5426214779777242e-18,4.895564657753366e-26,1.862570016179709e-17,8.17704166161285e-41,1.7708921247236778e-16,5.733251192209998e-16,1.214527817972734e-34,4.9319182978385573e-26,7.414665567758233e-25,2.255459270069956e-06,5.407299300405194e-10,6.179999637073216e-05,3.0042640915582187e-12,3.7845005872341524e-20,1.6318090685887543e-17,2.6717172976296552e-18,6.619496375717079e-39,3.637780198148482e-16,5.600297594164097e-13,7.86384512339789e-18,6.324400860502249e-14,1.8310718575135069e-47,2.557528867536378e-21,1.0372875961008025e-15,1.9020964832652158e-20,6.359493971490725e-19,1.781448007230223e-16,1.9514428357263163e-30,4.374868277715355e-22,2.964007598396268e-19,0.00033399995773617533,3.322763138971572e-11,6.82816267197583e-18,7.801504251172313e-16,1.4842494317029247e-36,2.018814593047692e-26,2.930075141561428e-25,4.576244784631927e-31,9.364595900580776e-27,1.9945015753910388e-33,2.791499567514754e-13,7.72082569568595e-12,7.227910372083538e-12,3.5099927615585913e-06,4.584469586333991e-28,1.5486896335869282e-25,1.5551843935122918e-11,1.7799844392104844e-06,4.504243768148296e-28,1.2418359913902226e-19,5.262890917695536e-38,6.633202702178733e-29,0.0,0.0,2.67425136583496e-17,7.432081243428622e-15,5.909766727738694e-25,1.4848682036384434e-15,4.970328989631087e-35,4.5758790148111525e-23,4.970546223613642e-35,1.2154655153295875e-43,5.303325877599757e-33,3.2555514266923866e-21,1.5183464761299261e-18,2.433572682239785e-19,1.241062516087582e-28,1.1951295810882527e-23,4.625836258182575e-27,4.170832733458454e-21,1.0029689801982579e-18,1.7451892671342262e-31,9.676069429430733e-38
54.07160846228208,9.969620167156175e-10,0.00017699908479606937,3.284871369574163e-20,2.022972613004906e-17,1.8668519829765764e-21,3.6018026391915515e-18,7.44615603931924e-25,3.5311826051336457e-19,2.5123031533627093e-46,6.764561988563636e-36,1.2689396691208198e-44,1.4722932959292763e-26,4.193975630157483e-23,4.5062053517307374e-36,9.477726035798317e-25,8.275944020906456e-26,4.3510188490699374e-57,1.8151196390981365e-41,1.4706041473480998e-39,9.256509444891079e-46,1.3004817282989171e-52,2.8237767074963956e-44,5.693373552004148e-13,1.4737146910428875e-12,3.8971412119879956e-14,1.1817062317256577e-11,1.228538202277915e-34,3.0495099059314035e-33,7.967975851528833e-17,4.33876436929438e-12,8.739688702498718e-44,1.5881909310332434e-49,6.472845272366885e-31,2.3066083534605926e-29,3.0519851334218185e-33,2.7843080272473877e-30,4.373047453294264e-22,1.1311429892753068e-20,3.442071583853318e-19,4.831700751133341e-10,2.2133959240107713e-08,1.2038182637250852e-17,2.253258332144911e-17,1.9391439788245333e-16,2.8520951009586725e-16,4.7407520263404426e-24,1.268109512907446e-21,7.413460128447053e-19,0.0001823426624253199,0.5000000045479422,1.0382780851034416e-08,0.24999997720575137,4.560503435433547e-09,2.7016341673674217e-09,1.6727785243383253e-22,2.1141115607116327e-21,3.402599810258445e-17,2.23115170299956e-25,3.353110046982162e-28,3.595678495490441e-23,2.0433371439498435e-28,6.922326278739572e-31,1.443345001669833e-15,2.484928432047043e-12,3.5222622666011235e-19,1.3579579272137258e-14,0.0,7.112789146567449e-32,1.744936728607343e-40,2.484267994215792e-09,2.763596949607402e-13,1.585345531709164e-20,1.2784767079540576e-41,1.2685744466784491e-11,8.568550772944712e-09,1.857155089013149e-18,1.362387900888589e-16,1.8847515550184994e-17,7.947701599222112e-19,3.191521280471725e-15,5.816373114918445e-28,5.098572485744323e-38,7.671644768313842e-25,9.627495338720846e-20,0.09999999957491175,1.876101261370883e-09,3.910300847759218e-11,1.5210957547490563e-19,6.008540175714092e-35,2.8988499616100198e-22,9.819001241428032e-18,2.8036312130343918e-25,3.692961700640069e-17,8.831920901022068e-40,3.5945545949103913e-16,1.1473661175452751e-15,7.42821474524799e-34,1.4497385783532994e-25,4.103828810641712e-24,2.2552180929618466e-06,7.819070381495814e-10,6.179999463644258e-05,4.154076925037034e-12,2.1334052643971957e-19,4.182000668603366e-17,1.0181640257008264e-17,8.936053078379144e-38,1.4686187211439148e-15,1.031959237161051e-12,4.5851420897671817e-17,1.7110420486328136e-13,6.439137683550076e-46,1.6626340134406102e-20,4.1176615030983684e-15,1.0901700449189187e-19,1.496695983435567e-18,4.769595559935037e-16,2.4252415496769767e-29,1.2936097256981325e-21,6.090581700027142e-19,0.0003339999408059607,4.2074108369807885e-11,1.1240008362977868e-17,2.1039230366916573e-15,9.74336261471154e-36,5.940045786199719e-26,1.708411436487418e-24,3.951301269992513e-30,5.567615271172758e-26,1.6390326054219784e-32,4.21709006916003e-13,1.3927024174486774e-11,1.045216990233377e-11,3.5099895327397854e-06,1.9597330102810646e-27,4.564358861260167e-25,2.2485546405986625e-11,1.7799775035075774e-06,1.7722779474914953e-27,3.853507198091046e-19,9.573665101141483e-37,8.209338467268097e-28,0.0,0.0,5.497169465611653e-17,8.79484653318993e-15,1.5940296925757135e-24,2.0927795400093115e-15,1.9663873273588308e-34,8.243899705603082e-23,1.9665135394060924e-34,1.0770505258540522e-42,1.4180043576299714e-32,9.87044771006968e-21,2.509914509712201e-18,5.144592284984261e-19,5.262310791771159e-28,3.205411046710913e-23,1.3612585929972745e-26,1.2332809212481561e-20,2.0820516175984446e-18,7.495577392678739e-31,5.919024793191959e-37
78.19209694774575,1.3975329698748153e-09,0.00017699867685136352,1.9645583169077296e-19,5.99412492179238e-17,1.5696779731876773e-20,1.429800829156311e-17,6.405606994885618e-24,2.031247356652958e-18,4.598089238340445e-45,8.495683029453529e-35,1.4087011460341798e-43,1.79424668769335e-25,2.216673507617799e-22,2.5924296411793575e-35,7.917421631304553e-24,1.003221681280768e-24,1.6190713027088135e-55,6.053794912828574e-40,3.6855261279748293e-38,6.935404632375663e-44,1.4172064082817154e-50,1.432058641735198e-42,1.2359648372585058e-12,1.7171571663258928e-12,1.0383157195516407e-13,1.4600954654439336e-11,1.5656386677884327e-33,6.574579121889146e-32,2.1811932162892417e-16,7.949742827067021e-12,4.272454631856909e-42,5.106878443733109e-48,7.30275808900775e-30,1.7625592346410578e-28,6.582466605343137e-32,4.0417819797776125e-29,1.7289367325227946e-21,4.4072733858974377e-20,9.176570991186744e-19,9.86838529112654e-10,1.8300832032006803e-08,3.020512526735898e-17,3.174206961755255e-17,4.875766220924374e-16,3.9541518290125637e-16,2.718860212780237e-23,7.41881420747737e-21,2.2534176840069517e-18,0.0001823506963580962,0.5000000070462467,1.5533415820038087e-08,0.24999996710306907,5.2273470197636295e-09,4.754653112297716e-09,6.695553465365708e-22,8.500232804099777e-21,9.115363120862252e-17,8.96477566067614e-25,1.9603508553301477e-27,1.423791870634078e-22,1.161097017061505e-27,1.384224287229469e-29,7.786909238062373e-15,6.036959046087537e-12,7.087575202203042e-19,1.853902359682949e-14,0.0,2.93619301975646e-31,1.8599810745584696e-39,4.412279205631451e-09,1.0001581841583983e-12,3.1209497213197826e-20,5.411354843385242e-40,3.3788957567166894e-11,9.823887369015639e-09,5.3328899018555975e-18,2.3870112741150603e-16,4.9366011205790545e-17,3.0978605164732988e-18,6.2358525774754085e-15,2.4951908153759515e-27,4.696844806054431e-37,4.4180519876009634e-24,3.8366818913704465e-19,0.09999999871999178,2.7129880374322677e-09,5.713622425349537e-11,5.226239207989277e-19,5.957181786926913e-34,2.402789043771149e-21,3.6055961063345255e-17,1.5446020408174217e-24,7.053846966288927e-17,9.290668912033607e-39,7.204345685303754e-16,2.2528026119447206e-15,4.4774317938828575e-33,4.20967756052008e-25,2.1506755777531932e-23,2.2548693662464437e-06,1.1306337535520924e-09,6.179999207774898e-05,5.637536568113175e-12,1.149240835324186e-18,1.0045554966560746e-16,3.674262193566366e-17,1.143258782956281e-36,5.7530703067952385e-15,1.8173973406070428e-12,2.58898297747103e-16,4.436770752699498e-13,2.1502732924604882e-44,1.0771962768275373e-19,1.5736769781849755e-14,6.003200900668598e-19,4.036659107938155e-18,1.2169103263304585e-15,2.939711969530427e-28,3.788621037263968e-21,1.2438941602149836e-18,0.0003339999175275538,5.098341857886938e-11,1.9464967090027575e-17,5.425790039082193e-15,6.462437345032611e-35,1.747537261643386e-25,9.675027108065312e-24,3.3308823043976865e-29,3.2266358639508406e-25,1.2891470472181885e-31,6.835737204394499e-13,2.3741108781233318e-11,1.511471827344509e-11,3.5099848637604447e-06,8.295425891306332e-27,1.3304219109262364e-24,3.25081430332534e-11,1.7799674789711661e-06,7.175319790994769e-27,1.1975577815244665e-18,1.7285465606009523e-35,9.999049427866115e-27,0.0,0.0,1.1216749391606576e-16,9.85004612029722e-15,4.137877856185488e-24,2.9171444606047983e-15,7.50655730768019e-34,1.4161398422095272e-22,7.507268247860712e-34,9.158079292348828e-42,3.633153749155198e-32,2.9916959352594544e-20,4.132601305182542e-18,1.083051914054265e-18,2.214844292307e-27,8.251715206357021e-23,3.958406605697788e-26,3.611946507660389e-20,4.352007111939642e-18,3.194654214266939e-30,3.572088867018729e-36
113.07235347641867,1.9770552077330513e-09,0.00017699808711457032,1.1466030918662761e-18,1.7368850043300951e-16,1.2812669866857537e-19,5.4381293426223286e-17,5.407938919984124e-23,1.1269224208960187e-17,8.140145416071111e-44,1.0266487919441295e-33,1.4622130874595086e-42,2.12733888334042e-24,1.0996076157816087e-21,1.3790642452968006e-34,6.399843107197282e-23,1.1850487347420483e-23,5.910261763773031e-54,1.88234482815157e-38,8.921941871931694e-37,4.9979361399403896e-42,1.4909356190303607e-48,6.990701566435964e-41,2.668208998763826e-12,1.8933028188436586e-12,2.6292537306082276e-13,1.712941240236227e-11,1.9326308271001985e-32,1.2858868193362475e-30,5.748858402315798e-16,1.3860605377058821e-11,1.9597640832415393e-40,2.3447289599533484e-46,7.775962213138919e-29,1.2620082478856076e-27,1.2881865619749158e-30,5.267026039849887e-28,6.564397980271853e-21,1.6374951583266707e-19,2.3261146563966654e-18,1.972534543060457e-09,1.3900847529000869e-08,7.577327556255466e-17,4.2588608510767697e-17,1.2383973504089534e-15,5.392700529140208e-16,1.5035402993931333e-22,4.205450210209453e-20,6.76600127097983e-18,0.00018236199500370337,0.5000000105067167,2.3179457069931476e-08,0.24999995322875224,5.676279849953383e-09,7.774699315347448e-09,2.587892519872725e-21,3.307716635703626e-20,2.3266709297811905e-16,3.58447620741089e-24,1.1105870652056361e-26,5.417424468916823e-22,6.343736042867863e-27,2.703273916148894e-28,3.9476922000440915e-14,1.3467439436032226e-11,1.4038209661021297e-18,2.4721787226613858e-14,0.0,1.1821720481540778e-30,2.3239771219760063e-38,7.488478766220392e-09,3.356858322167962e-12,5.98719492394704e-20,2.0631451376661758e-38,8.538698656264531e-11,1.0166531626028564e-08,1.510207807757367e-17,3.8999193308553097e-16,1.21997179514301e-16,1.1552921317653211e-17,1.1895386323486553e-14,1.1488970628098709e-26,4.6990589766551585e-36,2.4483187595154522e-23,1.472249533936042e-18,0.0999999974923544,3.923183338971465e-09,7.457828193836898e-11,1.6403949545847354e-18,6.683813754486053e-33,1.918057257297676e-20,1.237228046468611e-16,8.08305255517239e-24,1.318151920327586e-16,9.380251218041301e-38,1.4186205558020292e-15,4.305533528956452e-15,2.6433758084140727e-32,1.201458420322426e-24,1.046721484032656e-22,2.254365151413224e-06,1.6348485867701903e-09,6.179998834580928e-05,7.456963293301618e-12,5.8267742785845886e-18,2.2161647502017202e-16,1.2332562947277258e-16,1.3511243175856894e-35,2.1674434285637216e-14,3.024234696466413e-12,1.4004758775726399e-15,1.0883351555569976e-12,6.698207334823551e-43,6.888492779270207e-19,5.717797509448693e-14,3.130458473865857e-18,1.308955271786535e-17,2.913088509103017e-15,3.445203825522935e-27,1.0948079571600152e-20,2.5251416258325318e-18,0.00033399988534200416,5.881980663884475e-11,3.689684109970509e-17,1.3197314857746705e-14,4.400976049536509e-34,5.269722120783921e-25,5.251752346514856e-23,2.7156820497927917e-28,1.803779877126856e-24,9.554980851776795e-31,1.2785893947550709e-12,3.765223884117328e-11,2.1857138590142174e-11,3.509978112393743e-06,3.4630129329063583e-26,3.817982410714511e-24,4.699299828035985e-11,1.7799529922853381e-06,3.033704694839085e-26,3.7076146952236546e-18,3.072153630919867e-34,1.1848801914897285e-25,0.0,0.0,2.265043860432743e-16,1.0473427995007181e-14,1.0266145783450022e-23,4.003514205405711e-15,2.741529720139104e-33,2.3048526859571085e-22,2.7419148773860226e-33,7.324520412248508e-41,8.839065921743063e-32,9.040407869112638e-20,6.868999652516736e-18,2.268502712994645e-18,9.209495257680961e-27,2.0223739547934725e-22,1.1317220922980078e-25,1.0437581339289262e-19,9.339776151443291e-18,1.3470042818733144e-29,2.1160168252696066e-35
163.5121402261457,2.8154261681508123e-09,0.00017699723457587842,6.458332672705237e-18,4.84702210409885e-16,9.999496868460687e-19,1.945438466521586e-16,4.432008521824352e-22,5.924654827873189e-17,1.3673362827840531e-42,1.1684493617125086e-32,1.3915970455694827e-41,2.4177991357243616e-23,5.049091316277242e-21,6.841480320311812e-34,4.922208007327211e-22,1.343130721752149e-22,2.07406619319974e-52,5.299931638225864e-37,2.057360160290925e-35,3.393403000528588e-40,1.4850207609876734e-46,3.218257096417603e-39,5.666139029939436e-12,1.9879313724058497e-12,6.221323149337954e-13,1.8990133587188866e-11,2.268608164977498e-31,2.2096772784662636e-29,1.443430820699551e-15,2.2700591245234164e-11,8.210579926172031e-39,1.1738807848860517e-44,7.677673818265306e-28,8.29958452488129e-27,2.2156333637065918e-29,5.949688448292208e-27,2.361235087663432e-20,5.702663947215557e-19,5.513567119377683e-18,3.802075141813973e-09,9.339770875620174e-09,1.9024365656962489e-16,5.691879320941863e-17,3.1803493926060673e-15,7.867782036324036e-16,7.904107015590529e-22,2.2829149460531016e-19,1.982155383259218e-17,0.00018237780052436192,0.5000000146518612,3.440257103711781e-08,0.24999993509014085,5.895440859376716e-09,1.1473740429857677e-08,9.550808331039471e-21,1.2333552325594784e-19,5.569162251897499e-16,1.4422061453644174e-23,6.03263873892559e-26,1.9543104197068617e-21,3.280212791420109e-26,4.882988741556858e-27,1.8421287581878642e-13,2.6903564984174295e-11,2.7215357345797538e-18,3.1938971520197717e-14,0.0,4.5944392052094166e-30,2.9958178650449482e-37,1.2129286675973313e-08,1.0194781230171291e-11,1.1077483028944665e-19,6.817990540898183e-37,2.008330929151664e-10,9.083580459792993e-09,4.197764274116054e-17,5.83353350038785e-16,2.792463766683847e-16,4.0538499620901294e-17,2.2059405054121812e-14,6.078931977204551e-26,5.431039056585341e-35,1.287533927314456e-22,5.364797841834561e-18,0.09999999573020345,5.673199548249179e-09,8.6713026221312e-11,4.590249294367518e-18,8.377280675037396e-32,1.4572303787340943e-19,3.8865265282566794e-16,3.956344233311338e-23,2.670262875459986e-16,8.977853660181753e-37,2.7264794266485167e-15,7.923635273737334e-15,1.5154713396065757e-31,3.3473691927382375e-24,4.622736288393148e-22,2.253636166051509e-06,2.3638339484859945e-09,6.179998299294556e-05,9.531474393652287e-12,2.7315489194569384e-17,4.390320445707484e-16,3.7704292561014923e-16,1.440063664936945e-34,7.774876410291086e-14,4.699481057188436e-12,7.16240960160469e-15,2.4869601292665263e-12,1.904614899256072e-41,4.28213299182373e-18,1.9449103099403408e-13,1.51740618809394e-17,4.943760306765902e-17,6.430868565372729e-15,3.8617084821597385e-26,3.1057722313460186e-20,5.1155433517944035e-18,0.00033399984010777856,6.479555222444415e-11,8.27306329525119e-17,2.9834385394040165e-14,3.220152991216251e-33,1.7411928371077835e-24,2.6857991293445297e-22,2.115338384583872e-27,9.592087052075427e-24,6.550206759505212e-30,2.925140377878401e-12,5.479533575428254e-11,3.160717287098641e-11,3.50996835018284e-06,1.4178969061957724e-25,1.0721824712347778e-23,6.792113978732179e-11,1.779932062278381e-06,1.4401167453397363e-25,1.133130044672968e-17,5.3207352779434206e-33,1.3457869739410366e-24,0.0,0.0,4.508192169847985e-16,1.0725140941032486e-14,2.4234018976180008e-23,5.3772636482452865e-15,9.503782260243446e-33,3.5468524813355245e-22,9.505773323080677e-33,5.399273315332891e-40,2.0262401120800754e-31,2.7277371314693393e-19,1.2226075266370232e-17,4.77843580388561e-18,3.760802442481385e-26,4.690078003552973e-22,3.159075725284641e-25,2.960960516823322e-19,2.1508330940099952e-17,5.596483784792696e-29,1.2224241057737691e-34
236.45231729355083,4.028211260513479e-09,0.00017699600216660344,3.4591056874792554e-17,1.27610523527718e-15,7.314263322833518e-18,6.38960062870782e-16,3.477278678429497e-21,2.883908886747312e-16,2.1254014801752191e-41,1.218927593338909e-31,1.1901659126559278e-40,2.58308507338485e-22,2.124146243669891e-20,3.498122754755878e-33,3.522253792225934e-21,1.4316903715729148e-21,6.822775620666044e-51,1.3027548435423459e-35,4.427946508618413e-34,2.113703451541867e-38,1.3659186429566926e-44,1.3588535914572738e-37,1.1665194635762878e-11,2.0216737322938516e-12,1.3488664675469085e-12,2.0001904768123264e-11,2.4748737757051853e-30,3.2176611925423997e-28,3.4166256281524618e-15,3.4522773813378134e-11,3.0374894532047233e-37,5.248281678844408e-43,6.879722458913522e-27,4.893020074711902e-26,3.230907796831719e-28,5.602196916241515e-26,7.921041678619552e-20,1.822245713158853e-18,1.198992257449243e-17,6.923428107008177e-09,5.255218808241094e-09,4.82326036551946e-16,8.860656418947255e-17,8.318328536590706e-15,1.45592647832737e-15,3.882011767145676e-21,1.1693391864711721e-18,5.565334870821217e-17,0.0001823999334411158,0.5000000183531056,5.0728528161759595e-08,0.2499999127759566,5.963928819019775e-09,1.4712896149813156e-08,3.3232662250850445e-20,4.35998672116944e-19,1.227509651747953e-15,5.823842671748783e-23,3.103197034033718e-25,6.5804047253252945e-21,1.574394679341369e-25,7.96372315105021e-26,7.730250894370583e-13,4.7016139434106573e-11,5.129263650616669e-18,3.9602764459903425e-14,0.0,1.6994534083100267e-29,3.621796675871347e-36,1.8824934556805198e-08,2.7261967796467787e-11,1.949853494606536e-19,1.8761351131026854e-35,4.294920892828361e-10,6.578964845654707e-09,1.135906029449735e-16,7.931195191073104e-16,5.818554235897571e-16,1.311316690612941e-16,3.9775394236693674e-14,3.733331233157855e-25,7.212034052191437e-34,6.315587777863242e-22,1.8241538034840152e-17,0.09999999319427229,8.203811603302727e-09,9.203213782400454e-11,1.120090023538303e-17,1.0698203919766983e-30,1.0389446744722543e-18,1.0937793075096558e-15,1.778028370427898e-22,7.127782720645489e-16,8.075635754153747e-36,5.072540599959974e-15,1.3842891313573265e-14,8.339096785126875e-31,9.022526915071583e-24,1.808050297494155e-21,2.2525823078755743e-06,3.4176921244201355e-09,6.179997547294365e-05,1.1661286837479411e-11,1.161535557794195e-16,7.642479463369287e-16,1.0266969497180132e-15,1.3615081176456145e-33,2.6264690103471704e-13,6.740637658614181e-12,3.409167740149052e-14,5.200315177785296e-12,4.822350482545639e-40,2.5323399363420827e-17,6.0791584204526e-13,6.678472325740358e-17,1.9851535492123886e-16,1.2881496494335844e-14,4.086545267574352e-25,8.593503505687002e-20,1.0477757944693364e-17,0.000333999774891199,6.915748090405193e-11,2.3694812367343457e-16,6.1895084604788e-14,2.706868753054686e-32,7.042093633219444e-24,1.2660088515583059e-21,1.550368171652251e-26,4.76487079612881e-23,4.0684854672347233e-29,7.900248065819357e-12,7.280978343397082e-11,4.57062827538007e-11,3.5099542350505793e-06,5.652392125860755e-25,2.9230646553905856e-23,9.814691148967748e-11,1.779901834336527e-06,9.045430249436797e-25,3.3727166143602996e-17,8.866020248089712e-32,1.4365506126729132e-23,0.0,0.0,8.797252976627535e-16,1.0786787545379154e-14,5.436718185444729e-23,7.014008908754267e-15,3.107565910754963e-32,5.171535611199169e-22,3.108541420785677e-32,3.605296662057541e-39,4.351833319515455e-31,8.367555096687984e-19,2.629498285933566e-17,1.0602533928701156e-17,1.4970964284858045e-25,1.0260923914573644e-21,8.52813362297507e-25,8.192740308992472e-19,5.668862217000975e-17,2.2804381395382053e-28,6.834574059792097e-34
341.9299525782251,5.782776233453087e-09,0.00017699422080260556,1.729531201180368e-16,3.0932145096863477e-15,4.890088569034212e-17,1.8713470034435562e-15,2.567782446719122e-20,1.2622999718922754e-15,2.9690190842546755e-40,1.1301511249862926e-30,8.991317634076477e-40,2.5293609429142124e-21,8.163306233474497e-20,2.2274563359779836e-32,2.2778896825813015e-20,1.3988816579569635e-20,2.0432069885284524e-49,2.6763307584720238e-34,8.667785474066602e-33,1.168089865936091e-36,1.1239623633318109e-42,5.082105845780357e-36,2.2886750190959164e-11,2.0294189883861745e-12,2.6251054004646147e-12,2.0359576042640555e-11,2.4464845756184577e-29,3.8273222945932775e-27,7.561194221882102e-15,4.839359602749505e-11,9.528638126764249e-36,1.8942243136970553e-41,5.463011444324241e-26,2.52021261459929e-25,3.8517529576736245e-27,4.228861016989705e-25,2.4375106155862587e-19,5.210877730478199e-18,2.3456492251570497e-17,1.1618907744540817e-08,2.2879217606630383e-09,1.2530374162129656e-15,1.8939728443349157e-16,2.2468601627751897e-14,3.607592273653962e-15,1.7456561840582414e-20,5.550920042288739e-18,1.4630330258554871e-16,0.00018243132337964304,0.5000000192994725,7.436914363981626e-08,0.24999988667531564,5.9755317972730995e-09,1.564398346587535e-08,1.076177870051557e-19,1.4470706049902285e-18,2.4441189159501646e-15,2.292216496167415e-22,1.4915428579374388e-24,2.0338426087652057e-20,6.857310902062306e-25,1.155295147887757e-24,2.8525960608247427e-12,7.115426708887651e-11,9.329481790343979e-18,4.6706348592771256e-14,0.0,5.872294993220076e-29,3.8747566097114784e-35,2.8200132155016923e-08,6.262536496194668e-11,3.209749295507196e-19,4.157234071545402e-34,8.141259781228215e-10,3.5350610507979364e-09,2.9659998756476088e-16,1.0191402268153145e-15,1.1004646848677081e-15,3.8180927278334993e-16,7.063671761250385e-14,2.444596974290482e-24,9.97837010802035e-33,2.831723016813711e-21,5.664957261504197e-17,0.09999998953368876,1.1863166894976536e-08,9.326041268540548e-11,2.3631924571571898e-17,1.2501399208847832e-29,6.837521684499656e-18,2.707301420743676e-15,7.175479943257331e-22,2.498995713543606e-15,6.792424186196453e-35,9.048909163577114e-15,2.2553862451628224e-14,4.336725966990103e-30,2.3263561852413434e-23,6.144571720399498e-21,2.2510590017880885e-06,4.940998211906271e-09,6.179996516028418e-05,1.3542400175170292e-11,4.3978777272535587e-16,1.1503867540111228e-15,2.436498155273824e-15,1.1395631078532258e-32,8.256103662242347e-13,8.83036212255521e-12,1.4825201750329127e-13,9.747002917706037e-12,1.0583992138629414e-38,1.3851327946019948e-16,1.7070668464442871e-12,2.5915937447382255e-16,7.811557607562134e-16,2.3170243813665284e-14,4.0210592334906296e-24,2.3013716257855634e-19,2.2306482891910576e-17,0.0003339996777623377,7.315771962013869e-11,8.414211554807745e-16,1.171130517807856e-13,2.6212443072101416e-31,3.678231855560568e-23,5.353158810472952e-21,1.0501122119397806e-25,2.160495991082859e-22,2.243227356135621e-28,2.2605614102716346e-11,8.94772042322366e-11,6.609394927034456e-11,3.5099338273228572e-06,2.1735938981855903e-24,7.660280157597377e-23,1.4177622886807737e-10,1.7798582022952104e-06,8.219133588324957e-24,9.605114446334797e-17,1.3990815222424473e-30,1.4049372823210755e-22,0.0,0.0,1.672195113391953e-15,1.0800070874806378e-14,1.1606962191360747e-22,8.803812235149593e-15,9.538543470565417e-32,7.165200613038349e-22,9.543049641320836e-32,2.152926640681455e-38,8.713840475421191e-31,2.7670970232768617e-18,7.355586094320833e-17,2.7467590966908453e-17,5.757255020993491e-25,2.1166345956281405e-21,2.1989194048917897e-24,2.193936183800546e-18,1.7583760795821617e-16,9.071855544444939e-28,3.670687473064103e-33
494.45949106516065,8.321943602485931e-09,0.00017699164641953578,7.903612976458785e-16,6.732559707507436e-15,2.9018912065845564e-16,4.739237258443815e-15,1.7504571026083756e-19,4.8027866869413755e-15,3.614475858283601e-39,9.024685678042621e-30,5.934148602269303e-39,2.2008234525690882e-20,2.8792572837875165e-19,1.768239706324461e-31,1.2847674786614306e-19,1.2141988939036446e-19,5.402226753733946e-48,4.3801088221943245e-33,1.5114018017568988e-31,5.511475419477554e-35,7.976700136733363e-41,1.6313196837238939e-34,4.199655495810058e-11,2.0324706972346764e-12,4.4982992289691214e-12,2.042876982139815e-11,2.1378900581145426e-28,3.6022133642000406e-26,1.5574377726201915e-14,6.240503535698918e-11,2.423894281142646e-34,5.1910748976326775e-40,3.770483253622367e-25,1.1156769831289492e-24,3.6384303924614324e-26,2.4769886025910645e-24,6.7764481725975775e-19,1.2970860246051978e-17,4.0557524416278696e-17,1.7542857435365268e-08,6.874041363510801e-10,3.3770762920514516e-15,5.034354637903273e-16,6.368987504902615e-14,1.0033343886506966e-14,7.029640635257041e-20,2.39122424845188e-17,3.502324704198598e-16,0.00018247685435835267,0.5000000142908567,1.0855503888332507e-07,0.24999985608147995,5.976392353583448e-09,1.3086082285917034e-08,3.20439513026117e-19,4.477804000225384e-18,4.3157522515261914e-15,8.396967233591784e-22,6.6107571627421055e-24,5.678590051374615e-20,2.644447467244914e-24,1.4676788608880978e-23,9.116974502382984e-12,9.515408433947374e-11,1.6272783088445155e-17,5.212561083844197e-14,0.0,1.851660915614026e-28,3.5424015258369902e-34,4.103556216940996e-08,1.2207573528410607e-10,4.846398793229514e-19,7.380992301837043e-33,1.337845810134394e-09,1.245810332232198e-09,7.50749463177747e-16,1.4402214942619706e-15,1.9824690768786342e-15,9.743487792014657e-16,1.2846846948824267e-13,1.5617407767329834e-23,1.2875366686715718e-31,1.1349359348208088e-20,1.5660574261643123e-16,0.09999998424209111,1.715464590360211e-08,9.337905982397504e-11,4.4569277634813947e-17,1.2389652392137395e-28,4.075809166845266e-17,5.834209274692529e-15,2.5326121230500265e-21,9.018748729842783e-15,5.325606464128252e-34,1.5328677877065596e-14,3.3596034820216105e-14,2.0903764393363986e-29,5.662697086986043e-23,1.8091456291711257e-20,2.248857561740833e-06,7.142438259160209e-09,6.179995137133048e-05,1.488227983878064e-11,1.459942460140982e-15,1.492409467676373e-15,4.947446879886753e-15,8.661372945807447e-32,2.383238771988516e-12,1.0510789028933237e-11,5.764560773838506e-13,1.6013448107101337e-11,1.959714906242077e-37,6.771970634743069e-16,4.190764669703374e-12,8.550598361455538e-16,2.876240519190005e-15,3.745909147660409e-14,3.61532832838346e-23,5.915394201328085e-19,5.1184703128816655e-17,0.0003339995272225618,7.821548261087258e-11,3.2643890451256884e-15,2.0295265598316913e-13,2.6052390833308808e-30,2.2404192504878457e-22,1.9653201839690948e-20,6.44439699074311e-25,8.686121623344568e-22,1.0776176122814925e-27,6.239459691207583e-11,1.0514446497308775e-10,9.557378620199628e-11,3.5099043239552433e-06,7.973824092072812e-24,1.9077566724836048e-22,2.0470127736577222e-10,1.7797952737031777e-06,9.079296748071461e-23,2.5618353834511335e-16,2.0528453027421766e-29,1.2201776948134283e-21,0.0,0.0,3.073757871436555e-15,1.0815147305410391e-14,2.3614428897005084e-22,1.0533783156916355e-14,2.7349882820176535e-31,9.432051047993566e-22,2.736942097286884e-31,1.138706658743967e-37,1.6151039948225584e-30,1.0886623464685295e-17,2.398237125779478e-16,8.986856255643017e-17,2.1169121878357073e-24,4.117241332917619e-21,5.3326134681838366e-24,5.6384319631200375e-18,6.03217551063499e-16,3.515053939146501e-27,1.8858611651140818e-32
715.0300418577249,1.1998374726303858e-08,0.00017698792696406606,3.2288277751848578e-15,1.2868937892181494e-14,1.4822666006527715e-15,1.0110399320254295e-14,1.0797820146545342e-18,1.5335694094804048e-14,3.7235079603199033e-38,6.028338525794333e-29,3.4084669996097e-38,1.6428880822601983e-19,9.377774297147695e-19,1.452833765594121e-30,6.068324560646459e-19,9.034354755852582e-19,1.2244457278525756e-46,5.443958117324272e-32,2.3692440399770128e-30,2.1322003960131142e-33,4.694707647084219e-39,4.482059969738395e-33,7.06418281375255e-11,2.036641595187567e-12,6.6871864016955775e-12,2.043499832581347e-11,1.6153069515434022e-27,2.627228771754915e-25,2.983917375020482e-14,7.421348694940974e-11,4.7806806185049725e-33,1.0352704133474814e-38,2.266769752435701e-24,4.331442107651608e-24,2.6694414610742226e-25,1.1049597000781515e-23,1.6821475849266758e-18,2.7308695321488818e-17,6.117827226249919e-17,2.3480324924868237e-08,1.208558883939692e-10,9.44745056620754e-15,1.354082274354111e-15,1.9089242580818875e-13,2.667390004580877e-14,2.477618171594387e-19,9.128039191520615e-17,7.405484338236965e-16,0.00018254405351173064,0.5000000003639902,1.5797645766671147e-07,0.24999981751268743,5.976427276987371e-09,8.168956704537272e-09,8.679645570410007e-19,1.2879503848389768e-17,6.650048196515518e-15,2.7438429570336634e-21,2.670143058829239e-23,1.4133123625406512e-19,8.812469576301234e-24,1.598060841079678e-22,2.5224403544245206e-11,1.1877191556487447e-10,2.7135855014507484e-17,5.5255950093587536e-14,0.0,5.18740483407086e-28,2.7230461650441898e-33,5.816489374051925e-08,2.0425458746114857e-10,6.59351493902134e-19,1.1226800893252754e-31,1.8868655195278834e-09,2.4299696267261264e-10,1.932426268877115e-15,2.7303088702261662e-15,3.95651815483828e-15,2.1179157509315736e-15,2.5482053906832437e-13,9.594729875679813e-23,1.4497598740439241e-30,3.972849167135287e-20,3.739997425390294e-16,0.09999997659069827,2.4806032862535077e-08,9.338489140978793e-11,8.550141783153847e-17,9.996208015909603e-28,2.154951497690927e-16,1.094645442481623e-14,7.599116101018347e-21,2.857065429373959e-14,3.886463680887992e-33,2.446489482517374e-14,4.496904660602066e-14,9.130297265383606e-29,1.2836845984498656e-22,4.7195537341770363e-20,2.245677014661797e-06,1.0322985338198906e-08,6.179993324422942e-05,1.5585048976030037e-11,4.20869747208179e-15,1.7001318297559455e-15,8.496168776994944e-15,6.515577090627711e-31,6.231983855222307e-12,1.1474285444469938e-11,1.9574717591122506e-12,2.2652787537181656e-11,2.9837509304165876e-36,2.8480511552943524e-15,8.724462898236536e-12,2.299354056749821e-15,9.732872113130538e-15,5.5239449352835974e-14,2.9127786335351395e-22,1.4480309579273973e-18,1.2825509563952994e-16,0.00033399928370672546,8.541721044644996e-11,1.2426851513313947e-14,3.267173102138188e-13,2.3109593598064276e-29,1.3661518573563979e-21,6.029970861314873e-20,3.511414675500604e-24,2.9871461216236862e-21,4.436688001323555e-27,1.5855958501009556e-10,1.227981647156778e-10,1.3819748476264956e-10,3.509861674380453e-06,2.757352744706336e-23,4.462298999952006e-22,2.953482555225689e-10,1.7797046217489612e-06,9.845933666509134e-22,6.240842471522286e-16,2.7467046820624202e-28,9.082034289063511e-21,0.0,0.0,5.426899556625897e-15,1.0845849650121103e-14,4.576892660169506e-22,1.1934206146651878e-14,7.274310213715447e-31,1.1754207287264305e-21,7.282220166428054e-31,5.287421703445445e-37,2.738837413395249e-30,5.256475650101804e-17,7.71493720870074e-16,3.4040006899897886e-16,7.365143125638433e-24,7.551449804366995e-21,1.1957809008471276e-23,1.3798419722351108e-17,2.0675223523924685e-15,1.3305931556210312e-26,9.304421269127404e-32
1033.9936233354333,1.732344923122476e-08,0.0001769825551033104,1.154102709739295e-14,2.1233610978867472e-14,6.337490366626446e-15,1.7894738177767832e-14,5.914566956869826e-18,3.97960594810469e-14,3.163333199863485e-37,3.288725402896592e-28,1.7083284050611647e-37,1.0146946983657226e-18,2.815406075483634e-18,1.177296352831476e-29,2.2995018247475716e-18,5.552861634154917e-18,2.318037229172967e-45,4.924972337391891e-31,3.5552010639336373e-29,6.505649797846837e-32,2.2063599963007722e-37,1.1082112849254117e-31,1.0672929697315661e-10,2.042652295601264e-12,8.590020439917284e-12,2.0435702832456438e-11,1.0360064398176531e-26,1.4799164927785864e-24,5.332562863704999e-14,8.20242410436601e-11,7.026411590165615e-32,1.4663265926388952e-37,1.2516656918245995e-23,1.6182700737754088e-23,1.5183056770343387e-24,3.772317106625482e-23,3.707675528044689e-18,4.739159044827125e-17,8.022637473250316e-17,2.7952601292410892e-08,9.886663111916592e-12,2.7033728692337816e-14,3.3166414133007766e-15,5.993762554733774e-13,6.441245400449364e-14,7.480822270051078e-19,3.011987252476496e-16,1.342330967188991e-15,0.00018264292420028263,0.49999997635000343,2.2941310433784137e-07,0.2499997647965071,5.976449236697736e-09,3.607842011354689e-09,2.118861730272749e-18,3.4479467731609893e-17,8.858843520524982e-15,7.819941294428831e-21,9.740816115881978e-23,3.1106905110949074e-19,2.4875311270391264e-23,1.4506627938271156e-21,6.148640584222646e-11,1.4629623719896738e-10,4.3364928272509345e-17,5.647001967855501e-14,0.0,1.258976747116912e-27,1.7663234775548708e-32,8.021935834228453e-08,3.0421052672909574e-10,8.018340818117508e-19,1.6845125019080054e-30,2.3088421615395967e-09,2.082787158286582e-11,5.605395435114163e-15,6.481047996736576e-15,1.0088772325189307e-14,3.814511908183697e-15,5.684747852330683e-13,5.822995747481496e-22,1.3956096925529268e-29,1.1883658693390628e-19,7.473057845461111e-16,0.09999996552726836,3.586945909120381e-08,9.338858589161044e-11,2.0100857878430724e-16,6.481183508990863e-27,9.900091310689334e-16,1.798475062251885e-14,1.895457573540725e-20,7.699950438212585e-14,2.645849439224761e-32,3.6642565875440177e-14,5.380516662697464e-14,3.532635733169858e-28,2.6798079345435534e-22,1.1357423581783714e-19,2.2410838274526103e-06,1.491617254738561e-08,6.179990924463154e-05,1.5824199919074305e-11,1.0528123195564862e-14,1.7771474898237966e-15,1.2334884500071422e-14,5.713990402631381e-30,1.4595723433945098e-11,1.182044758462368e-11,5.6802043608546405e-12,2.7601685507780623e-11,3.6588007403217904e-35,9.930433898173808e-15,1.4990603462225102e-11,4.836462059979406e-15,3.024825291321017e-14,7.615880326011283e-14,2.061123248502767e-21,3.3566869838001275e-18,3.369723592015818e-16,0.00033399887582517704,9.582078951363155e-11,4.4219676308984695e-14,4.971061490597544e-13,1.6790228380384052e-28,7.587631913204387e-21,1.4817521061575907e-19,1.6674280551755758e-23,8.41783959815812e-21,1.5459869224092996e-26,3.6813631753744416e-10,1.456841296204854e-10,1.998183302358669e-10,3.5098000253456566e-06,8.889383970831041e-23,9.704117125172154e-22,4.257060278758877e-10,1.779574255959023e-06,9.335045484619515e-21,1.348891121826552e-15,3.2888103339816094e-27,5.583169266688702e-20,0.0,0.0,9.16527141786e-15,1.0906648815532551e-14,8.435461868686043e-22,1.2812528249357265e-14,1.7771667970087508e-30,1.3814226485597335e-21,1.7801352325056497e-30,2.136679816337493e-36,4.183114989427918e-30,2.778583084814323e-16,2.2354934081346833e-15,1.2663293798294657e-15,2.404097265549881e-23,1.3074506495100647e-20,2.4428274366844406e-23,3.1975454338289325e-17,6.598463408266953e-15,4.975971289685535e-26,4.481175409880567e-31
1495.2418087505669,2.5034489841562353e-08,0.00017697480075825773,3.5394046762404793e-14,2.997227264625921e-14,2.220358095809991e-14,2.6267064833163125e-14,2.829250884649892e-17,8.182533398658969e-14,2.174922218935634e-36,1.4455900418679532e-27,7.538423877992678e-37,5.013314572872076e-18,7.669811415870985e-18,9.721679851079763e-29,6.6993880789163766e-18,2.7222876087451875e-17,3.5924326542042765e-44,3.1397850582846437e-30,5.412928354369671e-28,1.5121081365443916e-30,8.004150001899285e-36,2.551864124936794e-30,1.4261297294323022e-10,2.0503188735193926e-12,9.709329854852733e-12,2.0435641200839062e-11,5.574769143776347e-26,6.5695285679127374e-24,8.949784273019656e-14,8.567962100427213e-11,7.469838420232607e-31,1.4748814406683588e-36,7.027537042299655e-23,6.49631436018826e-23,6.845054272328582e-24,1.0231754497073761e-22,7.284074222580197e-18,6.699950118514503e-17,9.275546300915965e-17,3.0322688383262265e-08,3.9274318746607436e-13,7.718598284054077e-14,7.175559945309941e-15,1.928492998637989e-12,1.423593970539114e-13,1.9070304869375613e-18,8.415221892158359e-16,2.0414122179984467e-15,0.00018278533794284426,0.49999994480631305,3.3265204255302474e-07,0.24999969040167924,5.976480884594543e-09,1.0430523394895393e-09,4.630932022477871e-18,8.640334237556476e-17,1.0292348463634021e-14,1.956223426384993e-20,3.1986509912951173e-22,6.066844040534605e-19,5.898373108415692e-23,1.0655050429126834e-20,1.3595429472533792e-10,1.8151861946721345e-10,6.691387956885068e-17,5.672786287322515e-14,0.0,2.6120248149122472e-27,9.87164402470099e-32,1.0718233131972305e-07,4.213603784549998e-10,8.825105958042282e-19,2.5501449242096593e-29,2.533197130611673e-09,6.694034490582413e-13,1.927287077332842e-14,1.5282985184852622e-14,2.911199358165452e-14,5.6023192737871706e-15,1.359246452461125e-12,3.4242163720524944e-21,1.1601644006349689e-28,2.9917453126965997e-19,1.2185185285151815e-15,0.09999994953096683,5.186575531765145e-08,9.339390271743022e-11,5.586427166722018e-16,3.423572093307094e-26,3.892893747719049e-15,2.6123701898742634e-14,3.923682219262003e-20,1.81565408421091e-13,1.6944455870771578e-31,5.14970080735782e-14,5.861315715606392e-14,1.1912649483219641e-27,5.125480633988458e-22,2.6041193494924135e-19,2.2344546710085355e-06,2.1545328991463133e-08,6.179987639728471e-05,1.5868537768969542e-11,2.3096136361628678e-14,1.7921314782611923e-15,1.537821891619856e-14,6.181364017597855e-29,3.047462482789557e-11,1.1886118511831942e-11,1.3918749657243032e-11,2.9919214357155745e-11,3.577352278495542e-34,2.8020820061163444e-14,2.105167688939032e-11,7.785232965179258e-15,8.71988875595933e-14,1.0075759012174142e-13,1.2592175514394615e-20,7.349095380771198e-18,8.616004103675621e-16,0.0003339981765257662,1.1085571902393084e-10,1.4591894641018154e-13,7.239537397901667e-13,9.707994203547009e-28,3.707449752066194e-20,2.8051876866723787e-19,6.81056781983619e-23,1.8582580805551253e-20,4.5497826944500257e-26,7.921544941515086e-10,1.7601492786672184e-10,2.8888878512729414e-10,3.5097109202037943e-06,2.652098749127166e-22,1.9498472587897405e-21,6.127052426683908e-10,1.779387241918559e-06,7.298471719116611e-20,2.506767781741644e-15,3.46472251091241e-26,2.7372984171581137e-19,0.0,0.0,1.4820625407789532e-14,1.1021384179093897e-14,1.4766677347973749e-21,1.3191653777972491e-14,3.946181738611261e-30,1.5334992149542392e-21,3.956418627526665e-30,7.465171634986065e-36,5.672600304087327e-30,1.401325529359526e-15,5.713938872183237e-15,4.182704884662432e-15,7.331742929977307e-23,2.1476619021353754e-20,4.5206651433340116e-23,7.000967823081605e-17,1.9063595139112894e-14,1.8736543450502792e-25,2.167389933604261e-30
2162.245507301719,3.6185371968715244e-08,0.00017696361534801628,9.183250639514712e-14,3.6479799130981705e-14,6.306486274528268e-14,3.258036807961924e-14,1.1666015815962326e-16,1.3166980967396145e-13,1.2021787866070279e-35,5.145205548673334e-27,2.9762916609993878e-36,1.929956105417479e-17,1.8431145725280166e-17,7.482590304975049e-28,1.445811466217397e-17,1.0344675183388255e-16,4.511470579194081e-43,1.385703547865082e-29,7.806617417716719e-27,2.6062764484097695e-29,2.181803965943196e-34,4.902215067364588e-29,1.6859547287913202e-10,2.0595290479614668e-12,1.0103455689265544e-11,2.043431129362449e-11,2.5206201146673264e-25,2.3989886908387846e-23,1.4266667994924656e-13,8.667644920210312e-11,5.652866290827957e-30,1.0869153903523732e-35,4.163033863555211e-22,2.6932346134766664e-22,2.5599932612758254e-23,2.353314833429669e-22,1.29560774186711e-17,7.894198581332184e-17,9.804245388589467e-17,3.1121278275791916e-08,1.4387732773891505e-13,2.1421601593841418e-13,1.375800950561316e-14,6.202441359201374e-12,2.946542872726089e-13,4.117062458995091e-18,1.9770707810267418e-15,2.6081785018687566e-15,0.0001829855661815328,0.49999991417425893,4.818098204515698e-07,0.24999958521689628,5.97652726601373e-09,1.7099022195841428e-10,9.061631621542564e-18,2.0464064825266108e-16,1.0835530783538858e-14,4.415674962339612e-20,9.514524057721137e-22,1.0656774911691504e-18,1.1897980271661754e-22,6.175440471826188e-20,2.80630887552636e-10,2.2608107400475654e-10,1.0061160121049736e-16,5.673096364417717e-14,0.0,4.691370466507231e-27,4.897615668005705e-31,1.377688913859424e-07,5.59821400102026e-10,9.103983111093732e-19,3.30236173446569e-28,2.607459723471613e-09,1.279014502725436e-13,7.060586461592973e-14,3.193092782982666e-14,7.682809056079707e-14,6.844482537257485e-15,3.2320788156728995e-12,1.8432609421895048e-20,8.535278139047975e-28,6.348771914938837e-19,1.6213608328024316e-15,0.0999999264038818,7.49928326803113e-08,9.340160396518956e-11,1.4740948454066958e-15,1.5364894772431866e-25,1.3060646890617497e-14,3.429952803776036e-14,6.961250509907804e-20,3.900392518009764e-13,1.033854167438984e-30,6.796002426988744e-14,6.058215176827295e-14,3.498415344504891e-27,9.01686290001298e-22,5.7448791907408205e-19,2.2248957747629063e-06,3.110422523709424e-08,6.179982983325982e-05,1.5872071982993848e-11,4.5440483170765144e-14,1.7936319279159253e-15,1.7031352303827178e-14,6.815878767419404e-28,5.708911174905924e-11,1.1891180196699603e-11,2.900446396783112e-11,3.0501251362817226e-11,2.81073925948724e-33,6.418252087123843e-14,2.478014612464384e-11,9.830680930375857e-15,2.3724571327924546e-13,1.3046456276847243e-13,6.580812592698303e-20,1.519128173567758e-17,2.010254928043315e-15,0.0003339969601839698,1.3257782669842423e-10,4.511727662200625e-13,1.0152886520016588e-12,4.5427632829907804e-27,1.5908395424422864e-19,4.0560440734123826e-19,2.391102342054532e-22,3.116449172876325e-20,1.1487772500368352e-25,1.6117209911058137e-09,2.1541760220451383e-10,4.17609436462455e-10,3.5095821470899252e-06,7.312518360943059e-22,3.616501876403125e-21,8.79990808454742e-10,1.7791199264022548e-06,4.5452385644233895e-19,3.901170855457569e-15,3.1664297625863464e-25,1.0401339490909225e-18,0.0,0.0,2.309936159416192e-14,1.1225763707013387e-14,2.4616549227019316e-21,1.3279009558730563e-14,7.917826671804061e-30,1.628893155038318e-21,7.95003691597104e-30,2.2561585955934647e-35,6.824670288315599e-30,6.285081073395693e-15,1.309438463238653e-14,1.1902985633799824e-14,2.0921300419979906e-22,3.379816826322362e-20,7.65905487204778e-23,1.449193086653753e-16,4.971955948487005e-14,7.255141290794081e-25,1.0865832256645328e-29
3126.7889959237978,5.227215385602046e-08,0.00017694749676928508,2.015467462391658e-13,3.9622277805667126e-14,1.4614683893626929e-13,3.566373227753976e-14,4.125097107893886e-16,1.6871366722759101e-13,5.398230404977856e-35,1.526314798435678e-26,1.0743466261823469e-35,5.737835252374724e-17,3.811457530533058e-17,4.747675500806578e-27,2.2786086555699904e-17,3.0081004601690974e-16,4.609847468450663e-42,4.2567319237159026e-29,9.31219514225483e-26,3.2976957726002635e-28,4.409316759485204e-33,6.620264596902848e-28,1.809952143677476e-10,2.071226867215015e-12,1.0176093633072616e-11,2.0431603525563234e-11,9.782777505236826e-25,7.589033140201218e-23,2.1891954554687558e-13,8.669830629984987e-11,3.0536412057140707e-29,6.239457653983406e-35,2.3834032557779916e-21,1.0122578109591293e-21,8.388861907137876e-23,4.897339428394641e-22,2.138431105659182e-17,8.293145809693423e-17,9.918093640379788e-17,3.126811069809677e-08,1.4592382331083172e-13,5.665442551718309e-13,2.388815291544528e-14,1.953035880039257e-11,5.822826837982885e-13,7.767137021086253e-18,3.96900264337212e-15,2.9056005910141663e-15,0.00018326277834471584,0.49999989979093834,6.972244566071447e-07,0.24999943672966737,5.9765957218047304e-09,1.2889008404245574e-11,1.6051365735575654e-17,4.632922350071136e-16,1.0911003955998606e-14,9.263362324966387e-20,2.6096851803365067e-21,1.732577361054983e-18,2.115189153971629e-22,2.7915359590946917e-19,5.519117410018993e-10,2.806701794123248e-10,1.4845406202919103e-16,5.669649723191248e-14,0.0,7.609144870050217e-27,2.2216651254174577e-30,1.6890438319011938e-07,7.234083177233836e-10,9.15272119669077e-19,3.2893440738417214e-27,2.6187196795938246e-09,1.3469008185556417e-13,2.4069937372267084e-13,5.866957215725363e-14,1.6980992994831955e-13,7.510399196250096e-15,7.304680526602493e-12,8.794250358297869e-20,5.706936212874188e-27,1.1662370788416426e-18,1.836170842395636e-15,0.0999998929704479,1.0842625545969244e-07,9.34127709723884e-11,3.2857177661054837e-15,6.213022863838076e-25,3.784990535052872e-14,4.2248079800759466e-14,1.1210302314982333e-19,7.870306139192597e-13,6.059088279895691e-30,8.411893448694136e-14,6.186021236457514e-14,9.130588509443326e-27,1.4777798015569313e-21,1.2141546555176506e-18,2.211130771808437e-06,4.48692281915633e-08,6.179976267316537e-05,1.5872206208406242e-11,8.275539197821205e-14,1.7941931071446437e-15,1.7572280215718954e-14,6.384159617792945e-27,9.777904982976866e-11,1.1891182545444026e-11,5.2908356205437397e-11,3.0548348667441034e-11,1.8255956406812333e-32,1.237399168611945e-13,2.6053011340456127e-11,1.0571458161217517e-14,6.21773904630336e-13,1.6704323782514228e-13,2.9486174186260327e-19,2.965595966887711e-17,4.1475065087547216e-15,0.000333994829809623,1.6394884649786306e-10,1.3259415839212627e-12,1.3750685184751057e-12,1.805674060038906e-26,6.051373716388413e-19,4.79033909974062e-19,7.354751535005981e-22,4.0315646772201785e-20,2.5634538231223313e-25,3.150105225043877e-09,2.654517435247966e-10,6.03583252619449e-10,3.5093960827636965e-06,1.8737999230438855e-21,6.222014137778951e-21,1.260035670922807e-09,1.77873981753198e-06,2.2146259142865026e-18,5.059334364170666e-15,2.4888251962857407e-24,3.0242443224244273e-18,0.0,0.0,3.503315526936818e-14,1.1564936482895073e-14,3.941419977703506e-21,1.3269445266365789e-14,1.4447893084552163e-29,1.6960703416186457e-21,1.454030870802964e-29,5.986741695006353e-35,7.491778099533604e-30,2.4709818067622587e-14,2.7661325431916255e-14,2.9493785443426284e-14,5.617626592401266e-22,5.156323012846307e-20,1.217792396596308e-22,2.842132772764814e-16,1.179821884488339e-13,2.924002604366161e-24,5.759236170330967e-29
4521.600064384307,7.54134428987483e-08,0.0001769243006017726,3.8274716915012e-13,4.048529912257179e-14,2.849634026283051e-13,3.6555875171293764e-14,1.2618237996172575e-15,1.8389317261335654e-13,2.023114804668654e-34,3.9565241683585325e-26,3.6234177851751904e-35,1.3509670301274957e-16,6.836497049678026e-17,2.4170687825320266e-26,2.7471532657400678e-17,6.823829131902249e-16,3.9078158443366116e-41,9.531619295235291e-29,8.621004048693626e-25,3.1211026587333394e-27,6.674781911489583e-32,5.825293979541691e-27,1.844262444290347e-10,2.087473295438183e-12,1.018173307082595e-11,2.0427761356848082e-11,3.3886312690829625e-24,2.165137485990998e-22,3.2699558468317046e-13,8.650896717268094e-11,1.2134466882962003e-28,3.008710787658517e-34,1.2083312795039411e-20,3.2475788688948635e-21,2.516877079684906e-22,9.582687095300168e-22,3.3584023592862986e-17,8.373756158897171e-17,9.906746120267808e-17,3.1282811756961944e-08,1.4942538965427835e-13,1.416439884572093e-12,3.867402406516098e-14,5.938849747890956e-11,1.1116882283129548e-12,1.3540294313284878e-17,7.064139361497208e-15,3.0036734784636247e-15,0.00018364525630277875,0.4999999234018409,1.0081491466198669e-06,0.24999922649121642,5.976696768015647e-09,8.37709732331412e-13,2.6291680245681106e-17,1.0123484572069349e-15,1.0872977432185556e-14,1.8414301602419476e-19,6.76615118598018e-21,2.676297326965142e-18,3.4609236044807807e-22,9.921484698885301e-19,1.046166832342775e-09,3.460866471261906e-10,2.1578989841784725e-16,5.6647553142347435e-14,0.0,1.1702425691635744e-26,9.428555392691595e-30,1.959874825337203e-07,9.140334334928781e-10,9.156804880770917e-19,2.6155244908253555e-26,2.6160555085464896e-09,1.455993695969387e-13,7.234245849419101e-13,9.80569600804139e-14,3.1864622412703244e-13,8.176354141189017e-15,1.5475838570530097e-11,3.718223577457498e-19,3.5432574207094607e-26,1.9367981244093727e-18,1.9031302346650755e-15,0.09999984464439313,1.567522940531158e-07,9.342896313723106e-11,6.21088151697813e-15,2.379114968557546e-24,9.706114414094786e-14,5.055678003267857e-14,1.7213788881588591e-19,1.518366473808506e-12,3.390298955534322e-29,9.751468708222291e-14,6.36181175180116e-14,2.191864084452153e-26,2.2950569962896913e-21,2.4473875771460075e-18,2.1913477960817372e-06,6.465220391826222e-08,6.17996653277433e-05,1.5872326498921752e-11,1.4439585840527584e-13,1.795043788898902e-15,1.763967750342738e-14,4.8372098520468417e-26,1.5709337241062458e-10,1.1891338708321472e-11,8.797477604166104e-11,3.052175496827172e-11,1.0217161872246826e-31,2.1201331326389644e-13,2.6202691189397302e-11,1.0655193588196561e-14,1.5961333034577752e-12,2.1255528917177807e-13,1.1473013658711922e-18,5.469678644571328e-17,7.593500356739092e-15,0.000333991093904082,2.092286721889242e-10,3.74722237020591e-12,1.8065608454173576e-12,6.410943229844249e-26,2.060418603383845e-18,5.330317240488155e-19,2.059655824713621e-21,4.373395574285468e-20,5.204980259234021e-25,5.971273988326699e-09,3.282629047282764e-10,8.721965614759117e-10,3.5091273076024688e-06,4.510696973192072e-21,1.0032578649082483e-20,1.796301956336538e-09,1.7782034080423424e-06,8.480620477746948e-18,5.670493591902202e-15,1.6848860015169257e-23,6.8592395092103544e-18,0.0,0.0,5.213131657108637e-14,1.2082619594325317e-14,6.140008082178051e-21,1.3238234633841093e-14,2.4501827099187606e-29,1.7719705974278515e-21,2.4746025397151613e-29,1.4408164974635269e-34,7.91218989782414e-30,8.632138495527531e-14,5.512927908872083e-14,6.541256647582464e-14,1.4288160507436975e-21,7.701041741446556e-20,1.8631731951098336e-22,5.303008168236048e-16,2.5768216289678114e-13,1.220166087545327e-23,3.21890855326334e-28
6538.614268149506,1.0859877054902667e-07,0.0001768909788424032,6.557087048247718e-13,4.058528961755523e-14,4.9144943061954e-13,3.673170620878206e-14,3.4197146084759445e-15,1.8702053593906677e-13,6.558494235261147e-34,9.412744090728946e-26,1.1608886738131918e-34,2.688492393299829e-16,1.111963766753663e-16,1.0285716921066233e-25,2.859123427822471e-17,1.2806259597355101e-15,2.8318310095359244e-40,1.7153940334912454e-28,6.330265465042412e-24,2.3224611506189532e-26,7.863820574746068e-31,3.5000908976302635e-26,1.8488131870298362e-10,2.1102789915017374e-12,1.0179977500240668e-11,2.0422451597635558e-11,1.0919201726762774e-23,5.68878830241111e-22,4.786418555668475e-13,8.623555062561542e-11,3.7795042464223544e-28,1.3010719573209517e-33,5.318694494392205e-20,9.016727834323138e-21,7.095358608550528e-22,1.7931905959785336e-21,5.1115196752992296e-17,8.417325673951665e-17,9.871014481726182e-17,3.1288559193053074e-08,1.5436066292807674e-13,3.361986072159308e-12,5.987247133312766e-14,1.7339535079836315e-10,2.066420285242471e-12,2.3240809839768987e-17,1.162170633105813e-14,3.029368793344984e-15,0.0001841765594285506,0.5000000115854689,1.456560166624497e-06,0.24999892618024652,5.976845240121314e-09,6.161179360872114e-13,4.075750552437812e-17,2.1481366960999644e-15,1.0811622677587493e-14,3.5069835916642116e-19,1.6982821340778404e-20,3.993824708352956e-18,5.386720394984088e-22,2.849048416127663e-18,1.9244040014127175e-09,4.251726022749281e-10,3.093893393887113e-16,5.6579607374866985e-14,0.0,1.755427453031416e-26,3.801396319104136e-29,2.1468289867592633e-07,1.1375965016346315e-09,9.15948798663321e-19,1.8441891099258294e-25,2.61051097163169e-09,1.5935671624087326e-13,1.9348265070143278e-12,1.5443331308432848e-13,5.348280761703921e-13,9.366673693138686e-15,3.085096596471418e-11,1.4163678338561363e-18,2.0733269859539143e-25,3.0204366122300246e-18,1.9150388206624356e-15,0.09999977480586647,2.2659079724939392e-07,9.345242286372636e-11,1.0485071162183731e-14,8.868406497004168e-24,2.2604514926857986e-13,5.996628604462159e-14,2.5805708016109206e-19,2.830014410735039e-12,1.786588601662168e-28,1.0628032303444111e-13,6.6190295179527e-14,4.996256874249316e-26,3.427084124359535e-21,4.729344678879636e-18,2.1629973819848266e-06,9.300261801517186e-08,6.179952384579061e-05,1.587260083947757e-11,2.485663490231077e-13,1.7963890199414584e-15,1.760343163389648e-14,3.0592816660869888e-25,2.4216345957521735e-10,1.1892213106578353e-11,1.380695282364457e-10,3.0484264178062725e-11,5.128863387062846e-31,3.382926400583165e-13,2.610937950370329e-11,1.0590636158891211e-14,4.051231856289008e-12,2.7104179262881065e-13,3.9437250061322366e-18,9.554667052429724e-17,1.2679278217084318e-14,0.0003339845416418945,2.745296703621994e-10,1.0265153420689245e-11,2.3256969187005e-12,2.093026443761638e-25,6.344235642748323e-18,6.303553587614051e-19,5.504075891675197e-21,4.424875813526239e-20,9.870085849370026e-25,1.1048525968357294e-08,4.0813481541316096e-10,1.260049758227035e-09,3.5087391652686526e-06,1.03273522014377e-20,1.536442048154754e-20,2.5446225289298013e-09,1.7774547558706654e-06,2.6364553470086918e-17,5.902568583842874e-15,9.964128293827664e-23,1.2869572972979961e-17,0.0,0.0,7.651377063473452e-14,1.2806399698729174e-14,9.420892134684545e-21,1.3194374752045953e-14,3.972503032447744e-29,1.8761801180676728e-21,4.0330612528297955e-29,3.275310506431103e-34,8.375923753245866e-30,2.74149021010505e-13,1.0532092042656227e-13,1.3367398697874147e-13,3.46518369018827e-21,1.1328529684674635e-19,2.784866176185603e-22,9.516605459893967e-16,5.253077577085271e-13,5.1865880291132747e-23,1.8630652911454335e-27
9455.38657529853,1.5600169014942475e-07,0.00017684322177869728,1.0560126297872076e-12,4.0571084762029264e-14,7.859106633895399e-13,3.682795235580817e-14,8.467610394796696e-15,1.87778296425302e-13,1.903029047594743e-33,2.131090509023244e-25,3.5675041127199114e-34,4.882381611030225e-16,1.7120510545202454e-16,3.8561388976719767e-25,2.866132033328331e-17,2.1362701081529046e-15,1.811156080366489e-39,2.7692238327851925e-28,3.908083273057844e-23,1.4482311019064327e-25,7.625504581931544e-30,1.6107616291027708e-25,1.8489178363355975e-10,2.1412048357329622e-12,1.017667412672714e-11,2.0414251859691465e-11,3.3648245860094026e-23,1.3882871434923044e-21,6.885030536130754e-13,8.585209477700846e-11,1.0019562323570026e-27,5.254530385972439e-33,2.076739354454951e-19,2.2507305762840876e-20,1.9064908752967873e-21,3.24410224465631e-21,7.621412989700013e-17,8.468649465232892e-17,9.819730779774733e-17,3.129690845675503e-08,1.6145791630458437e-13,7.65661803184474e-12,9.006071723659934e-14,4.869701560673114e-10,3.770815518356685e-12,4.2047916036665713e-17,1.8233721446441126e-14,3.040341707744773e-15,0.00018492410761875697,0.5000001945951424,2.102483342867495e-06,0.24999849143336975,5.977061960714487e-09,6.821978252465365e-13,6.08004216395958e-17,4.435965572552189e-15,1.0728517713871403e-14,6.457111218906561e-19,4.201283167311537e-20,5.80375774363514e-18,8.125007262960402e-22,6.8766696768214625e-18,3.4591358729059067e-09,5.256485251787763e-10,4.37134402465062e-16,5.6484173267645595e-14,0.0,2.594402712598915e-26,1.47171954554825e-28,2.2368701681958092e-07,1.4136111645968762e-09,9.161763177782497e-19,1.2500982001364282e-24,2.6020704037659255e-09,1.774837375100922e-13,4.744262983623124e-12,2.3441701940569494e-13,8.399171509089239e-13,1.1509725677767178e-14,5.86048861203953e-11,4.986956190830529e-18,1.1556212721225049e-24,4.520223395054143e-18,1.914372448120861e-15,0.09999967390778107,3.274888486826546e-07,9.348637037500021e-11,1.6559408814247844e-14,3.256415268906117e-23,4.87325275853599e-13,7.143787257356267e-14,3.8099898534591466e-19,5.143616119286994e-12,8.910242700658329e-28,1.1046537401359538e-13,6.971910722246036e-14,1.1036653154942862e-25,4.960849849502229e-21,8.914323906858909e-18,2.1225386672352666e-06,1.334613327647327e-07,6.179931733999267e-05,1.5873210877552856e-11,4.30984181762531e-13,1.798547910827381e-15,1.754615942913817e-14,1.7013738824494265e-24,3.6340733202865377e-10,1.1894746769925647e-11,2.0893028412898939e-10,3.043759813034558e-11,2.374229138388158e-30,5.169504885914049e-13,2.5963591652692205e-11,1.049073649727857e-14,1.0211826955356483e-11,3.518691311877842e-13,1.214164927407968e-17,1.593807380410449e-16,1.9921541557365705e-14,0.0003339729864828381,3.6859175721823104e-10,2.7435056234998468e-11,2.9808613143605726e-12,6.380545571574965e-25,1.7976799615973857e-17,8.505094482588185e-19,1.4669267968337936e-20,4.4099310870360505e-20,1.8130260596655545e-24,2.0103975843655544e-08,5.138009046570487e-10,1.8199246472940088e-09,3.508178776177973e-06,2.2724272802523252e-20,2.2602338395245967e-20,3.5719189858112414e-09,1.776426673225375e-06,6.995154666844713e-17,6.054740818149765e-15,5.2654486604664505e-22,2.1461446240163844e-17,0.0,0.0,1.1105931995882898e-13,1.3749098648762359e-14,1.4345278988668934e-20,1.3133458038319058e-14,6.29142421269538e-29,2.0115060544691063e-21,6.435269863514657e-29,7.2677827056475635e-34,8.969741042135264e-30,8.100180112028322e-13,1.9547719137084187e-13,2.582053900249969e-13,8.085911133044617e-21,1.646525729045996e-19,4.096641651553554e-22,1.6870573135097074e-15,1.0170916302117894e-12,2.227590790506294e-22,1.1035768149155606e-26
13673.284830982668,2.2334414518088194e-07,0.00017677496609182824,1.6425171966006875e-12,4.0552447487830084e-14,1.1999854344949324e-12,3.695972884957237e-14,1.9671324710434798e-14,1.8856819429360715e-13,5.083628389564929e-33,4.695192835111438e-25,1.0550749446557744e-33,8.533550120157545e-16,2.5479635107212827e-16,1.3243285452582555e-24,2.8631480506237885e-17,3.3275476735644623e-15,1.0511406902359567e-38,4.271181813118661e-28,2.142637403946452e-22,8.000084995398485e-25,6.43028887674984e-29,6.309639331018824e-25,1.8486258753238042e-10,2.1826529774655236e-12,1.017129297515424e-11,2.0401112666166317e-11,1.0028695660014201e-22,3.1621103353077125e-21,9.730529423911204e-13,8.53060840929743e-11,2.4212346961125845e-27,2.022315842202564e-32,7.409566840000294e-19,5.2153105052752176e-20,4.9300651342874994e-21,5.734332745993808e-21,1.1195921920901214e-16,8.522328874637706e-17,9.744959079309442e-17,3.1309775718619005e-08,1.7164002439594568e-13,1.690612211980207e-11,1.3275099804592642e-13,1.3260053502644925e-09,6.8265020332754735e-12,8.70965920353527e-17,2.7785360413334457e-14,3.04964155619908e-15,0.00018598841491681515,0.5000005133365418,3.031327902074782e-06,0.24999785293884141,5.977376454789826e-09,7.712176614111964e-13,8.800368784816434e-17,8.899618384068217e-15,1.0615496310663096e-14,1.1611277766802123e-18,1.0355064615220753e-19,8.23140476868001e-18,1.1986704356316034e-21,1.4552220731183104e-17,6.129476633565148e-09,6.618766003847755e-10,6.067995123031872e-16,5.6348713220791665e-14,0.0,3.792644042636106e-26,5.522412249915947e-28,2.256517134425526e-07,1.7799280097074253e-09,9.160475668879178e-19,8.34959457015486e-24,2.589079057444394e-09,2.023662507716574e-13,1.0947273922735414e-11,3.4706571933272103e-13,1.2653260924422955e-12,1.5213633934647735e-14,1.0785381676699922e-10,1.67320540503806e-17,6.189662072681171e-24,6.554015877095183e-18,1.9094323113597212e-15,0.09999952819846931,4.731981114182981e-07,9.353543314807509e-11,2.511398158725328e-14,1.184111124195166e-22,9.819715738694663e-13,8.659671819465623e-14,5.56325896046668e-19,9.213660631410931e-12,4.404659474432247e-27,1.1193139178914455e-13,7.447738739991793e-14,2.3891600236817444e-25,6.97570127135843e-21,1.6750751439595087e-17,2.0651497616624364e-06,1.9085023833756103e-07,6.179901367957162e-05,1.587454937858266e-11,7.631663873956475e-13,1.8021031197253357e-15,1.747095598886426e-14,8.677756813171097e-24,5.350564159305025e-10,1.1900911045321946e-11,3.081436115128971e-10,3.03826883766703e-11,1.0271360931392148e-29,7.671083912591499e-13,2.5768137792840784e-11,1.0355084590896614e-14,2.565340127482794e-11,4.745274610043594e-13,3.3667781138750594e-17,2.5823599270365545e-16,3.008822672255606e-14,0.0003339522951174445,5.038487171014048e-10,7.206017227698407e-11,3.8649398556192255e-12,1.8451546934860263e-24,4.8173552405044606e-17,1.4123168270217373e-18,4.0419119474341694e-20,4.376516217360396e-20,3.4266889011268274e-24,3.6335609444237004e-08,6.601369131985053e-10,2.628082127353684e-09,3.5073697004503237e-06,4.8390652715017336e-20,3.211777518570803e-20,4.948519199253471e-09,1.7750481727157509e-06,1.6571873955979152e-16,6.248203340035014e-15,2.541608010236853e-21,3.341582893272174e-17,0.0,0.0,1.5953512086415695e-13,1.493551132631654e-14,2.1737490614232887e-20,1.3048309117840331e-14,9.842071640630811e-29,2.178114951486198e-21,1.0174496835750037e-28,1.604080206819229e-33,9.686445528470381e-30,2.274428627552137e-12,3.5743555461306167e-13,4.822542515861599e-13,1.8389064191151574e-20,2.3667676569719855e-19,5.952507868173482e-22,3.1148030040155054e-15,1.9078187150850734e-12,9.863247463697635e-22,6.801224704653594e-26
19772.720721709713,3.1826719888372165e-07,0.0001766776925979773,2.5041696068912514e-12,4.0547645881156573e-14,1.7742694959067882e-12,3.715262972555707e-14,4.36432151487001e-14,1.8956376898827472e-13,1.283162459991077e-32,1.0219736006486405e-24,2.9957910438801503e-33,1.4754985185037927e-15,3.6974912475256505e-16,4.264183033308128e-24,2.857039429932382e-17,4.954601864279915e-15,5.669890629937425e-38,6.444364679399561e-28,1.0834143004053883e-21,4.068400061458254e-24,4.919300438068239e-28,2.2561164517924243e-24,1.8480469312130468e-10,2.238944925958866e-12,1.0162739507190875e-11,2.038070567924606e-11,2.8935546964426646e-22,6.761479730084215e-21,1.3472613841502282e-12,8.45288254126153e-11,5.55624892936027e-27,7.497011320102183e-32,2.4724772147007375e-18,1.1437200075183814e-19,1.2359765734461465e-20,9.988212982696076e-21,1.624376013773634e-16,8.570621105969791e-17,9.635851882949891e-17,3.132998344317499e-08,1.861833278773755e-13,3.646911411244814e-11,1.9251506074477994e-13,3.5402020485463e-09,1.238774156278532e-11,2.2383569974004173e-16,4.1532489917329315e-14,3.0625681073009676e-15,0.00018751154428140886,0.5000010431715268,4.363742540780245e-06,0.24999690287967646,5.977831311848235e-09,8.932345506884662e-13,1.2383263135330176e-16,1.7245883308251266e-14,1.0463575325427015e-14,2.0568971627160564e-18,2.5522820322959453e-19,1.1372661387324156e-17,1.736391418650503e-21,2.786795763157251e-17,1.0793727989142679e-08,8.543022970876275e-10,8.230885348555088e-16,5.615573017682953e-14,0.0,5.49551600443102e-26,2.024804951191421e-27,2.2440704805515425e-07,2.288479765592842e-09,9.152986393058968e-19,5.462992189949806e-23,2.568699914592133e-09,2.3722435428930963e-13,2.4173249581230197e-11,5.043201731469744e-13,1.8506313505081334e-12,2.146317339002455e-14,1.9519738334703316e-10,5.497996948468722e-17,3.205955787185912e-23,9.22925337790477e-18,1.902091398809116e-15,0.09999931790650779,6.834900020465032e-07,9.360626857181788e-11,3.7054298041185494e-14,4.278660809523884e-22,1.8524854716121155e-12,1.0767839521475198e-13,8.056357433641719e-19,1.6425187425102785e-11,2.3518011493105528e-26,1.1260129448080289e-13,8.103173909925185e-14,5.099279660355966e-25,9.501672613945718e-21,3.1825296833085947e-17,1.9844636381014867e-06,2.715363618985092e-07,6.179856129117782e-05,1.5877480742804588e-11,1.3931503674069796e-12,1.8081780905895533e-15,1.737585424839222e-14,4.171755938548167e-23,7.757264402310212e-10,1.1914750106246494e-11,4.4499387086201976e-10,3.032612962130917e-11,4.157603908825598e-29,1.1120639975324856e-12,2.5511150546918104e-11,1.0173252316430747e-14,6.45002839134568e-11,6.780673384792086e-13,8.381343339136381e-17,4.171317655747815e-16,4.416154578632344e-14,0.0003339143834803597,6.978587015419303e-10,1.875533205658291e-10,5.1153183485950276e-12,5.16176446188247e-24,1.2554505592147783e-16,3.0794280559777464e-18,1.1796199148255145e-19,4.3330272421694385e-20,7.218566389319648e-24,6.58857475012393e-08,8.684055267254168e-10,3.795362324458351e-09,3.5062007603594048e-06,1.0003654836377431e-19,4.4064840969575064e-20,6.727683703374611e-09,1.7732643295422937e-06,3.60523061309297e-16,6.510338800727558e-15,1.1367662732016336e-20,4.973164639247129e-17,0.0,0.0,2.26578354335912e-13,1.640739232441525e-14,3.276367528944666e-20,1.2929541653120835e-14,1.5277687828716656e-28,2.378616203025958e-21,1.6032187427000304e-28,3.5482373109129374e-33,1.0523471362511028e-29,6.184708129126558e-12,6.521562916505494e-13,8.870536038725222e-13,4.1290036579107483e-20,3.3617343692947436e-19,8.557859100999137e-22,6.464151720037657e-15,3.529109060098232e-12,4.76813644050429e-21,4.604686312150328e-25
28593.018398390996,4.505784971396014e-07,0.0001765393069495653,3.7720023403412634e-12,4.0588709503132904e-14,2.554456556827689e-12,3.744052579958869e-14,9.338501632260769e-14,1.9075032483167918e-13,3.156015380838819e-32,2.22919946647607e-24,8.101016301102639e-33,2.554887966264873e-15,5.25349350579293e-16,1.3015770061039207e-23,2.845467448809681e-17,7.11608082141508e-15,2.91451680613433e-37,9.639520672339174e-28,5.167921001333692e-21,1.949906737477594e-23,3.511906216571321e-27,7.74611405461211e-24,1.8470335770199224e-10,2.315593990788454e-12,1.014947039636599e-11,2.0349619095345186e-11,8.037723774942008e-22,1.3660785946062603e-20,1.8170666781119903e-12,8.343171057259012e-11,1.2394400356053747e-26,2.6924975834454036e-31,7.82621042180582e-18,2.3951736994759305e-19,3.0131034998158383e-20,1.7182941078791135e-20,2.3274228418311535e-16,8.597405612045063e-17,9.478019265046495e-17,3.1362416003188053e-08,2.0680348236835279e-13,7.722723015051951e-11,2.749547512025628e-13,9.363577723171684e-09,2.267351835731778e-11,7.299813683690633e-16,6.119586896144577e-14,3.084795805468444e-15,0.00018968833943989105,0.5000019353598986,6.268354194791218e-06,0.2499954707911223,5.978488319926441e-09,1.0598225127987894e-12,1.6892289921360437e-16,3.1935352317443426e-14,1.0264587250289724e-14,3.5972513844420115e-18,6.269343354460832e-19,1.5220088435874793e-17,2.4704037401266134e-21,4.886995925037193e-17,1.894821662328734e-08,1.12936918449141e-09,1.0819547474812792e-15,5.588162428737195e-14,0.0,7.902284678938998e-26,7.283945210509181e-27,2.2191199255593976e-07,3.0008933587468777e-09,9.135516184104457e-19,3.4623223579483185e-22,2.536031487732747e-09,2.858830839590569e-13,5.152919623619559e-11,7.217308238962374e-13,2.643154515229067e-12,3.171498076252952e-14,3.502486898713663e-10,1.7963310260785055e-16,1.6061601167525727e-22,1.2589506870403091e-17,1.8937518227490546e-15,0.09999901468551478,9.867108929454344e-07,9.370844085144326e-11,5.355897084240092e-14,1.5398741818436133e-21,3.259891565759948e-12,1.3738567813173663e-13,1.1599125730527851e-18,2.928254092832376e-11,1.4895394002164184e-25,1.1333405856687629e-13,9.021127381663075e-14,1.0764834837433297e-24,1.2446443292255354e-20,6.13344063754272e-17,1.872488512153558e-06,3.8351148784643687e-07,6.179787193892077e-05,1.5883972224169455e-11,2.6397165615189747e-12,1.8190845025249074e-15,1.7266209345702385e-14,1.922678458070542e-22,1.1083903099086092e-09,1.1944367543044179e-11,6.295999920128198e-10,3.0287192713927593e-11,1.5596146483755064e-28,1.576751807846711e-12,2.5186101462119588e-11,9.936118243610398e-15,1.6290272363531863e-10,1.047544327756022e-12,1.855207799773386e-16,6.940159421793415e-16,6.325728151590302e-14,0.0003338432488466013,9.751454683118112e-10,4.870978246274661e-10,6.935396751215901e-12,1.424396649198977e-23,3.235389935410334e-16,8.672302109155456e-18,3.675298724444092e-19,4.2950026604381665e-20,1.7965381971668672e-23,1.2058327859860058e-07,1.1671101421445047e-09,5.485229970960278e-09,3.504507855937551e-06,2.0058299114409917e-19,5.804359519752343e-20,8.903762367580621e-09,1.7710765384635118e-06,7.291634994523351e-16,6.854914240960511e-15,4.7309665354567905e-20,7.139405009813227e-17,0.0,0.0,3.172617214504083e-13,1.816074985045634e-14,4.8946311549024057e-20,1.2765710923078723e-14,2.3537384675628054e-28,2.6080092707965466e-21,2.5226177626457476e-28,7.868279822779437e-33,1.1445665514787284e-29,1.652250037644725e-11,1.1966541013675324e-12,1.6241701110483655e-12,9.222602655735313e-20,4.70524982198951e-19,1.2182663650962991e-21,1.6032433647349425e-14,6.5073310502989855e-12,2.7109500238579753e-20,3.680623260572656e-24
41347.91122766806,6.321105715095669e-07,0.00017634199689511789,5.6327579694676e-12,4.074474193280934e-14,3.581222226323624e-12,3.787973493905465e-14,1.9339819209010148e-13,1.9205460862486337e-13,7.878755850430618e-32,4.957220345812194e-24,2.0563042280973717e-32,4.43917077024526e-15,7.326771333646777e-16,3.7715071298686604e-23,2.8247588082252385e-17,9.868540786823405e-15,1.473647117837615e-36,1.4489090828378692e-27,2.3508409416898554e-20,8.913987494102946e-23,2.3786190753766602e-26,2.673792581733723e-23,1.845265414805622e-10,2.4180518257260513e-12,1.0128779105836058e-11,2.0302039063656183e-11,2.1258181635343774e-21,2.616759771903205e-20,2.365695323523249e-12,8.19009470789053e-11,2.7326423699126016e-26,9.366176323324592e-31,2.3631013225429356e-17,4.793358190221894e-19,7.108846828323299e-20,2.9019413284463406e-20,3.2839094676268723e-16,8.566162638357072e-17,9.251767785385512e-17,3.141562034575584e-08,2.3567203320355206e-13,1.6096053656438448e-10,3.8622516715406497e-13,2.4682049526892998e-08,4.187481269438609e-11,2.8602035982913663e-15,8.898342150603041e-14,3.1268595978564907e-15,0.0001927829454929658,0.5000034860106608,8.977135524838375e-06,0.24999327841286204,5.979436662343894e-09,1.2808545200325004e-12,2.2179122709863526e-16,5.5557950018365043e-14,1.0012446642645088e-14,6.17249275487584e-18,1.5183946337093777e-18,1.954005160839942e-17,3.44068686683371e-21,7.8310755764708e-17,3.3029152002809754e-08,1.5229184105980755e-09,1.3621065844865255e-15,5.549506220547623e-14,0.0,1.1285658339474626e-25,2.5621843106502374e-26,2.1840681532511747e-07,3.992426416143387e-09,9.101001375275407e-19,2.1042194573572066e-21,2.482510659104577e-09,3.524685862560894e-13,1.0626644444391157e-10,1.0199999904724445e-12,3.6988283319283515e-12,4.765401489932574e-14,6.228306060280778e-10,5.834642499058663e-16,7.709932171242963e-22,1.6517726429988425e-17,1.887708433993864e-15,0.09999857807654483,1.4233197156545098e-06,9.385562915346107e-11,7.619553599110795e-14,5.514095309324808e-21,5.319353497912071e-12,1.79172974571456e-13,1.6658756355150982e-18,5.2111649588910905e-11,1.1660659240105265e-24,1.1434443637935276e-13,1.030889668477799e-13,2.250155173084145e-24,1.549532933457251e-20,1.197328339185319e-16,1.7200564432486198e-06,5.359435567513748e-07,6.179678211122256e-05,1.589875326992712e-11,5.222959197863336e-12,1.8399832497298792e-15,1.7168468890640568e-14,8.586707669767397e-22,1.558558956160445e-09,1.2005628243411746e-11,8.70398819705054e-10,3.0309546008875964e-11,5.310542338226941e-28,2.1802886909583527e-12,2.4800500359062013e-11,9.639795357660937e-15,4.1345214831726453e-10,1.7882419270901167e-12,3.6109356642333563e-16,1.2297454724568392e-15,8.841765700136549e-14,0.0003337072236157233,1.369395694459228e-09,1.2657569074810329e-09,9.710197752402102e-12,3.931561981702877e-23,8.28019037518628e-16,2.882719110403749e-17,1.2088064768236113e-18,4.323408070660347e-20,5.223589092964831e-23,2.2283517791089214e-07,1.59575149228723e-09,7.946189712891805e-09,3.502041316987405e-06,3.880930935241201e-19,7.266442593652238e-20,1.1343659262489762e-08,1.768606998951255e-06,1.3720604480005172e-15,7.284983413789166e-15,1.8204798225033638e-19,9.897989526347424e-17,0.0,0.0,4.3571935790221736e-13,2.0063777329572736e-14,7.184194921235676e-20,1.2543681784540515e-14,3.5799155356365937e-28,2.8404566329758794e-21,3.9521696988351217e-28,1.739200361814239e-32,1.2323563221443842e-29,4.368554841652897e-11,2.211943387312052e-12,2.9672104991471014e-12,2.0502787026371801e-19,6.455768579988997e-19,1.718195823991081e-21,4.730948148569791e-14,1.1987891138473878e-11,1.8713171704828696e-19,3.5768565145696297e-23
59792.559815487155,8.75778239972033e-07,0.00017605733012715708,8.330943852477029e-12,4.115492051175126e-14,4.8672862970722256e-12,3.856709981750304e-14,3.868727676325636e-13,1.93348687690352e-13,2.1009442197112865e-31,1.1459344080654575e-23,4.792810057180245e-32,7.683007453846146e-15,1.006208713024937e-15,1.029290361909815e-22,2.790256947945826e-17,1.314998032629529e-14,7.641638436460319e-36,2.2228987734078614e-27,1.0200004904721753e-19,3.8950109464035774e-22,1.538696864403718e-25,9.65437778605119e-23,1.842125199099028e-10,2.550709204290333e-12,1.0096082005038841e-11,2.022841674370543e-11,5.2616100730013866e-21,4.737455817943757e-20,2.9346505475951478e-12,7.97991252210823e-11,6.04847792275102e-26,3.1281177835742917e-30,6.786037614213572e-17,9.101366969368335e-19,1.5987381449488976e-19,4.745982295078995e-20,4.532434532626772e-16,8.414224069453758e-17,8.932291404239149e-17,3.1504430852992446e-08,2.7518914610589553e-13,3.305442104869816e-10,5.31622155105764e-13,6.485582068378788e-08,7.765966465229179e-11,1.2413904864745623e-14,1.2735490920260223e-13,3.2153136311895966e-15,0.00019714431892010897,0.5000062750686091,1.2801425824788403e-05,0.24998985604594112,5.980804260161323e-09,1.5591694704511624e-12,2.770275522284292e-16,8.856016532118779e-14,9.70383523227218e-15,1.0256454549842e-17,3.5601590315114384e-18,2.3724861845064195e-17,4.6553688920510985e-21,1.1404295332633923e-16,5.6572382612083367e-08,2.0862835931581016e-09,1.6172860223539436e-15,5.4955584548160536e-14,0.0,1.6031920978202472e-25,8.700079794594191e-26,2.1365176701968824e-07,5.359230094106942e-09,9.039780098948225e-19,1.2130032616544065e-20,2.3932945725049556e-09,4.4021588593418796e-13,2.110741571076971e-10,1.4291333436213026e-12,5.089275482696277e-12,7.010848513353761e-14,1.0895853362131536e-09,1.859660504745415e-15,3.472637001320576e-21,2.06025593346005e-17,1.894680071044503e-15,0.09999795077025457,2.0506257943615904e-06,9.406725754209303e-11,1.0723411774167873e-13,1.9492537826492393e-20,8.00554304981975e-12,2.3781819686496666e-13,2.400652246418308e-18,9.18700744143105e-11,1.0774836314662194e-23,1.157287527738069e-13,1.2117942619604068e-13,4.6532601371219726e-24,1.8040475169723196e-20,2.3664165693341794e-16,1.5184449060112336e-06,7.375550939887604e-07,6.179496505804141e-05,1.5934035083493388e-11,1.0866226137392996e-11,1.8837029597386303e-15,1.7168190438696576e-14,3.742497627078392e-21,2.1486152599041256e-09,1.2128971409186621e-11,1.1687265054666357e-09,3.047964944265246e-11,1.5864705128624252e-27,2.9192239531389303e-12,2.4388849071819876e-11,9.29141786297496e-15,1.0493960527765487e-09,3.42215331990858e-12,6.142813249152039e-16,2.36879443031915e-15,1.2015090356766932e-13,0.00033344409700424124,1.925671814714686e-09,3.279862064376006e-09,1.439355923333402e-11,1.0880804631558824e-22,2.0950006177213834e-15,1.0351855336309877e-16,4.081675389175493e-18,4.651212321861241e-20,1.6632891385809982e-22,4.1383760060117235e-07,2.2112856918172916e-09,1.1576709094754024e-08,3.498400622601269e-06,7.176070038131055e-19,8.53036406331045e-20,1.3707447687178704e-08,1.7661682155671416e-06,2.3832965370139384e-15,7.776403165146797e-15,6.363386371255186e-19,1.3192235132244854e-16,0.0,0.0,5.819703520103092e-13,2.1804992375006883e-14,1.0188870983468042e-19,1.2249751710063327e-14,5.306037566471255e-28,3.0234848670000997e-21,6.10700175120262e-28,3.78423355710231e-32,1.292181613244461e-29,1.1421779836528703e-10,4.1050963345186935e-12,5.387532202528663e-12,4.51988847979771e-19,8.608386030210196e-19,2.404202776430194e-21,1.5640407478338039e-13,2.1963137843553663e-11,1.4956676143558502e-18,4.0169028941535166e-22
86465.07412679883,1.1935076679556588e-06,0.0001756340134253836,1.2120836454713339e-11,4.207187033451313e-14,6.357747641927301e-12,3.9665494460500696e-14,7.41692193392239e-13,1.945339265033804e-13,6.284395754188045e-31,2.7860767039994473e-23,9.947449287920952e-32,1.3007886206114469e-14,1.3680645889040112e-15,2.5954288486346203e-22,2.7377947401827367e-17,1.6670175505684926e-14,4.2631271442731264e-35,3.5241520619454264e-27,4.169791317420979e-19,1.6130326712348186e-21,9.478057853300258e-25,3.693884386714872e-22,1.8365181876109734e-10,2.7152757724142004e-12,1.0043940474077286e-11,2.011361014740965e-11,1.1898477199203108e-20,8.023199468931259e-20,3.409944591712327e-12,7.697933223101776e-11,1.365560478486873e-25,9.836360698801274e-30,1.82836394637993e-16,1.6126948254864206e-18,3.33638218861582e-19,7.373340496421066e-20,6.041753399280261e-16,8.059126881221774e-17,8.493408952560607e-17,3.1653487992312186e-08,3.270929765771477e-13,6.687402800675501e-10,7.125542662038757e-13,1.690104438799382e-07,1.432908846641198e-10,5.578552753853388e-14,1.782787778649666e-13,3.4253303101588552e-15,0.00020320671859650513,0.5000114590141002,1.8142249605285673e-05,0.24998438485836244,5.982772994629892e-09,1.877527201647302e-12,3.239412359646144e-16,1.2500019297022824e-13,9.336160358067096e-15,1.6219626206030272e-17,7.870558030111951e-18,2.6738812237303907e-17,6.033419614399148e-21,1.502562848788171e-16,9.377250539600662e-08,2.8948410599996067e-09,1.7806937317589617e-15,5.421372810668107e-14,0.0,2.2743808845086672e-25,2.7863134729421504e-25,2.0737996468427437e-07,7.225022478439059e-09,8.944534433079132e-19,6.533285895276218e-20,2.2437594828497806e-09,5.479046596903268e-13,3.986471223686105e-10,1.9978880680770268e-12,6.9221138060430924e-12,9.660074221937831e-14,1.8529372622208323e-09,5.688003516914048e-15,1.4208911232589906e-20,2.4044151698640324e-17,1.9482254079029262e-15,0.09999705274610349,2.9486496422239266e-06,9.43705481876439e-11,1.5036368736765359e-13,6.675313217400154e-20,1.107186123046029e-11,3.2018661877182314e-13,3.506722310674405e-18,1.5858812225596156e-10,1.072247569511236e-22,1.1757367789811686e-13,1.4689048404952303e-13,9.49164471230323e-24,1.9285858117089717e-20,4.749141847239534e-16,1.2631622040049705e-06,9.92837795995024e-07,6.179174123412375e-05,1.6023510621445976e-11,2.3959647468699063e-11,1.986505856551703e-15,1.752681065662882e-14,1.5988779981931e-20,2.8854095389886177e-09,1.2371988953093372e-11,1.5097104436451151e-09,3.0952484148477504e-11,3.9551690226317934e-27,3.737301379442314e-12,2.4029725197740895e-11,8.916545526800582e-15,2.632546322680996e-09,7.276054623741541e-12,9.162494392791412e-16,4.917549718502615e-15,1.5761916465035464e-13,0.00033293386477552267,2.7015590305912653e-09,8.386237941843232e-09,2.3727486346638047e-11,2.969885393651672e-22,5.176502280372509e-15,3.79128004931316e-16,1.3604876500684937e-17,6.099234661779881e-20,5.419966242171452e-22,7.654566921540632e-07,3.0979083609612127e-09,1.7064507442866967e-08,3.4928946545299355e-06,1.249900457355077e-18,9.279020333444567e-20,1.543175107386189e-08,1.7642577032761312e-06,3.7684762186338396e-15,8.251911987208918e-15,1.959596483809459e-18,1.6746200804478315e-16,0.0,0.0,7.460476004001218e-13,2.2910990870544156e-14,1.3599286063613827e-19,1.1871949229722848e-14,7.496282365742848e-28,3.0856320518222635e-21,9.146264290094587e-28,7.937959857900434e-32,1.2960617470778725e-29,2.92511839134324e-10,7.596682039211252e-12,9.644106251631934e-12,9.849160171821637e-19,1.100718468264602e-18,3.3497273108838276e-21,5.430578616579952e-13,3.962775257817751e-11,1.2678774694091246e-17,4.755558138925357e-21
125035.77479913068,1.5938144327448508e-06,0.00017496772027521346,1.7080899664298927e-11,4.3869995394680756e-14,7.88606458987015e-12,4.140794920300859e-14,1.3429233679193477e-12,1.9569579397331426e-13,2.1398003367632353e-30,7.008943043313378e-23,1.7681838652813764e-31,2.0861864735665996e-14,1.8497626372985476e-15,5.840775366743692e-22,2.6656254349252992e-17,1.9830924754177146e-14,2.643006280101168e-34,5.7265234642429375e-27,1.5590906289939893e-18,6.194942587216424e-21,5.480367469299766e-24,1.4485825950628451e-21,1.8266207120170053e-10,2.9092097796823437e-12,9.960899908760994e-12,1.993470054898826e-11,2.386596442511421e-20,1.2531426831943768e-19,3.6422083115438385e-12,7.332146891274515e-11,3.1739983192248724e-25,2.8233783065893906e-29,4.490002177630651e-16,2.5898752833415845e-18,6.222292769036346e-19,1.0657222602792229e-19,7.60593481837614e-16,7.43212514438608e-17,7.917609145936651e-17,3.189908391549812e-08,3.901438194966841e-13,1.3307556815654553e-09,9.215223302772138e-13,4.326326511283109e-07,2.5941376110476747e-10,2.465276425258125e-13,2.4262112835159647e-13,3.9806131561966626e-15,0.0002114454004882863,0.5000213820290538,2.5477829886541943e-05,0.24997539325214857,5.985595654653613e-09,2.1755340303372363e-12,3.4833872422036516e-16,1.500753147112748e-13,8.904072616454284e-15,2.3988991411664972e-17,1.584752834770308e-17,2.7408175112212543e-17,7.312844640849756e-21,1.784168104176948e-16,1.4792328787326495e-07,4.0594685282308055e-09,1.7976749452091844e-15,5.3214844591636705e-14,0.0,3.2497576348482557e-25,8.136362341330315e-25,1.9943144379804938e-07,9.746880585022477e-09,8.822551590936501e-19,3.2139353081659023e-19,1.997688348328096e-09,6.620583237950652e-13,6.980021833200157e-10,2.803405217036549e-12,9.352782398664876e-12,1.1833265439275585e-13,3.020203700071077e-09,1.622356895226539e-14,5.068287144402612e-20,2.5804113572822198e-17,2.148955751083406e-15,0.09999577566758487,4.225727728996241e-06,9.480256729218138e-11,2.114262975129192e-13,2.1372817708117863e-19,1.4018365911898485e-11,4.360833593812926e-13,5.272038025581382e-18,2.6445241083392553e-10,1.048971275855095e-21,1.1992600133311898e-13,1.844361097819608e-13,1.8986396605990168e-23,1.8689403426324796e-20,9.74020988773632e-16,9.60807691392894e-07,1.2951923086071006e-06,6.178573866882635e-05,1.6262437842324863e-11,5.626508545089938e-11,2.264466741721816e-15,1.9068483920702837e-14,6.688060760122711e-20,3.739864738742797e-09,1.2843255797150788e-11,1.85241759025433e-09,3.1985431733125223e-11,7.701507859873696e-27,4.488225630257693e-12,2.3865557546441178e-11,8.566780337429887e-15,6.393761948142102e-09,1.6524643876495615e-11,1.2082255916175028e-15,1.0585262320296656e-14,1.9760883728511764e-13,0.0003319535322244927,3.7643182956536965e-09,2.076106813763561e-08,4.565914984443498e-11,7.661164801247497e-22,1.2235661839597039e-14,1.363992737695187e-15,4.2750053574881964e-17,1.1241232286334627e-19,1.7179001058197168e-21,1.3915544124357652e-06,4.381778733221433e-09,2.5678001138190094e-08,3.484249884084211e-06,2.0124199258218214e-18,9.37945605344447e-20,1.5937444209382897e-08,1.7633110243012882e-06,5.334817269428004e-15,8.557701871462186e-15,5.0879196969195554e-18,1.9987785186411825e-16,0.0,0.0,9.00340938742145e-13,2.295242751198111e-14,1.6494178935816312e-19,1.140364331972825e-14,9.782850460429506e-28,2.9726356075249266e-21,1.2927831644274606e-27,1.556640382779897e-31,1.229160708419222e-29,7.198714086172733e-10,1.3876513355659082e-11,1.6834769242191283e-11,2.1210042305327336e-18,1.3233138715984498e-18,4.67809881299057e-21,1.88922875354817e-12,6.940802482166772e-11,1.0474405962783268e-16,5.42832001184147e-20
180812.25439872022,2.083571117606218e-06,0.00017383365762725482,2.2678028926889482e-11,4.686270916257404e-14,9.175590671186404e-12,4.396897649408913e-14,2.2447467364003715e-12,1.9698255382163998e-13,7.832309916293418e-30,1.7147934158346168e-22,2.580719286125906e-31,3.011083205106236e-14,2.4597309239579704e-15,1.1102155623603883e-21,2.5719066838988528e-17,2.1834551492610485e-14,1.7830121319463483e-33,9.046306648615986e-27,5.0493552877818145e-18,2.1222457319926047e-20,2.891537601707857e-23,5.414829822163172e-21,1.8096510007017264e-10,3.1273880269408534e-12,9.831023476786778e-12,1.9660045743819787e-11,4.122120236932062e-20,1.785688882919902e-19,3.5338312636479817e-12,6.880261444558656e-11,7.477300807762132e-25,7.107298997656419e-29,9.530590805748776e-16,3.599324758749719e-18,9.955732201694713e-19,1.411588344980371e-19,8.720982162880272e-16,6.542522452257656e-17,7.213290457386272e-17,3.227928835276582e-08,4.559817600697653e-13,2.588884894330894e-09,1.13709977453595e-12,1.0732986443684946e-06,4.517506876604649e-10,1.0238505555361294e-12,3.2579738762370535e-13,5.536183629411203e-15,0.00022222145730906587,0.5000408336987631,3.528658214839628e-05,0.2499601719634783,5.989600456800258e-09,2.32787707874927e-12,3.406237156564942e-16,1.487178784127829e-13,8.406812073675344e-15,3.282852091704708e-17,2.7944193458343166e-17,2.5229752699769974e-17,7.987093970269804e-21,1.906990892033642e-16,2.1931229091090354e-07,5.733825780511533e-09,1.6780960859387519e-15,5.191160477226754e-14,0.0,4.734873824849124e-25,2.073297070720675e-24,1.899222611858205e-07,1.3108170115593339e-08,8.714017084720485e-19,1.394321860285239e-18,1.6171819736969535e-09,7.458146983531201e-13,1.0845669332147312e-09,3.914009953625593e-12,1.2441369836622902e-11,1.2097098722450365e-13,4.652768040666597e-09,4.1759668896047475e-14,1.5130441739614257e-19,2.5232668983011977e-17,2.778567159250701e-15,0.09999398373007497,6.017664631222352e-06,9.541019139743915e-11,2.9560524020622534e-13,6.031354232557225e-19,1.617562859871311e-11,5.978240772129659e-13,8.298204976871176e-18,4.203274489589552e-10,9.248436262762977e-21,1.227133034003124e-13,2.4121874592931646e-13,3.6868674289736606e-23,1.6542420257509063e-20,2.0505339078175744e-15,6.379537378976418e-07,1.6180462621023532e-06,6.17745677979699e-05,1.690394536758111e-11,1.3961176685585495e-10,3.118933629233537e-15,2.447679355342144e-14,2.6924168636278237e-19,4.629454262482324e-09,1.374636401906679e-11,2.133378167846468e-09,3.399267824697493e-11,1.0927418375998886e-26,4.938892472291422e-12,2.4133280912171567e-11,8.329430992583615e-15,1.4550395089734272e-08,3.766212408221244e-11,1.4165826164689633e-15,2.2418461863453254e-14,2.34212783819669e-13,0.0003301174765826917,5.176886078080984e-09,4.829845484012093e-08,1.0058806357487005e-10,1.7453807692957877e-21,2.6837097399810472e-14,4.657722581231389e-15,1.2165909936944233e-16,2.693340382834603e-19,5.096903909097687e-21,2.4408934888960832e-06,6.244705187060773e-09,3.9762914797227e-08,3.4701139469704215e-06,2.9321399722052992e-18,9.177261250528203e-20,1.520884962341079e-08,1.7630870622631947e-06,6.675490961754539e-15,8.485568230121906e-15,1.0607386375937633e-17,2.215082334455661e-16,0.0,0.0,9.97889991022805e-13,2.200712392342614e-14,1.7588401491906022e-19,1.0849305636189811e-14,1.1374612816886402e-27,2.7121438776627513e-21,1.662920252627051e-27,2.7364869118887052e-31,1.112242797344413e-29,1.6501394471748708e-09,2.4650094443013912e-11,2.825242603422208e-11,4.499692674782126e-18,1.4585688038602396e-18,6.595476445628625e-21,6.344969907778117e-12,1.1578194515164527e-10,7.795124747155207e-16,5.490437657406823e-19
261469.73850698897,2.685621205160478e-06,0.0001717661372270784,2.721273139913021e-11,5.066477332171249e-14,9.939869868249415e-12,4.699900441153212e-14,3.3560054665082096e-12,1.9738513819151842e-13,2.66509781943138e-29,3.6527056589095755e-22,2.997999323555473e-31,3.642207554186393e-14,3.067339120829907e-15,1.6603061075234891e-21,2.4420495384838324e-17,2.207464122459628e-14,1.1852087540856908e-32,1.2408487464135215e-26,1.3034486023452123e-17,6.113347913158967e-20,1.3318410308109703e-22,1.7567132952079712e-20,1.781941119665683e-10,3.3727214744950513e-12,9.636291876069134e-12,1.9253443515348888e-11,6.019275010026e-20,2.3243220559844045e-19,3.1543546566689636e-12,6.360208943739915e-11,1.6778375782590974e-24,1.5065782225825914e-28,1.601047692927573e-15,4.0722101273823195e-18,1.33660730181846e-18,1.7129889706012455e-19,8.67645496362138e-16,5.52315405430003e-17,6.431657494442167e-17,3.279112270757851e-08,5.071041690060541e-13,4.835410065560526e-09,1.328053780213896e-12,2.5336681207729717e-06,7.361028415907296e-10,3.804993257098502e-12,4.689396164983164e-13,9.785398370659054e-15,0.00023540085749647265,0.5000794950281924,4.782022111331568e-05,0.24993369813829194,5.995124787640266e-09,2.1814847685014292e-12,3.0688547216710018e-16,1.2379258041545675e-13,7.871029494195266e-15,4.165423761635052e-17,4.1960123997139266e-17,2.1155753689836255e-17,7.500207674105365e-21,1.8670830586540185e-16,3.0488370829693255e-07,8.084872057742059e-09,1.5014379429029977e-15,5.0297026078646753e-14,0.0,7.082297152942694e-25,4.379839135054613e-24,1.7947253196899974e-07,1.7454906302426615e-08,8.699509355223419e-19,5.048458075372496e-18,1.1054472486364878e-09,7.414548474651828e-13,1.4039073302808775e-09,5.199938588627999e-12,1.5615739887874947e-11,9.537117921871585e-14,6.683822119449558e-09,9.357054021972827e-14,3.7038760159171787e-19,2.2883155022095594e-17,4.511610330086712e-15,0.09999154277934633,8.458614529669181e-06,9.624044271817277e-11,3.930652475701513e-13,1.3787280735006217e-18,1.7123663398832806e-11,8.144148874899973e-13,1.3786898488317691e-17,6.280582284250142e-10,6.667583627899309e-20,1.2562149891167218e-13,3.279529304094954e-13,6.827482116873394e-23,1.388104268878241e-20,4.374106423913149e-15,3.4476128402647616e-07,1.9112387159735186e-06,6.175547436302673e-05,1.8492501004997795e-11,3.5457775437090454e-10,5.915054349536107e-15,4.2188479008382345e-14,9.904092189495668e-19,5.448663926038086e-09,1.543309771045309e-11,2.3112346928210636e-09,3.763471407982996e-11,1.1055373135306622e-26,4.9241663336672795e-12,2.521955478184014e-11,8.342929928933399e-15,2.959474089151247e-08,7.987750842822205e-11,1.4931389104249056e-15,4.444978897251838e-14,2.6159792189545074e-13,0.00032684587735671726,6.958416728921266e-09,1.0109304227673376e-07,2.2780993675217715e-10,3.254850281899476e-21,5.2423463846885065e-14,1.4402027498729232e-14,3.1782921179453877e-16,7.0340856467718215e-19,1.3660773951066715e-20,4.030133211997047e-06,8.897963254669607e-09,6.305498936085129e-08,3.446744319802817e-06,3.79444981174475e-18,9.491341976052984e-20,1.4438068694740748e-08,1.762109237238468e-06,7.386237682934589e-15,7.906688663525854e-15,1.7487536401746404e-17,2.2655354716867764e-16,0.0,0.0,9.949226402514768e-13,2.105904100115382e-14,1.6580838298158707e-19,1.0235575167947022e-14,1.1520419273727536e-27,2.448975342024791e-21,1.864143783190133e-27,4.096820488639333e-31,1.0003444863534595e-29,3.365358161354655e-09,4.159853383584874e-11,4.4695606396117784e-11,9.357387575473358e-18,1.4431134119440081e-18,9.37289564907616e-21,1.967868409840579e-11,1.7970789491105919e-10,4.783634422015089e-15,4.469181806311664e-18
378107.249324784,3.4847825829968115e-06,0.0001679505131593533,2.8146584631572654e-11,5.333824018950054e-14,9.982732306627763e-12,4.8981903604102816e-14,4.30886063699992e-12,1.9295099337261765e-13,6.767650411673645e-29,5.824408412705831e-22,2.7842314168990516e-31,3.455685782305927e-14,3.361468140096722e-15,1.8773735891707033e-21,2.2441982324037985e-17,2.044276609247175e-14,6.602207999056936e-32,1.260438378746122e-26,2.4441009033258365e-17,1.3715313463796595e-19,5.055278511905834e-22,4.43900755598939e-20,1.740135925306285e-10,3.680589517896145e-12,9.36631687186533e-12,1.8691874876371782e-11,7.43451302756667e-20,2.7993858626334397e-19,2.716572892221973e-12,5.820676661775664e-11,3.2147172718746568e-24,2.615385829694223e-28,1.889886616401188e-15,3.6101499549544114e-18,1.5432124200154664e-18,1.9346875667782224e-19,7.25656449792815e-16,4.577967915359661e-17,5.668230993343303e-17,3.331718674425206e-08,5.311441064111107e-13,8.362688056798578e-09,1.4806846840570849e-12,5.5438436858822985e-06,1.0843631843199864e-09,1.1925799974527866e-11,7.966474041556288e-13,1.9721657184934377e-14,0.0002496750906353248,0.5001559672503993,6.263121845364019e-05,0.24988693706207787,6.0021966955630565e-09,1.7431548428749466e-12,2.6752856794566977e-16,9.482183639439944e-14,7.349464336763646e-15,4.953323624941872e-17,5.4419666608432274e-17,1.705206536584301e-17,5.9110883724006226e-21,1.7820771344366044e-16,3.990218493673487e-07,1.1151962061892953e-08,1.3404005817216887e-15,4.847885556818512e-14,0.0,1.0676780926003944e-24,7.284101103530417e-24,1.6939046333873723e-07,2.270349460280843e-08,8.86503019899181e-19,1.4040487636826754e-17,5.799096010100855e-10,6.293557885804348e-13,1.440911751518917e-09,6.167349626795876e-12,1.7464084827999052e-11,5.327874627102329e-14,8.816205025849082e-09,1.75718173650398e-13,7.575575368221279e-19,2.0297064635534555e-17,8.413754735065946e-15,0.09998843834108022,1.156305173661534e-05,9.729963520772722e-11,4.663094101083456e-13,2.343633306143966e-18,1.7354831747796435e-11,1.0765425193513157e-12,2.3672450160678894e-17,8.654052733823217e-10,3.493364135498376e-19,1.280253402861648e-13,4.517217149889133e-13,1.1687627665281652e-22,1.1563261204724209e-20,8.988067063596367e-15,1.3781543895757257e-07,2.1181845610424216e-06,6.17286383638247e-05,2.1709986546403266e-11,8.705167256087824e-10,1.4623776038641045e-14,9.481874473835419e-14,3.0399323564189823e-18,6.203473482652413e-09,1.831975740332662e-11,2.444651125577909e-09,4.3742361365777595e-11,8.990827701910748e-27,4.642903930788697e-12,2.7629339885923738e-11,8.783976926675491e-15,5.0862321284606646e-08,1.4583459256339718e-10,1.4798135159392072e-15,7.980088420549669e-14,2.8128571123991676e-13,0.0003214897268437683,9.005796647629355e-09,1.802403322094952e-07,4.644046043372052e-10,4.764434021119626e-21,8.704202776656055e-14,3.769294175828008e-14,8.355357285889396e-16,1.938719960070728e-18,3.158344739875339e-20,6.082695803644914e-06,1.241521393789178e-08,9.887161208629725e-08,3.4108204150126624e-06,4.344463678498649e-18,1.1645193291854566e-19,1.55423935141266e-08,1.7585540964099319e-06,7.345794493910909e-15,6.9693905162263254e-15,2.469157947325641e-17,2.141891322366635e-16,0.0,0.0,9.011195154777665e-13,2.1505031527699393e-14,1.5245738095906998e-19,9.62935384466023e-15,1.0487331408836103e-27,2.356599237685508e-21,1.7662099410001845e-27,5.009077763076456e-31,9.395818792911886e-30,5.773195045095967e-09,6.444000755761232e-11,6.492819411507434e-11,1.9738624037124704e-17,1.2961629772228467e-18,1.31479253713487e-20,5.255810061145365e-11,2.535676891098339e-10,2.167740744641331e-14,2.594478450777594e-17
546774.9071395234,4.68045801185996e-06,0.0001614322087205091,2.4610418965845246e-11,5.2303749608236524e-14,9.20922850417907e-12,4.794948684181488e-14,4.543619954551562e-12,1.7965366365085884e-13,1.02447562735098e-28,5.954040651389597e-22,2.2096613625690415e-31,2.6277173643075864e-14,3.2836168467892427e-15,1.7754024914416352e-21,1.978056834082229e-17,1.7277898376443578e-14,2.609293376290988e-31,8.707006511351415e-27,3.213845785317323e-17,2.215579759081474e-19,1.4909740837445647e-21,7.873910256610348e-20,1.6852207456290765e-10,4.150233212492906e-12,9.0410656096824e-12,1.8009201248920665e-11,7.840807318101344e-20,3.166448989639416e-19,2.3781955194452814e-12,5.343154728847264e-11,4.7434409955793676e-24,3.6887537002886e-28,1.480854912442398e-15,2.7602224215531694e-18,1.6306337775508492e-18,2.0827981853092387e-19,5.436867399026473e-16,3.8721350403738766e-17,5.0430141951304364e-17,3.365642772808647e-08,5.49177696184337e-13,1.291411691731855e-08,1.6186516536149755e-12,1.0859853101150934e-05,1.4013485778820959e-09,2.969162458634161e-11,1.3768068002592123e-12,3.616274527809971e-14,0.000261969234022572,0.500302036332943,7.802467703462476e-05,0.24980505400780686,6.009633950597963e-09,1.3422094446003801e-12,2.39190922811751e-16,7.415957033114591e-14,6.902568483534867e-15,5.576450468150731e-17,6.391388662674345e-17,1.410240815542762e-17,4.2305828406359425e-21,1.7933850786140856e-16,4.90977740256086e-07,1.4589266036116748e-08,1.2173211634646363e-15,4.678491750603536e-14,0.0,1.5346090390608794e-24,9.258531961637334e-24,1.6155052174930448e-07,2.8304187785533756e-08,9.21627639346611e-19,2.7299430667820922e-17,2.411715694975764e-10,5.093152752097104e-13,1.2595940253037527e-09,6.595525359960231e-12,1.7790493415554186e-11,2.1782288451700515e-14,1.0539684304724884e-08,2.698336609836925e-13,1.3546791616276756e-18,1.8505870687227948e-17,1.4574336121303293e-14,0.09998507863861548,1.492275305521247e-05,9.844591223438245e-11,4.985446135294861e-13,2.9196207482817297e-18,1.7946585510749593e-11,1.3461394647185586e-12,3.907815804796445e-17,1.074399978108349e-09,1.1828386682653587e-18,1.2923030811898793e-13,5.973754284854627e-13,1.762971059900386e-22,9.878677448550467e-21,1.6308840530379695e-14,3.8171644454106524e-08,2.2178283555458897e-06,6.17005811712137e-05,2.63597173270127e-11,1.937076138734596e-09,3.721860459713732e-14,2.2498296963122285e-13,7.234503526115074e-18,7.076863068227319e-09,2.2332220027518222e-11,2.6593581701343756e-09,5.234907877456252e-11,7.435292635640504e-27,4.56249299093733e-12,3.150403394431493e-11,9.731926880760404e-15,7.123301531834005e-08,2.1774712737922248e-10,1.4794506054954132e-15,1.2823549930395742e-13,3.0440767064521647e-13,0.00031376524373705677,1.101499085922722e-08,2.617239716744431e-07,7.745068019225715e-10,5.731502594381804e-21,1.1919471121610377e-13,7.854315399744266e-14,2.029517447279438e-15,4.983482188053431e-18,5.901370409859057e-20,8.195453949174024e-06,1.639357500247002e-08,1.4335079895057415e-07,3.3662143064620485e-06,4.54186294759655e-18,1.730474096257727e-19,1.8955736577605842e-08,1.7528490913884816e-06,6.691001685334821e-15,6.053718413771433e-15,3.1742402456713376e-17,1.8779088161650323e-16,0.0,0.0,7.888871163593958e-13,2.3645302795307608e-14,1.5362843288709221e-19,9.144828315231182e-15,9.46777122415201e-28,2.4685238552195833e-21,1.477134479324042e-27,5.155755593251595e-31,9.347654134906427e-30,8.020988870971975e-09,8.857680042441535e-11,8.477167753553124e-11,4.2170487704750335e-17,1.1320971163546353e-18,1.7514473453819404e-20,1.1028517082787178e-10,3.218912396155099e-10,6.475326038209398e-14,9.477183238415331e-17
790682.5367969447,6.56736323257578e-06,0.00015192483063808493,1.9461445288419546e-11,4.792986415501747e-14,7.950601445820473e-12,4.4384043821824475e-14,3.913646759559683e-12,1.621664538908322e-13,8.943652066525806e-29,3.8837526581069367e-22,1.7129169504094622e-31,1.8789722874065545e-14,3.137544617135584e-15,1.6797083847068482e-21,1.735325543020336e-17,1.3717350156944714e-14,6.839109403494977e-31,5.2729814123257074e-27,3.199311104402825e-17,2.4721505148871407e-19,3.297436365207209e-21,9.592198067601977e-20,1.6285182371964277e-10,4.9518997827915294e-12,8.737551432305649e-12,1.7350829848314196e-11,7.160167131327784e-20,3.442314098638738e-19,2.1711647905654717e-12,5.027347800489823e-11,5.4009851042648955e-24,4.318684904704764e-28,9.850508636141983e-16,2.2593088287690725e-18,1.6809498131344432e-18,2.213798107645676e-19,4.2856054404006456e-16,3.495415264537185e-17,4.670254857883962e-17,3.376605014828543e-08,5.860907316804264e-13,1.7733880025060353e-08,1.7277402289659164e-12,1.8474337529221928e-05,1.586940207872011e-09,5.753305296479007e-11,1.8967603049558372e-12,5.1721213531144726e-14,0.0002680937457398693,0.500562892303585,9.124651058054282e-05,0.24966709051223052,6.013822283683134e-09,1.2400775626586384e-12,2.268972770320656e-16,6.229626618399603e-14,6.650279915306327e-15,6.05776780134431e-17,6.90905496537414e-17,1.249323297929508e-17,3.274136885513802e-21,1.909917131972648e-16,5.676028267925687e-07,1.7667755744539186e-08,1.1340423595633366e-15,4.573464688819935e-14,0.0,1.9790483510367358e-24,9.450537424324682e-24,1.5777212137657852e-07,3.347910594765519e-08,9.65565410870739e-19,3.619885612282913e-17,1.316415052024996e-10,4.821782177029736e-13,1.122603644418505e-09,6.886733686017171e-12,1.8137535138941337e-11,1.0816682364629469e-14,1.1531848894432198e-08,3.476732471818981e-13,2.2064004790149443e-18,1.750601137089185e-17,2.0293669543166494e-14,0.09998266481257904,1.7336578283288234e-05,9.925427388112742e-11,5.203867342749812e-13,2.981039351395774e-18,1.8994332552877676e-11,1.5843614955639689e-12,5.621649570639573e-17,1.1963953244522793e-09,2.5075712187019064e-18,1.2895273982860265e-13,7.213020632301347e-13,2.2435777580260123e-22,8.893757589521041e-21,2.432614134013573e-14,1.0614076872364094e-08,2.245385923127632e-06,6.167826474107414e-05,3.0556588363819247e-11,3.761085489233783e-09,8.016742574951214e-14,4.686462317058439e-13,1.3590681714116701e-17,8.050036504505942e-09,2.6232138340927184e-11,2.9493673920899805e-09,6.125493277847136e-11,6.989064480978127e-27,4.792379385335544e-12,3.600487003739905e-11,1.103195232222495e-14,8.38766800186949e-08,2.7204968631686543e-10,1.5080114769701645e-15,1.7910604096289234e-13,3.3591852641979423e-13,0.00030426226564514224,1.2548406995898575e-08,3.1316541090589355e-07,1.0447986033773074e-09,6.273327723174079e-21,1.385656524617326e-13,1.2998172432962346e-13,3.4974110122478445e-15,9.113829697959355e-18,8.596177382975145e-20,9.875074895116133e-06,1.989789267026275e-08,1.8052174507882063e-07,3.328927272593713e-06,4.5418172104805566e-18,2.4323152331141475e-19,2.288355840407578e-08,1.7475586256811923e-06,5.810402323249873e-15,5.430591731898751e-15,3.3272477433715556e-17,1.5797973477005146e-16,0.0,0.0,7.148524053682539e-13,2.637316189789005e-14,1.6540758915824234e-19,8.904154782346823e-15,9.169812185112267e-28,2.689052121182154e-21,1.2746223368488772e-27,5.173143907026909e-31,9.817062221539811e-30,9.348135417225373e-09,1.0806183688115451e-10,1.0085702112534212e-10,7.63041909773994e-17,1.0354720592925846e-18,2.1402601100154165e-20,1.7217849177919792e-10,3.7527135263996063e-10,1.232723849326757e-13,2.0893792380627902e-16
1143393.4985537303,9.42834205337652e-06,0.00014019096346547103,1.606898766557948e-11,4.360048283365826e-14,7.0331991660829985e-12,4.137289112515361e-14,3.1642880626013067e-12,1.5241146349588516e-13,6.855210429210883e-29,2.4378684137949136e-22,1.4914123326604757e-31,1.5107249541219214e-14,2.9878136269705644e-15,1.5912512285825696e-21,1.6463029913999805e-17,1.1331574296575343e-14,1.3502419635865879e-30,4.12972179806047e-27,2.855912497663751e-17,2.0222558109467596e-19,5.54629957630635e-21,9.579389203420577e-20,1.5904372011576882e-10,6.299671242516262e-12,8.574677199370864e-12,1.6948299166252237e-11,6.045267903014207e-20,3.751022205235438e-19,2.0968216284346895e-12,4.964989091644488e-11,5.320411624909337e-24,4.637507531388793e-28,7.930122207429279e-16,2.1279154773296635e-18,1.797775795996608e-18,2.442556697102261e-19,3.8481030478765894e-16,3.497328889986235e-17,4.6387176126674765e-17,3.378312269333766e-08,6.193067297644544e-13,2.2084941383857908e-08,1.7326126508228623e-12,2.7342321801505697e-05,1.6378031846766316e-09,9.182672748594556e-11,2.1044044389753234e-12,5.922454537913462e-14,0.0002649177201892615,0.5009923452937298,9.988748720052745e-05,0.2494473914550277,6.009885368360239e-09,1.3017053506667836e-12,2.323450795416668e-16,5.759324427268802e-14,6.810760966162697e-15,6.60535998282434e-17,7.110333547446381e-17,1.2174587643774349e-17,2.9882840189275768e-21,2.0953685802248138e-16,6.266140696391837e-07,1.9843713886393936e-08,1.0879673995053253e-15,4.568207666979743e-14,0.0,2.3260086398851536e-24,9.148521667202692e-24,1.5920362926419456e-07,3.80218876502487e-08,1.0208633958049877e-18,3.8727273777341704e-17,1.1445562250180419e-10,5.006720801071651e-13,1.058423112898878e-09,7.035139627058331e-12,1.873296450097893e-11,9.328718294056075e-15,1.2041425497343013e-08,4.1057368128935963e-13,3.387672177318697e-18,1.7179370798664442e-17,2.347453798502848e-14,0.09998274143620564,1.7259954739892297e-05,9.917110009703556e-11,5.31483240807494e-13,2.9472850379268073e-18,1.986222092879129e-11,1.7963167856626472e-12,6.874653364128177e-17,1.2316663393425866e-09,3.829686968574414e-18,1.2708399794153884e-13,8.030192522498127e-13,2.4939502805925227e-22,8.588886376885549e-21,3.039543510775585e-14,7.051915880706167e-09,2.248948084119289e-06,6.166007839501524e-05,3.2298421414222893e-11,6.440241130634469e-09,1.344456038537305e-13,7.933600048686911e-13,2.1394528208065422e-17,8.75639194084828e-09,2.8369095535249636e-11,3.2003645110142586e-09,6.738686216150211e-11,7.39952222329655e-27,5.172430391118204e-12,4.0051843734851156e-11,1.2541474223050486e-14,9.140299668357414e-08,3.123841671687997e-10,1.5173566785539758e-15,2.1250252727380315e-13,3.690409367660982e-13,0.0002941071660136446,1.3290642939579539e-08,3.3761055628409217e-07,1.2394372809026066e-09,6.858450407799813e-21,1.5130790866429256e-13,1.807896781058914e-13,4.400504416880909e-15,1.2135262160998328e-17,1.0674551727856073e-19,1.1034968133138844e-05,2.2153496727101538e-08,1.982793618184958e-07,3.3110813579088676e-06,4.4118070399664325e-18,2.9153617884004055e-19,2.6284579846607768e-08,1.7432631074911518e-06,5.3520360312150596e-15,5.165419698377769e-15,3.0641575728137564e-17,1.4106790932963527e-16,0.0,0.0,6.849910997777078e-13,2.92001121869264e-14,1.8297090790015472e-19,8.980880948600322e-15,9.781833900123228e-28,3.0104098130170694e-21,1.2705302122993223e-27,5.665663269203248e-31,1.1075159154364812e-29,1.0212713892520428e-08,1.2294197097025818e-10,1.1592282523033388e-10,1.1104053470257903e-16,1.0069413239688375e-18,2.448689645610828e-20,2.1296154725542e-10,4.223669871614489e-10,1.7079648424754033e-13,3.1772830092729633e-16
1653443.236309495,1.3456853547059874e-05,0.00012663307286100243,1.5056729724827267e-11,4.120652753578022e-14,6.9124203455222354e-12,4.080310232696595e-14,2.9950171298413555e-12,1.5736762894276208e-13,7.401055622448229e-29,2.2730340533844784e-22,1.5430185635991117e-31,1.4820227620165563e-14,2.827859064701116e-15,1.4746472805119138e-21,1.7856359766545602e-17,1.0571318451025354e-14,2.59206427378069e-30,4.450719429611128e-27,3.010988804270979e-17,1.5486806223934383e-19,7.635245287558406e-21,1.0757638008545242e-19,1.5861864891786756e-10,8.439871696364012e-12,8.633909688094194e-12,1.6964222530673085e-11,5.556130136746073e-20,4.2646682773124993e-19,2.1600392708462246e-12,5.214181850457362e-11,5.250007093657842e-24,5.462412661204714e-28,7.836308024961333e-16,2.2908212488003642e-18,2.0870408532971627e-18,2.91644744063315e-19,3.9001582830161056e-16,3.9375727226917676e-17,5.0114668217898017e-17,3.3782845885524856e-08,6.29851866249734e-13,2.590029667551324e-08,1.630049269702407e-12,3.686746775284636e-05,1.608015355889568e-09,1.3402863634203537e-10,2.246291906679353e-12,6.265375297224693e-14,0.00025213867815812325,0.5016509730354028,0.00010328348698466071,0.24911585177925918,5.99715786881094e-09,1.404581974778697e-12,2.5882272860786835e-16,5.90872779400194e-14,7.622391029757312e-15,7.518464038864889e-17,7.673526241741779e-17,1.3165652291205935e-17,3.2000409637740135e-21,2.408388214743077e-16,6.780684658810636e-07,2.1110509356772033e-08,1.0677232295243371e-15,4.6524219480113985e-14,0.0,2.7883556659976123e-24,9.717710360880235e-24,1.6633129426596688e-07,4.244416222329229e-08,1.1212420247962284e-18,4.584188427401211e-17,1.1460478430695342e-10,5.148963271276974e-13,1.0326426801531165e-09,6.990944081898553e-12,1.9533445010415494e-11,9.574241179469422e-15,1.2486782145741656e-08,4.843829395130033e-13,5.08549129870971e-18,1.7721212776875284e-17,2.605428062348553e-14,0.09998536050141854,1.4640890530610427e-05,9.816750599988113e-11,5.280359658486315e-13,3.1346529529051024e-18,2.0600073793172244e-11,2.0226081606077554e-12,7.83598598460233e-17,1.2148140569072705e-09,5.351454065989661e-18,1.2312567165032956e-13,8.904799304699297e-13,2.792796948048439e-22,8.836588764772368e-21,3.5413646159311316e-14,6.838235368952213e-09,2.2491617646310457e-06,6.1639573549044e-05,3.1477960470197496e-11,1.022260662217819e-08,1.8052496223676e-13,1.1238578593080492e-12,3.017831632164699e-17,9.11343919610358e-09,2.8441209654587876e-11,3.4084443471713864e-09,7.02951865958178e-11,8.911145958651652e-27,5.740978521282708e-12,4.3841546769854736e-11,1.4526938638083404e-14,9.993386871546383e-08,3.5793163219328035e-10,1.5128129666766423e-15,2.3394343086169416e-13,4.050914676846333e-13,0.00028355516505034866,1.3217868915521044e-08,3.599465472267408e-07,1.4263810695981941e-09,8.13973673023455e-21,1.7080679229921444e-13,2.2941747561737704e-13,5.213492915401651e-15,1.5154895855729554e-17,1.35207931871946e-19,1.1948359542443086e-05,2.3078771555901914e-08,2.0597166234619216e-07,3.3033008778943506e-06,4.316715172383498e-18,3.493704000602026e-19,2.992283946670707e-08,1.7383517498134893e-06,5.718597328884201e-15,5.238126103935084e-15,3.3487546335649514e-17,1.4526751857463594e-16,0.0,0.0,6.897266185994523e-13,3.2919347362942903e-14,2.1307182281899868e-19,9.396842408318182e-15,1.170256647438634e-27,3.561150538242977e-21,1.4696153768003271e-27,6.86899417697077e-31,1.3796899848837942e-29,1.1450727185565502e-08,1.3776551947269263e-10,1.3617468106809502e-10,1.5412932600130711e-16,1.0317609551368174e-18,2.8722616864016177e-20,2.436507694239252e-10,4.795157856626888e-10,2.1654944691973228e-13,4.231202214380967e-16
2391018.0870852144,1.874168758268091e-05,0.0001107123133709427,1.5623485551866094e-11,4.04566452960706e-14,7.506085406813634e-12,4.2653617283087474e-14,3.3857705245815697e-12,1.777169303531776e-13,1.0812129773197294e-28,2.8990088749427803e-22,1.8555709311294807e-31,1.6889294397018587e-14,2.6794260604240543e-15,1.38134878868106e-21,2.1883517059031018e-17,1.0882215283677056e-14,5.8299356739830085e-30,6.174307764691663e-27,4.1163169698984116e-17,1.5664909864354138e-19,9.732808178607682e-21,1.4792631227370765e-19,1.6210456609251935e-10,1.1652294251637546e-11,8.93695995107717e-12,1.744959827521512e-11,6.312195768928174e-20,5.138303160205179e-19,2.36039304149193e-12,5.8017447808450526e-11,6.1317719473091315e-24,7.69154847046348e-28,8.93836463459642e-16,2.790544594698197e-18,2.6535301414193015e-18,3.8073417047726036e-19,4.3209361103976204e-16,4.914790156480277e-17,5.838983908510936e-17,3.377797054997946e-08,6.238153475397769e-13,2.9926044758996366e-08,1.4899281953445092e-12,4.7498973091602805e-05,1.5213886572491034e-09,1.920923313912379e-10,2.5355914323882756e-12,6.685530749714396e-14,0.0002326101194286922,0.5026129698118426,0.00010286895849223394,0.24863452581163134,5.980701106178432e-09,1.5381105854181224e-12,3.129180113369205e-16,6.599062449062792e-14,9.300839165014353e-15,9.082248693217886e-17,9.193510705242456e-17,1.557392181455572e-17,3.879507109039423e-21,2.9862063923976976e-16,7.339359260975443e-07,2.1808989813971174e-08,1.0560731653293205e-15,4.7913119161383663e-14,0.0,3.683016017024239e-24,1.1310454375214545e-23,1.7888313592027339e-07,4.7439409373031034e-08,1.3004443200680196e-18,6.65358152851131e-17,1.1934632035641354e-10,5.212037311061309e-13,1.0426446748272812e-09,6.923298311639081e-12,2.0930226841211932e-11,1.021706791878958e-14,1.2935439388464201e-08,5.850134774450336e-13,7.699366489740538e-18,1.9305730810198263e-17,3.008176760608064e-14,0.09998855499481593,1.144639837222314e-05,9.692838193814149e-11,5.228334859380326e-13,3.632059804688009e-18,2.1900942189563315e-11,2.306881475839945e-12,9.281650603195553e-17,1.1607223817707813e-09,7.893724434030386e-18,1.1698532760932326e-13,1.0386227291289108e-12,3.464509495833202e-22,9.446755540283042e-21,4.1963758285379606e-14,6.768124782263336e-09,2.249231875217736e-06,6.161138411466055e-05,2.986589272570916e-11,1.5861168332394935e-08,2.1977398358103983e-13,1.4979012072601164e-12,4.132959181522722e-17,9.500382599065316e-09,2.783458701863385e-11,3.705613701726578e-09,7.294045140059066e-11,1.2380696567982346e-26,6.73875183464009e-12,4.9216736824558445e-11,1.7791925798811546e-14,1.1205401895435736e-07,4.196846510520143e-10,1.5392276016337018e-15,2.678077866754261e-13,4.600978810617158e-13,0.0002718833663592963,1.258504047973175e-08,3.907949767922188e-07,1.6597475544810072e-09,1.0703445414728396e-20,2.0364461222713134e-13,2.8483193023116467e-13,6.660205224365367e-15,2.0384974328906628e-17,1.9260153834607447e-19,1.2850788150902333e-05,2.3120718012764567e-08,2.1639054084660448e-07,3.292761004535357e-06,4.376769525083561e-18,4.62398758268619e-19,3.4613005001013884e-08,1.7316591248091405e-06,6.9996270903385415e-15,5.586895171163339e-15,4.6478053382109785e-17,1.7038623042645313e-16,0.0,0.0,7.176302362059176e-13,3.844122035153718e-14,2.646158854321831e-19,1.0126674318994828e-14,1.5565440794795224e-27,4.4990203172613345e-21,1.909599551285401e-27,9.07966418655566e-31,1.898881258100059e-29,1.3405089811949098e-08,1.5569127267563716e-10,1.6630987103365966e-10,2.3125915704758367e-16,1.0999091941917475e-18,3.6825863444238755e-20,2.861300526987315e-10,5.574224818920578e-10,2.873825170650504e-13,5.740466295543013e-16
3457613.4016726078,2.5195858546164963e-05,9.32596319811392e-05,1.733839174892074e-11,4.136321620142622e-14,8.772490508673403e-12,4.727093375427049e-14,4.163226053131677e-12,2.1627846663760883e-13,1.8699776396141812e-28,4.363414771064696e-22,2.4998820345242997e-31,2.0831252505631302e-14,2.5520740256011185e-15,1.346013132645228e-21,2.942456000471684e-17,1.1825806524273734e-14,1.5945400858147803e-29,1.026428980015738e-26,6.178111333952064e-17,2.1235896852900007e-19,1.317356069133688e-20,2.214357435403899e-19,1.708896820711085e-10,1.616931047442488e-11,9.548586031430126e-12,1.8557687465873583e-11,8.438369753793171e-20,6.561989763184308e-19,2.711849737111139e-12,6.787428072782862e-11,9.432995822785242e-24,1.2264982222553553e-27,1.122020575128415e-15,3.7527301406497595e-18,3.643000970796584e-18,5.36899427765467e-19,5.073389447648797e-16,6.603222157982747e-17,7.213138011826978e-17,3.377263297392079e-08,6.125254179121566e-13,3.465384520231653e-08,1.3713825301840023e-12,5.849248531284829e-05,1.3925336315022212e-09,2.696169466982893e-10,2.971297198786113e-12,7.188502591006487e-14,0.00021084030886931563,0.5039852143517368,0.00010077702245725946,0.24794883953099542,5.9637707782479675e-09,1.7013042285263261e-12,4.081974651074631e-16,7.83447630096453e-14,1.2181846926463217e-14,1.165906213526954e-16,1.2001926219121382e-16,1.9697467007031574e-17,5.098697449728681e-21,4.013485563794342e-16,8.018722576044376e-07,2.23613905527457e-08,1.040436283870527e-15,4.9476867764975355e-14,0.0,5.237170761838265e-24,1.36452907250974e-23,1.954479792529634e-07,5.351734854629392e-08,1.56463723033651e-18,1.0719053511006023e-16,1.2452917857843356e-10,5.240178542907982e-13,1.0858701572429034e-09,6.974731151212343e-12,2.3202609608930864e-11,1.1269950188376389e-14,1.326115220125516e-08,7.138584690900701e-13,1.1959736256789677e-17,2.2081508050832548e-17,3.560407910088008e-14,0.09999077868266727,9.222711469881513e-06,9.597938258046777e-11,5.266582753900898e-13,4.4824490094785976e-18,2.4488351927200667e-11,2.6815099148257184e-12,1.1850449186832735e-16,1.0777955175550088e-09,1.233097827682238e-17,1.0946713415201944e-13,1.259830021708345e-12,4.618978586600266e-22,1.0224407807111494e-20,5.138650066604663e-14,6.723314703230344e-09,2.2492766852967675e-06,6.157223010900105e-05,2.911038120216028e-11,2.4488325165245853e-08,2.750651503811183e-13,2.094318610939914e-12,5.679971071283449e-17,1.0328514938165325e-08,2.7981130520332154e-11,4.236190236479037e-09,7.852361972671679e-11,1.970957319391875e-26,8.464538577463718e-12,5.829625473517041e-11,2.340775429401165e-14,1.2772084216093313e-07,5.003277981523191e-10,1.6411614991348278e-15,3.307536079590984e-13,5.53434872339548e-13,0.0002597052251098948,1.176120724072287e-08,4.301006067759872e-07,1.9605054482662113e-09,1.5294044717489434e-20,2.5097644351530166e-13,3.5524866947519967e-13,8.98549320656666e-15,2.899253812157306e-17,3.0334015653344065e-19,1.3863784394810187e-05,2.288505189734437e-08,2.3178679613476753e-07,3.27719904358031e-06,4.50530575480513e-18,6.575325084729896e-19,4.068825663778971e-08,1.722855835302257e-06,9.372836624198024e-15,6.179111042585522e-15,7.300066486552823e-17,2.1869244533609511e-16,0.0,0.0,7.561590161807996e-13,4.634732305456069e-14,3.446587933483805e-19,1.108449174224174e-14,2.208517912575123e-27,5.968180733403267e-21,2.6417393666814646e-27,1.261250524035032e-30,2.7919553063871436e-29,1.6068679750510598e-08,1.7773354991932506e-10,2.086649499204404e-10,3.7352523560141187e-16,1.1998284423765837e-18,5.108056978293767e-20,3.477158259637149e-10,6.605991350649054e-10,4.0064553466052136e-13,8.08504666679973e-16
4999999.999999989,3.2275147125533793e-05,7.74967890789655e-05,2.0570044545802955e-11,4.494301809057958e-14,1.0950549409116857e-11,5.5978928306509193e-14,5.393003901230199e-12,2.8070537383935834e-13,3.559207616302151e-28,7.228735149919656e-22,3.636395960490523e-31,2.7239244887010594e-14,2.4699516414122033e-15,1.368912858120681e-21,4.21781032969371e-17,1.3541581438603239e-14,4.9523888368178287e-29,1.926934143020719e-26,9.293874636044733e-17,3.353679931968126e-19,2.0715205068676125e-20,3.4135984222957222e-19,1.8638116386169218e-10,2.1792385392084777e-11,1.0530892977754887e-11,2.0469040701639524e-11,1.2224351910770534e-19,8.678935490159788e-19,3.2328856163873275e-12,8.22444793220088e-11,1.8495349570671794e-23,2.0747549252265793e-27,1.4966571089964146e-15,5.347288732718882e-18,5.201929872499103e-18,7.852842193564618e-19,6.177263200423757e-16,9.160627120252218e-17,9.200717864028825e-17,3.3768184730327935e-08,6.0083360301725e-13,4.0114371235756024e-08,1.2909402303788808e-12,6.717043595086907e-05,1.255838463220723e-09,3.552298142428627e-10,3.5435705277326076e-12,7.734043551613477e-14,0.00019113388147087265,0.505932798021536,9.804546410278219e-05,0.24697575927974977,5.9444838740150026e-09,1.8718531615151015e-12,5.575748286138813e-16,9.711793052391966e-14,1.6627051154212094e-14,1.5547719477393677e-16,1.6446290909343837e-16,2.5831367183941303e-17,6.976363475697854e-21,5.596550447724214e-16,8.774367189664508e-07,2.2908644823858373e-08,1.0192832175651353e-15,5.0812880828074094e-14,0.0,7.538458137403729e-24,1.6416638923388542e-23,2.1310025275220254e-07,6.024532305426338e-08,1.888123854845702e-18,1.802830400734942e-16,1.2881784259269123e-10,5.247403148088953e-13,1.1569684427463871e-09,7.1621741952351036e-12,2.6184929700290075e-11,1.2835015340753465e-14,1.3418555263418136e-08,8.58922791238695e-13,1.912432166269108e-17,2.6176758507192258e-17,4.2128100508279074e-14,0.09999198603354235,8.015361275333419e-06,9.529885923927084e-11,5.406334129884963e-13,5.747975578359509e-18,2.84612386575438e-11,3.1288561875927592e-12,1.5779031615187043e-16,9.87231528605238e-10,1.922522442284893e-17,1.017775746432083e-13,1.5348526451066776e-12,6.253522638356862e-22,1.0991891874776563e-20,6.357483828004201e-14,6.707326566996278e-09,2.249292673433001e-06,6.152154878392222e-05,2.95089851390031e-11,3.705233806751873e-08,3.6425867850614285e-13,3.0912153661908233e-12,7.726998841768026e-17,1.1631645787285128e-08,2.912008283107877e-11,5.0061131281067725e-09,8.729364735666438e-11,3.3947408959895643e-26,1.0990050406212492e-11,7.121354665521798e-11,3.174358614677713e-14,1.4554016037106043e-07,5.938512827099439e-10,1.8302238270794777e-15,4.280251805474709e-13,6.870838720908998e-13,0.0002497505870900116,1.100958890361406e-08,4.7638907213623155e-07,2.3172417604662128e-09,2.291003075308413e-20,3.1053028263137355e-13,4.4201754442742383e-13,1.2324235544988027e-14,4.173475513861122e-17,4.974982552746095e-19,1.4943861539592514e-05,2.268305947161909e-08,2.5060032764602303e-07,3.258184801583022e-06,4.6449051356173296e-18,9.567797802361407e-19,4.7733031888834905e-08,1.7125961918364492e-06,1.323835083131385e-14,7.030995579433436e-15,1.2082461442276643e-16,2.995288189205252e-16,0.0,0.0,7.954164371365039e-13,5.624295105895074e-14,4.517700914252916e-19,1.2106384391103857e-14,3.149712071653092e-27,7.958359523577085e-21,3.673568668313143e-27,1.7478935073986855e-30,4.1171594505693277e-29,1.9207242185399758e-08,2.0212519103548207e-10,2.6052383143678925e-10,6.095135642651909e-16,1.3205211896174151e-18,7.329967912884011e-20,4.264469961158083e-10,7.81316642112824e-10,5.624273301382246e-13,1.1360812297831625e-15
