time_years,C,C+,C2,C2+,C2H,C2H+,C2H2,C2H2+,C2H3,C2H4,C2H5,C2N,C2N+,C2N2+,C2NH+,C3+,C3H2,C3H5+,C3N,C4H,C4N,C4N+,CH,CH+,CH2,CH2+,CH2CO,CH2OH,CH3,CH3+,CH3CCH,CH3CHO,CH3CN,CH3CNH+,CH3OH,CH3OH2+,CH4,CH4+,CH5+,CL,CL+,CN,CN+,CO,CO+,CO2,CS,CS+,E-,H,H+,H2,H2+,H2CL+,H2CN,H2CO,H2CO+,H2COH+,H2CS,H2CS+,H2CSH+,H2NO+,H2O,H2O+,H2S,H2S+,H2S2,H2S2+,H2SIO,H3+,H3O+,H3S+,HC3N,HCL,HCL+,HCN,HCN+,HCNH+,HCO,HCO+,HCO2+,HCOOH,HCS,HCS+,HE,HE+,HEH+,HNC,HNCO,HNO,HNO+,HNS+,HOC+,HOSO+,HS,HS+,HS2,HS2+,HSO+,MG,MG+,N,N+,N2,N2+,N2H+,NCCN,NH,NH+,NH2,NH2+,NH2CHO,NH3,NH3+,NH4+,NO,NO+,NO2,NS,NS+,O,O+,O2,O2+,O2H,O2H+,OCN,OCS,OCS+,OCSH+,OH,OH+,S,S+,S2,S2+,SI,SI+,SIC,SIC+,SIC2,SIC2+,SIC3,SIC3+,SIH,SIH+,SIH2,SIH2+,SIH3,SIH3+,SIH4,SIH4+,SIH5+,SIO,SIO+,SIOH+,SIS,SIS+,SISH+,SO,SO+,SO2,SO2+
0.0,1e-10,0.000177,0.0,0.0,0.0,0.0,0.0,0.0,0.0,0.0,0.0,0.0,0.0,0.0,0.0,0.0,0.0,0.0,0.0,0.0,0.0,0.0,0.0,0.0,0.0,0.0,0.0,0.0,0.0,0.0,0.0,0.0,0.0,0.0,0.0,0.0,0.0,0.0,0.0,0.0,3.39e-08,0.0,0.0,0.0,0.0,0.0,0.0,0.0,0.0001823239,0.5,0.0,0.25,0.0,0.0,0.0,0.0,0.0,0.0,0.0,0.0,0.0,0.0,0.0,0.0,0.0,0.0,0.0,0.0,0.0,0.0,0.0,0.0,0.0,0.0,0.0,0.0,0.0,0.0,0.0,0.0,0.0,0.0,0.0,0.0,0.1000000014901161,0.0,0.0,0.0,0.0,0.0,0.0,0.0,0.0,0.0,0.0,0.0,0.0,0.0,0.0,2.256e-06,0.0,6.18e-05,0.0,0.0,0.0,0.0,0.0,0.0,0.0,0.0,0.0,0.0,0.0,0.0,0.0,0.0,0.0,0.0,0.0,0.0,0.000334,0.0,0.0,0.0,0.0,0.0,0.0,0.0,0.0,0.0,0.0,0.0,0.0,3.51e-06,0.0,0.0,0.0,1.78e-06,0.0,0.0,0.0,0.0,0.0,0.0,0.0,0.0,0.0,0.0,0.0,0.0,0.0,0.0,0.0,0.0,0.0,0.0,0.0,0.0,0.0,0.0,0.0,0.0,0.0
1e-09,1.0000000001656891e-10,0.000177,6.766636708587474e-40,1.4459053827681978e-33,1.2431491202042214e-51,6.2821532623457324e-43,1.1072992680073617e-66,1.816044863545547e-54,-1.7516054280507372e-124,-8.869946353173258e-104,-1.317356126293211e-116,1.3729223514214182e-68,4.267039340265998e-59,-3.9104218476748264e-85,-2.217648885353245e-70,7.287309792273694e-64,1.6227691185693193e-145,-1.2545441023827705e-126,-3.25337843583388e-97,-2.757546841457498e-116,-8.274678111905088e-133,-7.282761604444318e-117,1.5768165571530066e-29,4.865989973103351e-23,7.884000000636492e-30,3.226490607261905e-22,-1.73241615865201e-102,-3.875181638324471e-99,9.826721802846568e-49,2.035012155815411e-33,-2.1807504356871074e-138,-4.395449024871838e-132,-4.3902719692428275e-99,-8.331670925807738e-88,-3.875181638324304e-99,-2.5017020956158285e-86,-1.0817389716289627e-64,-2.8876818150384033e-63,2.922816829004001e-51,9.018844574569458e-25,3.3899999999732734e-08,1.8919173768097296e-34,2.922548222510992e-28,4.582722886761017e-34,4.583582746796357e-27,3.651818799614803e-61,3.515047701121481e-50,6.589865299769923e-36,0.00018232390000000003,0.5,2.2707506236562165e-20,0.25,2.2251353489578717e-20,1.3696395429499104e-30,-2.297135202686966e-65,-3.168434344103554e-64,2.85797758370923e-49,-5.6583423292673266e-68,-2.5689397478872225e-80,-5.056913123945234e-66,-1.1282954472319537e-72,-4.763174944426215e-85,4.355819602962821e-41,3.6620907879868205e-45,1.317035570543535e-40,2.870053426577427e-25,0.0,-1.5843997891285547e-74,-5.941851899933058e-93,1.824468577491256e-31,-1.169842311525326e-56,6.222169841724193e-42,-3.0985858465880207e-103,1.282473836906309e-41,2.6726759999740854e-19,2.942241125873237e-46,7.032213168533018e-38,1.6632590586517967e-49,2.0802112371501194e-45,1.2879777256709056e-36,-1.3553063656070258e-70,-3.862655222047867e-100,3.685452523092646e-62,9.398562095456425e-46,0.1000000014901161,4.821126661314238e-21,4.5611912771554354e-33,2.9420360213343997e-46,-1.6088609907005027e-82,8.378245316016924e-81,-4.034319228807896e-61,-2.6342041834993975e-78,1.3551362390796816e-38,-4.167003903504555e-100,1.3557889084698514e-37,2.3092790704558202e-35,-4.00884351794976e-86,1.0061028991322597e-57,-4.295391024782684e-77,2.2559999999999857e-06,1.4313258957161696e-20,6.18e-05,1.2376202811036157e-23,1.7840775795234598e-50,1.737613605814088e-43,9.13288935601432e-55,-1.466665025868997e-91,3.2996679291818354e-45,7.592303659003998e-35,-3.8989813309050115e-70,2.1947831417917776e-46,-9.43142557061776e-149,-9.741343286263674e-74,-1.5493051653541081e-58,-1.0175855046363405e-72,4.223808707861401e-40,1.6750884279223944e-45,-3.721641111284968e-98,8.807768757642726e-54,2.2094397288171436e-40,0.000334,1.718515049290535e-22,1.2923770934860912e-28,2.1029772148043846e-46,-1.044373499654061e-86,5.743605967871926e-59,1.3513916367756566e-61,-8.531388263204793e-78,1.649921329871765e-62,-1.7897308186733728e-91,7.292090122391892e-24,1.0903226840349766e-33,1.933020407784883e-22,3.51e-06,3.6970431454636613e-65,3.140744499935858e-57,4.160687282084075e-22,1.7799999999999997e-06,7.760531105123568e-51,4.1166372035659436e-46,-1.714875429774641e-98,2.326101071323296e-68,0.0,0.0,1.9887947645746954e-38,3.3687427647089415e-25,1.5055590952486319e-56,4.210055999993356e-26,-5.431439092765756e-77,4.780650232275618e-44,-5.4314390927658306e-77,-8.753404007118814e-106,1.3762678171921977e-64,4.567154075190831e-44,1.9092670116635293e-29,1.6376981359276932e-40,6.451999576360803e-62,3.0819935615706533e-55,9.410275735559411e-59,5.985235740583241e-49,7.382550433990468e-40,8.836852851917889e-70,-3.95041145196959e-87
1.4460841682246074e-09,1.0000000002396001e-10,0.00017699999999999997,9.78512621714961e-40,2.090900882915386e-33,2.5996229953467007e-51,1.313698398304101e-42,3.349092650364052e-66,5.491706112130332e-54,-3.28289423317979e-124,-1.8616730694793204e-103,-2.830660168633579e-116,4.151706939526836e-68,1.2903495103521938e-58,-1.849038987061283e-85,-1.047104108083757e-70,2.2036770402283516e-63,4.3801621252860055e-145,-2.849542421203713e-126,-1.5383566862436248e-97,-5.0725536740048655e-116,-1.6498999604025033e-132,-1.3436055658085767e-116,2.280220140102905e-29,7.036631062806772e-23,1.1400927583613808e-29,4.665776986070919e-22,-3.59126813621631e-102,-7.726918737864159e-99,2.6509055729271904e-48,4.255534842671723e-33,-3.845890030728485e-138,-8.014477869005398e-132,-8.359855830210278e-99,-1.5325095338879531e-87,-7.726918737863545e-99,-4.601439660679583e-86,-5.107631288176451e-65,-1.3634725693442446e-63,8.838576265565344e-51,1.3042009440859591e-24,3.389999999961351e-08,2.735881279540266e-34,4.226250715486214e-28,6.62717787006713e-34,6.628246443921778e-27,1.1043073279035313e-60,7.350525153534031e-50,9.529499881666918e-36,0.00018232390000000006,0.5,3.2836965268626965e-20,0.25,3.217733000265524e-20,2.8641346344123143e-30,3.326434825824065e-65,3.27875346414846e-64,8.642502871965906e-49,-2.67169135935583e-68,-3.878989575452637e-80,7.322813175031224e-66,-5.327456551948217e-73,-8.761020002566861e-85,9.108713201481451e-41,1.1074135197134262e-44,2.7541313419090103e-40,4.150338822127726e-25,0.0,-7.481037697158191e-75,-1.0928988322895632e-92,3.815254655200074e-31,-5.523627616120018e-57,1.3011549087238863e-41,-1.4635917630634126e-103,2.6918897155812436e-41,3.8649144503396775e-19,6.152822822790247e-46,1.4705478821955131e-37,5.0296829734218265e-49,4.350053410195892e-45,2.6933667558307095e-36,-6.399330573767721e-71,-8.007193860778752e-100,1.1144780911665782e-61,1.96538916880748e-45,0.1000000014901161,6.971754937932078e-21,9.538178112821516e-33,6.152266344788999e-46,-7.59653582051127e-83,2.5362915562716802e-80,-1.904878707616012e-61,-4.845153875636581e-78,2.8338059138931e-38,-7.664487697965044e-100,2.835170749631422e-37,3.3686350122652294e-35,-7.373560420861379e-86,3.042447654191717e-57,-7.900614007610575e-77,2.2559999999999793e-06,2.069817717365055e-20,6.18e-05,1.7897030947753866e-23,3.7308001913077418e-50,3.6336276610235354e-43,2.7617800407576574e-54,-6.926806135202362e-92,4.7737323694109017e-45,1.587671732803459e-34,-7.133181542270451e-70,6.6370078318122206e-46,-2.265567107269303e-148,-1.791748243104653e-73,-7.315331915702077e-59,-1.8716690158237598e-72,8.832657374437625e-40,3.5034650107128546e-45,-1.7987684779770916e-98,2.663462695364301e-53,4.620290705348594e-40,0.000334,2.485117405624285e-22,1.8688860542754873e-28,4.4230147727910775e-46,-5.473773982282531e-87,1.7368621558120108e-58,4.086598402732418e-61,-4.0282536052763003e-78,4.9893497889083605e-62,-3.2921899808829774e-91,1.0544976079257942e-23,2.2800385532829376e-33,2.7953102085527936e-22,3.51e-06,1.1179936152016898e-64,9.497587915201266e-57,6.016704007555228e-22,1.7799999999999995e-06,1.622850773910498e-50,8.60856499794278e-46,-3.1545421205716995e-98,7.034112271424949e-68,0.0,0.0,4.1588869095469945e-38,4.871485578832868e-25,4.552799461660016e-56,6.088095328925123e-26,-2.5645547843675903e-77,9.997101774499659e-44,-2.5645547843677238e-77,-1.8372079775472124e-105,4.161823602263674e-64,9.550647279653081e-44,2.760960798532695e-29,3.424687886669396e-40,1.9510798568249262e-61,9.3199255161984e-55,2.845660355580545e-58,1.2516865404688268e-48,1.543808989539548e-39,2.672654280362511e-69,-1.8713416612902141e-87
2.0911594215898465e-09,1.0000000003464818e-10,0.00017699999999999997,1.4150116108234026e-39,3.0236186644109765e-33,5.436226119876939e-51,2.7471527829271645e-42,1.0129885465289177e-65,1.6606878295303886e-53,-2.0382898527858598e-124,-2.263650494340951e-103,-3.7685791732399693e-116,1.2554730786071211e-67,3.9020072845087315e-58,3.0223594269532e-84,1.714974981828972e-69,6.663902916598296e-63,1.0164852288255857e-144,-4.540256787426801e-126,2.5145315135616853e-96,-2.5975449551481046e-116,-1.574806961357109e-132,-7.104291320507781e-117,3.297412579526901e-29,1.0175560777483562e-22,1.6486700882597692e-29,6.747106231990558e-22,-4.14293230091983e-102,-7.375961172411008e-99,7.345709421844767e-48,8.899001780121868e-33,-1.0458515603716068e-138,-3.7328532846544585e-132,-5.88881956322453e-99,-7.841082953622172e-88,-7.375961172408951e-99,-2.35354457933068e-86,8.365414875909787e-64,2.2331317387373404e-62,2.672778862735629e-50,1.8859845645045137e-24,3.38999999994411e-08,3.956334498409803e-34,6.11151425069637e-28,9.583822650021974e-34,9.585002245713444e-27,3.33941729223164e-60,1.5371120037297687e-49,1.3780458911936015e-35,0.00018232390000000006,0.5,4.748501560765497e-20,0.25,4.6531127492172727e-20,5.989362125424617e-30,4.6939378237805974e-64,5.60830436088363e-63,2.6134864149246223e-48,4.375767364116099e-67,2.951522127848385e-80,1.0333234089381463e-64,8.725450048645073e-72,-4.4810869332615245e-85,1.9047771429837585e-40,3.348810214273898e-44,5.759327703922629e-40,6.001739263437067e-25,0.0,1.2252643062636271e-73,-5.589959474182766e-93,7.978305717939543e-31,9.046744629946765e-56,2.7209223463213054e-41,2.3958895406511685e-102,5.659508650726214e-41,5.588991598143739e-19,1.2866919191516016e-45,3.0751500587367316e-37,1.5209723753792752e-48,9.09665542333211e-45,5.632259267240522e-36,1.0480994287342114e-69,-9.237087805179716e-100,3.3701734263202294e-61,4.1099420813021525e-45,0.1000000014901161,1.0081744440485269e-20,1.9945851025200284e-32,1.2865369731394969e-45,1.2441808924687374e-81,7.679486113603326e-80,3.1198611521274686e-60,-2.4781995376906775e-78,5.925939935805996e-38,-3.92034938886904e-100,5.92879402490062e-37,4.932439938361792e-35,-3.771429039454147e-86,9.200338987667999e-57,-4.041006433083674e-77,2.25599999999997e-06,2.9931306321923834e-20,6.18e-05,2.5880613111725763e-23,7.801726855420102e-50,7.59849652667783e-43,8.351606238492899e-54,1.1341101798795321e-90,6.907683078739783e-45,3.3200747024248437e-34,-3.146811483982427e-70,2.007026212324912e-45,-4.1757660548848656e-148,-9.164434777510753e-74,1.1981245716870469e-57,-9.573213584296618e-73,1.8470494686230173e-39,7.328082162475723e-45,2.8517074295549186e-97,8.054291302140423e-53,9.661764438966694e-40,0.00033400000000000004,3.593688936430742e-22,2.7025665353225936e-28,9.325899794379341e-46,7.732909639457094e-86,5.252258189654887e-58,1.2357843715827197e-60,6.597580555730537e-77,1.5087756532721708e-61,-1.6855761769130522e-91,1.524892296252202e-23,4.7679241022556186e-33,4.0422538378648043e-22,3.51e-06,3.3808421423789825e-64,2.8720634935054646e-56,8.700660410219084e-22,1.7799999999999993e-06,3.393639686327714e-50,1.8001943262766954e-45,-1.6153727467215324e-98,2.127110298799927e-67,0.0,0.0,8.696895544219931e-38,7.044578171213726e-25,1.3767631575181126e-55,8.803898269791809e-26,4.200296224557991e-76,2.0905533564188598e-43,4.200296224557985e-76,-2.2338802497740715e-105,1.2585323495870075e-63,1.9971926057654857e-43,3.992581699956794e-29,7.161568340225575e-40,5.9000509278832425e-61,2.818338516678202e-54,8.605255666121858e-58,2.6177129699018584e-48,3.228350713608915e-39,8.083510310356712e-69,3.05111420479272e-86
3.023992532794805e-09,1.0000000005010416e-10,0.00017699999999999997,2.0462258885866097e-39,4.3724070819809015e-33,1.1368015470215607e-50,5.744734425127585e-42,3.0638996725478008e-65,5.021907601368484e-53,1.655507503366095e-123,2.9915507270486896e-103,2.661602633111697e-116,3.796541215556468e-67,1.1799640892685605e-57,1.914672987456027e-83,1.0862602031938579e-68,2.015159266536759e-62,2.0905166410858328e-144,-1.631867454895717e-126,1.5929626121814824e-95,2.878907388170879e-115,5.142201342602481e-132,7.496092916561589e-116,4.7683828331055934e-29,1.4714717342961544e-22,2.3841157134374655e-29,9.756883503341507e-22,7.0643688671422375e-102,2.407811800846742e-98,2.0811019617994253e-47,1.8609231415141083e-32,2.7143556171400756e-137,4.759443487030582e-131,3.816133340214604e-98,8.701491746809049e-87,2.407811800847399e-98,2.613119939501377e-85,5.298629615170963e-63,1.4144591936880441e-61,8.082463322654374e-50,2.7272928951027364e-24,3.3899999999191784e-08,5.721234283719033e-34,8.83776400198646e-28,1.3859778842122938e-33,1.386072000006393e-26,1.0098373455012753e-59,3.214346281555099e-49,1.9927703467517533e-35,0.0001823239000000001,0.5,6.866732929844696e-20,0.25,6.728792679522379e-20,1.2524711037809058e-29,2.449912083728735e-63,2.985927082656234e-62,7.903163403226778e-48,2.7715984105369643e-66,5.0683869983536996e-79,5.3932361292218795e-64,5.5266748803678605e-71,4.975311586503548e-84,3.983192668579465e-40,1.0126777081556238e-43,1.2043672390062328e-39,8.67902013064791e-25,0.0,7.760788728445483e-73,6.206483059747119e-92,1.6683909170252622e-30,5.7301819201293515e-55,5.689882399910516e-41,1.5176139417838622e-101,1.1926677054959578e-40,8.082152266342903e-19,2.690794587871933e-45,6.430629018083341e-37,4.599409105689446e-48,1.9022557450005774e-44,1.1777952031491336e-35,6.638631510905177e-69,1.5751566508372743e-99,1.0191379277285469e-60,8.594544117175526e-45,0.10000000149011612,1.45790510234722e-20,4.170995429228452e-32,2.690353912713027e-45,7.880605841493326e-81,2.3249984791370004e-79,1.9761110430925162e-59,2.7515232484077505e-77,1.2392085128570879e-37,4.352531455168476e-99,1.2398053483815238e-36,7.260514431313362e-35,4.187384640750061e-85,2.7821756397814305e-56,4.4866940610868755e-76,2.2559999999999565e-06,4.328318820641504e-20,6.180000000000001e-05,3.742554488471486e-23,1.6314741967307035e-49,1.5889673071414368e-42,2.525520612876594e-53,7.183622101725694e-90,9.998426755199992e-45,6.9428054943004695e-34,4.370063038335866e-69,6.069232279123723e-45,-4.565699317647581e-148,1.0175191691658456e-72,7.588886433338511e-57,1.0629055221725333e-71,3.862474898453547e-39,1.5329565613436997e-44,1.8112457632021451e-96,2.4356116754574673e-52,2.020428973570591e-39,0.00033400000000000004,5.19677667645056e-22,3.908138680343505e-28,1.9733795087309554e-45,4.9631376126068157e-85,1.5882789545786344e-57,3.737002896621276e-60,4.178888502704364e-76,4.562526316858634e-61,1.8686326534382034e-90,2.2051226078579722e-23,9.97048940776628e-33,5.845439278881451e-22,3.51e-06,1.022374700505959e-63,8.685098558051903e-56,1.2581887272316336e-21,1.7799999999999988e-06,7.096641605451808e-50,3.7645119118316195e-45,1.790347664417947e-97,6.432365661222975e-67,0.0,0.0,1.8186595055860456e-37,1.0187052965064471e-24,4.163321507708458e-55,1.2731177906587211e-25,2.660455497509666e-75,4.371680347566579e-43,2.6604554975096746e-75,2.9523678363350554e-105,3.805792427380316e-63,4.176448139273827e-43,5.773609186880647e-29,1.497598110805945e-39,1.7841709976852623e-60,8.522634629209604e-54,2.602222887707613e-57,5.474771426859488e-48,6.75099601095417e-39,2.4448452833646207e-68,1.9332966405962803e-85
4.372947726504e-09,1.0000000007245482e-10,0.0001769999999999999,2.959014862767453e-39,6.32286865959847e-33,2.3772332660588455e-50,1.2013155519338599e-41,9.256825395925293e-65,1.5186211012842405e-52,-4.317910611687756e-119,-2.0334076947920567e-99,-2.4182649371918117e-111,1.148071227663161e-66,3.5682025930236784e-57,-7.575465977534207e-83,-4.271284789452609e-68,6.093826566007094e-62,2.9831399824849778e-139,-2.7133133071168046e-120,-6.302608535112611e-95,-6.783441229873291e-113,-1.9670279423833803e-128,-2.154114718014198e-113,6.895580592151044e-29,2.127871978921231e-22,3.447631988792893e-29,1.4109274765248396e-21,-3.61781595154341e-98,-9.186200782297464e-95,5.999982879331753e-47,3.8914869601998693e-32,-3.316935275846272e-132,-7.454024445090545e-126,-6.586631719238895e-95,-2.0410385491000043e-84,-9.186200782295532e-95,-6.115953120564927e-83,-2.0834744552347995e-62,-5.561795818434956e-61,2.4441308735226503e-49,3.943896070720748e-24,3.389999999883125e-08,8.273473315482125e-34,1.278015060614468e-27,2.0044005736249305e-33,2.0043767752580253e-26,3.0537399273487503e-59,6.721710610466218e-49,2.8817136502019584e-35,0.00018232390000000017,0.5,9.929873777341643e-20,0.25,9.730400564945621e-20,2.6191167489144587e-29,-6.308231038963863e-63,-8.141724340092515e-62,2.3899107117693325e-47,-1.0898203721932575e-65,-4.8865147043670484e-77,-1.3886938953322778e-63,-2.1731444442872744e-70,-1.164461377265153e-81,8.329490876907496e-40,3.06232982779676e-43,2.5185238988963154e-39,1.2550593606589838e-24,0.0,-3.051620188765996e-72,-1.4526145113758566e-89,3.488871384989715e-30,-2.2531651649082006e-54,1.1898451188269872e-40,-5.976850826880933e-101,2.521801087523413e-40,1.168747243738623e-18,5.6272332282868e-45,1.344747045777326e-36,1.3908578791468103e-47,3.977920252211044e-44,2.462957535757927e-35,-2.6103766830414655e-68,-8.063008273211084e-96,3.081865480850387e-60,1.7972561940197023e-44,0.1000000014901161,2.10825348727819e-20,8.722216389030422e-32,5.625958932309587e-45,-3.0987335174097284e-80,6.94578813850398e-79,-7.770267378467782e-59,-6.439883199383537e-75,2.5913825569859117e-37,-1.0215404196035886e-96,2.5926306351990637e-36,1.0766546588851958e-34,-9.800487065120983e-83,8.413278359722185e-56,-1.050101456278914e-73,2.255999999999937e-06,6.259113321558259e-20,6.18e-05,5.412048794476077e-23,3.4116990518237135e-49,3.322785608970624e-42,7.637140530677514e-53,-2.827617302740444e-89,1.447808921084312e-44,1.4518513121498729e-33,-9.899944031516901e-67,1.835331309280286e-44,-1.7290214026903863e-140,-2.3814825515377356e-70,-2.98402647530968e-56,-2.4877083701615076e-69,8.077050774555426e-39,3.2072827254213185e-44,-7.637167117469665e-96,7.365271519440758e-52,4.225039083728876e-39,0.000334,7.514976477518136e-22,5.651497472954332e-28,4.1967629836690594e-45,-2.9160260547200815e-84,4.802943698694804e-57,1.1300666394369558e-59,-1.643181482619689e-75,1.379704541035138e-60,-4.4024824494410104e-88,3.1887928922175614e-23,2.0849882862637394e-32,8.452997197508732e-22,3.5099999999999994e-06,3.0915128781728645e-63,2.626367318641842e-55,1.8194467990883143e-21,1.779999999999998e-06,1.484020896065194e-49,7.87225075526955e-45,-4.218516412201067e-95,1.945142571148892e-66,0.0,0.0,3.803106959764799e-37,1.4731336013335047e-24,1.2589853151644295e-54,1.8410354813527473e-25,-1.0461178606193715e-74,9.141880546856937e-43,-1.0461178606195716e-74,-2.005844869239178e-101,1.1508687882450804e-62,8.733618890337006e-43,8.349124839144879e-29,3.131716399178243e-39,5.395319737191552e-60,2.577238347997653e-53,7.869102581184316e-57,1.1450785896357288e-47,1.4117408913405872e-38,7.3878986749023385e-68,-7.708839081759296e-85
6.3236504757711994e-09,1.0000000010477575e-10,0.00017699999999999988,4.2789845479925396e-39,9.143400269154004e-33,4.971173743228655e-50,2.5121423352434086e-41,2.793393146636446e-64,4.592298818616143e-52,-4.200315412425154e-118,-2.019589345295288e-98,-2.416143035258476e-110,3.471758812815273e-66,1.0790217983580663e-56,-1.1637313348837003e-81,-6.576332027491858e-67,1.8427685973056443e-61,3.1694756092806536e-138,-2.738741539172359e-119,-9.681969415870291e-94,-6.689279804605304e-112,-1.9354073218728287e-127,-2.1258355709794795e-112,9.97179416681695e-29,3.0770819806547175e-22,4.9855660376432477e-29,2.0403198862852114e-21,-3.592929194762261e-97,-9.038847408676572e-94,1.7530662741441354e-46,8.137719620719342e-32,-2.9332217275596615e-131,-7.175481094731333e-125,-6.482751475867354e-94,-2.012625141381834e-83,-9.038847408674082e-94,-6.030754744297171e-82,-3.207845169997373e-61,-8.563282259519992e-60,7.391033511357294e-49,5.7032077455163556e-24,3.389999999830989e-08,1.1964320698354077e-33,1.848117345983872e-27,2.898866307998508e-33,2.898497521919111e-26,9.234482087947565e-59,1.4056168773284876e-48,4.1672004887054756e-35,0.00018232390000000028,0.5,1.4359433262021749e-19,0.25,1.4070978207080767e-19,5.476990665657509e-29,-1.1500993855910014e-61,-1.447142127279964e-60,7.227072147050973e-47,-1.677954344986824e-64,-4.8844318940575576e-76,-2.5318286315094524e-62,-3.3459064224896306e-69,-1.1482398306624474e-80,1.7418293324291445e-39,9.260462533655563e-43,5.266634979658879e-39,1.8149214716221036e-24,0.0,-4.698461769213314e-71,-1.4323788432417688e-88,7.295786267307607e-30,-3.4691114018442084e-53,2.4881558304552455e-40,-9.197011132315902e-100,5.3573820581347965e-40,1.6901068857945944e-18,1.1768508569650574e-44,2.8120804543897687e-36,4.205943841134687e-47,8.318466105572091e-44,5.150436855843457e-35,-4.0190961820645914e-67,-8.007507748142568e-95,9.31953818376365e-60,3.758349233808402e-44,0.1000000014901161,3.048711990557296e-20,1.823954497843462e-31,1.1764777027770316e-44,-4.771000322590568e-79,2.0424318322712075e-78,-1.1963580645130872e-57,-6.350172310305483e-74,5.418994049016283e-37,-1.0072675499907697e-95,5.421603979479459e-36,1.6128156481309724e-34,-9.663961233737859e-82,2.5441690936819695e-55,-1.0354730022597254e-72,2.255999999999909e-06,9.051204681429042e-20,6.18e-05,7.826278079308061e-23,7.134486492343535e-49,6.948479433937387e-42,2.309455141889795e-52,-4.351915080719892e-88,2.0977361349233593e-44,3.0360525500973057e-33,-9.764291386758296e-66,5.550028175122305e-44,-1.7715293363246423e-139,-2.348307273290741e-69,-4.594390339779255e-55,-2.4530533115773334e-68,1.6890400825870983e-38,6.711857012726644e-44,-1.1429058941177403e-94,2.2272526077281017e-51,8.835230286505626e-39,0.000334,1.0867288508518693e-21,8.172541022574963e-28,8.988118108797172e-45,-3.946625236188481e-83,1.4524065880663495e-56,3.4173113586803564e-59,-2.5299428026413828e-74,4.1722161578593094e-60,-4.341278754608685e-87,4.6112629171829304e-23,4.360042898641735e-32,1.2223745421364298e-21,3.509999999999999e-06,9.347728639580725e-63,7.942115160146726e-55,2.6310732110884957e-21,1.7799999999999974e-06,3.1033242803862076e-49,1.6462301293922543e-44,-4.1599588887529693e-94,5.882096599006806e-66,0.0,0.0,7.952902950209688e-37,2.130275178503198e-24,3.807162192451995e-54,2.6622922627157713e-25,-1.6106672755924348e-73,1.9117129636197103e-42,-1.6106672755926318e-73,-1.9922049255493228e-100,3.480218622359251e-62,1.8263389472805188e-42,1.207353724942325e-28,6.548918253922921e-39,1.6315406338268262e-59,7.793549520632056e-53,2.3796107445918044e-56,2.39519689187937e-47,2.9521752657655256e-38,2.2303916155038734e-67,-1.180879915224892e-83
9.144530838398738e-09,1.0000000015151453e-10,0.00017699999999999986,6.187771813864144e-39,1.322212637870478e-32,1.0395516814329933e-49,5.253290114274902e-41,8.447892229276563e-64,1.3887077341973855e-51,-1.4064119388225169e-117,-7.022797978357859e-98,-8.505622568417157e-110,1.0498572726404267e-65,3.262953861113703e-56,-3.410635272738559e-81,-1.9262943311365645e-66,5.572518478613919e-61,1.235680669475044e-137,-9.819058102636988e-119,-2.8375678706160797e-93,-2.2327677750909846e-111,-6.610442854696012e-127,-7.143496821030776e-112,1.442048077557298e-28,4.449719536403381e-22,7.209548118316062e-29,2.9504742856072053e-21,-1.2487985472679378e-96,-3.0874320795214427e-93,5.173020919146996e-46,1.701726905483171e-31,-7.914624874597056e-131,-2.35401720873462e-124,-2.210960401902264e-93,-6.716384097694226e-83,-3.087432079520212e-93,-2.012371707086971e-81,-9.396201235293338e-61,-2.508298221416156e-59,2.2350430147903788e-48,8.247322771229608e-24,3.389999999755596e-08,1.7301795170442505e-33,2.6725332352089177e-27,4.192703898325538e-33,4.191471378213881e-26,2.7925005427028368e-58,2.9393690671957944e-48,6.026122656281612e-35,0.0001823239000000004,0.5,2.0764949105178937e-19,0.25,2.034781881591753e-19,1.1453260632211376e-28,-3.3646461453332856e-61,-4.2343815756039093e-60,2.1854612206579038e-46,-4.9149493985741785e-64,-1.6223782832761325e-75,-7.406931568106367e-62,-9.80060095745916e-69,-3.831502765709787e-80,3.642442819310692e-39,2.800356955183019e-42,1.101337335773597e-38,2.6245292066649278e-24,0.0,-1.3762413689533066e-70,-4.779631704854031e-88,1.525665219039663e-29,-1.0161484457686072e-52,5.20313050720245e-40,-2.6943117749230244e-99,1.145683465808356e-39,2.4440368100881064e-18,2.4613053528909147e-44,5.880508536337058e-36,1.2718742768896542e-46,1.7395240861925579e-43,1.0770384556302629e-34,-1.177246235706696e-66,-2.7831535986643586e-94,2.8182213878851697e-59,7.85930744217977e-44,0.1000000014901161,4.4086941430214325e-20,3.8141796325255393e-31,2.4602024327530773e-44,-1.3974888685731522e-78,6.16429637366754e-78,-3.5042904278048297e-57,-2.1189565210566916e-73,1.1331980461235401e-36,-3.361104101740229e-95,1.1337438241758525e-35,2.4491261640346743e-34,-3.22471779900297e-81,7.693548341453417e-55,-3.455216903239189e-72,2.255999999999869e-06,1.3088803793174872e-19,6.18e-05,1.1317456826521098e-22,1.491959019258945e-48,1.453039335945374e-41,6.983776337686413e-52,-1.274853693571347e-87,3.0420406152607643e-44,6.348869894419218e-33,-3.258272068185693e-65,1.6783243758293465e-43,-6.516367908610561e-139,-7.835946439113429e-69,-1.345757475729024e-54,-8.185468137170114e-68,3.532052082144888e-38,1.4050433583651501e-43,-3.340838647650901e-94,6.735195254411823e-51,1.847587505548388e-38,0.000334,1.571501386327867e-21,1.1818182187276413e-27,1.9436727671896824e-44,-1.1954662141133903e-82,4.392066676890192e-56,1.0333924233986209e-58,-7.410536067689735e-74,1.2616750515035561e-59,-1.4489808801011386e-86,6.668274300059405e-23,9.117544785779211e-32,1.767656473024293e-21,3.509999999999998e-06,2.826757766943562e-62,2.401689693885689e-54,3.804753315994864e-21,1.779999999999996e-06,6.489545812449851e-49,3.442581040332679e-44,-1.388523491472151e-93,1.778741619391572e-65,0.0,0.0,1.663078793327128e-36,3.0805572094596595e-24,1.1512830041054967e-53,3.849898692283006e-25,-4.7178567050625294e-73,3.9976965751243405e-42,-4.717856705063187e-73,-6.927511160566215e-100,1.0524155126451225e-61,3.819165910442396e-42,1.7459351072962782e-28,1.3694832108015329e-38,4.933766696701491e-59,2.356763555423344e-52,7.195925122596606e-56,5.010719294487357e-47,6.173469121175054e-38,6.745124764021847e-67,-3.463325015925457e-83
1.3223761271250085e-08,1.0000000021910274e-10,0.00017699999999999978,8.948038862751756e-39,1.9120307638514377e-32,2.1738682943149746e-49,1.0985467121515824e-40,2.558890235812394e-63,4.1994418560337353e-51,-2.9562441657744628e-117,-1.610801430048288e-97,-2.003233143281979e-109,3.1747605578598486e-65,9.867148120453472e-56,-3.5421335988364084e-81,-1.9913708827318467e-66,1.685125431076952e-60,3.5014531812832553e-137,-2.400266382287697e-118,-2.9469714109767973e-93,-4.6331163021355385e-111,-1.4564108589041936e-126,-1.5085619730516385e-111,2.085412208641683e-28,6.434668974317682e-22,1.0425613397383777e-28,4.266634153037235e-21,-2.8612780964415464e-96,-6.803160395748171e-93,1.5375009685283057e-45,3.558582251285717e-31,-6.755171068859705e-131,-4.696510574029023e-124,-4.853094818051562e-93,-1.3929171733499007e-82,-6.803160395743522e-93,-4.1725584925488276e-81,-9.713635082742049e-61,-2.5930365897937016e-59,6.758753386728573e-48,1.1926331970243738e-23,3.389999999646571e-08,2.5020647607145574e-33,3.86470800082504e-27,6.064464919384474e-33,6.061220401870157e-26,8.444504161854775e-58,6.146689593654019e-48,8.714280576863712e-35,0.0001823239000000006,0.5,3.002786415559841e-19,0.25,2.94246586459795e-19,2.395059387825315e-28,-3.215241704509252e-61,-4.0926676723165224e-60,6.608818411536504e-46,-5.080992171543477e-64,-3.3080345707468494e-75,-7.0780326518694686e-62,-1.013169774832423e-68,-7.944441550538938e-80,7.616928619203593e-39,8.468258520586303e-42,2.3030719460357756e-38,3.7952901347621245e-24,0.0,-1.4227352221418949e-70,-9.910342503683325e-88,3.190409196868928e-29,-1.0504772027975915e-52,1.0880575381783751e-39,-2.7886188415725636e-99,2.47252385913798e-39,3.53428293748678e-18,5.147957404618376e-44,1.229708082911131e-35,3.846138315666354e-46,3.637622814568295e-43,2.2522591138761535e-34,-1.2170173939730776e-66,-6.376704002050976e-94,8.522280445354075e-59,1.6435064902488804e-43,0.1000000014901161,6.375342802767828e-20,7.976057673614275e-31,5.144675497178651e-44,-1.4447005425836984e-78,1.8972457137736656e-77,-3.622676609853962e-57,-4.393557112747178e-73,2.3696977707073694e-36,-6.969214429714628e-95,2.3708390795767962e-35,3.786013347651307e-34,-6.686301338503698e-81,2.3265232734746113e-54,-7.164230436182544e-72,2.2559999999998103e-06,1.8927511946308094e-19,6.18e-05,1.6365995141210314e-22,3.1199972030552183e-48,3.0385414712282814e-41,2.1118963317189144e-51,-1.3189469567534525e-87,4.4169011208542285e-44,1.3276499095683068e-32,-6.755871561402981e-65,5.075240379640815e-43,-1.6727861211325406e-138,-1.6247467974040417e-68,-1.3912214844224405e-54,-1.6972184846365722e-67,7.386083989123229e-38,2.9426665013515533e-43,-3.4542350150335903e-94,2.036718015590367e-50,3.8636000194215376e-38,0.000334,2.27252327502404e-21,1.7090086158976916e-27,4.2584098182192735e-44,-1.5714948582933084e-82,1.3281576834179559e-55,3.1249722199498586e-58,-7.660889481764308e-74,3.815295986569884e-59,-3.0063797195596048e-86,9.64288589469481e-23,1.9066239679789358e-31,2.5561800405001703e-21,3.5099999999999977e-06,8.548807645136905e-62,7.262691700257244e-54,5.501993534260049e-21,1.7799999999999944e-06,1.3570674883484953e-48,7.199141195625014e-44,-2.881262839290716e-93,5.378901383058416e-65,0.0,0.0,3.47776288749734e-36,4.454745009626085e-24,3.481471207188422e-53,5.567277548143225e-25,-4.877241052995141e-73,8.3598208573523e-42,-4.877241052996506e-73,-1.5889146501292258e-99,3.182496651288373e-61,7.98648481802869e-42,2.5247691178481837e-28,2.863807719007774e-38,1.4919673837294286e-58,7.126835392397917e-52,2.1760423836832462e-55,1.0484202627170833e-46,1.2909708116593666e-37,2.0424073039948594e-66,-3.6175292223442175e-83
1.912267181873642e-08,1.0000000031684099e-10,0.0001769999999999997,1.293961734891614e-38,2.7649574192743035e-32,4.545905169357732e-49,2.297236308595138e-40,7.755138671211263e-63,1.2699080965409993e-50,-3.0374763274768258e-117,-2.3680026910256584e-97,-3.1993638211230352e-109,9.600452240030423e-65,2.9838182274728992e-55,1.6474887929244264e-80,9.36526847217401e-66,5.095806737489348e-60,8.387703243653744e-137,-4.248183292357648e-118,1.3706716768443133e-92,-4.422282638110637e-111,-1.8505375466432582e-126,-1.5820419084616617e-111,3.0158683486742348e-28,9.305072930868192e-22,1.5076314485166905e-28,6.1699121000351155e-21,-4.19132737277987e-96,-8.64893878546527e-93,4.593313464219971e-45,7.441562802011367e-31,4.5410318139094624e-130,-3.492845148844518e-124,-6.073653277984281e-93,-1.3253701634311085e-82,-8.648938785449571e-93,-3.965244282770707e-81,4.568250794449372e-60,1.2194859444791777e-58,2.0438419770571504e-47,1.724649883599698e-23,3.3899999994889115e-08,3.6183625962019455e-33,5.588693055505305e-27,8.772784380992297e-33,8.765034863825889e-26,2.55361310661514e-57,1.2853708687735352e-47,1.2601583196055092e-34,0.00018232390000000087,0.5,4.342281896228448e-19,0.25,4.255053301997326e-19,5.00845100390047e-28,1.8209664697557833e-60,2.259080914270309e-59,1.9985017525294696e-45,2.389553067729641e-63,-2.8294991155376447e-75,4.008675339913197e-61,4.764861423743631e-68,-7.549720753191506e-80,1.59282120456242e-38,2.5607950527826155e-41,4.816090598504071e-38,5.4883089776167535e-24,0.0,6.691018598015319e-70,-9.417945615386095e-88,6.671654250403133e-29,4.940316654845677e-52,2.275301772159028e-39,1.3077636604242218e-98,5.402433456657119e-39,5.110870601633649e-18,1.0768149613495529e-43,2.571515643267032e-35,1.1630693545459932e-45,7.60685113398625e-43,4.709832865754062e-34,5.723542859246788e-66,-9.340264775188393e-94,2.5771312479813035e-58,3.436834111043206e-43,0.1000000014901161,9.219282294087227e-20,1.6679208149575815e-30,1.0758336639695929e-43,6.794319740787754e-78,5.878089126181567e-77,1.703718037895921e-56,-4.175262552265195e-73,4.955415819622636e-36,-6.623688650612597e-95,4.957802478276472e-35,5.9859122130046256e-34,-6.354091430177438e-81,7.035389006157922e-54,-6.808274545210686e-72,2.255999999999726e-06,2.7370775369437704e-19,6.18e-05,2.3666606470553326e-22,6.524632428914935e-48,6.354088456966925e-41,6.386389169006366e-51,6.191358105110877e-87,6.424549679366242e-44,2.776327616821579e-32,-6.419897676388232e-65,1.5347489008267527e-42,-3.324458747400535e-138,-1.5440210034394164e-68,6.54281182635682e-54,-1.6128919237435153e-67,1.54454791225087e-37,6.167183203882931e-43,1.6205725325645912e-93,6.159020070412375e-50,8.07940358181467e-38,0.000334,3.2862599297507855e-21,2.4713703029685404e-27,9.49130608513924e-44,3.6064453986236253e-82,4.016338916920268e-55,9.449897667911473e-58,3.6028577784409115e-73,1.1537426782536624e-58,-2.8677678891152904e-86,1.39444246283143e-22,3.987054673838284e-31,3.696451487699021e-21,3.5099999999999965e-06,2.5854393266703125e-61,2.1962325468993503e-53,7.956345743567202e-21,1.779999999999992e-06,2.837844468813929e-48,1.5055021923111738e-43,-2.750148656278527e-93,1.626575765010884e-64,0.0,0.0,7.272556628200344e-36,6.4419362313045944e-24,1.0527942932232329e-52,8.050751922407271e-25,2.2937304235714057e-72,1.7481718147517263e-41,2.2937304235712755e-72,-2.3356763365325633e-99,9.623846107744213e-61,1.6701013098984603e-41,3.651028650661744e-28,5.988678493318688e-38,4.511698302994197e-58,2.1551497005997802e-51,6.580335919122458e-55,2.1942252107996043e-46,2.699625775785207e-37,6.187007496171418e-66,1.6593540036114892e-82
2.76529929712296e-08,1.000000004581787e-10,0.00017699999999999956,1.871177581798712e-38,3.9983611550773056e-32,9.50621243787898e-49,4.803887354639578e-40,2.3501247254931815e-62,3.8401926452472177e-50,8.674168008811592e-117,5.540749693115726e-98,-8.006774849343687e-110,2.903169594258692e-64,9.023044050316206e-55,1.2906864501043743e-79,7.317043875790121e-65,1.5409681572546687e-59,1.7761189567054518e-136,-3.386674866810759e-118,1.0738205831926971e-91,1.559466534694496e-110,2.2013027712788064e-126,4.2444848821334715e-111,4.361590037340706e-28,1.3455918648126464e-21,2.180161970718959e-28,8.922212206615985e-21,1.0719655890696351e-96,1.0254944903826296e-92,1.3772877612194818e-44,1.5561494163970746e-30,3.26219424442589e-129,2.158033853895025e-123,7.879595957177364e-93,4.7128255557681563e-82,1.025494490387658e-92,1.4146679133811093e-80,3.569154496562364e-59,9.527790698873947e-58,6.180562876280407e-47,2.49399286327238e-23,3.389999999260923e-08,5.23280474607011e-33,8.081720550099454e-27,1.2692578684877787e-32,1.267497815168948e-25,7.722110911926841e-57,2.687915654183246e-47,1.82229499886463e-34,0.00018232390000000128,0.5,6.279305104370809e-19,0.25,6.153165214261073e-19,1.047346950371946e-27,1.3648262618223593e-59,1.7023500554054242e-58,6.043454375905168e-45,1.866947429418728e-62,1.306918060487344e-74,3.0045283478512893e-60,3.72276574747726e-67,2.693490472867424e-79,3.3308430688285817e-38,7.743825116407529e-41,1.0071213230147241e-37,7.936556722685545e-24,0.0,5.22766375987744e-69,3.3600112668579716e-87,1.3951492642243292e-28,3.859847936323754e-51,4.758018737706006e-39,1.0224585170880362e-97,1.1998891376002468e-38,7.390749062255676e-18,2.252683824961274e-43,5.377449164827419e-35,3.517113042916565e-45,1.5907144202702067e-42,9.849011371064024e-34,4.471779168058141e-65,2.3926038424422572e-94,7.793225664699445e-58,7.18696812100314e-43,0.10000000149011612,1.3331858167872955e-19,3.487888326136181e-30,2.24973970330468e-43,5.308372519897939e-77,1.8193041271896187e-76,1.331107500254264e-55,1.4895954807716174e-72,1.0362564479363772e-35,2.3624061773617582e-94,1.0367555362666234e-34,9.72475351224228e-34,2.2669295055551017e-80,2.1274963819337714e-53,2.4289670097507697e-71,2.255999999999604e-06,3.9580444933774814e-19,6.180000000000001e-05,3.422390493185007e-22,1.3644714522901408e-47,1.3287453768804111e-40,1.931248186026099e-50,4.8394911837989894e-86,9.368529049203792e-44,5.805743652897786e-32,2.290725447856188e-64,4.641069215259904e-42,-4.489633070298359e-138,5.508555877756756e-68,5.111870451625083e-53,5.754264525758182e-67,3.229895918800265e-37,1.2937684797077525e-42,1.2665616858426956e-92,1.862483070184787e-49,1.68953209207771e-37,0.00033400000000000004,4.752208456699984e-21,3.5738094692766795e-27,2.162077759785711e-43,3.5416495141245037e-81,1.2145378893620444e-54,2.8576434585217366e-57,2.8148974970051205e-72,3.488909304650685e-58,1.0129774549925138e-85,2.0164811690006163e-22,8.337566944895611e-31,5.3453799749718395e-21,3.5099999999999948e-06,7.819183651661874e-61,6.641390821936925e-53,1.1505545616692944e-20,1.7799999999999885e-06,5.934385212544667e-48,3.148387216645076e-43,9.698079469900519e-93,4.918752977065986e-64,0.0,0.0,1.5208075311970117e-35,9.315581995561481e-24,3.1836420808547042e-52,1.1642064897140257e-24,1.792081613669689e-71,3.6557059606316814e-41,1.7920816136697353e-71,5.474309880561203e-100,2.91024387625151e-60,3.4924481274208283e-41,5.27969473137835e-28,1.2523281454459713e-37,1.3643342198317764e-57,6.517156600773534e-51,1.9898886682181186e-54,4.593952082242523e-46,5.645347875758415e-37,1.874089454321174e-65,1.3044702092686498e-81
3.998855533972139e-08,1.0000000066256495e-10,0.00017699999999999934,2.705880282587726e-38,5.781966776179346e-32,1.9879005743386728e-48,1.004569431492177e-39,7.087374931490003e-62,1.1612713712443842e-49,-1.3818733442828262e-112,-6.492051884819812e-94,-7.524274716460826e-105,8.779163151307786e-64,2.728561778752425e-54,6.732051641834367e-80,4.6568197217129425e-65,4.6598761814093595e-59,9.442969024312863e-132,-8.615284857218328e-113,5.60090359026617e-92,-2.2384081868675136e-108,-6.435646783568057e-123,-1.891128076127528e-108,6.308043034698976e-28,1.9458390923093592e-21,3.1526977131618252e-28,1.2902269816310141e-20,-1.1428878531485402e-92,-2.9237953570754274e-89,4.140385296804154e-44,3.254156513255968e-30,2.3346234343735555e-125,-2.282474564212811e-118,-1.9990877965239562e-89,-6.463131562394837e-80,-2.923795357069575e-89,-1.8964687331630148e-78,2.2715397018513085e-59,6.0638324603709796e-58,1.868997598849476e-46,3.6065318989623014e-23,3.3899999989312316e-08,7.567803572929087e-33,1.16868481425808e-26,1.8367908131369228e-32,1.832908524020622e-25,2.3351590365166917e-56,5.620860905854207e-47,2.6351919548589923e-34,0.00018232390000000187,0.5,9.080403699439915e-19,0.25,8.897994799330454e-19,2.1901694427446574e-27,9.558967204655079e-60,1.1779051969380546e-58,1.8275360907053835e-44,1.1881932340895014e-62,-1.476975437884643e-72,2.1043109148578523e-60,2.369294207102193e-67,-3.610826569854775e-77,6.965323865217446e-38,2.3417269332056794e-40,2.106051243262464e-37,1.1476929026534483e-23,0.0,3.327075268473948e-69,-4.504347810104794e-85,2.917479528081098e-28,2.4565476233844596e-51,9.94977571113912e-39,6.208150264859947e-98,2.721305177509797e-38,1.0687645208970412e-17,4.713418627206648e-43,1.124510348407237e-34,1.0635723580149897e-44,3.326439196457453e-42,2.0595852921126186e-33,2.846002857379834e-65,-2.5364165852058617e-90,2.3566656158863235e-57,1.502909636880397e-42,0.1000000014901161,1.9278989029576918e-19,7.293730533055664e-30,4.7045643792030225e-43,3.3784401598835974e-77,-1.0215466933207119e-75,8.471652282802289e-56,-1.9969147711414727e-70,2.1669774343653636e-35,-3.257865068933735e-92,2.1680211075000505e-34,1.629746818948817e-33,-3.038989502507317e-78,6.433533172745717e-53,-3.2562129497790373e-69,2.255999999999427e-06,5.723665479001527e-19,6.18e-05,4.949064709505939e-22,2.853529319548685e-47,2.7786310620302865e-40,5.840045542629677e-50,2.986711570252778e-86,1.371100290867771e-43,1.214073553776583e-31,-3.070728940372184e-62,1.403455865329254e-41,-5.411630055673666e-131,-7.384633483594e-66,3.253380259753515e-53,-7.71402437423576e-65,6.754227281353518e-37,2.7179112673681995e-42,6.727708852204905e-91,5.632134896856227e-49,3.5330809523778808e-37,0.000334,6.872093412534891e-21,5.168029294469423e-27,5.057386054814129e-43,-2.8314838783237088e-80,3.672753508351691e-54,8.641486792297985e-57,1.7914875554929656e-72,1.0550435447857707e-57,-1.4521010456387131e-83,2.9160014940147404e-22,1.743518166785231e-30,7.729869354951587e-21,3.5099999999999927e-06,2.3641902705987403e-60,2.0083516253562184e-52,1.663798736308393e-20,1.7799999999999834e-06,1.2409745592639298e-47,6.584209369698409e-43,-1.3920310699981544e-90,1.487427223567648e-63,0.0,0.0,3.180250997246063e-35,1.3471115638985367e-23,9.627309881237136e-52,1.683540573287021e-24,1.1405459153463037e-71,7.644663961096167e-41,1.140545915340112e-71,-6.377071063406253e-96,8.800555751981639e-60,7.303265921638123e-41,7.634882968124195e-28,2.618817800357306e-37,4.1257364073759835e-57,1.9707832899280407e-50,6.017408473989704e-54,9.623249673612506e-46,1.180532239841852e-36,5.6549899386468474e-65,4.913955717989268e-82
5.78268167869447e-08,1.0000000095812466e-10,0.00017699999999999904,3.9129306494969606e-38,8.361210639190382e-32,4.1570170273843976e-48,2.1007148352404986e-39,2.0929172717343185e-61,3.5116755107593086e-49,-2.827720763949484e-111,-1.3548786958976545e-92,-1.5761947150470267e-103,2.6548123219824757e-63,8.251150330798137e-54,-8.056300646157797e-78,-4.3922788379408964e-63,1.4091430272851608e-58,2.088794425824086e-130,-1.820491391385237e-111,-6.702652336597826e-90,-4.7744574399605966e-107,-1.332373613746757e-121,-3.9665535263449824e-107,9.123669084732425e-28,2.8138471046987866e-21,4.559066256767136e-28,1.8657768112982226e-20,-2.3852493767921253e-91,-6.055317136273385e-88,1.2469213545508283e-43,6.804960051284405e-30,1.9881797573427333e-123,-4.624010434676716e-117,-4.140820778597741e-88,-1.3798872706305023e-78,-6.055317136257872e-88,-4.051363839208825e-77,-2.1424925593887756e-57,-5.719343528023479e-56,5.651834788321664e-46,5.215366045686555e-23,3.389999998454471e-08,1.0945202199631151e-32,1.6900166081843868e-26,2.6589502131033954e-32,2.6505399989035975e-25,7.0614636072981005e-56,1.175411854249437e-46,3.8107093811410217e-34,0.00018232390000000271,0.5,1.313102803201371e-18,0.25,1.286724940515581e-18,4.5799934644718255e-27,-7.939936556616022e-58,-9.945176345261169e-57,5.526455496975025e-44,-1.1206914625784195e-60,-3.170248195723192e-71,-1.7478975251720242e-58,-2.234704274435075e-65,-7.713690153151944e-76,1.4565602625172082e-37,7.08136477223994e-40,4.4040888995668555e-37,1.6596605364361105e-23,0.0,-3.1380627388125905e-67,-9.622490219931745e-84,6.100914801457246e-28,-2.316990048426725e-49,2.080656722009944e-38,-6.199886170944991e-96,6.332209983223741e-38,1.545523452962043e-17,9.864667361325738e-43,2.3515304094214195e-34,3.216234872292215e-44,6.956119956339577e-42,4.306921187921266e-33,-2.6843202246109984e-63,-5.293430673547089e-89,7.126539075372958e-57,3.1428237285784725e-42,0.1000000014901161,2.7879040815046985e-19,1.5252353317906876e-29,9.837994133634832e-43,-3.1865108331408087e-75,-3.059532993145315e-74,-7.990373931938428e-54,-4.265943409637156e-69,4.531495278487603e-35,-6.951204700958264e-91,4.533677765005221e-34,2.8240532878802848e-33,-6.4920934166539056e-77,1.945495627984001e-52,-6.956140730001e-68,2.2559999999991717e-06,8.276902033397355e-19,6.18e-05,7.156764123577449e-22,5.967795527313014e-47,5.810598772769769e-40,1.7659357581555277e-49,-2.9244752896932496e-84,2.0168867264423632e-43,2.5388213500817485e-31,-6.559902127106124e-61,4.24404006247477e-41,-1.1588538210225062e-129,-1.5775549859083606e-64,-3.068554302437665e-51,-1.647921679838269e-63,1.41241660149609e-36,5.721189469037461e-42,1.519333415797776e-89,1.7031533875956132e-48,7.388235520657013e-37,0.000334,9.937625484750137e-21,7.47340534511126e-27,1.2197074114444541e-42,-8.48921874670152e-79,1.110637918728243e-53,2.6131643948094515e-56,-1.6897303026788185e-70,3.190443186226096e-57,-3.096824154028572e-82,4.2167835950138215e-22,3.6459744405503e-30,1.1178041696640003e-20,3.5099999999999893e-06,7.140859887085113e-60,6.073240319998033e-52,2.405993011687314e-20,1.779999999999976e-06,2.5950756548887674e-47,1.3769931105038982e-42,-2.9691604734963158e-89,4.497968719537378e-63,0.0,0.0,6.650411835786562e-35,1.9480367048434648e-23,2.911291323434944e-51,2.4345413695256084e-24,-1.0757509984498314e-69,1.5986211063986901e-40,-1.0757509984511538e-69,-1.3308407239142976e-94,2.6612814919572e-59,1.527229368988718e-40,1.1040683394856694e-27,5.47636551690393e-37,1.2476193866202483e-56,5.959633961547058e-50,1.8196598297443912e-53,2.0173837105004054e-45,2.4686811157977858e-36,1.678297549710012e-64,-8.535758790017043e-80
8.362244425442554e-08,1.0000000138552889e-10,0.0001769999999999986,5.658427088141257e-38,1.2091014380531781e-31,8.692985359347483e-48,4.3929296316845576e-39,6.299368362600155e-61,1.0619280260616957e-48,-1.102803916192785e-110,-5.4568932446446736e-92,-6.416650435590859e-103,8.028132602010234e-63,2.49514169205601e-53,-2.9337637423555552e-77,-1.5949634397232016e-62,4.2612379625238664e-58,9.297906058944042e-130,-7.526229522503111e-111,-2.440822338223601e-89,-1.8634502322718433e-106,-5.28246539910197e-121,-1.5769666527051495e-106,1.3197164952080766e-27,4.069059748650012e-21,6.5927935495286085e-28,2.6980703077265183e-20,-9.606428708106838e-91,-2.4019523102870406e-87,3.759957256995567e-43,1.4230256322551762e-29,1.8813643657851092e-122,-1.7704501546111735e-116,-1.6422644869862152e-87,-5.377152952318933e-78,-2.4019523102783794e-87,-1.577707146904778e-76,-7.780009584480219e-57,-2.0768589028616672e-55,1.7091106199763558e-45,7.54189458189244e-23,3.389999997765035e-08,1.583086482567898e-32,2.4439062624730653e-26,3.850912893712133e-32,3.8329039307342445e-25,2.1353789751257894e-55,2.457974269316235e-46,5.510606537116502e-34,0.00018232390000000393,0.5,1.898857175204574e-18,0.25,1.860712564690889e-18,9.577496482230133e-27,-2.88525033219232e-57,-3.6135782235374147e-56,1.6711960158775634e-43,-4.0695545388136396e-60,-1.2342553006648063e-70,-6.351589687155949e-58,-8.114857486397283e-65,-3.003912896509561e-75,3.045899716075621e-37,2.1413994200535344e-39,9.209651995447884e-37,2.4000088262110216e-23,0.0,-1.1395212590843768e-66,-3.747249616433186e-83,1.275798546440543e-27,-8.413660387828002e-49,4.3509849070365374e-38,-2.2530304510892156e-95,1.5181633487732668e-37,2.234956996389213e-17,2.065326058817098e-42,4.91742496983182e-34,9.725870239625359e-44,1.454637178230829e-41,9.006458819416747e-33,-9.747542405358816e-63,-2.1317317604235455e-88,2.1550600860681985e-56,6.572145697225461e-42,0.1000000014901161,4.0315439547926824e-19,3.1895102327551987e-29,2.0572814145059678e-42,-1.1571141682467907e-74,-1.2039815659698336e-73,-2.9015356662173405e-53,-1.66127004942476e-68,9.476079046230637e-35,-2.7069139516766364e-90,9.480642972291938e-34,5.0610221788871736e-33,-2.5281911448037922e-76,5.883164251959791e-52,-2.7089033173152593e-67,2.255999999998803e-06,1.1969096992440975e-18,6.18e-05,1.0349283294074118e-21,1.2481458915744002e-46,1.2151004031277457e-39,5.340123791461478e-49,-1.0624832417330498e-83,2.9880444074161494e-43,5.309080184743583e-31,-2.554597725118467e-60,1.2833945461107954e-40,-4.899588798893954e-129,-6.143412132111369e-64,-1.1142807369467279e-50,-6.417438460883952e-63,2.9535882834282353e-36,1.2077632614698952e-41,7.671298672600774e-89,5.1503231265386615e-48,1.5449978317500177e-36,0.000334,1.437064287973527e-20,1.0807173155339522e-26,3.0408745752118456e-42,-3.253599136353016e-78,3.3585607730630815e-53,7.9021809325658745e-56,-6.135899869027773e-70,9.647876009579119e-57,-1.2082597099017906e-81,6.097823997578307e-22,7.62431380031015e-30,1.6164389129265508e-20,3.509999999999984e-06,2.158894424869192e-59,1.8365433378539435e-51,3.479268403059304e-20,1.7799999999999652e-06,5.426716945770969e-47,2.8799051290414767e-42,-1.1588505774132173e-88,1.3601823763148596e-62,0.0,0.0,1.3907071367479467e-34,2.817025036860104e-23,8.803723225363483e-51,3.5205517312155165e-24,-3.9063627269445556e-69,3.34297158724612e-40,-3.906362726949704e-69,-5.359673176968276e-94,8.047695361764083e-59,3.1936801895712086e-40,1.5965757481257889e-27,1.1451953347528209e-36,3.772791578161435e-56,1.8021888603232624e-49,5.502637737686904e-53,4.233817491803436e-45,5.162405774086327e-36,5.056466475738443e-64,-3.1185247847242486e-79
1.2092509274456956e-07,1.0000000200359135e-10,0.00017699999999999796,8.18256188054231e-38,1.7484624573857938e-31,1.817841834735927e-47,9.186316223657471e-39,1.932023730109573e-60,3.211262660618507e-48,-2.577318158402018e-110,-1.3671069748391733e-91,-1.6434164392141253e-102,2.427701335723853e-62,7.545289906146879e-53,-4.480192170653214e-77,-2.380902483969997e-62,1.2885952050387954e-57,2.7873908880350937e-129,-1.986442389205283e-110,-3.72741463584669e-89,-4.335789273039545e-106,-1.2800128704656542e-120,-3.837755931321041e-106,1.909167994655218e-27,5.884202879448876e-21,9.533734405060543e-28,3.9016367556468235e-20,-2.4064750084923926e-90,-5.826473600274103e-87,1.1347657887972354e-42,2.975773457378668e-29,1.0296240819722477e-121,-3.9623794856786584e-116,-3.982141168489619e-87,-1.2462580456360162e-77,-5.826473600239927e-87,-3.650608062680503e-76,-1.1613706481557388e-56,-3.1002570666694133e-55,5.16833774951747e-45,1.090629028690772e-22,3.389999996768053e-08,2.2899415404256613e-32,3.5340941575914724e-26,5.58097135874507e-32,5.542701694805918e-25,6.457391562313887e-55,5.140018156169572e-46,7.968800936196035e-34,0.0001823239000000057,0.5,2.7459072992926967e-18,0.24999999999999997,2.6907469800601124e-18,2.0028071998555427e-26,-4.291515921637944e-57,-5.377460264152954e-56,5.053684270011518e-43,-6.074878364061737e-60,-2.8522505208950617e-70,-9.447342560965723e-58,-1.2113561178319992e-64,-6.9506617019389845e-75,6.369461888487526e-37,6.475575849302402e-39,1.925885053863323e-36,3.4706147668560415e-23,0.0,-1.7010345946855605e-66,-8.67064568521546e-83,2.6678981495389854e-27,-1.2559596600579529e-48,9.098603080671378e-38,-3.3835774859874647e-95,3.761367951900037e-37,3.2319359279722574e-17,4.326385780911812e-42,1.028311955264696e-33,2.9410958960335936e-43,3.041883078007852e-41,1.883394121311716e-32,-1.4550765678506393e-62,-5.339289737272657e-88,6.516885688450621e-56,1.3743405141176425e-41,0.1000000014901161,5.82995188652728e-19,6.669774369066403e-29,4.3021034197572e-42,-1.7272967042412614e-74,-2.7566260480682956e-73,-4.331303597020876e-53,-3.843961693409425e-68,1.98159919794671e-34,-6.264203277401904e-90,1.982553587287372e-33,9.362152205066699e-33,-5.849903765230383e-76,1.7790644763915837e-51,-6.268048102965132e-67,2.2559999999982687e-06,1.7308321668711612e-18,6.18e-05,1.496593472246558e-21,2.6106305940982724e-46,2.5410036324382094e-39,1.6148977484812442e-48,-1.5923794110345539e-83,4.4704565093446316e-43,1.110213304463348e-30,-5.911005159176375e-60,3.8809755210451055e-40,-1.347866146634544e-128,-1.421505246491324e-63,-1.6633564857169202e-50,-1.4849113562366744e-62,6.176423966387681e-36,2.5600123564433876e-41,2.7366061888187373e-88,1.5574538673886847e-47,3.230836772064926e-36,0.000334,2.07811591482606e-20,1.5628082009574384e-26,7.841532169138844e-42,-6.935125192225733e-78,1.0156262696939636e-52,2.3896215645301892e-55,-9.159451750706091e-70,2.9175108323553926e-56,-2.809074759517619e-81,8.817966743517212e-22,1.5943655630862859e-29,2.3375067208852587e-20,3.509999999999977e-06,6.533024438213798e-59,5.553693338911467e-51,5.031314954666588e-20,1.7799999999999495e-06,1.1348130391353119e-46,6.023529210888744e-42,-2.696359573416993e-88,4.113181401780544e-62,0.0,0.0,2.9081903315683428e-34,4.073655304923408e-23,2.6622393271347517e-50,5.091014121626803e-24,-5.831271742722774e-69,6.990686527898423e-40,-5.83127174273468e-69,-1.3425391920972194e-93,2.433617065802014e-58,6.678494737547484e-40,2.3087829164113465e-27,2.394786014066434e-36,1.1408894757267577e-55,5.449805651428917e-49,1.6639935426572456e-52,8.899390356961057e-45,1.0795413472202284e-35,1.5461865906511104e-63,-4.8855668247362134e-79
1.7486786215901368e-07,1.000000028973617e-10,0.00017699999999999707,1.1832673298320133e-37,2.5284238993559503e-31,3.8013971133742115e-47,1.921005182960555e-38,5.969591373441531e-60,9.710835430153466e-48,-3.4600851428104803e-110,-2.3080220859877438e-91,-2.9473028467047316e-102,7.341350860098197e-62,2.2816900620698452e-52,7.143906562292469e-77,4.260623069627102e-62,3.8967024051203845e-57,6.907970915192019e-129,-3.839184502774192e-110,5.943560175995995e-89,-5.701914556756307e-106,-1.9523121884256305e-120,-5.931052237802442e-106,2.7623794240583605e-27,8.509052621084713e-21,1.3786582447264458e-27,5.642095140175795e-20,-4.061723350682565e-90,-8.917550656777674e-87,3.426833891230034e-42,6.222816699871346e-29,4.421944984027118e-121,-4.4166578868080535e-116,-6.087015520561653e-87,-1.6134295503161796e-77,-8.917550656659991e-87,-4.6943958714242996e-76,2.0782755888560943e-56,5.547917541993002e-55,1.562901474737124e-44,1.5771572507251586e-22,3.3899999953263335e-08,3.312839332872322e-32,5.110597616172119e-26,8.09612332870833e-32,8.015213174745703e-25,1.952720469432022e-54,1.0748603759510395e-45,1.1523557010694362e-33,0.00018232390000000824,0.5,3.970813073985328e-18,0.24999999999999997,3.891046605727499e-18,4.1881891439415313e-26,7.826808735492921e-57,9.782240544877398e-56,1.5282303482296558e-42,1.0871009582384725e-59,-3.647335930001417e-70,1.7229935699711644e-57,2.167719240377244e-64,-8.93800623816822e-75,1.3319560238562429e-36,1.958209298253424e-38,4.027332674919007e-36,5.018801067673145e-23,0.0,3.044005509043059e-66,-1.1149770845655707e-82,5.579000348526537e-27,2.247542882676479e-48,1.9026629552811316e-37,5.878659477795676e-95,9.639634244708361e-37,4.673651375712394e-17,9.069720568168619e-42,2.1503642326846745e-33,8.893852018818675e-43,6.361077087293196e-41,3.9384773606623057e-32,2.6038630406621926e-62,-9.007766150930459e-88,1.9707014036518432e-55,2.8739653402697605e-41,0.1000000014901161,8.430601124618164e-19,1.3947561498395012e-28,8.996384119915135e-42,3.0910009706542616e-74,-3.326798522573113e-73,7.750878365142375e-53,-4.943033485477815e-68,4.143839833269945e-34,-8.060057594962269e-90,4.1458356124501836e-33,1.7811719595928802e-32,-7.52251779299758e-76,5.379877690459486e-51,-8.060218628417744e-67,2.2559999999974967e-06,2.5029289943658403e-18,6.18e-05,2.164200126156469e-21,5.460933824521651e-46,5.313749454215875e-39,4.883665390931003e-48,2.7945840445980254e-83,6.7774692363812665e-43,2.3216330104933943e-30,-7.601089188337685e-60,1.1736040981411589e-39,-2.854519559501751e-128,-1.827944345905489e-63,2.9765804789044546e-50,-1.9094796338307385e-62,1.291588716904282e-35,5.457379485058351e-41,8.545783008342998e-88,4.7097288641015415e-47,6.756194755114166e-36,0.00033399999999999993,3.005130522631842e-20,2.259952198709431e-26,2.0881200636273942e-41,-5.600960724740334e-78,3.071246254847924e-52,7.226235079116007e-55,1.6390769389839029e-69,8.822532526160903e-56,-3.682501556865211e-81,1.275152210372948e-21,3.334072566948348e-29,3.3802314621907314e-20,3.5099999999999664e-06,1.97771393049024e-58,1.6794327182016417e-50,7.275704901291722e-20,1.779999999999927e-06,2.3730750153941326e-46,1.2599753775934522e-41,-3.545931450334338e-88,1.2438230091712068e-61,0.0,0.0,6.081489611289741e-34,5.890848438292983e-23,8.050591835001476e-50,7.362034920865699e-24,1.0435074994064382e-68,1.4618639987491402e-39,1.0435074994049102e-68,-2.265527668126652e-93,7.359239824267592e-58,1.3965798158870456e-39,3.3386944309754776e-27,5.0078793367242677e-36,3.4500418170970785e-55,1.6480171572229307e-48,5.0319040462685525e-52,1.8748551980814187e-44,2.2574930591300708e-35,4.755969596475985e-63,6.746403315385667e-79
2.5287364699943266e-07,1.0000000418982884e-10,0.00017699999999999574,1.7111041749005022e-37,3.6563138153271667e-31,7.949327490787646e-47,4.0171281201721876e-38,1.8442226842405412e-59,2.9365497275911304e-47,3.480272234126378e-110,-9.623527522683169e-92,-2.1841581860851268e-102,2.2200190639251834e-61,6.899813797841247e-52,8.516949058309656e-76,4.8052128977716075e-61,1.1783599366208777e-56,1.5049090579526135e-128,-4.2843612783519357e-110,7.085900176705326e-88,6.582206235223531e-106,3.3907777675789386e-121,5.603077685032702e-107,3.997899150699531e-27,1.2304806270422765e-20,1.9936558736491406e-27,8.158944452956423e-20,-1.6879572410893534e-90,1.3601944408792487e-87,1.0352913853397199e-41,1.301290176458458e-28,1.667266557009271e-120,1.0715784094761428e-115,9.757452490757028e-88,2.0437846770320474e-77,1.3601944412597754e-87,6.175881450906203e-76,2.3439173287529258e-55,6.257043158612918e-54,4.726202384762783e-44,2.280735336446824e-22,3.389999993241485e-08,4.793553575520775e-32,7.390354315175545e-26,1.1761144632470052e-31,1.1590672886763462e-24,5.905043058875454e-54,2.2477063268635408e-45,1.6664033641670305e-33,0.0001823239000000119,0.49999999999999994,5.742129923498197e-18,0.24999999999999994,5.626780888436969e-18,8.758171182720711e-26,8.75092316694204e-56,1.0950004036141476e-54,4.6213571573492533e-42,1.2260523986496535e-58,4.9481287710195436e-70,1.9264281072927309e-56,2.444796398631754e-63,1.1758715726417378e-74,2.7853323884286324e-36,5.921610285962138e-38,8.421794665925769e-36,7.257608766000762e-23,0.0,3.4330852565007244e-65,1.466848226479267e-82,1.166657913363698e-26,2.5348200727585717e-47,3.978771564247513e-37,6.722875498196294e-94,2.5522617702774978e-36,6.758493257106857e-17,1.9034447388117436e-41,4.496754422305104e-33,2.6894942065009763e-42,1.3302070521584614e-40,8.235984037394067e-32,2.9366844988497493e-61,-3.721008670676062e-88,5.9593864448747846e-55,6.009920381144188e-41,0.1000000014901161,1.2191358814926724e-18,2.916657459518235e-28,1.881287347624142e-41,3.486087940830173e-73,6.023317559342847e-73,8.741582742456665e-52,6.5029856275889274e-68,8.665429710924275e-34,1.05681216174209e-89,8.669603200090447e-33,3.46933126020962e-32,9.89651898963413e-76,1.6268709958667975e-50,1.0603910771610669e-66,2.25599999999638e-06,3.619445992941885e-18,6.18e-05,3.129615538619582e-21,1.14247909268876e-45,1.1112217076638008e-38,1.4768863208097323e-47,3.180736028729268e-82,1.0455536087670554e-42,4.8549047400120904e-30,9.99988822490981e-60,3.548970024882429e-39,-4.3897604969482415e-128,2.4048179623656714e-63,3.35704205123877e-49,2.5120846457043156e-62,2.70091791417292e-35,1.1726701982590665e-40,2.526446882947223e-87,1.4242184913296339e-46,1.412828031501825e-35,0.00033399999999999993,4.345671669019217e-20,3.26808109828626e-26,5.722340559516268e-41,3.167587429009749e-77,9.287425738527587e-52,2.1852195415953098e-54,1.8485858650037157e-68,2.6679277250485225e-55,4.33379934801191e-81,1.8439774234965566e-21,6.972077255322356e-29,4.888099202408642e-20,3.5099999999999516e-06,5.987135174516953e-58,5.078591997858471e-50,1.0521281670425218e-19,1.7799999999998944e-06,4.962478288055361e-46,2.6358961791484285e-41,4.0933716568915457e-88,3.761311567557266e-61,0.0,0.0,1.2717364296903452e-33,8.51866265365206e-23,2.434492956058451e-49,1.0646122143670066e-23,1.1768868935134702e-67,3.05699067143504e-39,1.1768868935136738e-67,-9.390086717064381e-94,2.2254286243718668e-57,2.9204713322360484e-39,4.82803317524513e-27,1.0472274059346332e-35,1.0432902416557281e-54,4.98359157034051e-48,1.5216440257526693e-51,3.9625058241575745e-44,4.720777879455136e-35,1.4628468089714293e-62,8.659947150275667e-78
3.6567657748709683e-07,1.0000000605884514e-10,0.0001769999999999938,2.4744007044730206e-37,5.287337614233814e-31,1.6623311385950975e-46,8.400455415724781e-38,5.652862833556413e-59,8.880105119462122e-47,-1.1234790517428105e-106,-5.2923231844081866e-89,-5.984709805952616e-99,6.713321154235696e-61,2.0864985573576864e-51,3.698789460289038e-75,2.1375437494800133e-60,3.5633517253052705e-56,7.929744392345036e-125,-6.867727539604138e-106,3.077305033917181e-87,-2.138739949831062e-104,-6.3991395826775644e-118,-1.2740651656958245e-103,5.788128392443921e-27,1.779378551664335e-20,2.882994222035196e-27,1.179852039266281e-19,-9.306758973989223e-88,-2.2706270102253014e-84,3.1286627765235484e-41,2.7212052108551716e-28,9.276195267461725e-117,-1.823911288623777e-111,-1.7271839552757073e-84,-4.091554179690622e-76,-2.2706270101796917e-84,-8.806148701717236e-75,1.042665080142429e-54,2.78337479261699e-53,1.429200071156019e-43,3.2982046996737737e-22,3.3899999902266175e-08,6.93796525253888e-32,1.068707439838885e-25,1.7119416970199018e-31,1.676108858115067e-24,1.7856866333477317e-53,4.7003180829681865e-45,2.409759582822408e-33,0.0001823239000000172,0.5,8.303603178920129e-18,0.24999999999999992,8.136798748437602e-18,1.831473216942342e-25,3.888767685572043e-55,4.866675617407168e-54,1.397494952724642e-41,5.4539552550860596e-58,-6.804635717397151e-69,8.560732658021734e-56,1.087539429358098e-62,-1.6766676730286973e-73,5.8245740663167043e-36,1.7906905268175636e-37,1.7611315258995847e-35,1.0495113132691182e-22,0.0,1.527169096588935e-64,-2.091569269954788e-81,2.439667684811871e-26,1.1275860068369883e-46,8.32024564051492e-37,2.972451761690893e-93,6.95943901478328e-36,9.773350089464973e-17,4.0010347971967564e-41,9.403430368543908e-33,8.133010392066645e-42,2.781688387636237e-40,1.7222755609590658e-31,1.30635084271126e-60,-1.9801925536694213e-85,1.802114033456714e-54,1.2567703691958418e-40,0.1000000014901161,1.7629730971410636e-18,6.099195713807864e-28,3.9340717809453216e-41,1.550746673703054e-72,-1.1970111121013099e-70,3.8885940981377684e-51,-9.272564286366394e-67,1.8120794988239877e-33,-2.236421793011208e-88,1.8129522409542182e-32,6.885619054729731e-32,-1.4111381888799525e-74,4.919645742420344e-50,-1.5120046057698524e-65,2.2559999999947654e-06,5.234023548135374e-18,6.18e-05,4.5256874815950766e-21,2.3906504860489626e-45,2.3238384632830358e-38,4.466228572899181e-47,1.4092562354101738e-81,1.6490586356321027e-42,1.0152379777851417e-29,-1.425877324680969e-58,1.0732058845883465e-38,-4.298925313173404e-122,-3.4290144102395315e-62,1.4933421416975325e-48,-3.5819650156803166e-61,5.648049943161616e-35,2.547330218777317e-40,5.424691283214971e-85,4.30682608221949e-46,2.9544486487879034e-35,0.00033399999999999993,6.284206994164055e-20,4.725920342536325e-26,1.6066100063622933e-40,-4.444126925049372e-77,2.8085106077315247e-51,6.608109859925789e-54,8.223215439935773e-68,8.067794447118405e-55,-1.3810017196897306e-79,2.6665465586811774e-21,1.457972502444421e-28,7.068602869314265e-20,3.5099999999999295e-06,1.811778629600043e-57,1.5357624276076924e-49,1.521465885301916e-19,1.7799999999998479e-06,1.0377333563599857e-45,5.515365596347001e-41,-1.330047633138036e-86,1.1374178240730955e-60,0.0,0.0,2.6594036164097133e-33,1.2318703176198592e-22,7.361888513832152e-49,1.5395188682206152e-23,5.235248078430985e-67,6.392654836323766e-39,5.235248078428111e-67,-4.984005470377857e-91,6.729679536157355e-57,6.107172025624962e-39,6.981742371993901e-27,2.1899194571235767e-35,3.154902235801286e-54,1.5070343681547463e-47,4.601440170644202e-51,8.412890445354927e-44,9.871899138892651e-35,4.471603041114893e-62,3.6468452157722746e-77
5.287991093946486e-07,1.0000000876160002e-10,0.00017699999999999105,3.5781917828373463e-37,7.6459354080601056e-31,3.476199514762533e-46,1.7566691789091494e-37,1.3416010403277008e-58,2.6853339072118765e-46,-1.8054682984830904e-104,-8.81559197309081e-87,-9.801169052156642e-97,2.0301027646621707e-60,6.309555227472257e-51,-6.6783122643436015e-74,-2.6684830636530124e-59,1.0775545327185523e-55,1.3600007782123468e-122,-1.1315949200125708e-103,-5.556204302308555e-86,-4.744974820480278e-102,-1.0584459013053937e-115,-2.1485219349419682e-101,8.384402874630953e-27,2.573131147803486e-20,4.16905235649649e-27,1.7061653527013845e-19,-1.5503306372164562e-85,-3.789318572210256e-82,9.45676473051616e-41,5.690473909109613e-28,2.3009339757291616e-114,-2.896992333390403e-109,-2.8725589089879484e-82,-1.0387723875662712e-73,-3.7893185721195486e-82,-2.5391341957990175e-72,-1.3016412784539985e-53,-3.4747068530200476e-52,4.321890383918462e-43,4.769626805120535e-22,3.389999985866866e-08,1.0045602898125236e-31,1.5454409145772421e-25,2.498993439564577e-31,2.4237944882347556e-24,5.399611402804892e-53,9.829132044945772e-45,3.4847153075726384e-33,0.0001823239000000249,0.5,1.2007709106002005e-17,0.24999999999999986,1.176649582421528e-17,3.829902468396023e-25,-4.841548335041478e-54,-6.061267336605248e-53,4.2260143401869857e-41,-6.808603595293554e-57,-1.9799699467595603e-66,-1.065818379635908e-54,-1.3576743778542885e-61,-4.834444908544006e-71,1.218011293551036e-35,5.415034872182871e-37,3.682806782030799e-35,1.517681693865697e-22,0.0,-1.9064860049855268e-63,-6.030757824852579e-79,5.1017340571099377e-26,-1.4076547210649312e-45,1.7398960053801575e-36,-4.1267242321785726e-92,1.9458976874793774e-35,1.413308681253734e-16,8.429181735498241e-41,1.9664071985541428e-32,2.4594162955657607e-41,5.816994333942794e-40,3.6015527639775885e-31,-1.6308210762524559e-59,-3.3009434820655955e-83,5.449578284039253e-54,2.6281078224116292e-40,0.1000000014901161,2.5494074847815118e-18,1.2754390544114684e-27,8.226771327298973e-41,-1.9359212893398657e-71,-2.0090841133595586e-68,-4.854439342384126e-50,-2.67361885024931e-64,3.789347118485063e-33,-5.5150350241276544e-86,3.7911721584230554e-32,1.3864880035686746e-31,-4.0688265522066457e-72,1.4876972032725077e-49,-4.3596613908257195e-63,2.2559999999924306e-06,7.568838589069423e-18,6.18e-05,6.544525014471507e-21,5.003902046297147e-45,4.859809176799085e-38,1.3499285916885617e-46,-1.8890207475196474e-80,2.6719194271035555e-42,2.1230244593330576e-29,-4.11132497197419e-56,3.2453666221848254e-38,-7.167125644184482e-120,-9.887100146795206e-60,-1.8642570543460922e-47,-1.0328112910082971e-58,1.1810972852246722e-34,5.6144247028939035e-40,9.862472478737485e-83,1.3023809943169435e-45,6.178223126387135e-35,0.0003339999999999999,9.087492230081921e-20,6.834078599824853e-26,4.5994462069701485e-40,-4.194335773603085e-74,8.492915129681636e-51,1.998179564497885e-53,-1.0265906574130355e-66,2.439690519047785e-54,-3.068271511795186e-77,3.856050762341e-21,3.048852930044383e-28,1.0221794700781971e-19,3.5099999999998978e-06,5.417132064578595e-57,4.644134125623569e-49,2.200167729225906e-19,1.7799999999997799e-06,2.1700659871883278e-45,1.1543446981775756e-40,-2.950823566541838e-84,3.439542286478231e-60,0.0,0.0,5.561236927308837e-33,1.781388159079364e-22,2.2262296204513158e-48,2.2262738614438068e-23,-6.535574010448571e-66,1.336806036587969e-38,-6.535574010531492e-66,-8.307827689021707e-89,2.0350500966244332e-56,1.2771072993068131e-38,1.0096187181044535e-26,4.5794707072714574e-35,9.540384554371627e-54,4.55726074212812e-47,1.3914720755053241e-50,1.797571116643143e-43,2.0643714890368284e-34,1.119909818851791e-61,-9.263018990122672e-76
7.646880202668737e-07,1.0000001267001107e-10,0.00017699999999998704,5.1743666936232776e-37,1.1056666546580159e-30,7.269287646807578e-46,3.673475395071082e-37,3.550252160197142e-58,8.120425206062054e-46,-8.540073388591275e-104,-4.2919638758722924e-86,-4.813021162787634e-96,6.13901481661859e-60,1.9080046750008566e-50,-3.162869944772979e-73,-1.2636315321884606e-58,3.2585163533723248e-55,7.220718986639996e-122,-5.631450147109183e-103,-2.631436056931824e-85,-2.2729032305925808e-101,-5.066389255886866e-115,-1.0425389457831796e-100,1.2154418285155835e-26,3.7209642050716184e-20,6.0288007241169145e-27,2.4672587004625404e-19,-7.547924942951656e-85,-1.8199819525798928e-81,2.858821868615992e-40,1.189968811126158e-27,1.7933092591194373e-113,-1.3499351535188892e-108,-1.3791969479345806e-81,-4.942074105504969e-73,-1.8199819525201012e-81,-1.2029284019975377e-71,-6.163782639521494e-53,-1.6454101550488382e-51,1.3069364304836888e-42,6.897585458777631e-22,3.3899999795622986e-08,1.4553389341211267e-31,2.2348376507103024e-25,3.6626496173723993e-31,3.5050108454448164e-24,1.6327982771266994e-52,2.0554335308049414e-44,5.039191900072556e-33,0.000182323900000036,0.5000000000000001,1.7364158055216625e-17,0.2499999999999998,1.7015343272654668e-17,8.008936616638904e-25,-2.2931007144097026e-53,-2.8707216323485576e-52,1.2779435861290238e-40,-3.2241411926994876e-56,-9.380211889133531e-66,-5.048031577175109e-54,-6.429121397448457e-61,-2.2903441272130232e-70,2.5470557921073514e-35,1.637502514303993e-36,7.701336097075356e-35,2.1946954685957035e-22,0.0,-9.027959956902157e-63,-2.8571037682848767e-78,1.0668539217192471e-25,-6.665797924186675e-45,3.6383999220288334e-36,-1.954253277356161e-91,5.552656364860898e-35,2.0437633041007445e-16,1.7815399828473814e-40,4.1120709324078857e-32,7.437256548769189e-41,1.2164384840199347e-39,7.531420989011534e-31,-7.722578258980193e-59,-1.6061009138938025e-82,1.6479482525717137e-53,5.4957943210668246e-40,0.1000000014901161,3.6866578020956986e-18,2.6671463841270698e-27,1.7203490544381895e-40,-9.167347591831446e-71,-9.493285846693139e-68,-2.298767674160832e-49,-1.2666412257088006e-63,7.924128934087209e-33,-2.6111714495186185e-85,7.927945374505798e-32,2.822139741585335e-31,-1.927628336342611e-71,4.498785239769403e-49,-2.065412893610968e-62,2.2559999999890543e-06,1.0945177655492589e-17,6.18e-05,9.463934005713277e-21,1.0478081249272727e-44,1.0163520204672774e-37,4.081270782750238e-46,-8.945524023094428e-80,4.466150234623417e-42,4.4395825911219245e-29,-1.9477621904210977e-55,9.813964488205999e-38,-3.637540302753333e-119,-4.684066564098287e-59,-8.827989291111831e-47,-4.892998719535413e-58,2.469862715810054e-34,1.2610209532947373e-39,5.782225946277294e-82,3.9383904058691246e-45,1.2919649496014459e-34,0.0003339999999999999,1.3141278613456984e-19,9.882652893105721e-26,1.336722608719802e-39,-1.987062882170862e-73,2.5682511966367193e-50,6.042331398873464e-53,-4.861309974670273e-66,7.377599715873387e-54,-1.4671130997047195e-76,5.576173959288293e-21,6.375637515003936e-28,1.478157548764216e-19,3.5099999999998525e-06,1.6296401281260489e-56,1.4043826934254226e-48,3.181627720665938e-19,1.7799999999996816e-06,4.5379542428406163e-45,2.4169241111889772e-40,-1.413481961548367e-83,1.0401149195822941e-59,0.0,0.0,1.162943299334301e-32,2.5760372048208404e-22,6.73210179143471e-48,3.219379383967739e-23,-3.0948509617179087e-65,2.795474530970178e-38,-3.0948509617571915e-65,-4.0422537690079736e-88,6.15397633749662e-56,2.6706357694621784e-38,1.4599936588910046e-26,9.576403321406788e-35,2.8850029267331002e-53,1.3781122545345898e-46,4.2078011712829724e-50,3.874831543497362e-43,4.316929888080325e-34,3.0665644261869068e-61,-4.3873788292694026e-75
1.1058032397389417e-06,1.0000001832190239e-10,0.00017699999999998126,7.482570186534613e-37,1.598887128668052e-30,1.5201240203182582e-45,7.681822957509501e-37,1.2291603955471048e-57,2.4556118931672545e-45,-2.2146649159551147e-103,-1.1805651839038693e-85,-1.3468202771225839e-95,1.8564337000693624e-59,5.769792240574773e-50,-6.676153462183658e-73,-2.4192128693394322e-58,9.853730677771954e-55,2.311745473291733e-121,-1.6159353395842356e-102,-5.554409804089082e-85,-6.019904578821934e-101,-1.3465553477597736e-114,-2.8480219123986906e-100,1.7638766482425783e-26,5.3808274054591376e-20,8.718153520847413e-27,3.5678637363428534e-19,-2.0761487315254e-84,-4.870508600295875e-81,8.643180737923068e-40,2.4884144856182723e-27,8.579897128711175e-113,-3.3874399572009126e-108,-3.6885627768214536e-81,-1.287764901237067e-72,-4.870508600046653e-81,-3.1010940259572044e-71,-1.1800487874370563e-52,-3.1501179836437246e-51,3.9521659893332714e-42,9.975124106356195e-22,3.3899999704453634e-08,2.110105500732295e-31,3.231763368693851e-25,5.398746382013425e-31,5.0685407118287e-24,4.937693145094407e-52,4.2982552890383247e-44,7.287096178324611e-33,0.00018232390000005205,0.5000000000000001,2.511003410081773e-17,0.24999999999999972,2.4605618410101912e-17,1.6747963220713383e-24,-4.389256219418276e-53,-5.4950338263728736e-52,3.864491845491498e-40,-6.172579588964598e-56,-2.417941464410632e-65,-9.662507982677682e-54,-1.2308514607166504e-60,-5.904401704339815e-70,5.326299716965955e-35,4.9517953373946485e-36,1.6104721528965516e-34,3.173714368475736e-22,0.0,-1.7283921105689654e-62,-7.365481959787101e-78,2.230961622974984e-25,-1.2761589911472134e-44,7.608474269784064e-36,-3.86672594174375e-91,1.6097504113992329e-34,2.955453747882997e-16,3.782527815021435e-40,8.598995849777646e-32,2.249020815760904e-40,2.54380379039344e-39,1.5749401941793875e-30,-1.4784783396926209e-58,-4.4122988373160804e-82,4.983383672945033e-53,1.1492587780976768e-39,0.1000000014901161,5.331217481271966e-18,5.5774282561512536e-27,3.5975241868036298e-40,-1.7550781672264115e-70,-2.4541269152293766e-67,-4.400963058248602e-49,-3.265342748986341e-63,1.657061689532175e-32,-6.735873149579924e-85,1.6578597653315515e-31,5.789866338234942e-31,-4.9693370925531065e-71,1.3604292953248571e-48,-5.324539319676533e-62,2.255999999984172e-06,1.5827648125996422e-17,6.179999999999998e-05,1.3685645121685644e-20,2.1954050235727823e-44,2.1256215625213433e-37,1.2344505159210635e-45,-1.7516960102780594e-79,7.72306843804133e-42,9.283874935293949e-29,-5.0212412425852014e-55,2.967735515587995e-37,-1.0812827365622644e-118,-1.207530792664389e-58,-1.6901079402373948e-46,-1.2613925401604699e-57,5.164876688194477e-34,2.8999478405439438e-39,2.122494030526549e-81,1.1909663165682605e-44,2.7017046756904235e-34,0.00033399999999999977,1.9003394891817925e-19,1.429114794209632e-25,3.9290102087277773e-39,-5.0845775533460664e-73,7.766372430978072e-50,1.8272421480332146e-52,-9.306984791250932e-66,2.23098254713852e-53,-3.871077532784532e-76,8.063616881785884e-21,1.3332474413688828e-27,2.1375402294094462e-19,3.5099999999997864e-06,4.954103734518092e-56,4.2468427728639967e-48,4.600901476026311e-19,1.7799999999995395e-06,9.489586701836174e-45,5.063261691228281e-40,-3.7436817003898766e-83,3.145300053165245e-59,0.0,0.0,2.431899836303081e-32,3.7251665988109733e-22,2.0357825415601435e-47,4.6554935561583515e-23,-5.9250549576291686e-65,5.845782881241265e-38,-5.9250549577304335e-65,-1.1105004786585557e-87,1.8609578364363333e-55,5.584727594741601e-38,2.1112737465642211e-26,2.0025786048652047e-34,8.724234179674384e-53,4.167401139082409e-46,1.272435930498264e-49,8.453140693573238e-43,9.027388605139291e-34,1.0255762819047621e-60,-9.818709033802493e-75
1.5990845581579638e-06,1.0000002649501297e-10,0.00017699999999997291,1.0820427185328808e-36,2.3121255393562694e-30,3.178821925971165e-45,1.6063917284587843e-36,4.6440713258210285e-57,7.425760219961028e-45,-3.5427269054180293e-103,-2.2325015334547337e-85,-2.6575164245003117e-95,5.613842922288824e-59,1.7447810742238457e-49,-1.9394712509268905e-73,1.0395288977474518e-58,2.979761726985918e-54,5.937123085603088e-121,-3.377984304506287e-102,-1.6136073504576818e-85,-1.0249175008817292e-100,-2.3203576767269716e-114,-5.290942567623247e-100,2.56377435379089e-26,7.78112927692497e-20,1.2607184285416441e-26,5.159431244038484e-19,-3.9260193574073244e-84,-8.558065882411481e-81,2.6132992454815446e-39,5.203671380798586e-27,3.3755671065537765e-112,-4.841411691805322e-108,-6.469806989118952e-81,-2.085089514644103e-72,-8.55806588153276e-81,-4.848226995169209e-71,5.070842728196385e-53,1.3536519572537826e-51,1.1951320337088393e-41,1.4426196881154812e-21,3.389999957261508e-08,3.063023087253663e-31,4.673401891952863e-25,8.020855945599573e-31,7.329536518639748e-24,1.4932282289673102e-51,8.988385717356481e-44,1.0537755570914214e-32,0.0001823239000000753,0.5000000000000002,3.6311222865896134e-17,0.2499999999999996,3.558179499510559e-17,3.502266095416448e-24,1.8942002905296299e-53,2.370034734241348e-52,1.1686194386698833e-39,2.652448161874509e-56,-3.7788458350123844e-65,4.169892363221986e-54,5.288848274883421e-61,-9.230897134780792e-70,1.1138141835301482e-34,1.497419189600088e-35,3.3677540129364176e-34,4.589458097000837e-22,0.0,7.427153347250111e-63,-1.1515138976842877e-77,4.665296396259377e-25,5.4838439142191133e-45,1.5910532632987817e-35,6.909768455480912e-92,4.7228121323154505e-34,4.273834854291558e-16,8.082368383426706e-40,1.7981871118609658e-31,6.8010220871991866e-40,5.3196111322656985e-39,3.293451020256052e-30,6.353238127940432e-59,-8.317312171491677e-82,1.5069717775162422e-52,2.4032850476214304e-39,0.1000000014901161,7.709389197028943e-18,1.1663291543955732e-26,7.522996759781514e-40,7.541791525891506e-71,-3.884964240891906e-67,1.891158843113101e-49,-5.105012195911339e-63,3.4651801693351596e-32,-1.0561943743873522e-84,3.4668490647932117e-31,1.194603807774165e-30,-7.769024147048393e-71,4.1139280194555325e-48,-8.324344541649225e-62,2.2559999999771116e-06,2.2888111375197525e-17,6.179999999999998e-05,1.9790594715018277e-20,4.603857951832465e-44,4.4458223520058885e-37,3.734621582335377e-45,4.500310142928511e-80,1.3828153259456236e-41,1.9414062454957914e-28,-7.850170709771409e-55,8.974409935010209e-37,-2.4330786519772935e-118,-1.8878445402217525e-58,7.262642696935875e-47,-1.9720515891856648e-57,1.0800580547851958e-33,6.859418092530256e-39,6.571373680942665e-81,3.601473240427029e-44,5.649695183801148e-34,0.0003339999999999997,2.748050836732578e-19,2.066620289631562e-25,1.164451760398698e-38,-7.730761925824835e-73,2.348545217862998e-49,5.525838632406199e-52,3.998842951840815e-66,6.746485898845187e-53,-6.517408906414558e-76,1.1660668711364131e-20,2.788032934886454e-27,3.0910630846918285e-19,3.5099999999996907e-06,1.5136620962152602e-55,1.2842420801862293e-47,6.653290784015197e-19,1.7799999999993341e-06,1.984424145743369e-44,1.061556963008937e-39,-6.373796191448256e-83,9.511365684283954e-59,0.0,0.0,5.085490252403158e-32,5.386904401055223e-22,6.1561911255785265e-47,6.732235521591666e-23,2.546083476684205e-65,1.222446388211381e-37,2.546083476525906e-65,-2.0933644896627086e-87,5.627522525411454e-55,1.1678563116777393e-37,3.053079603963683e-26,4.187711122526065e-34,2.638205996815118e-52,1.2602189758980254e-45,3.8478367424758986e-49,1.8736018801096516e-42,1.8877708725937996e-33,3.686851852116706e-60,-6.771012069523334e-75
2.312410863204668e-06,1.0000003831401876e-10,0.00017699999999996085,1.564725033358602e-36,3.3435285053155784e-30,6.647424205060904e-45,3.359221449332616e-36,1.7076165059296069e-56,2.245547025002493e-44,2.5409014906652548e-104,-1.9439356389048e-85,-2.8868939921308928e-95,1.697622329177055e-58,5.2762056237765206e-49,5.452738595070433e-72,3.047329395913017e-57,9.010780247426358e-54,1.3272172952989365e-120,-4.609204934782307e-102,4.5365494561277465e-84,-3.032921771094534e-101,-8.506313740063127e-115,-4.1160359821199717e-100,3.734744585769018e-26,1.125216776195433e-19,1.8231050653056836e-26,7.460971798333368e-19,-3.4181877923294185e-84,-4.0756993029695793e-81,7.901777322686789e-39,1.088170638757137e-26,1.201187494412154e-111,3.879145905852985e-108,-3.017632254708058e-81,2.166691757272874e-75,-4.075699300095822e-81,1.05407795714439e-71,1.4864455051889615e-51,3.9680382765923613e-50,3.6140703119413684e-41,2.0864271631944305e-21,3.389999938196543e-08,4.45371550450005e-31,6.758132590247004e-25,1.2045952550778187e-30,1.0599126802132922e-23,4.5157514609140195e-51,1.8796294665710414e-43,1.5238483924047112e-32,0.0001823239000001089,0.5000000000000003,5.250908470161931e-17,0.24999999999999942,5.14542699235826e-17,7.32379670385823e-24,5.533997252679535e-52,6.927306236866962e-51,3.5338964244507684e-39,7.775274555679595e-55,8.301456044438224e-66,1.2182540800169333e-52,1.5504204561435893e-59,2.006936347477972e-70,2.3291630237764027e-34,4.5281843731675934e-35,7.042510525277881e-34,6.636742682844035e-22,0.0,2.177164735553612e-61,2.503565124170686e-78,9.755878450556721e-25,1.6075105779402013e-43,3.32714601569153e-35,4.273836206916229e-90,1.3978402709755056e-33,6.180324877649791e-16,1.74231586119079e-39,3.7602958999247917e-31,2.056623979195673e-39,1.1124493231262378e-38,6.887131114699159e-30,1.862361534847619e-57,-7.104814880001089e-82,4.5570723053398666e-52,5.02565738948589e-39,0.1000000014901161,1.1148425664503857e-17,2.4389801690032403e-26,1.5731786045504786e-39,2.2107775634615887e-69,5.297448896981487e-68,5.543662400068865e-48,1.1099070306575971e-63,7.246244174077272e-32,2.0929505368122136e-85,7.249734075532762e-31,2.4747534017261665e-30,1.6891032198574807e-71,1.244048757530097e-47,1.8098388247351944e-62,2.2559999999669014e-06,3.309813550015981e-17,6.179999999999997e-05,2.8618865639857125e-20,9.66645898283629e-44,9.29936908751057e-37,1.1298872882896226e-44,2.02037573646756e-78,2.560561354519067e-41,4.059789935745152e-28,1.7067456724842733e-55,2.7138548291366724e-36,-4.128573055652109e-118,4.104459080543142e-59,2.128940301861309e-45,4.287537992900513e-58,2.2585735771233077e-33,1.674870928333347e-38,1.8958904703352817e-80,1.0890828160972347e-43,1.18144133032749e-33,0.00033399999999999955,3.973912781655718e-19,2.988506905883216e-25,3.471778955261749e-38,3.071494160435754e-73,7.101983182269525e-49,1.671098453901774e-51,1.1723209622727882e-64,2.040136005907949e-52,-1.5070724171666646e-76,1.686230841438407e-20,5.830221298840117e-27,4.469937389755596e-19,3.509999999999553e-06,4.628149754337768e-55,3.8835384505680573e-47,9.621218469301159e-19,1.7799999999990372e-06,4.1497481012335525e-44,2.2281954538049924e-39,-1.8861211257748775e-83,2.8762304729366943e-58,0.0,0.0,1.0634570846718164e-31,7.78991708335484e-22,1.8616275737456405e-46,9.735379193574084e-23,7.463480944502364e-64,2.556330261968243e-37,7.463480944505817e-64,-1.7883952843966827e-87,1.701758584697925e-54,2.442175963964805e-37,4.4150102140178643e-26,8.757171585362414e-34,7.977928630482625e-52,3.8108927182531866e-45,1.1635829544570016e-48,4.2382876010502104e-42,3.947629843592512e-33,1.306422867829096e-59,5.6096781503887434e-74
3.34394073971087e-06,1.0000005540529594e-10,0.0001769999999999434,2.2627244940961263e-36,4.835024407663808e-30,1.3900826133056874e-44,7.024668343827658e-36,5.978502837814908e-56,6.790524633952553e-44,3.094512321185799e-102,7.511686334772187e-85,5.676873528587393e-95,5.1335983837521406e-58,1.59552082452541e-48,3.2790236162052825e-71,1.6557194708592317e-56,2.72485403377302e-53,2.6193663651586284e-120,1.8615449016261737e-102,2.728071138275526e-83,6.807813893964326e-100,1.4473091522149383e-113,2.0600823389541692e-99,5.457866844419367e-26,1.6271581457357712e-19,2.6363635921434567e-26,1.0789193112000574e-18,1.3211949927352252e-83,4.803399548948077e-80,2.38932006624564e-38,2.2755382692481804e-26,4.034009703745948e-111,6.241410902511481e-107,3.667514784608377e-80,1.7380201268268641e-71,4.803399549853956e-80,4.6394356762538214e-70,8.07635901131265e-51,2.155968821439601e-49,1.0928921545777003e-40,3.017729944100524e-21,3.389999910626999e-08,6.491317679393849e-31,9.772828759952822e-25,1.835446001189388e-30,1.532722963726187e-23,1.3656244653774475e-50,3.930649377705815e-43,2.203613544660767e-32,0.0001823239000001575,0.5000000000000003,7.593255646470949e-17,0.24999999999999917,7.440720408714061e-17,1.531522636269881e-23,3.006292100918949e-51,3.7632813338431415e-50,1.0686476313871162e-38,4.224568498083924e-54,3.621006202673921e-64,6.618051014101442e-52,8.42397626835908e-59,8.833363674851908e-69,4.870651201549239e-34,1.3693195531039938e-34,1.4727012210963958e-33,9.597288497232895e-22,0.0,1.1829269269854359e-60,1.1019233508248942e-76,2.040109694728514e-24,8.734146220407679e-43,6.957592719251009e-35,2.3859814496600258e-89,4.1636240679645175e-33,8.937269870661709e-16,3.801203114617152e-39,7.863378136119691e-31,6.219215498066613e-39,2.3264111827408855e-38,1.440208907028549e-29,1.0118837406013706e-56,2.87683924713219e-81,1.3780555048824628e-51,1.0509466583261974e-38,0.10000000149011612,1.6121561854064808e-17,5.1002962660829686e-26,3.2897674101299845e-39,1.2011901433792482e-68,3.536695252263896e-66,3.0120584421260693e-47,4.885162341182528e-62,1.5153051822530612e-31,9.990218687143164e-84,1.5160349687223955e-30,5.14133260494998e-30,7.434447089024908e-70,3.7619941435356134e-47,7.965852642761936e-61,2.2559999999521372e-06,4.7862689744377524e-17,6.179999999999996e-05,4.1385288394562293e-20,2.033221803820033e-43,1.9453859330982483e-36,3.418222794474207e-44,1.1176544868045996e-77,4.889793011632346e-41,8.489667896223355e-28,7.512099012445134e-54,8.206676647503056e-36,-3.2671370520535195e-118,1.806543526182284e-57,1.1567249546783041e-44,1.8871241586840923e-56,4.7230374151409234e-33,4.2295630478576075e-38,5.33168015730279e-80,3.293378296719569e-43,2.4705821661148373e-33,0.0003339999999999994,5.746612303373603e-19,4.321632571983568e-25,1.039509095452741e-37,8.192954135065002e-72,2.147634405888714e-48,5.053628283251191e-51,6.369647805866349e-64,6.169366008801017e-52,4.569303117675526e-75,2.438431723769531e-20,1.2191922076096605e-26,6.463905692279192e-19,3.5099999999993536e-06,1.4132089523893384e-54,1.1743791247894377e-46,1.3913091707365556e-18,1.7799999999986078e-06,8.677787416867141e-44,4.684643136171463e-39,4.2336715768378484e-82,8.697701064352832e-58,0.0,0.0,2.2238582996493534e-31,1.1264875584612588e-21,5.629547812876148e-46,1.4078177700573848e-22,4.0551605106447065e-63,5.345694051141829e-37,4.055160510659861e-63,7.239500076278517e-87,5.14610518612138e-54,5.106986034052494e-37,6.38447665408575e-26,1.831264191739408e-33,2.4125232594237233e-51,1.1524110976735546e-44,3.518666156944234e-48,9.831481683769234e-42,8.255123333014657e-33,4.46513239540749e-59,3.771040503662265e-73
4.835619763177152e-06,1.0000008012072127e-10,0.0001769999999999181,3.2720908986328054e-36,6.991853861678464e-30,2.90688502892131e-44,1.46897036907428e-35,-2.860297217529494e-56,2.053431076958325e-43,-1.2006234924059998e-97,-6.991093032693508e-81,-5.523567262776779e-90,1.5523871657711087e-57,4.824838319906289e-48,-1.3611991983410646e-69,-1.3864234704717921e-55,8.23991728376832e-53,1.193708703278581e-114,-6.36443588153069e-96,-1.132496071918317e-81,-1.2578920101504296e-96,-1.8728035983688559e-109,-2.9636676561597238e-95,8.011964771577017e-26,2.3530075916277886e-19,3.8124041133478114e-26,1.5602081169141511e-18,-1.2293388542491732e-79,-2.1434729176831985e-76,7.224927862591459e-38,4.7585132477250215e-26,1.2440901352704864e-105,-1.6463805554536956e-101,-3.304420329099482e-76,-1.5701349303902364e-68,-2.143472917201446e-76,-1.4356684617929748e-67,-6.762305310079548e-50,-1.8051845395743968e-48,3.304897947265441e-40,4.365105738841222e-21,3.3899998707591186e-08,9.493369433808348e-31,1.413233339695323e-24,2.8497325622614113e-30,2.2164464480223325e-23,4.1279778395803696e-50,8.219749069091889e-43,3.186611733593134e-32,0.00018232390000022774,0.5000000000000008,1.0980486857143048e-16,0.2499999999999988,1.0759907766393155e-16,3.2026579550197124e-23,-2.5164206834835406e-50,-3.1501843092983952e-49,3.2315826768347083e-38,-3.5372150715065356e-53,-1.1191255574737381e-61,-5.539647854823511e-51,-7.054044166303101e-58,-2.733476268579453e-66,1.0185308149275902e-33,4.1408126190044e-34,3.079653025936146e-33,1.3878486901436065e-21,0.0,-9.904605507375718e-60,-3.4098904874733935e-74,4.2661945516066724e-24,-7.313064601506675e-42,1.4549435510601073e-34,-4.196912642086166e-88,1.2458117407507137e-32,1.2924044280181e-15,8.425935089788438e-39,1.6443577084438073e-30,1.8806862711223736e-38,4.865205998481241e-38,3.011706410492636e-29,-8.472465220928686e-56,-1.863092140417392e-77,4.167223074459551e-51,2.197701776943321e-38,0.10000000149011609,2.3313135364210254e-17,1.066553230728094e-25,6.879428517442696e-39,-1.0057605274272935e-67,-1.1394265176969118e-62,-2.5219842628237772e-46,-1.5117082273670042e-59,3.168744722595129e-31,-9.68956490129065e-81,3.170270799580058e-30,1.0702509970498815e-29,-2.3005823241601408e-67,1.137624244695234e-46,-2.4650242411018034e-58,2.2559999999307865e-06,6.921347788766323e-17,6.179999999999994e-05,5.9846610094302e-20,4.287507592810986e-43,4.070348683328214e-36,1.0299359956472742e-43,-1.619991868412315e-76,9.59099579417062e-41,1.775324877273733e-27,-2.3246113682193395e-51,2.4816931237248524e-35,-4.016672104965396e-110,-5.590332577570009e-55,-9.685212747692628e-44,-5.839686209402909e-54,9.876624189149759e-33,1.1043560114502117e-37,5.379380725068859e-76,9.959151550525867e-43,5.1663811648489316e-33,0.0003339999999999991,8.3100849555524e-19,6.24944454518565e-25,3.1218156306981063e-37,-2.3094782899253509e-69,6.494430541076853e-48,1.527599005283089e-50,-5.334424459779176e-63,1.8655860554312032e-51,-8.104496207828419e-72,3.5261775110259246e-20,2.5495252344988883e-26,9.347351686498476e-19,3.5099999999990643e-06,3.9224542275633063e-54,3.551313774570788e-46,2.0119501648825213e-18,1.7799999999979865e-06,1.8146644710399965e-43,9.872332242042069e-39,-7.822570878260284e-79,2.6301738353317285e-57,0.0,0.0,4.650442228278684e-31,1.628995786057246e-21,1.7023712321917278e-45,2.0358229842329618e-22,-3.395369762992732e-62,1.1178698295916557e-36,-3.3953697634616093e-62,-4.68953954475292e-83,1.5561785368152738e-53,1.067954239665411e-36,9.232491199581979e-26,3.829465383151723e-33,7.29535982625057e-51,3.484882930713668e-44,1.0640420405570673e-47,2.3488073523216604e-41,1.7262778911953717e-32,2.786594676165728e-60,-2.7994731968442087e-71
6.992713183084506e-06,1.0000011586130656e-10,0.00017699999999988157,4.731720592021597e-36,1.0110812555544114e-29,6.078762027336869e-44,3.071851922789511e-35,-6.829664021482441e-55,6.209507539552808e-43,-7.354165631774103e-97,-4.4271560631977586e-80,-3.512063878424617e-89,4.6943792060867277e-57,1.4590261545703193e-47,-8.597240850333955e-69,-9.568131240244105e-55,2.4917388607579227e-52,8.099509638404182e-114,-4.093997761126372e-95,-7.152767002223187e-81,-7.916815421143586e-96,-1.1573172920174124e-108,-1.877304005215807e-94,1.1835722451665523e-25,3.402646937888952e-19,5.513058197171258e-26,2.256192219773986e-18,-7.784868218679205e-79,-1.3373299963184888e-75,2.184737921721057e-37,9.950809680099156e-26,1.2102140997514536e-104,-1.0006591698383905e-100,-2.0584342110199947e-75,-9.823275001847488e-68,-1.3373299959153936e-75,-8.88371685994007e-67,-4.6669073903353325e-49,-1.2458220596255302e-47,9.993987376963288e-40,6.314849476629397e-21,3.3899998131068083e-08,1.3950664020446094e-30,2.0436544523113946e-24,4.529823286492981e-30,3.2051681932829106e-23,1.2478244504767098e-49,1.71892127031859e-42,4.6081110480237856e-32,0.00018232390000032933,0.5000000000000011,1.5878708373941062e-16,0.24999999999999828,1.5559731819103818e-16,6.697268250342297e-23,-1.7367471824563865e-49,-2.1741362413922408e-48,9.772282508637484e-38,-2.441157947784037e-52,-6.925021013978023e-61,-3.8232748284659203e-50,-4.868196867271379e-57,-1.6914371251696853e-65,2.1299103097784795e-33,1.2521787907747351e-33,6.440045416988891e-33,2.006946007771896e-21,0.0,-6.835520332351395e-59,-2.1099928444768326e-73,8.921292756740693e-24,-5.047006220442131e-41,3.0425188977930933e-34,-2.735259758991139e-87,3.7395860926511754e-32,1.868925543209552e-15,1.906245850935208e-38,3.438614056889625e-30,5.687181663481482e-38,1.017485677631723e-37,6.297958191523246e-29,-5.847149538802245e-55,-1.1754124193053502e-76,1.2601632918927106e-50,4.59575920205322e-38,0.10000000149011608,3.3712755961848013e-17,2.2303327516551233e-25,1.4385982943609938e-38,-6.941104884292021e-67,-7.0105640932981924e-62,-1.7405111089872682e-45,-9.35424033389218e-59,6.626350424035475e-31,-5.9701141828010075e-80,6.62954162515344e-30,2.2310033315150032e-29,-1.423568366870876e-66,3.440167291866822e-46,-1.5253227247705386e-57,2.2559999998999113e-06,1.0008851460042962e-16,6.179999999999992e-05,8.654323485547938e-20,9.07386874837064e-43,8.518511341906909e-36,3.1038878288630193e-43,-1.0678416703207245e-75,1.9256664378534484e-40,3.712487272545227e-27,-1.438437208035806e-50,7.504622140297286e-35,-2.6288149266188497e-109,-3.4592200984233444e-54,-6.684109925301239e-43,-3.6135166693944933e-53,2.0653595726511237e-32,2.9743210260303567e-37,4.0163943618882365e-75,3.011640041620968e-42,1.0803726622289235e-32,0.00033399999999999874,1.20170820455728e-18,9.037223030197782e-25,9.395069358297565e-37,-1.4295211604123004e-68,1.9639109844092862e-47,4.6176977673688285e-50,-3.6813922805581855e-62,5.64144531846231e-51,-5.084620843554171e-71,5.099149473015343e-20,5.331463602292651e-26,1.3517057288666024e-18,3.5099999999986467e-06,1.0861399145467838e-53,1.073914653684428e-45,2.909449280640572e-18,1.7799999999970882e-06,3.7947550628595095e-43,2.08744337583608e-38,-4.923303664639217e-78,7.953613182321177e-57,0.0,0.0,9.724816058107357e-31,2.3556649369926693e-21,5.147958399177914e-45,2.9439713767856273e-22,-2.3432655020982684e-61,2.337643970600383e-36,-2.3432655023884023e-61,-2.9585999516366004e-82,4.705872762798335e-53,2.2332687498185253e-36,1.3350960585981684e-25,8.008022661521325e-33,2.2060850158953935e-50,1.0538261033024528e-43,3.217655248341109e-47,5.797421148516137e-41,3.609922269722248e-32,-3.6826440081294206e-58,-1.7498752436066015e-70
1.0112051826993984e-05,1.0000016754520112e-10,0.00017699999999982872,6.842469917440347e-36,1.4621093053150387e-29,1.2711666946068866e-43,6.423734193838459e-35,-1.349716015702695e-54,1.8777567657825058e-42,-2.1110266348441295e-96,-1.3564317379137885e-79,-1.0847987682090755e-88,1.4195781491194655e-56,4.412085811519466e-47,-2.392421438308854e-68,-2.2485084986470632e-54,7.535006871807174e-52,2.794042495002255e-113,-1.2917292794855143e-94,-1.990457751228241e-80,-2.392965698435391e-95,-3.3817557580472592e-108,-5.756242053083706e-94,1.763771174310502e-25,4.920513682757553e-19,7.972348202971772e-26,3.262643771630534e-18,-2.3851964562123857e-78,-3.980111058301834e-75,6.606474209574879e-37,2.0808729019928956e-25,6.141522784269485e-104,-2.826312443042116e-100,-6.110792996871349e-75,-2.9280589224042207e-67,-3.980111056501305e-75,-2.565955474864099e-66,-1.0967061056023858e-48,-2.9276360670840337e-47,3.022174240563358e-39,9.137113672741612e-21,3.389999729736717e-08,2.063901870828826e-30,2.955296544898905e-24,7.405518545274948e-30,4.6349431378080214e-23,3.773979195326344e-49,3.5946614899846554e-42,6.663721252148614e-32,0.00018232390000047627,0.5000000000000016,2.2961949147803983e-16,0.24999999999999753,2.2500680897223244e-16,1.4005055278783824e-22,-4.0812523398776e-49,-5.109097322828949e-48,2.9551308584925245e-37,-5.736631433696146e-52,-2.0001952327406193e-60,-8.98446781747785e-50,-1.1440316866713546e-56,-4.885514139338752e-65,4.453982011324807e-33,3.786579136888157e-33,1.3467161578365247e-32,2.902212825451526e-21,0.0,-1.606322269373913e-58,-6.094462326582328e-73,1.865584487427979e-23,-1.1860278159824226e-40,6.362392007417057e-34,-7.181432577406982e-87,1.1250472311350948e-31,2.702623557880806e-15,4.4224702822058433e-38,7.190690008134768e-30,1.7197994375444536e-37,2.1280076455365404e-37,1.317003447640796e-28,-1.3740586904476676e-54,-3.575095383691158e-76,3.8107265308989365e-50,9.610508795438979e-38,0.10000000149011606,4.875148266361951e-17,4.663981088627862e-25,3.0083387775571545e-38,-1.6311370942411015e-66,-2.02832429713219e-61,-4.090136856902576e-45,-2.7018605416733318e-58,1.3856755249306132e-30,-1.7265792070146017e-79,1.3863428350489955e-29,4.655171189718746e-29,-4.111807196822785e-66,1.040304011725213e-45,-4.405712392290436e-57,2.2559999998552633e-06,1.4473641638336787e-16,6.179999999999988e-05,1.2514880069609956e-19,1.9301518865939584e-42,1.7834017541851211e-35,9.39888766761414e-43,-2.743683725687358e-75,3.951490561002052e-40,7.763402522967381e-27,-4.1547540773948945e-50,2.2693920515339617e-34,-8.54966702918911e-109,-9.991544113220534e-54,-1.5707412212461155e-42,-1.0437211322766592e-52,4.318996129280397e-32,8.230541927243163e-37,1.5826419837365254e-74,9.107176938008217e-42,2.2592314635527813e-32,0.00033399999999999814,1.7377711581495832e-18,1.3068585594534006e-24,2.8315933771776267e-36,-4.1266675789695035e-68,5.938852105963844e-47,1.3965983147214e-49,-8.651527809935467e-62,1.7059776019384303e-50,-1.527431094830415e-70,7.373799324277892e-20,1.1148940002868332e-25,1.9546802546110277e-18,3.5099999999980428e-06,3.4044588464528166e-53,3.247509869494733e-45,4.207308542876108e-18,1.779999999995789e-06,7.93544493056233e-43,4.434672224286189e-38,-1.4881355234557536e-77,2.4051681086584963e-56,0.0,0.0,2.0336140656257986e-30,3.406489605136676e-21,1.5567387152415583e-44,4.2572303787196735e-22,-5.5065875633919246e-61,4.8883860451245296e-36,-5.50658756422994e-61,-8.99878476998215e-82,1.4230523509797365e-52,4.6701396745396156e-36,1.9306615303999308e-25,1.6746052175720475e-32,6.671216224719726e-50,3.18676213853596e-43,9.73016536836963e-47,1.480165323219793e-40,7.548922945175473e-32,-6.617084982440167e-58,-4.9626458942831264e-70
1.462287805528269e-05,1.000002422844628e-10,0.0001769999999997523,9.894795202937127e-36,2.1143346074429723e-29,2.658214261320623e-43,1.34330586448023e-34,2.489244353393715e-54,5.6783804964566195e-42,-3.769379460225459e-96,-2.8630783940904113e-79,-2.3322613945077903e-88,4.292815769804495e-56,1.3342129402488755e-46,-3.767317194672513e-68,-8.777053112929095e-55,2.2785870302773635e-51,7.407751878103197e-113,-2.9074589694659895e-94,-3.1343578877679702e-80,-4.890783035054618e-95,-6.345488603020367e-108,-1.2171858151390775e-93,2.659774652569866e-25,7.115476551015201e-19,1.152869077229503e-25,4.718057341901904e-18,-5.034530020285851e-78,-7.833178931749393e-75,1.9977599461027548e-36,4.351436854668272e-25,2.4721279402857346e-103,-4.809031030909298e-100,-1.1951529012205163e-74,-5.779090960414427e-67,-7.833178925216338e-75,-4.6438932873195023e-66,-4.279774811479424e-49,-1.142477418551683e-47,9.139031606128737e-39,1.3224139105281194e-20,3.389999609176552e-08,3.0818533124794636e-30,4.273607956041891e-24,1.2496971666539339e-29,6.70251822052693e-23,1.1417695008076494e-48,7.517382452053359e-42,9.63631210675336e-32,0.00018232390000068872,0.5000000000000022,3.3204911879490985e-16,0.24999999999999642,3.253787643690397e-16,2.928680232289189e-22,-1.5921934354452898e-49,-1.9932600721518624e-48,8.936292961238804e-37,-2.2386562236657265e-52,-3.619885503025769e-60,-3.5050534527436966e-50,-4.466231526016427e-57,-8.841855513838661e-65,9.313986446246451e-33,1.1450585417406106e-32,2.8161981602458977e-32,4.196843971881155e-21,0.0,-6.268502084173677e-59,-1.102982268382398e-72,3.9012344183712134e-23,-4.628333854513153e-41,1.3304775835728503e-33,-8.54140367697016e-87,3.3900038009864125e-31,3.908220968780265e-15,1.056717486007726e-37,1.503687863164122e-29,5.200660190965787e-37,4.450858718262159e-37,2.754064127709839e-28,-5.362113673096171e-55,-7.418858103663099e-76,1.1523628650846288e-49,2.0097238030971783e-37,0.10000000149011604,7.049874725727675e-17,9.753127214576139e-25,6.290917298292864e-38,-6.365555536026916e-67,-3.7024511302831176e-61,-1.59612813431978e-45,-4.889855622612727e-58,2.897668468333882e-30,-3.145007932653961e-79,2.89906385694338e-29,9.719936973967184e-29,-7.441592320876481e-66,3.14587148531814e-45,-7.973504466135056e-57,2.2559999997906987e-06,2.0930104029456104e-16,6.179999999999982e-05,1.8097569706836838e-19,4.135022967560166e-42,3.7355621359657763e-35,2.853927923723381e-42,-2.8549335486870657e-75,8.280655013871711e-40,1.6234511680706342e-26,-7.519318082841464e-50,6.862623884728965e-34,-2.044141285319441e-108,-1.8082802781599588e-53,-6.129638909542923e-43,-1.8889375963641835e-52,9.031709447434494e-32,2.3291904334817875e-36,5.041948615807557e-74,2.754003451068171e-41,4.724413136685183e-32,0.00033399999999999733,2.5129632525495956e-18,1.889827566168762e-24,8.54291621248787e-36,-7.454028473443787e-68,1.795904399975053e-46,4.2252308821071425e-49,-3.379141736616536e-62,5.158943903968157e-50,-3.075364638600753e-70,1.0663134462377178e-19,2.331420989979465e-25,2.826632170131182e-18,3.5099999999971695e-06,1.1396764503593611e-52,9.820445374178899e-45,6.084122274457807e-18,1.7799999999939106e-06,1.6594301986849595e-42,9.48376002071573e-38,-3.0414745154291067e-77,7.273224025174723e-56,0.0,0.0,4.2526111929861254e-30,4.926070340306935e-21,4.707565694097979e-44,6.156313407328154e-22,-2.1488824888879317e-61,1.0222394025634756e-35,-2.1488824904045676e-61,-1.8673852496871443e-81,4.3032991457949664e-52,9.766063091159097e-36,2.7918996107438437e-25,3.50186652013479e-32,2.017399830422197e-49,9.636743728810919e-43,2.9423946721497654e-46,3.905184005398369e-40,1.5786001278087334e-31,2.1487240719805638e-57,-8.413541142851812e-70
2.1145912449623337e-05,1.000003503637259e-10,0.0001769999999996418,1.4308723229532708e-35,3.0575089350167706e-29,5.558756185126497e-43,2.809068639260441e-34,3.08419218058135e-53,1.7171586222838615e-41,-1.4031667036529093e-96,-3.6209416252878693e-79,-3.158350754951507e-88,1.2981525329827534e-55,4.034655240261801e-46,1.6241596054110792e-68,1.8357493766998735e-53,6.890453508284438e-51,1.6771511623246353e-112,-4.564332042500179e-94,1.3512252119098404e-80,-5.3982608605637684e-95,-4.141162436189431e-108,-1.550183814400334e-93,4.074639990812056e-25,1.028957718438018e-18,1.6671466149047242e-25,6.82270768643936e-18,-6.367151822297263e-78,-7.12269966475897e-75,6.041142125127192e-36,9.099547814831118e-25,8.889615952492602e-103,-4.1409532602790494e-101,-1.0474898487545614e-74,-5.3359102199906746e-67,-7.122699643102707e-75,-2.071184158337116e-66,8.954605166721466e-48,2.390415000534432e-46,2.7636360743228937e-38,1.914643776336431e-20,3.3899994348364134e-08,4.6600421265465204e-30,6.179997663920504e-24,2.181060151686558e-29,9.692406172513347e-23,3.454551102498084e-48,1.5721170728533584e-41,1.3934940595667167e-31,0.00018232390000099593,0.5000000000000033,4.801709893471002e-16,0.24999999999999484,4.70525038366121e-16,6.124336966273466e-22,3.332651598663144e-48,4.1719123520924524e-47,2.702328074352019e-36,4.683960115428348e-51,-1.6139525542947099e-60,7.336498820649053e-49,9.339897396890032e-56,-3.943485114793821e-65,1.9477030508648607e-32,3.462647905957961e-32,5.889119251084588e-32,6.0689895242413404e-21,0.0,1.311561706905628e-57,-4.9193220407983826e-73,8.15810262812898e-23,9.683922665793666e-40,2.7822406874030723e-33,2.2364834888784932e-86,1.0225978723286544e-30,5.651616111409581e-15,2.6086548522476115e-37,3.1444508829420046e-29,1.5726755929363234e-36,9.31004218804953e-37,5.759187027089644e-28,1.121918838069801e-53,-8.758509823316653e-76,3.484743839671834e-49,4.202692796563609e-37,0.10000000149011601,1.0194712228829109e-16,2.039534150291243e-24,1.3155315177660222e-37,1.3318093393144898e-65,-1.844772959101975e-61,3.339598402994739e-44,-2.1808832640363364e-58,6.0594868364647665e-30,-1.526640462754754e-79,6.062404625290291e-29,2.0304581652868335e-28,-3.3189642039147274e-66,9.513091604062105e-45,-3.5561945895973585e-57,2.255999999697333e-06,3.0266692075664965e-16,6.179999999999974e-05,2.617060855740592e-19,8.945665324299683e-42,7.830358604646068e-35,8.671810783606778e-42,1.1125168547407757e-74,1.7728621952147785e-39,3.3948950094079904e-26,-3.3536302745517964e-50,2.0752520781638355e-33,-3.759459758405032e-108,-8.0649650796332e-54,1.2825105434627942e-41,-8.42469783508912e-53,1.8886744303701005e-31,6.709455636299971e-36,1.4716108718183777e-73,8.328085678052319e-41,9.879500970062967e-32,0.0003339999999999962,3.6339561505698455e-18,2.7328499190790543e-24,2.5792306427212846e-35,-3.2395775968929196e-68,5.430801345383794e-46,1.2783907626037192e-48,7.062089937635135e-61,1.5600893039718775e-49,-3.159394412461406e-70,1.5419789929429596e-19,4.875372658038633e-25,4.08754803061466e-18,3.5099999999959066e-06,3.837280340488587e-52,2.9696952694840644e-44,8.798152898152099e-18,1.7799999999911941e-06,3.470139612918691e-42,2.046755652605828e-37,-3.3570562217564043e-77,2.1994223745014906e-55,0.0,0.0,8.89288790141148e-30,7.12351160524949e-21,1.4235641532712742e-43,8.902547261324833e-22,4.4961303405296864e-60,2.1376654038710945e-35,4.49613034046205e-60,-2.204599709626351e-81,1.3013142576663866e-51,2.0422565732572273e-35,4.0373229502254353e-25,7.322961293633236e-32,6.100705011445474e-49,2.914143688271284e-42,8.897779270406138e-46,1.061556137143511e-39,3.3011045115708156e-31,2.1221774865500974e-56,-4.163697100537985e-71
3.0578769216063876e-05,1.0000050665543728e-10,0.00017699999999948202,2.0691653506042904e-35,4.42142187547577e-29,1.1624264995541273e-42,5.874216171653776e-34,1.5810061680415359e-52,5.192732138581972e-41,2.4296385597985652e-95,3.723115575039358e-79,1.8290479004654382e-88,3.9256269496305264e-55,1.2200781980386323e-45,4.1847495703819785e-67,1.1394399908599558e-52,2.0836744872496312e-50,3.305011828334854e-112,-1.3351910383693201e-94,3.481624824626823e-79,1.090059435748041e-94,3.0644661298864775e-107,1.5204351040132837e-93,6.369855534281261e-25,1.4879592979803527e-18,2.4108362112675885e-25,9.866208857826398e-18,6.547017626289913e-78,2.6238297011761107e-74,1.826822399575707e-35,1.9028604052738536e-24,3.0013196896434523e-102,3.893144320729131e-99,4.2295051623103005e-74,1.8896946035305522e-66,2.6238297080490112e-74,2.7978785518015487e-65,5.55793986420689e-47,1.4836815533920693e-45,8.357214131676665e-38,2.7735916339418024e-20,3.3899991827259155e-08,7.164203032750346e-30,8.936798574607423e-24,3.935866557554281e-29,1.4016036553805767e-22,1.0451677651707044e-47,3.287887810555002e-41,2.0151145479308436e-31,0.00018232390000144018,0.5000000000000048,6.943676983259862e-16,0.24999999999999253,6.804187220257962e-16,1.2806964058046604e-21,2.0684565534563522e-47,2.5893642392484337e-46,8.171819238873448e-36,2.907237911198992e-50,2.1812314317882375e-59,4.5534999187020515e-48,5.797281706890092e-55,5.3270884740786864e-64,4.0729575849805913e-32,1.047101981542473e-31,1.2315087010884578e-31,8.776269459000238e-21,0.0,8.140595361784362e-57,6.645307104347718e-72,1.7059891716516413e-22,6.010611265731885e-39,5.818108685374915e-33,2.031494061981707e-85,3.087023525415536e-30,8.172711836072068e-15,6.661353880367933e-37,6.575547608038138e-29,4.755758789667573e-36,1.9476605771242307e-36,1.2043377845787538e-27,6.963520348264786e-53,1.3246439215225267e-75,1.0537859224512602e-48,8.788621403589967e-37,0.10000000149011595,1.4742411953689438e-16,4.264990339825408e-24,2.7509874321851464e-37,8.266292517587374e-65,2.1176659147271915e-60,2.0728199628576978e-43,2.946067594204331e-57,1.2671353345703782e-29,1.822416319362363e-78,1.2677454329073006e-28,4.242923390719843e-28,4.483450835856799e-65,2.87675172050837e-44,4.8039221268908095e-56,2.2559999995623183e-06,4.3768184233840018e-16,6.179999999999962e-05,3.7844901706019257e-19,1.960999819321036e-41,1.643108483412199e-34,2.6339048052726607e-41,8.90535433532121e-74,3.884548139744896e-39,7.099266090942806e-26,4.530279339067447e-49,6.27554606468153e-33,-4.112232992282819e-108,1.0894624384163604e-52,7.960279394459005e-41,1.138057319867509e-51,3.949519329274275e-31,1.959089837340632e-35,4.152654112831686e-73,2.518406836544688e-40,2.0659611315823553e-31,0.0003339999999999945,5.255005988372309e-18,3.9519314098232095e-24,7.790914822971849e-35,4.5401648192079684e-67,1.6422702299083682e-45,3.867746523727094e-48,4.383628330726193e-60,4.717777716927739e-49,8.209835499407502e-70,2.2298314093744724e-19,1.0195180527613204e-24,5.910938493916119e-18,3.50999999999408e-06,1.2690974830380077e-51,8.980336101186396e-44,1.2722869614624994e-17,1.7799999999872658e-06,7.256634857603924e-42,4.472267826948565e-37,6.77889530159853e-77,6.651050380071283e-55,0.0,0.0,1.859644613523179e-29,1.0301195837527719e-20,4.304846820533398e-43,1.2873832459836581e-21,2.7906556355943304e-59,4.470198684059111e-35,2.7906556356857097e-59,3.334155422128694e-81,3.935164067798554e-51,4.2707357507706603e-35,5.8383111504931935e-25,1.531347988687344e-31,1.8448772798703047e-48,8.812347586612875e-42,2.6906817386092588e-45,2.960519067527634e-39,6.903135744719229e-31,1.0512036101744046e-55,7.002400145691371e-69
4.4219474047143965e-05,1.0000073266640684e-10,0.00017699999999925092,2.992194891934613e-35,6.393762176937476e-29,2.4308229742527978e-42,1.228394005557672e-33,-4.70561783791661e-52,1.5701944793561115e-40,-1.428066478793262e-90,-1.2944091110904734e-74,-2.634792676087814e-83,1.1867736787191638e-54,3.6894851086225694e-45,-5.406773161644275e-65,-5.105061026074578e-52,6.300920748999144e-50,2.6292375259523796e-106,-3.0308792127380567e-88,-4.498901603770188e-77,-5.327996415744428e-91,-7.005251653502808e-103,-9.938368888899733e-89,1.0210049854263953e-24,2.1517140315677448e-18,3.4862760659599274e-25,1.4267366940882872e-17,-2.2761111406619898e-73,-1.0252870905736412e-70,5.524269187943117e-35,3.9791841341014385e-24,5.449623138467331e-97,-7.912807975337145e-94,-9.625989903921702e-70,-5.445230079410035e-63,-1.0252870883994012e-70,-6.834475000990704e-63,-2.487894181665576e-46,-6.641380680684155e-45,2.527216366653106e-37,4.021000745376605e-20,3.389998818152948e-08,1.1249599557050983e-29,1.2923366683106591e-23,7.326610400463836e-29,2.0268371564058374e-22,3.1530530783097063e-47,6.876526560473588e-41,2.9140360028766204e-31,0.00018232390000208265,0.5000000000000068,1.0041142036274752e-15,0.24999999999998918,9.839425603633928e-16,2.6781400860689936e-21,-9.25864470456288e-47,-1.159035207802038e-45,2.471153029087266e-35,-1.301361652586527e-49,-5.327416963618692e-57,-2.0381965064751585e-47,-2.5982977479589746e-54,-1.3012722875406301e-61,8.517203626570856e-32,3.166430907457046e-31,2.5752809638148805e-31,1.2691223883417301e-20,0.0,-3.6439768935390908e-56,-1.6232738604896394e-69,3.5674948889563353e-22,-2.6905062028403887e-38,1.2166592366211263e-32,-1.223311465402521e-83,9.324047270390423e-30,1.1818427634421475e-14,1.75776193458095e-36,1.3750516876448606e-28,1.438138579409623e-35,4.075233667095385e-36,2.518462194136153e-27,-3.1170742772833785e-52,-8.895902114862125e-72,3.1865998611058735e-48,1.8378772622320962e-36,0.10000000149011588,2.1318768527620914e-16,8.918772572342837e-24,5.752754895281296e-37,-3.700727450299799e-64,-5.462120072920309e-57,-9.278489609401296e-43,-7.196457092597255e-55,2.649782101464882e-29,-3.612931653339343e-75,2.651057739494536e-28,8.868163066646465e-28,-1.0951906859899562e-62,8.699276846864606e-44,-1.1734686317721462e-53,2.255999999367075e-06,6.329247828975831e-16,6.179999999999946e-05,5.472691111048367e-19,4.373881326212771e-41,3.4531045297982145e-34,7.795891707314211e-41,-3.6901423041150117e-72,8.499403525841036e-39,1.484569537834365e-25,-1.1066283956505987e-46,1.8977215018794736e-32,-1.90643172643569e-100,-2.6612809303092177e-50,-3.5632400666918385e-40,-2.7799743752948977e-49,8.259074555830511e-31,5.778220648525838e-35,2.4898234953326176e-69,7.615644254357488e-40,4.32025401892415e-31,0.00033399999999999207,7.599179982979726e-18,5.714826298239615e-24,2.354157511924097e-34,-1.0966704513466906e-64,4.9662135211914436e-45,1.1668184878737993e-47,-1.9677712487773643e-59,1.42653561382245e-48,-3.430510624351355e-66,3.2245238987908308e-19,2.1319744972552543e-24,8.547714575373482e-18,3.5099999999914397e-06,2.2477562386913008e-51,2.715647250651286e-43,1.8398340321978482e-17,1.7799999999815852e-06,1.5174839958650878e-41,9.933361681681411e-37,-3.312986242107117e-73,2.0112345816528823e-54,0.0,0.0,3.888813298449917e-29,1.4896393042167476e-20,1.3017832668690297e-42,1.8616644903803117e-21,-1.2491730290019713e-58,9.347896687020575e-35,-1.2491730312340666e-58,-2.2391981587303487e-77,1.189991451126926e-50,8.930945571018631e-35,8.442694238460347e-25,3.2022928903236946e-31,5.578476220139876e-48,2.6648490355658083e-41,8.136602489156031e-45,8.43059577855998e-39,1.4435557180817903e-30,-2.8100628672914965e-55,-1.2243333285191515e-66
6.394508134679367e-05,1.0000105949729209e-10,0.00017699999999891677,4.326982355053321e-35,9.245948079146608e-29,5.08324241183237e-42,2.5687729955278993e-33,-7.348667398012012e-51,4.747732673177119e-40,-1.277474713653745e-89,-1.2161991036200964e-73,-2.471510896913659e-82,3.586750095140391e-54,1.1156836519806151e-44,-5.032389844763182e-64,-6.88487587550132e-51,1.905334179728275e-49,2.5993288167470027e-105,-2.8720738117754202e-87,-4.187383511640392e-76,-4.9654858886126495e-90,-6.39557059305414e-102,-9.318368976255131e-88,1.6853038141398353e-24,3.1115588590818238e-18,5.041457105403609e-25,2.063181034210808e-17,-2.1385852994974692e-72,-9.465732930612051e-70,1.6705297805435397e-34,8.321107393267887e-24,7.691758090715082e-96,-7.13803788314969e-93,-8.862622314085417e-69,-5.058477597776072e-62,-9.465732904267451e-70,-6.312901692762717e-62,-3.356238073705801e-45,-8.959408800440603e-44,7.64229000363001e-37,5.835938721330839e-20,3.389998290949822e-08,1.812808015774512e-29,1.8688283801931642e-23,1.4013978409264412e-28,2.9309777512850563e-22,9.487796309665823e-47,1.4383023779872925e-40,4.213965689045186e-31,0.0001823239000030117,0.5000000000000099,1.4520337954711884e-15,0.24999999999998435,1.4228633798113528e-15,5.6004170594855e-21,-1.249032109446811e-45,-1.5635869618094079e-44,7.472754512055047e-35,-1.755573685703507e-48,-4.920861074455177e-56,-2.749617811029362e-46,-3.503759894422043e-53,-1.2019656438072389e-60,1.7810830605902457e-31,9.57527800020445e-31,5.385322871592771e-31,1.835257701870615e-20,0.0,-4.915820596314245e-55,-1.4993937067280322e-68,7.460199216523813e-22,-3.6295745542568744e-37,2.54422829638665e-32,-1.1613978908462697e-82,2.817267673080168e-29,1.709043782657821e-14,4.778813312439958e-36,2.875451851433242e-28,4.348924526848876e-35,8.529111561409684e-36,5.266505609938415e-27,-4.205018677209495e-51,-8.291661333286936e-71,9.636000105395588e-48,3.843404105498355e-36,0.10000000149011579,3.0828733653723413e-16,1.8650568762513368e-23,1.2029923966096495e-36,-4.992169868443032e-63,-4.983255331126527e-56,-1.2516960979959506e-41,-6.647258983680858e-54,5.541117133683874e-29,-3.2974837631807744e-74,5.543784167400896e-28,1.853828379829112e-27,-1.0116111739453386e-61,2.6306555255025895e-43,-1.0839152814145003e-52,2.255999999084737e-06,9.152625081679837e-16,6.179999999999921e-05,7.913971535254829e-19,9.972373233234696e-41,7.2727108274810455e-34,2.2518964048317613e-40,-3.5520261223080346e-71,1.8175322694433725e-38,3.104471033510549e-25,-1.0221760405912448e-45,5.738702259740924e-32,-1.834320127716806e-99,-2.4581851287233235e-49,-4.80691400204997e-39,-2.5678206219154378e-48,1.7271041570032073e-30,1.7167890606800408e-34,2.70191952119491e-68,2.3029656267973555e-39,9.034339695682362e-31,0.00033399999999998855,1.0989051814011922e-17,8.264121616928498e-24,7.115176634810036e-34,-1.01307629097534e-63,1.501779640916572e-44,3.5110532743783995e-47,-2.6521804669802716e-58,4.3131032778317843e-48,-3.187377134612888e-65,4.662932959861647e-19,4.45829769693028e-24,1.2360714721891684e-17,3.5099999999876213e-06,-3.134558643692188e-51,8.212099003124965e-43,2.6605548656795242e-17,1.7799999999733705e-06,3.1733189797630885e-41,2.2529594112126888e-36,-3.0875698431264347e-72,6.081722608394447e-54,0.0,0.0,8.132128398731827e-29,2.1541431508225058e-20,3.936587893334008e-42,2.692123462283229e-21,-1.6851711036476682e-57,1.954793797274574e-34,-1.6851711057094208e-57,-2.08710413862712e-76,3.5985301063696495e-50,1.867650352958517e-34,1.2208856752529656e-24,6.696505299218732e-31,1.6866653809430723e-47,8.058494239358708e-41,2.4605031437675684e-44,2.440249377545505e-38,3.0187050889684934e-30,-4.590691960950919e-54,-1.1347584312448266e-65
9.246996977143298e-05,1.0000153212226161e-10,0.00017699999999843354,6.257217776603499e-35,1.3370483127397354e-28,1.0629908807105717e-41,5.3717299189187e-33,-2.0948444975371707e-50,1.4357220656691577e-39,-4.039742987343371e-89,-4.227207726074741e-73,-8.566836629061184e-82,1.0845568307599203e-53,3.3738217037158434e-44,-1.645413072687069e-63,-1.967206501785065e-50,5.761728993008865e-49,9.842950046112027e-105,-1.013790214879797e-86,-1.369134566264003e-75,-1.697946788892803e-89,-2.106665320737149e-101,-3.227165544954496e-87,2.8738187563411838e-24,4.4995744644475e-18,7.290389460315633e-25,2.98353277870177e-17,-7.433194141400887e-72,-3.1801037609628976e-69,5.0516562167201406e-34,1.740075910253145e-23,4.279949679049149e-95,-2.2965665796818158e-92,-2.9670078607085054e-68,-1.7180889572506e-61,-3.180103748101099e-69,-2.070526121976395e-61,-9.588842865554572e-45,-2.5597217311942316e-43,2.3110226487870573e-36,8.483660604711747e-20,3.389997528569872e-08,3.0104738474317473e-29,2.702484773471837e-23,2.7415251691578313e-28,4.238441836458112e-22,2.870111472013437e-46,3.0086605818196243e-40,6.093805642140377e-31,0.00018232390000435516,0.5000000000000142,2.099763381381603e-15,0.24999999999997738,2.057579414181889e-15,1.1711362437747987e-20,-3.5685105798168044e-45,-4.4672005509550187e-44,2.2597552508528638e-34,-5.0157102459271436e-48,-1.6139594578848332e-55,-7.855714425159828e-46,-1.0011615643946815e-52,-3.9422467795910934e-60,3.7245286218924415e-31,2.8955566034127342e-30,1.1261568119547949e-30,2.6539369160513635e-20,0.0,-1.4044607604925732e-54,-4.917761067949892e-68,1.560046185065096e-21,-1.0369764282238605e-36,5.320386582152538e-32,-3.782273648102587e-82,8.514545136260801e-29,2.471420473332163e-14,1.3328879719857275e-35,6.013026898814435e-28,1.315111439064045e-34,1.7857359311434446e-35,1.1013101811294379e-26,-1.201382761585743e-50,-2.8369565723725394e-70,2.913920043245109e-47,8.037503888824367e-36,0.10000000149011565,4.458094366282386e-16,3.9001292835640056e-23,2.5156507309235555e-36,-1.4262942683553228e-62,-1.6353863280592235e-55,-3.576120111122579e-41,-2.1801896069478323e-53,1.1587360289202277e-28,-1.0821397917281293e-73,1.1592935882916181e-27,3.87571650906139e-27,-3.317915723994584e-61,7.955082514194184e-43,-3.555060379026511e-52,2.255999998676453e-06,1.3235466227116393e-15,6.179999999999886e-05,1.1444268028951549e-18,2.3351366232281535e-40,1.5364794255027435e-33,6.832439493068876e-40,-1.1458330747174306e-70,4.2277756084529046e-38,6.491942210154227e-25,-3.352566784257548e-45,1.7353791359094796e-31,-6.646831558959419e-99,-8.062436902774818e-49,-1.3733450339649674e-38,-8.422022998844227e-48,3.611650129680084e-30,5.1276875166830035e-34,1.166261639476603e-67,6.964150753041129e-39,1.889224396872251e-30,0.00033399999999998345,1.5891089563359522e-17,1.1950619162831456e-23,2.1508321470733504e-33,-3.3225895942855555e-63,4.541370338152188e-44,1.0621132526319209e-46,-7.579536716343168e-58,1.3042945844640234e-47,-1.0836406300364988e-64,6.742993530243306e-19,9.323008633787171e-24,1.7874633867145843e-17,3.509999999982099e-06,-7.341445638465391e-51,2.4833325634576463e-42,3.847386269026515e-17,1.7799999999614915e-06,6.635970390371636e-41,5.2427196048157514e-36,-1.0557905800366913e-71,1.8391062471431634e-53,0.0,0.0,1.7005576407152071e-28,3.115070919281232e-20,1.1904211314828006e-41,3.8930369424711586e-21,-4.81456737889157e-57,4.087784179318115e-34,-4.814567385653774e-57,-7.140939025072813e-76,1.088192712818182e-49,3.905697532207121e-34,1.7655055953063977e-24,1.4003461209386764e-30,5.100519830280174e-47,2.436882411232107e-40,7.440542998773179e-44,7.1510311931668e-38,6.312593432097984e-30,-1.3077124402991588e-53,-3.716641838377633e-65
0.00013371935932267675,1.000022155777489e-10,0.00017699999999773477,9.048547755341711e-35,1.933498272093332e-28,2.222903161244803e-41,1.123319236630569e-32,-1.8557033606436668e-50,4.34200862728378e-39,-7.52091090039343e-89,-9.92072536961753e-73,-1.9990919885547976e-81,3.2806874898628174e-53,1.0202515158436318e-43,-3.326484928187346e-63,-1.911810544114032e-50,1.7423874916317163e-48,2.705847342000051e-104,-2.4553923729589204e-86,-2.767988365212756e-75,-3.847104129296148e-89,-4.374926647262233e-101,-7.5168339780526505e-87,5.0690511112624085e-24,6.506760176046541e-18,1.0542556019598216e-24,4.314438155207239e-17,-1.7444771622018633e-71,-6.923029313211003e-69,1.5276134382778767e-33,3.638775220472155e-23,1.790917165856701e-94,-4.487186197043395e-92,-6.408005959551823e-68,-3.834207136062391e-61,-6.923029264884398e-69,-4.232707740677419e-61,-9.311399375552953e-45,-2.485656823701999e-43,6.988510257051124e-36,1.236093897858415e-19,3.3899964261046e-08,5.166863895146348e-29,3.9080238747509717e-23,5.459629213348889e-28,6.129146383134768e-22,8.714723484215214e-46,6.294435795315319e-40,8.81229120487724e-31,0.00018232390000629795,0.5000000000000205,3.036435206048223e-15,0.2499999999999673,2.9754313576133965e-15,2.4490318459232024e-20,-3.46523368949739e-45,-4.337920283340993e-44,6.833478313841675e-34,-4.870579489004064e-48,-3.299358748636866e-55,-7.628356221439787e-46,-9.73276076626888e-53,-8.059007335411887e-60,7.788583116356179e-31,8.756130524352828e-30,2.3549732637012997e-30,3.8378157578637635e-20,0.0,-1.363827955780454e-54,-1.00532186978707e-67,3.262304059977322e-21,-1.006967013082962e-36,1.112577534686402e-31,-7.511045102769602e-82,2.5737759141493423e-28,3.5738805900542343e-14,3.795968638170799e-35,1.2574193824871533e-27,3.9768839951700675e-34,3.7408019775041617e-35,2.303014854794364e-26,-1.1666225376516516e-50,-6.436257520614936e-70,8.811842755474624e-47,1.680871350417067e-35,0.10000000149011545,6.446779683482329e-16,8.155786124351231e-23,5.2606413912658266e-36,-1.3851972298964508e-62,-3.3634133149963495e-55,-3.472632001554893e-41,-4.456888564453928e-53,2.423102063069643e-28,-2.225174340185569e-73,2.4242675250797823e-27,8.103389731843417e-27,-6.782706724903033e-61,2.4056104806555825e-42,-7.267489781224951e-52,2.2559999980860398e-06,1.913959816760282e-15,6.179999999999834e-05,1.6549372898166309e-18,5.638416440999076e-40,3.2603174089359446e-33,2.1459385320449577e-39,-2.2032365885962606e-70,1.1049902778000518e-37,1.3575681155957564e-24,-6.85354303753965e-45,5.247768552430767e-31,-1.692773568673257e-98,-1.6481777458541282e-48,-1.333605179000006e-38,-1.7216867149330476e-47,7.552536195246846e-30,1.5372512598438734e-33,3.8492847078432975e-67,2.1059536162271077e-38,3.950669214444214e-30,0.0003339999999999761,2.2979844065097562e-17,1.728160896833937e-23,6.502438414456929e-33,-6.791307430561206e-63,1.3733067114839519e-43,3.224969679607181e-46,-7.378556095309314e-58,3.944727229275888e-47,-2.4239276037429566e-64,9.750936189469038e-19,1.9495889481556527e-23,2.584822504783462e-17,3.5099999999741137e-06,5.288238048233642e-50,7.50957761980603e-42,5.563644370748402e-17,1.7799999999443132e-06,1.3877036840259822e-40,1.2570381435539663e-35,-2.392129608049008e-71,5.561588134315483e-53,0.0,0.0,3.5561369776808555e-28,4.504651838388714e-20,3.5998208211968035e-41,5.6296587223607915e-21,-4.675246437125108e-57,8.548204507783501e-34,-4.675246450948856e-57,-1.6200790731043275e-75,3.2906829757387373e-49,8.167868322321642e-34,2.5530741844147466e-24,2.928347305191976e-30,1.5425912016142874e-46,7.369106159966946e-40,2.250014172958638e-43,2.114732372017978e-37,1.3200638759363116e-29,-1.126415149770475e-53,-7.560271468721453e-65
0.00019336944850166022,1.0000320391191163e-10,0.0001769999999967243,1.3085157719732977e-34,2.7960317477427124e-28,4.648520694324481e-41,2.3490543722467723e-32,1.2083351437937002e-49,1.3131765418824808e-38,-2.8377301954228636e-89,-1.59023157939768e-72,-3.150697117430685e-81,9.925157744135964e-53,3.085273981869963e-43,-2.7925514721555756e-63,1.0167372205455715e-49,5.269144382362648e-48,6.199215308252764e-104,-4.294155900533511e-86,-2.3239632584723e-75,-5.517823500137796e-89,-4.3357846332034646e-101,-1.178149052164554e-86,9.240062956514462e-24,9.409316141942653e-18,1.524550926698594e-24,6.239037864016434e-17,-2.7962896780170433e-71,-8.554281933876853e-69,4.619482390621578e-33,7.609256322816983e-23,6.569923323803056e-94,-2.9477298596554764e-92,-7.660348470860423e-68,-5.21369252286234e-61,-8.554281771079748e-69,-3.819996149560168e-61,4.960783237610184e-44,1.3242720751727159e-42,2.113318317522017e-35,1.806912585138411e-19,3.389994831847659e-08,9.172813254538005e-29,5.651338624821254e-23,1.102169734797987e-27,8.863267290630354e-22,2.6493620567294805e-45,1.3171280125749785e-39,1.2743649336964479e-30,0.00018232390000910736,0.5000000000000298,4.390942182545909e-15,0.2499999999999527,4.302720712535761e-15,5.1213137678871835e-20,1.8461852161889724e-44,2.3111225917192393e-43,2.0664368863751136e-33,2.5948793627490087e-47,-2.977625655734612e-55,4.0641926747839524e-45,5.172427821568672e-52,-7.27322887950779e-60,1.6287168958475904e-30,2.647842977734519e-29,4.9246240326345856e-30,5.549803771744872e-20,0.0,7.265945802408457e-54,-9.072993462424683e-68,6.821994187784384e-21,5.3648288442546774e-36,2.3265766368041985e-31,-5.51820931776581e-82,7.780950797984546e-28,5.168129151180481e-14,1.0988236033582479e-34,2.629463170860319e-27,1.202605495715009e-33,7.842407353132343e-35,4.815970284608076e-26,6.215344178372592e-50,-9.272896786590643e-70,2.664763727446007e-46,3.515276630778196e-35,0.10000000149011516,9.322586036211442e-16,1.705503093398568e-22,1.1000902102620245e-35,7.377807134453596e-62,-3.157728544788352e-55,1.8501149275322413e-40,-4.0223149240804674e-53,5.067093612999395e-28,-2.0866477724363228e-73,5.069529317704515e-27,1.694352418661303e-26,-6.121366832115592e-61,7.274546030990885e-42,-6.558859854250554e-52,2.2559999972322526e-06,2.7677469891119874e-15,6.179999999999761e-05,2.3931782136636896e-18,1.4074804754943963e-39,6.960859722993514e-33,6.804603249428264e-39,-1.2039087620177567e-70,3.158970169209743e-37,2.838889855110222e-24,-6.185297824722447e-45,1.586919317941623e-30,-3.33833300710679e-98,-1.4874747035953694e-48,7.105016823714052e-38,-1.5538160112204255e-47,1.5793557218807264e-29,4.620700605823224e-33,1.140172309256736e-66,6.368386543402075e-38,8.26147859727195e-30,0.00033399999999996535,3.323076993664187e-17,2.499067743426171e-23,1.9659838298101663e-32,-6.123751073437874e-63,4.1528681044596405e-43,9.80422537507959e-46,3.909285213619597e-57,1.1931000275721002e-46,-3.323949788047786e-64,1.4100674446749762e-18,4.076898920141987e-23,3.7378709017844434e-17,3.509999999962566e-06,4.56527354167926e-49,2.2708900687333025e-41,8.045498038123649e-17,1.7799999999194718e-06,2.901959480786279e-40,3.114628851190445e-35,-3.4309039944552572e-71,1.6818799639014977e-52,0.0,0.0,7.436448877658838e-28,6.514099640660084e-20,1.0885816305390766e-40,8.140959584586757e-21,2.4908247702438673e-56,1.7875646624096988e-33,2.4908247689962813e-56,-2.334096338724606e-75,9.950986279611402e-49,1.7081621554868872e-33,3.69196955631806e-24,6.123642027348542e-30,4.665565728514032e-46,2.2284090180613847e-39,6.8040241857301895e-43,6.295114587471118e-37,2.760463868884581e-29,7.766000460410899e-53,-6.611505567066624e-65
0.0002796284980965741,1.0000463312630326e-10,0.00017699999999526306,1.8922709923917631e-34,4.0433655531717715e-28,9.721054572397922e-41,4.9122918883102724e-32,8.78232650850266e-49,3.9714892638332573e-38,5.039375701706968e-88,-4.5647787297059564e-73,-6.060226122018459e-82,3.002673471720108e-52,9.329964470359877e-43,1.3331364759730803e-62,7.696839258508498e-49,1.5934368088358159e-47,1.2123264119041216e-103,-3.223343494236229e-86,1.1091563287113507e-74,2.0216776167139342e-89,1.362690396485653e-100,-1.8958277260597667e-87,1.7355583374012945e-23,1.3606649022589419e-17,2.204648090745699e-24,9.022167926554312e-17,-8.026756118005134e-72,1.1673245858311816e-68,1.396925810391229e-32,1.591215969691238e-22,2.2436451467719634e-93,2.2735978740903888e-91,1.230782066644906e-67,3.684192591303571e-61,1.1673246379103004e-68,1.5393173582187678e-60,3.753898887604121e-43,1.0020961026445888e-41,6.390653114570379e-35,2.653551243604162e-19,3.389992526419261e-08,1.6821939718537658e-28,8.172326309249754e-23,2.2476582224042978e-27,1.2817042513548727e-21,8.052331117550433e-45,2.7569291626622276e-39,1.842924492095265e-30,0.00018232390001317003,0.5000000000000431,6.3496746990477514e-15,0.24999999999993164,6.2220890519221884e-15,1.070947673117788e-19,1.3970307756780194e-43,1.748855698521272e-42,6.248884343518185e-33,1.9635827876443606e-46,1.1999009578970562e-54,3.0754230419918353e-44,3.916210811282235e-51,2.9308250498377553e-59,3.405906680140532e-30,8.00704477282515e-29,1.0298172445707505e-29,8.025481622310807e-20,0.0,5.4982575598968e-53,3.6560642386444676e-67,1.4265866281470892e-20,4.0596351803544735e-35,4.865241574222878e-31,3.475152470948572e-81,2.3525080637412282e-27,7.473543493926554e-14,3.2202113496931727e-34,5.498623001102013e-27,3.636666402326709e-33,1.6459592544077786e-34,1.0070958831343903e-25,4.70324506299282e-49,3.1394768509829074e-70,8.058427451011061e-46,7.351932562215587e-35,0.10000000149011475,1.3481244073658853e-15,3.5664734008604307e-22,2.300485923142204e-35,5.583238547693588e-61,1.1503481361768562e-54,1.4000063167260992e-39,1.6208475348392085e-52,1.0596103283593848e-27,7.625100482487664e-73,1.0601192308899406e-26,3.5428777998119945e-26,2.466674658711818e-60,2.1998166793023131e-41,2.6429890329310888e-51,2.2559999959976047e-06,4.002395101512231e-15,6.179999999999654e-05,3.4607362889165592e-18,3.633945144835645e-39,1.4988746807985915e-32,2.1490860488795536e-38,1.2631173281827816e-69,9.47931019840534e-37,5.936566730574953e-24,2.4924349127882013e-44,4.798826447526365e-30,-4.4300451634051044e-98,5.993943187374506e-48,5.376465536519496e-37,6.26127561365618e-47,3.302684597011586e-29,1.391454123874027e-32,3.233653007177963e-66,1.9257949103111506e-37,1.7276067135407892e-29,0.0003339999999999499,4.8054451085378496e-17,3.6138657084524976e-23,5.944389274071443e-32,2.4729685993961043e-62,1.2558238844380959e-42,2.9798441549135483e-45,2.96186800472309e-56,3.6085559246749686e-46,2.1656428699105494e-64,2.039076207411308e-18,8.525438399636325e-23,5.4052759338258465e-17,3.5099999999458677e-06,2.240160857662577e-48,6.86715288352061e-41,1.1634467329948632e-16,1.7799999998835494e-06,6.0686106496175905e-40,7.982730629704496e-35,1.2575411114547627e-71,5.086168570868648e-52,0.0,0.0,1.5550798719419207e-27,9.419923675228931e-20,3.291858381434142e-40,1.1772511166916125e-20,1.8848411171660427e-55,3.7380791262544496e-33,1.884841117668774e-55,7.902246265978964e-76,3.009166627643096e-48,3.572434547890148e-33,5.338918377505182e-24,1.2805514654438098e-29,1.41109006972427e-45,6.73868300856143e-39,2.0575312905319614e-42,1.8827638187260767e-36,5.772569596820174e-29,5.586328873704353e-52,2.8740328196231543e-64
0.0004043663440818802,1.0000669989062058e-10,0.00017699999999314998,2.7364998066844475e-34,5.847203406468305e-28,2.032835576047648e-40,1.027251938687213e-31,1.1890266838463405e-49,1.2007505199883656e-37,-3.4187456899727524e-83,-3.709845999228202e-68,-8.970536682671972e-77,8.971213914606447e-52,2.8212881043364852e-42,-1.7746209919262958e-60,3.7070780398701784e-50,4.818274119731266e-47,7.860266499554319e-98,-1.0332903293484866e-80,-1.4858776838665242e-72,-1.803744674718084e-85,-2.3266517329493012e-96,-3.243778920553113e-82,3.3449052578389363e-23,1.9676330282119048e-17,3.1881502343633646e-24,1.304680175183675e-16,-6.523468670911002e-67,-3.4949115070671227e-65,4.224295713284137e-32,3.327483740598124e-22,1.7552399280769356e-88,-2.712243632978855e-86,-3.0763912310597616e-63,-1.784612962797965e-57,-3.4949114367131836e-65,-2.2810356358923778e-58,2.57273569358379e-44,6.869863845332784e-43,1.932531534305096e-34,3.9221669661222285e-19,3.389989192578528e-08,3.176484820684312e-28,1.1817903049392532e-22,4.61757123926111e-27,1.8534547368278603e-21,2.4147482894354384e-44,5.773043040026647e-39,2.6652499141842e-30,0.00018232390001904494,0.5000000000000622,9.18216975465033e-15,0.24999999999990116,8.997649308785826e-15,2.2395202586951896e-19,9.57318583606381e-45,1.1982843647966883e-43,1.8896606029960057e-32,1.3463832477328936e-47,-1.778074107324849e-52,2.1079127225464463e-45,1.5726304946332702e-52,-4.34324396483673e-57,7.122293834417375e-30,2.421330572516948e-28,2.1535115805280078e-29,1.160551825946098e-19,0.0,3.764278575082101e-54,-5.417792675340872e-65,2.983216699909316e-20,2.7879708353782858e-36,1.017399249068875e-30,-2.304229986631193e-78,7.113049406790579e-27,1.0807359855415827e-13,9.523305665884465e-34,1.1498486159022036e-26,1.099726994689959e-32,3.460038558533006e-34,2.105997196708844e-25,3.222781175439957e-50,-3.0285938804050443e-66,2.4363585029171678e-45,1.537683749925709e-34,0.10000000149011415,1.9495013622433374e-15,7.458047938475009e-22,4.810671562904282e-35,3.3558860446420713e-62,-1.8647733952340123e-51,9.612081524502615e-41,-2.4018352742246047e-50,2.2158149483755552e-27,-1.199068982445221e-69,2.2168778075828356e-26,7.408311430524885e-26,-3.655328994286172e-58,6.652232206867142e-41,-3.91643683948537e-49,2.2559999942121994e-06,5.787800188988957e-15,6.1799999999995e-05,5.0045142062428495e-18,9.687594532591062e-39,3.265169060895072e-32,6.04901552882102e-38,-1.1391431071809801e-67,2.0866534315601335e-36,1.2414293731203276e-23,-3.6934591832018594e-42,1.4511643501256993e-29,-6.46232482611823e-91,-8.882574443829656e-46,3.688359356212485e-38,-9.278345373368125e-45,6.906440009036854e-29,4.195541901593579e-32,8.25045888466171e-63,5.823591520728922e-37,3.6127005509547095e-29,0.0003339999999999276,6.949069891649269e-17,5.225961116604763e-23,1.797430965385323e-31,-3.65961304795278e-60,3.797603670361053e-42,8.936014145561639e-45,-1.3198240762019928e-59,1.0908855308003718e-45,-1.1533553140026773e-60,2.9486758203746394e-18,1.7828029095704218e-22,7.816483952556679e-17,3.5099999999217196e-06,2.5424411690016794e-48,2.0766227543706847e-40,1.6824418993865335e-16,1.7799999998316025e-06,1.2690888131912173e-39,2.1137040124108935e-34,-1.1154469810061433e-67,1.5373406120692896e-51,0.0,0.0,3.251919497861992e-27,1.3621975965565792e-19,9.954576531572262e-40,1.702403866761925e-20,1.2934498061063799e-56,7.816908620285121e-33,1.293449061128593e-56,-7.623673408641271e-72,9.099718050734864e-48,7.471725129942963e-33,7.720566437671683e-24,2.677838149198697e-29,4.266010925372433e-45,2.0377772494864828e-38,6.221961929346728e-42,5.649815431435063e-36,1.2071361997174277e-28,9.533596417219805e-53,-4.055979560156671e-62
0.0005847477683396706,1.0000968860580555e-10,0.0001769999999900943,3.9575083219279326e-34,8.455916801527268e-28,4.2501108441784585e-40,2.1481864335935297e-31,-5.149338830412314e-47,3.626467988803596e-37,-6.020985867024048e-82,-6.880327617569677e-67,-1.6590690289337092e-75,2.545266740398337e-51,8.529939022483096e-42,-3.331278818117692e-59,-4.668301279475218e-47,1.4565035259658627e-46,1.5214176981725696e-96,-1.9280455069098332e-79,-2.788980522388097e-71,-3.3222156556282514e-84,-4.2008469468054336e-95,-5.999103419792472e-81,6.583431625701958e-23,2.8453568120977867e-17,4.610435278459916e-24,1.8866747424781889e-16,-1.2098508412107113e-65,-6.38580767239691e-64,1.2774335806279986e-31,6.958291334963687e-22,4.7724178278749276e-87,-4.847984102683421e-85,-5.597220764909839e-62,-3.278505467949186e-56,-6.385807507363154e-64,-4.271185598724642e-57,-2.262820560984568e-41,-6.040519521093851e-40,5.844018325696017e-34,5.849340826092404e-19,3.389984371570023e-08,6.149079292752712e-28,1.7089748071419212e-22,9.536601762113988e-27,2.6802568014706972e-21,6.888642652050248e-44,1.2095989272148894e-38,3.854790734294695e-30,0.00018232390002754058,0.5000000000000898,1.3278202229595835e-14,0.2499999999998571,1.3011326509591956e-14,4.683187665387293e-19,-8.421210301301875e-42,-1.054201147760699e-40,5.714373658512578e-32,-1.1836204346911507e-44,-3.3294026349528334e-51,-1.853836288757153e-42,-2.381009110726599e-49,-8.132613709143838e-56,1.4893851781667684e-29,7.322212710972736e-28,4.503334661331783e-29,1.6782548571807069e-19,0.0,-3.3143785659784504e-51,-1.0144691230503245e-63,6.23837152273251e-20,-2.447011640082893e-33,2.1275430376989774e-30,-4.285830940639717e-77,2.150807694471551e-26,1.5628324652277522e-13,2.8349815303464777e-33,2.404513399106398e-26,3.3256028582111145e-32,7.289780046295266e-34,4.403973316110489e-25,-2.835089715316651e-47,-5.57759907254333e-65,7.359395410940609e-45,3.2163370370609053e-34,0.10000000149011327,2.8191430557769327e-15,1.559591726765517e-21,1.0058847396604106e-34,-3.374164910980051e-59,-3.37412097733605e-50,-8.438813636552675e-38,-4.497380078353209e-49,4.633624807243061e-27,-2.1698667647690017e-68,4.6358433712878974e-26,1.549136219342457e-25,-6.844514680236938e-57,2.011636181795183e-40,-7.333437356331141e-48,2.2559999916303536e-06,8.369646217360589e-15,6.179999999999277e-05,7.236945100514304e-18,2.657149284386822e-38,7.223498212213013e-32,9.086341938936964e-38,-2.1636056376371823e-66,-5.18803457657951e-36,2.596022580990238e-23,-6.915916187408205e-41,4.388367786477152e-29,-1.2222084338579978e-89,-1.6632389698095298e-44,-3.240825042670217e-35,-1.7373487953363174e-43,1.4442467086850375e-28,1.2661921888939003e-31,1.740914354764395e-61,1.7610540092396212e-36,7.554731267791289e-29,0.0003339999999998953,1.0048922804469217e-16,7.557194543446213e-23,5.435172761508607e-31,-6.852745427524586e-59,1.148395832251209e-41,2.5492127085906445e-44,-1.8227592225131147e-54,3.292045002231021e-45,-2.1187082354875e-59,4.264033419049726e-18,3.728118527770679e-22,1.1303293694483835e-16,3.5099999998867994e-06,-7.89187486147638e-47,6.279709103459395e-40,2.432952590959292e-16,1.7799999997564832e-06,2.6540048073439074e-39,5.76389694631784e-34,-2.0543372618955721e-66,4.6376882360486003e-51,0.0,0.0,6.800280802917368e-27,1.969846831159106e-19,3.010300240045194e-39,2.4618185788794034e-20,-1.13613667964786e-53,1.6346369559786773e-32,-1.1361366935973964e-53,-1.4040117305005967e-70,2.751790183256192e-47,1.5628181942066845e-32,1.116467483434333e-23,5.599789158866159e-29,1.2877567651163778e-44,6.162316094222947e-38,1.8815221073475007e-41,1.6993760754365977e-35,2.524313843456784e-28,-3.2333510681454106e-50,-7.603153675756106e-61
0.0008455944902006664,1.0001401053957277e-10,0.00017699999998567549,5.723683259239096e-34,1.222886287594713e-27,8.886606119277115e-40,4.492320715338638e-31,-1.818690076346128e-46,1.0964090888519459e-36,-2.191052771708259e-81,-2.7589913848917966e-66,-6.620683072423077e-75,7.539403914330542e-51,2.579346257368445e-41,-1.2699802644753449e-58,-1.6479945420837998e-46,4.40417523387389e-46,6.548766837096481e-96,-7.815717604787005e-79,-1.0635376960737377e-70,-1.311369183252184e-83,-1.6039974727717915e-94,-2.393852323351424e-80,1.3172240040642016e-22,4.114612559780017e-17,6.667322374122469e-24,2.728285031466559e-16,-4.851466983583122e-65,-2.4816419418155586e-63,3.8629536576608997e-31,1.455087338212348e-21,2.9774040133740927e-86,-1.8168713681683271e-84,-2.168086098835038e-61,-1.2873677277182093e-55,-2.481641851234117e-63,-1.6285930060792e-56,-7.984116943699911e-41,-2.1313307400527358e-39,1.767229663026753e-33,8.829939763223258e-19,3.389977399998074e-08,1.2145187623548365e-27,2.4713351241428712e-22,1.9769870728958756e-26,3.8758879059081494e-21,2.0621576567393225e-43,2.536637239400903e-38,5.576068790948852e-30,0.00018232390003982598,0.5000000000001299,1.9201422947882073e-14,0.24999999999979333,1.881540696882796e-14,9.793273190178305e-19,-2.9713342240252153e-41,-3.719636821239374e-40,1.728025047048475e-31,-4.176272923328314e-44,-1.2694944777837707e-50,-6.54106107861027e-42,-8.407051888238994e-49,-3.100950148336253e-55,3.1145418336851423e-29,2.2142380470635806e-27,9.417186563390272e-29,2.4268961800562384e-19,0.0,-1.1694446381336852e-50,-3.868150759694666e-63,1.3045398583592507e-19,-8.633984837093413e-33,4.4490286819130265e-30,-1.7045183047990894e-76,6.503631251299666e-26,2.2599815693927772e-13,8.479129003633726e-33,5.0282106658952315e-26,1.0056616627350327e-31,1.5408916211757305e-33,9.209402540078703e-25,-1.000330972991265e-46,-2.201344049237045e-64,2.224777453914293e-44,6.728355628382242e-34,0.10000000149011203,4.0767181407197354e-15,3.2613398302123178e-21,2.103329624936357e-34,-1.190855315277209e-58,-1.2856995690956359e-49,-2.9775347453287076e-37,-1.7148397009970387e-48,9.689655735135284e-27,-8.268497677569729e-68,9.694282878234327e-26,3.2394031332996807e-25,-2.6097995055017983e-56,6.083175873800698e-40,-2.7962199846298764e-47,2.255999987896787e-06,1.210321287856257e-14,6.179999999998954e-05,1.0465224076695764e-17,7.46600866683168e-38,1.6301464369894457e-31,2.2849690684888322e-37,-8.246206786686766e-66,-2.2272086294177286e-35,5.428684533043622e-23,-2.6370251995622434e-40,1.327042038515119e-28,-5.068655951073115e-89,-6.341897203278473e-44,-1.1434880531726911e-34,-6.624476703251996e-43,3.0201501096407975e-28,3.8236236066356887e-31,8.469772828870257e-61,5.3254163262676e-36,1.5798142851435907e-28,0.0003339999999998486,1.4531552312535226e-16,1.0928370562497043e-22,1.6435295714708793e-30,-2.6129338853439054e-58,3.472742089461499e-41,7.631226463995874e-44,-6.442291353942065e-54,9.951503177570493e-45,-8.320214708604024e-59,6.1661512158427464e-18,7.7960703065450865e-22,1.6345514059361264e-16,3.5099999998363027e-06,-2.821856186486009e-46,1.8989802184101558e-39,3.5182542160872353e-16,1.7799999996478542e-06,5.550363894671411e-39,1.611691949110551e-33,-8.10785217531983e-66,1.401421752557274e-50,0.0,0.0,1.4220467359591748e-26,2.8485527163090066e-19,9.103147428939077e-39,3.5599954065389156e-20,-4.008726145498304e-53,3.4182766287413766e-32,-4.008726198687611e-53,-5.5413018827253616e-70,8.321414198317838e-47,3.269194728571401e-32,1.6145239232859434e-23,1.171005997359693e-28,3.8930198430809646e-44,1.8634844555247331e-37,5.689711550571898e-41,5.119814569262123e-35,5.278741486175941e-28,-1.1417476295259732e-49,-2.898832798605925e-60
0.0012228008050171417,1.0002026041968446e-10,0.00017699999997928555,8.279092437881694e-34,1.7686214986803313e-27,1.858673887950262e-39,9.394534986515203e-31,-2.6136154709317738e-46,3.318086681379458e-36,-4.477285990652955e-81,-7.060346147379698e-66,-1.6780036232470105e-74,2.336520902829264e-50,7.800724840661497e-41,-2.8969580699257306e-58,-2.3803586365125624e-46,1.3321149064597603e-45,1.9024875501984913e-95,-2.042774397186624e-78,-2.427730576475944e-70,-3.249400618055763e-83,-3.6972149475091436e-94,-6.066412024902224e-80,2.668519548291367e-22,5.950049148868859e-17,9.642118968654552e-24,3.9453184057103e-16,-1.2415058653116976e-64,-5.948140474860631e-63,1.168148366396822e-30,3.042812610876134e-21,1.3000177878336946e-85,-4.006320574452642e-84,-5.161715359265494e-61,-3.1550929162734533e-55,-5.948140119575726e-63,-3.7180837981698696e-56,-1.1486466063379233e-40,-3.066257971471602e-39,5.344057309193381e-33,1.35452849651938e-18,3.389967318543609e-08,2.4365906772799997e-27,3.5737872702974336e-22,4.109250277389404e-26,5.60488309606032e-21,6.465593499714818e-43,5.326311276276128e-38,8.068357983609574e-30,0.00018232390005759163,0.5000000000001878,2.776692584617597e-14,0.24999999999970116,2.7208523484278995e-14,2.047923859112681e-18,-4.274766554908032e-41,-5.3513328898001046e-40,5.225504677807186e-31,-6.008217196935393e-44,-2.898266539863796e-50,-9.410393623963757e-42,-1.216189276188592e-48,-7.079502321861352e-55,6.513003491433106e-29,6.695768445633746e-27,1.9692825880908116e-28,3.509492799811649e-19,0.0,-1.682462376196644e-50,-8.831023676502753e-63,2.7279915015410825e-19,-1.2421064588429013e-32,9.303619214887477e-30,-4.2858904028641014e-76,1.96659679266963e-25,3.268111614612808e-13,2.544448974354685e-32,1.0514759314983666e-25,3.0410929347938453e-31,3.272367152137527e-33,1.925830544613892e-24,-1.4391442661668423e-46,-5.453196254207151e-64,6.730789391384415e-44,1.4077893564236577e-33,0.10000000149011021,5.895277561191428e-15,6.819935843337738e-21,4.398724919517966e-34,-1.7165073075092948e-58,-2.9478940458646527e-49,-4.283570460872881e-37,-3.914981286261755e-48,2.0262637749839453e-26,-1.8959417301069966e-67,2.027227687058657e-25,6.7739780291461945e-25,-5.958194367088589e-56,1.839544424796395e-39,-6.383766932983681e-47,2.2559999824977354e-06,1.750226450742254e-14,6.179999999998487e-05,1.5133578837081938e-17,2.138849712346591e-37,3.770542782857825e-31,1.2041598089123382e-36,-1.876443586038174e-65,-8.291908762011337e-36,1.1352206870517808e-22,-6.020352785398427e-40,4.0129330905110454e-28,-1.3819244599333453e-88,-1.4478612160916156e-43,-1.6450740581964438e-34,-1.5123740961155357e-42,6.31561534935725e-28,1.155134301832073e-30,2.9207756636917574e-60,1.6103995335168005e-35,3.3036421306303995e-28,0.000333999999999781,2.10137727445332e-16,1.580340885105058e-22,4.9698428015407394e-30,-5.965299462376409e-58,1.0501527650924055e-40,2.392657656127349e-43,-9.391420135137566e-54,3.0130056867207577e-44,-2.0395212778472467e-58,8.91677364327251e-18,1.630276576464639e-21,2.3636989100592013e-16,3.5099999997632796e-06,-3.705421713436997e-46,5.742492300449492e-39,5.087691705487584e-16,1.7799999994907675e-06,1.1607956356016631e-38,4.599177332896595e-33,-2.008409950971917e-65,4.241889671063546e-50,0.0,0.0,2.9737252471971236e-26,4.1192227279990346e-19,2.7527606074912704e-38,5.1480499319239164e-20,-5.767111390742791e-53,7.148131614706595e-32,-5.767111512174466e-53,-1.37270097586866e-69,2.5163658931811103e-46,6.839711810328684e-32,2.3347750649840372e-23,2.4487626779969476e-28,1.1785182408817162e-43,5.635111286501958e-37,1.7205614773011858e-40,1.5442342143076909e-34,1.1038686392539194e-27,-1.6341585436869264e-49,-6.615604509130839e-60
0.0017682728850275922,1.0002929827260735e-10,0.00017699999997004514,1.1978321989045783e-33,2.5581601927407178e-27,3.889208829192587e-39,1.964663329195314e-30,5.3392945975978016e-46,1.0045590696616924e-35,-2.869692742210432e-81,-1.282026349013417e-65,-2.971276989722106e-74,7.375105694259594e-50,2.359314191871897e-40,-3.6017929205149294e-58,4.7483686791567755e-46,4.029667852340959e-45,4.5099236891159885e-95,-3.9082063781181198e-78,-3.027318050452149e-70,-5.403865106751486e-83,-4.816042421046783e-94,-1.073826993107215e-79,5.455934740266834e-22,8.604215555214536e-17,1.3944885261014885e-23,5.705238677991107e-16,-2.2543422551181684e-64,-8.924696051088092e-63,3.5324452882775496e-30,6.362985135002222e-21,4.8661904816278266e-85,-4.280217968418803e-84,-7.572993541478278e-61,-5.079381300635541e-55,-8.924694830934011e-63,-4.639995941294167e-56,2.331740165729098e-40,6.224577021218309e-39,1.6160242652602224e-32,2.121130086663112e-18,3.38995273996494e-08,4.946176410902425e-27,5.168057150784714e-22,8.557105731151151e-26,8.105180716776472e-21,2.060634572848645e-42,1.120430944698249e-37,1.1681696818909883e-29,0.00018232390008328218,0.5000000000002716,4.015342084390484e-14,0.24999999999956787,3.934552511027958e-14,4.282518063720541e-18,8.677613014472359e-41,1.0862943276596388e-39,1.580174879472035e-30,1.2196958260224792e-43,-3.616933525425878e-50,1.9102992071755578e-41,2.409498415796138e-48,-8.835005516515142e-55,1.3619728661912025e-28,2.024762872080868e-26,4.118080050021123e-28,5.075014983286297e-19,0.0,3.4151692351287293e-50,-1.1020819363981125e-62,5.704636965219431e-19,2.5217669982995813e-32,1.9455323668899687e-29,-7.424777726391169e-76,5.946743353805803e-25,4.725939469602792e-13,7.653314973003393e-32,2.19879448913678e-25,9.19614865390823e-31,6.99517142023073e-33,4.02721159873333e-24,2.9214158001709647e-46,-9.061923026993627e-64,2.03699482941591e-43,2.9463474359160947e-33,0.10000000149010757,8.525067547655757e-15,1.4261434992809014e-20,9.200973892487649e-34,3.455666368545764e-58,-3.757830750670538e-49,8.696516693832625e-37,-4.8856936747503694e-48,4.237247497874708e-26,-2.417416773681912e-67,4.239252011935574e-25,1.4165268651373083e-24,-7.435616110486144e-56,5.56275293242586e-39,-7.966573443588568e-47,2.2559999746902524e-06,2.5309747568518274e-14,6.179999999997812e-05,2.1884395270525153e-17,6.219637269070327e-37,8.978389067709885e-31,5.995050982784351e-36,-2.3063604982021757e-65,2.513150099462937e-34,2.373915963215896e-22,-7.513197362636508e-40,1.2134932363119139e-27,-2.904396419252223e-88,-1.8068835741440298e-43,3.339674623583712e-34,-1.8873917213309445e-42,1.3206958519676363e-27,3.490737224020047e-30,8.811603111808558e-60,4.869825216573936e-35,6.908438145208488e-28,0.0003339999999996833,3.0387527256334103e-16,2.2853195678989664e-22,1.5028295017835297e-29,-7.444196411495761e-58,3.175645636823871e-40,7.625577393688348e-43,1.797320210877123e-53,9.128318276324626e-44,-3.2853697509742584e-58,1.2894405178700079e-17,3.4091500462863754e-21,3.4181075718382217e-16,3.509999999657682e-06,1.0937467950666533e-45,1.7365209347966822e-38,7.35723039426646e-16,1.7799999992636068e-06,2.4277900187539566e-38,1.333374601298396e-32,-3.3371212009980205e-65,1.284884073910731e-49,0.0,0.0,6.218529991594271e-26,5.9566920467289e-19,8.324215716257621e-38,7.444507095591337e-20,1.1708067336187772e-52,1.4947792771523557e-31,1.1708067184645152e-52,-2.2811186433823069e-69,7.60936367621753e-46,1.431292048065589e-31,3.376359843489335e-23,5.1207605655824365e-28,3.569664067525089e-43,1.70402969123757e-36,5.202951084840369e-40,4.66139520122261e-34,2.3083642164119524e-27,3.3986545736866533e-49,-8.242325888764666e-60
0.0025570714241392473,1.0004236776913589e-10,0.00017699999995668275,1.7338958225419735e-33,3.700882684299474e-27,8.142730268525073e-39,4.108780354446647e-30,5.65048227076902e-45,3.0413515952745405e-35,2.4516335926406188e-80,-1.0533257914522078e-65,-2.054679496934581e-74,2.3287414872278342e-49,7.135720304969565e-40,5.529640296657861e-58,5.076890544938623e-45,1.218984231428278e-44,9.097244699087529e-95,-4.2273007699576163e-78,4.581017732247286e-70,-1.9027247715254635e-83,5.736919725748417e-94,-7.406501940598769e-80,1.122940703597354e-21,1.244230212338001e-16,2.0169651769331082e-23,8.250205544040473e-16,-1.8521934952772044e-64,2.2538978888815455e-63,1.0682007427827187e-29,1.3305952434978396e-20,1.6799134818341396e-84,1.1782030808539156e-83,2.9726684409277058e-61,-8.531332916081021e-56,2.253901829167801e-63,6.993248681454177e-56,2.47409523427758e-39,6.60454451186471e-38,4.88680059458087e-32,3.4068698522316564e-18,3.389931658224015e-08,1.0127772139753353e-26,7.473571006226158e-22,1.7842469198706854e-25,1.1720873901987919e-20,6.552754279222001e-42,2.363041039855833e-37,1.6934266372906437e-29,0.0001823239001204327,0.5000000000003927,5.806545406898706e-14,0.2499999999993751,5.689633464673288e-14,8.955375957644328e-18,9.207443956863936e-40,1.152623130083692e-38,4.778394883628061e-30,1.2941436774484729e-42,5.451088658900014e-50,2.0269251417669093e-40,2.583982155876095e-47,1.3314969026634206e-54,2.848102418274421e-28,6.12276875321316e-26,8.611550441093567e-28,7.338884197347051e-19,0.0,3.623766147036277e-49,1.6609382502621855e-62,1.1929220166030912e-18,2.6755829901506565e-31,4.068410081374553e-29,-4.2696374082044597e-76,1.798237420493186e-24,6.834053976116556e-13,2.30576220329848e-31,4.598001654111837e-25,2.7808799420110317e-30,1.5089071237955578e-32,8.421520040369732e-24,3.099785672901414e-45,-3.152104121761846e-64,6.164926893484637e-43,6.168766304178127e-33,0.10000000149010377,1.2327965211884901e-14,2.9822516542296214e-20,1.9251102508388757e-33,3.679947733238381e-57,5.062629397034088e-49,9.22702557991015e-36,7.363713941031137e-48,8.860780933706341e-26,3.2527237615207636e-67,8.864938886243555e-25,2.9621514026075468e-24,1.1206221990279872e-55,1.6821675573797313e-38,1.2007487250389878e-46,2.255999963399975e-06,3.660002516911792e-14,6.179999999996835e-05,3.1646607490008375e-17,1.8289647674248014e-36,2.2082170108264073e-30,2.530114150814971e-35,3.742231387258615e-65,1.6066153705556587e-33,4.964202041367596e-22,1.1323072625800043e-39,3.669549588462414e-27,-4.4047656749676044e-88,2.7231260977164606e-43,3.5434764718855024e-33,2.8444725461671453e-42,2.7617855674649376e-27,1.0550942995495827e-29,2.5162199488746185e-59,1.4726281731263727e-34,1.4446632749079339e-27,0.00033399999999954197,4.39425941353069e-16,3.3047929564000187e-22,4.544428890766062e-29,1.1221307276870275e-57,9.603102842654758e-40,2.4249079596292525e-42,1.9573928505403437e-52,2.7655922525307766e-43,-5.630518106047113e-59,1.8646395148949555e-17,7.129021274195512e-21,4.942871243986749e-16,3.5099999995049794e-06,1.0054816392258248e-44,5.251212783353042e-38,1.0639174324350513e-15,1.7799999989351133e-06,5.078049131753797e-38,3.912060266739757e-32,-1.1586460101115094e-65,3.892257731088587e-49,0.0,0.0,1.3003926765666213e-25,8.613771989875811e-19,2.517202547297776e-37,1.0765370450634744e-19,1.242244425964331e-51,3.1257945526324287e-31,1.2422444282482175e-51,-7.935444320412885e-70,2.301032985423173e-45,2.9960816409253447e-31,4.8826648487579704e-23,1.0708349140746023e-27,1.0812414037672187e-42,5.152900678713912e-36,1.5733642645051267e-39,1.407853737814167e-33,4.827154287206532e-27,3.569229987195735e-48,1.2524935933049217e-59
0.0036977405034673127,1.0006126736220224e-10,0.00017699999993735962,2.5123755422624125e-33,5.3561099479043195e-27,1.7052405803177917e-38,8.593183361884706e-30,2.3020658942947977e-44,9.202202551049711e-35,-3.758149096683909e-76,-4.142190012656872e-62,-1.020755001958861e-70,6.000205985097891e-49,2.1576982548502762e-39,-1.5340112941782645e-56,2.065938955031627e-44,3.686669736202483e-44,8.78325444665651e-90,-1.2116072751779278e-73,-2.236181558224977e-68,-3.08399895479708e-80,-2.548267155993692e-90,-3.7133483855051514e-76,2.322250273496012e-21,1.799236984273664e-16,2.9178438564705535e-23,1.1930387516221765e-15,-7.283927523058664e-61,-3.9222966922071406e-60,3.230218852357269e-29,2.782467462569933e-20,2.5732867462126107e-80,-3.107789275245195e-79,-3.484583256216743e-57,-1.9984555851146838e-52,-3.92229591971135e-60,-1.973712319617277e-54,1.0145552010033519e-38,2.7083532589661163e-37,1.4777581173159082e-31,5.636647332517457e-18,3.3899011724841e-08,2.086772076722775e-26,1.0807674892678765e-21,3.723727370639899e-25,1.6949580103143083e-20,2.0271534598808753e-41,5.001953612044133e-37,2.4611287253526222e-29,0.00018232390017415507,0.5000000000005678,8.396801038878654e-14,0.24999999999909633,8.22756209029287e-14,1.87269614402184e-17,3.775682653303599e-39,4.726534016107277e-38,1.4449766973843357e-29,5.306974028124388e-42,-1.5388474198934968e-48,8.311828106552278e-40,1.048606723061855e-46,-3.760236101534109e-53,5.9558362502632005e-28,1.8515057817242043e-25,1.8008090201417052e-27,1.0612613670276333e-18,0.0,1.4859629603957914e-48,-4.688337283392552e-61,2.494564358556689e-18,1.0972359754905277e-30,8.507669101431066e-29,-2.176727411458013e-72,5.4377545160842105e-24,9.882507953979637e-13,6.954642807219142e-31,9.61506932957682e-25,8.40931719722356e-30,3.2945984409445205e-32,1.7610676150856072e-23,1.2711269906606217e-44,-3.409051562402965e-61,1.8604206215597975e-42,1.2922283111639448e-32,0.10000000149009827,1.7827275315513167e-14,6.23623735855763e-20,4.0283499157261486e-33,1.4700824432854782e-56,-2.0857112916122658e-46,3.783907172639031e-35,-2.078056848981576e-46,1.8529368757404056e-25,-1.3447996800679292e-64,1.8537961467227928e-24,6.194274500208633e-24,-3.163763086822868e-54,5.086854942217247e-38,-3.38798073275408e-45,2.255999947073283e-06,5.2926716762389516e-14,6.179999999995423e-05,4.576351160113696e-17,5.422030838349286e-36,5.61775724635014e-30,8.731364179288534e-35,-1.5016951090443706e-63,6.127766382685199e-33,1.038083296296074e-21,-3.196257565688247e-38,1.1096622941924378e-26,-7.330719302861068e-82,-7.69072336558517e-42,1.4531132783669908e-32,-8.028896088842194e-41,5.775333890365041e-27,3.1895554337947397e-29,9.210052010993138e-57,4.453211576427403e-34,3.0210173576929437e-27,0.00033399999999933765,6.354400392027571e-16,4.779068392313286e-22,1.3742108457748674e-28,-3.1687424571950785e-56,2.9039672382460233e-39,7.501662496022397e-42,7.640007981692101e-52,8.367672780147217e-43,-1.295093682862925e-55,2.696425673854952e-17,1.4907753790364726e-20,7.147807849542176e-16,3.509999999284158e-06,4.056479989068473e-44,1.5879607834008262e-37,1.5385141405414488e-15,1.7799999984600843e-06,1.0622497161409427e-37,1.1578977413741848e-31,-1.2762301392023949e-62,1.1707649655613041e-48,0.0,0.0,2.7193251270103466e-25,1.2456017490299608e-18,7.611950396386485e-37,1.5567603751136455e-19,5.0942523611410785e-51,6.536452427104441e-31,5.0942522966737314e-51,-8.585419221764009e-67,6.958257004233705e-45,6.274422204851174e-31,7.061087975893875e-23,2.2392933049527284e-27,3.272342455934591e-42,1.5582224161873217e-35,4.7578353757221925e-39,4.253684261246731e-33,1.0094339210949787e-26,1.4619838753168463e-47,-3.506979834712426e-58
0.005347244000266954,1.0008859776671659e-10,0.00017699999990941674,3.647770817427723e-33,7.757579917656388e-27,3.492866231401027e-38,1.7971539636869496e-29,-3.3239504079552707e-43,2.746429152573153e-34,-3.676162257915663e-74,-4.2456467373716415e-60,-1.0436938613967344e-68,-1.074527739985918e-47,6.482889215730778e-39,-2.105710436325775e-54,-3.04702663238655e-43,1.109333388216956e-43,9.342327312723127e-88,-1.2476462839711417e-71,-2.7335403967205204e-66,-3.1786427815412153e-78,-2.523954787035458e-88,-3.7971524357540044e-74,4.818618926975617e-21,2.601796619141634e-16,4.222652622993729e-23,1.7252126809491738e-15,-7.465855232532623e-59,-4.03523962837805e-58,9.768923900019469e-29,5.818524621887821e-20,3.5016865798895753e-78,-3.0819723763366104e-77,-3.514947710290441e-55,-2.0595894148129583e-50,-4.035238656299023e-58,-2.7031519592088623e-52,-1.3936751164497426e-37,-3.7201530953389994e-36,4.46915940182445e-31,9.63584665415621e-18,3.3898570880231345e-08,4.3189490454545254e-26,1.5629355791278467e-21,7.776404623577624e-25,2.4510958384588892e-20,2.767626456381616e-41,1.0623248383420128e-36,3.5955943172926715e-29,0.0001823239002518414,0.5000000000008211,1.2142580695423006e-13,0.24999999999869324,1.189748215889888e-13,3.916058586846188e-17,-5.186905744405881e-38,-6.4932893488596715e-37,4.370003986104378e-29,-7.28925312546907e-41,-2.1074498826847753e-46,-1.1417894502461849e-38,-1.5853141285872395e-45,-5.1491396318405703e-51,1.2454597884384831e-27,5.599891738700249e-25,3.765768273696484e-27,1.534666866483941e-18,0.0,-2.0417543508366416e-47,-6.420869961976738e-59,5.216453845977772e-18,-1.506509382388561e-29,1.7790816878246215e-28,-2.2325925589955557e-70,1.644512774769633e-23,1.4290709722140915e-12,2.0994518937689073e-30,2.010638526331276e-24,2.5432456505309825e-29,7.278531149272047e-32,3.6826535292355194e-23,-1.7461997138812751e-43,-3.5157027628178922e-59,5.127091291102255e-42,2.705257151967221e-32,0.10000000149009032,2.5779740588362293e-14,1.3040584400581642e-19,8.345817393671317e-33,-2.4771863501406056e-55,-2.1393613184996973e-44,-5.195647897580149e-34,-2.846124306209234e-44,3.8748055734077287e-25,-1.379488152742106e-62,3.8765714815081814e-24,1.2953104110253181e-23,-4.332682156632567e-52,1.5383070552446027e-37,-4.640391257836694e-43,2.255999923463513e-06,7.653648678617306e-14,6.179999999993381e-05,6.617758332204637e-17,1.6129988513019968e-35,1.477357550752705e-29,-4.251489982157004e-34,-1.8894789439340206e-61,-6.381978354262042e-32,2.170765930425797e-21,-4.377372762811033e-36,3.356042050795628e-26,-7.638083118859112e-80,-1.0531230984249406e-39,-1.9956451617181067e-31,-1.0995979001921122e-38,1.2077143818799724e-26,9.644366153951126e-29,1.0538861525615415e-54,1.3466799324681481e-33,6.317417235434054e-27,0.00033399999999904215,9.188854402734654e-16,6.911059813407507e-22,4.156112801177531e-28,-4.3391404679993536e-54,8.781823947404637e-39,1.0241505917244519e-41,-1.5255075792513928e-50,2.448410037785346e-42,-1.3346136013589194e-53,3.899258460857942e-17,3.11739869922544e-20,1.033633176463637e-15,3.509999998964832e-06,-5.261034859778474e-43,4.8021119038702345e-37,2.224820910275257e-15,1.7799999977731524e-06,2.222383314903427e-37,3.448796742069635e-31,-1.3160538905040516e-60,2.7657616684910145e-48,0.0,0.0,5.686532469725787e-25,1.801198585907924e-18,2.3021755683583614e-36,2.2512006722161523e-19,-6.995696449645762e-50,1.3668515085221743e-30,-6.995697332552496e-50,-8.853989826462249e-65,2.1044880126091585e-44,1.3148447278365428e-30,1.0211646116337859e-22,4.682739826045796e-27,9.724613822154774e-42,4.7127486480098054e-35,1.4388068117147233e-38,1.2855782011297823e-32,2.1108842437463384e-26,-2.001643849134923e-46,-4.808261802419655e-56
0.007732564892420054,1.0012811983658634e-10,0.000176999999869009,5.3183961949599364e-33,1.1253157459466452e-26,7.14680821963281e-38,3.75880011455675e-29,-1.5172221268259237e-42,8.258657060302671e-34,-1.6231439449388018e-73,-2.039495805259779e-59,-4.991364997347417e-68,-5.284481996118644e-47,1.9539321655463957e-38,-9.70543084946506e-54,-1.3908052233298201e-42,3.34707634997418e-43,4.774592589732826e-87,-6.0503554093478455e-71,-1.2768807098576325e-65,-1.5179953762522143e-77,-1.1365441896061722e-87,-1.816259507403364e-73,1.0022216843945839e-20,3.7623092113647817e-16,6.115478663686381e-23,2.494757221400982e-15,-3.586400095372765e-58,-1.886661115781963e-57,2.954211812327715e-28,1.216728590799268e-19,2.395350289725348e-77,-1.3972078882157432e-76,-1.638587793045318e-54,-9.71597843981934e-50,-1.8866604898984375e-57,-1.2458813970328568e-51,-6.357280528136147e-37,-1.6969551156362295e-35,1.351524639165492e-30,1.7039160384285663e-17,3.389793339196022e-08,8.96727109936165e-26,2.2602510330168487e-21,1.6247188364180652e-24,3.544582667600606e-20,4.025583990424136e-41,2.2722103078359264e-36,5.309000495977953e-29,0.00018232390036418075,0.5000000000011875,1.7559402080194766e-13,0.24999999999811032,1.7204206197660005e-13,8.188958880473088e-17,-2.3660202126437872e-37,-2.9619309868868992e-36,1.321537009711057e-28,-3.3250056714882615e-40,-9.713292129360679e-46,-5.208298884404128e-38,-7.237701037156938e-45,-2.3732568090101725e-50,2.6044537794407077e-27,1.6935230510952443e-24,7.874790128577604e-27,2.2192440868266583e-18,0.0,-9.31353085536353e-47,-2.95939922092509e-58,1.0908201016668812e-17,-6.871944510859054e-29,3.7203205969106056e-28,-1.0726972229318854e-69,4.9731571315985193e-23,2.066509110988262e-12,6.341037938644564e-30,4.2044878184414946e-24,7.691101656466562e-29,1.6422685231161103e-31,7.700956337700912e-23,-7.965332771249517e-43,-1.6656090604182588e-58,1.4699947966528025e-41,5.669238676459752e-32,0.10000000149007883,3.727967470907519e-14,2.7268785620461625e-19,1.7285529756528101e-32,-1.1361173145673498e-54,-9.83742263883587e-44,-2.369996883402796e-33,-1.311772222996095e-43,8.10289410653054e-25,-6.344986289836764e-62,8.106493305437138e-24,2.7086754130682635e-23,-1.9969434795701692e-51,4.651886917269333e-37,-2.1387384024076e-42,2.255999889321799e-06,1.1067820099649874e-13,6.179999999990429e-05,9.569771504384852e-17,4.824440146469963e-35,4.004283255483077e-29,-2.1540083096020253e-33,-8.798872103057625e-61,-2.9679481645277663e-31,4.539321670161875e-21,-2.0175448136613673e-35,1.0149189912621872e-25,-3.7774238633823866e-79,-4.853872657108398e-39,-9.103160245661624e-31,-5.068081662114968e-38,2.5255232904603478e-26,2.91616759010874e-28,6.03127641939494e-54,4.0723904846575995e-33,1.3210691267445686e-26,0.0003339999999986148,1.3287557005793358e-15,9.994234891725963e-22,1.256867405999761e-27,-1.9999316587816699e-53,2.655648352333693e-38,1.4895359174509042e-41,-6.97919995498419e-50,7.288176540522655e-42,-6.296005386121481e-53,5.638655892725886e-17,6.518825627840639e-20,1.4947205713787905e-15,3.50999999850306e-06,-2.40853275720461e-42,1.4521714814260646e-36,3.217278230759597e-15,1.7799999967797913e-06,4.6505361475341026e-37,1.0319120400747721e-30,-6.236697391397009e-60,7.111029159349471e-48,0.0,0.0,1.189141604335503e-24,2.6045877681571897e-18,6.96217434098464e-36,3.255413397540088e-19,-3.191093322800212e-49,2.8582291241407924e-30,-3.191093729734711e-49,-4.194727068089263e-64,6.364354583151756e-44,2.757905494994965e-30,1.4768402391327738e-22,9.79241758803893e-27,2.919175471080923e-41,1.4252193346725202e-34,4.350992657712921e-38,3.8860212047780527e-32,4.414186369545969e-26,-9.132657388153933e-46,-2.2161412865337175e-55
0.011181939670698044,1.001852720857193e-10,0.000176999999810576,7.820490057669859e-33,1.6375158083563486e-26,1.500990065026675e-37,7.863211930992996e-29,-2.873055057112959e-42,2.5127441296739496e-33,-3.770856654689899e-73,-5.690238978108536e-59,-1.3807808586370408e-67,-1.3130644450320993e-46,5.920002835552745e-38,-2.468110039987379e-53,-2.6491286181165577e-42,1.0142070487162209e-42,1.4843849042634081e-86,-1.718368908958357e-70,-3.3516992694120317e-65,-4.186592263171269e-77,-2.7680017863421387e-87,-5.026033188590765e-73,2.0879722151904156e-20,5.440390603174772e-16,8.870121360852626e-23,3.6075337275530235e-15,-1.0006145900934064e-57,-4.986005170421179e-57,8.933181209080208e-28,2.5443200384062194e-19,1.0468895748801373e-76,-3.4562743864270794e-76,-4.3067122958517956e-54,-2.6150871043881494e-49,-4.986002580249462e-57,-3.168297174006097e-51,-1.1836431592759482e-36,-3.1594360600189104e-35,4.0868136550402006e-30,3.113294160822758e-17,3.38970115514669e-08,1.866040182938188e-25,3.2687529322657468e-21,3.3956513042521974e-24,5.125956781435449e-20,2.6168172907192663e-40,4.917318826265999e-36,8.005807852807743e-29,0.00018232390052662947,0.5000000000017172,2.539280907446801e-13,0.24999999999726735,2.4877570944351223e-13,1.7123983348207848e-16,-4.4053150451225014e-37,-5.51488561044062e-36,3.9961419955957893e-28,-6.190490703836905e-40,-2.4701468144716073e-45,-9.69720461853856e-38,-1.3889016787409026e-44,-6.035371309824093e-50,5.44632791886172e-27,5.120787397127968e-24,1.6467345786093575e-26,3.209185776060942e-18,0.0,-1.7342056847658911e-46,-7.525937640876881e-58,2.2810075108259265e-17,-1.2792549810719562e-28,7.779714414956103e-28,-2.993965697022971e-69,1.5038040983766156e-22,2.9882461601872884e-12,1.9158295080462267e-29,8.792018849810957e-24,2.3256641822862797e-28,3.8194177308924013e-31,1.610374813858736e-22,-1.48306355396939e-42,-4.521627847621551e-58,4.560702327304752e-41,1.191742807824199e-31,0.10000000149006219,5.3909547358449554e-14,5.701988579742438e-19,3.6223889963487077e-32,-2.2724106006895247e-54,-2.5093039541934293e-43,-4.4119895094431316e-33,-3.33582849874844e-43,1.6944618187380905e-24,-1.6194026247832414e-61,1.6951861986951276e-23,5.664208361809194e-23,-5.078339688727684e-51,1.4067071828340684e-36,-5.438751735777961e-42,2.255999839950007e-06,1.6004999247932712e-13,6.179999999986159e-05,1.3838561130908683e-16,1.4501727253873219e-34,1.1138949815688693e-28,-3.518875259188353e-33,-2.2929377926395758e-60,-5.400783726736215e-31,9.492155180795309e-21,-5.1307432395999e-35,3.068919949499988e-25,-1.1114241939720826e-78,-1.2343718314975914e-38,-1.6947565659144547e-30,-1.288844842696893e-37,5.281271769500584e-26,8.816965867417604e-28,2.197152102254174e-53,1.2314739074050698e-32,2.7625554750964354e-26,0.0003339999999979969,1.921429876799397e-15,1.4453050036405989e-21,3.800513222963241e-27,-5.086013964302009e-53,8.030552783048758e-38,9.683291323512248e-41,-1.4354482160611498e-49,2.2323459995256132e-41,-1.6946228303756838e-52,8.153970942643252e-17,1.36314439990339e-19,2.1614917523984007e-15,3.509999997835299e-06,-4.465089483337944e-42,4.391299091179618e-36,4.6524549789253506e-15,1.7799999953433075e-06,9.734654951542889e-37,3.097607305285778e-30,-1.6940173022048535e-59,2.327591988886301e-47,0.0,0.0,2.4866756259929912e-24,3.7662503254710976e-18,2.1052140450033854e-35,4.70757615019774e-19,-5.940779499545953e-49,5.976785174020482e-30,-5.940780534405885e-49,-1.1387621439466877e-63,1.9244386462911628e-43,5.7924889724629095e-30,2.135949489787719e-22,2.0477693935798253e-26,8.901815716264004e-41,4.3095503473636605e-34,1.3157191435002426e-37,1.1747828467372826e-31,9.230739883432114e-26,-1.7001455313942753e-45,-5.635639545956618e-55
0.016170025927839105,1.0026791906844034e-10,0.00017699999972607696,1.169800872262127e-32,2.3980740960424544e-26,3.2814262045184655e-37,1.6454349816957762e-28,1.2374226570036867e-42,7.687631819321847e-33,-3.963236279077483e-73,-1.1330384204802567e-58,-2.6940944168037916e-67,-1.7222852348621562e-46,1.7983316596225985e-37,-3.778280681049224e-53,1.0213998680335775e-42,3.079552299368999e-42,3.668141359611028e-86,-3.563445798679745e-70,-5.675340631239034e-65,-8.107896899331084e-77,-3.626073222201311e-87,-9.814241220062479e-73,4.355006094704704e-20,7.866791857712127e-16,1.2905155097038997e-22,5.21659835228452e-15,-1.9924246711844723e-57,-8.626185217734448e-57,2.70119596399451e-27,5.320417304434296e-19,3.8558830296095183e-76,-4.8143262995603623e-76,-7.335620464400335e-54,-4.758513127918774e-49,-8.626176111289408e-57,-4.850233404145993e-51,6.6448947315618584e-37,1.774266297834689e-35,1.2357421147264537e-29,5.85985318301057e-17,3.389567853686141e-08,3.889380793723577e-25,4.727393034303417e-21,7.098724903653737e-24,7.41296617119291e-20,1.6096228482078907e-39,1.0812567361234592e-35,1.25654083480749e-28,0.00018232390076153683,0.5000000000024833,3.672105028608175e-13,0.24999999999604833,3.597263746432513e-13,3.580766333412465e-16,2.4723935357686684e-37,3.0948147526845985e-36,1.2083292236081976e-27,3.4771636374467252e-40,-3.781670143226879e-45,5.443730070880127e-38,4.5683619088551486e-45,-9.240068645138711e-50,1.1389147433841836e-26,1.548284671008318e-23,3.443555564976459e-26,4.640694268713275e-18,0.0,9.724228698630443e-47,-1.1521893529083763e-57,4.769735018464087e-17,7.198208014358678e-29,1.6268414291500273e-27,-5.966767109569859e-69,4.547087995844979e-22,4.3210464629775365e-12,5.789708746704297e-29,1.8384801104099093e-23,7.0321063046948195e-28,9.201007730603034e-31,3.3674962599368943e-22,8.324108220281738e-43,-8.415024170106073e-58,1.4692256428591173e-40,2.5167182448521485e-31,0.10000000149003815,7.795774287821171e-14,1.19227114492638e-18,7.730602293222184e-32,6.175269674633155e-56,-3.89395224486632e-43,2.4818393496313796e-33,-5.106544812574675e-43,3.543442591519187e-24,-2.517813159092448e-61,3.54487197385258e-23,1.184458773440092e-22,-7.774662896021683e-51,4.253757427676459e-36,-8.325493646566803e-42,2.2559997685542434e-06,2.3144575659078186e-13,6.179999999979985e-05,2.0011444087170114e-16,4.372574622835496e-34,3.1652834604759035e-28,6.560651043591322e-33,-3.798308290015944e-60,4.205983209006579e-31,1.9848732659831296e-20,-7.854954294336981e-35,9.279313966971755e-25,-2.482188478621306e-78,-1.8897823610141428e-38,9.524701149241636e-31,-1.9731666220729678e-37,1.104398105617414e-25,2.665721631637175e-27,6.781956775361647e-53,3.7238878537913275e-32,5.77691162612882e-26,0.0003339999999971034,2.7784182057120967e-15,2.0901466910940607e-21,1.1491361855808549e-26,-7.786805645771908e-53,2.4283711133831987e-37,5.956455195096194e-40,-2.566263088826659e-50,6.930676639196762e-41,-3.0837614463478743e-52,1.1791328133797892e-16,2.8504132893592614e-19,3.1256989991437712e-15,3.5099999968696604e-06,2.687482239912153e-42,1.3278930373207268e-35,6.727841205362203e-15,1.7799999932660316e-06,2.038594511186195e-36,9.319551439823708e-30,-3.1572058466473514e-59,8.430344452199046e-47,0.0,0.0,5.200007816892481e-24,5.4458908967243766e-18,6.36533430321835e-35,6.807497756004505e-19,3.3399752519331004e-49,1.2497722575379728e-29,3.3399736676061137e-49,-2.1194012216887059e-63,5.818698704700275e-43,1.2189434936749696e-29,3.0894197284168755e-22,4.282268979249654e-26,2.7345563158629425e-40,1.3030311763048047e-33,3.978622684651878e-37,3.5517602899793648e-31,1.9302865420358616e-25,9.57021221976874e-46,-8.62708682495195e-55
0.023383218494029506,1.0038743360367381e-10,0.00017699999960388432,1.8086203666473667e-32,3.5571308386671426e-26,7.516019320986005e-37,3.444621302781475e-28,3.597537843127004e-41,2.353699719750202e-32,1.2761190740933289e-72,-1.301414338353966e-58,-2.824333396834121e-67,2.5083132719350714e-46,5.465622902006343e-37,1.223295902398367e-53,3.2437645918243256e-41,9.35394775547562e-42,7.692497333370973e-86,-4.7856916126493825e-70,-1.6303445479416405e-65,-8.19641264023916e-77,5.043354310915771e-87,-1.0327337008250724e-72,9.090858164954389e-20,1.137505860770013e-15,1.8893645234522737e-22,7.543224052855188e-15,-2.2885315128864017e-57,-3.5480281487634464e-57,8.167776005765822e-27,1.1125352386822185e-18,1.3079193700610385e-75,4.568291672269841e-76,-2.3706196504431335e-54,-3.2738024151269427e-49,-3.5479984042142816e-57,1.5697707342583675e-51,1.5769258718093842e-35,4.2095602006174655e-34,3.736527079675451e-29,1.131315811508645e-16,3.389375097825746e-08,8.116120765613417e-25,6.837256018724489e-21,1.4843359872263234e-23,1.0720611807523507e-19,7.530723121448804e-39,2.4264068556121026e-35,2.114852942759187e-28,0.00018232390110121767,0.5000000000035912,5.310363449883784e-13,0.24999999999428552,5.201439307098926e-13,7.487555393584241e-16,5.868603045683766e-36,7.34654765535821e-35,3.653650645152824e-27,8.24851370074008e-39,1.2225926160152558e-45,1.2919109518623177e-36,1.6524313660241854e-43,2.9858562650237e-50,2.381655997802002e-26,4.681230864270785e-23,7.200936078843453e-26,6.710712233647494e-18,0.0,2.3097165398036727e-45,3.724567987773483e-58,9.97362525448162e-17,1.7053210560414108e-27,3.4019216414431425e-27,-6.878792382553989e-69,1.3749066119217138e-21,6.248159854050443e-12,1.7499842622218988e-28,3.8443397287906576e-23,2.1262816547661263e-27,2.3001017083987192e-30,7.041807625563439e-22,1.9757280491495384e-41,-6.790520034326172e-58,4.7515370374247505e-40,5.34773202766092e-31,0.10000000149000338,1.1273345761405843e-13,2.4929098587904908e-18,1.687595835560594e-31,2.2843375251873495e-53,9.131350531346095e-44,5.880989004410984e-32,1.6537207332649947e-43,7.410062875186568e-24,5.6025274569885815e-62,7.412793795599445e-23,2.4768417978685135e-22,2.513623484459598e-51,1.2862959157648456e-35,2.6977042390325642e-42,2.2559996653099633e-06,3.3469003675916523e-13,6.179999999971056e-05,2.8937646809147053e-16,1.3206046330446386e-33,9.146498662733013e-28,7.561197665505152e-32,-6.0582672898018e-61,7.931371679383734e-30,4.150421234802531e-20,2.539176462768693e-35,2.8057084023848666e-24,-4.1653588409078546e-78,6.108179367863927e-39,2.2585047974863527e-29,6.378495632081116e-38,2.3094724545919577e-25,8.059653791181133e-27,1.9544575448973907e-52,1.126074952233602e-31,1.2080345551091737e-25,0.0003339999999958113,4.017552409977977e-15,3.0227664462159207e-21,3.474540507574431e-26,2.5150383566684305e-53,7.343174914093848e-37,2.7867984697407966e-39,1.261007962922269e-48,2.1553975664845224e-40,-2.1224529414762074e-52,1.7051252613503898e-16,5.960248422629937e-19,4.520023829460325e-15,3.509999995473266e-06,6.062043484094731e-41,4.0154331588811503e-35,9.729024061518095e-15,1.7799999902621165e-06,4.271877996419821e-36,2.8083225387534834e-29,-2.5714281454032497e-59,3.0266302621275595e-46,0.0,0.0,1.0873962643241509e-23,7.874329916986853e-18,1.924607363106884e-34,9.844102675780338e-19,7.91767021468537e-48,2.613264995939799e-29,7.91767026590032e-48,-1.710755047957075e-63,1.7593141985263658e-42,2.572114361322797e-29,4.468934649979382e-22,8.955078597711675e-26,8.407577381361883e-40,3.939793583354852e-33,1.2030993981981642e-36,1.0738789688436287e-30,4.036511712662489e-25,2.2666797978003717e-44,2.7942148622243564e-55
0.0338141020663529,1.0056026176870061e-10,0.00017699999942718349,2.9679286909073735e-32,5.410496077158688e-26,1.8061978163121773e-36,7.2152509386947035e-28,1.951026701992437e-40,7.195162151327915e-32,1.0549384242021968e-71,1.994010588579409e-58,6.278351712761325e-67,2.870607253997636e-45,1.6602793126683873e-36,3.832158880788729e-52,1.7669845811147258e-40,2.8397684302216073e-41,1.3342681145081402e-85,2.329498563318261e-70,3.781831970838422e-64,2.062236421569064e-76,5.877984809153285e-86,2.265128871422982e-72,1.8987537007927307e-19,1.644723359965256e-15,2.801241164106342e-22,1.090726653776368e-14,3.5063054413906697e-57,5.137433279315003e-56,2.4697633462024457e-26,2.3263408644305696e-18,4.243734181797025e-75,6.593394103955878e-75,4.736558559704136e-53,2.084786816066838e-48,5.1374426504547995e-56,4.919050209393827e-50,8.450731825005852e-35,2.2558639341035384e-33,1.1298299149215597e-28,2.229726885307125e-16,3.389096376014321e-08,1.6951244599950738e-24,9.889438094309865e-21,3.104372783032658e-23,1.5504660344290662e-19,2.99107475611058e-38,5.582452808720173e-35,3.9565039228015253e-28,0.00018232390159239346,0.5000000000051933,7.679630823341585e-13,0.24999999999173625,7.520659308896398e-13,1.565646892612456e-15,3.1450235648892353e-35,3.937082574154086e-34,1.104773479870413e-26,4.420256610263391e-38,3.834563325395446e-44,6.923352721224032e-36,9.053989711861885e-43,9.368505799907148e-49,4.980435940280358e-26,1.41539455475019e-22,1.5058040473769238e-25,9.703999023583857e-18,0.0,1.237845722550592e-44,1.1682822596564794e-56,2.085447173224837e-16,9.137782101684308e-27,7.113769558411725e-27,1.0356687159634698e-68,4.157362861105967e-21,9.034451233054834e-12,5.290166473582855e-28,8.038476280467647e-23,6.42926566711313e-27,5.961655112608792e-30,1.4725046725158403e-21,1.0588014542377414e-40,3.1170980818291366e-57,1.5212773424355548e-39,1.1456912284424959e-30,0.1000000014899531,1.630220679656985e-13,5.212106844205743e-18,3.783192750159243e-31,1.2990201178287598e-52,3.750121646273361e-42,3.151310620633048e-31,5.17956480487091e-42,1.5496104944650746e-23,2.4076408238868616e-60,1.5501035330968812e-22,5.179322605481829e-22,7.883472428060919e-50,3.889649820035964e-35,8.445423901427309e-41,2.2559995160100526e-06,4.83989947423601e-13,6.179999999958143e-05,4.184504823034715e-16,3.9916884626760446e-33,2.6768719985310237e-27,3.778959054564039e-31,2.8073686482832936e-59,4.180556342420465e-29,8.67839057001817e-20,7.964656859536646e-34,8.483506771052936e-24,-3.1105171940045054e-78,1.9161354118553343e-37,1.2102664466266164e-28,2.0007283835826325e-36,4.82947493369548e-25,2.4368641998962108e-26,5.495350742393193e-52,3.405172793800796e-31,2.5261633203617488e-25,0.00033399999999394293,5.809145667592175e-15,4.371673249044197e-21,1.050581345656478e-25,7.894355186442868e-52,2.2205167690527766e-36,1.1068747222703778e-38,7.411309291425519e-48,6.67860829402673e-40,1.3505592379081627e-51,2.465754577710895e-16,1.246255909289269e-18,6.5363348833918354e-15,3.509999993453962e-06,3.237884604152798e-40,1.2142357649472523e-34,1.4068986429896982e-14,1.779999985918204e-06,8.959967081673973e-36,8.471718569511189e-29,1.1559982556102713e-58,1.0458584540298982e-45,0.0,0.0,2.2738939363231726e-23,1.1385089957271651e-17,5.819289220934665e-34,1.4235166710552844e-18,4.2427734637349195e-47,5.464124671691176e-29,4.2427736243804794e-47,7.847851993371011e-63,5.3194680956351395e-42,5.448584404302688e-29,6.465327731201646e-22,1.8727015455671343e-25,2.5794540914580165e-39,1.1912399896320714e-32,3.6380749384372986e-36,3.2470305802463555e-30,8.440913366338206e-25,1.2145622537624007e-43,8.75067885948344e-54
0.048898037660883895,1.0081018602544145e-10,0.00017699999917165945,5.354828273560661e-32,8.622868845374085e-26,4.5424134530177836e-36,1.51256985044244e-27,8.006113138899057e-40,2.194585096537324e-31,-9.969988418995449e-70,-1.3630634703278232e-56,-3.507205116066842e-65,1.0449962759393591e-44,5.0308746909325904e-36,1.4974129281395842e-51,7.247837317003348e-40,8.61077481954307e-41,6.194304551824729e-84,-1.3807561180612219e-67,-2.067149497032381e-63,-1.2641795887737625e-74,-4.168606752267723e-84,-1.3218050221536254e-70,3.967425689736887e-19,2.3779780209443813e-15,4.25756534862317e-22,1.5771005658344122e-14,-2.3970679628845146e-55,-1.83067751384201e-55,7.468132712132421e-26,4.864303038429657e-18,-9.843367929738459e-73,-6.340202162487593e-73,-1.459086798820753e-51,-9.711425303500903e-48,-1.8306839610312314e-55,1.924525536785769e-49,3.4720100974085878e-34,9.268297303778367e-33,3.416365542991616e-28,4.466004154619749e-16,3.3886933613525174e-08,3.542970944349449e-24,1.4305538260345114e-20,6.49400710633738e-23,2.242470823569116e-19,1.074686712181271e-37,1.3206824464099023e-34,8.433005061422931e-28,0.00018232390230260944,0.5000000000075107,1.110622529203217e-12,0.24999999998804956,1.0873290820455273e-12,3.27365344883647e-15,1.2921418926453713e-34,1.6175611528601283e-33,3.340608354530327e-26,1.8160792273504918e-37,1.5000324468879032e-43,2.8444811914652745e-35,3.7151547317630016e-42,3.663316775376853e-48,1.041492704257367e-25,4.279629380650534e-22,3.1487962303961818e-25,1.4032264680427328e-17,0.0,5.085711850043209e-44,4.5708782340888465e-56,4.3604072005087936e-16,3.75431093030037e-26,1.4875448858705013e-26,-7.495612071791117e-67,1.2570979466869627e-20,1.3062666208400143e-11,1.5993608169362362e-27,1.6807766952845955e-22,1.9440572462345324e-26,1.597646702110172e-29,3.0790921416866906e-21,4.350117012174801e-40,-1.694628056595365e-56,4.687038586524916e-39,2.481815005274626e-30,0.10000000148988035,2.3574363088891076e-13,1.0896428079623599e-17,8.751795553941735e-31,4.9917270380184935e-52,-8.961263683404265e-42,1.2947332362848801e-30,2.0266673650499407e-41,3.2406283458803367e-23,-6.019429737130525e-60,3.24142341630557e-22,1.0830345727070727e-21,3.0836141128418333e-49,1.1762024569799113e-34,3.30499924405068e-40,2.2559993001098327e-06,6.998901670983752e-13,6.17999999993947e-05,6.050890087298769e-16,1.2064323881059212e-32,7.908523522910971e-27,1.5143120126665213e-30,-2.492090729035459e-59,1.7078070300839789e-28,1.8145473363875854e-19,3.116045921869988e-33,2.565173503892289e-23,-4.895204662797352e-75,7.491795674110146e-37,4.972433414556924e-28,7.828058886028785e-36,1.0099201559454647e-24,7.368174422721292e-26,-2.680301724366585e-51,1.0297044251122713e-30,5.282520956327187e-25,0.0003339999999912413,8.399314985803174e-15,6.3228500151294125e-21,3.176659066066894e-25,3.086455002433015e-51,6.714692170211802e-36,3.976976569080093e-38,2.808233408906825e-47,2.0508247658719187e-39,-6.301999870713578e-51,3.565688516267447e-16,2.6057355870393065e-18,9.452090358814753e-15,3.5099999905338764e-06,1.3287383745978461e-39,3.6717696444267163e-34,2.0344935950885548e-14,1.7799999796365443e-06,1.881776827705262e-35,2.5575424510589464e-28,-7.061433556399433e-58,3.275918184797936e-45,0.0,0.0,4.7549991085754677e-23,1.6459922630543287e-17,1.7595722064409333e-33,2.058475922636788e-18,1.7431640301224358e-46,1.1424453652092782e-28,1.7431640929746554e-46,-4.279926865603216e-62,1.608432687719615e-41,1.1605187158681623e-28,9.355412479623338e-22,3.9162742550692254e-25,7.892356822425116e-39,3.601925827039324e-32,1.1001290802135165e-35,9.818193259383077e-30,1.7651065290988602e-24,4.989669971591993e-43,3.422889647313778e-53
0.07071067811865467,1.0117159791993939e-10,0.00017699999880215045,1.0966835293649886e-31,1.4869814519599464e-25,1.3453088427241813e-35,3.1770638792093897e-27,3.696009298840599e-39,6.752402685168238e-31,6.349355402656119e-70,9.645216129358583e-57,3.205618871841224e-65,8.931963626882002e-44,1.5388686972606218e-35,1.371404763289833e-50,3.363448327111767e-39,2.6233878485216694e-40,5.081238141282973e-83,-1.5166954858706587e-67,1.4350219219266159e-62,-1.0255806988786787e-75,4.676628637414383e-84,1.071573330259223e-70,8.292357377030253e-19,3.4378566178321314e-15,6.777468992812858e-22,2.2802396784518383e-14,1.69574513865715e-55,2.8515124366368717e-54,2.258118865301886e-25,1.0170682923874098e-17,5.0933341471484535e-73,2.9100601301683725e-73,2.88671298795977e-51,1.232296960680524e-46,2.8515181861792214e-54,1.7603250519143087e-48,1.579759432022181e-33,4.2169841287114943e-32,1.032972439988176e-27,9.05468995569136e-16,3.3881106529893824e-08,7.40996977619812e-24,2.069658021329043e-20,1.358843955355657e-22,3.2435671930661684e-19,4.337146104429986e-37,3.2799830842959866e-34,2.0385109731194596e-27,0.00018232390332950465,0.5000000000108618,1.60622773793254e-12,0.2499999999827181,1.5719062214453757e-12,6.844631325296831e-15,5.879322748090102e-34,7.36004019956527e-33,1.0100712020126993e-25,8.262884873794406e-37,1.3723184067143286e-42,1.2942376236396055e-34,1.7334794760538903e-41,3.35320653492672e-47,2.1779533890734067e-25,1.2938600971871501e-21,6.584392725895279e-25,2.0290717775322405e-17,0.0,2.314144629412863e-43,4.180889466050662e-55,9.116506985555263e-16,1.7079850258301415e-25,3.1105189174200657e-26,4.359462598654329e-67,3.8009656032365675e-20,1.888571996785174e-11,4.835407257915192e-27,3.5141768812377814e-22,5.877959570108284e-26,4.4639553282108374e-29,6.438419368688417e-21,1.9793196172927862e-39,1.920547302087329e-55,1.6381635260588434e-38,5.522600665675725e-30,0.10000000148977518,3.409051309923445e-13,2.2777347695638966e-17,2.249960055335921e-30,2.5920792993618028e-51,1.9376369252373203e-40,5.8903529083511176e-30,1.8535252054208303e-40,6.77711033660485e-23,1.2437418415211897e-58,6.778060394982991e-22,2.2646646144500766e-21,2.821421686139195e-48,3.5566843555014315e-34,3.022096193904155e-39,2.25599898789998e-06,1.0121000201866022e-12,6.179999999912464e-05,8.749560872626247e-16,3.659283297019973e-32,2.3522065520962757e-26,6.726224920136111e-30,1.075389068634896e-57,7.72873884403688e-28,3.793774707176117e-19,2.850310242781339e-32,7.755720921447999e-23,-1.2508239280073023e-74,6.858474956893139e-36,2.2623104119899155e-27,7.159870368308982e-35,2.111903913385066e-24,2.227684909479133e-25,2.896893360375348e-50,3.1137185349372393e-30,1.1046323516900745e-24,0.00033399999998733504,1.2143610572261615e-14,9.145553424217136e-21,9.604518820702383e-25,2.8256796105625946e-50,2.030440377281671e-35,1.6050172235597529e-37,1.5693730231572892e-46,6.503600404333316e-39,7.984615545154093e-50,5.156285416786065e-16,5.447847037500424e-18,1.3668518152838262e-14,3.5099999863111885e-06,6.039747018938265e-39,1.1102997786946798e-33,2.942048436932746e-14,1.779999970552743e-06,3.95969332305861e-35,7.7253383686126e-28,7.106199627361366e-57,1.344776454446631e-44,0.0,0.0,9.943232519684287e-23,2.379433190871514e-17,5.319913022866364e-33,2.9766269825304965e-18,7.930722089630487e-46,2.3884604004795444e-28,7.93072266452694e-46,4.834976838611363e-61,4.86290302425566e-41,2.4907403053216843e-28,1.3541265260034398e-21,8.190027608335652e-25,2.4399052582649816e-38,1.089002933786362e-31,3.3266545260579305e-35,2.968785602357364e-29,3.6910495309349905e-24,2.2703829581067216e-42,3.1312643697523872e-52
0.1022535921518125,1.0169423074058354e-10,0.00017699999826780994,2.565994318118933e-31,2.873005472184458e-25,4.581682225119364e-35,6.695509787407386e-27,1.6747775087947435e-38,2.0930526848392303e-30,1.7199634821608622e-68,4.416646498742163e-55,1.196054964206672e-63,6.094714290230485e-43,4.7514143152661305e-35,9.496265377100273e-50,1.5325856863611721e-38,8.028302268608191e-40,1.5903738087731245e-82,7.206016613588506e-67,1.9021623354821626e-61,2.0939127096449537e-73,1.0032429107094748e-83,4.290720363215556e-69,1.7335901906861137e-18,4.969549308448202e-15,1.1668105728624812e-21,3.2966230562850225e-14,7.766450013210224e-54,3.321582021870157e-53,6.827511605251413e-25,2.1264437250812308e-17,-1.765400577656982e-71,1.0373977156625297e-71,6.246716512026077e-50,1.4926266966975226e-45,3.321588474318336e-53,1.2182071842478456e-47,7.045899262705358e-33,1.8807830118779197e-31,3.123127342814768e-27,1.8523549621807083e-15,3.3872681848631804e-08,1.550802099111897e-23,2.99489856327121e-20,2.844337466083569e-22,4.692070294632006e-19,1.7973995209784573e-36,8.633056434933377e-34,5.4226938382420166e-27,0.00018232390481419516,0.500000000015709,2.323104360142411e-12,0.2499999999750077,2.272140649750725e-12,1.4309889818053027e-14,2.6222892069346863e-33,3.282736984914958e-32,3.0539070525797996e-25,3.685215009370619e-36,9.497809777489432e-42,5.7724551391977214e-34,7.942461044107411e-41,2.3212803766773088e-46,4.554576945987551e-25,3.911353158847277e-21,1.376828259010075e-24,2.933974798173192e-17,0.0,1.0322087804791728e-42,2.893354214972906e-54,1.9058629450906705e-15,7.616718148864785e-25,6.504063037176483e-26,2.2920610024360605e-65,1.1492002925805864e-19,2.730198900850809e-11,1.4619186101907797e-26,7.346904801858589e-22,1.777124445016162e-25,1.2942606490334532e-28,1.3462391120146232e-20,8.828093095139124e-39,2.383378383515023e-54,6.233617643144311e-38,1.2804326362183014e-29,0.10000000148962308,4.929775098755276e-13,4.760440650130511e-17,6.54300107995265e-30,1.3364506878850842e-50,2.1468665365450742e-39,2.6268365118706426e-29,1.282639573587958e-39,1.4173344977282126e-22,1.3847877730041407e-57,1.4173180204768734e-21,4.735372698155876e-21,1.9528060179451262e-47,1.0754774118657721e-33,2.0911233557852964e-38,2.2559985364183304e-06,1.4635816695754417e-12,6.179999999873402e-05,1.265148178138532e-15,1.1136888340130379e-31,7.029573771633661e-26,2.953142927571119e-29,1.1129133934489443e-56,3.4351867886592116e-27,7.9311717319766485e-19,1.9725734599257245e-31,2.344748473401479e-22,-2.4530648372480172e-73,4.748077024404246e-35,1.0089468621989688e-26,4.954849815559833e-34,4.416327355957016e-24,6.7346766052407665e-25,3.1106588404224745e-49,9.415433511389402e-30,2.3098807187223746e-24,0.0003339999999816871,1.755544467198798e-14,1.322979899269263e-20,2.903683331739869e-24,1.9562491857181247e-49,6.139704434599729e-35,6.6515962401928915e-37,8.555836075404877e-46,2.1197563217706757e-38,9.673909250054773e-49,7.456422090507093e-16,1.1388805470983744e-17,1.9765827554022732e-14,3.509999980204827e-06,2.692211171158361e-38,3.357364277373258e-33,4.254448534858621e-14,1.779999957416816e-06,8.35503934733533e-35,2.3344438070233862e-27,9.012959757309627e-56,6.143923274919838e-44,0.0,0.0,2.0792192910391755e-22,3.43916742959979e-17,1.608300915666705e-32,4.304238906256709e-18,3.5368711243231527e-45,4.992913449041487e-28,3.536871522176063e-45,6.00366153989234e-60,1.470116324596501e-40,5.401817789024114e-28,1.9608041804427202e-21,1.712808520375727e-24,7.606357831579121e-38,3.292208707712217e-31,1.0059231983790084e-34,8.976898527528475e-29,7.718362484237679e-24,1.012692197563279e-41,2.1671202457830198e-51
0.14786730075483182,1.0245000346409361e-10,0.00017699999749510993,6.70708342933455e-31,6.333456943334189e-25,1.743199160929279e-34,1.419627073301175e-26,7.484846289828243e-38,6.553968216458714e-30,7.39372629987271e-67,7.446924286669756e-54,2.0022431338403656e-62,3.941279337242693e-42,1.4932904243487797e-34,6.074685059262454e-49,6.89948166393364e-38,2.4759888499898827e-39,6.344950252465357e-81,6.218302542284655e-65,2.392313185253428e-60,6.622165383324389e-72,4.021157165997461e-81,7.463539458431896e-68,3.6249148417121985e-18,7.182456120767857e-15,2.2498863070809523e-21,4.7655316329611475e-14,1.3095796374126179e-52,3.2071207750240143e-52,2.0642047526034954e-24,4.4454987308407234e-17,1.0355523265486702e-69,4.4795639556841866e-70,1.0187596393490594e-48,1.4461686872113917e-44,3.2071305787542754e-52,7.7866623521697005e-47,3.083454680300593e-32,8.23054326729591e-31,9.441904629510954e-27,3.8141199427660624e-15,3.386050275526691e-08,3.2481413628819417e-23,4.335049547467271e-20,5.9566905962500645e-22,6.788466734975284e-19,7.612335512751229e-36,2.452185206028146e-33,1.5321984222675148e-26,0.00018232390696058364,0.5000000000227204,3.360164793318245e-12,0.24999999996385638,3.2836836897863883e-12,2.991420764585511e-14,1.1476034652450257e-32,1.4366492182845045e-31,9.232721081731615e-25,1.6126695598365483e-35,6.071352354134387e-41,2.5261730505187764e-33,3.5954161991729254e-40,1.4842858091646786e-45,9.524992115974874e-25,1.1822569168309585e-20,2.8789459612669286e-24,4.242285707264965e-17,0.0,4.517618955913147e-42,1.8493299194899217e-53,3.983819016624683e-15,3.3326458489970194e-24,1.3599436500666723e-25,4.040228955911318e-64,3.474297097440221e-19,3.9463516058078037e-11,4.419839787533819e-26,1.5358109832869216e-21,5.372473280041627e-25,3.884752180612917e-28,2.8147863328004096e-20,3.8634488980645904e-38,2.3153052566412e-53,2.647892849670494e-37,3.160138350424605e-29,0.10000000148940315,7.128869662176177e-13,9.946784722279658e-17,2.1581408568128234e-29,7.3585394976546815e-50,2.0623683419362806e-38,1.1493824539634494e-28,8.197863021884101e-39,2.9642722974185817e-22,1.336944837185033e-56,2.963588581825088e-21,9.901205213401965e-21,1.2483947812283626e-46,3.2519782385614625e-33,1.3363953826752132e-37,2.2559978835380245e-06,2.1164619753938304e-12,6.179999999816901e-05,1.829276642669261e-15,3.40973444355325e-31,2.1077670866143477e-25,1.2789045179184345e-28,1.1351818667944695e-55,1.4998989133526987e-26,1.6578646448553715e-18,1.2608309379613712e-30,7.088084076866059e-22,1.238045793475744e-72,3.0362753378479876e-34,4.4150069214500723e-26,3.16689098482904e-33,9.235243322527924e-24,2.035810840498235e-24,4.651120511323567e-48,2.8470402356176813e-29,4.830081984590933e-24,0.0003339999999735216,2.5375701928868556e-14,1.9140936416237143e-20,8.777711922375582e-24,1.2509925587005801e-48,1.8565024571952507e-34,2.8171238450077152e-36,4.9942538082491666e-45,7.213349513551826e-38,9.374612707386695e-48,1.0782612646095319e-15,2.3805194728265002e-17,2.8583049984263376e-14,3.5099999713745146e-06,1.1778092006403387e-37,1.015191373900541e-32,6.152288303601886e-14,1.7799999384211915e-06,1.7698837652967779e-34,7.056280035049052e-27,8.961467584940656e-55,3.1375414019532174e-43,0.0,0.0,4.347769927001654e-22,4.969787584619906e-17,4.8616557580999674e-32,6.223843748455123e-18,1.5476398630091172e-44,1.0435725291405705e-27,1.5476401173026513e-44,5.835404469034947e-59,4.443849121376058e-40,1.1880619275172964e-27,2.8409691470193778e-21,3.582188253795669e-24,2.3959736574968006e-37,9.951717674187799e-31,3.041674686370805e-34,2.7143777190725216e-28,1.6139689843632088e-23,4.4323454941574583e-41,1.3853425908045795e-50
0.21382856261966862,1.0354291793589942e-10,0.00017699999637772336,1.8958730056444346e-30,1.5733935943018616e-24,7.2560063595113776e-34,3.0451377676176934e-26,3.38075480169449e-37,2.0869141496884334e-29,1.4440646505369705e-65,1.0323454280645719e-52,2.7641172246500952e-61,2.580786365638826e-41,4.86443860845419e-34,3.8730370813964547e-48,3.1493641412354872e-37,7.755203362737792e-39,1.1616650728226456e-79,1.3768635506127108e-63,2.958449662107271e-59,1.2764259940725988e-70,9.736679939636796e-80,1.061373993723358e-66,7.581011426937151e-18,1.0378224202959685e-14,4.9499524046744244e-21,6.887884588185674e-14,1.8155076180366336e-51,2.982635669309936e-51,6.2402549935025774e-24,9.292516227738765e-17,2.881307913028964e-68,8.784780803183997e-69,1.3834468817711486e-47,1.348049239948059e-43,2.982648454096299e-51,4.959170224409861e-46,1.3503199287193432e-31,3.6042199443893866e-30,2.8541681336827595e-26,7.890025849763522e-15,3.384289850564647e-08,6.809962438475053e-23,6.277557827717569e-20,1.248324322931957e-21,9.8236571954043e-19,3.346762496923516e-35,7.742823605164232e-33,4.477172889193639e-26,0.0001823239100631894,0.5000000000328634,4.86066954407868e-12,0.24999999994772787,4.7442570056607674e-12,6.252498946389515e-14,5.025803947308708e-32,6.291718968229912e-31,2.79097175129589e-24,7.06183757919781e-35,3.8669488440424145e-40,1.106277832409306e-32,1.6499755281218633e-39,9.457460091458304e-45,1.9921688598654068e-24,3.572797093288676e-20,6.0196654799348904e-24,6.133680235124331e-17,0.0,1.9786438500794222e-41,1.1776888915533893e-52,8.325832265585271e-15,1.4590602774512966e-23,2.8433763683238466e-25,5.782354047144948e-63,1.0502408617844275e-18,5.7031078287982644e-11,1.3361874463013031e-25,3.2099815180479862e-21,1.6239573710000368e-24,1.2085475424816372e-27,5.884914568297271e-20,1.691938404672256e-37,2.1625382610953744e-52,1.2837194039192593e-36,8.537620439413774e-29,0.10000000148908501,1.0308945428161705e-12,2.0775979881524164e-16,7.97062367734402e-29,4.579992869461056e-49,1.9110259304424666e-37,5.032263637723553e-28,5.220275599488998e-38,6.19996919833858e-22,1.2459755822939245e-55,6.19658225951042e-21,2.0701330373710874e-20,7.952009161164942e-46,9.832828434350917e-33,8.508876045986658e-37,2.2559969394184843e-06,3.060581515628214e-12,6.179999999735164e-05,2.6447985368653994e-15,1.0566615851837412e-30,6.333945700375194e-25,5.5589911723490295e-28,1.2172279375300521e-54,6.557851352009345e-26,3.4648352031889785e-18,8.029487419758176e-30,2.1423709680205874e-21,8.709238052514452e-71,1.9348331943274615e-33,1.933195180210471e-25,2.0166728534473491e-32,1.9312362364283748e-23,6.1530234467666245e-24,6.056350078359778e-47,8.6086393922762e-29,1.0099725034648201e-23,0.0003339999999617174,3.6672521971366195e-14,2.7699341270799006e-20,2.653056144820365e-23,7.972001950515812e-48,5.613436673562928e-34,1.23857103612629e-35,3.2560054647345823e-44,2.6392171919289735e-37,8.740198898780699e-47,1.559256274441363e-15,4.9748384575990316e-17,4.133349540622157e-14,3.5099999586051414e-06,5.157350066778713e-37,3.069610500890634e-32,8.896721763680475e-14,1.7799999109519841e-06,3.770365010308993e-34,2.133392786414093e-26,8.596080280233441e-54,1.79266040784725e-42,0.0,0.0,9.09124783622988e-22,7.179341232960774e-17,1.4693567573963646e-31,8.999265201273076e-18,6.776357998481607e-44,2.1806895060209772e-27,6.776359617871701e-44,5.4538178591757036e-58,1.3430397679446833e-39,2.66122921340094e-27,4.1197295104414965e-21,7.492233011721355e-24,7.66579892768747e-37,3.0076831863625062e-30,9.19699433064998e-34,8.207384186806953e-28,3.374873954359288e-23,1.941428122816296e-40,8.824049163384452e-50
0.3092140991185264,1.0512337156477103e-10,0.00017699999476189406,5.658426725745852e-30,4.260849062837051e-24,3.2155776208269194e-33,6.675461243834421e-26,1.5494388728226744e-36,6.81106851592788e-29,2.979011355839022e-64,1.4236026259459296e-51,3.8064137660875367e-60,1.7222035936089612e-40,1.687950867215039e-33,2.465940350990726e-47,1.465713374344834e-36,2.5006498854198766e-38,3.4006690071901553e-78,3.1133268999403414e-62,3.929435295487956e-58,2.697009527811814e-69,3.0325340417480066e-78,1.5491088431041364e-65,1.585769756018543e-17,1.4990635499882312e-14,1.227614358955342e-20,9.953199194436076e-14,2.503736602263602e-50,2.7722061971768582e-50,1.8862248531882712e-23,1.9420859260736682e-16,9.827216272297095e-67,1.8117037184970813e-67,1.8990958070498303e-46,1.2528929282277953e-42,2.7722236063241715e-50,3.1528070553315867e-45,5.908985971864795e-31,1.577117002174864e-29,8.626365466571301e-26,1.637525874671409e-14,3.381745746510906e-08,1.4296673453378218e-22,9.096040888377072e-20,2.6186279845608332e-21,1.4220342273783043e-18,1.5260531267919751e-34,2.7984972266530947e-32,1.331273088977771e-25,0.00018232391454719855,0.5000000000475399,7.032254130083383e-12,0.24999999992439875,6.8517706519559885e-12,1.306578866306281e-13,2.199393598428803e-31,2.7534285079217055e-30,8.435524670670115e-24,3.089976783046283e-34,2.45828546877733e-39,4.841092676093616e-32,7.698680813885648e-39,6.015806543181438e-44,4.1678035342585176e-24,1.0793895153870558e-19,1.2586056059440172e-23,8.867681373440301e-17,0.0,8.660226907441066e-41,7.485069502465074e-52,1.7395634513143e-14,6.38238301343675e-23,5.944494229610554e-25,8.383856579186299e-62,3.1742432118482292e-18,8.239549857131756e-11,4.039146758161531e-25,6.707614733140931e-21,4.9078876033619085e-24,3.898920307635959e-27,1.2302508882556543e-19,7.4041585099810956e-37,2.011803868740972e-51,6.941411569885532e-36,2.573390487827479e-28,0.10000000148862491,1.4907602507823823e-12,4.3372423149159354e-16,3.1770232476464856e-28,3.2614024013136433e-48,1.7745075093800133e-36,2.2013768494771992e-27,3.3176252929403346e-37,1.2968736262414629e-21,1.1666992291032606e-54,1.2955761978971513e-20,4.327869563419473e-20,5.055948778241916e-45,2.9729462675807925e-32,5.406611964638617e-36,2.255995574142862e-06,4.425857137761154e-12,6.179999999616906e-05,3.823578071859625e-15,3.351061055777815e-30,1.906010226774333e-24,2.419506228052066e-27,1.4348556299676889e-53,2.8663873143023146e-25,7.239408167800393e-18,5.103578875571687e-29,6.473881830236692e-21,4.891379015472785e-69,1.2309210441847162e-32,8.458096459711429e-25,1.2816819638093728e-31,4.0385217379223154e-23,1.859256265757479e-23,8.242245492446055e-46,2.602901227450158e-28,2.1117878172334463e-23,0.00033399999994465586,5.2983760218635984e-14,4.009726853983672e-20,8.01706787876889e-23,5.071869990625948e-47,1.6972308513411168e-33,5.647722239838809e-35,2.3822243129231945e-43,1.0657080734236421e-36,8.125246759148986e-46,2.2548152506473356e-15,1.039349086560996e-16,5.977171195311002e-14,3.509999940139555e-06,2.2570323061603433e-36,9.281077692056372e-32,1.286539813818134e-13,1.7799998712293333e-06,8.096370578894584e-34,6.451436476190171e-26,8.329926572683202e-53,1.1114832277252087e-41,0.0,0.0,1.900933701350027e-21,1.0366504121942592e-16,4.439811055730516e-31,1.3011736458002517e-17,2.9646088580080856e-43,4.5553763375571394e-27,2.9646098872481895e-43,5.0783633496861744e-57,4.057949224631352e-39,6.099845542005314e-27,5.9813774825297235e-21,1.5671395954247387e-23,2.5018821331860935e-36,9.087748394328348e-30,2.7807239446719835e-33,2.48155273859918e-27,7.056817408084892e-23,8.498309460887334e-40,5.610233798938131e-49
0.44714961332713477,1.0740885580554255e-10,0.00017699999242528085,1.7690520784998388e-29,1.216058763684876e-23,1.4970048921694411e-32,1.5221909799678945e-25,7.253123367279234e-36,2.303600877626164e-28,5.744056039940538e-63,1.8925736391574006e-50,5.054613470978471e-59,1.1724726620150491e-39,6.451256620235637e-33,1.5633503903847424e-46,7.012089258630614e-36,8.501703929902464e-38,9.579712340237413e-77,6.648367433317972e-61,5.299653679737368e-57,5.633585912081833e-68,8.986265605416434e-77,2.267491745632729e-64,3.3178269190542135e-17,2.164192366921547e-14,3.3196598840270197e-20,1.437799558752569e-13,3.3288047618726712e-49,2.5403229253471348e-49,5.700337834963553e-23,4.057805150226096e-16,3.010619041766175e-65,3.490218616254975e-66,2.5203647460845305e-45,1.1469868703277939e-41,2.540346011249074e-49,1.995293304364055e-44,2.582832884502825e-30,6.893080030906192e-29,2.6065926595045204e-25,3.4064451525337044e-14,3.378070140033745e-08,3.0069708853064323e-22,1.3191464964481554e-19,5.500784150390944e-21,2.059398738976272e-18,7.213537990254793e-34,1.1732897715976076e-31,3.993327199229302e-25,0.0001823239210259728,0.5000000000687814,1.0176152913029694e-11,0.24999999989065058,9.889823073687668e-12,2.729490172715859e-13,9.614276877011772e-31,1.2036428103232272e-29,2.5489979025027224e-23,1.3504636715186792e-33,1.5550836397582195e-38,2.1160742996923893e-31,3.6651426355318616e-38,3.808704479690904e-43,8.725963152011756e-24,3.259612638858386e-19,2.63133305720983e-23,1.2818947619998364e-16,0.0,3.786474718668898e-40,4.733444416299048e-51,3.6331731833257466e-14,2.7882206823550444e-22,1.2426474485000129e-24,1.1950070043162128e-60,9.591573742840225e-18,1.1899157660218733e-10,1.2208210063965032e-24,1.401168205637125e-20,1.4828562155024342e-23,1.3056519064376604e-26,2.5715066338486664e-19,3.236535698563348e-36,1.8433870814069454e-50,4.0231782295905965e-35,8.655017649521472e-28,0.10000000148795944,2.1557647414551572e-12,9.047701741575627e-16,1.3228681098631904e-27,2.561299802934792e-47,1.6250575046401266e-35,9.617658739039619e-27,2.0978053969104555e-36,2.7130503873231004e-21,1.0807601550012705e-53,2.7085672897669223e-20,9.046914386498947e-20,3.198983597106403e-44,8.988013095867672e-32,3.417814391625579e-35,2.2559935998408596e-06,6.400159140818525e-12,6.179999999445762e-05,5.527076932120762e-15,1.1082737029995384e-29,5.739725329276395e-24,1.0532894835215658e-26,1.7489867872996454e-52,1.2518216120953099e-24,1.5120292844641702e-17,3.2276548759586904e-28,1.9556778110602826e-20,2.0135128238680783e-67,7.794876960815665e-32,3.696087130213289e-24,8.104619413350662e-31,8.445189487000231e-23,5.616231346068444e-23,1.0925228350930723e-44,7.869648942328815e-28,4.415402549416473e-23,0.00033399999992000045,7.65191848799396e-14,5.807120488839619e-20,2.4218469532203936e-22,3.211935838538961e-46,5.1312412673742454e-33,2.6696617862456245e-34,1.885812784210237e-42,4.80953343139705e-36,7.440825617000059e-45,3.260651467855684e-15,2.1705186021701197e-16,8.643492349486732e-14,3.5099999134367694e-06,9.86827602160669e-36,2.805979416330939e-31,1.8604426911750018e-13,1.7799998137873192e-06,1.7582616939866083e-33,1.9513393708698662e-25,8.091038676394538e-52,7.27699529133617e-41,0.0,0.0,3.974577473273442e-21,1.4958654150892857e-16,1.3410646249191886e-30,1.8811971613979454e-17,1.2953881594719242e-42,9.511550342699067e-27,1.2953888103476542e-42,4.659154904576618e-56,1.2256421170381686e-38,1.43735707726774e-26,8.699437705015356e-21,3.278327433537939e-23,8.36738301371545e-36,2.744875846398039e-29,8.406967323437435e-33,7.502709810441304e-27,1.4755170247401163e-22,3.7163270457713983e-39,3.549585467797037e-48
0.646615976660124,1.107138902375565e-10,0.00017699998904636627,5.846367702738663e-29,3.571676241389951e-23,7.335523430649176e-32,3.71015993670683e-25,3.510261323037091e-35,8.194646198855277e-28,1.1017157050263577e-61,2.506456665881611e-49,6.683856395598437e-58,8.270085191891029e-39,2.792455870164081e-32,9.912401894297127e-46,3.4975719146252557e-35,3.1707581919442043e-37,2.733901726302023e-75,1.4747749068727538e-59,7.499483424637503e-56,1.2686690682080215e-66,2.8600867675146665e-75,3.573597436797489e-63,6.943818841207264e-17,3.1221387536501987e-14,9.460489020635747e-20,2.07601243232321e-13,4.409070520644771e-48,2.32541365691458e-48,1.7222091624060027e-22,8.475230458314456e-16,9.547097395706431e-64,6.685288517304065e-65,3.3324938840521877e-44,1.0476330983858483e-40,2.3254442263584644e-48,1.263170512449252e-43,1.1284934429145987e-29,3.0113900384789423e-28,7.873522665685324e-25,7.09772292923399e-14,3.37276196820591e-08,6.340885382123558e-22,1.91545850443149e-19,1.1578076547641714e-20,2.984325580308753e-18,3.542519591315001e-33,5.641047688670614e-31,1.2031012832625812e-24,0.00018232393038336087,0.5000000000995359,1.473000388840973e-11,0.2499999998418223,1.4263127615107982e-11,5.699419963821303e-13,4.201101399950527e-30,5.259674124622549e-29,7.699860079644126e-23,5.899364329786382e-33,9.82890047280637e-38,9.245697193745205e-31,1.7907701422502594e-37,2.4101826630386224e-42,1.8307398822093956e-23,9.837612800857328e-19,5.500687278208815e-23,1.8527943344262311e-16,0.0,1.6550633854994485e-39,2.9903812974799907e-50,7.583872730314645e-14,1.217263425265375e-21,2.5972408193384514e-24,1.7587792648559982e-59,2.8972908662373854e-17,1.717393697423036e-10,3.689134981111226e-24,2.9255335604110323e-20,4.4785335578452413e-23,4.543107910095637e-26,5.373973541607723e-19,1.4142102286506847e-35,1.685678719067598e-49,2.43054843842414e-34,3.189121698060698e-27,0.10000000148699681,3.1174171463070383e-12,1.8853390675949072e-15,5.636929838230477e-27,2.1547269219124226e-46,1.4855452708746023e-34,4.199244373078309e-26,1.3251096438365033e-35,5.676639510299583e-21,1.00418264037526e-52,5.661963120115501e-20,1.8908413366483537e-19,2.0225072699085317e-43,2.717027035907022e-31,2.1580906255429794e-34,2.2559907448370405e-06,9.25516295917163e-12,6.179999999197999e-05,7.988148731900686e-15,3.935998282972409e-29,1.728723527235728e-23,4.5869861304813824e-26,2.2081715859627176e-51,5.46567184099697e-24,3.156322561432711e-17,2.0392981147866708e-27,5.90514275206574e-20,8.130272898643662e-66,4.934236306186285e-31,1.6142867967163038e-23,5.1196437880810284e-30,1.7660228043407235e-22,1.69566520709996e-22,1.4452585039301942e-43,2.379118273475026e-27,9.231247255922025e-23,0.0003339999998843822,1.1044495746369348e-13,8.415815642421274e-20,7.312699050126175e-22,2.03332087086069e-45,1.5511701057142997e-32,1.3110394731042302e-33,1.5810197920056733e-41,2.4133451005539573e-35,6.799355376404675e-44,4.715174052723519e-15,4.530069816685785e-16,1.249921684473798e-13,3.5099998748223072e-06,4.313864026776395e-35,8.482588236888e-31,2.690352192476181e-13,1.77999973072192e-06,3.87869420453433e-33,5.903545376314961e-25,8.071640841510666e-51,5.016992415547386e-40,0.0,0.0,8.309727889958412e-21,2.1564408057118743e-16,4.0486907387769416e-30,2.7195135153233483e-17,5.6569852494702733e-42,1.984653285417603e-26,5.6569893614145916e-42,4.268309157149662e-55,3.699881854351128e-38,3.4952398043099587e-26,1.2684027224975957e-20,6.859084885449064e-23,2.8806104703848463e-35,8.286295235608624e-29,2.5414210558978823e-32,2.2681760942809678e-26,3.0850091955905713e-22,1.624822072080478e-38,2.2440953875465215e-47
0.9350611267692971,1.1549331458881558e-10,0.00017699998416022324,2.09091126081973e-28,1.0646640838351812e-22,3.821966087032291e-31,9.985980884896815e-25,1.7831912380715682e-34,3.117612432266816e-27,2.1086538753536442e-60,3.315997881613464e-48,8.822770366568841e-57,6.135437266709587e-38,1.3714638500604758e-31,6.290804509414342e-45,1.8486904776203721e-34,1.3655410256544965e-36,7.866886207928207e-74,3.469825581718902e-58,1.1369032872026424e-54,3.1974582343517167e-65,1.0067331429580538e-73,6.383274844244032e-62,1.453857333391265e-16,4.499324465070579e-14,2.7735551880222203e-19,2.9954821228529367e-13,5.834116796728105e-47,2.1323634958459596e-47,5.201097948767121e-22,1.7692007391757008e-15,3.190103611099403e-62,1.2770219886505186e-63,4.398990986633505e-43,9.55743758721225e-40,2.132404002267389e-47,8.021849039992237e-43,4.928552273011041e-29,1.3149717020359645e-27,2.377108085269494e-24,1.4805783908396865e-13,3.3651006536994354e-08,1.3419956368955115e-21,2.7862097590639685e-19,2.4438242518426738e-20,4.328534306829826e-18,1.8084353811760824e-32,3.0096040212060857e-30,3.632805818422363e-24,0.00018232394389094316,0.5000000001440872,2.1330869539474077e-11,0.2499999997711597,2.0545759795176646e-11,1.1893105550110735e-12,1.835045483931023e-29,2.2975434262104195e-28,2.3248123387248324e-22,2.575782860956324e-32,6.20966743667646e-37,4.038022138302858e-30,9.01696423443889e-37,1.5253340814350103e-41,3.8637131279049804e-23,2.9664129174979514e-18,1.1497224181660876e-22,2.6773462971583304e-16,0.0,7.232534595037238e-39,1.887985655160859e-49,1.5817879511001135e-13,5.310137973845015e-21,5.427216256325475e-24,2.7317425066623756e-58,8.747441583460298e-17,2.476560071371242e-10,1.114462629198286e-23,6.104078599426778e-20,1.351855082064963e-22,1.6421332811842204e-25,1.1227395104570196e-18,6.177018405503957e-35,1.5403750910543703e-48,1.5010036276456427e-33,1.2537987943172514e-26,0.10000000148560416,4.508047336929516e-12,3.9224438192658955e-15,2.4287199867633938e-26,1.885965099093097e-45,1.3569660527219789e-33,1.832131174549327e-25,8.364369434694067e-35,1.188027417782899e-20,9.386079904466273e-52,1.1833772798844827e-19,3.950990719627571e-19,1.2783118846944834e-42,8.212155091484773e-31,1.3614818517739251e-33,2.2559866162675995e-06,1.338373240046377e-11,6.179999998839142e-05,1.1542197049305961e-14,1.5525167752877055e-28,5.2046352700404704e-23,1.9974250272750144e-25,2.8526165889262643e-50,2.3855857144065754e-23,6.583575832178377e-17,1.2877056069164232e-26,1.781866848078987e-19,3.2530547944987766e-64,3.1241659683109932e-30,7.046344207108222e-23,3.231845139590717e-29,3.693032622516396e-22,5.115999130251748e-22,1.9098099286305694e-42,7.191561374325673e-27,1.929777137462623e-22,0.00033399999983294953,1.592786503894888e-13,1.2208100888649775e-19,2.2065785106917343e-21,1.2875411785343516e-44,4.688475561988381e-32,6.69245313021653e-33,1.3731115140315616e-40,1.3164794896512182e-34,6.2069502051585845e-43,6.818533634101205e-15,9.446471651513301e-16,1.8074918338913644e-13,3.5099998189825695e-06,1.8855675399269495e-34,2.5639602932769646e-30,3.890466238453e-13,1.7799996106035872e-06,8.742374679821528e-33,1.7865836121743128e-24,8.394682401045353e-50,3.662547871176396e-39,0.0,0.0,1.737168415831112e-20,3.1044414716490995e-16,1.2214095019592537e-29,3.9308564988260225e-17,2.4688309410079555e-41,4.137081368519724e-26,2.468833537093666e-41,3.9105519662776067e-54,1.116029370624557e-37,8.790508029918023e-26,1.8558369405366965e-20,1.435419908510961e-22,1.0241774957240591e-34,2.499584008400097e-28,7.681568711714102e-32,6.856185647081218e-26,6.449637230815909e-22,7.1030722892213e-38,1.4183062940633245e-46
1.3521770917433409,1.2240490260390253e-10,0.0001769999770945567,8.332541379977276e-28,3.1973000475454375e-22,2.1474064845895128e-30,3.0379643330746014e-24,9.67889054240284e-34,1.2869274904165086e-26,4.0328773829822605e-59,4.385204610031618e-47,1.1629441339342138e-55,4.868937786667102e-37,7.449499435792846e-31,3.9979775103378407e-44,1.0527479835101687e-33,7.093932354185047e-36,2.2948091450655517e-72,8.811657974395767e-57,1.9009349786287763e-53,9.468510208995737e-64,4.1129484444755325e-72,1.359085847347947e-60,3.045752618339335e-16,6.474064997053339e-14,8.246644973169795e-19,4.317950829927425e-13,7.71716406534626e-46,1.9679931021433842e-46,1.5698192528809427e-21,3.690316066453545e-15,1.1456311226027455e-60,2.435310329146537e-62,5.798689715817341e-42,8.70758510111884e-39,1.9680470048698623e-46,5.144909519825561e-42,2.1512165495193034e-28,5.7382381758971715e-27,7.171607559124259e-24,3.0909556138075105e-13,3.354052516784491e-08,2.8546799355862057e-21,4.0627371339237257e-19,5.1787521928710724e-20,6.2860650156572274e-18,9.586693441113927e-32,1.7188245540206393e-29,1.0983040734800183e-23,0.0001823239633738397,0.5000000002086731,3.090866344222251e-11,0.24999999966886688,2.9544830190135695e-11,2.4794112639518047e-12,8.011303687964706e-29,1.0031151611035996e-27,7.014423165885801e-22,1.1238434491623245e-31,3.9211108802449575e-36,1.7625686383948614e-29,4.690614353141788e-36,9.65579292147784e-41,8.291384105302247e-23,8.933501676140378e-18,2.4025640044332176e-22,3.8675946358860137e-16,0.0,3.1595451245077144e-38,1.1910215904665733e-48,3.2953686177348045e-13,2.313924848159442e-20,1.1337005506948478e-23,4.603936377639707e-57,2.639135701953385e-16,3.5668606141618854e-10,3.3652378954199507e-23,1.2723359518638824e-19,4.077311845134728e-22,6.15339884039965e-25,2.344675838836194e-18,2.696547987297205e-34,1.4067453934636378e-47,9.370168307336117e-33,5.136595739810353e-26,0.10000000148358898,6.51901537309506e-12,8.142098158626839e-15,1.0511591599158629e-25,1.6849641715370427e-44,1.2385723327866327e-32,7.985330884246539e-25,5.274999593322677e-34,2.4871382625764773e-20,8.847864552907899e-51,2.47272873633315e-19,8.252908398922311e-19,8.076858260435543e-42,2.481551832659784e-30,8.579361383183146e-33,2.2559806460220347e-06,1.935397796594238e-11,6.179999998319024e-05,1.6671486152188047e-14,6.948434520737447e-28,1.565393492803096e-22,8.692203291735635e-25,3.7420692097206676e-49,1.0406080886818441e-22,1.3716732163576053e-16,8.125102845683843e-26,5.371603446418223e-19,1.2973658359202488e-62,1.9789924659980742e-29,3.07316803347313e-22,2.0383649774328876e-28,7.722713803754997e-22,1.5419858453433732e-21,2.5214960861041487e-41,2.173466714546877e-26,4.0335857851546845e-22,0.00033399999975872776,2.294268018887999e-13,1.7733662806655174e-19,6.651861195687389e-21,8.157001924395161e-44,1.4168032544857686e-31,3.547332748599869e-32,1.2169834019108893e-39,7.601135439486557e-34,5.66020960032174e-42,9.860163839984225e-15,1.9673895851960803e-15,2.613785062428946e-13,3.5099997382336604e-06,8.240314094306636e-34,7.748292892245138e-30,5.625921813949851e-13,1.7799994369049166e-06,2.0282378739013847e-32,5.408884597056681e-24,9.261073648324372e-49,2.86648483889421e-38,0.0,0.0,3.631099832659595e-20,4.4603176965100325e-16,3.6808574759875526e-29,5.680611164179422e-17,1.0764734658976058e-40,8.611764532495612e-26,1.076475103615735e-40,3.5845780371936564e-53,3.3626219029727294e-37,2.286717314538278e-25,2.728579680682562e-20,3.0049169198940866e-22,3.765847884455274e-34,7.531794946965187e-28,2.3212971047900348e-31,2.0721038634344907e-25,1.348235618606941e-21,3.104700179737579e-37,8.960902184379951e-46
1.9553618850060341,1.3239992737835796e-10,0.00017699996687723098,3.7650858442899615e-27,9.637852055413317e-22,1.3164495218133024e-29,1.0426447832828164e-23,5.706943202408059e-33,5.802777190626878e-26,7.716328157103365e-58,5.800397058537479e-46,1.530967728871767e-54,4.1957711269758774e-36,4.320672667956545e-30,2.5459823659134107e-43,6.535960239853418e-33,4.5018776565944253e-35,6.829032345904239e-71,2.4429241054453648e-55,3.5923189841876364e-52,3.4416091976522433e-62,2.0490527511455995e-70,3.541771757435554e-59,6.385847363794185e-16,9.294969351713535e-14,2.4675695125978704e-18,6.215469802191568e-13,1.0211287198779761e-44,1.852494808203691e-45,4.734091321057701e-21,7.688829115993697e-15,4.487019165320561e-59,4.640110372582711e-61,7.634430776746831e-41,7.920988835939709e-38,1.8525675604048117e-45,3.39631163491456e-41,9.381902083141919e-28,2.5017094559349067e-26,2.1613886965355458e-23,6.45657960105184e-13,3.3381401022889436e-08,6.115113932000957e-21,5.944117976537932e-19,1.1035218893545196e-19,9.144583735367161e-18,5.262576619127391e-31,1.022375530779162e-28,3.3232359159502677e-23,0.00018232399144264296,0.5000000003024035,4.482589350631341e-11,0.24999999952072097,4.238022720904002e-11,5.1618727607504545e-12,3.4949619638316798e-28,4.376576204462783e-27,2.1142730363876364e-21,4.898569472807233e-31,2.4744743734399445e-35,7.687249705059874e-29,2.5218589488176227e-35,6.115307267193147e-40,1.8623226528987245e-22,2.6854355375067254e-17,5.019043808519241e-22,5.584363737425968e-16,0.0,1.3796371327688292e-37,7.505665318336944e-48,6.853892983459376e-13,1.006731219541921e-19,2.367074315355689e-23,8.727634589746423e-56,7.954205358706747e-16,5.127906509691824e-10,1.0155268847970595e-22,2.6482387899636956e-19,1.2283186870870574e-21,2.381386979715498e-24,4.893585714836716e-18,1.1762732950920034e-33,1.2840581892623015e-46,5.878282278448964e-32,2.156459485099037e-25,0.10000000148067224,9.42704385602198e-12,1.684575684962425e-14,4.553224797402991e-25,1.5204570874670808e-43,1.1296657082286447e-31,3.475295867894036e-24,3.322767721902054e-33,5.2090138924259475e-20,8.438640577208156e-50,5.1651263898576e-19,1.7230240357728114e-18,5.101512733189746e-41,7.496341526757147e-30,5.397980269617771e-32,2.255972012572334e-06,2.7987427666339526e-11,6.179999997564452e-05,2.4067667540088815e-14,3.5059921340001266e-27,4.700070799780203e-22,3.7776791207891375e-24,4.9678153133785364e-48,4.5350393635446185e-22,2.8531901386992865e-16,5.121869547263885e-25,1.6170824505148285e-18,5.172421556125104e-61,1.2545487762561186e-28,1.3387494488675252e-21,1.2841621554769121e-27,1.6149417803768535e-21,4.640814202382745e-21,3.327401006363751e-40,6.567059929230857e-26,8.429170734366931e-22,0.0003339999996517163,3.2989348487166714e-13,2.5811078757677672e-19,2.002458900566596e-20,5.1720165098876625e-43,4.280057308491724e-31,1.946879248131471e-31,1.0910007810456599e-38,4.545475243347146e-33,5.1556683395487e-41,1.4258609063601792e-14,4.0900243020447615e-15,3.779752647792361e-13,3.509999621464056e-06,3.60033313694231e-33,2.3408484351254451e-29,8.135514992758172e-13,1.7799991857273093e-06,4.886261880577219e-32,1.6384441795285646e-23,1.1037578532930558e-47,2.438235000423879e-37,0.0,0.0,7.588385405769154e-20,6.390059616767878e-16,1.1075805506538864e-28,8.206833107895861e-17,4.687679543051933e-40,1.788997488537729e-25,4.687689863689022e-40,3.2892013757594936e-52,1.0115347887850596e-36,6.140280532825697e-25,4.038634271655512e-20,6.293389324953959e-22,1.4308159436789742e-33,2.265908357791172e-27,7.012579749586292e-31,6.26078870418433e-25,2.8179056131985045e-21,1.3567730538316183e-36,5.659466339413263e-45
2.8276178650570496,1.468541679150846e-10,0.00017699995210257785,1.912376777159533e-26,2.9108588003160735e-21,8.828627299255194e-29,3.933730341045183e-23,3.687105083610009e-32,2.8454683164970555e-25,1.4752608916483305e-56,7.669138998668298e-45,2.0104220873673745e-53,3.9524159742239367e-35,2.598842573770069e-29,1.625527891523884e-42,4.4315534212222475e-32,3.4244799399748403e-34,2.0779774227158982e-69,7.366558257092557e-54,7.665280673895339e-51,1.5463562655104222e-60,1.2637838564893808e-68,1.1152669929863901e-57,1.3404067328083332e-15,1.3302685117098204e-13,7.399185648056188e-18,8.928604847336004e-13,1.350806898007653e-43,1.840382784519113e-44,1.4259129984871757e-20,1.5993733539248228e-14,1.913020619129633e-57,8.817813705246349e-60,1.0026784622710763e-39,7.1872231366648075e-37,1.8404848791592614e-44,2.4198171700745666e-40,4.086692536999197e-27,1.0891886076631377e-25,6.504256020648894e-23,1.349245159106515e-12,3.315262834594358e-08,1.3224207797342467e-20,8.736252959250617e-19,2.3693776298419023e-19,1.333373766740612e-17,2.977995554460067e-30,6.222376459098006e-28,1.0062531971717069e-22,0.00018232403181235783,0.5000000004386285,6.508899053077622e-11,0.2499999993060413,6.057536429445224e-11,1.0725231991838287e-11,1.5230534421628066e-27,1.9075306353513627e-26,6.363588812213003e-21,2.132055085007517e-30,1.560011072183153e-34,3.3487161207595846e-28,1.3984770550624173e-34,3.875225401997075e-39,4.68019554768105e-22,8.051134179093718e-17,1.0480225376664285e-21,8.057721621653265e-16,0.0,6.020275235729636e-37,4.722450628895547e-47,1.422105226854902e-12,4.370073279218009e-19,4.938843193415674e-23,1.929997318124929e-54,2.393801719012119e-15,7.352947831037768e-10,3.061779753110444e-22,5.500566647468435e-19,3.694164339099474e-21,9.469483282983537e-24,1.0204631975596545e-17,5.125359994684164e-33,1.1708656370768624e-45,3.693705853945255e-31,9.17907222812073e-25,0.10000000147644915,1.3632296641199375e-11,3.4688809711129627e-14,1.9691253923473853e-24,1.3773256586610863e-42,1.0289195588609083e-30,1.509252874803333e-23,2.089279839129003e-32,1.0915362325849034e-19,8.168391612049959e-49,1.078376665754962e-18,3.5946981643014834e-18,3.220298076370829e-40,2.2634598514221175e-29,3.3884577839429796e-31,2.255959527935715e-06,4.047206428562875e-11,6.17999999646826e-05,3.471898744905236e-14,1.9358226916578198e-26,1.4073778288011042e-21,1.6382612884304483e-23,6.660260663802763e-47,1.9736398971973666e-21,5.920936753252333e-16,3.2239603023488762e-24,4.858420168609259e-18,2.0530613953170287e-59,7.960806797550137e-28,5.821958362733264e-21,8.07611381592357e-27,3.37710499768874e-21,1.393766949570978e-20,4.38459147000146e-39,1.983478159116689e-25,1.760951410884366e-21,0.0003339999994976286,4.731659815431572e-13,3.7673607980565263e-19,6.016082737437481e-20,3.2828697239198933e-42,1.2923718654741414e-30,1.101308249810918e-30,9.837654409878065e-38,2.7737710747068536e-32,4.6868805870517214e-40,2.0619122683947032e-14,8.480645245485732e-15,5.465839311359586e-13,3.5099994526056154e-06,1.5724587714535594e-32,7.068973936325866e-29,1.1764552624225991e-12,1.7799988225142893e-06,1.2342252173037644e-31,4.966949295493942e-23,1.4383588036177787e-46,2.2699530172124158e-36,0.0,0.0,1.5853955197757364e-19,9.117128939315122e-16,3.325449890140669e-28,1.1851467368042138e-16,2.0375181337649487e-39,3.705624473565951e-25,2.0375246272595574e-39,3.021457410901084e-51,3.0358260679222946e-36,1.6957426610966335e-24,6.031509377017007e-20,1.3189064771567101e-21,5.601119207240617e-33,6.801394627624529e-27,2.1175399665750234e-30,1.8909731339146835e-24,5.888247832108936e-21,5.927361972776866e-36,3.5721299130420694e-44
4.088973428448061,1.677574387156326e-10,0.0001769999307381291,1.0605883766375954e-25,8.801045657832212e-21,6.423479866429579e-28,1.5784753967780958e-22,2.6016155841082002e-31,1.4971460145422222e-24,2.8205106018851177e-55,1.0139331273912628e-43,2.632019623847264e-52,4.0525489851050555e-34,1.5905844542466197e-28,1.0413426533001358e-41,3.2515617515686577e-31,3.025538985356638e-33,6.505566032569273e-68,2.391691682327842e-52,1.8041024639139617e-49,8.39229057182419e-59,9.51484942782264e-67,4.122983305594585e-56,2.8180319363079813e-15,1.8951794389351322e-13,2.2178265470148406e-17,1.2788390341170953e-12,1.7872280659641527e-42,2.0818353177605173e-43,4.2873028385239484e-20,3.3190963669276905e-14,8.81870894782841e-56,1.6712678980074864e-58,1.3130031324766917e-38,6.499289070123486e-36,2.0819936671090194e-43,2.040472244360238e-39,1.7770558948626768e-26,4.732832726391205e-25,1.9530877360933062e-22,2.820376779233627e-12,3.282457390041402e-08,2.895804059207818e-20,1.2915907255922526e-18,5.139518380923112e-19,1.9500144664180604e-17,1.72769087548703e-29,3.834673006760121e-27,3.049205640615104e-22,0.00018232408972903986,0.5000000006370109,9.467191950575332e-11,0.24999999899470687,8.614059329313891e-11,2.222104270565052e-11,6.627068453561611e-27,8.301776496555545e-26,1.9113339319645714e-20,9.260160694991318e-30,9.821731739646247e-34,1.456281778916729e-27,7.967880698552221e-34,2.4578895511018756e-38,1.4615374426791796e-21,2.4045798765307563e-16,2.1869391450015193e-21,1.16151827716172e-15,0.0,2.624564812070179e-36,2.9647791007535515e-46,2.940599181530904e-12,1.8907898755749e-18,1.0294489220731716e-22,5.134583488754374e-53,7.188691668728218e-15,1.050377491409458e-09,9.219278990890872e-22,1.139069935102396e-18,1.1083171657330052e-20,3.846819078884379e-23,2.1253387509616434e-17,2.229714373006421e-32,1.0663282735677553e-44,2.320509709903463e-30,3.935573940741037e-24,0.10000000147033179,1.97134436815916e-11,7.094610658616265e-14,8.484888072580686e-24,1.248604324060485e-41,9.355303016476232e-30,6.534307224443436e-23,1.3103979594274567e-31,2.288634300061895e-19,8.055307365097302e-48,2.2498293134597038e-18,7.49170924690685e-18,2.0312035734542418e-39,6.82972967513958e-29,2.1201008010110998e-30,2.2559414742222375e-06,5.852577776403681e-11,6.179999994872851e-05,5.002977485318259e-14,1.1301915136155755e-25,4.1972283339597725e-21,7.081381318088584e-23,9.021142976539473e-46,8.571787121190801e-21,1.2245714684002694e-15,2.0251898445441745e-23,1.455501407505683e-17,8.125585271945379e-58,5.0588981123295006e-27,2.5256618587435146e-20,5.066762071806916e-26,7.062119461073528e-21,4.1731408100617474e-20,5.76903520318851e-38,5.98756885407852e-25,3.677226241835308e-21,0.00033399999927615973,6.762192083775907e-13,5.52082172251814e-19,1.8022289173591304e-19,2.0870461153915302e-41,3.89966765134508e-30,6.385644602374982e-30,8.894850913652429e-37,1.7114790086945413e-31,4.2496783415313254e-39,2.9816980156345896e-14,1.7518641805676134e-14,7.90406127819766e-13,3.5099992084225944e-06,6.864119439441259e-32,2.133405289698205e-28,1.701235153671237e-12,1.7799982973002151e-06,3.299331665010371e-31,1.507351221401288e-22,2.053428829798001e-45,2.3051034310005196e-35,0.0,0.0,3.3109166899059603e-19,1.2931634942834692e-15,9.953146037223131e-28,1.7104201303605332e-16,8.8325550335023e-39,7.643597466747956e-25,8.83259579829577e-39,2.7799650126822453e-50,9.080863717231487e-36,4.7950573510577514e-24,9.113475817822244e-20,2.766458346468746e-21,2.2493725206368297e-32,2.0348611327072308e-26,6.390076439161369e-30,5.7083242617871054e-24,1.2299847294346077e-20,2.588391182491143e-35,2.252796982580879e-43
5.912999739169831,1.979878286843105e-10,0.00017699989984525642,6.218032134810703e-25,2.6628453021176368e-20,4.989558428265607e-27,6.558059931086884e-22,1.977165175209864e-30,8.307346893704465e-24,5.391490446651815e-54,1.3402228859126456e-42,3.430573157869304e-51,4.4603292869323984e-33,9.792325621477086e-28,6.69759283667599e-41,2.5402243338605655e-30,3.0053783953333474e-32,2.1024682970601155e-66,8.214046836415938e-51,4.5286251715308195e-48,5.255102662055116e-57,8.36850228375668e-65,1.729002591669299e-54,5.93759342410413e-15,2.6824289754381494e-13,6.632695295164303e-17,1.8239421389137107e-12,2.3649210688163557e-41,2.976681666859873e-42,1.2857986246086422e-19,6.864692966110435e-14,4.322041047144926e-54,3.1552125428749435e-57,1.712018935798436e-37,5.848491269460627e-35,2.9769821631597306e-42,2.2361383811136374e-38,7.708061695850234e-26,2.0507591975413192e-24,5.846409665313082e-22,5.896679297025008e-12,3.235591238373371e-08,6.443024502406773e-20,1.9235101234923263e-18,1.1298073733201615e-18,2.862257626727645e-17,1.021542771492146e-28,2.3779042679911015e-26,9.248607335111253e-22,0.00018232417251404681,0.5000000009266773,1.3801802244730142e-10,0.2499999985427719,1.2160401161695327e-10,4.5848877737187995e-11,2.877176973634069e-26,3.605381887255236e-25,5.723525858461033e-20,4.0098359023680164e-29,6.1716716063339e-33,6.31748650002297e-27,4.6399692505314475e-33,1.5609649514681637e-37,6.0259780593319156e-21,7.142145642612167e-16,4.5592522233410804e-21,1.6719640553185386e-15,0.0,1.1426270513528931e-35,1.8555182407526337e-45,6.0507580669657596e-12,8.142338615784773e-18,2.1426821949156306e-22,1.654868376957639e-51,2.1521357713818743e-14,1.4923205378743603e-09,2.7709580025537173e-21,2.3485832127232327e-18,3.313489773794648e-20,1.5871565682769794e-22,4.418582304662826e-17,9.677821936692173e-32,9.693707212944834e-44,1.4554814489419534e-29,1.692556090157713e-23,0.1000000014614652,2.8507289048046426e-11,1.436858380360383e-13,3.634624934047037e-23,1.1303092307683307e-40,8.484731607643067e-29,2.816544474394253e-22,8.189169245882158e-31,4.801105769888622e-19,8.118772450134255e-47,4.689003539683662e-18,1.5589980573729364e-17,1.279725810672064e-38,2.058787324938093e-28,1.3202813499835424e-29,2.2559153672877212e-06,8.463271227886247e-11,6.179999992545172e-05,7.19796646724927e-14,6.793755655004831e-25,1.2443652333472584e-20,3.0461351509809644e-22,1.2351985460039872e-44,3.711885492893111e-20,2.5204472117294413e-15,1.2684275435655598e-22,4.3425200644310587e-17,3.20135797668977e-56,3.2211848472538697e-26,1.0918210137528988e-19,3.1676490430894015e-25,1.4768440669193806e-20,1.2440317599577614e-19,7.573859441589552e-37,1.8060790521413526e-24,7.673952638262751e-21,0.0003339999989586567,9.614318399007194e-13,8.136020621856368e-19,5.37652933632936e-19,1.3296923737837947e-40,1.1755108664378521e-29,3.772425462059589e-29,8.04628980836496e-36,1.0616602087324531e-30,3.8387874114024157e-38,4.311805765486174e-14,3.5993637340940314e-14,1.1429932808074384e-12,3.509998855314437e-06,2.994013727392728e-31,6.4328895719595756e-28,2.4600911453282302e-12,1.779997537842515e-06,9.402957206834805e-31,4.5812719713085635e-22,3.1780471374334683e-44,2.5190205112027365e-34,0.0,0.0,6.910387108705301e-19,1.8188699442811615e-15,2.9656377221232625e-27,2.466320779661011e-16,3.8142601414611195e-38,1.5672598807651278e-24,3.814285651122429e-38,2.5625563767546817e-49,2.7033835006698637e-35,1.382081469429759e-23,1.3971999703861094e-19,5.809574039844023e-21,9.221192650015162e-32,6.059561701074445e-26,1.9265346502192856e-29,1.7218502734877882e-23,2.5680438208296782e-20,1.1296123047071443e-34,1.4190586224017703e-42
8.550695309529694,2.4170858437722863e-10,0.00017699985517541722,3.760007618826319e-24,8.060580642406145e-20,4.0638947306238264e-26,2.7716449545968473e-21,1.5888065028488098e-29,4.781993371465686e-23,1.030104412465564e-52,1.77060226623059e-41,4.442785763129018e-50,5.176469950840293e-32,6.019925647047722e-27,4.325509339649505e-40,2.0760133873545592e-29,3.2558528625845488e-31,7.024267614765213e-65,2.9299140420343064e-49,1.1781857634187387e-46,3.625483074830235e-55,8.192821232680935e-63,7.95892851806701e-53,1.2547862274608293e-14,3.761604142942398e-13,1.975511684953066e-16,2.5856568807452778e-12,3.1292448823211272e-40,5.574421357527554e-41,3.842170930006739e-19,1.4128969347437952e-13,2.2101536447547466e-52,5.9227889501946255e-56,2.218551945494724e-36,5.22607762421907e-34,5.575170051712721e-41,3.1464338813897355e-37,3.3313916330979635e-25,8.849974430362363e-24,1.74221789168029e-21,1.232930333756997e-11,3.1689997834530976e-08,1.461551776515327e-19,2.888599802896329e-18,2.5256059363061772e-18,4.218240754391474e-17,6.120208807048535e-28,1.4777054925752624e-25,2.808597418380114e-21,0.00018232429019822579,0.5000000013510459,2.0182599480349922e-10,0.24999999788605382,1.6989650653396012e-10,9.403809958945193e-11,1.2451663235948512e-25,1.5610188851732368e-24,1.7065056091569887e-19,1.7287962391041477e-28,3.8671976412273313e-32,2.7308882321937113e-26,2.7456248286449414e-32,9.93488300845534e-37,3.0817926963273355e-20,2.104627308062824e-15,9.492065677905002e-21,2.4018415598414115e-15,0.0,4.964704117804399e-35,1.1562653584945898e-44,1.2363888402722774e-11,3.48261111532518e-17,4.450471234317682e-22,6.306880398502439e-50,6.414375037521211e-14,2.103570618791615e-09,8.307290144407615e-21,4.81214732612105e-18,9.856116082798247e-20,6.613795988416727e-22,9.162705398144882e-17,4.186711379709563e-31,8.7892591022029e-43,9.102131727635234e-29,7.279191257366929e-23,0.10000000144860531,4.1223918959383003e-11,2.8694803146800256e-13,1.5433344528705935e-22,1.0198961051662322e-39,7.667162932239529e-28,1.2063436677350814e-21,5.091225205464953e-30,1.0073025838259983e-18,8.378648797581176e-46,9.758100299761895e-18,3.237175082819409e-17,8.049403249752383e-38,6.197396189374455e-28,8.166405248064633e-29,2.255877614995265e-06,1.223850047343849e-10,6.17999998913838e-05,1.0332631078060649e-13,4.1324093443846295e-24,3.657799385825135e-20,1.3011313599750646e-21,1.7103986204425037e-43,1.6005796594819241e-19,5.1519847380618726e-15,7.910995108965158e-22,1.287984901529786e-16,1.252741057136023e-54,2.056481199580126e-25,4.696053757242802e-19,1.9703950304784356e-24,3.088603509108299e-20,3.6852285923887724e-19,9.91127717062915e-36,5.4417308764242575e-24,1.6000042669374354e-20,0.00033399999850507406,1.3569078618657693e-12,1.2084168938050347e-18,1.5944271857986255e-18,8.496397976456063e-40,3.5380939117075286e-29,2.257213695040843e-28,7.268889881057625e-35,6.595237349578043e-30,3.448814098246109e-37,6.23536545512452e-14,7.338128600884049e-14,1.6528634215930297e-12,3.509998344692526e-06,1.3044712638914182e-30,1.937243854732574e-27,3.55741903593119e-12,1.7799964396960762e-06,2.86751263531936e-30,1.3952138376476204e-21,5.238925042498958e-43,2.9093210473981068e-33,0.0,0.0,1.4410740805626649e-18,2.5280393421877303e-15,8.780066373381765e-27,3.5517489654696557e-16,1.638186277021007e-37,3.186398919386754e-24,1.6382021675549636e-37,2.3665676673501492e-48,7.9935264352682e-35,4.044166359599438e-23,2.1789954515286697e-19,1.2218620001929035e-20,3.8397395114082604e-31,1.7924859164241028e-25,5.800488035920071e-29,5.187959877493055e-23,5.3579756326022356e-20,4.9253835275265176e-34,8.923475488268675e-42
12.365025114423291,3.0494260043497663e-10,0.000176999790586683,2.308571023669258e-23,2.4406909082879904e-19,3.4156205370723476e-25,1.1786838108946897e-20,1.3265803745702485e-28,2.817227241909067e-22,1.9665576933083745e-51,2.336930173377881e-40,5.701248257375285e-49,6.22892472040541e-31,3.674961633527788e-26,2.8024730465288462e-39,1.7476086393067426e-28,3.745429745369124e-30,2.4249280293769175e-63,1.0684707069000548e-47,3.116336885266375e-45,2.6591022820688708e-53,8.59226496880063e-61,3.9070651119516475e-51,2.6621531765045784e-14,5.206180655612831e-13,5.847129620020917e-16,3.633832945396393e-12,4.139498623935332e-39,1.2573661603503715e-39,1.1421076274782245e-18,2.8878272008944024e-13,1.1601424179891172e-50,1.1029126823475192e-54,2.849991119234859e-35,4.623734726295022e-33,1.2575988972805068e-39,5.1135345074138675e-36,1.4323811372290211e-24,3.796881856154938e-23,5.1582859450475924e-21,2.5775604250469255e-11,3.075119416194953e-08,3.3893890558709815e-19,4.374106084446265e-18,5.759874203539453e-18,6.239293967862449e-17,3.694828450556934e-27,9.174567822509305e-25,8.54196810974907e-21,0.00018232445611858473,0.500000001975189,2.962841992034154e-10,0.24999999693092456,2.3392773373556833e-10,1.9122469873392008e-10,5.364140654911067e-25,6.7292395824692e-24,5.056437079301773e-19,7.4070229952738085e-28,2.413449840709866e-31,1.1744941286672338e-25,1.6410862667394728e-31,6.352810401826795e-36,1.7544804312585546e-19,6.13166062995466e-15,1.9723266535975417e-20,3.440251017445025e-15,0.0,2.151016721907465e-34,7.16380545065987e-44,2.5016534424654568e-11,1.4751035964359194e-16,9.21613609852598e-22,2.7150066318824293e-48,1.8995544788382994e-13,2.931615579618181e-09,2.4818198732611834e-20,9.771235612716912e-18,2.9104138366243095e-19,2.768754058858805e-21,1.8930877914419045e-16,1.8026741379866256e-30,7.939667058064211e-42,5.666214882681211e-28,3.122351450903819e-22,0.10000000142994124,5.961321387458472e-11,5.616860768802001e-13,6.470451484702429e-22,9.155123391959907e-39,6.892485376870507e-27,5.1199127581923334e-21,3.14187097374144e-29,2.1113031340807527e-18,8.850372363184922e-45,2.0263712427906512e-17,6.700769031439243e-17,5.051027422261522e-37,1.861774080031606e-27,5.002287815544282e-28,2.255823023114551e-06,1.7697688544956659e-10,6.179999984133038e-05,1.4784339978444097e-13,2.5154320453518922e-23,1.0620860263209209e-19,5.5015895867271325e-21,2.3935428121951095e-42,6.860155106158197e-19,1.0428492607619855e-14,4.9042954192802685e-21,3.788176582105643e-16,4.856457232629519e-53,1.3174083380543575e-24,2.0052995779031362e-18,1.2168385661435274e-23,6.460603034133888e-20,1.0818823878660418e-18,1.291103595271779e-34,1.6369565620527884e-23,3.331571663532692e-20,0.00033399999786014203,1.895172211328762e-12,1.814143132152242e-18,4.688167745832238e-18,5.449679573858397e-39,1.0625099116327316e-28,1.3601298531773153e-27,6.546030637573719e-34,4.090601073425321e-29,3.0744164405113555e-36,9.01753066872825e-14,1.4795657563643536e-13,2.3901773789734626e-12,3.509997606294926e-06,5.674279128682794e-30,5.823216499147195e-27,5.1441598678239934e-12,1.7799948518706283e-06,9.347688366504187e-30,4.260604015685256e-21,9.031229893182525e-42,3.489862130098999e-32,0.0,0.0,3.0014867837404145e-18,3.4555780425795878e-15,2.5760406631807155e-26,5.105473839632327e-16,6.981565638876212e-37,6.4012894051463855e-24,6.9816639841282605e-37,2.1883453900554872e-47,2.3409516413840846e-34,1.1973945580702373e-22,3.4617080633068583e-19,2.5745306232445476e-20,1.6167025762204577e-30,5.252656627581363e-25,1.7430525508443037e-28,1.5606235638802983e-22,1.1167622012149107e-19,2.144820195375788e-33,5.597659485183846e-41
17.88086705766717,3.9640412628085415e-10,0.00017699969720060913,1.4255957654983766e-22,7.389740557975335e-19,2.9246776476923583e-24,5.00787090793328e-20,1.134713608546777e-27,1.6805750676563028e-21,3.7480318665793147e-50,3.078306424792632e-39,7.220853384393975e-48,7.663887610081929e-30,2.2157055946459015e-25,1.8158549557294225e-38,1.4966227718157405e-27,4.476827336575706e-29,8.621816460794004e-62,3.929209506714869e-46,8.276201373536785e-44,2.0195091956503787e-51,9.378306716873854e-59,1.9954673335458496e-49,5.6759769296902355e-14,7.074609324374327e-13,1.7147745539535062e-15,5.044401548893337e-12,5.470654665765256e-38,3.069541751044922e-38,3.369684090293894e-18,5.843937347851016e-13,6.1612061712810815e-49,2.030818326598159e-53,3.616204587877469e-34,4.033848278101286e-32,3.070349136705688e-38,8.739654661397564e-35,6.113184337522235e-24,1.6153196625893701e-22,1.5131346821801596e-20,5.38563488008131e-11,2.9442575825219815e-08,8.044448856596746e-19,6.66400201767772e-18,1.3432626246057592e-17,9.243963324755492e-17,2.2357411785785966e-26,5.67500861550209e-24,2.6025176433567382e-20,0.00018232468711537944,0.500000002896787,4.369884728339308e-10,0.24999999554169197,3.156248254329081e-10,3.840626875572116e-10,2.2957525632903375e-24,2.882744631087204e-23,1.4849091687989852e-18,3.1452266755971962e-27,1.497498944616145e-30,5.014456542550836e-25,9.848819907909507e-31,4.117357286064834e-35,1.0354772846091082e-18,1.7575420353654353e-14,4.08674315249523e-20,4.9069248259903545e-15,0.0,9.281261830491702e-34,4.407368234251674e-43,4.992723478856571e-11,6.161224707869553e-16,1.9002479178602496e-21,1.2551496370973618e-46,5.573676309055483e-13,4.018947770791238e-09,7.379628202475311e-20,1.9584864224460975e-17,8.504409651986708e-19,1.1583308358822647e-20,3.890893324460393e-16,7.709816713791092e-30,7.134469764370282e-41,3.503623935679604e-27,1.3320821103560132e-21,0.1000000014028418,8.620563554037784e-11,1.0686907123074686e-12,2.6637768595689284e-21,8.156315619789465e-38,6.150289886634422e-26,2.1448059832052283e-20,1.9185868236148385e-28,4.40996095260844e-18,9.53398704474564e-44,4.195019074187642e-17,1.380764534247657e-16,3.158687129076963e-36,5.5766959677591694e-27,3.021709615543609e-27,2.2557440809814555e-06,2.5591901854604635e-10,6.179999976747834e-05,2.1055674151800213e-13,1.5199576360995712e-22,3.030361539936833e-19,2.2927612632028022e-20,3.373815947637075e-41,2.9152151146824488e-18,2.0820514164066785e-14,3.0143276206384696e-20,1.1009804128274056e-15,1.857267425414378e-51,8.474640930193574e-24,8.475538713725026e-18,7.437548932551676e-23,1.352157244974101e-19,3.135525022671922e-18,1.670897466993107e-33,4.9128091345667366e-23,6.923837597800219e-20,0.00033399999694871816,2.608460248907356e-12,2.762855577530166e-18,1.3618467085719006e-17,3.511974496244572e-38,3.1801103526114177e-28,8.207446356237585e-27,5.8639720413072883e-33,2.525703269273225e-28,2.71020899741285e-35,1.3043194966234334e-13,2.936594776901482e-13,3.4563929127619586e-12,3.5099965385197655e-06,2.462467895872699e-29,1.7457831066041403e-26,7.438536368182857e-12,1.7799925561090036e-06,3.2392685912897955e-29,1.3055891520226123e-20,1.602752064415513e-40,4.285272279381875e-31,0.0,0.0,6.2404776234872086e-18,4.615812988569145e-15,7.4631176590447e-26,7.319465959245104e-16,2.943130507422723e-36,1.2647483280336017e-23,2.9431908173851928e-36,2.022195999388907e-46,6.763750200888598e-34,3.5777987441482073e-22,5.598217891503783e-19,5.435570638696078e-20,6.855180354306707e-30,1.5190449227701645e-24,5.223265391474577e-28,4.683743380585115e-22,2.324301441662227e-19,9.322565621643432e-33,3.4991654961968623e-40
25.857238766221403,5.28702856029146e-10,0.00017699956218381453,8.799923605143324e-22,2.2354478779245443e-18,2.5255945220435694e-23,2.1136682153202443e-19,9.836636809835075e-27,1.0062562713207396e-20,7.1202786105912e-49,4.0393300456238266e-38,8.976632632345117e-47,9.535536555827686e-29,1.3110612408217128e-24,1.168837381742388e-37,1.2909186910526223e-26,5.46773190867422e-28,3.1406511050292076e-60,1.4394273305621283e-44,2.1883875383107575e-42,1.5593678836670468e-49,1.0444415717695291e-56,1.0398645422312818e-47,1.217201537219808e-13,9.374480806251607e-13,4.962632290572105e-15,6.882161615724375e-12,7.212810749269289e-37,7.592074266667303e-37,9.836852427596708e-18,1.1659928839343697e-12,3.269484331625513e-47,3.684794348194194e-52,4.509820287851813e-33,3.450984780245033e-31,7.59495899595118e-37,1.4914254281509917e-33,2.5814870522618336e-23,6.789765498125585e-22,4.3801646220662303e-20,1.1237083404886785e-10,2.7648068185407914e-08,1.9514786303808882e-18,1.0155345445270869e-17,3.205352458482843e-17,1.3654134284883087e-16,1.3486100702454145e-25,3.4864612970364156e-23,7.943399033554177e-20,0.0001823250024634611,0.500000004261342,6.47828981811925e-10,0.24999999352522864,4.142520240806981e-10,7.577351571887068e-10,9.733943820963108e-24,1.2239869745915004e-22,4.305381095773637e-18,1.3186293762069718e-26,9.21521489016887e-30,2.1186637387199266e-24,5.898158942515195e-30,2.789545386609091e-34,6.120383436353662e-18,4.922147363720095e-14,8.433912494141111e-20,6.95686082405209e-15,0.0,3.981023181936593e-33,2.6939476158170778e-42,9.778380201922854e-11,2.5225855896581864e-15,3.893711201858962e-21,5.967077700193908e-45,1.6139315941802178e-12,5.3802118917603304e-09,2.180801344242425e-19,3.853096713307502e-17,2.4479219146276955e-18,4.8156933753849464e-20,7.938229201741336e-16,3.2664405380493034e-29,6.364025665645909e-40,2.1454415126452772e-26,5.633366165004447e-21,0.10000000136350179,1.2466041810836336e-10,1.9539076046932e-12,1.0686527805825345e-20,7.191359905905482e-37,5.430674129234974e-25,8.819703859381314e-20,1.1543139384780302e-27,9.134637275228417e-18,1.039873973417914e-42,8.646261721622625e-17,2.8267567412415705e-16,1.9655693922293561e-35,1.6634276382168798e-26,1.7894045622095137e-26,2.255629928857633e-06,3.700711423681807e-10,6.179999965807975e-05,2.9788026994911e-13,9.050666505354767e-22,8.434661838052882e-19,9.360522598124057e-20,4.755239920304355e-40,1.2240223710409867e-17,4.0780781391917636e-14,1.8303234395668128e-19,3.1467894398987344e-15,6.967530853770772e-50,5.47655402374669e-23,3.5307082036720494e-17,4.4797743561803295e-22,2.8344830428295747e-19,8.923325068296178e-18,2.142444448577921e-32,1.4695240752580286e-22,1.4349752924796226e-19,0.00033399999567019,3.5181927057140578e-12,4.287152148119303e-18,3.8886462553690074e-17,2.275432523912065e-37,9.471724511663912e-28,4.930860018266789e-26,5.210830771873743e-32,1.5472570602038169e-27,2.351381857631795e-34,1.8875235386709768e-13,5.700420586956342e-13,4.9982249569063225e-12,3.509994994448244e-06,1.0650457953674036e-28,5.21390357062278e-26,1.075600993474065e-11,1.7799892369539055e-06,1.1827673470227879e-28,4.0174568539158623e-20,2.8931572420049904e-39,5.324965940365268e-30,0.0,0.0,1.294178615668048e-17,5.976774482866632e-15,2.124861539792104e-25,1.0453679860485476e-15,1.2220423157906989e-35,2.4425519402029092e-23,1.2220788307613898e-35,1.8595986959722188e-45,1.9181118487780214e-33,1.076534604005549e-21,9.181786936401524e-19,1.1496247416616648e-19,2.916745884014391e-29,4.3136511862131146e-24,1.558919868620492e-27,1.401016183900239e-21,4.827615172795992e-19,4.041308257612837e-32,2.1765872761316825e-39
37.39174361383633,7.200865766401972e-10,0.00017699936698676276,5.40361955358054e-21,6.744811031382145e-18,2.180595394835509e-22,8.810996494517035e-19,8.569072878904319e-26,5.999106969402951e-20,1.3444244464627823e-47,5.261949782094648e-37,1.0869871266531819e-45,1.1887751624351914e-27,7.553060236601296e-24,7.386151874560815e-37,1.1117828970831298e-25,6.735211332013842e-27,1.1637862592746324e-58,5.188934682269784e-43,5.722810159680713e-41,1.2072568676237538e-47,1.1695613458705992e-54,5.443302959563951e-46,2.626017945390761e-13,1.2010473290267492e-12,1.4093167740470056e-14,9.166319838367486e-12,9.461159378406513e-36,1.8365907957811814e-35,2.828913743060968e-17,2.280541213168267e-12,1.7127061075712884e-45,6.584282424098656e-51,5.491487698104145e-32,2.873670788786167e-30,1.8376078282480516e-35,2.4682362934463213e-32,1.073808978550685e-22,2.805314844741591e-21,1.2442871182045722e-19,2.3373721819021085e-10,2.5244732470627903e-08,4.8186269772639516e-18,1.531343463978058e-17,7.81321935512689e-17,1.9937589487345628e-16,8.060944437469881e-25,2.119179941056125e-22,2.427404009274596e-19,0.0001823254197041287,0.5000000062798877,9.65079852386085e-10,0.24999999061790093,5.242277923214577e-10,1.4572026094965503e-09,4.072846501943322e-23,5.131883135696422e-22,1.2258925114079737e-17,5.42994811642808e-26,5.604638269271432e-29,8.819752908519254e-24,3.5009258595057355e-29,2.162327480939807e-33,3.5578475691075353e-17,1.3339682680582815e-13,1.730573178582011e-19,9.778885204262405e-15,0.0,1.6930750908845586e-32,1.647338066260335e-41,1.86741210990876e-10,1.0039980615621711e-14,7.907301462866935e-21,2.815804612993789e-43,4.585846412407506e-12,6.959741855272934e-09,6.394435321013664e-19,7.38210769358437e-17,6.896449343739446e-18,1.9767243556520843e-19,1.602963002341113e-15,1.366134747753276e-28,5.620866277875774e-39,1.2956019647196089e-25,2.3511555249133265e-20,0.100000001306466,1.802690666981297e-10,3.3810922089248084e-12,4.1343656564572764e-20,6.256267462223835e-36,4.725040891688911e-24,3.532969458447589e-19,6.802323225968332e-27,1.8602585275525198e-17,1.1362182034873178e-41,1.7708342067544e-16,5.73321242996061e-16,1.2144637911372917e-34,4.931917410062309e-26,1.0302573509862405e-25,2.2554648653873128e-06,5.351346126888374e-10,6.179999949562642e-05,4.174411518922314e-13,5.26797662492423e-21,2.267624851793637e-18,3.7127912209595166e-19,6.618585447647972e-39,5.054558479389462e-17,7.781606056199504e-14,1.0926263669251544e-18,8.787749168370397e-15,2.5441665561029217e-48,3.5536566781214157e-22,1.441310464345978e-16,2.6429659194092384e-21,5.96800088408327e-19,2.4753238690531195e-17,2.7114437498771066e-31,4.374767629391988e-22,2.962172688138544e-19,0.00033399999389104447,4.616964500736319e-12,6.811189503394916e-18,1.0840174094703715e-16,1.4820998192576466e-36,2.8019088882964903e-27,2.930002184188857e-25,4.576089439723865e-31,9.364362198711351e-27,1.9945232852302015e-33,2.735422760159673e-13,1.0728061883260838e-12,7.2278322905860106e-12,3.5099927616366712e-06,4.584243237145851e-28,1.548688893276233e-25,1.5552538351017562e-11,1.7799844385159949e-06,4.504159059465783e-28,1.2417926995731055e-19,5.263072401259268e-38,6.632769876826678e-29,0.0,0.0,2.674154625280746e-17,7.432152153474996e-15,5.909580423667505e-25,1.4848718669430526e-15,4.97014244191006e-35,4.575916707228071e-23,4.970359670839928e-35,1.6888269549977668e-44,5.303364154198738e-33,3.2551903278915777e-21,1.5167459290980414e-18,2.433126833574856e-19,1.2410480512577442e-28,1.1950958654132151e-23,4.625809756594273e-27,4.170865619979447e-21,9.998475648378175e-19,1.7452200420054933e-31,1.3445074497667006e-38
54.07160846228208,9.969612294470276e-10,0.0001769990847967801,3.284512790915156e-20,2.0228860027358285e-17,1.866657572159006e-21,3.601658302509801e-18,7.446057996759971e-25,3.5310622664018954e-19,2.5101004058024446e-46,6.763980522795257e-36,1.2688718767173334e-44,1.4721466933911492e-26,4.193795407636232e-23,4.499297370636919e-36,9.47744212055732e-25,8.275188089484748e-26,4.3471039330784814e-57,1.814953971123072e-41,1.470458225691077e-39,9.255355237306204e-46,1.3003164461393959e-52,2.82350162540474e-44,5.693074622751727e-13,1.4737075180485506e-12,3.896918082017765e-14,1.1817146735416507e-11,1.2284694715383453e-34,4.24197353032265e-34,7.967666413198626e-17,4.3387973305591304e-12,8.738170930501462e-44,1.1774681069070232e-49,6.47245818407596e-31,2.3066282635151162e-29,4.245419900504962e-34,3.871832980697496e-31,4.37279441077012e-22,1.1311412075811323e-20,3.4420940217534314e-19,4.83141439616469e-10,2.2133958830813836e-08,1.203224946323715e-17,2.247493692924868e-17,1.9379462978077772e-16,2.8421413341487373e-16,4.7405603387473586e-24,1.2679840037837145e-21,7.413144897694078e-19,0.00018232594405147057,0.500000009239583,1.4426761689775083e-09,0.2499999864913366,6.336848057573085e-10,2.701646394214128e-09,1.6727424558875536e-22,2.1140877384965835e-21,3.402627629804242e-17,2.181049451479557e-25,3.352822851166919e-28,3.595575793231022e-23,2.0432451480754086e-28,2.2399223188422164e-32,2.0064853809903322e-16,3.452809958432087e-13,3.522259756642031e-19,1.3579620506136618e-14,0.0,7.112729439422391e-32,1.0327701626450116e-40,3.451899367389545e-10,3.840024801628358e-14,1.585351534084545e-20,1.278286705945535e-41,1.2685092204920123e-11,8.568568243150654e-09,1.8571438642675577e-18,1.3623317201906687e-16,1.884725498123184e-17,7.947284106373054e-19,3.191403079883387e-15,5.618174420090499e-28,4.902968000046949e-38,7.670959864887393e-25,9.627126674798465e-20,0.10000000122399932,2.606834271231641e-10,5.4333774198083e-12,1.5210047838699527e-19,5.360706264893664e-35,4.027724467884316e-23,1.3643518248813704e-18,3.895600265266624e-26,3.674266378552058e-17,1.2272207327258513e-40,3.5943871639072116e-16,1.1473491944820384e-15,7.427653710948613e-34,1.4497398629418492e-25,5.702199107234098e-25,2.2552261908016146e-06,7.73809198387548e-10,6.179999925456896e-05,5.772071371538605e-13,2.967640432683763e-20,5.811348400415151e-18,1.4148709973692492e-18,8.932571577756089e-38,2.0405383270476954e-16,1.4339071563037763e-13,6.370604584893247e-18,2.37749507312852e-14,8.946527958939095e-47,2.3101922874026595e-21,5.721499520342899e-16,1.5147982847614235e-20,1.2711284844906274e-18,6.627370990380088e-17,3.369716692370656e-30,1.2935650439302255e-21,6.079780829782688e-19,0.00033399999143230553,5.846178456640564e-12,1.1136735900631259e-17,2.923400346772625e-16,9.690249701889136e-36,8.217361182773254e-27,1.7083503686861926e-24,3.951108027212614e-30,5.567437142530493e-26,1.6390587741500416e-32,3.98056105759741e-13,1.9351562066999895e-12,1.0452006781773387e-11,3.5099895329029176e-06,1.9595946572944236e-27,4.564360061998997e-25,2.2486998428843414e-11,1.7799775020554741e-06,1.7722238285733135e-27,3.8533429614125037e-19,9.574124292807407e-37,8.208582552916878e-28,0.0,0.0,5.496887177228422e-17,8.794926580966051e-15,1.5939573907722558e-24,2.0927902432650308e-15,1.966281593262163e-34,8.243988684012168e-23,1.9664078011292885e-34,1.496484850844187e-43,1.4180192161164443e-32,9.866952566376814e-21,2.5001624028697375e-18,5.140745000959016e-19,5.262222729670542e-28,3.2052808318687604e-23,1.361249388101283e-26,1.2332935092495427e-20,2.062955666279894e-18,7.495728316135012e-31,8.224629377000466e-38
78.19209694774575,1.3975307502756433e-09,0.00017699867685339244,1.9642601861571937e-19,5.993803404084029e-17,1.569451076860805e-20,1.4297272593312314e-17,6.4055087782793506e-24,2.031160523859641e-18,4.5943551195297556e-45,8.494712902275732e-35,1.4085995573506523e-43,1.7939988299619523e-25,2.216517217602241e-22,2.577101001049836e-35,7.917130255465637e-24,1.0030946729155177e-24,1.6177068801842918e-55,6.0530369919997925e-40,3.684882505077507e-38,6.934165219349527e-44,1.4169415937679377e-50,1.4318047880738499e-42,1.2358808521955836e-12,1.7171383730474844e-12,1.0382325083372471e-13,1.460114730808318e-11,1.5655271578470025e-33,9.137994738073027e-33,2.1810772249527344e-16,7.949861611160169e-12,4.271400222680966e-42,2.2745792579296864e-48,7.302013568729455e-30,1.762535929966551e-28,9.148964553432268e-33,5.617456325237173e-30,1.7287974279335055e-21,4.40726213665507e-20,9.176689994693126e-19,9.86755385519944e-10,1.8300831044423254e-08,3.0159082863910816e-17,3.1432746723772855e-17,4.866120431855136e-16,3.898974820618389e-16,2.718705350673735e-23,7.417799558189877e-21,2.253296820033921e-18,0.0001823265470221401,0.5000000134789299,2.158350093565185e-09,0.24999998081653585,7.263447270265706e-10,4.754698397901748e-09,6.695359451949271e-22,8.500118876812747e-21,9.115512467078001e-17,8.470709091149077e-25,1.960114202528625e-27,1.423738837160573e-22,1.1610254382657609e-27,3.2425044159690635e-31,1.082116360383583e-15,8.388387658594701e-13,7.087581427239864e-19,1.853913914262706e-14,0.0,2.936164988629333e-31,7.0359735116332354e-40,6.130891832851828e-10,1.3897291369500305e-13,3.1209739908160074e-20,5.410039183570287e-40,3.3786551594030955e-11,9.823928620561025e-09,5.332576907043096e-18,2.3865391699687297e-16,4.936239939383677e-17,3.097631341307112e-18,6.2347661356305776e-15,2.265354683600282e-27,4.219853611470496e-37,4.4174954737650555e-24,3.8364975038399875e-19,0.10000000110520857,3.769684699623457e-10,7.939116082560371e-12,5.225644690177002e-19,4.535960064219148e-34,3.338412043239589e-22,5.010002064212063e-18,2.1461949654302514e-25,6.910176665286452e-17,1.290964033363407e-39,7.203870954163709e-16,2.252734906800151e-15,4.4769524056088474e-33,4.209692910192574e-25,2.9883200195706987e-24,2.2548810912444837e-06,1.118908755516812e-09,6.179999889889594e-05,7.833332057128175e-13,1.5979741414425723e-19,1.395918948557541e-17,5.1057784315577845e-18,1.141953110229893e-36,7.993212401486263e-16,2.525275877835429e-13,3.5970354131113303e-17,6.164915494449634e-14,2.987498881350106e-45,1.496719511970495e-20,2.1866358844122303e-15,8.341548045944708e-20,2.783956896423085e-18,1.6909080204729063e-16,4.0844650036203737e-29,3.7884174402067495e-21,1.2377077879161603e-18,0.00033399998804331673,7.0841229157545385e-12,1.884534250555721e-17,7.539150759296337e-16,6.337064435131331e-35,2.3892334523890695e-26,9.67454075279883e-24,3.330653712666299e-29,3.226508752351428e-25,1.28917854960812e-31,5.858377219249075e-13,3.298822653426855e-12,1.5114377701372393e-11,3.509984864101137e-06,8.29459386135896e-27,1.3304250321451624e-24,3.2511179157712635e-11,1.779967475935074e-06,7.174971294946281e-27,1.197493915578795e-18,1.7286710702066286e-35,9.997776676303746e-27,0.0,0.0,1.1215938607887876e-16,9.850049813326137e-15,4.137606300586243e-24,2.9171752966894642e-15,7.505979994604281e-34,1.4161575075541813e-22,7.506690901758708e-34,1.2724256965354919e-42,3.6332078191980366e-32,2.987875676312349e-20,4.074507428763334e-18,1.0798349012461892e-18,2.2147926399853962e-27,8.25123461113718e-23,3.95838035126559e-26,3.611987171984449e-20,4.237251840207306e-18,3.194679548547744e-30,4.9634937167721546e-37
113.07235347641867,1.977049732339452e-09,0.00017699808711960007,1.1463611957912454e-18,1.7367668620638075e-16,1.2810108630327556e-19,5.4377734592061756e-17,5.407843097743401e-23,1.1268633835454298e-17,8.134099926288005e-44,1.026495043545431e-33,1.462077104049598e-42,2.1269350551025386e-24,1.0994513880649028e-21,1.3478441120136824e-34,6.399566567752455e-23,1.1848432076598632e-23,5.90567184936746e-54,1.882040960914272e-38,8.918591297138184e-37,4.996761293980654e-42,1.4905733212634922e-48,6.988038889328912e-41,2.667971624557094e-12,1.8932550198327105e-12,2.6289627472186657e-13,1.7129822375754048e-11,1.9324595824077728e-32,1.7866389939613228e-31,5.748449976094815e-16,1.3861013851307089e-11,1.9591067535052207e-40,5.66685796347625e-47,7.774315111419096e-29,1.2618494499319384e-27,1.789836050346295e-31,7.318858954750207e-29,6.563674244635964e-21,1.6374912084236774e-19,2.3261749511054476e-18,1.972301146145485e-09,1.390084513509133e-08,7.542897561604971e-17,4.102800752581848e-17,1.2308587017276116e-15,5.103794834835069e-16,1.5034214286987148e-22,4.20466461420486e-20,6.765538348077648e-18,0.00018232713420357594,0.5000000192678954,3.220757481875058e-09,0.24999997345359248,7.887260407857327e-10,7.774855969214583e-09,2.5877952887167938e-21,3.3076712449590413e-20,2.326747728204176e-16,3.1476814144550264e-24,1.1104004616818267e-26,5.417177234724784e-22,6.343219655586325e-27,5.5716531900792546e-30,5.485073841627286e-15,1.8713205663354984e-12,1.4038281666112673e-18,2.472210104563327e-14,0.0,1.1821620588744413e-30,5.6403842700568715e-39,1.040532500862562e-09,4.664432972854491e-13,5.98729019376744e-20,2.0622167664259496e-38,8.537875279544466e-11,1.016661899675317e-08,1.509791571718783e-17,3.896343666916308e-16,1.2195506845113557e-16,1.1551730128119879e-17,1.1886247861828818e-14,8.977205462673899e-27,3.6010753068296793e-36,2.447888766737965e-23,1.4721659147321858e-18,0.10000000093462881,5.451245668318973e-10,1.0362727190091392e-11,1.6399241827775592e-18,3.835770241225412e-33,2.664849713064517e-21,1.7191513862397118e-17,1.1231233755874215e-24,1.2153506459465598e-16,1.3033646376629653e-38,1.4184895561756469e-15,4.305283056887001e-15,2.642978906816003e-32,1.201470597014857e-24,1.454396744281304e-23,2.254382140017938e-06,1.617859982061874e-09,6.179999838008975e-05,1.0361417656020013e-12,8.099733349003093e-19,3.0795247271237334e-17,1.713725019184373e-17,1.3465993957120415e-35,3.0112783048103517e-15,4.202183537057029e-13,1.9456924046368454e-16,1.5122549296089285e-13,9.305919254121392e-44,9.571070197263727e-20,7.94498134713564e-15,4.349890003337938e-19,6.4669664119228076e-18,4.047794823184898e-16,4.786685771352323e-28,1.0947114095070252e-20,2.490965592257807e-18,0.0003339999833464091,8.172985026537363e-12,3.326488535039056e-17,1.8337788602752223e-15,4.123681073841977e-34,6.925329240241226e-26,5.251386911114954e-23,2.715422552697349e-28,1.8036988881133964e-24,9.555332135308714e-31,8.874068008796746e-13,5.2317769492483255e-12,2.185642818702261e-11,3.509978113104918e-06,3.4625236014222696e-26,3.818010762770557e-24,4.699934657053666e-11,1.7799529859376902e-06,3.0334562937648905e-26,3.7073649799761065e-18,3.0724910638368323e-34,1.1846739616118766e-25,0.0,0.0,2.2648162204563903e-16,1.0473080160877424e-14,1.0265157940435483e-23,4.0036012540234695e-15,2.74122788241216e-33,2.3048745957886836e-22,2.7416130148081416e-33,1.0176444820504842e-41,8.839243599142894e-32,8.997301244302202e-20,6.534212798208886e-18,2.2426697018618157e-18,9.20920640887906e-27,2.0222065946575352e-22,1.131718567392592e-25,1.0437655243853236e-19,8.669083664298365e-18,1.3469096019605056e-29,2.9401338602129677e-36
163.5121402261457,2.815413536062502e-09,0.00017699723458761656,6.456447509695518e-18,4.846607301261577e-16,9.996758255107086e-19,1.945281160711514e-16,4.431922109907421e-22,5.924295074583527e-17,1.3664220013417198e-42,1.1682271549188823e-32,1.3914408910537767e-41,2.4171800837759806e-23,5.04717211338014e-21,6.271496148323602e-34,4.921983483026312e-22,1.342818462259768e-22,2.072639940714088e-52,5.298939006497429e-37,2.055263957249492e-35,3.3925421078544644e-40,1.4846799978578284e-46,3.2149622382819346e-39,5.665482092785132e-12,1.987814241106214e-12,6.220389971631376e-13,1.8990926604603434e-11,2.2683726716109873e-31,3.0696294120638738e-30,1.4432987263362391e-15,2.2701906379929702e-11,8.207099256246277e-39,1.9734627079447786e-45,7.67334399273362e-28,8.294558839065523e-27,3.0779078998385975e-30,8.266832799977081e-28,2.360887851019927e-20,5.702677006591618e-19,5.513853020102776e-18,3.801455895815578e-09,9.339765287694409e-09,1.8781532153438775e-16,4.9642250535518206e-17,3.1244491567615598e-15,6.469605860219524e-16,7.903250073310694e-22,2.2823436831719396e-19,1.98198377361017e-17,0.00018232752490577705,0.5000000265113507,4.780194862268657e-09,0.24999996481575149,8.191800915563889e-10,1.1474232914985496e-08,9.550367964022132e-21,1.2333439410244766e-19,5.569533217730905e-16,1.105795208897995e-23,6.031252415202653e-26,1.954213492000326e-21,3.2798797751332095e-26,9.637690490291192e-29,2.5592819435987192e-14,3.738339097104838e-12,2.7215767913864954e-18,3.1939787239963474e-14,0.0,4.594433216993634e-30,5.408385934491499e-38,1.6853859823653287e-09,1.4166178812100488e-12,1.1077841806755038e-19,6.810661653238505e-37,2.008078074072392e-10,9.083738094097293e-09,4.19307311076145e-17,5.808971698985122e-16,2.78810369767171e-16,4.053270789890684e-17,2.1988334384628796e-14,3.550916360052627e-26,3.100899402873146e-35,1.2872237195982292e-22,5.3644815382875066e-18,0.10000000068977867,7.882885411046654e-10,1.2048891989239362e-11,4.585751808054394e-18,3.312197769582164e-32,2.0245205090066585e-20,5.4004895104641286e-17,5.4972709432598896e-24,2.00308412006161e-16,1.247221852733958e-37,2.726131220528905e-15,7.922775736192597e-15,1.5151571146216293e-31,3.34745142494881e-24,6.423207969880621e-23,2.253660806196357e-06,2.3391938036429146e-09,6.179999763586913e-05,1.3243942083406598e-12,3.796372663231839e-18,6.100636940871312e-17,5.239363318736716e-17,1.4263643214907713e-34,1.080119345788986e-14,6.529955652612168e-13,9.950270753443838e-16,3.45569542809437e-13,2.64605699423576e-42,5.949541327183313e-19,2.7025276481814725e-14,2.1085576869269506e-18,1.6587218090814103e-17,8.935965274375828e-16,5.365212410842093e-27,3.1052925049769114e-20,4.935320639796587e-18,0.00033399997673371206,9.003311098277692e-12,6.221430595226535e-17,4.1455522014638774e-15,2.6607930026343808e-33,2.036505059525777e-25,2.685543493031941e-22,2.115052909337445e-27,9.591677984689309e-24,6.550553237795264e-30,1.4326336456671328e-12,7.613823009585999e-12,3.160569307589009e-11,3.5099683516669672e-06,1.4176180539472637e-25,1.0722027757751935e-23,6.793441316501474e-11,1.7799320490082717e-06,1.4398812207807243e-25,1.1330348594610098e-17,5.3216550707054554e-33,1.3454733898902485e-24,0.0,0.0,4.507573465929958e-16,1.0723732023398451e-14,2.423051169497819e-23,5.3775023508342266e-15,9.502276204623264e-33,3.546822389911234e-22,9.50426709025048e-33,7.501306174610018e-41,2.0262889700402862e-31,2.6801072882203805e-19,1.0389581360965568e-17,4.581969659216069e-18,3.760651946593785e-26,4.689535650526973e-22,3.159103281460904e-25,2.960926529774566e-19,1.775059397234961e-17,5.594229964207001e-29,1.698179639217301e-35
236.45231729355083,4.02818326339295e-09,0.00017699600219354427,3.4577192933125306e-17,1.275973019110347e-15,7.311536545193478e-18,6.389002491670039e-16,3.4771963095503706e-21,2.8837299198090373e-16,2.1241042944749923e-41,1.218637709137237e-31,1.1900155150748665e-40,2.5821890397772375e-22,2.1214826796247602e-20,2.593746539047624e-33,3.5221168927023505e-21,1.431242769871846e-21,6.818380950700591e-51,1.302446271280701e-35,4.413285707853532e-34,2.1128827974289734e-38,1.3653961033115906e-44,1.3541730764899855e-37,1.1663473079212641e-11,2.0213997538671438e-12,1.3485992640593622e-12,2.0003277563201575e-11,2.4745789106741043e-30,4.469309111752216e-29,3.416244761608672e-15,3.452666583737978e-11,3.0356865214125984e-37,7.731342359402746e-44,6.867320816093916e-27,4.880827560317948e-26,4.487718648328132e-29,7.783944813282968e-27,7.919548705038291e-20,1.822281874539366e-18,1.199116250320899e-17,6.921925075453635e-09,5.255205794893984e-09,4.664670530228852e-16,5.781264240443795e-17,7.933617870372599e-15,8.464133624093647e-16,3.881433926152671e-21,1.1689582264393986e-18,5.564747659199244e-17,0.00018232752472799703,0.5000000342611766,7.0486664962236975e-09,0.24999995626767135,8.286975175822468e-10,1.4714251335162266e-08,3.323095245317919e-20,4.36001426282552e-19,1.2276743167445723e-15,3.624128669658568e-23,3.1022434133878177e-25,6.5801452942418825e-21,1.5742145863967645e-25,1.549304302993608e-27,1.0738881238997631e-13,6.5332115659927825e-12,5.129451553079896e-18,3.960476183898757e-14,0.0,1.699487829717678e-29,5.641547626421749e-37,2.6157789953585836e-09,3.788353184452125e-12,1.9499808834626538e-19,1.8695267058539497e-35,4.294258072524276e-10,6.579191987237701e-09,1.1310650710198685e-16,7.78007168901644e-16,5.778369902429259e-16,1.311054738107009e-16,3.927185620397746e-14,1.4498830694084047e-25,2.7820644636798557e-34,6.313545243409898e-22,1.824077203498644e-17,0.10000000033741213,1.1399159680503371e-09,1.2788016444694482e-11,1.1155653131587741e-17,2.95674482709862e-31,1.4433231619126475e-19,1.519902314359506e-16,2.4705682026286173e-23,3.323161902448631e-16,1.1210553778395913e-36,5.0716602545025025e-15,1.3840142178838482e-14,8.33675194845028e-31,9.023028392929855e-24,2.512282812035851e-22,2.2526180972462318e-06,3.3819027537686805e-09,6.179999659019677e-05,1.6203307920294594e-12,1.6140885575518844e-17,1.0619719372947971e-16,1.4267125402898643e-16,1.3266857746518354e-33,3.6485267910932414e-14,9.36618040743923e-13,4.7358125691340306e-15,7.226114647475171e-13,6.699306572707188e-41,3.5182727211790144e-18,8.447482205932591e-14,9.280852243033944e-18,4.7896709087618225e-17,1.7899988685344953e-15,5.677345589112144e-26,8.591034255261878e-20,9.581280865580074e-18,0.00033399996719417395,9.609397984066674e-12,1.2722945096923548e-16,8.600614690402706e-15,1.7118659097224405e-32,6.304681622704443e-25,1.265843521087174e-21,1.550044628782797e-26,4.7647755078540166e-23,4.0687690409491755e-29,2.581254835360416e-12,1.0116965972028352e-11,4.5703206157417457e-11,3.5099542381495077e-06,5.650871138964758e-25,2.923193078994634e-23,9.817466282705554e-11,1.7799018065996202e-06,9.042078945186763e-25,3.3723797336215974e-17,8.868223035830718e-32,1.4361008766493147e-23,0.0,0.0,8.795647122237099e-16,1.0782706945140105e-14,5.435486311150525e-23,7.0146373876338965e-15,3.10684829666077e-32,5.171187441325945e-22,3.107823686263779e-32,5.008642966211321e-40,4.351920926583894e-31,7.868965922956424e-19,1.691629042599541e-17,9.213771698875779e-18,1.497026340688812e-25,1.0259312355398398e-21,8.528469789954838e-25,8.192230519804717e-19,3.689170014808999e-17,2.276754848310687e-28,9.486967775794092e-35
341.9299525782251,5.78271582036606e-09,0.00017699422086588608,1.728595016301523e-16,3.092858135018548e-15,4.8876676832018944e-17,1.8711699224057615e-15,2.5677185344886813e-20,1.2622463420865304e-15,2.967407900201706e-40,1.1298432677737986e-30,8.99026968758467e-40,2.5282173359385807e-21,8.127504777654672e-20,1.0218308395735131e-32,2.27788079079952e-20,1.398319569768731e-20,2.0420362060684926e-49,2.6756645283938483e-34,8.569992785765701e-33,1.1675310462843143e-36,1.123454792662954e-42,5.021491585635852e-36,2.288264577431807e-11,2.0288114332546297e-12,2.6244431566170425e-12,2.036170608851798e-11,2.4462062628151961e-29,5.315634486156275e-28,7.560256415400558e-15,4.840405006775389e-11,9.52137380547666e-36,2.6813610945674372e-42,5.429250461351763e-26,2.4961573035942214e-25,5.349585257390941e-28,5.87621321085897e-26,2.4369575731086715e-19,5.211225120689763e-18,2.3461293859420022e-17,1.161571350339828e-08,2.2878948961746048e-09,1.1585990284842382e-15,7.310176606505593e-17,2.0060801630657876e-14,1.275730663710047e-15,1.745289379797947e-20,5.54867487914593e-18,1.4628599854019614e-16,0.0001823272326262419,0.500000040267686,1.0333501840825206e-08,0.24999995002026673,8.303104546448148e-10,1.5647109317229922e-08,1.0761266729056791e-19,1.4471332870634245e-18,2.4447747904936995e-15,1.0926606794940605e-22,1.4909518458658756e-24,2.0338521012932512e-20,6.856616508713921e-25,2.2364301786603768e-26,3.962563772572753e-13,9.887818981512908e-12,9.330233160957946e-18,4.6710868355554755e-14,0.0,5.872726432851573e-29,5.663694943096386e-36,3.918547887751347e-09,8.703238892030509e-12,3.2101665372444734e-19,4.101279138223406e-34,8.139895212779548e-10,3.5352927619192534e-09,2.919875778810517e-16,9.37519600312086e-16,1.0680123995545487e-15,3.8169699020066705e-16,6.747373175164995e-14,6.296406509555133e-25,2.6610057591723563e-33,2.830534214799994e-21,5.665065187422783e-17,0.09999999982877562,1.6483817838864572e-09,1.295870711490133e-11,2.3213360371335275e-17,2.6515763292492713e-30,9.498239032986704e-19,3.762284872098889e-16,9.970665441695418e-23,6.564659797594581e-16,9.40536338779557e-36,9.046822388189827e-15,2.254559602478275e-14,4.335126701852516e-30,2.3266355046409275e-23,8.538144766844477e-22,2.2511110895528997e-06,4.888910447099955e-09,6.17999951558556e-05,1.8817107758893517e-12,6.110592812712735e-17,1.5985495669380175e-16,3.385939885550157e-16,1.0663890835246321e-32,1.1467743137441402e-13,1.226992855337039e-12,2.0592589696632682e-14,1.3544515623222604e-12,1.4703209033291842e-39,1.9243577889478488e-17,2.372256515169754e-13,3.601907136027063e-17,1.5098528269445005e-16,3.2199349837426414e-15,5.586108808806007e-25,2.300095861170183e-19,1.815687528989185e-17,0.00033399995300001205,1.0165227951038422e-11,2.9708701340819545e-16,1.6274035326611613e-14,1.1188920993701528e-31,2.1735991144867568e-24,5.352160087631182e-21,1.0497173861132169e-25,2.160605098300883e-22,2.2434157000805683e-28,5.2851413187208415e-12,1.2432986236074095e-11,6.608756784212172e-11,3.509933833810128e-06,2.1728140888428294e-24,7.661016871495454e-23,1.4183424397041538e-10,1.7798581443418971e-06,8.213361766758164e-24,9.604094450754004e-17,1.3996026671037258e-30,1.4043723407930906e-22,0.0,0.0,1.6718045061651762e-15,1.0789899837112409e-14,1.1602623800124535e-22,8.805377011834182e-15,9.535256798718635e-32,7.163565836424507e-22,9.539762186041074e-32,2.990713511512385e-39,8.713742660126274e-31,2.2858846788171416e-18,3.016485153323739e-17,1.8555289466935157e-17,5.756993302877362e-25,2.1162030725412995e-21,2.1991616820265737e-24,2.193551145842345e-18,7.999657340887247e-17,9.021682213811123e-28,5.081006723296214e-34
494.45949106516065,8.321815849885485e-09,0.00017699164657724502,7.897971572015245e-16,6.73184499825907e-15,2.900047186279754e-16,4.738927650640942e-15,1.7504237490146564e-19,4.802915752169062e-15,3.612831778128427e-39,9.022245820289795e-30,5.933804670883471e-39,2.1995832551554202e-20,2.8375535591296556e-19,4.4647968688533716e-32,1.284888248089245e-19,1.2136056053109264e-19,5.399527843273503e-48,4.379217366711063e-33,1.4540900393654931e-31,5.508104962008439e-35,7.972060602259969e-41,1.5649716678126787e-34,4.198810048374294e-11,2.0312012986235234e-12,4.496930599406853e-12,2.043181169722448e-11,2.1377414745564663e-28,5.002818044177479e-27,1.5572569404303118e-14,6.243029950808164e-11,2.4215685165242392e-34,7.259945766958362e-41,3.690391178395999e-25,1.0771684589372727e-24,5.053148450418831e-27,3.442661625401929e-25,6.774791905955388e-19,1.2973110577145727e-17,4.0573749457315185e-17,1.753722067228887e-08,6.873546491993879e-10,2.870258592245238e-15,1.1695493543760304e-16,5.0187779312426015e-14,2.3500845151622924e-15,7.027360099415104e-20,2.3901111620630184e-17,3.501940825014329e-16,0.00018232759767564252,0.5000000410352581,1.5083592722585328e-08,0.24999994796866437,8.30430846924014e-10,1.309181533514684e-08,3.2043195353211364e-19,4.478341143401015e-18,4.318040399585708e-15,2.9929517833746104e-22,6.6075566467785615e-24,5.679275307572654e-20,2.644385362621845e-24,2.8361332494883245e-25,1.2663796257907846e-12,1.3223909695322924e-11,1.6275465435763845e-17,5.2134888424353983e-14,0.0,1.852017365132093e-28,5.041821046384887e-35,5.7022615562772605e-09,1.696811149673962e-11,4.8476227786900965e-19,6.994055045224159e-33,1.33766406291343e-09,1.2459452804515026e-09,7.107243651788828e-16,1.0620953195479301e-15,1.7582384383956356e-15,9.738710139079065e-16,1.1139289601296078e-13,2.842442712473766e-24,2.6435220405775387e-32,1.1343474325740794e-20,1.5663246654027458e-16,0.09999999909351039,2.3836305081519408e-09,1.2975214536896395e-11,4.1285707661707664e-17,2.2291314683462732e-29,5.6614833413213506e-18,8.108764596022041e-16,3.51948527224551e-22,1.6522730872452945e-15,7.317966914948171e-35,1.5324098002352868e-14,3.35723955077101e-14,2.0894148526590742e-29,5.664114184899816e-23,2.514064975598545e-21,2.248933580089771e-06,7.066419910227792e-09,6.179999323717099e-05,2.067886619049575e-12,2.0282980433078794e-16,2.0738558523392675e-16,6.876032492402781e-16,7.35539751154459e-32,3.3099319271430915e-13,1.4605015494810483e-12,8.006423835646845e-14,2.2254164872953253e-12,2.7224486568540865e-38,9.408309703823121e-17,5.824525992792407e-13,1.1886987760295887e-16,4.882832012257978e-16,5.20635305922905e-15,5.0222199367999214e-24,5.909063600108311e-19,3.3592095079069895e-17,0.00033399993106070463,1.0868001166230741e-11,8.055879962007134e-16,2.8204509352598997e-14,7.515495533810909e-31,8.715760783203475e-24,1.9647292786912244e-20,6.439150221493003e-25,8.68805054290943e-22,1.0777093932717352e-27,1.1767049481495142e-11,1.4610131611140708e-11,9.556058026307102e-11,3.5099043376144043e-06,7.97015310279711e-24,1.9081419630446109e-22,2.0482253303147353e-10,1.7797951526995333e-06,9.06950067177085e-23,2.56162222527749e-16,2.0539795803766574e-29,1.2195813001868835e-21,0.0,0.0,3.072889806015179e-15,1.0791896676982784e-14,2.3599002502267524e-22,1.0537400123532203e-14,2.733527262236251e-31,9.426062813086216e-22,2.7354805788943705e-31,1.5816218362022614e-38,1.6149048070342516e-30,6.716968864187571e-18,6.304206553798387e-17,3.931968669648314e-17,2.11686318611341e-24,4.116224313502596e-21,5.3340108013258746e-24,5.636173925521601e-18,1.8656259711109637e-16,3.456706207419896e-27,2.5879595606177505e-33
715.0300418577249,1.1998109955514923e-08,0.0001769879273859491,3.2258937371040543e-15,1.2868264189722733e-14,1.4811220687057176e-15,1.0110663309586827e-14,1.0797938063192747e-18,1.533880170614561e-14,3.722389327290166e-38,6.027244397069572e-29,3.4087859146110636e-38,1.6418289085295325e-19,8.983174482145067e-19,2.30160521962214e-31,6.070312514194735e-19,9.029552211380495e-19,1.2239844154977149e-46,5.443896763576135e-32,2.0941845854259498e-30,2.1306373402321477e-33,4.69140009852105e-39,3.9196513364394774e-33,7.062796825463564e-11,2.0341471082206265e-12,6.6849443096265576e-12,2.0439122411289804e-11,1.6153916116968281e-27,3.649088172841539e-26,2.983719867514682e-14,7.426804976189851e-11,4.7752708198442757e-33,1.4422919491717214e-39,2.1103313544663877e-24,3.842716482797151e-24,3.7077585056481e-26,1.5364919882586251e-24,1.681799131809531e-18,2.731934344882317e-17,6.122510300199371e-17,2.347252848556781e-08,1.2077848719261718e-10,7.015470193178088e-15,2.351406130515096e-16,1.2342580412181742e-13,4.9233689238130684e-15,2.4761583305740407e-19,9.123764619511001e-17,7.405102351893418e-16,0.00018233074868054564,0.5000000324841432,2.1950645024184966e-08,0.24999995031339167,8.304368416086654e-10,8.176840456309906e-09,8.679973992022008e-19,1.288292075874277e-17,6.6568683169448245e-15,7.398474450622142e-22,2.668694262293549e-23,1.4138410683007177e-19,8.814160553551745e-24,3.0863253506251192e-24,3.5037093944491276e-12,1.650807573091746e-11,2.7144451582556454e-17,5.527302670321692e-14,0.0,5.189684408643576e-28,3.8309429977310772e-34,8.08301319939831e-09,2.839967308844539e-11,6.596622157825358e-19,9.261322217267754e-32,1.886851058452379e-09,2.4300151247730553e-10,1.623871607323829e-15,1.2616653659279155e-15,2.667466737120835e-15,2.1158202943841482e-15,1.7755353611650358e-13,1.239271129309285e-23,2.5484447901170605e-31,3.97049601453024e-20,3.741831443563007e-16,0.09999999803035257,3.4467874958607997e-09,1.2976053776741657e-11,6.463488201727188e-17,1.6365236143380271e-28,2.993185050169927e-17,1.521800775874544e-15,1.056226581772239e-21,4.490747565125141e-15,5.233260073690392e-34,2.445563265974456e-14,4.4904320556129635e-14,9.125474130671431e-29,1.2843316313223817e-22,6.559427116004651e-21,2.2457883778853987e-06,1.0211622114600793e-08,6.179999071292677e-05,2.1655362208069176e-12,5.846812432542389e-16,2.362583038933006e-16,1.1810587864072706e-15,4.386944538568514e-31,8.654106408139737e-13,1.5943990392692472e-12,2.718557650904428e-13,3.1485642794949585e-12,4.145438555929119e-37,3.9571923300971906e-16,1.2128856072452513e-12,3.1981220767561647e-16,1.5373061948450133e-15,7.67959468322579e-15,4.0461456304000116e-23,1.445143803561169e-18,6.118807439212551e-17,0.00033399989572678975,1.1868679011294941e-11,2.4265624676708772e-15,4.541118549037556e-14,5.004574280128903e-30,3.95534028714812e-23,6.026368731175916e-20,3.5045566857955275e-24,2.9889187165177113e-21,4.4368475802982746e-27,2.650317926489673e-11,1.7063521317395344e-11,1.3817018098653727e-10,3.5098617034066636e-06,2.7558157126495627e-23,4.464124222617956e-22,2.956015728533403e-10,1.7797043693743745e-06,9.831444657192454e-22,6.240896326838544e-16,2.7489820391898734e-28,9.077206426507479e-21,0.0,0.0,5.425196245014381e-15,1.0795714787938181e-14,4.571365536320206e-22,1.1941817418639499e-14,7.267929677501635e-31,1.1735093118082407e-21,7.275836441488751e-31,7.342329818272909e-38,2.7375676676395375e-30,2.0959336051543793e-17,1.5125906391367563e-16,9.371544156013522e-17,7.365464015741841e-24,7.549415928895062e-21,1.1964606305983331e-23,1.3787002839075197e-17,4.690077933664259e-16,1.2728102174814646e-26,1.2476014644972087e-32
1033.9936233354333,1.7322915309696608e-08,0.00017698255628709333,1.1528336489572566e-14,2.1235297737281952e-14,6.33205575409911e-15,1.789876459666325e-14,5.915183754817958e-18,3.981945075512065e-14,3.1633051787836365e-37,3.288958134644264e-28,1.7090153368613045e-37,1.014066731880652e-18,2.5250967095347175e-18,1.2289554257836612e-30,2.301426022149509e-18,5.550391127950075e-18,2.317694718967386e-45,4.927330157512903e-31,2.5358030852326916e-29,6.500532272695887e-32,2.2046411885714795e-37,7.669352489096138e-32,1.0671432496907145e-10,2.038027040872469e-12,8.587325344520108e-12,2.0441108166086854e-11,1.0363248786358757e-26,2.0562178111938208e-25,5.332858619857458e-14,8.212887147963726e-11,7.018006182029699e-32,2.0405917143396123e-38,1.010381126113946e-23,1.1414406117323072e-23,2.1095930421800616e-25,5.250521987947861e-24,3.707449836112943e-18,4.74282107944589e-17,8.033971674269458e-17,2.79445529265957e-08,9.784699344350005e-12,1.6650540195343387e-14,5.077131765176538e-16,2.9770110890145335e-13,1.054342521185734e-14,7.471219233876929e-19,3.0109382056847425e-16,1.3424634564387017e-15,0.00018233939280375624,0.5000000106274368,3.187669528640094e-08,0.2499999560588063,8.304415052217041e-10,3.615413314125676e-09,2.119203645208228e-18,3.4497500601477037e-17,8.875797293159005e-15,1.6605483620556594e-21,9.735734850942344e-23,3.1133766843513804e-19,2.4891877889729035e-23,2.8017049310764213e-23,8.541087942365553e-12,2.0337232066493814e-11,4.3389789140548945e-17,5.649837850518842e-14,0.0,1.2601261024797331e-27,2.471523696818437e-33,1.1149176920959977e-08,4.2320893322406866e-11,8.024930542885653e-19,9.982560783855678e-31,2.3094916385871978e-09,2.0757421347099818e-11,3.556394602427267e-15,1.7859116878411184e-15,4.099231275605178e-15,3.805360914576088e-15,2.7801678203040444e-13,4.94244117632083e-23,2.2502803358904937e-30,1.187662877702844e-19,7.481208150180153e-16,0.09999999649309342,4.984046066089215e-09,1.297660797797146e-11,9.677870253287498e-17,1.0056478796405171e-27,1.3751191398637149e-16,2.5014853680221845e-15,2.635600265012259e-21,1.1394137658703424e-14,3.4009557133309416e-33,3.662511873601166e-14,5.363650740623106e-14,3.5307853507870847e-28,2.6824287039362027e-22,1.578921426137979e-20,2.241247800251985e-06,1.475219974801346e-08,6.179998736717958e-05,2.1987661190064946e-12,1.4626434420207944e-15,2.4697196814754144e-16,1.715390080772352e-15,2.3524176635854434e-30,2.026622154426763e-12,1.6425229169470537e-12,7.888756022227167e-13,3.837410463508644e-12,5.0846520221178165e-36,1.380175132335815e-15,2.0850796852091617e-12,6.733124012676757e-16,4.588598129258212e-15,1.0592659873173473e-14,2.863160638276197e-22,3.344983856110241e-18,1.11631794906227e-16,0.0003339998368549995,1.331425683161721e-11,7.554293695841793e-15,6.91141275726027e-14,3.0544590257520453e-29,1.8545898908400138e-22,1.4795642090480604e-19,1.659564728070996e-23,8.429071877172035e-21,1.5456631117597123e-26,5.760353641983644e-11,2.0244509194336363e-11,1.997617227053552e-10,3.5098000877118624e-06,8.883914158007477e-23,9.711875190312067e-22,4.2623477934214634e-10,1.779573730377746e-06,9.31763986512489e-21,1.3492191713522484e-15,3.292973855522208e-27,5.580685996669109e-20,0.0,0.0,9.16245989248567e-15,1.0803515552332253e-14,8.415714714654932e-22,1.2826894403116764e-14,1.774402170690406e-30,1.3759251111346912e-21,1.7773685099778257e-30,2.965633749572e-37,4.177092349248505e-30,7.278950516091893e-17,3.757863209185157e-16,2.52164997820218e-16,2.4045575301516388e-23,1.3071280078915678e-20,2.4456290290983358e-23,3.1922758417516026e-17,1.2221796701390933e-15,4.487375250335434e-26,5.698522187612634e-32
1495.2418087505669,2.5033455985080662e-08,0.00017697480412217742,3.535023588295165e-14,2.9981811899959674e-14,2.218565024496741e-14,2.6282171195914205e-14,2.8302124268117154e-17,8.193573539048282e-14,2.1760370127858953e-36,1.446432491193023e-27,7.545578803562038e-37,5.011600477525395e-18,6.066911626851964e-18,6.1706211366872626e-30,6.7119376218195856e-18,2.7221022631969714e-17,3.5933931829285762e-44,3.1445456952894595e-30,2.6402963352510548e-28,1.5111183689978143e-30,7.99848149433051e-36,1.1765738017629794e-30,1.4261077956307635e-10,2.0421519582087627e-12,9.707268761038315e-12,2.0442524524219867e-11,5.579028310888453e-26,9.13425774283052e-25,8.95229560182303e-14,8.585806788738825e-11,7.462297115812732e-31,2.0528596233865172e-37,4.175012910283689e-23,3.00602072808462e-23,9.517613219612832e-25,1.4263936003328796e-23,7.285981966490293e-18,6.708679141588348e-17,9.298357550875582e-17,3.031639381683034e-08,2.7615066323950883e-13,3.78605143080373e-14,1.043614616031819e-15,7.094050754975804e-13,2.191717564363747e-14,1.9009699938120543e-18,8.415018491346038e-16,2.0422037236771777e-15,0.0001823556678979521,0.4999999720049412,4.6221654588706875e-08,0.2499999649348156,8.304481642560251e-10,1.0475931606647485e-09,4.632672300848364e-18,8.648560154269947e-17,1.032703856151131e-14,3.47101868490715e-21,3.197524789664743e-22,6.077210093558897e-19,5.907596155944091e-23,2.05893678363745e-22,1.8888959802273754e-11,2.5240560999680084e-11,6.697959201889496e-17,5.67715267241823e-14,0.0,2.61654012103936e-27,1.3775709235025128e-32,1.4900058066196885e-08,5.86706057216569e-11,8.836476051364883e-19,9.640378545322035e-30,2.535164022483952e-09,5.728493577510193e-13,7.899356008987188e-15,3.0091192316852676e-15,7.163391255834674e-15,5.565738626752887e-15,4.424751779670966e-13,1.82183568903461e-22,1.781884357900846e-29,2.990407236988558e-19,1.2210727695726818e-15,0.09999999427041342,7.2067253131968616e-09,1.2977404127808451e-11,1.5752354384701828e-16,5.1458253029174815e-27,5.407957773668735e-16,3.636623199281399e-15,5.459793641583183e-21,2.6177703183200265e-14,1.9862007812949218e-32,5.146555973150426e-14,5.820296172894682e-14,1.1908137856459478e-27,5.13479241052368e-22,3.622013841465355e-20,2.234697724448144e-06,2.1302275551854835e-08,6.179998278209841e-05,2.2049262393518153e-12,3.2093469714870294e-15,2.4906922591891524e-16,2.1402039741889867e-15,1.2365859264741058e-29,4.23117319619578e-12,1.6516762028232384e-12,1.9333552518676537e-12,4.161234992510846e-12,4.974251640067308e-35,3.896867844406692e-15,2.9308635334212373e-12,1.0855695065799741e-15,1.2920594265714419e-14,1.402417085293574e-14,1.749431500607978e-21,7.307482178760161e-18,2.0669095942550126e-16,0.00033399973645765335,1.540336888754644e-11,2.3144587903775874e-14,1.0070683934779285e-13,1.6000820434471667e-28,8.278723254106382e-22,2.793317580708478e-19,6.736252073179992e-23,1.8632836852629643e-20,4.544743165463042e-26,1.193776297076598e-10,2.4461364815919952e-11,2.8877035205519055e-10,3.509711055613941e-06,2.650571753466752e-22,1.9527822764397798e-21,6.138072785147626e-10,1.7793861494935078e-06,7.282489434855534e-20,2.508637312610553e-15,3.471561382136178e-26,2.7371124650248183e-19,0.0,0.0,1.481706393627412e-14,1.0818545528511885e-14,1.4697551362468328e-21,1.321597521579731e-14,3.934321807469923e-30,1.51916037671988e-21,3.944544560244401e-30,1.034966654593112e-36,5.649090101878671e-30,2.7628691454231445e-16,8.901671437341482e-16,7.009266367983585e-16,7.335167516997206e-23,2.147328442697025e-20,4.5303988510732426e-23,6.978022344625351e-17,3.136538348788995e-15,1.5157453776112142e-25,2.486377711826517e-31
2162.245507301719,3.6183476603208544e-08,0.0001769636248050206,9.171646328221591e-14,3.650365503842142e-14,6.303291655246066e-14,3.261549413332639e-14,1.1675909382062537e-16,1.3202573507759747e-13,1.203803103654792e-35,5.152595318583204e-27,2.9817231569836893e-36,1.9307511213762316e-17,1.1957632601086717e-17,2.9577265862726446e-29,1.4513548987761296e-17,1.0353531821653943e-16,4.51576584669569e-43,1.3905072458856623e-29,2.469657720772607e-27,2.60587600632465e-29,2.181069623036762e-34,1.4493580172258183e-29,1.6862277969757068e-10,2.0456184083858753e-12,1.0102936243646018e-11,2.0442782647727966e-11,2.524368731627303e-25,3.3395494266178195e-24,1.427572911758282e-13,8.695271777964512e-11,5.650808183595218e-30,1.5144369568409594e-36,1.604332506806157e-22,7.824461745539612e-23,3.5638340962723575e-24,3.288678301219273e-23,1.2966680216819872e-17,7.907236338125581e-17,9.84299560147219e-17,3.111634881439427e-08,2.1141818761416813e-14,8.217440042619601e-14,1.9578594673168596e-15,1.7020930152566266e-12,4.386706549028023e-14,4.082891118671554e-18,1.9782105916294712e-15,2.610330554641007e-15,0.00018238088971873705,0.49999991366387575,6.694702299576597e-08,0.2499999780518813,8.30457760039695e-10,1.722720203564377e-10,9.068033566515876e-18,2.0497355322619254e-16,1.0895044462735223e-14,6.988951332563307e-21,9.514866457161759e-22,1.0688946308452364e-18,1.1934234398357279e-22,1.1948214584875128e-21,3.9004383245203965e-11,3.145069097622397e-11,1.0077358494201694e-16,5.6795354346022324e-14,0.0,4.705109855434476e-27,6.825737936724965e-32,1.916066485065564e-08,7.805575062813225e-11,9.119853891778458e-19,8.837089412747622e-29,2.6113377368276313e-09,2.0286602912731834e-14,1.8898073398281284e-14,5.323574391420399e-15,1.4030818546622229e-14,6.719058857303331e-15,7.440466177895687e-13,6.557079332670807e-22,1.2738755806693446e-28,6.348152086842997e-19,1.6271638504064415e-15,0.09999999105691265,1.0420224879768399e-08,1.2978554289921256e-11,2.9001185540823465e-16,2.26219691542109e-26,1.8150042769882195e-15,4.78134737888583e-15,9.698022770805516e-21,5.552786601848838e-14,1.0349155117224558e-31,6.790415432972763e-14,5.967040715520462e-14,3.4982524989603786e-27,9.045816444482938e-22,7.997114077911206e-20,2.2252591286255657e-06,3.074087137443178e-08,6.179997627482439e-05,2.205415087651373e-12,6.317131951278704e-15,2.492968181467653e-16,2.3730528347996586e-15,6.893304638229803e-29,7.926656183124151e-12,1.6524090685454003e-12,4.0303798489526665e-12,4.24438632754356e-12,3.912274849184645e-34,8.935520185905089e-15,3.455189810021125e-12,1.374255850478035e-15,3.464635624801015e-14,1.8178741706133697e-14,9.145598030589031e-21,1.5059693640392105e-17,3.839042243962092e-16,0.00033399956266887365,1.8421685255166946e-11,6.857722908398888e-14,1.4136243921714573e-13,7.0792980679586715e-28,3.3826288755339346e-21,4.003478530527094e-19,2.334129593284515e-22,3.1320832249089425e-20,1.144446053113917e-25,2.374013330788628e-10,2.994195930765011e-11,4.173574377274814e-10,3.5095824436714356e-06,7.309905140575712e-22,3.62634749132563e-21,8.822824346815871e-10,1.7791176615379204e-06,4.534738796917146e-19,3.9077844685308875e-15,3.176340167686927e-25,1.041024369737728e-18,0.0,0.0,2.3097048099968413e-14,1.0845704561121553e-14,2.438472276218239e-21,1.3316769670188386e-14,7.868642676624699e-30,1.5951664758028957e-21,7.900758646804351e-30,3.1194529581769866e-36,6.748184606632014e-30,1.0599121589399422e-15,1.9612008777677436e-15,1.8374414021204422e-15,2.0940416637360445e-22,3.379892920726434e-20,7.687724221888875e-23,1.4396430719812777e-16,7.658731265494983e-15,4.935464435466841e-25,1.0513291822348857e-30
3126.7889959237978,5.226890065605793e-08,0.00017694752284518335,2.0131418228330408e-13,3.966216902861716e-14,1.4616851135068807e-13,3.5722936779153195e-14,4.132532928275178e-16,1.6952362654980541e-13,5.411898285705522e-35,1.5303464343336813e-26,1.0777115274142672e-35,5.748755407806798e-17,1.903290070539556e-17,1.365256302957996e-28,2.2949648923396693e-17,3.016067523676768e-16,4.618846601923435e-42,4.2855673834716256e-29,2.1066845639384447e-26,3.3007675413985606e-28,4.4116349993666665e-33,1.4142586851828875e-28,1.810530283540909e-10,2.0481916482661193e-12,1.0177151874132264e-11,2.0441580241661576e-11,9.807497775060587e-25,1.0583568962504293e-23,2.1917024933760885e-13,8.710050395624548e-11,3.0566227812395365e-29,8.709458739420151e-36,6.18672727830416e-22,2.1198895757807016e-22,1.1699811694430251e-23,6.867450048132377e-23,2.1419351392046286e-17,8.301362818736179e-17,9.976176346773689e-17,3.1262107159843584e-08,2.027446941610754e-14,1.7168629837720443e-13,3.3653290703745768e-15,4.201746594629978e-12,8.499503445525736e-14,7.600262846290515e-18,3.974939600578669e-15,2.90949315205506e-15,0.00018241660968821836,0.49999983168227075,9.687879521779055e-08,0.2499999974978805,8.304716423545279e-10,1.2699742437488907e-11,1.6070187037980295e-17,4.645197660451285e-16,1.100170416506323e-14,1.3795301736754328e-20,2.611489311714157e-21,1.741052574675239e-18,2.1262396808945383e-22,5.414016206013361e-21,7.675937305367715e-11,3.907072609466638e-11,1.4883421495709104e-16,5.678923932533534e-14,0.0,7.642366279217828e-27,3.095218424857217e-31,2.351049161699355e-08,1.0106506800455693e-10,9.170959338351312e-19,7.374956323240036e-28,2.625154089364375e-09,1.873388518498176e-14,4.8337846506320415e-14,9.044696429665285e-15,2.7091264998968638e-14,7.149724031153643e-15,1.3370472472422092e-12,2.3929146795265118e-21,8.368682709403391e-28,1.1667928630203312e-18,1.8462844533664324e-15,0.09999998641134553,1.5065790336571827e-08,1.298021721025713e-11,5.433116727372719e-16,9.011085824759854e-26,5.263343760813822e-15,5.901302373414628e-15,1.564385615523211e-20,1.1130182642318943e-13,4.814860006333118e-31,8.401955321675053e-14,6.002718703011989e-14,9.134478699547416e-27,1.485740512799827e-21,1.6924900960672607e-19,2.2116796974762065e-06,4.432030252378784e-08,6.17999668804391e-05,2.2054276617581835e-12,1.1513412691603662e-14,2.4939798673043403e-16,2.4524258817326938e-15,3.947949648581766e-28,1.3578002630524052e-11,1.6524318086533392e-12,7.356996449211268e-12,4.2537402449156695e-12,2.5452579068772745e-33,1.7255071747225153e-14,3.640486447586587e-12,1.4830472946333532e-15,8.992511261508155e-14,2.3311614855208412e-14,4.100257479021533e-20,2.927256568635018e-17,6.914348131647373e-16,0.0003339992594836871,2.278076902560075e-11,1.964210704009958e-13,1.9173746115730156e-13,2.7231460336818606e-27,1.2517062307984187e-20,4.605853365099258e-19,6.995882798767822e-22,4.065707885845434e-20,2.536810174486208e-25,4.572495557249032e-10,3.690628589828793e-11,6.030344373342176e-10,3.509396737307273e-06,1.874056589892337e-21,6.251351527101307e-21,1.2647851202267256e-09,1.7787351382651806e-06,2.210108227763402e-18,5.075846710314254e-15,2.5012369991677526e-24,3.0322512485044083e-18,0.0,0.0,3.503768986625392e-14,1.0891251502153043e-14,3.868647178311411e-21,1.3325086368816222e-14,1.4258843852263892e-29,1.6251476192618903e-21,1.4350671319579883e-29,8.226262526119191e-36,7.28622092984969e-30,3.847014084327674e-15,4.052459316159709e-15,4.3799407575021435e-15,5.626371568196537e-22,5.1578978226913225e-20,1.2251453089107826e-22,2.803978872177346e-16,1.7534630098249693e-14,1.5671269118756048e-24,4.386600459939337e-30
4521.600064384307,7.540829199256446e-08,0.0001769243710664946,3.8237123805736946e-13,4.0536971674023905e-14,2.85298677131417e-13,3.66373612889494e-14,1.2661011972465962e-15,1.8528308242969577e-13,2.0310550906849937e-34,3.9726550099204215e-26,3.6415982585787483e-35,1.356744167074189e-16,2.562065227503617e-17,5.846812314790691e-28,2.780283578519601e-17,6.861720682805645e-16,3.920365007729686e-41,9.643933895197208e-29,1.59111180427082e-25,3.1297850892383263e-27,6.68846936192966e-32,1.036455380565062e-27,1.844955148144588e-10,2.050538363942669e-12,1.0184000358604769e-11,2.0439047502424142e-11,3.402028921375388e-24,3.0274009992749415e-23,3.2760411885048133e-13,8.707677997369522e-11,1.2172998010299067e-28,4.2108801849640744e-35,2.416423225871953e-21,5.704868769080796e-22,3.519618363061608e-23,1.3502558890998172e-22,3.367666165873102e-17,8.361448919765138e-17,9.988141236622265e-17,3.127347577905981e-08,2.0760340775891773e-14,3.5059637242750754e-13,5.4206254541348925e-15,1.0749652192354012e-11,1.6031556673671972e-13,1.2827056218842156e-17,7.083784224613755e-15,3.0091792174614585e-15,0.00018246590894449008,0.4999997189179602,1.4008179233973526e-07,0.2500000262403185,8.304917457339071e-10,3.6695529480307084e-13,2.6339093440761025e-17,1.0165835617759925e-15,1.1003609867436834e-14,2.6658259973888227e-20,6.777319511109209e-21,2.6963244594814184e-18,3.489341817634529e-22,1.9320966505815537e-20,1.45654299311552e-10,4.8223426862191145e-11,2.166527326524032e-16,5.677921351510006e-14,0.0,1.1770554226143304e-26,1.3142356197026366e-30,2.7320375186155498e-08,1.2805619133945706e-10,9.174484450703148e-19,5.422837890998412e-27,2.6261162412881136e-09,2.026401653769453e-14,1.2400777883845456e-13,1.453374701842557e-14,4.7978720254970464e-14,7.293736459248333e-15,2.4980475142931996e-12,8.742363116505412e-21,5.1396574845416375e-27,1.939271934229736e-18,1.9181016765905438e-15,0.09999997969644489,2.1780688520167947e-08,1.298262175734865e-11,9.504054019609209e-16,3.4111346848286575e-25,1.3511321839271453e-14,7.081602385961861e-15,2.4074882185184198e-20,2.1399117888488245e-13,2.0239442471388835e-30,9.73380666435185e-14,6.028060118963734e-14,2.1938082602814348e-26,2.3148564431215797e-21,3.418780607340821e-19,2.19218748761899e-06,6.381251238100633e-08,6.179995325173698e-05,2.205429776429174e-12,2.0110457193588686e-14,2.49541837260978e-16,2.4670698305291577e-15,2.141805662721929e-27,2.1818608219508108e-11,1.6524476204435876e-12,1.2245177983003965e-11,4.253639185840283e-12,1.4280420272610138e-32,2.96308107777229e-14,3.671662506943651e-12,1.5017192319055667e-15,2.292591900459702e-13,2.972466939765443e-14,1.5969848487443507e-19,5.362660099206504e-17,1.1766432492451523e-15,0.0003339987293359669,2.9072604173121994e-11,5.461800427179045e-13,2.5245479502112183e-13,9.480875975188727e-27,4.1956886318150925e-20,4.801280823347377e-19,1.8680217654309444e-21,4.4302643428200273e-20,5.074313781201275e-25,8.584137421262193e-10,4.5657075286937224e-11,8.709706158932666e-10,3.50912876342681e-06,4.515294932747501e-21,1.0110961248268335e-20,1.806098884908762e-09,1.7781937885569893e-06,8.470187911733598e-18,5.70151985109055e-15,1.6981511483959742e-23,6.897305552103913e-18,0.0,0.0,5.215661282505324e-14,1.096138381914305e-14,5.9301723428310525e-21,1.3318067867786342e-14,2.385548624771078e-29,1.6392217476290874e-21,2.4096415193775378e-29,1.9549270104880825e-35,7.457408293023369e-30,1.2896242544366213e-14,7.972162135889516e-15,9.536655549635484e-15,1.4322480716776299e-21,7.706703269521763e-20,1.8802501483423184e-22,5.156109625075659e-16,3.757973219869089e-14,4.927432594645162e-24,1.84047563842566e-29
6538.614268149506,1.0859153541539695e-07,0.0001768911657904927,6.551320817580171e-13,4.0643272280692035e-14,4.926983940417854e-13,3.683372243361333e-14,3.4395630719897506e-15,1.8905401892566343e-13,6.591696396767905e-34,9.463589869587836e-26,1.1698583986261906e-34,2.708633141920816e-16,3.227272514475633e-17,2.277054548518066e-27,2.911171001052205e-17,1.292986714742184e-15,2.844439411084788e-40,1.747071663128548e-28,1.0444402892790752e-24,2.3353309394506982e-26,7.898209510770166e-31,5.691979585663509e-27,1.8494028998125915e-10,2.0534501478242605e-12,1.018327559865047e-11,2.043520244731926e-11,1.0984104930646783e-23,7.984481522468973e-23,4.800225014730803e-13,8.7027949529299e-11,3.8028910596113725e-28,1.8277237917552677e-34,9.199486105221393e-21,1.4541104650840222e-21,9.960559852235684e-23,2.5439132726738093e-22,5.13346554075505e-17,8.369420849104681e-17,9.982712936517355e-17,3.127391729670673e-08,2.1447048566008855e-14,7.094660840686959e-13,8.368992632508312e-15,2.8168991181297104e-11,2.957521742377447e-13,2.0468861719751417e-17,1.1674863557274322e-14,3.036331701595374e-15,0.00018253420096935757,0.4999995632988756,2.023888968134352e-07,0.2500000683169127,8.305208456541454e-10,8.764539853685272e-14,4.08664345807668e-17,2.1621031754498215e-15,1.0995420482393181e-14,5.0213124011427076e-20,1.7033416434479857e-20,4.038122207517814e-18,5.452928769572839e-22,5.584138210212448e-20,2.683664750817132e-10,5.931766003873918e-11,3.113024427303701e-16,5.676509844371242e-14,0.0,1.768292704590653e-26,5.306353530187071e-30,2.9998904200381855e-08,1.5998835370815054e-10,9.174422154588338e-19,3.6387059397975855e-26,2.625951405993681e-09,2.2204852514650794e-14,3.053588539283925e-13,2.2402901149771525e-14,7.847903800397801e-14,7.464899634456591e-15,4.681501295015511e-12,3.1034961070302374e-20,2.988901322393267e-26,3.0275987331058248e-18,1.935835614009397e-15,0.09999996999236561,3.1484764290145324e-08,1.2986097845263407e-11,1.5458963231547195e-15,1.2610928487740141e-24,3.1516396424237795e-14,8.430956615512386e-15,3.6193586680890867e-20,3.9831312267170704e-13,7.872880989094165e-30,1.0597136463416314e-13,6.063798547867968e-14,5.002286399577823e-26,3.4728865980317614e-21,6.625759526302507e-19,2.1643005296235796e-06,9.169947037641934e-08,6.179993342245961e-05,2.2054347165740036e-12,3.466426484617654e-14,2.4975125078757086e-16,2.46888187435478e-15,1.0722615004098604e-26,3.3641580205330805e-11,1.6524867113644281e-12,1.9244332483806715e-11,4.253033792360467e-12,7.19484395751172e-32,4.742460636332215e-14,3.6720358635491015e-12,1.5017760714235133e-15,5.790172032267467e-13,3.799920475164404e-14,5.497885378522698e-19,9.260525782832375e-17,1.8917330399574835e-15,0.0003339978011952897,3.814668035740136e-11,1.4807519462018547e-12,3.259631826077246e-13,3.058969683997016e-26,1.2815462479993168e-19,4.968516188226498e-19,4.601691350940238e-21,4.507821257958778e-20,9.315254102576103e-25,1.5782054654207728e-09,5.679313218196379e-11,1.2572486550915915e-09,3.508742432212243e-06,1.0352627704181289e-20,1.5555691753231444e-20,2.564696676335293e-09,1.7774351218522002e-06,2.6368489661947607e-17,5.951128081606025e-15,1.0085762104990345e-22,1.299368168391146e-17,0.0,0.0,7.659352641975708e-14,1.1060344928359436e-14,8.870645046884066e-21,1.330737660517911e-14,3.7800558852893883e-29,1.653911150581235e-21,3.8390370766494573e-29,4.3479181875992483e-35,7.53421574486075e-30,4.0069947346712663e-14,1.5115222391484475e-14,1.9334424934151628e-14,3.477105143014067e-21,1.134433661346032e-19,2.8220371211422806e-22,8.968055767544666e-16,7.590981407086957e-14,1.5591400219012163e-23,7.895671841772525e-29
9455.38657529853,1.5599372142690588e-07,0.000176843710186639,1.0550817259385137e-12,4.063059919652888e-14,7.89304835369505e-13,3.695144785017888e-14,8.546597582879498e-15,1.9061468171884567e-13,1.912014477253781e-33,2.143521629328401e-25,3.609165694008261e-34,4.939257288082264e-16,4.09408552353037e-17,8.154187873426656e-27,2.9406471515469364e-17,2.168706339777691e-15,1.8200410770880875e-39,2.8427887153869974e-28,6.066426904767789e-24,1.461947292486989e-25,7.684144070592803e-30,2.5187518259710095e-26,1.8492942112762533e-10,2.0573508084494908e-12,1.018140304295041e-11,2.042960671496348e-11,3.3946534323439737e-23,1.9592493144213764e-22,6.915381747980463e-13,8.695849657630401e-11,1.0117456952496167e-27,7.420840599588634e-34,3.3297369392489936e-20,3.489507720099955e-21,2.6914707379821515e-22,4.646760661073977e-22,7.671078241190234e-17,8.375983306805425e-17,9.973974585346821e-17,3.12742376288178e-08,2.2437601523369098e-14,1.4339948064821144e-12,1.257099126434675e-14,7.431169304296419e-11,5.371922127366119e-13,3.176329826096342e-17,1.8364831348642837e-14,3.0488664164392894e-15,0.00018263007943032414,0.4999993459588736,2.921415750254855e-07,0.2500001290927552,8.305629316426279e-10,9.641286276305861e-14,6.104008569265868e-17,4.4806352785998905e-15,1.098486792338114e-14,9.232247764342215e-20,4.2215158535431704e-20,5.897973647354916e-18,8.271627986491361e-22,1.3609099038825585e-19,4.835569784614803e-10,7.344024168584268e-11,4.413013378817497e-16,5.674508895429424e-14,0.0,2.6183913884189026e-26,2.0597545489934112e-29,3.137189471285494e-08,1.9980432766633927e-10,9.174058243167153e-19,2.341361542807297e-25,2.625618741298087e-09,2.477941986776513e-14,7.167542116612795e-13,3.358528783452368e-14,1.2185586301538894e-13,7.771156872914587e-15,8.646851522447425e-12,1.0599877346953379e-19,1.6618449712932882e-25,4.538042023663783e-18,1.942905550122026e-15,0.09999995597248168,4.550464318822788e-08,1.2991120950842887e-11,2.393652448534523e-15,4.6085502868333406e-24,6.810860014338892e-14,1.009219425493445e-14,5.362641824294658e-20,7.241344595935536e-13,2.935069876255337e-29,1.0994291501214484e-13,6.113127397964263e-14,1.1052384628975187e-25,5.0616951384198684e-21,1.2534002437740675e-18,2.1245941861719746e-06,1.3140581382802644e-07,6.179990443530732e-05,2.205446007082414e-12,6.019571975674007e-14,2.500555028538869e-16,2.4700776867120042e-15,5.043235822321604e-26,5.049991633596666e-11,1.652574397678978e-12,2.9177645213058546e-11,4.2523154502595865e-12,3.3486314888873e-31,7.278191880946688e-14,3.669574375734433e-12,1.5000266817780868e-15,1.4546003462662445e-12,4.945604675422454e-14,1.6966043025011975e-18,1.5130820526798437e-16,2.9158868019666463e-15,0.0003339961657159728,5.1217863812313074e-11,3.9317643043902226e-12,4.1929835429705273e-13,9.256217137042909e-26,3.62255848149775e-19,5.254072328996439e-19,1.0781316747398543e-20,4.526479045583159e-20,1.5963817450264115e-24,2.85988133708491e-09,7.152546136254396e-11,1.8134120837512668e-09,3.5081861852171135e-06,2.2830905952250056e-20,2.3038496490384374e-20,3.6126640220418047e-09,1.7763870117455872e-06,7.009942475761768e-17,6.1261853139046e-15,5.363342657500856e-22,2.17868717447777e-17,0.0,0.0,1.1127472672399007e-13,1.1190826583690883e-14,1.3032163401218699e-20,1.329252300243758e-14,5.790489407306332e-29,1.6730046657004247e-21,5.927749384859114e-29,9.343801728855591e-35,7.619787325129274e-30,1.1702998138170614e-13,2.793991657235673e-14,3.728613159962579e-14,8.123452536610593e-21,1.6505401420057596e-19,4.1743229876762918e-22,1.4866239592849538e-15,1.4651509817845296e-13,5.0344348735849664e-23,3.5062320562351807e-28
13673.284830982668,2.2334132896499683e-07,0.00017677622869179097,1.6410922721002102e-12,4.0605440786199204e-14,1.2081216880542644e-12,3.710516764672303e-14,1.9955797067132067e-14,1.9249928712252458e-13,5.083695242452158e-33,4.712291035984189e-25,1.073627729380666e-33,8.681098422794497e-16,5.3074073291813604e-17,2.736754772840147e-26,2.968110524594627e-17,3.403668221656065e-15,1.0539817905538486e-38,4.423855365048268e-28,3.218291693577995e-23,8.121268534307961e-25,6.51021193769128e-29,9.765584510580197e-26,1.8487901974119133e-10,2.0625948241375252e-12,1.0178629669283745e-11,2.042148076884489e-11,1.0162648659229962e-22,4.498574820294669e-22,9.79651004224476e-13,8.68592482898454e-11,2.4540538497824893e-27,2.8783219870009426e-33,1.1445232791562372e-19,7.9758887831119e-21,7.018125285704996e-22,8.327304234087843e-22,1.1307283506168709e-16,8.382868932073951e-17,9.961239225353718e-17,3.12748197034837e-08,2.386557576249837e-14,2.9026272351544823e-12,1.8520133857388048e-14,1.9544286841346096e-10,9.699167540335083e-13,4.890640548375127e-17,2.8096624645530243e-14,3.0599284747795602e-15,0.00018276640150739578,0.4999990392028229,4.212102909884203e-07,0.2500002156118323,8.306237421533944e-10,1.0991205624430176e-13,8.852472131608081e-17,9.039320875055538e-15,1.0972002637406533e-14,1.6688564960261048e-19,1.0432018488014722e-19,8.42693843730274e-18,1.2304031567578866e-21,2.9205545762841868e-19,8.598383034356394e-10,9.260219396439495e-11,6.1573498272737105e-16,5.671652980489248e-14,0.0,3.838257137970104e-26,7.761729336795926e-29,3.1812073038393906e-08,2.532021164423457e-10,9.172979210914211e-19,1.4813577201616646e-24,2.625018172967231e-09,2.8345917076487524e-14,1.6166431367596924e-12,4.935222420839888e-14,1.8293923360395767e-13,8.307281884849683e-15,1.5753451303163778e-11,3.527094362401836e-19,8.910247386111546e-25,6.595573165123781e-18,1.9486261606635166e-15,0.0999999357257983,6.57513193385031e-08,1.2998375783788877e-11,3.589054486116544e-15,1.674252557764873e-23,1.3775021858200587e-13,1.230747141724245e-14,7.86407911114387e-20,1.2993774676475702e-12,1.095071220126173e-28,1.1108588061485969e-13,6.180195611623349e-14,2.3933995078152066e-25,7.189893851970054e-21,2.3648013243902267e-18,2.0684492105321836e-06,1.875507894678143e-07,6.179986171213434e-05,2.2054712298190603e-12,1.0677091988961592e-13,2.504978007401236e-16,2.4718631890681574e-15,2.2800874527102903e-25,7.43847528859426e-11,1.6527601389027055e-12,4.315450372825593e-11,4.251545972008828e-12,1.46048675414352e-30,1.0867028602240985e-13,3.666248296744724e-12,1.4976103888090624e-15,3.647252582119606e-12,6.679901473235706e-14,4.721542398707408e-18,2.36006730599787e-16,4.367124369191161e-15,0.0003339932369432012,7.001506855911114e-11,1.0288420748412059e-11,5.457359214013143e-13,2.66160343337191e-25,9.730140137539596e-19,5.769958938821693e-19,2.463568297474865e-20,4.5383467696767145e-20,2.617788125518757e-24,5.155741227375765e-09,9.19061920775592e-11,2.6127343716942224e-09,3.5073867201297326e-06,4.878931357200132e-20,3.3064104027623634e-20,5.030109986672109e-09,1.7749692510673187e-06,1.6653204245051739e-16,6.353917636093247e-15,2.6127481312986727e-21,3.417872039174798e-17,0.0,0.0,1.600830310009862e-13,1.1358094527026907e-14,1.885701984267634e-20,1.3271990322402673e-14,8.67819701098339e-29,1.6972161348946846e-21,8.986467115277135e-29,1.9792547169645306e-34,7.726978390154112e-30,3.2682279768625907e-13,5.1003902550742346e-14,6.985128062172971e-14,1.8498317646398677e-20,2.376570340461316e-19,6.110580351749771e-22,2.3908663135328173e-15,2.7516030122166527e-13,1.6795629954386836e-22,1.627094417649784e-27
19772.720721709713,3.18286994001739e-07,0.00017668094345225216,2.5027775374749222e-12,4.057302518497187e-14,1.7926706210964836e-12,3.731181267662744e-14,4.460517449829145e-14,1.949884817435331e-13,1.2635238737477228e-32,1.0171006082558861e-24,3.0756293654840848e-33,1.5129927601800637e-15,6.995322360962328e-17,8.73616088999865e-26,3.0039866532136525e-17,5.1226422560231955e-15,5.63402837373558e-38,6.73122829212483e-28,1.6018505007022106e-22,4.164521829066746e-24,5.014735353601138e-28,3.5256296257157813e-25,1.8480570716756574e-10,2.069786767357885e-12,1.017461670837004e-11,2.040982511677343e-11,2.9528213721362253e-22,9.733842355055206e-22,1.3615638793321419e-12,8.671744276879346e-11,5.6487270242752776e-27,1.0793927718135904e-32,3.766930963727015e-19,1.756588756652073e-20,1.7815672625929892e-21,1.4793419614576512e-21,1.6495417455119567e-16,8.389231136893392e-17,9.942663489119414e-17,3.127590827230829e-08,2.5921083508749987e-14,5.8806560480569784e-12,2.6863893309917012e-14,5.122658340947286e-10,1.7580532233680021e-12,7.64052917956219e-17,4.226361144118838e-14,3.0743337787079793e-15,0.00018296131585086994,0.4999986052048209,6.063687898204917e-07,0.2500003370019105,8.307115330126543e-10,1.2892677361372357e-13,1.2496755277423979e-16,1.76739041381037e-14,1.0957368754246658e-14,2.9902048363879975e-19,2.581208178493266e-19,1.177056601154436e-17,1.804406448118484e-21,5.70742011209514e-19,1.5218524261815316e-09,1.1966156787270885e-10,8.419357288448802e-16,5.667567760557387e-14,0.0,5.583066006326495e-26,2.8649164638556487e-28,3.1864509865190865e-08,3.282467433148646e-10,9.170772227248931e-19,9.252364987822562e-24,2.6239034685421016e-09,3.341129253017791e-14,3.534859502749458e-12,7.13446559954072e-14,2.6797977185070046e-13,9.22881836172755e-15,2.8542351550755308e-11,1.1666816505940301e-18,4.638465413158187e-24,9.323254700483392e-18,1.9558521950479876e-15,0.09999990650437025,9.497273681818947e-08,1.3008847021690715e-11,5.2565149806276404e-15,6.072747177964291e-23,2.61394903693592e-13,1.541703234800417e-14,1.1442719958124502e-19,2.32429298891432e-12,4.278871100212968e-28,1.1128842788738858e-13,6.273500230336664e-14,5.112534954098779e-25,9.942497760631942e-21,4.511653578167096e-18,1.9898504786145007e-06,2.661495213854937e-07,6.179979783781527e-05,2.2055272000964394e-12,1.952538131391547e-13,2.5114217779491474e-16,2.474577162400171e-15,1.0054113338142623e-24,1.0791707825680363e-10,1.6531388892097697e-12,6.258188867229424e-11,4.2509154720084755e-12,5.9859956290385154e-30,1.5897410504608858e-13,3.661911705390467e-12,1.4943465298556155e-15,9.167699616290945e-12,9.531343670192664e-14,1.1821306286672964e-17,3.5575694310541036e-16,6.403944786555822e-15,0.0003339878649342457,9.69815625539963e-11,2.6739150766284833e-11,7.24281062646987e-13,7.396427790905746e-25,2.553842329674355e-18,6.774792107571512e-19,5.627712884137024e-20,4.553442074542208e-20,4.265528725342084e-24,9.336453234961797e-09,1.2084920518464825e-10,3.758724384173983e-09,3.5062404745123495e-06,1.0143106768546778e-19,4.6034728321633264e-20,6.887895843745116e-09,1.773110734051069e-06,3.6381790729275075e-16,6.670013124523016e-15,1.1844827311012568e-20,5.1413433286031925e-17,0.0,0.0,2.279408360016461e-13,1.1571583944671807e-14,2.687680908523444e-20,1.3243954986080565e-14,1.2802867678372402e-28,1.7277168139628433e-21,1.3477888584864003e-28,4.172368670832021e-34,7.860403922286423e-30,8.877487095165102e-13,9.307955423143354e-14,1.2943487733783357e-13,4.1584513155072916e-20,3.3853451951866133e-19,8.87228514842792e-22,3.854792224539667e-15,5.116264462598598e-13,5.886746589337502e-22,7.997414816365854e-27
28593.018398390996,4.5066453388993857e-07,0.00017654769362803548,3.7743561485205e-12,4.0534872681136697e-14,2.594708046057937e-12,3.7581941638941235e-14,9.650637059090469e-14,1.981517074578983e-13,2.9887711340002445e-32,2.1713041679059233e-24,8.432549556471407e-33,2.6512833144809033e-15,9.307015447959091e-17,2.674463681507756e-25,3.049107221059684e-17,7.471880851735093e-15,2.8254339587474264e-37,1.0108092507738739e-27,7.618798350767427e-22,2.021483343958197e-23,3.617241559771524e-27,1.242486498617066e-24,1.8470149502565672e-10,2.0797503222734714e-12,1.0168896036453966e-11,2.0393328053829918e-11,8.295312903434693e-22,2.0016047452378346e-21,1.8479596896217857e-12,8.651609356018976e-11,1.2601162499776317e-26,3.944411145610221e-32,1.1972085507895954e-18,3.7558891768365536e-20,4.4269944826619904e-21,2.6184036508262312e-21,2.3850688270077873e-16,8.393230271938319e-17,9.915720103908078e-17,3.127799112819638e-08,2.887323965921072e-14,1.1898486162572613e-11,3.8407987107159377e-14,1.343397555964057e-09,3.2190355007424938e-12,1.258353219138085e-16,6.291851745879125e-14,3.0958794244372517e-15,0.00018323962267620844,0.49999799507223347,8.710812617014174e-07,0.2500005044375464,8.308381622721443e-10,1.5597265653678722e-13,1.7140073418103865e-16,3.3213456456264596e-14,1.0942629919525208e-14,5.32867558448216e-19,6.378830774012437e-19,1.6012242512209583e-17,2.6154842470619895e-21,1.0309490157155645e-18,2.692184851559893e-09,1.582794766413923e-10,1.1208687286344725e-15,5.6617372323015666e-14,0.0,8.067959210386115e-26,1.0416983953083544e-27,3.182775750150082e-08,4.3502508645328615e-10,9.166873279466671e-19,5.677999323764001e-23,2.621783384627918e-09,4.0641279602444334e-14,7.53755614845917e-12,1.0156260143269425e-13,3.8450506276439636e-13,1.0782547130995424e-14,5.173506747852412e-11,3.888789659292316e-18,2.348780032840106e-23,1.279793866234732e-17,1.9666197625709904e-15,0.09999986436690185,1.3711019013261128e-07,1.3023947349114291e-11,7.547740967841113e-15,2.208253537493569e-22,4.64347225842614e-13,1.9844364012048557e-14,1.654447198878311e-19,4.167516047993824e-12,1.836480572346229e-27,1.113597032500433e-13,6.405660153764928e-14,1.0811877810812035e-24,1.332318211421202e-20,8.724941727170813e-18,1.881398380403824e-06,3.746016195961705e-07,6.179969996243173e-05,2.205652537751655e-12,3.7064945323568027e-13,2.520865535198946e-16,2.478770577632282e-15,4.354633028189845e-24,1.5437536775783665e-10,1.6538896328739623e-12,8.911089199919397e-11,4.25089366009761e-12,2.2901184973450917e-29,2.2849572143008436e-13,3.656492478929678e-12,1.4900392818270117e-15,2.319656273038273e-11,1.4608767476558356e-13,2.6410302033234116e-17,5.248666204704286e-16,9.224789386867433e-15,0.0003339777589734406,1.355356558694547e-10,6.951046545201158e-11,9.797896141840856e-13,2.0191631402562604e-24,6.667470407929886e-18,9.007064637678949e-19,1.3239649383206362e-19,4.5790285718179065e-20,7.324152775358158e-24,1.7086672383494118e-08,1.6219833864559994e-10,5.3964915080411786e-09,3.5046022384318713e-06,2.052596028056719e-19,6.197427362694467e-20,9.20937989042014e-09,1.7707874766912527e-06,7.407675983214524e-16,7.10155747611881e-15,5.0295754094559154e-20,7.49488510398703e-17,0.0,0.0,3.206263477881168e-13,1.1837356258013368e-14,3.7654269681023285e-20,1.3206502039479915e-14,1.8642231816468914e-28,1.76520844464762e-21,2.009229697647738e-28,8.781970353452423e-34,8.022884080187682e-30,2.37875987130015e-12,1.7113726646919706e-13,2.399330456615997e-13,9.292209585042092e-20,4.76198456613681e-19,1.2791657681258694e-21,6.587629461186371e-15,9.525466709635276e-13,2.2358764243130255e-21,4.281095390923001e-26
41347.91122766806,6.32352946372163e-07,0.0001763637383274278,5.654535658283181e-12,4.0497447677363567e-14,3.6670493669003386e-12,3.792192143266992e-14,2.032293343311327e-13,2.0194500165950518e-13,6.85248295970933e-32,4.613160614329693e-24,2.1878352312764695e-32,4.6942395951226864e-15,1.240749247795664e-16,7.871543552049847e-25,3.102315471931894e-17,1.0594885260653336e-14,1.3495319564093945e-36,1.5064032031106479e-27,3.5011469177939976e-21,9.426773805284869e-23,2.4894467050529414e-26,4.466010088186374e-24,1.8455484935503634e-10,2.093410982488439e-12,1.0160813060562661e-11,2.037022461968131e-11,2.234728477068832e-21,3.937126394012052e-21,2.4316803735714775e-12,8.623258906929802e-11,2.756356023478946e-26,1.409170402179066e-31,3.6953062168359604e-18,7.824071695619208e-20,1.0761874189007333e-20,4.608586077210807e-21,3.417817312975152e-16,8.390316462918909e-17,9.876820192539281e-17,3.128204748581192e-08,3.3098416310519255e-14,2.3966060335814193e-11,5.40690866249927e-14,3.5353498191499084e-09,5.959005831113081e-12,2.351325935712854e-16,9.307718844505667e-14,3.129302713345523e-15,0.0001836347986818035,0.4999971486663701,1.2476996846124961e-06,0.2500007296899067,8.310205982058229e-10,1.9426045435157234e-13,2.271655752962863e-16,5.922807353458582e-14,1.0930439949405582e-14,9.41158605755951e-19,1.5602947257284958e-18,2.1071647275785278e-17,3.748989835253973e-21,1.725307656716657e-18,4.74959152505671e-09,2.1327617564697912e-10,1.4399265579753464e-15,5.6534571252961506e-14,0.0,1.1587064965824961e-25,3.7296325040566876e-27,3.1767184363952476e-08,5.865285404423834e-10,9.160217850281992e-19,3.397558929438169e-22,2.6176742404801775e-09,5.091483733726853e-14,1.5717858156412076e-11,1.4223930624048478e-13,5.407333456800085e-13,1.3303107933501646e-14,9.381247434274255e-11,1.3082352011378256e-17,1.1496680602611178e-22,1.6969935918963578e-17,1.9833480004368453e-15,0.09999980368197299,1.977950973039598e-07,1.3045695822449954e-11,1.063216708778802e-14,8.072004250609018e-22,7.693147692209791e-13,2.61359815471072e-14,2.37888197949702e-19,7.485902156690462e-12,9.230883295753315e-27,1.1144655802530306e-13,6.593049830648334e-14,2.2679380520247187e-24,1.7165359517015358e-20,1.7044005498494908e-17,1.7348509552972075e-06,5.211490447027869e-07,6.179954383028585e-05,2.2059412611269582e-12,7.349182068589952e-13,2.5349280269888977e-16,2.4854963110016196e-15,1.856797035213667e-23,2.1752098646000318e-10,1.6553469156466034e-12,1.2441737998733365e-10,4.2524920913792e-12,8.049420341851432e-29,3.226127439093429e-13,3.65022173468953e-12,1.4845758531371147e-15,5.917716640154519e-11,2.447627911011024e-13,5.2195115741374857e-17,7.6794090089193825e-16,1.3057195766457186e-14,0.00033395833596894513,1.9039172619671526e-10,1.8138405687842335e-10,1.3473531673587278e-12,5.47651737486095e-24,1.7427077406773623e-17,1.485111198870242e-18,3.3224137161306333e-19,4.6280587242547687e-20,1.4394472122097423e-23,3.162586674848423e-08,2.2110495473246734e-10,7.7279013371936e-09,3.5022699560914382e-06,4.032633140550047e-19,8.011547693466631e-20,1.1901774921208645e-08,1.768090641866021e-06,1.4093117947229928e-15,7.674972246344983e-15,1.994660050336248e-19,1.0622257559362204e-16,0.0,0.0,4.4399655073768936e-13,1.2146917795654451e-14,5.161860191930153e-20,1.315801225720652e-14,2.6787236661794994e-28,1.8080551541398576e-21,2.9852153636014973e-28,1.8458891851814836e-33,8.206467742313839e-30,6.340601511297402e-12,3.1758411482755467e-13,4.465340334932242e-13,2.0610534954537157e-19,6.592006201748839e-19,1.832007947209697e-21,1.2939967883942622e-14,1.7822048122185837e-12,9.73936843069012e-21,2.6340579969448304e-25
59792.559815487155,8.762898896641696e-07,0.00017611387030886473,8.42801958312159e-12,4.047827410127209e-14,5.045313202851858e-12,3.833073015743177e-14,4.1706148972021077e-13,2.0612789433102854e-13,1.5536575468310867e-31,9.827359487186254e-24,5.281956474979486e-32,8.381673579699374e-15,1.6458319512338585e-16,2.2210938551466684e-24,3.1593271697943617e-17,1.457522013543869e-14,6.233744509444144e-36,2.2375245687967004e-27,1.562099796239289e-20,4.252455017965021e-22,1.6516592599115888e-25,1.6995487021500968e-23,1.8435009121949359e-10,2.11173158109453e-12,1.0149469492944491e-11,2.0338226731285552e-11,5.701887448419263e-21,7.418811486022004e-21,3.0719319913517634e-12,8.583784651862598e-11,5.953697007026373e-26,4.90701420721075e-31,1.1102954397588749e-17,1.5877842823060723e-19,2.5385563580286493e-20,8.002949554289763e-21,4.84656830414126e-16,8.371914458449715e-17,9.82105689119704e-17,3.129003817382054e-08,3.911218313419265e-14,4.7863457094007004e-11,7.472091520733149e-14,9.330508356160063e-09,1.1109358142633516e-11,5.549664225539464e-16,1.3713781722709682e-13,3.1831023895362207e-15,0.00018419088447357067,0.4999959993705695,1.7799134055838654e-06,0.2500010205686113,8.312829897574803e-10,2.479028822769242e-13,2.8841056241852924e-16,9.845533114351208e-14,1.0922805687258469e-14,1.6330704663817879e-18,3.720713247510436e-18,2.65658072561527e-17,5.306815220397799e-21,2.676173248065267e-18,8.292646866988421e-09,2.9118437600180994e-10,1.765224887320083e-15,5.641780879227315e-14,0.0,1.653757751596659e-25,1.3050108099576223e-26,3.1682408469731455e-08,8.000442831032624e-10,9.149131905616563e-19,1.9630279990766e-21,2.609609427596322e-09,6.538351785050448e-14,3.2044313948889953e-11,1.955432873448468e-13,7.442709820612205e-13,1.7110828810001347e-14,1.6929919723325518e-10,4.403015591450771e-17,5.356784652020452e-22,2.155131671058358e-17,2.0104244301918344e-15,0.0999997164491081,2.8502793086035414e-07,1.3076961872576199e-11,1.4674344555229237e-14,2.964006707274202e-21,1.1862469470257111e-12,3.502829300506144e-14,3.403961963299552e-19,1.3395090013612499e-11,5.851703967550145e-26,1.1156383675054159e-13,6.857498181465231e-14,4.721757674956917e-24,2.103931872428121e-20,3.3476136805707453e-17,1.542724985803154e-06,7.132750141968389e-07,6.179927955814764e-05,2.20664095885722e-12,1.5335474215358163e-12,2.556749593403533e-16,2.497110932917629e-15,7.789124870592633e-23,3.0099646860824126e-10,1.658140502952396e-12,1.6968083064609607e-10,4.257737872183538e-12,2.5335538343163203e-28,4.46209919094577e-13,3.6439972816802366e-12,1.4780792112357211e-15,1.5183721104213329e-10,4.540505086837455e-13,9.104434443921633e-17,1.1332611465241223e-15,1.812189135649934e-14,0.0003339204210257396,2.679192338669074e-10,4.74412775426151e-10,1.8839720566983705e-12,1.4817731505017627e-23,4.5558595859026744e-17,3.258261592947496e-18,9.151986707236217e-19,4.736676240018447e-20,3.463514430772578e-23,5.897042200133711e-08,3.045711756041715e-10,1.103263772286502e-08,3.498963588439607e-06,7.651065586661034e-19,9.848088361842313e-20,1.4660220317764565e-08,1.7653208745011157e-06,2.49319156305056e-15,8.406676156866811e-15,7.297941262389771e-19,1.4610632338611907e-16,0.0,0.0,6.021183605484482e-13,1.246704737377112e-14,6.871934516851021e-20,1.3097762476678682e-14,3.786117961155739e-28,1.8507438910721157e-21,4.4234366905135025e-28,3.8672121997597066e-33,8.385887622879624e-30,1.6841009720745866e-11,5.93003287065997e-13,8.324368194023175e-13,4.499577216780882e-19,8.933040376064516e-19,2.6065836299463514e-21,3.122149421449304e-14,3.3426169829218837e-12,5.2184829313932904e-20,1.9931063760028478e-24
86465.07412679883,1.1940680345115977e-06,0.00017578059166318584,1.247276023117104e-11,4.0516557695972674e-14,6.712879621443858e-12,3.8801666710338725e-14,8.318991323940794e-13,2.1022324004251254e-13,3.5706416768544012e-31,2.1226855466109964e-23,1.1602680048494605e-31,1.497421294822686e-14,2.1599841308355063e-16,5.960131187459256e-24,3.21223321018349e-17,1.9330914847718926e-14,2.8337208698738065e-35,3.329817211489664e-27,6.759207048020551e-20,1.8553537953845878e-21,1.0598339521000416e-24,6.938239696726097e-23,1.8406629202768757e-10,2.1355436713082058e-12,1.013364265319316e-11,2.0294454956078223e-11,1.3555139806710086e-20,1.3339214539650478e-20,3.681507413483171e-12,8.529659781833265e-11,1.276361419934602e-25,1.6488337239046886e-30,3.243239801147547e-17,3.1278330669998454e-19,5.720196883917958e-20,1.355191029035026e-20,6.777853998140606e-16,8.324809741232142e-17,9.742208841077727e-17,3.1305853167487384e-08,4.7594451354038126e-14,9.433020814687833e-11,1.0086150413555607e-13,2.458832828828615e-08,2.07048489627579e-11,1.7530307597953131e-15,2.0142613281722965e-13,3.275364811519721e-15,0.00018496255144291113,0.4999944923093859,2.5249660978207954e-06,0.25000136957176217,8.316594287185743e-10,3.2183006785718146e-13,3.468730662076405e-16,1.4914469364687525e-13,1.091693336652985e-14,2.75147943520449e-18,8.471786139157197e-18,3.170275683207614e-17,7.393069624492101e-21,3.8585551645508975e-18,1.4168940241409069e-08,4.007959557603222e-10,2.040549387626003e-15,5.625468800601099e-14,0.0,2.345589000629231e-25,4.4008331502685284e-26,3.156607214075528e-08,1.0983241683845905e-09,9.131491013010903e-19,1.0811347958391351e-20,2.593691939397811e-09,8.546859564617649e-14,6.365922576209564e-11,2.63168217703211e-13,1.0003337222391336e-12,2.2203328413817028e-14,3.015104466117701e-10,1.45936858709729e-16,2.320881404665742e-21,2.5926634861747278e-17,2.057429195350382e-15,0.09999959140213334,4.100748606862293e-07,1.3121788268665811e-11,1.9802719819563035e-14,1.087115392596091e-20,1.7040147210717696e-12,4.7515079706650055e-14,4.853258686344214e-19,2.3668467086974556e-11,4.750452290700402e-25,1.1171645892337565e-13,7.22912791147637e-14,9.753474996284228e-24,2.4245294287595082e-20,6.583345381127858e-17,1.3016238666974348e-06,9.543761333025585e-07,6.17987980442374e-05,2.208459009870792e-12,3.4002977878068136e-12,2.5940656871841375e-16,2.520032505382397e-15,3.2063754761983162e-22,4.069897438323733e-10,1.6634854536583218e-12,2.2463558954787997e-10,4.270534084724841e-12,6.888691083968569e-28,6.013556351574792e-13,3.6400966336358624e-12,1.4712240137933547e-15,3.8904202522696126e-10,9.29680977149096e-13,1.4137493179175638e-16,1.7246649908580728e-15,2.4554341310217343e-14,0.00033384572026463964,3.7646970838584357e-10,1.2353896977846766e-09,2.701627755322859e-12,3.982566687535704e-23,1.1833438978670374e-16,9.140849800392042e-18,2.7706362833372562e-18,5.020892128010792e-20,1.0039845599143555e-22,1.0995753650326158e-07,4.2200809178027134e-10,1.570142987614231e-08,3.494291761055417e-06,1.39180081149243e-18,1.139013773181551e-19,1.6889972935882318e-08,1.763062171471226e-06,4.062703485223894e-15,9.285164782747466e-15,2.408138449338577e-18,1.9390209017526544e-16,0.0,0.0,7.93787973661402e-13,1.2731589163453519e-14,8.786894051342987e-20,1.3026503158321076e-14,5.22702228896501e-28,1.882756159866057e-21,6.526101932022829e-28,8.040648147594067e-33,8.515016539403196e-30,4.437044704542805e-11,1.1069868093679298e-12,1.545066564632577e-12,9.544615630502018e-19,1.176254269213186e-18,3.68541664482214e-21,9.105669472421641e-14,6.242529138666833e-12,3.488521621961961e-19,1.876578415924659e-23
125035.77479913068,1.5919572548126789e-06,0.00017534262860053576,1.8210261196143522e-11,4.0687887195503136e-14,8.552709982892549e-12,3.933802369174078e-14,1.6029271298467683e-12,2.136556499335148e-13,8.592210134424405e-31,4.726194519109085e-23,2.2573457952765926e-31,2.6411632958065515e-14,2.7979415851512076e-16,1.5004533103501906e-23,3.2518841955255573e-17,2.447615630409724e-14,1.2968834464796093e-34,5.0099791629379005e-27,2.814065072696282e-19,7.770762142520845e-21,6.5527717609022104e-24,2.9640063713652294e-22,1.8367450211116085e-10,2.1652163668983353e-12,1.0111609531163323e-11,2.0235243464559098e-11,2.945977941388313e-20,2.2723459266518786e-20,4.136086945501324e-12,8.456979108789926e-11,2.7308659175391657e-25,5.259040014295276e-30,9.160960362413765e-17,5.937894273052869e-19,1.2051548621582065e-19,2.2088124927364218e-20,9.293106621000392e-16,8.232941737418386e-17,9.633365381596083e-17,3.1337056699785755e-08,5.937560740252998e-14,1.8247683391116217e-10,1.3206110018564075e-13,6.424071491809388e-08,3.819132030521975e-11,6.8969741530042164e-15,2.94935205627832e-13,3.4505248085371693e-15,0.0001860100778825288,0.4999926325334984,3.554522402136952e-06,0.2500017280570853,8.321974097619393e-10,4.2103216262676317e-13,3.907535571287167e-16,2.0081574723515331e-13,1.0900499850291353e-14,4.448841827735325e-18,1.796214682557043e-17,3.537892474586078e-17,1.0074464303537371e-20,5.192121638532178e-18,2.339941930612255e-08,5.537003707177787e-10,2.204494603819002e-15,5.602951667462536e-14,0.0,3.309159573538318e-25,1.40382176956363e-25,3.141067630770732e-08,1.510496092716508e-09,9.105494211524941e-19,5.579142325746362e-20,2.562350202744652e-09,1.1268969959968328e-13,1.2239900406896032e-10,3.4625355502689406e-13,1.311249254772927e-12,2.7706605722859916e-14,5.247550352898436e-10,4.669777688309957e-16,9.084218444505894e-21,2.92219081292581e-17,2.1484088355661524e-15,0.09999941290352078,5.88573409287263e-07,1.3185790857530436e-11,2.6103239030950403e-14,3.935179873630662e-20,2.284929188667474e-12,6.492621198598517e-14,6.91547824242947e-19,4.088747375183123e-11,4.521632811538243e-24,1.1190263038383923e-13,7.751461552343931e-14,1.996448787269637e-23,2.6033019665939014e-20,1.2928892244918274e-16,1.0176217839909025e-06,1.2383782160090906e-06,6.179785630902655e-05,2.2135343717512932e-12,8.084583244245394e-12,2.67106237927911e-16,2.575067895085067e-15,1.2903312763591847e-21,5.339625341106069e-10,1.6738430370389759e-12,2.862836456748267e-10,4.298337967055324e-12,1.5470125400192774e-27,7.833468419472332e-13,3.643635396641988e-12,1.465889038539752e-15,9.835014035458838e-10,2.050536261085093e-12,1.9842627559293986e-16,2.7633250099506922e-15,3.227422164114053e-14,0.0003336981404566505,5.265061957532601e-10,3.1654051949895402e-09,4.070833210799326e-12,1.0487040378610365e-22,3.017883836694971e-16,2.9141485381222556e-17,8.911924029063913e-18,5.867537524296079e-20,3.219387390390972e-22,2.0298050538455186e-07,5.857892107012426e-10,2.2299756520399645e-08,3.4876878692642e-06,2.4091106335977374e-18,1.231915527675462e-19,1.77725578203481e-08,1.7621067142242435e-06,6.031603592920813e-15,1.0245908564865e-14,6.9248523639501726e-18,2.4601099459996414e-16,0.0,0.0,1.0075293244257758e-12,1.2847995049662375e-14,1.0637633753445713e-19,1.2946269874323747e-14,6.967611558095811e-28,1.8897805025387517e-21,9.542614597192905e-28,1.6467963437344616e-32,8.535266132179737e-30,1.1479903140259122e-10,2.047857834172052e-12,2.8312085870105304e-12,1.9404849899640555e-18,1.490324162686504e-18,5.184791568318558e-21,2.950272598828068e-13,1.149573154198218e-11,2.6742911946707665e-18,2.0144966682424162e-22
180812.25439872022,2.0670305985151096e-06,0.00017476614267845125,2.5918210757655207e-11,4.111414152628622e-14,1.0320669636176499e-11,3.998661250892697e-14,2.955843108419101e-12,2.1618513469066518e-13,2.247797988087151e-30,1.1054893438692837e-22,3.782842981000323e-31,4.513228486599604e-14,3.5916448634410157e-16,3.4763513295712236e-23,3.2748281001228064e-17,2.9258720919609296e-14,6.156659998689854e-34,7.7334354123138e-27,1.1091170245220376e-18,3.0764812667136547e-20,3.8603679845865996e-23,1.2569071143102079e-21,1.8313012344808533e-10,2.2002824674873044e-12,1.0080734505192287e-11,2.015547011771524e-11,5.748923765915428e-20,3.6434552306406214e-20,4.328074251957704e-12,8.362062936554851e-11,5.88118011638999e-25,1.5599528183074352e-29,2.475939639854702e-16,1.0738608849141633e-18,2.319005017983486e-19,3.426896685185811e-20,1.2373378494573036e-15,8.083875041960022e-17,9.488717751645569e-17,3.139780738072396e-08,7.529832421045484e-14,3.446062395171062e-10,1.663396338859184e-13,1.6494973777803322e-07,6.886174003977549e-11,2.9815685892308666e-14,4.310082519093064e-13,3.828728142523899e-15,0.00018738221778154214,0.4999905962969901,4.951861140742133e-06,0.25000195101255823,8.329615170968094e-10,5.482833552096374e-13,4.0981548753865926e-16,2.357861940386757e-13,1.0855096543401319e-14,6.8455653410323595e-18,3.456005533150896e-17,3.667047297907798e-17,1.3295878289616195e-20,6.5389077221419476e-18,3.696039498967628e-08,7.646719551706493e-10,2.22843241194279e-15,5.572320482792772e-14,0.0,4.659147874782292e-25,4.1475564305138275e-25,3.1211854565019324e-08,2.07241248663844e-09,9.071666330322193e-19,2.6393249075574853e-19,2.5014209621874125e-09,1.4807540928866228e-13,2.2527434622535073e-10,4.4680784260125465e-13,1.6818009912419199e-12,3.14444941054111e-14,8.840556552634961e-10,1.4113186432278578e-15,3.1219989150492696e-20,3.069033781927305e-17,2.3489535794569282e-15,0.099999159803848,8.416729912271789e-07,1.3276574405153842e-11,3.372648993969544e-14,1.3779478318242837e-19,2.860293572437397e-12,8.901905250634744e-14,9.914324048363657e-19,6.841152014569372e-11,4.4431552703770774e-23,1.1210309396092676e-13,8.493212732004266e-14,4.041125203345726e-23,2.6070252448535435e-20,2.535428370617201e-16,7.123969519329413e-07,1.5436030480670517e-06,6.179593299001274e-05,2.2283832642253127e-12,2.0640686664847433e-11,2.876317900545018e-16,2.7379282767722997e-15,5.052318567620982e-21,6.739955659840463e-10,1.6945978633741135e-12,3.4804257846184476e-10,4.356085313936115e-12,2.741528262111629e-27,9.760217735362093e-13,3.666033451354972e-12,1.4666679452158284e-15,2.410827343449657e-09,4.683858987289646e-12,2.548041655822894e-16,4.672216876691174e-15,4.083926785857944e-14,0.0003334078375685432,7.301756604278921e-10,7.847176713181273e-09,6.7248586111006124e-12,2.64182401149037e-22,7.430312529625077e-16,9.535028557151798e-17,2.891572399352953e-17,8.526980502449799e-20,1.0506901317593073e-21,3.664078355062368e-07,8.116345358692692e-10,3.1707583014917095e-08,3.4782700811411542e-06,3.9456771611214165e-18,1.2572559054091844e-19,1.6655635923949475e-08,1.7630470664313117e-06,8.090520525878428e-15,1.1151311083749898e-14,1.657981369873583e-17,2.952555874399577e-16,0.0,0.0,1.2172233901331462e-12,1.2739693415833697e-14,1.2011943677706236e-19,1.2858556351684576e-14,8.825470960814414e-28,1.8604263240733305e-21,1.3721759511786962e-27,3.285430287757116e-32,8.410101797417831e-30,2.8725114991098024e-10,3.714149976319417e-12,5.069963875405456e-12,3.740835320460489e-18,1.7958977071857428e-18,7.282061935032604e-21,9.78043886024835e-13,2.0619694802403296e-11,2.0853510236437023e-17,2.1788834889491793e-21
261469.73850698897,2.609117837539941e-06,0.00017397566673659818,3.532720086206424e-11,4.193936144956702e-14,1.1717815414521343e-11,4.085989499960221e-14,5.159177281609554e-12,2.1842427217062355e-13,6.569937275795686e-30,2.7414818736847444e-22,5.346248235917494e-31,7.290400872417355e-14,4.626422331714769e-16,7.242282519515951e-23,3.29122390572232e-17,3.2796544253861984e-14,3.127200899494492e-33,1.24300478189489e-26,4.0318798297961405e-18,1.1251550850807507e-19,2.12699326970448e-22,4.9939408995588515e-21,1.8235301010839761e-10,2.2394068806881586e-12,1.0036520166351617e-11,2.0046589867077172e-11,9.96981442172234e-20,5.486627261185335e-20,4.251463996711702e-12,8.242588936032354e-11,1.2901908623718447e-24,4.2170016977999485e-29,6.290359356481151e-16,1.8199409173374935e-18,4.001896954487108e-19,5.032569032948279e-20,1.5764839397412842e-15,7.878982563943259e-17,9.306788894983975e-17,3.151275050717406e-08,9.576012962217688e-14,6.327132139915448e-10,2.0014017443893008e-13,4.122226309735478e-07,1.1958303193857288e-10,1.2901744788844406e-13,6.343508928138338e-13,4.739359956257719e-15,0.00018907343139376668,0.49998896682877025,6.8007271014740554e-06,0.25000168553923724,8.340351923596423e-10,6.988379177346193e-13,4.0343709613878144e-16,2.422590699966405e-13,1.077608757922258e-14,1.0003063654815475e-17,5.930047481892761e-17,3.557392567059899e-17,1.6741248818885808e-20,7.744236305746144e-18,5.553736154645653e-08,1.0512528589846604e-09,2.1459218822595367e-15,5.531358626270783e-14,0.0,6.593847793337812e-25,1.1119417144120098e-24,3.0975267923594866e-08,2.8252003167953285e-09,9.036665675133672e-19,1.1165025115602887e-18,2.3862642214733768e-09,1.9067330528408352e-13,3.9047369456303845e-10,5.721642810370092e-13,2.1361914375806065e-12,3.062004498707046e-14,1.4293991161741872e-09,3.937627268349028e-15,9.254882443427329e-20,3.031557457410581e-17,2.838358417370045e-15,0.09999880499970283,1.196477009069329e-06,1.3403904404723728e-11,4.322455082957393e-14,4.52469316765066e-19,3.343249755878476e-12,1.220208973841674e-13,1.4492933191831754e-18,1.0998037496441939e-10,4.051273413458175e-22,1.1225781204594327e-13,9.574759831895325e-14,8.06426418976459e-23,2.478818204302316e-20,4.979158809703613e-16,4.252022883561429e-07,1.8307977116438469e-06,6.179202287922241e-05,2.271743672179077e-12,5.57579972537229e-11,3.555140242844905e-16,3.2972939543377107e-15,1.9126689646035213e-20,8.124943467244062e-10,1.7383673748273877e-12,4.0136460622318163e-10,4.476502374011017e-12,3.7480598307660786e-27,1.1510885479645515e-12,3.734040822314471e-12,1.4846678172881993e-15,5.598035010077935e-09,1.0593767225241908e-11,3.015468074488596e-16,8.123529466345239e-15,4.9444465817744637e-14,0.00033284392039386907,9.99554648705855e-10,1.8405744352077583e-08,1.260865199992952e-11,6.176124552333786e-22,1.7276046840378451e-15,3.0101152728628422e-16,9.03465614199671e-17,1.6743877758975766e-19,3.303567888266213e-21,6.374824390414576e-07,1.118099005305499e-09,4.5416993954890665e-08,3.46454339066048e-06,6.1060906162393595e-18,1.2593283466529499e-19,1.3754350984422387e-08,1.7655481168272985e-06,9.80169043884681e-15,1.1806161995684897e-14,3.150299164766692e-17,3.3300961992891395e-16,0.0,0.0,1.3842258092096757e-12,1.242549304411516e-14,1.255997659642918e-19,1.2761901289444709e-14,1.044252355924324e-27,1.7983619291674625e-21,1.91952048909153e-27,6.28984858635797e-32,8.182535849611694e-30,6.808110142825468e-10,6.5205084094904224e-12,8.769271050841569e-12,6.7905391208654026e-18,2.0348268104716798e-18,1.0274691084431838e-20,3.1411766553674076e-12,3.550835916509281e-11,1.4992963733167544e-16,2.1429496927010382e-20
378107.249324784,3.218154206534626e-06,0.00017278557000131907,4.510739445750364e-11,4.321885344897247e-14,1.2597101721488404e-11,4.2065661204102e-14,8.437946119852704e-12,2.216760822202399e-13,2.1292766729253538e-29,7.070392288808007e-22,6.356189368824355e-31,1.0798477557146098e-13,6.068077815420536e-16,1.3294793069256967e-22,3.3221789796115964e-17,3.4686508981188866e-14,1.7249378053181242e-32,2.074248182906162e-26,1.3043733568529368e-17,3.6961880979391123e-19,1.0695784654523994e-21,1.7755649107556984e-20,1.811843123021498e-10,2.281344532510403e-12,9.970720502221388e-12,1.9892209635197005e-11,1.542738004634113e-19,7.788378867616832e-20,4.0298186423597494e-12,8.099450554611307e-11,2.9062559299946273e-24,1.0241507865486936e-28,1.461026432699045e-15,2.8304872027022014e-18,6.171577746831984e-19,7.006198345882604e-20,1.8825067325739325e-15,7.640352676185098e-17,9.094796181665626e-17,3.1718885999079875e-08,1.1961066354179502e-13,1.1286446313753467e-09,2.3036567729577384e-13,9.916219557745425e-07,1.9657939175433252e-10,5.262766925540761e-13,9.706846764084979e-13,7.027228795694488e-15,0.0001909338007762852,0.4999891914914202,9.156998982233465e-06,0.250000161767869,8.355128484190633e-10,8.508133647971921e-13,3.8329870812383833e-16,2.2730282629721667e-13,1.0691798607243356e-14,1.3930738091624187e-17,9.143421394684508e-17,3.3211876086080894e-17,1.9700180071644973e-20,8.790505303181196e-18,7.943695500528547e-08,1.4305213721051201e-09,2.027775995884586e-15,5.4777445605570135e-14,0.0,9.480722824224111e-25,2.6591352844730144e-24,3.072962037641491e-08,3.808473066287701e-09,9.019494556723439e-19,4.129737733187697e-18,2.1799089433846403e-09,2.3463350724409503e-13,6.23609369874755e-10,7.411566086696697e-13,2.7417101986666783e-12,2.4343221169628105e-14,2.199310411978535e-09,9.904279796404055e-15,2.3778970177777223e-19,2.900713679946286e-17,4.072679235578585e-15,0.09999831825036246,1.6832261747170866e-06,1.3578719226897846e-11,5.6019219533768045e-14,1.3303725114626383e-18,3.68983534760249e-12,1.663680878717622e-13,2.2098338521006654e-18,1.6853951138921394e-10,3.1567523164188462e-21,1.1222087585053377e-13,1.1216392218238362e-13,1.5786183972002854e-22,2.305917254366118e-20,9.821727469825534e-16,2.0233921868974464e-07,2.0536607813102447e-06,6.178455980622189e-05,2.3904177347823717e-12,1.5416749546489133e-10,6.025882654274612e-16,5.32944115788629e-15,6.930765583790867e-20,9.366569280667188e-10,1.8341437906991698e-12,4.4261649885386525e-10,4.733677727306508e-12,4.12714935446305e-27,1.2826193441060557e-12,3.910150233188414e-12,1.5459629269031745e-15,1.1955689813317507e-08,2.2668528855112125e-11,3.336184262896617e-16,1.4003255466485908e-14,5.741837991965159e-14,0.0003317733834324151,1.3420121443836732e-09,3.971649123156101e-08,2.6159581624677173e-11,1.3024929222363635e-21,3.692653241440872e-15,8.851278083912036e-16,2.668397707592195e-16,4.102136052580222e-19,9.670065640214812e-21,1.0518398840728235e-06,1.5228538141563747e-09,6.603137935206889e-08,3.443900063648332e-06,8.94768973814331e-18,1.337709110962665e-19,1.054107622818318e-08,1.7679440023965455e-06,1.0890224541070089e-14,1.2043310705755768e-14,4.6975018569984226e-17,3.551891738807726e-16,0.0,0.0,1.4734526152310166e-12,1.2070328308183642e-14,1.2347428341538962e-19,1.2654950034023863e-14,1.1450886805298778e-27,1.729809235499147e-21,2.5776953406518364e-27,1.1338847121692896e-31,8.004490393327748e-30,1.4880154868239325e-09,1.0920330450814732e-11,1.4464030501566907e-11,1.1603631176382316e-17,2.154540289393156e-18,1.4685154893391685e-20,9.4326674998786e-12,5.7787574125664293e-11,9.233646914861142e-16,1.7706751755941424e-19
546774.9071395234,3.939802934220974e-06,0.00017078836842590128,5.2807859179233225e-11,4.4700831697632685e-14,1.3102071084011182e-11,4.3495326799490105e-14,1.2839599143097225e-11,2.266233954439361e-13,7.243896426095036e-29,1.7922433291454524e-21,6.544092236851803e-31,1.4149016445027863e-13,8.081372047190957e-16,2.1499876097160677e-22,3.3812910846038235e-17,3.537172074131643e-14,1.0139479999384726e-31,3.44902983122244e-26,3.6091087787818995e-17,1.0601200089860813e-18,4.7796024320757254e-21,5.508159770262786e-20,1.7931965303533093e-10,2.3271438000262782e-12,9.868632811599909e-12,1.9661343460984246e-11,2.1665642848106722e-19,1.0485103364737136e-19,3.8139039666981335e-12,7.939744289841578e-11,6.623773681183337e-24,2.2235177336400236e-28,2.979220123666931e-15,3.957571547649567e-18,8.634158401078726e-19,9.302480163099458e-20,2.0568506101447333e-15,7.409668491429701e-17,8.874149369932312e-17,3.20547582320152e-08,1.4235545599139187e-13,1.9639196850865613e-09,2.595794474554893e-13,2.2648752034580103e-06,3.0017483809925637e-10,1.9302516615158735e-12,1.6403143328993232e-12,1.2564933135848092e-14,0.00019251149759006,0.49999435572265405,1.1990711342116708e-05,0.24999584706393513,8.3745753200887e-10,9.556120203399108e-13,3.637976346260608e-16,2.080226931397428e-13,1.064952852692782e-14,1.8565203549132218e-17,1.3230868591182932e-16,3.0922713042382644e-17,2.118236548544625e-20,1.0051289358866984e-17,1.0846602470156615e-07,1.9087693236058628e-09,1.9216314713426718e-15,5.410083412730877e-14,0.0,1.3971862618394674e-24,5.600199201893113e-24,3.0547057703865934e-08,5.041342265119822e-09,9.060621425040764e-19,1.3201725808519749e-17,1.8438779119126147e-09,2.6588859595754057e-13,8.961001424908975e-10,9.81883350582568e-13,3.603747637954968e-12,1.5943402292459133e-14,3.18798197766016e-09,2.1929794397527016e-14,5.44249205518445e-19,2.7872339417869686e-17,7.059091371766159e-15,0.09999768030798144,2.321168326440721e-06,1.3808087411442328e-11,7.423540632862301e-14,3.286026865380742e-18,4.000109276943467e-12,2.2360483298873308e-13,3.612398409867272e-18,2.435497331237501e-10,1.9666361103645155e-20,1.1169844484591367e-13,1.3791084742575398e-13,3.0024786791431254e-22,2.147731711458183e-20,1.9354096851003617e-15,7.139533226652956e-08,2.1846046677334567e-06,6.177197667009757e-05,2.6738342344520767e-12,4.172173634371183e-10,1.4832385764728464e-15,1.2480366353881744e-14,2.3638366506815956e-19,1.0585089325643148e-09,2.037349286979099e-12,4.843974000933484e-10,5.273618841251525e-12,4.168685657870359e-27,1.3860421294911838e-12,4.320162817440577e-12,1.7035737250395924e-15,2.2716958503239103e-08,4.390905707209442e-11,3.594578008457205e-16,2.367660118334536e-14,6.54967278302817e-14,0.00032981410466604205,1.7503829847934465e-09,7.637339703205544e-08,5.4847996575148506e-11,2.4346905085118394e-21,7.049030564989608e-15,2.3773224102049197e-15,7.679856556954557e-16,1.12129872422117e-18,2.573872365330099e-20,1.6194061504676877e-06,2.0307970195917053e-09,9.762745013475768e-08,3.41225716820592e-06,1.2422180075131176e-17,1.6753132656552394e-19,8.87507386369697e-09,1.7681775093219684e-06,1.1488025803536816e-14,1.1855845137777397e-14,6.204906994306962e-17,3.6657201255377955e-16,0.0,0.0,1.4801905695879623e-12,1.1898171210168305e-14,1.192365189493273e-19,1.2552952863549178e-14,1.1850857711186838e-27,1.6909912867065344e-21,3.2690477159313384e-27,1.87880874720842e-31,8.064968223481816e-30,2.9062315825408182e-09,1.718355279681022e-11,2.2473243279158566e-11,1.923602365552283e-17,2.1480462146301735e-18,2.1379518808071797e-20,2.5750217462909342e-11,8.756915302052853e-11,4.597412905377591e-15,1.1513891397300237e-18
790682.5367969447,4.895438726589084e-06,0.0001672659165901462,5.604388294674228e-11,4.5666379328274594e-14,1.3446025571413324e-11,4.464319494539689e-14,1.8048959706618248e-11,2.322118613697827e-13,2.3614645319835927e-28,4.108004215538015e-21,6.214124999124526e-31,1.5837734682798143e-13,1.0594625492838583e-15,3.1767723015874717e-22,3.463656521634773e-17,3.5490066692239874e-14,6.019958413184491e-31,5.303426093807379e-26,8.324661833018646e-17,2.5920418052762507e-18,1.852198524928763e-20,1.483871848512402e-19,1.7626509957160408e-10,2.3824689677793408e-12,9.707725243377823e-12,1.930457557574235e-11,2.807086492945215e-19,1.343523028055999e-19,3.663077754461772e-12,7.781429009878795e-11,1.447735863748112e-23,4.32009972571812e-28,5.078385566340742e-15,4.960850684987122e-18,1.122897732230881e-18,1.1861018342725287e-19,2.0300037765251927e-15,7.250021950719344e-17,8.688222952376911e-17,3.251825903130153e-08,1.5571923775879202e-13,3.3504754589559337e-09,2.9966156493655627e-13,4.828710744308413e-06,4.1832553985914e-10,6.103610279758167e-12,3.137527939741607e-12,2.4512129185062543e-14,0.00019285524298502996,0.5000101903357265,1.509913605446255e-05,0.24998600025146,8.397593189753585e-10,9.513676447658257e-13,3.5103818420690825e-16,1.9337801847660363e-13,1.069227561394498e-14,2.36826834353644e-17,1.8852171016576935e-16,2.929697549778086e-17,2.063152581760401e-20,1.2398512706620502e-17,1.413511776467782e-07,2.4609152530597737e-09,1.833591469925366e-15,5.3314367116912624e-14,0.0,2.106241497153228e-24,1.0288217780771379e-23,3.056601031883847e-08,6.489004345634178e-09,9.231578622819997e-19,3.6538964963213425e-17,1.3803685580561444e-09,2.6532375993580526e-13,1.1472464630256742e-09,1.3096341894190735e-12,4.798967340456486e-12,1.040140944825198e-14,4.309295259215114e-09,4.197704363690048e-14,1.1432400703186816e-18,2.7365688144741458e-17,1.3538992050433436e-14,0.0999969291406939,3.072335343582145e-06,1.4078612924082753e-11,9.903366944394115e-14,6.350120432654725e-18,4.540830443000502e-12,2.923001425504049e-13,6.367966187529695e-18,3.272221812267979e-10,9.305191540225529e-20,1.1022855102160952e-13,1.7798079887628437e-13,5.450190760211684e-22,2.0180213126552324e-20,3.715456844645081e-15,1.966509859626139e-08,2.236334901403727e-06,6.175412885988793e-05,3.2186938672918974e-12,1.0576497504585115e-09,4.272245701534738e-15,3.4993928260797993e-14,7.41696721640827e-19,1.2352865310100541e-09,2.4127123218561654e-12,5.585026118132434e-10,6.284334454777636e-12,4.4725464962038216e-27,1.551742771978888e-12,5.138624434973036e-12,2.0361322352248504e-15,3.7359700421582316e-08,7.431321159530735e-11,4.0284371992198913e-16,4.067007809989555e-14,7.691365829725932e-14,0.00032641693721399397,2.1880047555780054e-09,1.27284552408073e-07,1.053032732252606e-10,4.0053782168264016e-21,1.1753820406721537e-14,5.7695758494277786e-15,2.2431207134903008e-15,3.266303587018984e-18,6.109826452605758e-20,2.296796510259837e-06,2.6102722374371488e-09,1.446524163182977e-07,3.365159398582932e-06,1.624864557971428e-17,2.741046058543857e-19,9.360271895906756e-09,1.7656525848093047e-06,1.194488214516252e-14,1.1439651239582282e-14,9.090180145104477e-17,3.7517827948975484e-16,0.0,0.0,1.4405566875967898e-12,1.2005352096206032e-14,1.1810347304596339e-19,1.2512349585174118e-14,1.2134468807305745e-27,1.703040035729666e-21,3.8376468184352794e-27,2.7757034059343064e-31,8.456376912092588e-30,4.927966753869411e-09,2.5067589641000753e-11,3.2619990891331164e-11,3.315419669058727e-17,2.0704042482252733e-18,3.155261185739958e-20,6.208447653645432e-11,1.224400942382798e-10,1.7719471993513316e-14,5.585986657814972e-18
1143393.4985537303,6.264782208469706e-06,0.000161280359363711,5.4563014323345423e-11,4.520068422131932e-14,1.3635281988272294e-11,4.480883379978163e-14,2.317180013609136e-11,2.3673424072297604e-13,6.648823098324425e-28,7.827205097018289e-21,5.843312595303918e-31,1.5128173955655832e-13,1.3265466846936715e-15,4.499630391271551e-22,3.571469727408042e-17,3.514427827241098e-14,3.3389006230466464e-30,7.103017664840779e-26,1.63265363047762e-16,5.3205618382419306e-18,6.107772578039883e-20,3.4750582824647688e-19,1.7142109307425946e-10,2.4587400618622822e-12,9.462171363414023e-12,1.8763823665585683e-11,3.3740283994824302e-19,1.6428357286642457e-19,3.565682081815296e-12,7.658737590774919e-11,2.8105249212144854e-23,7.52421355741584e-28,7.0228589817660506e-15,5.826821622175482e-18,1.3908869015704407e-18,1.4662653773207225e-19,1.860590598524996e-15,7.261851886411187e-17,8.611004813839912e-17,3.300477750181439e-08,1.5413293939118083e-13,5.583191243846003e-09,3.5964722743091004e-13,9.441185349171788e-06,5.264565220770009e-10,1.619017684106499e-11,6.1534958652031536e-12,4.573706293364997e-14,0.000190436324042519,0.5000457152780909,1.8052656264650637e-05,0.24996637654166848,8.418075955034569e-10,8.320348150165038e-13,3.448927465954909e-16,1.8416536473942388e-13,1.0882335927089374e-14,2.8914293353223896e-17,2.65175786982542e-16,2.843188144525336e-17,1.8875839457859115e-20,1.6732641054276662e-17,1.7530283500997297e-07,3.0117875707091967e-09,1.7562292608161623e-15,5.256534784851781e-14,0.0,3.1961552135556856e-24,1.640107071408007e-23,3.100075750296404e-08,8.042779006520534e-09,9.637084381924026e-19,8.779119524678345e-17,8.94007072044137e-10,2.292583871679122e-13,1.3510921887319054e-09,1.7074804966524984e-12,6.33646831143658e-12,8.724810727688819e-15,5.411025300966517e-09,6.94681871927086e-14,2.2397593853622875e-18,2.7377721554925023e-17,2.5380539304590624e-14,0.09999626561221675,3.735863580874477e-06,1.431835850959058e-11,1.2914470730963824e-13,9.280268382483233e-18,5.517516678558039e-12,3.671111322997552e-13,1.1465357813332919e-17,4.039684342522673e-10,3.256453404704506e-19,1.0731362946648788e-13,2.3631948314548897e-13,9.214871452392307e-22,1.9215240914380646e-20,6.648814998857627e-15,7.928647858239566e-09,2.248071352141749e-06,6.173279883289359e-05,3.9817699638534895e-12,2.439226538879092e-09,1.1384125610342003e-14,9.337094610191665e-14,2.102640349511518e-18,1.5268976655070607e-09,2.943921734690804e-12,6.903446326320021e-10,7.781027478444831e-12,5.393986836462336e-27,1.8883156047717e-12,6.443266640402926e-12,2.6029761438039025e-15,5.3024257089421895e-08,1.0892204620959112e-10,4.807760090643413e-16,7.267939366345502e-14,9.536828679731745e-14,0.0003209455772217985,2.5799047163225764e-09,1.8247896557433406e-07,1.7501617124580254e-10,5.813392143465096e-21,1.713855670341721e-14,1.2539082696827948e-14,6.205098575896704e-15,9.198398924641245e-18,1.2735574296387777e-19,2.98874159750175e-06,3.1713362869221525e-09,2.0757000553150078e-07,3.302136217402956e-06,1.9883866429275284e-17,5.620025512192947e-19,1.1136996849523713e-08,1.7615826469987134e-06,1.2464038364081024e-14,1.1057856271887766e-14,1.4425966172570072e-16,3.8474714672397895e-16,0.0,0.0,1.404337727045149e-12,1.2319128827453018e-14,1.213272051629668e-19,1.2641042004540122e-14,1.276046876443528e-27,1.7695846676896866e-21,4.113000796181153e-27,3.5657205288436293e-31,9.17015030516186e-30,7.200931704411846e-09,3.368212339223239e-11,4.4288912622029644e-11,6.03608836525364e-17,2.0002143052191004e-18,4.640149876276784e-20,1.2836804907746282e-10,1.5855333005034093e-10,5.175066395149766e-14,1.958027077862267e-17
1653443.236309495,8.224781688538838e-06,0.00015198750539044002,5.069503728021203e-11,4.283401721447403e-14,1.3628220245729046e-11,4.3623187086789185e-14,2.7106714880821453e-11,2.40209521481085e-13,1.5091499405647932e-27,1.197901933905539e-20,5.679761718196763e-31,1.352825341994118e-13,1.5797077728863326e-15,6.063814290808641e-22,3.754366095568575e-17,3.4362663565672975e-14,1.5987835064783366e-29,8.562798365732785e-26,2.9301988964093733e-16,9.185285051730319e-18,1.6974206673437757e-19,7.090614217368418e-19,1.6429469398489655e-10,2.574530960797999e-12,9.112216337834149e-12,1.7993334755533633e-11,3.7842414613589285e-19,1.9343426113416275e-19,3.5154100779169025e-12,7.62200103738728e-11,4.641866369859446e-23,1.1877330280700564e-27,8.275038309568432e-15,6.925098960211057e-18,1.6863501592662086e-18,1.7902567015450598e-19,1.707742183786496e-15,7.599331326068051e-17,8.747997524528369e-17,3.33409983407345e-08,1.4459496533205423e-13,8.922209281017073e-09,4.188344830699399e-13,1.6769389820292014e-05,5.999733248343543e-10,3.621822478338649e-11,1.0781611330185494e-11,7.485438658944242e-14,0.00018346043602737613,0.5001124548955967,2.0309517566368705e-05,0.24993153422033004,8.422257542100861e-10,7.058916855514938e-13,3.4588987901567707e-16,1.810429483964859e-13,1.1352203989703467e-14,3.4049842839833713e-17,3.592878138669831e-16,2.860391311601743e-17,1.7725368780277617e-20,2.3088483070818338e-17,2.071868592737571e-07,3.4542041645180157e-09,1.6909114532556736e-15,5.217633325049513e-14,0.0,4.788547172739292e-24,2.2977972022419045e-23,3.213078047135283e-08,9.574333800355784e-09,1.0407628961701354e-18,1.8324779823604886e-16,5.579636820087286e-10,1.8749060600217114e-13,1.5539696793362423e-09,2.1219614500164402e-12,8.173750726272236e-12,8.614684725229605e-15,6.373292628395772e-09,1.0237275318573464e-13,4.134387199861865e-18,2.7700334070080988e-17,4.295104212093222e-14,0.099996137510734,3.863965015702391e-06,1.4366371536428812e-11,1.6054602405233971e-13,1.098902242672429e-17,6.725143147488513e-12,4.4268553344801806e-13,1.9004915573571498e-17,4.576747994315316e-10,8.600105096326058e-19,1.026832920757771e-13,3.1242488130703773e-13,1.4317055390643727e-21,1.880614730170173e-20,1.0646261755156716e-14,6.679028477031439e-09,2.2493209715229596e-06,6.170899922246267e-05,4.6182211679295485e-12,5.104704870577879e-09,2.423279600464146e-14,2.057776039146973e-13,5.371544312014174e-18,1.8809418809452623e-09,3.4145201914553305e-12,8.568894897182267e-10,9.284259739652753e-12,6.978403158057454e-27,2.391647079961409e-12,7.98040272466714e-12,3.36641623458801e-15,6.738774875880294e-08,1.429978020268305e-10,5.716077428377242e-16,1.2485342498861928e-13,1.1986304993591827e-13,0.0003128530914543344,2.8340402978274113e-09,2.315796687248356e-07,2.532623529104819e-10,7.686507060755044e-21,2.2720019245345577e-14,2.41872495436289e-14,1.4278067042901466e-14,2.1811042144706857e-17,2.3359878249112614e-19,3.602256003403738e-06,3.587017539242196e-09,2.773493769420072e-07,3.2322198417072276e-06,2.2863309349586675e-17,1.1666187143527498e-18,1.3285596456713107e-08,1.7572135955431361e-06,1.3194454562463073e-14,1.0902366494906213e-14,2.1389061384190417e-16,3.9861300842557423e-16,0.0,0.0,1.405170092139255e-12,1.2753328203599337e-14,1.2905424798544761e-19,1.3086949620512816e-14,1.3931698358297205e-27,1.9013190709417525e-21,4.143943881407683e-27,4.071995307963766e-31,1.0325659531028765e-29,9.399984579374119e-09,4.205516713652986e-11,5.731242320829533e-11,1.0854010212112903e-16,1.99445974803186e-18,6.679448533590539e-20,2.24580149743114e-10,1.944458271009317e-10,1.1667352059815043e-13,5.016327974885768e-17
2391018.0870852144,1.0897786094773792e-05,0.0001386966879553376,4.68011501242873e-11,3.866801475415522e-14,1.3530518466553375e-11,4.1176880659742766e-14,3.008352815679731e-11,2.448131744182416e-13,2.8667012958338946e-27,1.593065386130089e-20,5.797081561489734e-31,1.3005867944931686e-13,1.7675789019544238e-15,7.12890637179246e-22,4.113668981125699e-17,3.348173483015259e-14,6.437340728292923e-29,1.0511690403807453e-25,5.197204844275144e-16,1.3782441373706637e-17,4.0014904828265045e-19,1.305747066042157e-18,1.5441115554899407e-10,2.7590161370382768e-12,8.6351416247518e-12,1.694326423556659e-11,4.0870149074294485e-19,2.237602990034912e-19,3.521179766041148e-12,7.715563951349402e-11,6.820865419882008e-23,1.7758477104439924e-27,9.407940244452092e-15,8.513165038614785e-18,2.0715385673262197e-18,2.2249464293624994e-19,1.6653776051839384e-15,8.472321065742095e-17,9.214328031582422e-17,3.3466544322616134e-08,1.3658246452849424e-13,1.3319879784621674e-08,4.3122600038978355e-13,2.7381689127905762e-05,6.288612245511585e-10,7.175344836801618e-11,1.6253708585434907e-11,1.0561826981253788e-13,0.00017060236958704332,0.5002220618225912,2.1543714871105356e-05,0.24987581994508914,8.399831177351108e-10,6.810404099946567e-13,3.5558291552348984e-16,1.8581762953012543e-13,1.2313752991900687e-14,3.94620622635762e-17,4.656324583541544e-16,3.037075456480488e-17,1.839670898260566e-20,3.0665415332107274e-17,2.365412656769745e-07,3.7179799032080165e-09,1.6432284614531243e-15,5.255785075680126e-14,0.0,7.06643517281068e-24,2.994028971128496e-23,3.433229613045376e-08,1.1080148030840382e-08,1.1711035496181456e-18,3.439834712327785e-16,4.3246975426429383e-10,1.6830024514403934e-13,1.7544533491442669e-09,2.4255552081187996e-12,1.0046865411138037e-11,8.693614107971092e-15,7.205315025680376e-09,1.4226646629105186e-13,7.306786252309695e-18,2.8148625977950365e-17,6.503831115111441e-14,0.09999687853225384,3.1229437598210246e-06,1.4102442989733532e-11,1.8360622672695744e-13,1.2112554731309639e-17,7.604468853883475e-12,5.219470156750546e-13,2.6894086452834346e-17,4.813095102230869e-10,1.8658379567299556e-18,9.633075970277843e-14,4.031789210958844e-13,2.0825238938324418e-21,1.9292535683826288e-20,1.5165144718780573e-14,6.6175705776645424e-09,2.2493824294223274e-06,6.1680077500462e-05,4.66833280975604e-12,9.947087020864801e-09,3.804103627058076e-14,3.4965136814083425e-13,1.2268778616086735e-17,2.1224403919809113e-09,3.508828583119188e-12,9.907301034889541e-10,9.99354693198519e-12,9.140299610639957e-27,2.9435256440158665e-12,9.236470695589305e-12,4.210453447321518e-15,8.160891189749459e-08,1.7905199604907702e-10,6.235818804036669e-16,1.8483141406267662e-13,1.4461850807808904e-13,0.00030158835432581894,2.8964446514814323e-09,2.754331293399044e-07,3.3789751282049513e-10,9.897108577784786e-21,2.9297688411440085e-14,4.13314255346483e-14,2.6974552188934883e-14,4.278649383674779e-17,3.9191802114291323e-19,4.117677215740298e-06,3.7741822691862076e-09,3.3817942943116414e-07,3.171227791918807e-06,2.5148356567430004e-17,2.2152948374586862e-18,1.5676319239119995e-08,1.7524262737108208e-06,1.4472546407309815e-14,1.1074131451220945e-14,3.022538203869862e-16,4.249294073217836e-16,0.0,0.0,1.4610795604698567e-12,1.3334995310761065e-14,1.433167912907829e-19,1.4030843962800968e-14,1.62942538698819e-27,2.1373204281890894e-21,4.3449182083994145e-27,4.592544527022749e-31,1.2485761966292151e-29,1.1772213414071541e-08,5.020428488713321e-11,7.347444206455333e-11,1.8744403934362499e-16,2.0861641880907514e-18,9.425486525829426e-20,3.4039258091243684e-10,2.3481733291004225e-10,2.1812769934652455e-13,1.0129358780438728e-16
3457613.4016726078,1.4322861320605621e-05,0.00012036376255163056,4.297727879905345e-11,3.2893984397838586e-14,1.3459945884485916e-11,3.76276939774998e-14,3.3659631456953567e-11,2.5310560609923443e-13,5.033185884526233e-27,2.088496067612741e-20,6.2084103395425215e-31,1.3641979879787249e-13,1.8564434564471267e-15,7.1342516291981075e-22,4.79562215139066e-17,3.2540811569132736e-14,2.27695368346223e-28,1.3924282072471458e-25,9.323162048081956e-16,1.8980871172360682e-17,8.205201677137753e-19,2.303758381048978e-18,1.4076827677115945e-10,3.0643974024497215e-12,7.970897222567762e-12,1.549147960185826e-11,4.435609371310792e-19,2.624039582708626e-19,3.5758040389848713e-12,7.936990588339834e-11,9.810736612526414e-23,2.6790873568059104e-27,1.0807120316244376e-14,1.0654120050555675e-17,2.688217134265706e-18,2.9349185448073974e-19,1.7164712228921268e-15,1.0169050897421518e-16,1.0101214718257763e-16,3.347380516451318e-08,1.3019229421243638e-13,1.830647934762033e-08,3.928006016061352e-13,4.2283529574856476e-05,6.172532434326845e-10,1.362380743885147e-10,2.2004251639449746e-11,1.3326847573249198e-13,0.0001515551951125665,0.5003849943280033,2.194630968351639e-05,0.24979385652426575,8.367382704743504e-10,7.571333625496366e-13,3.7530314751759715e-16,1.9909667215968344e-13,1.4041285852388566e-14,4.6490929950061546e-17,5.875901446316358e-16,3.440434419110309e-17,2.1276903547963135e-20,4.128333846188368e-17,2.69452245125657e-07,3.837865918684872e-09,1.6037925826584848e-15,5.3967433471487015e-14,0.0,1.0621454764790591e-23,3.9467873588471685e-23,3.82577034299206e-08,1.2870901006096817e-08,1.3851118698116048e-18,6.213866840090122e-16,4.2514122220112156e-10,1.662876290645524e-13,1.8950932455677377e-09,2.5527352496743966e-12,1.1901076727111006e-11,8.751471952491602e-15,8.044124539123435e-09,2.008005043048492e-13,1.2636996933383004e-17,2.852929079050071e-17,9.225712880229205e-14,0.09999795183000502,2.0496463912730822e-06,1.371985625083329e-11,1.933683736433878e-13,1.3470563808480245e-17,8.130644775371692e-12,6.270672742682662e-13,3.4528332990749527e-17,4.780463257983555e-10,3.8499391588544674e-18,8.809208517115808e-14,5.159119778074112e-13,2.942609307604531e-21,2.091645991273053e-20,2.020746460247695e-14,6.5897155802224475e-09,2.249410284419767e-06,6.163903839604818e-05,4.267447010410648e-12,1.8728781344929493e-08,4.7161116091355355e-14,4.982603406040583e-13,2.453480250048891e-17,2.2306385750465335e-09,3.2988298366758703e-12,1.0948018089650785e-09,1.0057710643415985e-11,1.2530591463165614e-26,3.6193784331217316e-12,1.0460611177210526e-11,5.393091155655013e-15,9.969248495069719e-08,2.2731504775217651e-10,6.321472923694738e-16,2.4099998449395464e-13,1.7362333962653366e-13,0.000286022486167774,2.7937676690727087e-09,3.2504249175270825e-07,4.504123732921588e-10,1.3275480912936272e-20,3.939293748099156e-14,6.39113812106196e-14,4.5968851918617137e-14,7.646765949658148e-17,6.496684260003255e-19,4.624904587136213e-06,3.767739122007334e-09,3.817366740081221e-07,3.1274694056101526e-06,2.6545332156598864e-17,4.0888947715724404e-18,1.8933971424478693e-08,1.7458052637928146e-06,1.685279834429731e-14,1.1556946926133079e-14,4.561986270119498e-16,4.748606894571638e-16,0.0,0.0,1.5827404539758972e-12,1.4271764186622124e-14,1.6962674039054629e-19,1.5727425132594918e-14,2.1407765368587747e-27,2.5739377153154173e-21,5.190161282127992e-27,5.707366556121087e-31,1.7009339544002842e-29,1.5101018980660594e-08,5.977295560504701e-11,9.833043291012637e-11,3.3047095593622845e-16,2.300297236051219e-18,1.3518122380362345e-19,4.770597522605475e-10,2.931094241638931e-10,3.797066118867761e-13,1.8487644157057084e-16
4999999.999999989,1.8432882907270436e-05,9.609690343250715e-05,3.8115455619667525e-11,2.5844715445369625e-14,1.3422357893087599e-11,3.322466534220434e-14,3.768200953045719e-11,2.691803753326306e-13,8.537312022454032e-27,2.757638019968359e-20,6.925423740636148e-31,1.444386942682227e-13,1.959998519110595e-15,7.253859461627401e-22,6.121154933247632e-17,3.1021997750930103e-14,7.345553312452556e-28,2.0525093374073429e-25,1.5947666522756094e-15,2.4333207176685393e-17,1.4955615124349359e-18,4.012432594713643e-18,1.2260748819827295e-10,3.6117439897444984e-12,7.064369067813327e-12,1.3529209484318297e-11,4.785417837628664e-19,3.2633282447007235e-19,3.667631210419e-12,8.292139362510092e-11,1.4839450351524285e-22,4.1699355808881984e-27,1.2606586858145516e-14,1.4592339103757966e-17,3.89888410758052e-18,4.368532581525513e-19,1.8121394906259698e-15,1.333287013902483e-16,1.1596176969017753e-16,3.345602335082879e-08,1.2570035089756617e-13,2.3928142465895808e-08,3.5684445153439703e-13,6.243342349317352e-05,5.732216320243676e-10,2.6581752136769044e-10,2.832642921891784e-11,1.602484842282314e-13,0.00012659145465146143,0.5006139720641756,2.1978602254140064e-05,0.249678932386977,8.346856386739418e-10,9.23467732463062e-13,4.161702235168462e-16,2.2206768591552653e-13,1.720790093591093e-14,5.834793366715207e-17,7.550093509512211e-16,4.2018158905805904e-17,2.7047735078090557e-20,6.76909839772578e-17,3.206630217805614e-07,3.923953506905211e-09,1.5444722789911424e-15,5.639069012022827e-14,0.0,1.7661376640935854e-23,5.552178614508381e-23,4.5210912529276655e-08,1.5747720528768275e-08,1.7592347547007707e-18,1.1324250644306683e-15,4.4275797257648814e-10,1.695085115274509e-13,2.073536801753376e-09,2.720247985328652e-12,1.517989455271831e-11,8.87794412803429e-15,9.134412246768044e-09,3.1450501611720416e-13,2.194472276857397e-17,2.881994341102686e-17,1.3266308333275942e-13,0.09999864447613754,1.3570005031400803e-06,1.3475459329493557e-11,2.0630598622882508e-13,1.5454212719088435e-17,9.474076409377557e-12,8.197183345728516e-13,4.908181344442512e-17,4.542578447564658e-10,9.180073619312931e-18,7.71938010993136e-14,6.9070556547059e-13,4.2278414464358826e-21,2.3856696717573003e-20,2.7888385670882338e-14,6.579143954720849e-09,2.2494208560452653e-06,6.157072144199678e-05,4.047105472804553e-12,3.497028970164326e-08,5.868680129042385e-14,7.715196975056706e-13,4.523540464217753e-17,2.530704927782887e-09,3.2285043106633003e-12,1.341620389631362e-09,1.0845174378460986e-11,2.129651848758298e-26,5.198427740841293e-12,1.349674065964462e-11,8.385272945936336e-15,1.2908526803868501e-07,3.1062543018037697e-10,6.816454588478149e-16,3.3786055131831047e-13,2.4123725968919325e-13,0.00026492671408518824,2.5900290516887993e-09,4.0031379326590943e-07,6.552037485141125e-10,1.995128363609873e-20,5.910230910913654e-14,9.647446960793234e-14,7.930093745685193e-14,1.4147448975662753e-16,1.1995042774711031e-18,5.329036778862126e-06,3.6768866867415007e-09,4.1738925695727366e-07,3.091496733689783e-06,2.6343895182367537e-17,8.214427492716413e-18,2.476834381736191e-08,1.7341292713173642e-06,2.1334550589319092e-14,1.2279047757339589e-14,7.887307162858611e-16,5.648347477153861e-16,0.0,0.0,1.785321742032557e-12,1.620919853893766e-14,2.2400725401124783e-19,1.8690462264428074e-14,3.3182946341806164e-27,3.497831988828892e-21,7.162002239037284e-27,8.114460530696972e-31,2.787620960825924e-29,2.0879343419057902e-08,7.456716361780542e-11,1.4661840225122778e-10,6.886439760080337e-16,2.6902337961626617e-18,2.1389895468339164e-19,6.830518645272959e-10,4.001069069559043e-10,7.16965095859964e-13,3.6463446163014517e-16
