time_years,C,C+,C2,C2+,C2H,C2H+,C2H2,C2H2+,C2H3,C2H4,C2H5,C2N,C2N+,C2N2+,C2NH+,C3+,C3H2,C3H5+,C3N,C4H,C4N,C4N+,CH,CH+,CH2,CH2+,CH2CO,CH2OH,CH3,CH3+,CH3CCH,CH3CHO,CH3CN,CH3CNH+,CH3OH,CH3OH2+,CH4,CH4+,CH5+,CL,CL+,CN,CN+,CO,CO+,CO2,CS,CS+,E-,H,H+,H2,H2+,H2CL+,H2CN,H2CO,H2CO+,H2COH+,H2CS,H2CS+,H2CSH+,H2NO+,H2O,H2O+,H2S,H2S+,H2S2,H2S2+,H2SIO,H3+,H3O+,H3S+,HC3N,HCL,HCL+,HCN,HCN+,HCNH+,HCO,HCO+,HCO2+,HCOOH,HCS,HCS+,HE,HE+,HEH+,HNC,HNCO,HNO,HNO+,HNS+,HOC+,HOSO+,HS,HS+,HS2,HS2+,HSO+,MG,MG+,N,N+,N2,N2+,N2H+,NCCN,NH,NH+,NH2,NH2+,NH2CHO,NH3,NH3+,NH4+,NO,NO+,NO2,NS,NS+,O,O+,O2,O2+,O2H,O2H+,OCN,OCS,OCS+,OCSH+,OH,OH+,S,S+,S2,S2+,SI,SI+,SIC,SIC+,SIC2,SIC2+,SIC3,SIC3+,SIH,SIH+,SIH2,SIH2+,SIH3,SIH3+,SIH4,SIH4+,SIH5+,SIO,SIO+,SIOH+,SIS,SIS+,SISH+,SO,SO+,SO2,SO2+
0.0,1e-10,0.000177,0.0,0.0,0.0,0.0,0.0,0.0,0.0,0.0,0.0,0.0,0.0,0.0,0.0,0.0,0.0,0.0,0.0,0.0,0.0,0.0,0.0,0.0,0.0,0.0,0.0,0.0,0.0,0.0,0.0,0.0,0.0,0.0,0.0,0.0,0.0,0.0,0.0,0.0,3.39e-08,0.0,0.0,0.0,0.0,0.0,0.0,0.0,0.0001823239,0.5,0.0,0.25,0.0,0.0,0.0,0.0,0.0,0.0,0.0,0.0,0.0,0.0,0.0,0.0,0.0,0.0,0.0,0.0,0.0,0.0,0.0,0.0,0.0,0.0,0.0,0.0,0.0,0.0,0.0,0.0,0.0,0.0,0.0,0.0,0.1000000014901161,0.0,0.0,0.0,0.0,0.0,0.0,0.0,0.0,0.0,0.0,0.0,0.0,0.0,0.0,2.256e-06,0.0,6.18e-05,0.0,0.0,0.0,0.0,0.0,0.0,0.0,0.0,0.0,0.0,0.0,0.0,0.0,0.0,0.0,0.0,0.0,0.0,0.000334,0.0,0.0,0.0,0.0,0.0,0.0,0.0,0.0,0.0,0.0,0.0,0.0,3.51e-06,0.0,0.0,0.0,1.78e-06,0.0,0.0,0.0,0.0,0.0,0.0,0.0,0.0,0.0,0.0,0.0,0.0,0.0,0.0,0.0,0.0,0.0,0.0,0.0,0.0,0.0,0.0,0.0,0.0,0.0
1e-09,1.0000000001651977e-10,0.000177,6.766636708581417e-40,1.4459053827678422e-33,1.2431491202021402e-51,6.282153262343298e-43,1.1072992679956749e-66,1.8160448635464293e-54,-1.7518576939071997e-124,-8.869970045315976e-104,-1.3173566135314732e-116,1.3729223514264544e-68,4.267039340268583e-59,-3.910421847594713e-85,-2.2176488853462295e-70,7.287309792281738e-64,1.623134295578138e-145,-1.2545441023963807e-126,-3.253378435707536e-97,-2.757546841527862e-116,-8.27467811201381e-133,-7.282761604333248e-117,1.576817465012538e-29,4.8659899731034163e-23,7.884000000628704e-30,3.2264906072616295e-22,-1.7324210944447286e-102,-3.8751816384193656e-99,9.826723122378422e-49,2.0350121558152935e-33,-2.1807511733547506e-138,-4.39545047263102e-132,-4.390272321609146e-99,-8.331670925722224e-88,-3.87518163841942e-99,-2.501702095602841e-86,-1.0817389716814328e-64,-2.8876818150330813e-63,2.922816829004223e-51,9.018844574592903e-25,3.3899999999732734e-08,1.8919173768084627e-34,2.9225482225109865e-28,4.582722886759127e-34,4.583582746796213e-27,3.651818799622323e-61,3.5150477011182194e-50,6.589865299768305e-36,0.00018232390000096508,0.4999999999999997,4.3841330719504664e-16,0.24999999999999953,4.2960637646883426e-16,1.3696395429499079e-30,-2.2971360342296855e-65,-3.168435156971932e-64,2.857977583709475e-49,-5.65834232926398e-68,-2.568943187669066e-80,-5.056914954574908e-66,-1.1282954472335677e-72,-9.196251047431793e-81,4.3558196029587363e-41,7.070390367331186e-41,1.3170355705438235e-40,2.8700534265774247e-25,0.0,-1.5843997891438263e-74,-5.941851900018921e-93,3.522497338979873e-27,-2.2586118934656805e-52,6.222169841724181e-42,-3.098585846418422e-103,1.282473836907224e-41,2.672675999974083e-19,2.9422411258676127e-46,7.032213168532607e-38,1.6632590586519255e-49,2.0802112371474995e-45,1.2879777256708247e-36,-1.3553063655996302e-70,-3.862655782928626e-100,3.685452523099399e-62,9.39856209545179e-46,0.10000000149011602,9.308138295657887e-17,8.806281639802727e-29,2.9420360213269356e-46,-1.6088609906238868e-82,4.560888398290603e-81,-7.789050972642145e-57,-5.0858520345161254e-74,1.355136239079652e-38,-8.045224972658567e-96,1.355788908473675e-37,2.3092790704548286e-35,-4.008843518066508e-86,1.0061028991319855e-57,-8.293101696249393e-73,2.2559999999995207e-06,4.798243636306748e-19,6.179999999999975e-05,2.3894706659465983e-19,1.7840775838492006e-50,9.198587526775709e-43,4.8198031602329545e-54,-1.4666650258116372e-91,3.299667929439993e-45,1.4658443431427754e-30,-7.820691993954593e-66,4.2374628272498264e-42,-1.8072795600233282e-144,-1.8807589358996953e-69,-2.9912399640907797e-54,-1.964650022744905e-68,4.2238087078587084e-40,1.384565159645092e-44,-7.781641245609569e-99,8.807768757615089e-54,2.2094397288171362e-40,0.0003339999999999967,3.3179331027169094e-18,1.2923770934850993e-28,3.446712461080353e-42,-1.0443734996311016e-86,1.108916699778925e-54,1.3513916367793824e-61,-8.531388262860211e-78,1.6499213298728042e-62,-1.7897308186436924e-91,7.292090122388639e-24,2.1050835298160697e-29,1.933020407786626e-22,3.51e-06,3.697043145455959e-65,3.140744499934994e-57,4.1606872820685974e-22,1.7799999999999997e-06,7.76053110509935e-51,4.116638375909121e-46,-1.7148754297976707e-98,2.32610107132817e-68,0.0,0.0,1.9887947645809423e-38,3.3687427647051496e-25,1.5055590952418327e-56,4.210055999993352e-26,-5.43143909299993e-77,4.780650232272024e-44,-5.431439093000016e-77,-1.6900177236764135e-101,1.3762678171934997e-64,4.567154075177093e-44,1.9092670116635206e-29,1.6376981359276818e-40,6.451999576386109e-62,3.081993561558528e-55,9.410275735548797e-59,5.9852357405645344e-49,7.382550433989635e-40,8.83685285197212e-70,-7.62705041817252e-83
1.4460841682246074e-09,1.0000000002388897e-10,0.00017699999999999997,9.785126217136944e-40,2.0909008829146428e-33,2.599622995340408e-51,1.3136983983033651e-42,3.3490926503585376e-66,5.491706112130742e-54,-3.2833536278962646e-124,-1.8616782945918652e-103,-2.8306612215298023e-116,4.1517069395292104e-68,1.2903495103523144e-58,-1.8490389869139362e-85,-1.0471041080708618e-70,2.203677040228732e-63,4.381131291751663e-145,-2.8495424212354403e-126,-1.5383566860112458e-97,-5.0725536741544787e-116,-1.6498999604251187e-132,-1.34360556578763e-116,2.280222038581918e-29,7.036631062806908e-23,1.1400927583597522e-29,4.665776986070342e-22,-3.591278922439548e-102,-7.726918738082305e-99,2.6509059719595192e-48,4.2555348426713675e-33,-3.8458913471718055e-138,-8.014480452707082e-132,-8.359856478363396e-99,-1.5325095338702893e-87,-7.726918738082505e-99,-4.6014396606527555e-86,-5.107631289141495e-65,-1.3634725693344495e-63,8.838576265565455e-51,1.3042009440908622e-24,3.389999999961351e-08,2.7358812795376167e-34,4.2262507154862025e-28,6.627177870063176e-34,6.628246443921478e-27,1.1043073279038851e-60,7.350525153524167e-50,9.529499881663534e-36,0.00018232390000139562,0.4999999999999996,6.339825426753139e-16,0.2499999999999993,6.21246979576019e-16,2.864134634412307e-30,3.3264344330885088e-65,3.27875308025185e-64,8.642502871966024e-49,-2.6716913593496628e-68,-3.878995902337265e-80,7.322812310337593e-66,-5.327456551977922e-73,-1.6914881421562285e-80,9.108713201469094e-41,2.138080767445353e-40,2.7541313419098826e-40,4.15033882212772e-25,0.0,-7.481037697439111e-75,-1.09289883230707e-92,7.366103497901949e-27,-1.0664455291031343e-52,1.301154908723883e-41,-1.4635917627514753e-103,2.691889715584159e-41,3.8649144503396727e-19,6.152822822773239e-46,1.470547882195389e-37,5.0296829734218926e-49,4.3500534101879696e-45,2.6933667558304652e-36,-6.399330573631639e-71,-8.007195037982509e-100,1.114478091166897e-61,1.9653891688060783e-45,0.10000000149011598,1.3460351424996046e-16,1.841533882009825e-28,6.1522663447664284e-46,-7.596535819102083e-83,1.8283846530399816e-80,-3.6777449945788896e-57,-9.354527583820674e-74,2.8338059138930097e-38,-1.4797808991356523e-95,2.835170749642984e-37,3.3686350122631436e-35,-7.373560421105844e-86,3.04244765419159e-57,-1.525369752135112e-72,2.2559999999993068e-06,6.93866415774744e-19,6.179999999999965e-05,3.455375700458157e-19,3.730800204411792e-50,1.9247261030738683e-42,1.4596656972837755e-53,-6.926806134147316e-92,4.773732372772377e-45,3.065314208734786e-30,-1.4384779384841348e-65,1.2814055947460762e-41,-4.344243644418637e-144,-3.459324263680228e-69,-1.4123694715572165e-54,-3.6136271180702306e-68,8.832657374429481e-40,4.0307157151837183e-44,7.616130508117416e-98,2.6634626953629955e-53,4.620290705348572e-40,0.0003339999999999952,4.798010531047012e-18,1.868886054273413e-28,7.256576449185766e-42,-5.473773981859839e-87,3.353355819610398e-54,4.086598402734172e-61,-4.028253604642514e-78,4.989349788908848e-62,-3.2921899808216705e-91,1.0544976079251137e-23,4.402065256589166e-29,2.7953102085564385e-22,3.51e-06,1.1179936152013244e-64,9.497587915200852e-57,6.016704007522864e-22,1.7799999999999995e-06,1.6228507739031746e-50,8.608568543099795e-46,-3.154542120621599e-98,7.034112271427241e-68,0.0,0.0,4.158886909565884e-38,4.871485578824939e-25,4.552799461656805e-56,6.088095328925115e-26,-2.5645547847983306e-77,9.99710177448879e-44,-2.5645547847984948e-77,-3.547093269785104e-101,4.161823602264293e-64,9.550647279611535e-44,2.760960798532676e-29,3.424687886669361e-40,1.9510798568261194e-61,9.319925516192686e-55,2.845660355580046e-58,1.2516865404631696e-48,1.5438089895392958e-39,2.672654280365077e-69,-3.612995094866632e-83
2.0911594215898465e-09,1.0000000003454546e-10,0.00017699999999999997,1.4150116108207548e-39,3.0236186644094226e-33,5.43622611985791e-51,2.7471527829249406e-42,1.0129885465379578e-65,1.6606878295297022e-53,-2.0385005278883376e-124,-2.263658102502339e-103,-3.768580603902626e-116,1.2554730786032241e-67,3.902007284506722e-58,3.0223594269607326e-84,1.7149749818296276e-69,6.663902916592076e-63,1.0167037613909447e-144,-4.5402567874810845e-126,2.5145315135735664e-96,-2.5975449553395993e-116,-1.574806961383602e-132,-7.10429132037059e-117,3.2974165495491765e-29,1.0175560777483847e-22,1.6486700882563635e-29,6.747106231989354e-22,-4.142947536973136e-102,-7.375961172770531e-99,7.345710628540255e-48,8.899001780120791e-33,-1.045852010112884e-138,-3.732854167493947e-132,-5.88881989495479e-99,-7.84108295342154e-88,-7.375961172771196e-99,-2.3535445793002068e-86,8.365414875860456e-64,2.2331317387378444e-62,2.67277886273546e-50,1.885984564514767e-24,3.38999999994411e-08,3.9563344984042626e-34,6.111514250696343e-28,9.583822650013706e-34,9.585002245712817e-27,3.339417292225817e-60,1.5371120037267863e-49,1.3780458911928937e-35,0.00018232390000201817,0.4999999999999994,9.167921178968235e-16,0.24999999999999897,8.983754217140725e-16,5.9893621254245956e-30,4.6939384667697163e-64,5.608304989444962e-63,2.6134864149244343e-48,4.375767364116421e-67,2.9515188917003297e-80,1.0333235504854779e-64,8.725450048643545e-72,-8.651624364867829e-81,1.904777142980022e-40,6.465540275159055e-40,5.7593277039252655e-40,6.001739263437055e-25,0.0,1.2252643062621888e-73,-5.589959474370076e-93,1.540369672994978e-26,1.746652930660254e-51,2.7209223463212947e-41,2.3958895406671175e-102,5.659508650735564e-41,5.588991598143727e-19,1.2866919191464583e-45,3.075150058736355e-37,1.5209723753791795e-48,9.09665542330815e-45,5.6322592672397846e-36,1.0480994287349109e-69,-9.237089236550595e-100,3.3701734263150076e-61,4.1099420812979147e-45,0.10000000149011591,1.9464801094426234e-16,3.850940927496705e-28,1.2865369731326718e-45,1.244180892475944e-81,7.282189215169301e-80,6.023508840844272e-56,-4.784654219182676e-74,5.925939935805724e-38,-7.569009661429575e-96,5.928794024935583e-37,4.932439938357395e-35,-3.771429039748559e-86,9.20033898767014e-57,-7.801961942840997e-73,2.255999999998997e-06,1.0033892387145607e-18,6.179999999999948e-05,4.996764095691484e-19,7.801726895129376e-50,4.028401248781505e-42,4.421775590366261e-53,1.1341101798849293e-90,6.907683098168409e-45,6.410060687691392e-30,-7.357477486607146e-66,3.874960949943934e-41,-8.019617319223517e-144,-1.7693753411338663e-69,2.31321638947592e-53,-1.8482981725304922e-68,1.847049468620555e-39,1.1862217237502912e-43,5.604215044162582e-97,8.05429130216179e-53,9.661764438966626e-40,0.0003339999999999931,6.938327067879631e-18,2.702566535318255e-28,1.5322686311834217e-41,7.732909639478941e-86,1.0140522958260742e-53,1.2357843715798355e-60,6.59758055576295e-77,1.5087756532713654e-61,-1.6855761768434097e-91,1.5248922962507788e-23,9.205420235711258e-29,4.0422538378724267e-22,3.51e-06,3.380842142384928e-64,2.872063493506128e-56,8.700660410151404e-22,1.7799999999999993e-06,3.3936396863055695e-50,1.8001953983295294e-45,-1.6153727467899706e-98,2.1271102987961515e-67,0.0,0.0,8.69689554427705e-38,7.044578171197144e-25,1.37676315752337e-55,8.803898269791793e-26,4.2002962245359465e-76,2.090553356415573e-43,4.2002962245359366e-76,-4.312947524904155e-101,1.2585323495860033e-63,1.9971926057529226e-43,3.9925816999567545e-29,7.1615683402254716e-40,5.900050927863663e-61,2.818338516687584e-54,8.605255666130076e-58,2.6177129698847502e-48,3.228350713608151e-39,8.08351031031481e-69,5.890779265784924e-82
3.023992532794805e-09,1.0000000004995565e-10,0.00017699999999999997,2.0462258885810727e-39,4.372407081977653e-33,1.1368015470158066e-50,5.744734425120862e-42,3.0638996726050555e-65,5.021907601364145e-53,1.6557822198610824e-123,2.991551876115187e-103,2.6616034561993007e-116,3.7965412155317886e-67,1.1799640892672904e-57,1.914672987447657e-83,1.0862602031931232e-68,2.0151592665328196e-62,2.0909423658926675e-144,-1.6318674549354364e-126,1.5929626121682834e-95,2.878907388189391e-115,5.142201342644624e-132,7.496092916460074e-116,4.7683911350550805e-29,1.471471734296214e-22,2.3841157134303438e-29,9.756883503338987e-22,7.064373950751386e-102,2.40781180082735e-98,2.081102326710142e-47,1.8609231415137818e-32,2.7143564932780893e-137,4.75944520647985e-131,3.816133708172452e-98,8.701491746772498e-87,2.407811800827139e-98,2.613119939495827e-85,5.298629615225783e-63,1.4144591936874897e-61,8.082463322653298e-50,2.727292895124177e-24,3.3899999999191784e-08,5.721234283707448e-34,8.837764001986406e-28,1.385977884210565e-33,1.386072000006262e-26,1.0098373454975885e-59,3.214346281546081e-49,1.992770346750274e-35,0.00018232390000291846,0.49999999999999906,1.3257585672505509e-15,0.2499999999999985,1.299126474445759e-15,1.252471103780899e-29,2.449912491009052e-63,2.9859274807954514e-62,7.903163403225585e-48,2.771598410536618e-66,5.06839059129763e-79,5.393237025817928e-64,5.526674880369543e-71,9.605822780530284e-80,3.983192668568165e-40,1.9551745512263844e-39,1.2043672390070299e-39,8.679020130647885e-25,0.0,7.76078872846143e-73,6.206483059790011e-92,3.221158554386383e-26,1.1063249216604513e-50,5.689882399910483e-41,1.5176139417661445e-101,1.1926677054989346e-40,8.082152266342878e-19,2.6907945878563806e-45,6.430629018082202e-37,4.599409105688833e-48,1.9022557449933323e-44,1.1777952031489103e-35,6.638631510897469e-69,1.575156840014249e-99,1.0191379277252389e-60,8.59454411716271e-45,0.10000000149011583,2.814774070029077e-16,8.052931402384478e-28,2.690353912692389e-45,7.880605841413292e-81,2.706396823615137e-79,3.815273102919072e-55,5.312359686678903e-73,1.2392085128570047e-37,8.403422595301414e-95,1.2398053483920967e-36,7.260514431304058e-35,4.187384640790983e-85,2.782175639782783e-56,8.662450033950052e-72,2.255999999998549e-06,1.4509852926719725e-18,6.179999999999925e-05,7.225741451113678e-19,1.6314742087618728e-49,8.434589383317904e-42,1.3393091321941776e-52,7.183622101665784e-90,9.998426839833616e-45,1.3404458799915023e-29,8.169030450948923e-65,1.1717852977363223e-40,-8.827246496898729e-144,1.964521948998678e-68,1.4651845801593866e-52,2.052149277675005e-67,3.8624748984461005e-39,3.5188206335624306e-43,2.588376231860051e-96,2.435611675471002e-52,2.020428973570571e-39,0.00033399999999999,1.0033404926736397e-17,3.908138680334432e-28,3.2489815719034114e-41,4.963137612582942e-85,3.066486570428909e-53,3.7370028966030124e-60,4.1788885026683685e-76,4.562526316853536e-61,1.8686326534255206e-90,2.2051226078549959e-23,1.9250001255424687e-28,5.845439278897392e-22,3.51e-06,1.0223747005097268e-63,8.685098558056112e-56,1.258188727217481e-21,1.7799999999999988e-06,7.096641605384847e-50,3.7645151537113855e-45,1.790347664421481e-97,6.432365661199073e-67,0.0,0.0,1.8186595056033175e-37,1.0187052965029798e-24,4.163321507741759e-55,1.2731177906587175e-25,2.6604554975341205e-75,4.371680347556638e-43,2.660455497534129e-75,5.700129876464738e-101,3.8057924273739515e-63,4.176448139235838e-43,5.773609186880564e-29,1.4975981108059137e-39,1.7841709976728624e-60,8.522634629269021e-54,2.6022228877128176e-57,5.474771426807753e-48,6.75099601095186e-39,2.444845283338073e-68,3.7326114332255736e-81
4.372947726504e-09,1.0000000007224005e-10,0.0001769999999999999,2.959014862755878e-39,6.32286865959168e-33,2.3772332660414463e-50,1.2013155519318258e-41,9.256825395701063e-65,1.5186211012859436e-52,-4.322206649530329e-119,-2.033460121419707e-99,-2.4182659244910356e-111,1.1480712276728613e-66,3.568202593028665e-57,-7.575465975573278e-83,-4.271284789281014e-68,6.093826566022574e-62,2.9891733982040618e-139,-2.713313307404956e-120,-6.302608532019482e-95,-6.783441231466304e-113,-1.9670279426350261e-128,-2.1541147176991752e-113,6.895597952850932e-29,2.127871978921355e-22,3.447631988778004e-29,1.4109274765243128e-21,-3.617909916082955e-98,-9.186200784330019e-95,5.999983982727149e-47,3.8914869601988796e-32,-3.316936807902111e-132,-7.454027452261267e-126,-6.586631806631614e-95,-2.0410385489017065e-84,-9.186200784330633e-95,-6.11595312026483e-83,-2.083474456517583e-62,-5.561795818304897e-61,2.4441308735230745e-49,3.943896070765584e-24,3.389999999883125e-08,8.273473315457902e-34,1.278015060614457e-27,2.004400573621316e-33,2.0043767752577493e-26,3.053739927363243e-59,6.7217106104389405e-49,2.881713650198865e-35,0.0001823239000042204,0.4999999999999986,1.9171584750034774e-15,0.24999999999999786,1.878646227181774e-15,2.619116748914437e-29,-6.308232642316473e-63,-8.141725907122701e-62,2.3899107117698027e-47,-1.0898203721851019e-65,-4.886523114936621e-77,-1.388694248459321e-63,-2.173144444326665e-70,-2.248222936352889e-77,8.329490876873308e-40,5.912433243620114e-39,2.5185238988987248e-39,1.2550593606589786e-24,0.0,-3.0516201891393027e-72,-1.4526145115764494e-89,6.735956059354114e-26,-4.350180865595754e-50,1.1898451188269772e-40,-5.976850822732896e-101,2.521801087530427e-40,1.168747243738618e-18,5.627233228239775e-45,1.3447470457769817e-36,1.3908578791470534e-47,3.977920252189133e-44,2.4629575357572497e-35,-2.6103766828607467e-68,-8.063009558509271e-96,3.0818654808633917e-60,1.797256194015826e-44,0.1000000014901157,4.0704002197981886e-16,1.6839963373101133e-27,5.625958932247176e-45,-3.098733515536691e-80,-9.380826648311061e-77,-1.500203758024482e-54,-1.2433467867766371e-70,2.5913825569856595e-37,-1.972285767880036e-92,2.5926306352310363e-36,1.076654658883217e-34,-9.800487067800584e-83,8.413278359716877e-56,-2.0274284968180962e-69,2.255999999997902e-06,2.0982468600594885e-18,6.179999999999894e-05,1.0449030316100216e-18,3.4116990878982118e-49,1.76700048950651e-41,4.0212089103937145e-52,-2.8276173013379226e-89,1.4478089122333938e-44,2.8030860310411876e-29,-1.911941384933332e-62,3.5434699905780807e-40,-3.338190328142841e-136,-4.597922953473479e-66,-5.761253138673812e-52,-4.8030129003700996e-65,8.077050774532902e-39,1.04980506737712e-42,4.2828308997009274e-93,7.365271519387534e-52,4.2250390837288164e-39,0.0003339999999999855,1.450914801775501e-17,5.65149747293536e-28,6.929503178715388e-41,-2.9160260541203706e-84,9.273032491060076e-53,1.1300666394441358e-59,-1.6431814817772495e-75,1.379704541037141e-60,-4.4024824487524615e-88,3.188792892211339e-23,4.02548214903632e-28,8.452997197542061e-22,3.5099999999999994e-06,3.091512878157987e-63,2.626367318640185e-55,1.819446799058718e-21,1.779999999999998e-06,1.4840208960449462e-49,7.872260558689752e-45,-4.218516412710866e-95,1.9451425711582852e-66,0.0,0.0,3.803106959817028e-37,1.4731336013262526e-24,1.2589853151513354e-54,1.8410354813527397e-25,-1.0461178611918075e-74,9.14188054682688e-43,-1.0461178611920072e-74,-3.8726801340699673e-97,1.1508687882475848e-62,8.73361889022212e-43,8.349124839144701e-29,3.131716399178148e-39,5.395319737240306e-60,2.5772383479742935e-53,7.869102581163856e-57,1.1450785896200874e-47,1.4117408913398882e-38,7.387898675007538e-68,-1.488343810014504e-80
6.3236504757711994e-09,1.0000000010446519e-10,0.00017699999999999988,4.2789845479683353e-39,9.143400269139807e-33,4.971173743176044e-50,2.512142335237259e-41,2.793393146290701e-64,4.592298818642376e-52,-4.204450056371301e-118,-2.019641910230399e-98,-2.416144021806319e-110,3.471758812964642e-66,1.079021798365747e-56,-1.1637313346903375e-81,-6.576332027322652e-67,1.8427685973294874e-61,3.1758344221741003e-138,-2.738741539465064e-119,-9.681969412820225e-94,-6.689279806191482e-112,-1.9354073221221695e-127,-2.125835570671247e-112,9.97183047080809e-29,3.0770819806549765e-22,4.9855660376121136e-29,2.04031988628411e-21,-3.593023386818909e-97,-9.038847410734167e-94,1.7530666077458147e-46,8.137719620716346e-32,-2.933223201742292e-131,-7.175483988388339e-125,-6.482751562085459e-94,-2.0126251411854767e-83,-9.03884741073496e-94,-6.030754744000027e-82,-3.207845171262289e-61,-8.563282259391749e-60,7.391033511363822e-49,5.7032077456101145e-24,3.389999999830989e-08,1.196432069830342e-33,1.8481173459838494e-27,2.8988663079909494e-33,2.8984975219185335e-26,9.234482088170701e-59,1.405616877320239e-48,4.167200488699009e-35,0.00018232390000610306,0.499999999999998,2.7723725187100886e-15,0.24999999999999692,2.7166805667478114e-15,5.476990665657442e-29,-1.1500996323468522e-61,-1.447142368464715e-60,7.227072147058204e-47,-1.677954344978783e-64,-4.8844401874672083e-76,-2.531829174880949e-62,-3.3459064225284736e-69,-2.2169040331690426e-76,1.7418293324187944e-39,1.7879153982159864e-38,5.266634979666164e-39,1.8149214716220925e-24,0.0,-4.698461769581422e-71,-1.4323788434399208e-88,1.408595797667427e-25,-6.697805503125065e-49,2.4881558304552153e-40,-9.197011128225647e-100,5.3573820581421195e-40,1.6901068857945838e-18,1.1768508569508425e-44,2.812080454388727e-36,4.205943841138425e-47,8.318466105505832e-44,5.150436855841409e-35,-4.0190961818863906e-67,-8.007509024699004e-95,9.319538183963896e-60,3.7583492337966803e-44,0.10000000149011552,5.886141316188091e-16,3.521504806564242e-27,1.176477702758159e-44,-4.771000320743623e-79,-9.170770759307973e-76,-2.309805798068975e-53,-1.2260263257962601e-69,5.41899404901552e-37,-1.9447291709397434e-91,5.4216039795761446e-36,1.6128156481267344e-34,-9.663961236398052e-82,2.5441690936737937e-55,-1.9991853738653375e-68,2.255999999996966e-06,3.03424156535859e-18,6.179999999999848e-05,1.5110177313328665e-18,7.134486599280746e-49,3.704736490626334e-41,1.1958317670234074e-51,-4.351915079336906e-88,2.0977358672541434e-44,5.861699763234783e-29,-1.8853070795210914e-61,1.0715426792982216e-39,-3.420260237789957e-135,-4.533871519110172e-65,-8.870378994482748e-51,-4.7361044574679794e-64,1.6890400825802867e-38,3.1447332650296234e-42,4.9400970516413294e-92,2.2272526076461565e-51,8.835230286505446e-39,0.00033399999999997906,2.0981449242515444e-17,8.172541022535287e-28,1.4900037864692997e-40,-3.94662523559696e-83,2.8041581010500306e-52,3.417311358790905e-59,-2.529942801810679e-74,4.1722161578901525e-60,-4.341278753926871e-87,4.611262917169918e-23,8.417924922237324e-28,1.2223745421433992e-21,3.509999999999999e-06,9.347728639351997e-63,7.9421151601212e-55,2.6310732110266052e-21,1.7799999999999974e-06,3.1033242803249802e-49,1.6462330939392016e-44,-4.1599588892625087e-94,5.882096599151453e-66,0.0,0.0,7.952902950367625e-37,2.1302751784880322e-24,3.8071621922503884e-54,2.6622922627157552e-25,-1.6106672761568967e-73,1.911712963610621e-42,-1.6106672761570934e-73,-3.846345525765707e-96,3.4802186223978057e-62,1.8263389472457776e-42,1.2073537249422872e-28,6.548918253922638e-39,1.631540633901892e-59,7.793549520272379e-53,2.379610744560306e-56,2.395196891832093e-47,2.952175265763411e-38,2.230391615665389e-67,-2.279922169685371e-79
9.144530838398738e-09,1.0000000015106547e-10,0.00017699999999999986,6.187771813813533e-39,1.3222126378675094e-32,1.0395516814170837e-49,5.253290114256306e-41,8.447892228264206e-64,1.388707734205069e-51,-1.4077678020910722e-117,-7.022984203123864e-98,-8.505626042201649e-110,1.049857272684178e-65,3.262953861136199e-56,-3.410635272093301e-81,-1.926294331080105e-66,5.5725184786837574e-61,1.2381290779698102e-137,-9.819058103698034e-119,-2.8375678695982638e-93,-2.2327677756451646e-111,-6.610442855560575e-127,-7.143496819989242e-112,1.4420556693006106e-28,4.449719536403924e-22,7.209548118250956e-29,2.9504742856049014e-21,-1.2488319033321954e-96,-3.087432080262858e-93,5.173021927963568e-46,1.7017269054822649e-31,-7.914629706792066e-131,-2.354018157294701e-124,-2.210960430712353e-93,-6.716384097015311e-83,-3.08743208026325e-93,-2.012371706984243e-81,-9.396201239514171e-61,-2.5082982213733645e-59,2.2350430147922903e-48,8.247322771425675e-24,3.389999999755596e-08,1.730179517033658e-33,2.6725332352088704e-27,4.192703898309732e-33,4.1914713782126734e-26,2.7925005427681958e-58,2.9393690671708525e-48,6.026122656268097e-35,0.00018232390000882555,0.49999999999999706,4.009084007790246e-15,0.24999999999999553,3.9285487575413996e-15,1.1453260632211176e-28,-3.3646468681907885e-61,-4.2343822821274406e-60,2.185461220660021e-46,-4.9149493985473504e-64,-1.6223810506771146e-75,-7.406933159948808e-62,-9.800600957588772e-69,-7.397473687605006e-76,3.642442819279394e-39,5.406642813440903e-38,1.1013373357757998e-38,2.6245292066649047e-24,0.0,-1.3762413690761398e-70,-4.7796317055360047e-88,2.9455983734257217e-25,-1.9618754959663036e-48,5.203130507202357e-40,-2.69431177355815e-99,1.145683465810734e-39,2.444036810088085e-18,2.461305352847929e-44,5.880508536333909e-36,1.2718742768907485e-46,1.7395240861725211e-43,1.0770384556296435e-34,-1.1772462356472326e-66,-2.7831540425614185e-94,2.818221387943824e-59,7.859307442144323e-44,0.10000000149011526,8.511855769272337e-16,7.364027954044046e-27,2.460202432696006e-44,-1.3974888679568557e-78,-3.0621635857208164e-75,-6.765725570251359e-53,-4.091064542957902e-69,1.133198046123309e-36,-6.489276055085148e-91,1.13374382420509e-35,2.4491261640255103e-34,-3.2247177999272223e-81,7.693548341429469e-55,-6.670979428168248e-68,2.2559999999956125e-06,4.387768690233234e-18,6.17999999999978e-05,2.185058819169815e-18,1.4919590516220784e-48,7.776396614339724e-41,3.618568354481489e-51,-1.2748536931098623e-87,3.042039834273373e-44,1.2257748686105362e-28,-6.290984779702404e-61,3.240337060753525e-39,-1.2581039620147994e-134,-1.5128843993131834e-64,-2.598250901973568e-50,-1.5803664742200634e-63,3.5320520821242895e-38,9.447188191995248e-42,2.1621960725118192e-91,6.735195254171793e-51,1.8475875055483334e-38,0.0003339999999999697,3.034094157519957e-17,1.1818182187193443e-27,3.239620173069752e-40,-1.1954662139155043e-82,8.479753158337557e-52,1.0333924234310017e-58,-7.410536064917804e-74,1.2616750515125906e-59,-1.4489808798653953e-86,6.668274300032194e-23,1.760322301088369e-27,1.767656473038867e-21,3.509999999999998e-06,2.826757766876541e-62,2.401689693878212e-54,3.804753315865441e-21,1.779999999999996e-06,6.489545812264702e-49,3.442590005100512e-44,-1.3885234916514338e-93,1.7787416194339404e-65,0.0,0.0,1.663078793374888e-36,3.0805572094279454e-24,1.1512830040464436e-53,3.849898692282972e-25,-4.717856706946054e-73,3.9976965750968546e-42,-4.7178567069467114e-73,-1.3374930066413188e-95,1.0524155126564159e-61,3.819165910337338e-42,1.7459351072961993e-28,1.3694832108014473e-38,4.933766696921367e-59,2.35676355531799e-52,7.195925122504341e-56,5.01071929434439e-47,6.173469121168658e-38,6.745124764495277e-67,-6.686633740218704e-79
1.3223761271250085e-08,1.0000000021845338e-10,0.00017699999999999978,8.948038862645925e-39,1.9120307638452307e-32,2.173868294266865e-49,1.098546712145959e-40,2.558890235708056e-63,4.199441856041673e-51,-2.958946268150326e-117,-1.6108458709250694e-97,-2.0032339618253846e-109,3.1747605579050704e-65,9.867148120476721e-56,-3.542133597498316e-81,-1.9913708826147906e-66,1.68512543108417e-60,3.5082544161581564e-137,-2.4002663825526977e-118,-2.946971408866096e-93,-4.633116303419709e-111,-1.4564108591013068e-126,-1.5085619728278832e-111,2.08542808418724e-28,6.434668974318814e-22,1.0425613397247633e-28,4.266634153032417e-21,-2.8613576293010734e-96,-6.803160397578529e-93,1.537501273640304e-45,3.558582251282977e-31,-6.755180688088815e-131,-4.696512462568864e-124,-4.853094878003141e-93,-1.3929171731961228e-82,-6.803160397580008e-93,-4.1725584923161974e-81,-9.713635091493752e-61,-2.5930365897049794e-59,6.758753386730544e-48,1.1926331970653741e-23,3.389999999646571e-08,2.502064760692407e-33,3.8647080008249414e-27,6.064464919351421e-33,6.061220401867631e-26,8.44450416192234e-58,6.146689593578596e-48,8.714280576835467e-35,0.0001823239000127625,0.4999999999999957,5.7974729128788455e-15,0.24999999999999356,5.681012162052704e-15,2.395059387825255e-28,-3.215242452443225e-61,-4.092668403232943e-60,6.608818411538688e-46,-5.080992171487858e-64,-3.308040308908832e-75,-7.078034299495173e-62,-1.0131697748592969e-68,-1.533831525805216e-75,7.616928619109026e-39,1.6349647493299082e-37,2.303071946042437e-38,3.795290134762076e-24,0.0,-1.422735222396588e-70,-9.910342505212221e-88,6.159715790571857e-25,-2.02815394916761e-48,1.088057538178347e-39,-2.788618838742461e-99,2.4725238591552473e-39,3.534282937486735e-18,5.147957404488349e-44,1.2297080829101784e-35,3.846138315667482e-46,3.637622814507704e-43,2.2522591138742796e-34,-1.2170173938497787e-66,-6.376705020181558e-94,8.522280445414709e-59,1.6435064902381619e-43,0.10000000149011488,1.2308859870155955e-15,1.5399356435810986e-26,5.144675497006069e-44,-1.44470054130584e-78,-6.379974405547984e-75,-6.994293503001726e-53,-8.482630739641634e-69,2.36969777070667e-36,-1.3455446470123354e-90,2.37083907966521e-35,3.7860133476312305e-34,-6.686301340619697e-81,2.3265232734721365e-54,-1.3831963432979462e-67,2.2559999999936554e-06,6.3450828367760614e-18,6.179999999999683e-05,3.1597789650048277e-18,3.119997302482096e-48,1.6349991668315742e-40,1.1088908691801158e-50,-1.318946955796565e-87,4.416900506791969e-44,2.563290665148003e-28,-1.3044062325869418e-60,9.798755074519847e-39,-3.2296212273710953e-134,-3.136894951647273e-64,-2.686028160256519e-50,-3.276815873689791e-63,7.386083989060939e-38,2.8437609133439527e-41,7.179480443652798e-91,2.0367180155655529e-50,3.863600019421372e-38,0.00033399999999995613,4.387555525922956e-17,1.7090086158803408e-27,7.148886306422866e-40,-1.571494857880231e-82,2.5642710229906194e-51,3.124972219983331e-58,-7.660889476016853e-74,3.815295986579224e-59,-3.0063797190256218e-86,9.642885894637906e-23,3.681114564807808e-27,2.5561800405306467e-21,3.5099999999999977e-06,8.548807645067418e-62,7.262691700249511e-54,5.5019935339894056e-21,1.7799999999999944e-06,1.3570674882925067e-48,7.199168305016008e-44,-2.881262839712424e-93,5.37890138310221e-65,0.0,0.0,3.477762887641765e-36,4.454745009559765e-24,3.481471207127374e-53,5.567277548143154e-25,-4.8772410569005446e-73,8.359820857269183e-42,-4.8772410569019075e-73,-3.06771390684107e-95,3.1824966513000494e-61,7.986484817710995e-42,2.5247691178480182e-28,2.8638077190075153e-38,1.4919673837521583e-58,7.126835392289007e-52,2.1760423836737066e-55,1.0484202626738333e-46,1.2909708116574326e-37,2.042407304044082e-66,-6.984355448745213e-79
1.912267181873642e-08,1.0000000031590199e-10,0.0001769999999999997,1.2939617348694836e-38,2.7649574192613256e-32,4.545905169212253e-49,2.297236308578134e-40,7.755138671705543e-63,1.2699080965372605e-50,-3.039469238656491e-117,-2.368076417336479e-97,-3.199365130323197e-109,9.600452239817661e-65,2.9838182274619578e-55,1.6474887930516864e-80,9.3652684722852e-66,5.095806737455381e-60,8.403458564726602e-137,-4.248183292852311e-118,1.3706716770450628e-92,-4.422282640061904e-111,-1.850537546927298e-126,-1.582041908206248e-111,3.015901546970908e-28,9.305072930870558e-22,1.507631448488221e-28,6.1699121000250405e-21,-4.191458996256694e-96,-8.648938788786631e-93,4.593314387063489e-45,7.441562802003082e-31,4.541031110520269e-130,-3.4928465313991248e-124,-6.073653336118182e-93,-1.3253701632144815e-82,-8.648938788791618e-93,-3.9652442824432713e-81,4.5682507936176834e-60,1.2194859444876068e-58,2.0438419770562177e-47,1.7246498836854364e-23,3.3899999994889115e-08,3.618362596155627e-33,5.588693055505099e-27,8.772784380923178e-33,8.765034863820605e-26,2.5536131065833633e-57,1.2853708687507278e-47,1.2601583195996082e-34,0.00018232390001845565,0.49999999999999384,8.383633795298864e-15,0.24999999999999067,8.215221746353385e-15,5.008451003900287e-28,1.8209668207639727e-60,2.25908125742383e-59,1.9985017525284372e-45,2.3895530677349203e-63,-2.829504569062604e-75,4.008676112518052e-61,4.7648614237180944e-68,-1.4576228710726246e-75,1.592821204533855e-38,4.944121192539645e-37,4.816090598524214e-38,5.488308977616649e-24,0.0,6.691018597773254e-70,-9.417945617462086e-88,1.2880947709053203e-24,9.538258143193581e-48,2.2753017721589428e-39,1.3077636606932245e-98,5.402433456749775e-39,5.110870601633554e-18,1.0768149613102177e-43,2.571515643264152e-35,1.1630693545454597e-45,7.606851133803025e-43,4.709832865748395e-34,5.72354285936398e-66,-9.340266271798147e-94,2.577131247952785e-58,3.4368341110107944e-43,0.10000000149011434,1.7799647387127626e-15,3.22025092937214e-26,1.0758336639174046e-43,6.794319742002103e-78,-6.245467528719625e-75,3.289364546434655e-52,-8.061169927625747e-69,4.955415819620522e-36,-1.2788340633168326e-90,4.957802478543834e-35,5.985912212959881e-34,-6.35409143326901e-81,7.035389006169568e-54,-1.3144720202957799e-67,2.255999999990825e-06,9.175523836331707e-18,6.179999999999543e-05,4.569306336306928e-18,6.524632735846359e-48,3.4457477686227384e-40,3.4120311968024205e-50,6.191358106020332e-87,6.42455483679588e-44,5.360249424410348e-28,-1.2395966058708763e-60,2.963136217227218e-38,-6.41848673119498e-134,-2.981037844559947e-64,1.2632191933744517e-49,-3.1140067740890443e-63,1.544547912232033e-37,8.572197582654307e-41,2.13364076717473e-90,6.15902007052907e-50,8.079403581814171e-38,0.00033399999999993656,6.344774582889274e-17,2.471370302932257e-27,1.6081414113000582e-39,3.6064453990311916e-82,7.754336425244689e-51,9.449897667754029e-58,3.602857778987093e-73,1.1537426782492697e-58,-2.8677678883630076e-86,1.3944424628195307e-22,7.697797403702348e-27,3.696451487762751e-21,3.5099999999999965e-06,2.585439326702764e-61,2.196232546902985e-53,7.956345743001242e-21,1.779999999999992e-06,2.8378444686446196e-48,1.5055103901707713e-43,-2.750148656949429e-93,1.6265757649902806e-64,0.0,0.0,7.272556628637087e-36,6.441936231165908e-24,1.052794293251943e-52,8.050751922407121e-25,2.293730423200268e-72,1.748171814726592e-41,2.2937304232001376e-72,-4.509484999068941e-95,9.623846107689314e-61,1.67010130980239e-41,3.6510286506613984e-28,5.988678493317904e-38,4.511698302887292e-58,2.155149700651003e-51,6.580335919167302e-55,2.1942252106687503e-46,2.6996257757793583e-37,6.187007495943088e-66,3.203711006661564e-78
2.76529929712296e-08,1.0000000045682086e-10,0.00017699999999999956,1.8711775817524354e-38,3.998361155050172e-32,9.506212437439056e-49,4.803887354588159e-40,2.3501247258786737e-62,3.840192645218017e-50,8.686681668784358e-117,5.5404111241084784e-98,-8.006778232490446e-110,2.9031695940924794e-64,9.023044050230734e-55,1.2906864500590656e-79,7.317043875750405e-65,1.540968157228135e-59,1.779254612355712e-136,-3.3866748673347407e-118,1.0738205831212331e-91,1.559466534701537e-110,2.2013027713801105e-126,4.244484881626169e-111,4.361659460271598e-28,1.3455918648131413e-21,2.1801619706594253e-28,8.922212206594918e-21,1.0719068683207344e-96,1.0254944900764727e-92,1.3772880403412117e-44,1.556149416394569e-30,3.2621946934519264e-129,2.1580347345338482e-123,7.879596153636992e-93,4.712825555660017e-82,1.025494490074876e-92,1.4146679133645923e-80,3.5691544968590822e-59,9.527790698843853e-58,6.1805628762731315e-47,2.4939928634516737e-23,3.389999999260923e-08,5.232804745973254e-33,8.081720550099025e-27,1.269257868473324e-32,1.2674978151678428e-25,7.722110911678568e-57,2.6879156541142786e-47,1.822294998852305e-34,0.00018232390002668843,0.49999999999999106,1.2123440104146984e-14,0.2499999999999865,1.1879902104429005e-14,1.0473469503718901e-27,1.3648265362050307e-59,1.7023503236228563e-58,6.043454375897112e-45,1.8669474294168386e-62,1.3069200056865467e-74,3.00452895191672e-60,3.722765747486372e-67,5.200315938681754e-75,3.330843068742295e-38,1.4950985565091936e-36,1.0071213230208153e-37,7.936556722685329e-24,0.0,5.227663759963777e-69,3.360011267011004e-87,2.6936115158624986e-24,7.452199642683727e-47,4.758018737705748e-39,1.0224585169921158e-97,1.199889137640053e-38,7.390749062255475e-18,2.2526838248422798e-43,5.377449164818709e-35,3.517113042912402e-45,1.5907144202148e-42,9.84901137104689e-34,4.471779168016349e-65,2.3926041933614607e-94,7.793225664476636e-58,7.186968120905131e-43,0.10000000149011357,2.5739788286505614e-15,6.734058069798272e-26,2.2497397031468634e-43,5.308372519464681e-77,2.0543578505694e-74,2.5699662276362383e-51,2.875958611707744e-68,1.036256447935738e-35,4.561092240874055e-90,1.0367555363474737e-34,9.72475351214037e-34,2.2669295056390723e-80,2.1274963819428696e-53,4.689601089305614e-67,2.2559999999867317e-06,1.3268579754878806e-17,6.17999999999934e-05,6.6076015525435715e-18,1.3644715469321569e-47,7.286360173754157e-40,1.0489209411563986e-49,4.8394911834746296e-86,9.368565090389248e-44,1.1209136085058783e-27,4.42247042001094e-60,8.960501793452743e-38,-8.668107696522695e-134,1.0635356322370308e-63,9.869476671266935e-49,1.1109745451222972e-62,3.229895918743303e-37,2.586514316471252e-40,6.063802620839057e-90,1.8624830702759616e-49,1.6895320920775586e-37,0.0003339999999999082,9.175078074529182e-17,3.5738094692008054e-27,3.7051818536157895e-39,3.541649513993254e-81,2.3449055445724754e-50,2.857643458398731e-57,2.8148974968102543e-72,3.488909304616365e-58,1.0129774549549988e-85,2.0164811689757323e-22,1.609732156489003e-26,5.34537997510511e-21,3.5099999999999948e-06,7.819183651915852e-61,6.641390821965323e-53,1.1505545615509432e-20,1.7799999999999885e-06,5.934385212032681e-48,3.1484120069112962e-43,9.69807946974731e-93,4.918752976905028e-64,0.0,0.0,1.5208075313290823e-35,9.315581995271464e-24,3.1836420810790177e-52,1.1642064897139943e-24,1.7920816138020975e-71,3.6557059605556764e-41,1.7920816138021435e-71,1.0569237651529952e-95,2.9102438762086166e-60,3.4924481271303126e-41,5.279694731377626e-28,1.252328145445734e-37,1.3643342197482536e-57,6.517156601173731e-51,1.989888668253159e-54,4.593952081846627e-46,5.64534787574073e-37,1.8740894541421754e-65,2.5185376702612214e-77
3.998855533972139e-08,1.0000000066060141e-10,0.00017699999999999934,2.7058802824909575e-38,5.781966776122623e-32,1.987900574205642e-48,1.0045694314766275e-39,7.087374931764471e-62,1.1612713712425246e-49,-1.3950350499810586e-112,-6.493718323564673e-94,-7.524277835257402e-105,8.77916315120199e-64,2.728561778746983e-54,6.732051703345344e-80,4.656819727034306e-65,4.659876181392467e-59,9.63056428859862e-132,-8.615284866357523e-113,5.6009036875835505e-92,-2.2384081917719326e-108,-6.435646791799847e-123,-1.8911280737483315e-108,6.308188209115057e-28,1.945839092310394e-21,3.1526977130373334e-28,1.2902269816266086e-20,-1.1431814470692513e-92,-2.923795363532892e-89,4.140386140653743e-44,3.254156513248393e-30,2.3346186917847347e-125,-2.282475514589295e-118,-1.999087803132554e-89,-6.4631315560222195e-80,-2.9237953635347502e-89,-1.8964687322347208e-78,2.271539662074285e-59,6.063832464404474e-58,1.8689975988490127e-46,3.606531899337233e-23,3.3899999989312316e-08,7.567803572726556e-33,1.1686848142579896e-26,1.8367908131066928e-32,1.832908524018312e-25,2.3351590365008905e-56,5.620860905645649e-47,2.635191954833265e-34,0.00018232390003859378,0.49999999999998707,1.7531514800223434e-14,0.24999999999998054,1.7179338350288584e-14,2.1901694427444873e-27,9.558968891180624e-60,1.1779053628669243e-58,1.8275360907048707e-44,1.1881932343424904e-62,-1.476978049977172e-72,2.1043112810401778e-60,2.369294205880614e-67,-6.971414654464244e-73,6.96532386495615e-38,4.521166871603347e-36,2.1060512432808825e-37,1.1476929026534035e-23,0.0,3.3270752568985983e-69,-4.504347816486309e-85,5.632771098843205e-24,4.742850917435187e-47,9.949775711138344e-39,6.208150394076579e-98,2.7213051775842585e-38,1.0687645208969998e-17,4.713418626846992e-43,1.1245103484046031e-34,1.0635723580147241e-44,3.3264391962899046e-42,2.0595852921074376e-33,2.8460028629834166e-65,-2.536416993955133e-90,2.3566656158721423e-57,1.5029096368507594e-42,0.1000000014901124,3.722190033456859e-15,1.4081988975041503e-25,4.704564378725787e-43,3.378440217963832e-77,-3.0121012166336482e-71,1.63561998278313e-51,-3.855438814825802e-66,2.1669774343634303e-35,-6.289952682929704e-88,2.1680211077445413e-34,1.6297468189249825e-33,-3.038989511026845e-78,6.433533172751506e-53,-6.286762949551208e-65,2.255999999980813e-06,1.918748311833904e-17,6.179999999999044e-05,9.555147994738628e-18,2.853529598631829e-47,1.54811349669661e-39,3.1052231580036133e-49,2.9867116138539268e-86,1.371103225964566e-43,2.3440090529527023e-27,-5.928654213542221e-58,2.7096490517765526e-37,-1.044822344876159e-126,-1.4257495090457438e-61,6.281293882856943e-49,-1.4893449339103922e-60,6.75422728118127e-37,7.80965563070821e-40,1.3289609485721978e-86,5.632134896914249e-49,3.5330809523774235e-37,0.00033399999999986733,1.3267935144252036e-16,5.1680292943107544e-27,8.783244000005261e-39,-2.8314838752332342e-80,7.090976857283479e-50,8.641486792219702e-57,1.7914875816157596e-72,1.055043544783582e-57,-1.4521010434184757e-83,2.916001493962703e-22,3.366206564869258e-26,7.729869355230278e-21,3.5099999999999927e-06,2.3641902706131247e-60,2.008351625358026e-52,1.663798736060902e-20,1.7799999999999834e-06,1.240974559109106e-47,6.584284335278304e-43,-1.3920310714223746e-90,1.4874272235574022e-63,0.0,0.0,3.180250997645447e-35,1.3471115638378894e-23,9.627309881379898e-52,1.683540573286955e-24,1.1405458975959396e-71,7.644663960866327e-41,1.1405458975897487e-71,-1.231219663628098e-91,8.800555751954339e-60,7.303265920759608e-41,7.6348829681226805e-28,2.618817800356586e-37,4.1257364073228256e-57,1.9707832899535104e-50,6.017408474012004e-54,9.623249672416074e-46,1.1805322398365033e-36,5.654989938558419e-65,9.487363375528697e-78
5.78268167869447e-08,1.0000000095528524e-10,0.00017699999999999904,3.912930649294607e-38,8.361210639071809e-32,4.1570170269821155e-48,2.1007148351934766e-39,2.092917269480912e-61,3.5116755109345596e-49,-2.8543799750486006e-111,-1.3552287950887896e-92,-1.5761953684185103e-103,2.6548123229801647e-63,8.251150331311136e-54,-8.056300633021256e-78,-4.3922788368041024e-63,1.4091430274444184e-58,2.1299857790797596e-130,-1.820491393327305e-111,-6.702652315816745e-90,-4.774457450216713e-107,-1.3323736154624102e-121,-3.9665535213925805e-107,9.12397266758059e-28,2.8138471047009507e-21,4.559066256506806e-28,1.8657768112890103e-20,-2.3858661732376092e-91,-6.055317149953659e-88,1.246921609179072e-43,6.804960051261496e-30,1.9881787976740724e-123,-4.624012361331952e-117,-4.1408207927085803e-88,-1.3798872693037376e-78,-6.055317149958583e-88,-4.051363837276895e-77,-2.1424925678862114e-57,-5.719343527161816e-56,5.651834788365306e-46,5.215366046470601e-23,3.389999998454471e-08,1.0945202199207651e-32,1.6900166081841977e-26,2.6589502130401706e-32,2.650539998898767e-25,7.061463608788423e-56,1.1754118541863686e-46,3.8107093810873586e-34,0.00018232390005580985,0.4999999999999813,2.5352046000102102e-14,0.24999999999997186,2.4842769202685382e-14,4.57999346447131e-27,-7.939938216117385e-58,-9.945177965255698e-57,5.526455497023368e-44,-1.120691462524374e-60,-3.170253775590933e-71,-1.7478978915829525e-58,-2.234704274696037e-65,-1.4892804053031413e-71,1.4565602624372479e-37,1.367197488330864e-35,4.404088899622554e-37,1.6596605364360167e-23,0.0,-3.1380627412853934e-67,-9.622490233190577e-84,1.177902235102259e-23,-4.473407423000108e-45,2.0806567220097093e-38,-6.19988614334474e-96,6.332209982257545e-38,1.545523452961956e-17,9.864667360242735e-43,2.351530409413455e-34,3.2162348723171906e-44,6.956119955832915e-42,4.306921187905599e-33,-2.6843202234139255e-63,-5.293431526562422e-89,7.1265390767104e-57,3.142823728488844e-42,0.10000000149011073,5.382600078505325e-15,2.944768391035607e-25,9.837994132191682e-43,-3.186510820733315e-75,-6.179606879761155e-70,-1.5426996802138763e-49,-8.236247255463462e-65,4.531495278481757e-35,-1.3420675115483032e-86,4.53367776574456e-34,2.8240532878228138e-33,-6.492093434426945e-77,1.9454956279293874e-52,-1.3430205114726157e-63,2.255999999972254e-06,2.774671556547208e-17,6.179999999998619e-05,1.3817548239542572e-17,5.967796186676162e-47,3.3111962807250845e-39,7.659278054534662e-49,-2.924475280379558e-84,2.0166889581157466e-43,4.901696614579746e-27,-1.266518918842236e-56,8.19395851014684e-37,-2.2373967814290283e-125,-3.0457818274600323e-60,-5.924450821783231e-47,-3.181638644480493e-59,1.4124166014440025e-36,2.3591362805003943e-39,3.170653635997185e-85,1.7031533870483078e-48,7.388235520655631e-37,0.00033399999999980814,1.9186550953893902e-16,7.473405344779458e-27,2.149735273355426e-38,-8.489218740174426e-79,2.1443061076692936e-49,2.6131643955478276e-56,-1.6897302970982902e-70,3.190443186432019e-57,-3.096824149405939e-82,4.2167835949050027e-22,7.03927457190758e-26,1.1178041697222791e-20,3.5099999999999893e-06,7.140859885523464e-60,6.073240319827548e-52,2.405993011169771e-20,1.779999999999976e-06,2.595075654420582e-47,1.3770157800391659e-42,-2.9691604764837084e-89,4.4979687205035073e-63,0.0,0.0,6.650411836994297e-35,1.948036704716641e-23,2.9112913220884346e-51,2.434541369525471e-24,-1.0757510022417833e-69,1.5986211063291864e-40,-1.0757510022431057e-69,-2.569451166778196e-90,2.661281492214685e-59,1.527229368723056e-40,1.1040683394853525e-27,5.476365516901751e-37,1.247619387121616e-56,5.959633959144777e-50,1.8196598295340372e-53,2.0173837101405633e-45,2.4686811157816122e-36,1.6782975508375727e-64,-1.647997006087229e-75
8.362244425442554e-08,1.0000000138142284e-10,0.0001769999999999986,5.65842708771812e-38,1.2091014380283957e-31,8.69298535813099e-48,4.392929631542364e-39,6.299368354433678e-61,1.0619280261253342e-48,-1.1130077167888166e-110,-5.458325802645148e-92,-6.416653095769494e-103,8.028132605633134e-63,2.495141692242295e-53,-2.933763737237671e-77,-1.594963439280505e-62,4.261237963102176e-58,9.479190280569468e-130,-7.526229530609125e-111,-2.440822330127275e-89,-1.8634502364183477e-106,-5.2824654060231085e-121,-1.5769666507164842e-106,1.3197799792214555e-27,4.069059748654538e-21,6.592793548984222e-28,2.6980703077072536e-20,-9.608952463131768e-91,-2.401952315966764e-87,3.759958026665106e-43,1.4230256322482482e-29,1.8813639991737194e-122,-1.7704508932630072e-116,-1.6422644927426678e-87,-5.377152947000377e-78,-2.4019523159695136e-87,-1.5777071461310317e-76,-7.78000961757146e-57,-2.076858902526113e-55,1.7091106199922033e-45,7.541894583532016e-23,3.389999997765035e-08,1.583086482479344e-32,2.44390626247267e-26,3.8509128935798917e-32,3.832903930724143e-25,2.1353789756669687e-55,2.4579742691255163e-46,5.510606537004697e-34,0.00018232390008070574,0.4999999999999729,3.666119235808498e-14,0.2499999999999593,3.5924735225810626e-14,9.577496482228573e-27,-2.8852509351392735e-57,-3.6135788120711942e-56,1.6711960158951179e-43,-4.0695545386031747e-60,-1.2342574737086794e-70,-6.351591018721261e-58,-8.114857487413542e-65,-5.799647804258912e-71,3.0458997158332645e-37,4.134394996984147e-35,9.209651995616318e-37,2.4000088262108262e-23,0.0,-1.139521260047351e-66,-3.747249621726346e-83,2.4631813560463446e-23,-1.6244234997431075e-44,4.350984907035828e-38,-2.2530304403396637e-95,1.5181633484109863e-37,2.234956996389031e-17,2.0653260584898696e-42,4.917424969807736e-34,9.72587023971605e-44,1.4546371780776157e-41,9.00645881936937e-33,-9.7475424006971e-63,-2.1317321039503872e-88,2.1550600865538627e-56,6.572145696954425e-42,0.10000000149010833,7.783692757410932e-15,6.157980162433291e-25,2.057281414069562e-42,-1.1571141634149873e-74,-2.404478152790304e-69,-5.601988320578999e-49,-3.207410312659993e-64,9.476079046212961e-35,-5.226232613485886e-86,9.480642974527695e-34,5.061022178743919e-33,-2.5281911519563644e-76,5.883164251761474e-52,-5.230073484716625e-63,2.2559999999598766e-06,4.012408609938733e-17,6.179999999998002e-05,1.9981337751435047e-17,1.2481460801037037e-46,7.147543476068816e-39,2.2143088970532244e-48,-1.0624832381057767e-83,2.987324761833556e-43,1.02502290549518e-26,-4.932156255629487e-56,2.4778469355234235e-36,-9.459626411595146e-125,-1.1861071847040718e-59,-2.1513392878155553e-46,-1.2390133861050762e-58,2.9535882832707226e-36,7.128787296409355e-39,1.5697890462141472e-84,5.150323124551239e-48,1.5449978317496004e-36,0.00033399999999972254,2.7745367570485637e-16,1.0807173154645667e-26,5.442006072921466e-38,-3.253599133779507e-78,6.484365658209409e-49,7.902180935247139e-56,-6.135899847295732e-70,9.647876010326867e-57,-1.208259708048592e-81,6.09782399735075e-22,1.4720245338463529e-25,1.616438913048421e-20,3.509999999999984e-06,2.1588944243011175e-59,1.8365433377920357e-51,3.479268401977039e-20,1.7799999999999652e-06,5.426716944355183e-47,2.8799736815467805e-42,-1.1588505786277507e-88,1.3601823766656895e-62,0.0,0.0,1.3907071371131646e-34,2.817025036594895e-23,8.803723220473914e-51,3.520551731215229e-24,-3.9063627417114086e-69,3.342971587035942e-40,-3.906362741716558e-69,-1.0347908845039107e-89,8.047695362699085e-59,3.193680188767848e-40,1.5965757481251261e-27,1.1451953347521622e-36,3.772791579982046e-56,1.8021888594509244e-49,5.502637736923046e-53,4.233817490716428e-45,5.1624057740374185e-36,5.0564664798471966e-64,-6.020928700131316e-75
1.2092509274456956e-07,1.0000000199765371e-10,0.000176999999999998,8.182561879657501e-38,1.7484624573340088e-31,1.8178418343680616e-47,9.186316223227482e-39,1.9320237289103188e-60,3.2112626607135006e-48,-2.6001357296441234e-110,-1.3674776161291158e-91,-1.6434171206959026e-102,2.4277013362646627e-62,7.545289906424948e-53,-4.4801921587985466e-77,-2.380902482945659e-62,1.2885952051251218e-57,2.840769172763691e-129,-1.9864423913835814e-110,-3.72741461709158e-89,-4.335789283509282e-106,-1.2800128722059508e-120,-3.837755926368894e-106,1.909300749848101e-27,5.884202879458338e-21,9.53373440392215e-28,3.901636755606538e-20,-2.4071279247765476e-90,-5.826473615385779e-87,1.134766021841716e-42,2.9757734573577174e-29,1.0296240003723736e-121,-3.962381144100212e-116,-3.982141183259928e-87,-1.2462580443165727e-77,-5.826473615396626e-87,-3.6506080607646347e-76,-1.161370655812619e-56,-3.1002570658929884e-55,5.1683377495411234e-45,1.090629029033637e-22,3.389999996768053e-08,2.2899415402405013e-32,3.534094157590646e-26,5.580971358468446e-32,5.542701694784794e-25,6.457391563121745e-55,5.140018155592848e-46,7.968800935963476e-34,0.0001823239001167073,0.4999999999999608,5.3015169868211745e-14,0.24999999999994116,5.1950190830414973e-14,2.002807199855071e-26,-4.291516825756448e-57,-5.377461145940109e-56,5.05368427003772e-43,-6.074878363574758e-60,-2.852255549608705e-70,-9.447344561095521e-58,-1.2113561180671485e-64,-1.341962675522503e-70,6.369461887759733e-37,1.2502379585541296e-34,1.925885053914257e-36,3.470614766855633e-23,0.0,-1.7010345969137566e-66,-8.670645698233047e-83,5.1509048979679575e-23,-2.42487846242159e-44,9.098603080669234e-38,-3.383577461106721e-95,3.7613679514463655e-37,3.231935927971878e-17,4.3263857799198065e-42,1.0283119552574131e-33,2.941095896047128e-43,3.041883077544536e-41,1.8833941212973893e-32,-1.4550765667719786e-62,-5.339290597735422e-88,6.516885689175601e-56,1.374340514035686e-41,0.10000000149010486,1.1255874866816218e-14,1.287731822592431e-24,4.3021034184375136e-42,-1.7272966930611009e-74,-5.586498703166156e-69,-8.362438016806361e-49,-7.421528114282977e-64,1.9815991979413644e-34,-1.2094283028719965e-85,1.982553587963464e-33,9.36215220469736e-33,-5.849903783120177e-76,1.7790644763619798e-51,-1.2101706242405352e-62,2.255999999941978e-06,5.802280567265229e-17,6.17999999999711e-05,2.889469617927253e-17,2.610631263653851e-46,1.5621923041601282e-38,7.628590649041578e-48,-1.5923794026398874e-83,4.4693936230749575e-43,2.1434863054453835e-26,-1.1412364732608825e-55,7.492990624461894e-36,-2.6023225072004765e-124,-2.7444969500380997e-59,-3.2114385884966448e-46,-2.8669149829333868e-58,6.176423965911364e-36,2.1546476987101134e-38,5.446710834349285e-84,1.5574538670920088e-47,3.230836772063664e-36,0.0003339999999995988,4.0122136771084057e-16,1.562808200812342e-26,1.4242513506524607e-37,-6.935125186085226e-78,1.960867332492356e-48,2.3896215649304437e-55,-9.159451700420984e-70,2.9175108324669885e-56,-2.809074754919416e-81,8.817966743041353e-22,3.078237971633593e-25,2.3375067211401086e-20,3.509999999999977e-06,6.533024437353699e-59,5.553693338819054e-51,5.0313149524034003e-20,1.7799999999999495e-06,1.1348130387071799e-46,6.023736513153504e-42,-2.6963595765183566e-88,4.113181402304247e-62,0.0,0.0,2.908190332672759e-34,4.0736553043688133e-23,2.6622393264048535e-50,5.091014121626203e-24,-5.831271776891341e-69,6.990686527262846e-40,-5.831271776903253e-69,-2.5920373728902118e-89,2.4336170659415856e-58,6.678494735118128e-40,2.30878291640996e-27,2.394786014064442e-36,1.140889475998531e-55,5.4498056501267225e-49,1.6639935425432187e-52,8.899390353663405e-45,1.0795413472054386e-35,1.546186591281782e-63,-9.432552728391732e-75
1.7486786215901368e-07,1.000000028887754e-10,0.00017699999999999707,1.1832673296469962e-37,2.5284238992477762e-31,3.8013971122617936e-47,1.9210051828305287e-38,5.969591375759253e-60,9.710835429983435e-48,-3.485415503784468e-110,-2.308704370221179e-91,-2.9473040696430223e-102,7.3413508591303905e-62,2.2816900620200747e-52,7.143906577602735e-77,4.260623070944299e-62,3.896702404965886e-57,7.036368269658475e-129,-3.8391845071613335e-110,5.943560200225783e-89,-5.701914574824018e-106,-1.9523121913946773e-120,-5.931052229585694e-106,2.762657036331285e-27,8.5090526211045e-21,1.37865824448839e-27,5.642095140091552e-20,-4.06292503341526e-90,-8.917550686535063e-87,3.4268345973484365e-42,6.222816699807993e-29,4.421944895493545e-121,-4.416659763729549e-116,-6.0870155471523455e-87,-1.6134295481511704e-77,-8.917550686572408e-87,-4.694395868298462e-76,2.078275579009947e-56,5.547917542991405e-55,1.5629014747328885e-44,1.5771572514421533e-22,3.3899999953263335e-08,3.3128393324851813e-32,5.110597616170392e-26,8.096123328129603e-32,8.015213174701528e-25,1.9527204692874602e-54,1.0748603757766414e-45,1.1523557010211802e-33,0.0001823239001687686,0.4999999999999433,7.666439784505317e-14,0.24999999999991493,7.512434843904089e-14,4.188189143940106e-26,7.826810318212614e-57,9.78224209470612e-56,1.5282303482249654e-42,1.087100958301089e-59,-3.6473423995648965e-70,1.7229939171318993e-57,2.1677192400748565e-64,-1.7256588333332876e-70,1.3319560236385474e-36,3.780710244801292e-34,4.0273326750730326e-36,5.018801067672291e-23,0.0,3.0440055061777737e-66,-1.1149770866462711e-82,1.077136330161695e-22,4.3393259384038196e-44,1.9026629552804835e-37,5.8786595098309714e-95,9.639634246348443e-37,4.673651375711599e-17,9.069720565157204e-42,2.1503642326626513e-33,8.893852018794427e-43,6.361077085892132e-41,3.938477360618982e-32,2.603863042049269e-62,-9.007767602792413e-88,1.970701403522108e-55,2.8739653400219427e-41,0.10000000149009984,1.6276942444419558e-14,2.692852530660868e-24,8.996384115924417e-42,3.0910009850310712e-74,-7.327929948883589e-69,1.4964603257801114e-48,-9.543503528926252e-64,4.143839833253779e-34,-1.5561534877683315e-85,4.1458356144946815e-33,1.7811719594945465e-32,-7.522517823058513e-76,5.379877690512465e-51,-1.556184580914399e-62,2.2559999999160947e-06,8.390586067887565e-17,6.17999999999582e-05,4.178416268417728e-17,5.460936315904202e-46,3.4709943467927367e-38,2.744479701602595e-47,2.794584055401515e-83,6.779479392515201e-43,4.4823715804846733e-26,-1.467540669046313e-55,2.2658747668661955e-35,-5.511215282305549e-124,-3.5292079957821074e-59,5.746877171488062e-46,-3.686627992193215e-58,1.2915887167602437e-35,6.513354464563295e-38,1.6473887913363135e-83,4.709728864632434e-47,6.756194755110353e-36,0.00033399999999941983,5.801998675037997e-16,2.2599521984060116e-26,3.843927648697427e-37,-5.600960715864304e-78,5.929648168718092e-48,7.226235078399797e-55,1.6390769454501772e-69,8.822532525960983e-56,-3.6825015493166934e-81,1.2751522102734381e-21,6.437086332858187e-25,3.3802314627236633e-20,3.5099999999999664e-06,1.9777139306336705e-58,1.6794327182181796e-50,7.275704896559034e-20,1.779999999999927e-06,2.373075014099465e-46,1.2600380656438088e-41,-3.5459314558519967e-88,1.243823009077487e-61,0.0,0.0,6.081489614629487e-34,5.890848437133236e-23,8.050591836307615e-50,7.362034920864444e-24,1.0435074950126276e-68,1.461863998556942e-39,1.0435074950110974e-68,-4.374049130356058e-89,7.359239824017815e-58,1.3965798151524102e-39,3.338694430972578e-27,5.007879336718241e-36,3.450041816610734e-55,1.6480171574559577e-48,5.0319040464725944e-52,1.8748551970792606e-44,2.2574930590853463e-35,4.7559695954976047e-63,1.302526561630341e-74
2.5287364699943266e-07,1.0000000417741235e-10,0.00017699999999999574,1.7111041745136347e-37,3.656313815101309e-31,7.949327487423708e-47,4.017128119778994e-38,1.8442226867641215e-59,2.9365497273993886e-47,3.542592879638898e-110,-9.629497939903425e-92,-2.1841590963681145e-102,2.2200190628336867e-61,6.899813797279983e-52,8.51694905634351e-76,4.8052128975983045e-61,1.1783599364466408e-56,1.5314165182009564e-128,-4.284361284102846e-110,7.08590017359927e-88,6.582206225523099e-106,3.390777753482395e-121,5.603077711357944e-107,3.998479682221304e-27,1.2304806270464144e-20,1.993655873151329e-27,8.158944452780255e-20,-1.6890076780829382e-90,1.3601944050113971e-87,1.0352915992970536e-41,1.3012901764393e-28,1.6672665805159774e-120,1.071578841120545e-115,9.757452288677493e-88,2.0437846775891455e-77,1.360194404890655e-87,6.175881451609238e-76,2.343917330048272e-55,6.257043158481557e-54,4.726202384715029e-44,2.2807353379462036e-22,3.389999993241485e-08,4.793553574711379e-32,7.390354315171935e-26,1.1761144631259054e-31,1.1590672886671087e-24,5.905043057245035e-54,2.2477063263361704e-45,1.6664033640672544e-33,0.0001823239002440536,0.499999999999918,1.1086317203807956e-13,0.249999999999877,1.086361308065455e-13,8.758171182716399e-26,8.750924970499341e-56,1.0950005798880265e-54,4.6213571572963627e-42,1.226052398641412e-58,4.948137260236816e-70,1.9264285044945546e-56,2.444796398671533e-63,2.2702525750796256e-70,2.7853323877776535e-36,1.143283953027347e-33,8.421794666391538e-36,7.257608765998975e-23,0.0,3.4330852568776775e-65,1.4668482262582292e-82,2.252463783496602e-22,4.893971356379396e-43,3.978771564245553e-37,6.722875494011314e-94,2.5522617716977268e-36,6.758493257105194e-17,1.9034447378975352e-41,4.4967544222385054e-33,2.6894942064736426e-42,1.330207051734779e-40,8.235984037263058e-32,2.9366844986672698e-61,-3.721009271530773e-88,5.959386443411604e-55,6.009920380394846e-41,0.10000000149009258,2.3537828775977074e-14,5.63118393247731e-24,1.8812873464173521e-41,3.486087938938779e-73,8.568466088632542e-69,1.6877353947525813e-47,1.255529958117802e-63,8.66542971087539e-34,2.0403848383868223e-85,8.669603206272994e-33,3.4693312599401845e-32,9.896518977882209e-76,1.626870995926546e-50,2.0472946441928673e-62,2.2559999998786656e-06,1.213349367483137e-16,6.179999999993957e-05,6.042341612687605e-17,1.14247998927978e-45,7.875905408055719e-38,9.64212275586628e-47,3.180736027314235e-82,1.0477646342959287e-42,9.373353554955745e-26,1.9306759268001158e-55,6.851988366655661e-35,-8.47530196068401e-124,4.6429765775932905e-59,6.481433463956865e-45,4.8500761200091484e-58,2.70091791373735e-35,1.9691558865756905e-37,4.708771367538072e-83,1.4242184919283897e-46,1.4128280315006722e-35,0.00033399999999916103,8.390178421837156e-16,3.268081097651761e-26,1.0655806290209858e-36,3.1675874285545445e-77,1.793121177650959e-47,2.18521954078753e-54,1.848585864153024e-68,2.6679277248231643e-55,4.333799349974514e-81,1.8439774232884655e-21,1.346097372220468e-24,4.8880992035230884e-20,3.5099999999999516e-06,5.9871351761897976e-58,5.078591998044988e-50,1.0521281660528414e-19,1.7799999999998944e-06,4.962478284140296e-46,2.6360857473454915e-41,4.093371653033923e-88,3.761311566500293e-61,0.0,0.0,1.271736430700282e-33,8.518662651226846e-23,2.4344929575315477e-49,1.0646122143667442e-23,1.1768868940915135e-67,3.056990670853834e-39,1.176886894091716e-67,-1.8129419149858036e-89,2.2254286240901704e-57,2.9204713300145173e-39,4.828033175239067e-27,1.0472274059328112e-35,1.043290241107223e-54,4.9835915729686364e-48,1.5216440259827962e-51,3.962505821111864e-44,4.720777879319888e-35,1.4628468077888977e-62,1.6719740287781052e-73
3.6567657748709683e-07,1.0000000604088987e-10,0.00017699999999999387,2.4744007036641154e-37,5.287337613762573e-31,1.6623311375778471e-46,8.400455414535779e-38,5.652862844958926e-59,8.88010511860915e-47,-1.2286618373248508e-106,-5.3056039188092314e-89,-5.984712393269149e-99,6.713321149380308e-61,2.0864985571080094e-51,3.6987894637199105e-75,2.1375437497270312e-60,3.5633517245301877e-56,9.412989128775906e-125,-6.867727612393157e-106,3.077305039575294e-87,-2.138739975575369e-104,-6.399139665402064e-118,-1.2740651514233928e-103,5.789342376410332e-27,1.779378551672988e-20,2.8829942209941916e-27,1.1798520392294416e-19,-9.330116406666518e-88,-2.270627062244282e-84,3.128663424361247e-41,2.7212052107972377e-28,9.276195673314678e-117,-1.823912120248567e-111,-1.7271839919610093e-84,-4.091554124715861e-76,-2.270627062258751e-84,-8.806148650200127e-75,1.042665078295406e-54,2.783374792804286e-53,1.4292000711347776e-43,3.2982047028093033e-22,3.3899999902266175e-08,6.937965250846834e-32,1.0687074398381297e-25,1.711941696766424e-31,1.676108858095749e-24,1.7856866326224685e-53,4.7003180813734405e-45,2.4097595826171925e-33,0.00018232390035292201,0.4999999999998814,1.6031747802354277e-13,0.2499999999998221,1.5709698860696255e-13,1.831473216941039e-25,3.888768484241559e-55,4.8666763986466885e-54,1.3974949527011142e-41,5.453955255203536e-58,-6.804648179048583e-69,8.56073441385336e-56,1.0875394293013638e-62,-3.237138442303857e-69,5.824574064362416e-36,3.45728213318588e-33,1.7611315260404327e-35,1.0495113132687449e-22,0.0,1.52716909605144e-64,-2.0915693196464955e-81,4.710260857635813e-22,2.1770277420509033e-42,8.320245640509e-37,2.9724517681714e-93,6.959439020876879e-36,9.773350089461498e-17,4.0010347944252705e-41,9.403430368342511e-33,8.133010391945067e-42,2.7816883863550234e-40,1.7222755609194493e-31,1.3063508429714586e-60,-1.9801928741015802e-85,1.8021140328058344e-54,1.2567703689692528e-40,0.10000000149008208,3.4037681547319446e-14,1.177570331101541e-23,3.934071777295997e-41,1.5507466763999716e-72,-2.3209446799544151e-66,7.50769979408048e-47,-1.7902518918491056e-62,1.812079498809205e-33,-4.317854429799217e-84,1.8129522428238156e-32,6.885619053973358e-32,-1.4111382554441186e-74,4.919645742686128e-50,-2.9192238791060268e-61,2.2559999998245398e-06,1.7546053108287326e-16,6.179999999991261e-05,8.737734542344799e-17,2.3906534760079745e-45,1.8337097888593388e-37,3.177118031103321e-46,1.4092562375249996e-81,1.658864875172737e-42,1.960117657825486e-25,-2.752938285325965e-54,2.072036163883389e-34,-8.299926815525296e-118,-6.620390295820111e-58,2.8831922816141193e-44,-6.915691714676805e-57,5.648049941844454e-35,5.9537138762079115e-37,1.0468741148253254e-80,4.306826084882991e-46,2.9544486487844176e-35,0.0003339999999987867,1.2132904171442752e-15,4.725920341209485e-26,3.019841346792735e-36,-4.44412681067959e-77,5.422385050095746e-47,6.608109856332518e-54,8.223215452065838e-68,8.067794446115707e-55,-1.381001699946342e-79,2.6665465582460252e-21,2.8149041991696572e-24,7.068602871644746e-20,3.5099999999999295e-06,1.8117786303334016e-57,1.5357624276906618e-49,1.5214658832323355e-19,1.7799999999998479e-06,1.0377333551760731e-45,5.51593884916111e-41,-1.330047628726265e-86,1.1374178236029136e-60,0.0,0.0,2.6594036194637557e-33,1.2318703171127083e-22,7.361888520385059e-49,1.539518868220067e-23,5.2352480701887024e-67,6.392654834566201e-39,5.235248070185827e-67,-9.622608179895407e-87,6.729679534904265e-57,6.107172018907066e-39,6.981742371981222e-27,2.1899194571180676e-35,3.1549022333613256e-54,1.5070343693238386e-47,4.601440171667899e-51,8.412890436115156e-44,9.871899138483665e-35,4.471603036009109e-62,7.040955789257416e-73
5.287991093946486e-07,1.000000087356352e-10,0.0001769999999999911,3.578191781146085e-37,7.645935407077874e-31,3.4761995116863763e-46,1.7566691785495592e-37,1.3416010301434386e-58,2.685333908276015e-46,-1.972508668033127e-104,-8.837391294908362e-87,-9.801173291127559e-97,2.0301027707235135e-60,6.309555230587743e-51,-6.678312172850919e-74,-2.6684830565295216e-59,1.0775545336858931e-55,1.6128978630488034e-122,-1.1315949320649373e-103,-5.5562041538928826e-86,-4.744974863803323e-102,-1.0584459150077931e-115,-2.148521911520781e-101,8.386941508655482e-27,2.5731311478215808e-20,4.169052354319585e-27,1.7061653526243478e-19,-1.5541645946318178e-85,-3.789318658111671e-82,9.45676664926266e-41,5.690473908934421e-28,2.3009340492267313e-114,-2.8969936618476713e-109,-2.8725589701631383e-82,-1.0387723784144494e-73,-3.789318658140447e-82,-2.5391341871479744e-72,-1.3016413317104308e-53,-3.474706847619604e-52,4.321890384183633e-43,4.769626811677695e-22,3.389999985866866e-08,1.0045602894588492e-31,1.5454409145756628e-25,2.4989934390337905e-31,2.423794488194359e-24,5.3996114118609665e-53,9.829132040122581e-45,3.484715307153878e-33,0.00018232390051035495,0.4999999999998284,2.3183256706889803e-13,0.2499999999997427,2.2717546757841959e-13,3.8299024683920838e-25,-4.8415494151444253e-54,-6.061268378264642e-53,4.226014340480698e-41,-6.808603591906146e-57,-1.9799734969260887e-66,-1.0658186242256112e-54,-1.3576743794899909e-61,-9.333851761810072e-67,1.218011292890964e-35,1.0454795530465173e-32,3.682806782456722e-35,1.5176816938649164e-22,0.0,-1.9064860204834616e-63,-6.030757907739568e-79,9.849906355431673e-22,-2.71775577072082e-41,1.7398960053783674e-36,-4.126724051530082e-92,1.9458976806101342e-35,1.413308681253007e-16,8.429181727452812e-41,1.9664071984932408e-32,2.459416295717533e-41,5.8169943300685565e-40,3.601552763857788e-31,-1.6308210687499896e-59,-3.300944016108285e-83,5.449578292164692e-54,2.62810782172592e-40,0.1000000014900669,4.9221352408644174e-14,2.4624872851829006e-23,8.226771316263441e-41,-1.935921211577786e-71,-3.878912996853842e-64,-9.372455005930083e-46,-5.161949860400213e-60,3.7893471184403607e-33,-1.0647865518351694e-81,3.7911721640767036e-32,1.3864880033521593e-31,-4.068826663168485e-72,1.48769720294071e-49,-8.417188380461327e-59,2.2559999997462697e-06,2.537306961443029e-16,6.179999999987363e-05,1.263549958204685e-16,5.0038975865510644e-45,4.399256947709651e-37,-3.0496896474644354e-46,-1.889020687707856e-80,2.55046361687697e-42,4.0989185015131444e-25,-7.93772599411855e-52,6.265821968287287e-34,-1.3837555666856785e-115,-1.9089001734641155e-55,-3.599316855314382e-43,-1.9940464129059114e-54,1.181097284826363e-34,1.8001897863429257e-36,1.9048465232488803e-78,1.3023809909918834e-45,6.178223126376595e-35,0.0003339999999982455,1.754520060981728e-15,6.834078597050219e-26,8.708588019227214e-36,-4.194335753556198e-74,1.6397251974895813e-46,1.9981795689847484e-53,-1.0265906224377443e-66,2.4396905202944697e-54,-3.0682714789435197e-77,3.8560507614310264e-21,5.886413427511909e-24,1.022179470565538e-19,3.5099999999998978e-06,5.417132052950064e-57,4.6441341245878e-49,2.2001677248980825e-19,1.7799999999997799e-06,2.1700659836081854e-45,1.1545180493921324e-40,-2.950823559628606e-84,3.4395422923478477e-60,0.0,0.0,5.56123693654424e-33,1.781388158018831e-22,2.2262296122708022e-48,2.226273861442661e-23,-6.535574248103644e-66,1.3368060360564825e-38,-6.535574248186578e-66,-1.6039904276369269e-84,2.0350500981887633e-56,1.2771072972753212e-38,1.009618718101802e-26,4.5794707072547986e-35,9.540384584831419e-54,4.557260727533411e-47,1.3914720742273613e-50,1.7975711139922322e-43,2.0643714889131508e-34,1.1199098287699471e-61,-1.7884089372139853e-71
7.646880202668737e-07,1.0000001263246374e-10,0.00017699999999998712,5.174366690087451e-37,1.1056666544535859e-30,7.269287637505306e-46,3.673475393983633e-37,3.5502521119790575e-58,8.120425211101172e-46,-9.318218915365078e-104,-4.3027159885723695e-86,-4.813023246148612e-96,6.139014845321433e-60,1.9080046764761618e-50,-3.162869901297477e-73,-1.2636315288136656e-58,3.258516357953067e-55,8.550784755002561e-122,-5.631450207591412e-103,-2.631435986404429e-85,-2.2729032517009194e-101,-5.066389324477689e-115,-1.0425389342742312e-100,1.2159726973661095e-26,3.720964205109456e-20,6.028800719564663e-27,2.467258700301445e-19,-7.566835169859796e-85,-1.8199819954456948e-81,2.858822443290092e-40,1.1899688110731803e-27,1.793309301280289e-113,-1.3499357791779639e-108,-1.3791969788606496e-81,-4.9420740610791654e-73,-1.8199819954646624e-81,-1.202928397838899e-71,-6.163782891826691e-53,-1.6454101524903486e-51,1.3069364306092579e-42,6.897585472490512e-22,3.3899999795622986e-08,1.455338933382019e-31,2.2348376507069996e-25,3.66264961626025e-31,3.5050108453603395e-24,1.6327982814151075e-52,2.0554335293463172e-44,5.0391918992282434e-33,0.00018232390073801618,0.4999999999997518,3.352494053550015e-13,0.24999999999962794,3.2851484598286183e-13,8.008936616626991e-25,-2.293101225898068e-53,-2.8707221256289362e-52,1.277943586268108e-40,-3.224141191094686e-56,-9.380228713961799e-66,-5.048032735456006e-54,-6.429121405197696e-61,-4.4219621836643586e-66,2.547055790016104e-35,3.1615223858420887e-32,7.701336098363345e-35,2.194695468594071e-22,0.0,-9.02796003032445e-63,-2.8571038083131185e-78,2.0597724431097036e-21,-1.2869640902569451e-40,3.638399922023421e-36,-1.954253191697468e-91,5.552656332086091e-35,2.0437633040992245e-16,1.7815399804606738e-40,4.112070932223719e-32,7.437256549487893e-41,1.2164384828483877e-39,7.531420988649257e-31,-7.722578223436859e-59,-1.6061011736942637e-82,1.6479482564194283e-53,5.4957943189925485e-40,0.10000000149004494,7.117821845673354e-14,5.149453464926382e-23,1.7203490511010524e-40,-9.16734722342945e-71,-1.832815545160913e-63,-4.438225524220862e-45,-2.4455013466553894e-59,7.924128933952027e-33,-5.0413827517756e-81,7.92794539160239e-32,2.82213974095613e-31,-1.927628390298928e-71,4.4987852381982095e-49,-3.987687999608651e-58,2.2559999996330845e-06,3.6691594268077605e-16,6.179999999981727e-05,1.8271995891104588e-16,1.0478049161036767e-44,1.0907127970870286e-36,-2.665990665427861e-45,-8.94552373956862e-80,3.8906878227845976e-42,8.571492024402741e-25,-3.760540138572917e-51,1.894779895554644e-33,-7.022992052127826e-115,-9.043516646703185e-55,-1.7044178848585114e-42,-9.446901510465625e-54,2.4698627146055693e-34,5.443323728002559e-36,1.116705326896632e-77,3.9383903901236594e-45,1.2919649495982584e-34,0.00033399999999746285,2.537183677352709e-15,9.882652887303518e-26,2.5449329785998926e-35,-1.9870628724857514e-73,4.958516763165558e-46,6.042331420120529e-53,-4.861309808972955e-66,7.377599721776923e-54,-1.4671130837493625e-76,5.576173957385393e-21,1.2309428869724103e-23,1.4781575497833235e-19,3.5099999999998525e-06,1.62964012261897e-56,1.4043826929349454e-48,3.181627711615769e-19,1.7799999999996816e-06,4.537954232014292e-45,2.4174483239558166e-40,-1.4134819581030623e-83,1.0401149223617887e-59,0.0,0.0,1.1629433021270802e-32,2.5760372026030977e-22,6.732101752696764e-48,3.2193793839653433e-23,-3.0948510743082686e-65,2.795474529362966e-38,-3.09485107434756e-65,-7.804370282037293e-84,6.153976344904335e-56,2.6706357633189546e-38,1.4599936588854594e-26,9.576403321356411e-35,2.8850029411570077e-53,1.3781122476234224e-46,4.2078011652313165e-50,3.8748315356782946e-43,4.316929887706323e-34,3.0665644731606104e-61,-8.470702173445395e-71
1.1058032397389417e-06,1.0000001826760582e-10,0.00017699999999998134,7.482570179143263e-37,1.5988871282434895e-30,1.5201240175052593e-45,7.681822954221227e-37,1.2291603875361046e-57,2.4556118941317808e-45,-2.4097997897419147e-103,-1.1835992885571589e-85,-1.3468208610448961e-95,1.856433705564484e-59,5.769792243398802e-50,-6.67615334926728e-73,-2.4192128606393657e-58,9.85373068654098e-55,2.731287858039096e-121,-1.6159353572059642e-102,-5.554409620855993e-85,-6.019904636957586e-101,-1.3465553676530226e-114,-2.848021880153531e-100,1.7649867796551658e-26,5.380827405538263e-20,8.718153511327935e-27,3.5678637360059764e-19,-2.0814849162175865e-84,-4.87050872391304e-81,8.643182492782037e-40,2.4884144854580674e-27,8.579897279274919e-113,-3.3874415646840266e-108,-3.688562868111262e-81,-1.287764889088103e-72,-4.870508723992101e-81,-3.1010940148099794e-71,-1.1800488524801748e-52,-3.150117977048056e-51,3.9521659895736734e-42,9.97512413503447e-22,3.3899999704453634e-08,2.110105499188158e-31,3.2317633686869434e-25,5.398746379681119e-31,5.068540711652045e-24,4.937693153305134e-52,4.298255284627751e-44,7.287096176653917e-33,0.00018232390106723352,0.49999999999964106,4.847988584060872e-13,0.24999999999946193,4.750601155204506e-13,1.6747963220677358e-24,-4.389257223680825e-53,-5.49503479074986e-52,3.864491845757773e-40,-6.172579584827499e-56,-2.4179458056049244e-65,-9.662510276702785e-54,-1.230851462714377e-60,-1.1399614903387763e-65,5.326299710934273e-35,9.560420012634859e-32,1.610472153286038e-34,3.1737143684723223e-22,0.0,-1.7283921294968934e-62,-7.3654820681125475e-78,4.307312536877496e-21,-2.4638772633106394e-40,7.608474269767696e-36,-3.866725720406535e-91,1.6097504051728118e-34,2.9554537478798183e-16,3.782527807662143e-40,8.598995849220726e-32,2.2490208158985008e-40,2.543803786850632e-39,1.5749401940698352e-30,-1.4784783305297128e-58,-4.4122995508149726e-82,4.983383680311437e-53,1.1492587774706316e-39,0.10000000149001319,1.0292969483269179e-13,1.0768328062603558e-22,3.5975241767121543e-40,-1.7550780722540836e-70,-4.738155129380895e-63,-8.496929372406681e-45,-6.30438985360701e-59,1.657061689491296e-32,-1.3004934905992041e-80,1.6578597705015478e-31,5.789866336385632e-31,-4.969337240602461e-71,1.3604292950240538e-48,-1.0280076017336814e-57,2.255999999469409e-06,5.305913357671021e-16,6.179999999973575e-05,2.6422843954684136e-16,2.1954010295654735e-44,2.797225342432433e-36,-2.7086316331192136e-45,-1.7516959370774536e-79,6.621982740524892e-42,1.7924356248375058e-24,-9.694499341961894e-51,5.729800221178781e-33,-2.0876304960233244e-114,-2.3313769508957308e-54,-3.2630875549857824e-42,-2.4353677112830075e-53,5.164876684552128e-34,1.645965683450612e-35,4.09872475371051e-77,1.1909663135538102e-44,2.7017046756807853e-34,0.000333999999996331,3.668981135850295e-15,1.4291147929962986e-25,7.51071215131562e-35,-5.0845775271383476e-73,1.4994517634477652e-45,1.8272421521012716e-52,-9.306984364090808e-66,2.2309825482672212e-53,-3.871077489107126e-76,8.063616877806617e-21,2.5740978068856278e-23,2.1375402315405626e-19,3.5099999999997864e-06,4.9541037232296665e-56,4.2468427719249844e-48,4.600901457100964e-19,1.7799999999995395e-06,9.489586669097454e-45,5.0648469067562004e-40,-3.743681690466731e-83,3.145300058486548e-59,0.0,0.0,2.431899844748424e-32,3.72516659417332e-22,2.03578253414381e-47,4.655493556153344e-23,-5.925055247881929e-65,5.845782876381067e-38,-5.925055247983222e-65,-2.1440407830553733e-83,1.8609578378545316e-55,5.584727576164558e-38,2.1112737465526255e-26,2.002578604849971e-34,8.72423420728873e-53,4.167401125851063e-46,1.2724359293396824e-49,8.453140669322831e-43,9.02738860400831e-34,1.0255762919656056e-60,-1.8956958798914056e-70
1.5990845581579638e-06,1.0000002641649555e-10,0.00017699999999997302,1.0820427169880253e-36,2.312125538477311e-30,3.178821917464682e-45,1.606391727464509e-36,4.644071338713904e-57,7.425760219544955e-45,-3.820944465982644e-103,-2.2386081631724885e-85,-2.657517581118e-95,5.613842919927462e-59,1.7447810741021626e-49,-1.9394710700167023e-73,1.0395289113490667e-58,2.979761726608518e-54,6.988661659107752e-121,-3.3779843425706476e-102,-1.6136070565766227e-85,-1.0249175119102253e-100,-2.320357719284859e-114,-5.290942503810166e-100,2.5660958155964093e-26,7.781129277090432e-20,1.260718426550971e-26,5.159431243334022e-19,-3.936759146024402e-84,-8.558066143652222e-81,2.6132997863097875e-39,5.203671380314127e-27,3.3755671516568646e-112,-4.841414186784561e-108,-6.46980719168792e-81,-2.0850894920110835e-72,-8.558066143930984e-81,-4.848226975493596e-71,5.070841711317166e-53,1.3536519675654045e-51,1.19513203369851e-41,1.442619694113308e-21,3.389999957261508e-08,3.0630230840290267e-31,4.673401891938418e-25,8.020855940702306e-31,7.329536518270334e-24,1.493228228614965e-51,8.988385704020701e-44,1.0537755567707496e-32,0.0001823239015433095,0.4999999999994809,7.010599558288761e-13,0.2499999999992219,6.869769072368203e-13,3.502266095405554e-24,1.894200528278742e-53,2.3700349937789147e-52,1.1686194386584409e-39,2.652448168342392e-56,-3.7788526420854303e-65,4.1698927564732356e-54,5.2888482436506696e-61,-1.7822072026983341e-65,1.1138141818803303e-34,2.8910638285113237e-31,3.3677540141142216e-34,4.589458096993699e-22,0.0,7.427153051332341e-63,-1.1515139173138986e-77,9.007277151303392e-21,1.0587645019368497e-40,1.5910532632938323e-35,6.909771942786083e-92,4.72281213544547e-34,4.2738348542849107e-16,8.082368360326577e-40,1.7981871116925536e-31,6.801022087140069e-40,5.319611121551919e-39,3.293451019924766e-30,6.353238271192656e-59,-8.317313515362207e-82,1.5069717771996969e-52,2.4032850457265267e-39,0.10000000148996728,1.4884500213769782e-13,2.2518290481438404e-22,7.522996729264978e-40,7.541793010681194e-71,-7.501419944181669e-63,3.651256097509344e-45,-9.85623549680527e-59,3.465180169211542e-32,-2.039192069308277e-80,3.4668490804272416e-31,1.1946038072261017e-30,-7.769024425258735e-71,4.1139280195847926e-48,-1.6071793184765474e-57,2.255999999232721e-06,7.672797304232395e-16,6.179999999961788e-05,3.820965626941655e-16,4.603879901563844e-44,7.410946123245114e-36,2.3712079896885893e-44,4.5003112930478185e-80,1.430723798280087e-41,3.7482686276779135e-24,-1.515630729135913e-50,1.7326872879029915e-32,-4.697540267132005e-114,-3.644857152699098e-54,1.4021967866945683e-42,-3.807435522516044e-53,1.0800580536837528e-33,4.977196874682458e-35,1.2688483133884718e-76,3.601473241722382e-44,5.649695183772002e-34,0.00033399999999469434,5.30565550929317e-15,2.0666202870942884e-25,2.232516713569379e-34,-7.730761878360958e-73,4.53433091743424e-45,5.525838630660663e-52,3.998843619660057e-66,6.746485898348367e-53,-6.51740882482798e-76,1.1660668703042847e-20,5.382848854818031e-23,3.0910630891483327e-19,3.5099999999996907e-06,1.5136620961232367e-55,1.2842420802265812e-47,6.653290744439277e-19,1.7799999999993341e-06,1.9844241358432043e-44,1.0620363310219647e-39,-6.3737961705272354e-83,9.51136568199726e-59,0.0,0.0,5.085490277941812e-32,5.38690439135715e-22,6.156191128765432e-47,6.732235521581196e-23,2.546083022905242e-65,1.2224463867416609e-37,2.5460830227468726e-65,-4.041654127171162e-83,5.627522524802032e-55,1.1678563060600675e-37,3.0530796039394345e-26,4.187711122479999e-34,2.638205995628449e-52,1.2602189764665961e-45,3.8478367429737626e-49,1.873601872415435e-42,1.8877708722517925e-33,3.686851856062752e-60,-1.3072776946320364e-70
2.312410863204668e-06,1.00000038200476e-10,0.00017699999999996096,1.5647250301304622e-36,3.343528503504358e-30,6.647424179337371e-45,3.3592214463262495e-36,1.7076165218321658e-56,2.245547023786545e-44,4.816245781275023e-104,-1.951163513567709e-85,-2.886895270575313e-95,1.6976223222551213e-58,5.276205620217209e-49,5.452738593886543e-72,3.047329395617294e-57,9.010780236376898e-54,1.5523967422695042e-120,-4.609204992467108e-102,4.536549454397808e-84,-3.032921868915803e-101,-8.50631436628669e-115,-4.116035911869018e-100,3.7395991326251727e-26,1.1252167762300337e-19,1.8231050611428724e-26,7.460971796860223e-19,-3.430898785504384e-84,-4.0756996726695277e-81,7.901778991381213e-39,1.0881706386106369e-26,1.2011875069466151e-111,3.879146552461065e-108,-3.017632586042249e-81,2.1667096989242004e-75,-4.075699673581195e-81,1.0540779670070741e-71,1.48644550739981e-51,3.968038276368173e-50,3.614070311638552e-41,2.086427175739088e-21,3.389999938196543e-08,4.453715497770124e-31,6.758132590216797e-25,1.2045952540476617e-30,1.0599126801360418e-23,4.515751450574358e-51,1.8796294625388855e-43,1.5238483918209138e-32,0.00018232390223175547,0.4999999999992493,1.0137917071038407e-12,0.24999999999887482,9.9342641951152e-13,7.323796703825287e-24,5.533998398521147e-52,6.927307356405433e-51,3.5338964241153547e-39,7.775274555538957e-55,8.301469581945629e-66,1.218254332546034e-52,1.5504204562114657e-59,3.8747875294852615e-66,2.3291630193570368e-34,8.742555284190862e-31,7.042510528839553e-34,6.636742682829108e-22,0.0,2.1771647361969845e-61,2.5035649975130633e-78,1.883565235105302e-20,3.1036170211665834e-39,3.327146015676563e-35,4.273836201027488e-90,1.397840279104666e-33,6.18032487763589e-16,1.7423158539287055e-39,3.7602958994155143e-31,2.0566239790223557e-39,1.1124493198862832e-38,6.887131113697351e-30,1.8623615345361677e-57,-7.104816022274626e-82,4.557072296060795e-52,5.025657383759889e-39,0.10000000148990089,2.1524240111058196e-13,4.708933468918735e-22,1.5731785953223046e-39,2.2107775602333986e-69,1.0179681961922875e-63,1.0703136405200738e-43,2.1428949518926573e-59,7.246244173703452e-32,4.040854646631187e-81,7.249734122809952e-31,2.4747534000921792e-30,1.689102986706407e-71,1.244048757909003e-47,3.494251647312439e-58,2.2559999988904496e-06,1.1095510707088263e-15,6.179999999944743e-05,5.525437889384007e-16,9.666636663789716e-44,2.0219440077360575e-35,1.7605923028682387e-43,2.0203757343256073e-78,3.95127541280933e-41,7.83822720463237e-24,3.295209512385178e-51,5.239633353486818e-32,-7.971028054998234e-114,7.924469858234122e-55,4.1103402055005806e-41,8.277939863341368e-54,2.258573573792556e-33,1.505060657159397e-34,3.660270150481146e-76,1.0890828198943796e-43,1.1814413303186766e-33,0.0003339999999923275,7.672424382234702e-15,2.988506900577372e-25,6.670150354078832e-34,3.0714941909002215e-73,1.371178277497023e-44,1.6710984487790357e-51,1.172320960820869e-64,2.040136004478927e-52,-1.5070723513489906e-76,1.6862308396982938e-20,1.125639501868567e-22,4.469937399074857e-19,3.509999999999553e-06,4.628149765008318e-55,3.8835384517508887e-47,9.621218386541603e-19,1.7799999999990372e-06,4.149748071295527e-44,2.2296450591658594e-39,-1.8861210963901442e-83,2.8762304662336976e-58,0.0,0.0,1.0634570923946864e-31,7.789917063074623e-22,1.861627583087605e-46,9.735379193552189e-23,7.463480954368214e-64,2.556330257523821e-37,7.463480954371651e-64,-3.452850781039835e-83,1.7017585829114936e-54,2.4421759469770483e-37,4.415010213967156e-26,8.757171585223107e-34,7.97792859569804e-52,3.810892734920022e-45,1.1635829559164085e-48,4.238287576602422e-42,3.9476298425582863e-33,1.3064228602411914e-59,1.0830592850794952e-69
3.34394073971087e-06,1.0000005524110356e-10,0.00017699999999994356,2.262724487352826e-36,4.8350244039573614e-30,1.3900826055269138e-44,7.024668334737275e-36,5.978502918000871e-56,6.790524627346951e-44,3.45581201124244e-102,7.521345405253058e-85,5.676875873968189e-95,5.133598346142963e-58,1.5955208225917332e-48,3.2790236004610606e-71,1.6557194695576442e-56,2.724854027769859e-53,3.026949494350649e-120,1.8615448898577414e-102,2.7280711128100995e-83,6.807813930052116e-100,1.44730915196602e-113,2.0600823258525456e-99,5.46801847620732e-26,1.627158145808127e-19,2.636363583438365e-26,1.0789193108919995e-18,1.3228941643410033e-83,4.8033995557997795e-80,2.389320579785804e-38,2.275538268805164e-26,4.0340097376158376e-111,6.241413348307e-107,3.667514764470826e-80,1.738020118205294e-71,4.803399555512398e-80,4.6394356654908756e-70,8.076359108621326e-51,2.155968820452847e-49,1.0928921544131696e-40,3.0177299703401924e-21,3.389999910626999e-08,6.4913176653607256e-31,9.772828759889654e-25,1.8354459990168376e-30,1.532722963564644e-23,1.365624459759244e-50,3.930649365514149e-43,2.2036135437023718e-32,0.00018232390322730626,0.49999999999891437,1.4660281458921408e-12,0.24999999999837288,1.43657819668284e-12,1.5315226362599183e-23,3.006292736244343e-51,3.76328195231586e-50,1.0686476312048748e-38,4.2245684974649796e-54,3.6210126446225964e-64,6.6180524251627874e-52,8.423976271347689e-59,1.7054555142981035e-64,4.870651189715521e-34,2.6437421507236563e-30,1.4727012221734432e-33,9.597288497201677e-22,0.0,1.1829269298171761e-60,1.1019233599520993e-76,3.938835149235614e-20,1.6862996264412157e-38,6.957592719205749e-35,2.385981417254427e-89,4.163624111843086e-33,8.93726987063264e-16,3.801203091913522e-39,7.863378134579639e-31,6.219215497124915e-39,2.3264111729429751e-38,1.440208906725603e-29,1.0118837392305411e-56,2.876839715198577e-81,1.3780554998408305e-51,1.0509466565957804e-38,0.10000000148980488,3.112586285764536e-13,9.847130404956806e-22,3.289767382224065e-39,1.2011901291707648e-68,6.826134359792346e-62,5.815374392122052e-43,9.431771856249397e-58,1.5153051821400182e-31,1.928809232741822e-79,1.5160349830189814e-30,5.141332600057646e-30,7.434447187819149e-70,3.7619941455943376e-47,1.5379653640841688e-56,2.2559999983954965e-06,1.6045042370718784e-15,6.179999999920095e-05,7.990248231204327e-16,2.033305436491589e-43,5.656127528293281e-35,8.127471551252996e-43,1.1176544760031953e-77,1.2442226587981613e-40,1.6390982513952585e-23,1.4503592670008583e-49,1.5844611956069003e-31,-6.307855261039855e-114,3.4878894736999165e-53,2.233286241922943e-40,3.643466325538716e-52,4.723037405068764e-33,4.551208611587025e-34,1.0292214428579865e-75,3.2933783173507365e-43,2.470582166088186e-33,0.000333999999988905,1.1094971322711696e-14,4.321632560888203e-25,2.0001177192876355e-33,8.19295411290218e-72,4.1464328560090347e-44,5.053628255415939e-51,6.369647741960542e-64,6.169366001044422e-52,4.569303087247831e-75,2.4384317201306762e-20,2.3538916257381267e-22,6.463905711767253e-19,3.5099999999993536e-06,1.413208958566718e-54,1.174379125432109e-46,1.3913091534302133e-18,1.7799999999986078e-06,8.677787326334775e-44,4.689026732143618e-39,4.233671576163512e-82,8.697701027933227e-58,0.0,0.0,2.2238583230032543e-31,1.1264875542203422e-21,5.6295478636341894e-46,1.4078177700528063e-22,4.055160554068386e-63,5.345694037701928e-37,4.0551605540835375e-63,1.3977286483133388e-82,5.146105176415098e-54,5.106985982681752e-37,6.384476653979712e-26,1.831264191697282e-33,2.4125232405241126e-51,1.1524111067292072e-44,3.518666164873681e-48,9.831481606667819e-42,8.255123329887167e-33,4.465132348738966e-59,7.280739271489353e-69
4.835619763177152e-06,1.0000007988328527e-10,0.00017699999999991833,3.2720908845534246e-36,6.991853854172959e-30,2.9068850053982777e-44,1.4689703663231875e-35,-2.8602957536630963e-56,2.0534310824532064e-43,-2.1499747077630453e-97,-7.11388178251004e-81,-5.523570616663828e-90,1.5523871972593334e-57,4.824838336022575e-48,-1.3611990948828336e-69,-1.3864234302641724e-55,8.23991733390096e-53,2.6019627138495536e-114,-6.364436558636353e-96,-1.1324958869794884e-81,-1.2578919198642477e-96,-1.8728038406413944e-109,-2.9636673957980263e-95,8.033193453220777e-26,2.3530075917790955e-19,3.812404095144108e-26,1.5602081162699518e-18,-1.2509305769186896e-79,-2.1434734535622322e-76,7.224929186065562e-38,4.7585132463853413e-26,1.2440909192444496e-105,-1.646381973483117e-101,-3.3044211696960315e-76,-1.5701348300872324e-68,-2.1434734537150618e-76,-1.4356686055417063e-67,-6.762308321285944e-50,-1.805184509039482e-48,3.3048979486430834e-40,4.3651057937330835e-21,3.3899998707591186e-08,9.493369404584491e-31,1.413233339682113e-24,2.849732557662833e-30,2.2164464476845207e-23,4.12797788672946e-50,8.219749032184675e-43,3.1866117323825246e-32,0.00018232390466695644,0.49999999999843014,2.120000109453222e-12,0.249999999997647,2.077412942999659e-12,3.2026579549895856e-23,-2.5164216534080544e-50,-3.1501851771376974e-49,3.231582678360636e-38,-3.537215052357899e-53,-1.1191278647136853e-61,-5.539650375367061e-51,-7.054044258890542e-58,-5.2775161778686145e-62,1.0185308074142723e-33,7.99465752401263e-30,3.0796530291931287e-33,1.3878486901370784e-21,0.0,-9.904606383654524e-60,-3.4098909559629333e-74,8.236732116491654e-20,-1.4119317121513e-37,1.4549435510464208e-34,-4.196911186501427e-88,1.2458117044260444e-32,1.2924044280120213e-15,8.425935040232623e-39,1.6443577079780977e-30,1.8806862719108674e-38,4.865205968860433e-38,3.01170640957653e-29,-8.472464796726179e-56,-1.8630924506628705e-77,4.1672231166728966e-51,2.1977017716817393e-38,0.10000000148966601,4.501061750072726e-13,2.0591918964891983e-21,6.879428433055177e-39,-1.005760087753338e-67,-2.199886588284731e-58,-4.869189246601922e-42,-2.9186517448359072e-55,3.168744722253288e-31,-1.8707620962172635e-76,3.170270842812831e-30,1.0702509955806528e-29,-2.3005829505719414e-67,1.137624242971478e-46,-4.759216898790664e-54,2.2559999976797524e-06,2.3202481748346537e-15,6.179999999884452e-05,1.1554571418935024e-15,4.286989798344401e-43,1.6145886690684195e-34,-4.7475212798713126e-42,-1.6199914488718723e-76,-5.359113956880304e-40,3.42761570487525e-23,-4.488123056818357e-47,4.79139928524984e-31,-7.754982259827054e-106,-1.079324204870005e-50,-1.8699217940998638e-39,-1.1274668844678875e-49,9.876624158691379e-33,1.3762647574890496e-33,1.0386004469231892e-71,9.959151377781843e-43,5.166381164768337e-33,0.00033399999998395564,1.6044262150126557e-14,6.249444521983473e-25,6.0129367280968025e-33,-2.3094781884336096e-69,1.2538782412530455e-43,1.5275990286473985e-50,-5.334422482134873e-63,1.8655860616591212e-51,-8.104495798518869e-72,3.526177503416499e-20,4.922362578265957e-22,9.34735172725111e-19,3.5099999999990643e-06,3.9224540454182866e-54,3.551313769189745e-46,2.011950128692199e-18,1.7799999999979865e-06,1.814664443663077e-43,9.885588198763774e-39,-7.822569400933313e-79,2.630173865825021e-57,0.0,0.0,4.6504422989007095e-31,1.6289957771888126e-21,1.7023711896922417e-45,2.0358229842233858e-22,-3.395371106733468e-62,1.1178698255274396e-36,-3.3953711072023435e-62,-9.054084618117467e-79,1.5561785449423068e-53,1.067954224130657e-36,9.232491199360234e-26,3.829465383024337e-33,7.295359984487008e-51,3.484882854891069e-44,1.0640420339177772e-47,2.3488073371574085e-41,1.726277890249619e-32,2.786617271861607e-60,-5.404936083692693e-67
6.992713183084506e-06,1.0000011551795416e-10,0.0001769999999998819,4.731720562645694e-36,1.0110812540590576e-29,6.078761956203169e-44,3.0718519144640513e-35,-6.829663167801498e-55,6.209507577501312e-43,-1.312283675055815e-96,-4.505528576196199e-80,-3.512066021991206e-89,4.694379423399229e-57,1.4590261656981917e-47,-8.597240203191576e-69,-9.568130991441779e-55,2.4917388953658917e-52,1.7613332896711708e-113,-4.093998199885627e-95,-7.152765847090682e-81,-7.916814847342388e-96,-1.1573174577390619e-108,-1.8773038385238305e-94,1.1880115012878871e-25,3.4026469382053585e-19,5.513058159104504e-26,2.2561922184268618e-18,-7.922681905518321e-79,-1.337330339190542e-75,2.1847382565732266e-37,9.950809676047978e-26,1.2102146278569067e-104,-1.0006600734517089e-100,-2.058434761194915e-75,-9.8232743661726e-68,-1.3373303393184182e-75,-8.883717784231478e-67,-4.666909253627986e-49,-1.2458220407309508e-47,9.993987386470867e-40,6.314849591479119e-21,3.3899998131068083e-08,1.3950663959702165e-30,2.0436544522837708e-24,4.5298232767090006e-30,3.2051681925764926e-23,1.2478244830080488e-49,1.718921259146562e-42,4.608111047891891e-32,0.00018232390674881183,0.4999999999977298,3.0656986315245213e-12,0.24999999999659733,3.004113876478412e-12,6.697268250251195e-23,-1.736747819717905e-49,-2.1741368146526206e-48,9.772282519168425e-38,-2.441157935935185e-52,-6.92503531968647e-61,-3.823276469783914e-50,-4.868196924563912e-57,-3.2656536614701964e-61,2.129910275849238e-33,2.4175787507963112e-29,6.440045426837986e-33,2.006946007758245e-21,0.0,-6.835520874580538e-59,-2.1099931381449145e-73,1.7224319617967146e-19,-9.744243387948613e-37,3.0425188977517066e-34,-2.7352588545745886e-87,3.739585841535088e-32,1.8689255431968397e-15,1.9062458413902747e-38,3.438614055481324e-30,5.687181668923146e-38,1.0174856686766907e-37,6.297958188752949e-29,-5.847149276311625e-55,-1.1754126147623742e-76,1.2601633210256446e-50,4.5957591860601555e-38,0.10000000148946522,6.508914136972345e-13,4.30609836675117e-21,1.4385982688422066e-38,-6.941102163651419e-67,-1.3535268817384425e-57,-3.36040081928369e-41,-1.8060211218275484e-54,6.626350423001749e-31,-1.1526485968759072e-75,6.629541755889027e-30,2.231003327093415e-29,-1.4235687618604356e-66,3.440167279970563e-46,-2.9449372429830162e-53,2.2559999966447264e-06,3.355274151469597e-15,6.179999999832909e-05,1.670888269834252e-15,9.0701068819369e-43,4.682129179430737e-34,-3.488115786263056e-41,-1.0678414098765883e-75,-4.168413963389297e-39,7.167690734400852e-23,-2.777188188531959e-46,1.4489156974083775e-30,-5.075448682044505e-105,-6.678708162864051e-50,-1.29049956576391e-38,-6.976608391662671e-49,2.065359563440461e-32,4.161778218270099e-33,7.754472445164934e-71,3.0116399224041764e-42,1.0803726622045514e-32,0.00033399999997679855,2.3201353012385303e-14,9.03722298167833e-25,1.8109040118703203e-32,-1.4295210966454118e-68,3.791718557717174e-43,4.617697928571739e-50,-3.6813910568189924e-62,5.641445361638929e-51,-5.084620583897514e-71,5.09914945710282e-20,1.0293444663394314e-21,1.3517057373886274e-18,3.5099999999986467e-06,1.0861397984063597e-53,1.0739146499707772e-45,2.909449204960839e-18,1.7799999999970882e-06,3.794754980071911e-43,2.0914519658929196e-38,-4.923302722424233e-78,7.953613392766743e-57,0.0,0.0,9.72481627166784e-31,2.3556649184473618e-21,5.14795810587382e-45,2.943971376765602e-22,-2.3432663335863484e-61,2.337643958310222e-36,-2.343266333876482e-61,-5.712163014807006e-78,4.705872818885878e-53,2.2332687028407476e-36,1.3350960585517975e-25,8.008022661136115e-33,2.206085125100669e-50,1.053826050974577e-43,3.217655202521003e-47,5.797421125878695e-41,3.6099222668622934e-32,-3.682642585767263e-58,-3.3784798753158063e-66
1.0112051826993984e-05,1.000001670486847e-10,0.0001769999999998292,6.842469856211231e-36,1.4621093024122957e-29,1.2711666730961324e-43,6.42373416866974e-35,-1.349715741972388e-54,1.8777567746879507e-42,-3.739506067770707e-96,-1.3808111229956252e-79,-1.0847994366610002e-88,1.41957820018632e-56,4.412085837644114e-47,-2.3924212458354725e-68,-2.248508426783453e-54,7.53500695308956e-52,6.053713469513794e-113,-1.2917294197375556e-94,-1.99045740842991e-80,-2.3929655213048744e-95,-3.381756336896989e-108,-5.756241531624817e-94,1.7730543676579069e-25,4.9205136834192105e-19,7.972348123368398e-26,3.2626437688134814e-18,-2.428066217735551e-78,-3.9801121296754353e-75,6.606475300584961e-37,2.080872900767821e-25,6.141524585441814e-104,-2.8263152456398897e-100,-6.110794786327628e-75,-2.9280587273268674e-67,-3.9801121302466284e-75,-2.56595576637301e-66,-1.0967066437922023e-48,-2.92763601250931e-47,3.022174242797613e-39,9.137113913098448e-21,3.389999729736717e-08,2.0639018582375312e-30,2.9552965448411382e-24,7.405518524308241e-30,4.634943136330789e-23,3.773979271810803e-49,3.594661456214081e-42,6.663721259129429e-32,0.00018232390975934994,0.49999999999671696,4.433258332152332e-12,0.24999999999507944,4.344201325483665e-12,1.4005055278508328e-22,-4.081253987392687e-49,-5.1090987898185405e-48,2.955130860967267e-37,-5.736631399472625e-52,-2.0001993900750917e-60,-8.984472133052285e-50,-1.1440317032203168e-56,-9.432450585525458e-61,4.453981922166047e-33,7.31073974756218e-29,1.3467161608148828e-32,2.9022128254229784e-21,0.0,-1.606322425990321e-58,-6.094463208700906e-73,3.6018797189538253e-19,-2.289861193645244e-36,6.362392007291901e-34,-7.181429931193482e-87,1.1250471721461678e-31,2.702623557854222e-15,4.422470246814757e-38,7.190690003876072e-30,1.719799438823228e-37,2.1280076184538545e-37,1.31700344680306e-28,-1.374058614630382e-54,-3.5750959766108526e-76,3.81072659936024e-50,9.610508747174547e-38,0.10000000148917487,9.412437685789845e-13,9.004737660521843e-21,3.008338700388608e-38,-1.6311363084171487e-66,-3.9160783500661504e-57,-7.896817865535927e-41,-5.216476207621772e-54,1.3856755246180149e-30,-3.3335026150285967e-75,1.3863428745833392e-29,4.655171176392557e-29,-4.111808396986398e-66,1.0403040089296376e-45,-8.506099279574522e-53,2.2559999951479917e-06,4.852008829425187e-15,6.179999999758374e-05,2.4162450527169883e-15,1.9292770754083586e-42,1.373970599999749e-33,-8.085665517458459e-41,-2.743682966224505e-75,-9.852703314026935e-39,1.4988783585600083e-22,-8.021576512292858e-46,4.381510091988072e-30,-1.650682818808226e-104,-1.929065086590941e-49,-3.0326264522731195e-38,-2.015110009471261e-48,4.318996101427508e-32,1.2585109405679547e-32,3.055611830157346e-70,9.10717665785312e-42,2.2592314634790815e-32,0.00033399999996644875,3.355110828189712e-14,1.3068585493072094e-24,5.460677643725753e-32,-4.126667386589429e-68,1.1466128462069815e-42,1.3965983526233387e-49,-8.651524275306443e-62,1.7059776119934686e-50,-1.5274310149952042e-70,7.37379929100227e-20,2.1525233127341854e-21,1.9546802724319406e-18,3.5099999999980428e-06,3.4044585288665967e-53,3.247509860767792e-45,4.207308384617723e-18,1.779999999995789e-06,7.935444680213248e-43,4.446794172313484e-38,-1.4881352307579068e-77,2.40516815811219e-56,0.0,0.0,2.0336141302063286e-30,3.406489566355483e-21,1.5567386463161838e-44,4.257230378677796e-22,-5.506589965045847e-61,4.888386007959175e-36,-5.5065899658838626e-61,-1.7373935813956683e-77,1.4230523641601031e-52,4.6701395324801225e-36,1.9306615303029596e-25,1.6746052174555597e-32,6.6712164813449275e-50,3.1867620155673868e-43,9.730165260694072e-47,1.4801653135886225e-40,7.548922936526996e-32,-6.617081000001809e-58,-9.581368338026379e-66
1.462287805528269e-05,1.000002415664584e-10,0.000176999999999753,9.89479507550386e-36,2.1143346020510967e-29,2.6582141962724995e-43,1.3433058568760317e-34,2.4892450170393073e-54,5.678380499838096e-42,-6.53580058721088e-96,-2.916316408913284e-79,-2.3322628620892344e-88,4.292815789726951e-56,1.3342129412489848e-46,-3.767316817071058e-68,-8.777051812341835e-55,2.2785870334149973e-51,1.5954497308371706e-112,-2.9074592936668356e-94,-3.1343572189332187e-80,-4.8907826547040626e-95,-6.3454901684610595e-108,-1.217185699871999e-93,2.679187293080027e-25,7.115476552398833e-19,1.1528690605832532e-25,4.7180573360109944e-18,-5.128145918496373e-78,-7.833181294190239e-75,1.9977603480316258e-36,4.35143685096365e-25,2.4721284089840554e-103,-4.809037111723061e-100,-1.1951533291194373e-74,-5.779090547126761e-67,-7.833181296262761e-75,-4.643893942938503e-66,-4.279784551695284e-49,-1.1424773197818277e-47,9.139031607000699e-39,1.322413960847344e-20,3.389999609176552e-08,3.0818532864854195e-30,4.273607955921091e-24,1.2496971621162019e-29,6.702518217437802e-23,1.1417695038205525e-48,7.517382350055946e-42,9.63631214329537e-32,0.00018232391411284143,0.4999999999952524,6.410864847867947e-12,0.24999999999288444,6.2820803612946145e-12,2.928680232205876e-22,-1.592195220481295e-49,-1.9932615573245577e-48,8.936292962204623e-37,-2.238656161730117e-52,-3.619893161193687e-60,-3.5050586287950132e-50,-4.466231825558591e-57,-1.707094940193162e-60,9.313986300092171e-33,2.210761926278842e-28,2.816198169252428e-32,4.196843971821455e-21,0.0,-6.268504918633869e-59,-1.1029824460308688e-72,7.532104389165871e-19,-8.935913360449674e-37,1.3304775835350018e-33,-8.541398707528649e-87,3.390003778231668e-31,3.908220968724673e-15,1.056717469311862e-37,1.5036878618762938e-29,5.20066019146484e-37,4.450858636339216e-37,2.754064125176527e-28,-5.362112300946613e-55,-7.418859326397237e-76,1.152362867756239e-49,2.0097237885924722e-37,0.100000001488755,1.3611177121781234e-12,1.8830340457316347e-20,6.290917064936456e-38,-6.365541314132727e-67,-7.148312308653943e-57,-3.081640828369289e-41,-9.44083354365806e-54,2.897668467388587e-30,-6.072059987781777e-75,2.899063976494934e-29,9.719936933762322e-29,-7.441594805434671e-66,3.145871484227213e-45,-1.5394427717542322e-52,2.2559999929835874e-06,7.016413150083898e-15,6.179999999650589e-05,3.4940936730308514e-15,4.1347937149084353e-42,4.067253088682414e-33,-1.8404588425016426e-41,-2.8549321360689444e-75,-3.167592718384646e-39,3.1343934728956406e-22,-1.4517535049683334e-45,1.3249652353165926e-29,-3.946620258698817e-104,-3.491242499881243e-49,-1.183447890350914e-38,-3.646967508611979e-48,9.031709363208351e-32,3.8057112820637684e-32,9.73449512232589e-70,2.754003440135417e-41,4.7244131364623173e-32,0.0003339999999514821,4.851772444112199e-14,1.889827544951458e-24,1.6480670530909248e-31,-7.454028081897433e-68,3.4673485536953654e-42,4.225230897049095e-49,-3.379135339582977e-62,5.158943907196672e-50,-3.0753644687314905e-70,1.0663134392792547e-19,4.501269205691042e-21,2.826632207397551e-18,3.5099999999971695e-06,1.13967640395516e-52,9.820445370773327e-45,6.0841219435142966e-18,1.7799999999939106e-06,1.659430122979581e-42,9.520416715985659e-38,-3.0414738781396146e-77,7.273224044471643e-56,0.0,0.0,4.25261138827716e-30,4.926070259209285e-21,4.707565667200695e-44,6.15631340724058e-22,-2.148886835426255e-61,1.0222393913247018e-35,-2.1488868369429033e-61,-3.605356997895188e-77,4.303299150938457e-52,9.766062661581023e-36,2.791899610541056e-25,3.501866519782526e-32,2.0173998404342866e-49,9.636743680823893e-43,2.9423946679478517e-46,3.9051839506949754e-40,1.578600125193445e-31,2.1487247147303881e-57,-1.6244003285327153e-65
2.1145912449623337e-05,1.0000034932543137e-10,0.00017699999999964283,1.430872296488375e-35,3.05750892579244e-29,5.558755988422301e-43,2.809068616289543e-34,3.0841923090131965e-53,1.7171586149532954e-41,-1.6141916577609955e-96,-3.696999607615787e-79,-3.158352888848972e-88,1.2981524912830003e-55,4.03465521880856e-46,1.62415994192427e-68,1.835749382499973e-53,6.890453441700443e-51,3.5749079903465725e-112,-4.564332590601946e-94,1.3512257886575573e-80,-5.398260347732946e-95,-4.141166100424928e-108,-1.5501836431182536e-93,4.11523492682938e-25,1.0289577187273577e-18,1.6671465800950177e-25,6.822707674120521e-18,-6.500894705880228e-78,-7.122703148093078e-75,6.041143596056592e-36,9.09954780362834e-25,8.889616979153539e-103,-4.141038272007922e-101,-1.047490635968132e-74,-5.335909689794175e-67,-7.122703154963233e-75,-2.0711851852459824e-66,8.954604732306336e-48,2.3904150049395527e-46,2.7636360724986676e-38,1.914643881733648e-20,3.3899994348364134e-08,4.6600420732059914e-30,6.179997663667891e-24,2.1810601417339974e-29,9.692406166053485e-23,3.45455104022664e-48,1.5721170420536142e-41,1.3934940738440913e-31,0.00018232392040835657,0.49999999999313444,9.270650495908703e-12,0.2499999999897103,9.084416119468861e-12,6.124336966021516e-22,3.332652222005682e-48,4.1719129730342013e-47,2.7023280723314403e-36,4.6839601181892623e-51,-1.6139567414862346e-60,7.336500137286116e-49,9.33989738350893e-56,-7.613676688369858e-61,1.9477030504753668e-32,6.685326441639386e-28,5.889119278320261e-32,6.0689895241164965e-21,0.0,1.311561694263893e-57,-4.919323868587161e-73,1.575083008843825e-18,1.8696727506334666e-35,2.782240687288614e-33,2.2364838142392016e-86,1.0225979206672975e-30,5.651616111293327e-15,2.6086547804928704e-37,3.1444508790476157e-29,1.5726755918922205e-36,9.310041940226094e-37,5.7591870194289165e-28,1.1219188441896295e-53,-8.758511228647276e-76,3.484743783773077e-49,4.202692753022324e-37,0.10000000148814782,1.9682907746624977e-12,3.937723920081752e-20,1.3155314471994684e-37,1.3318094027426168e-65,-3.561717815891105e-57,6.447755058090504e-40,-4.210626793779671e-54,6.059486833606199e-30,-2.947482581673904e-75,6.062404986813278e-29,2.03045815314846e-28,-3.318967107395374e-66,9.513091626888073e-45,-6.865937639497687e-53,2.2559999898536766e-06,1.0146323969387915e-14,6.179999999494722e-05,5.052753450321075e-15,8.953546605279421e-42,1.2116106860677403e-32,7.46611181318355e-40,1.1125169396689611e-74,8.546927245429167e-38,6.554516053461566e-22,-6.474852074185234e-46,4.006684464254168e-29,-7.258382905503303e-104,-1.557100881613189e-49,2.476140198072842e-37,-1.6265544879825248e-48,1.8886744049004559e-31,1.1508407563657888e-31,2.8412370208881134e-69,8.32808590679889e-41,9.879500969389037e-32,0.00033399999992983904,7.016070886029655e-14,2.7328498747102856e-24,4.976971470284249e-31,-3.239577172909622e-68,1.0485235669302113e-41,1.2783907317523117e-48,7.062090222958117e-61,1.5600892953224519e-49,-3.159394190965057e-70,1.5419789783917035e-19,9.412870904021977e-21,4.0875481085445786e-18,3.5099999999959066e-06,3.837280384838153e-52,2.969695276609625e-44,8.798152206096472e-18,1.7799999999911941e-06,3.470139383986182e-42,2.057840615188578e-37,-3.357055320215737e-77,2.1994223341213884e-55,0.0,0.0,8.892888491970084e-30,7.123511435661396e-21,1.4235642095488946e-43,8.902547261141693e-22,4.496130146673511e-60,2.1376653698851328e-35,4.49613014660587e-60,-4.256416383941843e-77,1.3013142469046163e-51,2.042256443356252e-35,4.0373229498013555e-25,7.322961292567976e-32,6.100704801895668e-49,2.914143788675189e-42,8.897779358323274e-46,1.0615561115253782e-39,3.301104503662223e-31,2.122177469399297e-56,-8.038833382208793e-67
3.0578769216063876e-05,1.0000050515397647e-10,0.00017699999999948348,2.0691652958166778e-35,4.421421862388256e-29,1.1624264400711607e-42,5.874216102257084e-34,1.5810061853346936e-52,5.19273209318778e-41,4.68486492856262e-95,3.7420177929498977e-79,1.8290482067521567e-88,3.92562669081524e-55,1.2200781847447672e-45,4.184749439897405e-67,1.1394399830237836e-52,2.0836744459607868e-50,6.903321017370586e-112,-1.3351914129659887e-94,3.481624582381431e-79,1.0900594046307767e-94,3.0644653622689335e-107,1.520435101180711e-93,6.454746047190345e-25,1.4879592985854092e-18,2.4108361384757184e-25,9.866208832065718e-18,6.580259384305018e-78,2.6238297226382016e-74,1.8268229154351028e-35,1.9028604018861362e-24,3.001319878867687e-102,3.893144643930873e-99,4.229504300070062e-74,1.8896945541190106e-66,2.6238297204578678e-74,2.7978785230300553e-65,5.557940451040881e-47,1.48368154744131e-45,8.357214120353991e-38,2.7735918548633954e-20,3.3899991827259155e-08,7.164202924282694e-30,8.936798574079163e-24,3.935866535340483e-29,1.4016036540297167e-22,1.045167726488504e-47,3.2878877175397175e-41,2.0151145978539017e-31,0.0001823239295122013,0.4999999999900717,1.340614161135374e-11,0.24999999998512018,1.3136828582826759e-11,1.2806964057284678e-21,2.0684570683865243e-47,2.5893647269703252e-46,8.171819226332045e-36,2.9072379074666394e-50,2.18123560031154e-59,4.553501127369679e-48,5.797281724924675e-55,1.0284997410527772e-59,4.072957705627225e-32,2.0216374137529874e-27,1.2315087093245026e-31,8.77626945873916e-21,0.0,8.140595532556517e-57,6.645307576919825e-72,3.2937493805948408e-18,1.1604673499139434e-34,5.818108685028781e-33,2.0314938224563813e-85,3.0870238251506975e-30,8.17271183582896e-15,6.661353604242261e-37,6.575547596261519e-29,4.755758783187011e-36,1.9476605021578403e-36,1.2043377822621523e-27,6.963520265594866e-53,1.3246441618652556e-75,1.053785887756066e-48,8.788621272813656e-37,0.10000000148726979,2.8463141276844452e-12,8.234407066449267e-20,2.750987218793109e-37,8.266291660728666e-65,4.088560390584729e-56,4.001988786505439e-39,5.6879661083662305e-53,1.267135333705949e-29,3.51853456561815e-74,1.2677455422315765e-28,4.242923354054383e-28,4.483451296615158e-65,2.876751734675963e-44,9.274921713703979e-52,2.255999985327562e-06,1.4672438448041135e-14,6.179999999269327e-05,7.30670657693021e-15,1.9657677468484592e-41,3.625583926962849e-32,4.4887566827142744e-39,8.905353610792764e-74,5.233328482573225e-37,1.3706536824778837e-21,8.746600775569588e-45,1.2116182473030078e-28,-7.939481889001754e-104,2.1034226015723917e-48,1.5368893286824016e-36,2.1972446723349236e-47,3.949519252255031e-31,3.4801264422577406e-31,8.017513007124597e-69,2.5184069785230057e-40,2.065961131378562e-31,0.0003339999998985414,1.0145828125477394e-13,3.9519313170410304e-24,1.5036164903211396e-30,4.540164727231767e-67,3.170727307359016e-41,3.8677463320693007e-48,4.3836279453223815e-60,4.717777664022039e-49,8.209835316932687e-70,2.229831378945476e-19,1.9683811846936025e-20,5.910938656880001e-18,3.50999999999408e-06,1.2690975486919798e-51,8.980336145413264e-44,1.2722868167426383e-17,1.7799999999872658e-06,7.256634165313703e-42,4.505788685778898e-37,6.778895023925713e-77,6.651050129442329e-55,0.0,0.0,1.8596447921076532e-29,1.0301195482892042e-20,4.3048471698369595e-43,1.2873832459453585e-21,2.7906558974670718e-59,4.470198581285834e-35,2.790655897558448e-59,6.43724670101572e-77,3.935164001002455e-51,4.2707353579597384e-35,5.83831114960632e-25,1.5313479883652047e-31,1.8448771498097555e-48,8.812348209799212e-42,2.6906817931776152e-45,2.960518964819658e-39,6.903135720803754e-31,1.0512035448969753e-55,1.3519517189083582e-64
4.4219474047143965e-05,1.0000073049516917e-10,0.00017699999999925309,2.9921947790419216e-35,6.393762168324163e-29,2.430822794367686e-42,1.228393984473968e-33,-4.705607681854581e-52,1.5701944979485367e-40,-5.991036618914943e-90,-1.3529455375235078e-74,-2.6347988652322207e-83,1.1867737938074492e-54,3.689485164559748e-45,-5.406770197945718e-65,-5.105059145459299e-52,6.300920927498138e-50,9.27510095755974e-106,-3.0308824435854726e-88,-4.4988966868410266e-77,-5.327991349464068e-91,-7.005260461480665e-103,-9.938361301874461e-89,1.038756954081958e-24,2.151714032833018e-18,3.4862759137427803e-25,1.4267366887013133e-17,-2.3790409090133984e-73,-1.0252921914102134e-70,5.524269708678937e-35,3.9791841238570985e-24,5.449660971243893e-97,-7.91284617599769e-94,-9.626017596662048e-70,-5.445227282766546e-63,-1.0252921921000546e-70,-6.834573891044144e-63,-2.4879085164556788e-46,-6.641379227124475e-45,2.5272163717225598e-37,4.0210012089289645e-20,3.389998818152948e-08,1.1249599339528342e-29,1.2923366682001907e-23,7.326610349771449e-29,2.0268371535809757e-22,3.1530532566442575e-47,6.876526277370171e-41,2.914036167955029e-31,0.00018232394267712708,0.4999999999856429,1.9386410605127207e-11,0.24999999997848257,1.899695618502151e-11,2.678140085838628e-21,-9.258668046104648e-47,-1.1590371072131756e-45,2.4711530347025157e-35,-1.3013615616355036e-49,-5.327442287530264e-57,-2.0382034793273346e-47,-2.5982981935958734e-54,-2.5123622758416147e-57,8.51720220263788e-32,6.113420979242136e-27,2.5752809887206525e-31,1.2691223882871329e-20,0.0,-3.6439810650420445e-56,-1.6232761018484847e-69,6.887754163146879e-18,-5.194553774331824e-34,1.2166592365164718e-32,-1.2233086320386143e-83,9.324045930782946e-30,1.1818427633913076e-14,1.7577619375802385e-36,1.3750516840836406e-28,1.438138582310999e-35,4.075233440757578e-36,2.5184621871308083e-27,-3.1170722578483287e-52,-8.89590401937143e-72,3.186600016373806e-48,1.8378772213802677e-36,0.1000000014860001,4.116009797801842e-12,1.72194536584542e-19,5.75275424997009e-37,-3.70070652249979e-64,-1.0545719831252114e-52,-1.791395682111096e-38,-1.389418831133872e-50,2.649782098850859e-29,-6.975481039331771e-71,2.6510580700904104e-28,8.868162955854946e-28,-1.0951936772713443e-62,8.699276783448692e-44,-2.2656141532465966e-49,2.25599997878242e-06,2.1217580928534715e-14,6.179999998943386e-05,1.056611229807743e-14,4.35237876765912e-41,1.0883620254453675e-31,-1.9057379125900931e-38,-3.6901364157733425e-72,-2.3164395710854108e-36,2.866255006718429e-21,-2.136570504181652e-42,3.663926621284561e-28,-3.6807501538095404e-96,-5.138127312529515e-46,-6.879538005980496e-36,-5.3672899385212397e-45,8.259074322913466e-31,1.0523868014399868e-30,4.807115111253944e-65,7.615643618820145e-40,4.320254018307831e-31,0.00033399999985328233,1.467171953129173e-13,5.714826104217263e-24,4.543966964234218e-30,-1.096669972054416e-64,9.588257595064993e-41,1.1668185764461773e-47,-1.9677618303126898e-59,1.4265356246962035e-48,-3.430509362060454e-66,3.224523835158947e-19,4.116198306799418e-20,8.547714916156939e-18,3.5099999999914397e-06,2.2477496803456097e-51,2.7156472308546508e-43,1.8398337295655583e-17,1.7799999999815852e-06,1.5174837865170814e-41,1.0034728292682078e-36,-3.312978681401072e-73,2.011234693781507e-54,0.0,0.0,3.88881383848813e-29,1.489639230056793e-20,1.3017831105122148e-42,1.8616644903002156e-21,-1.24917942584244e-58,9.347896376234678e-35,-1.2491794280745368e-58,-4.3232208553153703e-73,1.189991481026704e-50,8.93094438303472e-35,8.442694236605586e-25,3.202292889349622e-31,5.578476801881508e-48,2.664848756611496e-41,8.136602244894409e-45,8.430595837126647e-39,1.4435557108496924e-30,-2.810053598750544e-55,-2.3638161160217323e-62
6.394508134679367e-05,1.0000105635750183e-10,0.0001769999999989199,4.326982124046027e-35,9.245948117848585e-29,5.0832418678051794e-42,2.5687729311575575e-33,-7.348658131062693e-51,4.7477329314782775e-40,-5.39280193024625e-89,-1.2712920343056266e-73,-2.4715167703972292e-82,3.5867516508852694e-54,1.1156837289882281e-44,-5.0323870842219154e-64,-6.884874137957086e-51,1.90533442326746e-49,9.177660183674244e-105,-2.872076893249108e-87,-4.187378953637353e-76,-4.965481152366735e-90,-6.395579568415407e-102,-9.318361792140518e-88,1.7224260380678637e-24,3.111558861727726e-18,5.041456787099799e-25,2.06318102294577e-17,-2.235460038967601e-72,-9.465779556692524e-70,1.6705292888709202e-34,8.321107362289654e-24,7.691795410496977e-96,-7.138074893778248e-93,-8.862649004417915e-69,-5.058474968716218e-62,-9.465779565050913e-70,-6.312994807896442e-62,-3.3562513145355133e-45,-8.959407457809941e-44,7.642290072013585e-37,5.835939695440654e-20,3.389998290949822e-08,1.812807973099164e-29,1.8688283799621534e-23,1.4013978290430363e-28,2.9309777453778243e-22,9.48779869299581e-47,1.4383022912368285e-40,4.213966217748562e-31,0.00018232396171471779,0.4999999999792383,2.803438451617273e-11,0.24999999996888397,2.747118995238225e-11,5.6004170587891325e-21,-1.2490343468076841e-45,-1.5635887957793482e-44,7.472754587800458e-35,-1.7555736016954085e-48,-4.920884529611364e-56,-2.7496244308054144e-46,-3.5037603060555433e-53,-2.3206312468247772e-56,1.7810815127316423e-31,1.8486967725157914e-26,5.385322946907859e-31,1.8352577017564358e-20,0.0,-4.915824449468659e-55,-1.4993957843587931e-68,1.440338933126584e-17,-7.007610940801205e-33,2.544228296070279e-32,-1.1613952665886105e-82,2.817265865029107e-29,1.7090437825515018e-14,4.778813861824266e-36,2.8754518406642704e-28,4.3489245659871116e-35,8.529110879214838e-36,5.266505588754575e-27,-4.205016811887538e-51,-8.29166309137251e-71,9.636002200162002e-48,3.8434039738100784e-36,0.10000000148416402,5.952096604781919e-12,3.6008609870988423e-19,1.202992201458541e-36,-4.992150537773264e-63,-9.621175576488907e-52,-2.4166466293566647e-37,-1.2833852416020737e-49,5.541117125779105e-29,-6.366446735717486e-70,5.543785167120858e-28,1.8538283463431784e-27,-1.0116139607786971e-61,2.6306554399517644e-43,-2.0927136369714874e-48,2.2559999693175928e-06,3.068240782606098e-14,6.179999998472049e-05,1.527948686767444e-14,9.683095796248416e-41,3.2744482376874937e-31,-2.6145935507356255e-37,-3.552020662586785e-71,-3.1346996554945336e-35,5.993795088059431e-21,-1.9735181625385451e-41,1.1079699791315229e-27,-3.541524231072129e-95,-4.7460108508149324e-45,-9.280696562786366e-35,-4.957685192606418e-44,1.727104086562132e-30,3.1824106760610636e-30,5.2166083255312296e-64,2.3029647694405225e-39,9.03433969381831e-31,0.000333999999787834,2.1216537373154875e-13,8.264121211196742e-24,1.373474703620246e-29,-1.0130758457447678e-63,2.899483120127502e-40,3.51105445719533e-47,-2.6521717672933125e-58,4.31310348001822e-48,-3.187375947774167e-65,4.662932826797229e-19,8.607625198569696e-20,1.2360715434524215e-17,3.5099999999876213e-06,-3.134619974779865e-51,8.212098736060321e-43,2.660554232827192e-17,1.7799999999733707e-06,3.173318346696524e-41,2.283612463891498e-36,-3.0875627333656315e-72,6.081724121298918e-54,0.0,0.0,8.132130031803962e-29,2.154142995742277e-20,3.9365857840306834e-42,2.692123462115716e-21,-1.685177012312623e-57,1.9547937032929795e-34,-1.6851770143743775e-57,-4.0295729025866803e-72,3.5985305097262765e-50,1.8676499936339734e-34,1.220885674865055e-24,6.696505296273621e-31,1.6866661659222596e-47,8.05849047617979e-41,2.4605028142509774e-44,2.4402496258465936e-38,3.018705067098205e-30,-4.590683346724296e-54,-2.1908741923726913e-61
9.246996977143298e-05,1.0000152758186513e-10,0.0001769999999984381,6.257217308866023e-35,1.3370483379833086e-28,1.0629907161961458e-41,5.371729724395251e-33,-2.094841442788645e-50,1.4357221387791538e-39,-1.7274609331490213e-88,-4.419326903810635e-73,-8.566857414424143e-82,1.0845572748238174e-53,3.373821922307881e-44,-1.6454121310529223e-63,-1.9672059318887848e-50,5.761729686290348e-49,3.4801132608809445e-104,-1.0137913149172296e-86,-1.3691330258309034e-75,-1.697945157221838e-89,-2.106668878297186e-101,-3.2271630124428277e-87,2.9514473275832897e-24,4.499574469980547e-18,7.290388794712408e-25,2.98353275514473e-17,-7.771014002856911e-72,-3.180119160033572e-69,5.051654869611402e-34,1.7400759008853373e-23,4.279963761965802e-95,-2.2965801462367464e-92,-2.967017559679741e-68,-1.718088042471967e-61,-3.18011916411415e-69,-2.070558621077968e-61,-9.588886293258898e-45,-2.559721290834617e-43,2.3110226683248237e-36,8.483662656088375e-20,3.389997528569872e-08,3.010473766695827e-29,2.7024847729887444e-23,2.7415251404309585e-28,4.238441824105164e-22,2.870112154996948e-46,3.0086603197211635e-40,6.093807302646549e-31,0.0001823239892446763,0.49999999996997674,4.05400860166241e-11,0.2499999999550036,3.972563691431162e-11,1.1711362435642119e-20,-3.568517808912588e-45,-4.4672064594430326e-44,2.2597552724940254e-34,-5.015709970425296e-48,-1.6139673149805696e-55,-7.85573589680238e-46,-1.0011616994486566e-52,-7.611283185919346e-56,3.724524178902224e-31,5.590444625698662e-26,1.1261568347300165e-30,2.6539369158125725e-20,0.0,-1.4044620242626328e-54,-4.917768102342858e-68,3.0119775196830256e-17,-2.002087901159395e-32,5.320386581195809e-32,-3.782264812017071e-82,8.514539970665997e-29,2.471420473109818e-14,1.3328881264906426e-35,6.013026866249116e-28,1.3151114502461158e-34,1.7857357247989387e-35,1.1013101747234547e-26,-1.2013821497909988e-50,-2.8369571633275695e-70,2.913920641705387e-47,8.037503492353803e-36,0.1000000014815089,8.60723266775822e-12,7.529970483660865e-19,2.515650140788084e-36,-1.426287928258822e-62,-3.157442092875886e-51,-6.904406372296914e-37,-4.209288682675815e-49,1.1587360265298314e-28,-2.0892858641622566e-69,1.159293890606177e-27,3.875716407837629e-27,-3.3179252508313224e-61,7.955082269774594e-43,-6.863749940192213e-48,2.2559999556306567e-06,4.4369344110948764e-14,6.179999997790454e-05,2.209542228827826e-14,2.2520749105541746e-40,9.866866612517488e-31,-7.467835334416044e-37,-1.1458312372071524e-70,-8.956866714481677e-35,1.2533977821959722e-20,-6.47281092190837e-41,3.350492662646267e-27,-1.2833046442071648e-94,-1.5566123312511198e-44,-2.6515136841501277e-34,-1.626037985416167e-43,3.6116499166682864e-30,9.623578894177595e-30,2.2517057458075434e-63,6.964148303554028e-39,1.889224396308569e-30,0.0003339999996931902,3.068089051536768e-13,1.1950618314381407e-23,4.1520822286551745e-29,-3.3225880807188945e-63,8.768015049609373e-40,1.0621135916713607e-46,-7.579508182538387e-58,1.30429463713354e-47,-1.0836402169483224e-64,6.742993251984392e-19,1.7999911475925165e-19,1.7874635357374052e-17,3.509999999982099e-06,-7.341645784903837e-51,2.4833324871569502e-42,3.8473849456314984e-17,1.7799999999614915e-06,6.635968475983019e-41,5.335414236233099e-36,-1.0557881045704338e-71,1.8391066793571754e-53,0.0,0.0,1.7005581345549875e-28,3.1150705949839316e-20,1.1904205288510071e-41,3.893036942120805e-21,-4.81458675832069e-57,4.08778389511851e-34,-4.8145867650829e-57,-1.3787014464560248e-71,1.0881928280579862e-49,3.905696445629406e-34,1.765505594495063e-24,1.4003461200480668e-30,5.100522072804452e-47,2.436881336084705e-40,7.440542057338169e-44,7.151031894401871e-38,6.312593365962494e-30,-1.307709622085929e-53,-7.175707579470383e-61
0.00013371935932267675,1.0000220901196285e-10,0.00017699999999774133,9.048546823621378e-35,1.9334983767447781e-28,2.222902663786368e-41,1.1233191782705195e-32,-1.8556970047373177e-50,4.3420086925575425e-39,-3.335026063548548e-88,-1.0374706471835582e-72,-1.9990970482987084e-81,3.2806879178274553e-53,1.0202515358879405e-43,-3.32648280681707e-63,-1.9118093791411033e-50,1.7423875568601124e-48,9.588394955322635e-104,-2.4553950966917006e-86,-2.7679849665058957e-75,-3.8471003709408776e-89,-4.374937140761355e-101,-7.51682786048918e-87,5.23138508016392e-24,6.50676018761716e-18,1.0542554627781986e-24,4.314438105945562e-17,-1.824304527833281e-71,-6.923061504297563e-69,1.5276135216580888e-33,3.63877519214354e-23,1.7909210152314763e-94,-4.4872214771901764e-92,-6.40803078929533e-68,-3.834204984337632e-61,-6.923061519629476e-69,-4.232784674621761e-61,-9.311488153357364e-45,-2.4856559234936682e-43,6.988510276027208e-36,1.2360943311757323e-19,3.3899964261046006e-08,5.1668637520377e-29,3.908023873740709e-23,5.459629141560636e-28,6.1291463573028245e-22,8.714724164596858e-46,6.294435011299506e-40,8.812296355302433e-31,0.00018232402905531337,0.49999999995658373,5.862438995441659e-11,0.24999999993493144,5.744658124347541e-11,2.4490318452861944e-20,-3.465247676714537e-45,-4.3379315886300295e-44,6.833478334861153e-34,-4.8705789259709377e-48,-3.2993757107167544e-55,-7.628398373929387e-46,-9.732763529632368e-53,-1.555949881206739e-55,7.78857811441698e-31,1.6905441382856576e-25,2.3549733325732334e-30,3.8378157573643434e-20,0.0,-1.3638305392629718e-54,-1.0053234287603166e-67,6.298522716638108e-17,-1.944148652382902e-32,1.112577534397009e-31,-7.511025780084889e-82,2.5737754126961693e-28,3.5738805895892324e-14,3.7959686969202146e-35,1.2574193726393261e-27,3.976884006030216e-34,3.7408013518155344e-35,2.3030148354225145e-26,-1.1666212869780585e-50,-6.436258808844312e-70,8.81184333646895e-47,1.6808712366876178e-35,0.10000000147766934,1.2446782892735448e-11,1.5746356941749601e-18,5.2606396067628263e-36,-1.3851842692635538e-62,-6.493746805609315e-51,-6.704601482965893e-37,-8.604908111477053e-49,2.423102055841089e-28,-4.2961425225802513e-69,2.4242684392763673e-27,8.103389425825515e-27,-6.782728297792417e-61,2.4056104569215915e-42,-1.4031332593188062e-47,2.255999935838195e-06,6.416180588655175e-14,6.179999996804811e-05,3.195183666067228e-14,5.554853058879887e-40,2.976401688447835e-30,-7.173341452482695e-37,-2.2032325762307917e-70,-8.690594545537972e-35,2.6210535991953223e-20,-1.3232160691503758e-40,1.0131854929005323e-26,-3.2682402505808306e-94,-3.1821319019965205e-44,-2.5747875624299585e-34,-3.3240564607994535e-43,7.552535551154471e-30,2.9101587866407647e-29,7.431824901181544e-63,2.105953378365265e-38,3.950669212739874e-30,0.0003339999995563272,4.436713271710887e-13,1.7281607194094252e-23,1.2553146156659527e-28,-6.791304045399917e-63,2.6514403093159037e-39,3.224970018045882e-46,-7.378497762981906e-58,3.9447272380005794e-47,-2.4239266314501365e-64,9.750935607585307e-19,3.764066918266893e-19,2.5848228164139305e-17,3.5099999999741137e-06,5.288197864868201e-50,7.509577545714976e-42,5.563641603318744e-17,1.7799999999443132e-06,1.3877031051161095e-40,1.2850690327809908e-35,-2.392123777198713e-71,5.561588553811318e-53,0.0,0.0,3.5561384710482024e-28,4.5046511602319075e-20,3.5998202360066266e-41,5.6296587216279736e-21,-4.675286053830691e-57,8.54820364836731e-34,-4.675286067654449e-57,-3.127887591040666e-71,3.2906830876439155e-49,8.167865037116698e-34,2.553074182717658e-24,2.9283473024984183e-30,1.5425914192301839e-46,7.369105115934025e-40,2.2500140815397773e-43,2.1147324097474775e-37,1.3200638559373487e-29,-1.1264094401443503e-53,-1.4596589953853408e-60
0.00019336944850166022,1.0000319441725203e-10,0.00017699999999673378,1.3085155911686876e-34,2.796032123420241e-28,4.648519190148602e-41,2.349054197598236e-32,1.2083357800833055e-49,1.313176500317769e-38,-1.9637109765286136e-88,-1.664462394646546e-72,-3.150706082659219e-81,9.925155425637305e-53,3.0852738610487793e-43,-2.7925484890399023e-63,1.0167373256495992e-49,5.2691440100008645e-48,2.2053730810342317e-103,-4.2941609349326605e-86,-2.323958830545365e-75,-5.517817809397872e-89,-4.335811540035776e-101,-1.178147989649927e-86,9.579529923336505e-24,9.409316166139069e-18,1.5245506356683233e-24,6.239037761001959e-17,-2.9268156698179114e-71,-8.554314963622316e-69,4.619484581427401e-33,7.609256237149743e-23,6.569932054357442e-94,-2.9478025986385534e-92,-7.660397996957214e-68,-5.2136890509078204e-61,-8.554315015269666e-69,-3.82012258998191e-61,4.960775225465208e-44,1.3242721564137557e-42,2.1133183074165328e-35,1.8069135044034544e-19,3.3899948318476595e-08,9.1728130330689e-29,5.651338622708516e-23,1.1021697162445705e-27,8.863267236611768e-22,2.6493617146102156e-45,1.3171277788781589e-39,1.2743665181749226e-30,0.00018232408662484525,0.4999999999372164,8.477583017988648e-11,0.24999999990590535,8.307252187090955e-11,5.121313765960105e-20,1.8461843997453317e-44,2.3111220073140154e-43,2.0664368751819995e-33,2.594879413472068e-47,-2.9776458685173187e-55,4.0641898521411055e-45,5.1724275708120304e-52,-1.4042394880891564e-55,1.6287187159735624e-30,5.112184388561906e-25,4.924624240902142e-30,5.549803770700291e-20,0.0,7.265943470832619e-54,-9.073014125395154e-68,1.3171207708404993e-16,1.0357863108761574e-31,2.326576635928765e-31,-5.518185013348644e-82,7.780953471518726e-28,5.168129150207955e-14,1.0988234597589944e-34,2.6294631410801706e-27,1.2026054899310295e-33,7.842405454324934e-35,4.81597022602694e-26,6.215345307109337e-50,-9.272898387275128e-70,2.6647634177351265e-46,3.515276311207948e-35,0.10000000147211703,1.7999095685812393e-11,3.292810705357623e-18,1.1000896706550147e-35,7.377818830182042e-62,-6.096637398305511e-51,3.572012800281207e-36,-7.765879028165844e-49,5.067093591140247e-28,-4.0286967220269917e-69,5.06953208222665e-27,1.6943523261395905e-26,-6.1213977140698804e-61,7.27454615744624e-42,-1.2663184849155415e-47,2.2559999072166294e-06,9.278337130661284e-14,6.179999995379488e-05,4.6205037402061795e-14,1.4485832270957442e-39,8.985277629370272e-30,3.9181723252343795e-36,-1.2039037463825574e-70,4.639296907586938e-34,5.481037958761623e-20,-1.19420002276306e-40,3.063861468131507e-26,-6.445324517577511e-94,-2.8718627699979454e-44,1.3717640682647445e-33,-2.9999488823481965e-43,1.5793555271289107e-29,8.800283996299305e-29,2.2013327061469234e-62,6.368387810639931e-38,8.261478592118956e-30,0.000333999999358412,6.415857198409776e-13,2.4990673724029873e-23,3.795491078474728e-28,-6.12374643337014e-63,8.01793216311922e-39,9.804223681285314e-46,3.909290478966479e-57,1.1930999725814645e-46,-3.3239482162044784e-64,1.4100673229938233e-18,7.871259376557201e-19,3.7378715534534134e-17,3.509999999962566e-06,4.565270327744123e-49,2.2708901082087118e-41,8.045492250987953e-17,1.7799999999194723e-06,2.9019577301664176e-40,3.199394453465474e-35,-3.4308945478339895e-71,1.6818797401570372e-52,0.0,0.0,7.436453393588716e-28,6.514098222527745e-20,1.0885819423136626e-40,8.140959583053796e-21,2.4908211948667343e-56,1.7875644025233947e-33,2.490821193619148e-56,-4.506441781738622e-71,9.950985683417012e-49,1.7081611622795832e-33,3.6919695527677916e-24,6.1236420192018194e-30,4.665564567377211e-46,2.2284095742924126e-39,6.804024672785669e-43,6.295114012907751e-37,2.76046380840929e-29,7.766005322698738e-53,-1.276481034168773e-60
0.0002796284980965741,1.0000461939626747e-10,0.00017699999999527677,1.8922706567423678e-34,4.043366813041977e-28,9.72105002417977e-41,4.9122913654832996e-32,8.782324566000003e-49,3.971488960712009e-38,1.8225198922428274e-87,-4.8590091864601287e-73,-6.060299345216705e-82,3.002671723749989e-52,9.32996357966068e-43,1.3331363296701928e-62,7.69683883463145e-49,1.593436531238313e-47,4.3463972856649677e-103,-3.2233486528667984e-86,1.1091558889840675e-74,2.0216773967116643e-89,1.3626840206780477e-100,-1.8958201255316565e-87,1.806546521312567e-23,1.3606649073189215e-17,2.2046474822187192e-24,9.022167711133248e-17,-8.544104636613516e-72,1.1673339542391241e-68,1.3969270347440425e-32,1.5912159437850314e-22,2.243646819719131e-93,2.2735867933661687e-91,1.2307752419396156e-67,3.684193715035259e-61,1.1673339377173075e-68,1.5393119950754763e-60,3.7539021162070664e-43,1.0020960699051963e-41,6.390653038093447e-35,2.6535532056372857e-19,3.389992526419263e-08,1.682193949067172e-28,8.172326304831333e-23,2.2476581728996996e-27,1.2817042400587634e-21,8.052328494473376e-45,2.7569284657906005e-39,1.8429293400010566e-30,0.00018232416987523357,0.49999999990920957,1.2259304441311567e-10,0.24999999986393118,1.2012971276293734e-10,1.0709476725348182e-19,1.3970315468634839e-43,1.7488563662828108e-42,6.248884258809284e-33,1.9635827671155452e-46,1.1999042562505948e-54,3.075425152850176e-44,3.916210910979212e-51,5.658536610227409e-55,3.405921843882185e-30,1.5459182893181618e-24,1.0298173075505139e-29,8.025481620125777e-20,0.0,5.498258499439055e-53,3.656066049380872e-67,2.754307267755211e-16,7.837928321861582e-31,4.865241571574673e-31,3.475149462214142e-81,2.3525100865204495e-27,7.473543491892449e-14,3.22021044778951e-34,5.49862291104593e-27,3.63666635855524e-33,1.645958678259798e-34,1.0070958654192643e-25,4.703244608163978e-49,3.139478970902879e-70,8.058425107681467e-46,7.35193166639846e-35,0.10000000146408793,2.6028207312146778e-11,6.885781358308771e-18,2.3004842914488824e-35,5.58323383358746e-61,2.2209749807748676e-50,2.70298897118807e-35,3.12936698638042e-48,1.0596103217491799e-27,1.4721733182037854e-68,1.0601200668789315e-26,3.542877520065646e-26,2.4666758270980485e-60,2.1998167749914486e-41,5.102813508568047e-47,2.255999865827437e-06,1.3417256350412902e-13,6.17999999331835e-05,6.68163568966324e-14,3.9507460083553783e-39,2.713932325447786e-29,2.949069990744813e-35,1.2631166850365108e-69,3.5091483879926045e-33,1.1461715187250932e-19,4.812139764666385e-40,9.265082907808872e-26,-8.553096623663573e-94,1.1572489820553899e-43,1.038032946333324e-32,1.20886300413598e-42,3.3026840081451157e-29,2.6611953484991223e-28,6.243215992874004e-62,1.925795869249943e-37,1.7276067119827942e-29,0.00033399999907221,9.277861944441775e-13,3.6138649325831353e-23,1.1476338874575543e-27,2.472968295781467e-62,2.4246156749380715e-38,2.97984285483493e-45,2.9618658838581445e-56,3.6085555931230074e-46,2.165643395117352e-64,2.039075952956665e-18,1.6460044224943998e-18,5.4052772965694894e-17,3.5099999999458677e-06,2.2401625619223103e-48,6.867153182233031e-41,1.1634455228128048e-16,1.77999999988355e-06,6.068605355754092e-40,8.239062344717179e-35,1.2575443795868507e-71,5.086166878184344e-52,0.0,0.0,1.5550812375552145e-27,9.419920709693137e-20,3.2918607406689594e-40,1.1772511163708883e-20,1.884842557920263e-55,3.738078340361685e-33,1.884842558422995e-55,1.5256833478465656e-71,3.009166176494436e-48,3.572431545123273e-33,5.3389183700768136e-24,1.2805514629798338e-29,1.4110891913697474e-45,6.738687217632522e-39,2.057531659092747e-42,1.8827634453951132e-36,5.772569413947471e-29,5.586326626178352e-52,5.548885553772356e-60
0.0004043663440818802,1.0000668003591911e-10,0.0001769999999931698,2.736499232968894e-34,5.84720747519879e-28,2.0328341985229523e-40,1.0272517779693167e-31,1.1893668864173453e-49,1.2007504591453071e-37,-1.9060567199525105e-82,-3.909098905850819e-68,-8.970713638897319e-77,8.971211224346257e-52,2.8212879764914857e-42,-1.774611573385029e-60,3.707591279317758e-50,4.818273885382978e-47,3.027600483717871e-97,-1.0333016855026864e-80,-1.4858893369307259e-72,-1.8037558210335776e-85,-2.3266779986461184e-96,-3.243755731999906e-82,3.49335356088112e-23,1.9676330387935026e-17,3.1881489620003542e-24,1.3046801301352805e-16,-6.873780451427906e-67,-3.4959331940057895e-65,4.2242966499842846e-32,3.327483662260398e-22,1.7553837400266438e-88,-2.7123628824732593e-86,-3.076480935542591e-63,-1.7846041231949698e-57,-3.495933216667364e-65,-2.28457039111475e-58,2.567951416693861e-44,6.8703488076029595e-43,1.9325315338182236e-34,3.9221711891089605e-19,3.389989192578532e-08,3.176484844143724e-28,1.1817903040151844e-22,4.617571103298291e-27,1.853454713206009e-21,2.4147484447282034e-44,5.773040874675312e-39,2.6652646921072408e-30,0.0001823242902623016,0.4999999998687094,1.772799830804329e-10,0.24999999980323298,1.7371737059949648e-10,2.2395202569333913e-19,9.566035728678406e-45,1.1977130270224121e-43,1.8896606024614122e-32,1.3464128868989907e-47,-1.7781314999752233e-52,2.1057264546209286e-45,1.5724651141341888e-52,-8.385451263080674e-53,7.122289770422604e-30,4.6748574354550464e-24,2.1535117709792794e-29,1.160551825488978e-19,0.0,3.762886342465687e-54,-5.417869764566487e-65,5.759688814403808e-16,5.382875801178855e-32,1.0173992482685044e-30,-2.304208853822548e-78,7.113049546279764e-27,1.0807359851160989e-13,9.523305240524026e-34,1.1498485886698715e-26,1.0997269944066312e-32,3.46003682509073e-34,2.1059971431395884e-25,3.2234552232212562e-50,-3.02859598057509e-66,2.436358473517763e-45,1.537683444230215e-34,0.10000000145247713,3.7638978518297074e-11,1.4399233988460634e-17,4.8106666265599774e-35,3.3628590278921006e-62,-3.6003733140480845e-47,1.8558690054203027e-36,-4.6372347577800735e-46,2.2158149283864187e-27,-2.3150474131037332e-65,2.2168803356094592e-26,7.408310584623395e-26,-3.655430838718493e-58,6.652232213503617e-41,-7.561487418276619e-45,2.2559998059751824e-06,1.9402481818522976e-13,6.179999990337769e-05,9.662204204604164e-14,9.341494154317288e-39,8.200234018979947e-29,2.337923380348076e-36,-1.139127826387982e-67,2.4222980559302117e-34,2.396824654481532e-19,-7.131142985454899e-38,2.801759712179616e-25,-1.247700633258568e-86,-1.7149507130381462e-41,7.121607131794539e-34,-1.7913670976174547e-40,6.906438227965392e-29,8.047450262512206e-28,1.592974843452325e-58,5.823591586400979e-37,3.6127005462418524e-29,0.0003339999986583381,1.341655343071294e-12,5.2259594941360073e-23,3.470195565709817e-27,-3.659596741316434e-60,7.33202473731785e-38,8.936014992324094e-45,-1.004365932485695e-59,1.0908850926383787e-45,-1.1533512533574862e-60,2.9486752882693216e-18,3.4420534284693448e-18,7.816486802270698e-17,3.5099999999217196e-06,2.5422282008530682e-48,2.076622756437958e-40,1.6824393687037504e-16,1.7799999998316032e-06,1.269087212331807e-39,2.191217957249519e-34,-1.1154211426403767e-67,1.537340589352751e-51,0.0,0.0,3.251923627469e-27,1.3621969764172834e-19,9.954576693783248e-40,1.7024038660907615e-20,1.291314881383824e-56,7.816906243743974e-33,1.2913141363970278e-56,-1.4719215110116296e-67,9.099718019786427e-48,7.471716046228133e-33,7.720566422125108e-24,2.677838141749686e-29,4.2660108499731516e-45,2.037777278396714e-38,6.22196195467722e-42,5.649815285031252e-36,1.2071361444145498e-28,9.53664818680773e-53,-7.830823175385558e-58
0.0005847477683396706,1.0000965989441583e-10,0.00017699999999012297,3.957507507711941e-34,8.455929646159696e-28,4.2501066451217886e-40,2.148185894067662e-31,-5.14927532263603e-47,3.626468740028884e-37,-3.397491395976291e-81,-7.249920761954351e-67,-1.6591021534397694e-75,2.5452725346812137e-51,8.529942162559827e-42,-3.331261470320493e-59,-4.668291587672974e-47,1.4565048050560932e-46,5.869839723928548e-96,-1.928066823472243e-79,-2.78900231252931e-71,-3.322236842822105e-84,-4.2008981841721307e-95,-5.99906017511079e-81,6.893862790110621e-23,2.845356834226725e-17,4.610432617870904e-24,1.8866746482735565e-16,-1.2748298536010842e-65,-6.387607288759461e-64,1.2774282034842678e-31,6.958291098121089e-22,4.7726951975027915e-87,-4.848212195444239e-85,-5.597390714067263e-62,-3.2784890752874296e-56,-6.387607341777476e-64,-4.277743703682497e-57,-2.262910145446273e-41,-6.040510440235182e-40,5.8440187873751495e-34,5.849350020099471e-19,3.389984371570031e-08,6.149079556419836e-28,1.7089748052092235e-22,9.536601378860164e-27,2.6802567520739875e-21,6.888661636641477e-44,1.209598158873048e-38,3.854835667043964e-30,0.00018232446435213344,0.4999999998101428,2.563620328751003e-10,0.2499999997154582,2.5120930123242295e-10,4.683187660082098e-19,-8.421345961743773e-42,-1.0542120195790114e-40,5.714374169972647e-32,-1.1836198794666814e-44,-3.32950803940999e-51,-1.853877617164702e-42,-2.381012199516006e-49,-1.5701545312454742e-51,1.489283060093445e-29,1.4136981048191188e-23,4.503335237274185e-29,1.6782548562242058e-19,0.0,-3.3144046352144484e-51,-1.0144832570939289e-63,1.2044407030756704e-15,-4.7244370653508236e-29,2.1275430352877544e-30,-4.285792087944079e-77,2.150795503215003e-26,1.562832464337634e-13,2.834986113050905e-33,2.4045133167674878e-26,3.3256031223670903e-32,7.289774989160925e-34,4.403973154141042e-25,-2.8350770939572393e-47,-5.577602836379165e-65,7.359409291791683e-45,3.2163354007581623e-34,0.10000000143568696,5.4429130937043266e-11,3.011099531004952e-17,1.005883243526002e-34,-3.374034340351032e-59,-6.514517165767756e-46,-1.6292785850340604e-33,-8.683112433644125e-45,4.6336247467976184e-27,-4.18937301835306e-64,4.6358510160656986e-26,1.5491359635123378e-25,-6.844702170900455e-57,2.011635605132215e-40,-1.4158709080584431e-43,2.2559997194237863e-06,2.805762142482008e-13,6.179999986027594e-05,1.397235345382148e-13,7.550292633682365e-40,2.4783913026598825e-28,-1.770259688036695e-33,-2.1635775665412144e-66,-2.1148164844620253e-31,5.012134245718205e-19,-1.3352893483711086e-36,8.472614224962984e-25,-2.359755045020631e-85,-3.2112009334524646e-40,-6.25704418536231e-31,-3.354293678372978e-39,1.4442461694088972e-28,2.433576712786079e-27,3.3612977211872185e-57,1.761048228742991e-36,7.554731253510105e-29,0.0003339999980598452,1.9401432379965258e-12,7.557191150598605e-23,1.0493467659925206e-26,-6.852715480098717e-59,2.2172091231113057e-37,2.5492222590001287e-44,-1.8227001597117416e-54,3.292039019964673e-45,-2.1187007055377607e-59,4.2640323063293785e-18,7.197869671913452e-18,1.1303299653689588e-16,3.5099999998867994e-06,-7.892275282809146e-47,6.279707303211593e-40,2.432947298900661e-16,1.7799999997564839e-06,2.653999966377052e-39,5.998286781831869e-34,-2.054289370181191e-66,4.6376982365593705e-51,0.0,0.0,6.800293290871439e-27,1.9698455343535586e-19,3.010286019717799e-39,2.46181857747445e-20,-1.1361766556181095e-53,1.634636237299487e-32,-1.1361766695678114e-53,-2.710760400860147e-66,2.7517929026916378e-47,1.5628154404007003e-32,1.116467480179463e-23,5.599789136382029e-29,1.287762031935268e-44,6.162290723435222e-38,1.8815198858225337e-41,1.6993780420098783e-35,2.5243136761755306e-28,-3.233293808731586e-50,-1.4679305839384167e-56
0.0008455944902006664,1.0001396902086251e-10,0.00017699999998571698,5.723682726069282e-34,1.222890284996117e-27,8.886593390600502e-40,4.4923190569009626e-31,-1.818665852755e-46,1.096409322614052e-36,-1.2663697578192825e-80,-2.907247360000171e-66,-6.620818085481511e-75,7.539422305121681e-51,2.57934730042821e-41,-1.269973419605234e-58,-1.6479908448682633e-46,4.404179632268076e-46,2.5331000773057e-95,-7.815804900118022e-79,-1.0635466181360786e-70,-1.3113780471809423e-83,-1.6040197960140198e-94,-2.393834809667497e-80,1.3821407435911367e-22,4.114612606058574e-17,6.667316811440382e-24,2.7282848344658523e-16,-5.112118259142149e-65,-2.4822970281588335e-63,3.8629345519595383e-31,1.4550872665938407e-21,2.9775227389559244e-86,-1.8169677189391012e-84,-2.168156780177425e-61,-1.2873611550243307e-55,-2.482297057179999e-63,-1.631224779397755e-56,-7.984458527040333e-41,-2.1313272775919827e-39,1.767229825945075e-33,8.829960087274548e-19,3.389977399998092e-08,1.2145188824649991e-27,2.471335120100317e-22,1.976986962981255e-26,3.875887802612804e-21,2.0621644472858585e-43,2.536634851964459e-38,5.576205182103704e-30,0.00018232471610068058,0.4999999997254508,3.70721612407818e-10,0.2499999995885283,3.632684589820928e-10,9.79327317414673e-19,-2.971385901559507e-41,-3.719678226819988e-40,1.728025227536093e-31,-4.17627080827425e-44,-1.2695357021838546e-50,-6.54121855393095e-42,-8.407063693821258e-49,-5.98696851445175e-51,3.1141806221740504e-29,4.2750249320754714e-23,9.417188305045436e-29,2.4268961780542573e-19,0.0,-1.1694545782646167e-50,-3.868206062554827e-63,2.518671325256871e-15,-1.666960442797659e-28,4.4490286746260755e-30,-1.704502992805811e-76,6.503588235797016e-26,2.259981567530298e-13,8.479145229845769e-33,5.0282104169087417e-26,1.0056617559484778e-31,1.540890100636724e-33,9.209402050296157e-25,-1.0003261604879619e-46,-2.201345464775888e-64,2.2247823420888816e-44,6.728350321898188e-34,0.10000000141140696,7.870910452487344e-11,6.296659365589272e-17,2.1033250976825235e-34,-1.1908055327809164e-58,-2.4823404329280137e-45,-5.748714814807585e-33,-3.310849248002466e-44,9.689655552349487e-27,-1.5964048658640376e-63,9.694305996007516e-26,3.2394023596798805e-25,-2.609873449432917e-56,6.083173839149724e-40,-5.398678433187549e-43,2.2559995942631868e-06,4.057368139348651e-13,6.179999979794709e-05,2.0205184324102534e-13,-1.8408936004986228e-38,7.491730767483613e-28,-6.246630834753807e-33,-8.246096790686436e-66,-7.461961455064233e-31,1.0481146916447315e-18,-5.091436925948228e-36,2.562117934149033e-24,-9.78620972870762e-85,-1.2244245020428779e-39,-2.2077262166907406e-30,-1.2789855661242558e-38,3.020148478502207e-28,7.359134373206167e-27,1.6353087198889154e-56,5.3253959303861274e-36,1.5798142808233566e-28,0.00033399999719437517,2.8056034929131205e-12,1.0928363467491344e-22,3.173115553406162e-26,-2.612922129870048e-58,6.70482901856273e-37,7.631260659095995e-44,-6.442066135149498e-54,9.951479748378077e-45,-8.320184519187107e-59,6.166148888962467e-18,1.5051854319813465e-17,1.6345526521008792e-16,3.5099999998363023e-06,-2.8220088205002676e-46,1.8989795832229194e-39,3.518243149556574e-16,1.7799999996478555e-06,5.550349255633292e-39,1.6825706694282283e-33,-8.107660317979025e-66,1.4014252740489957e-50,0.0,0.0,1.422050512309841e-26,2.84855000449573e-19,9.103097254333434e-39,3.55999540359657e-20,-4.008878572722229e-53,3.4182744554533705e-32,-4.0088786259121846e-53,-1.0698731239952647e-65,8.321423793535455e-47,3.269186397615411e-32,1.6145239164679001e-23,1.1710059905626012e-28,3.893038418383526e-44,1.8634755037511766e-37,5.689703712199881e-41,5.119821527005639e-35,5.278740980293687e-28,-1.141725799853078e-49,-5.596737244630113e-56
0.0012228008050171417,1.0002020038092085e-10,0.00017699999997934556,8.27909487489567e-34,1.76863382391512e-27,1.8586700504240272e-39,9.394530269664558e-31,-2.6135600966668232e-46,3.318086663595116e-36,-2.7550643074424533e-80,-7.43999427255173e-66,-1.678039279683424e-74,2.3365215615739726e-50,7.800725607468151e-41,-2.896941124156783e-58,-2.380350198032966e-46,1.332115409465736e-45,7.389538983494953e-95,-2.0427976559297518e-78,-2.4277543537647486e-70,-3.249425163994817e-83,-3.697281065499659e-94,-6.066366331964411e-80,2.804272717346943e-22,5.95004924565504e-17,9.642107342061766e-24,3.94531799373892e-16,-1.3082519576730538e-64,-5.949480228445419e-63,1.1681457442628176e-30,3.0428123942743737e-21,1.3000519655221852e-85,-4.0065918639862523e-84,-5.161909049952434e-61,-3.155076100105198e-55,-5.949480341983589e-63,-3.724828721858511e-56,-1.1487245898831199e-40,-3.0662500669421695e-39,5.3440575438027216e-33,1.3545330786117867e-18,3.389967318543647e-08,2.43659112524208e-27,3.5737872618408563e-22,4.109249958130556e-26,5.604882880056461e-21,6.465604311468566e-43,5.326304654894565e-38,8.068771521668185e-30,0.00018232508015026362,0.4999999996029795,5.36095773982139e-10,0.2499999994049767,5.253139768375543e-10,2.0479238542522184e-18,-4.274884016877937e-41,-5.351426912238425e-40,5.225504937745253e-31,-6.008212379720947e-44,-2.8983666922287245e-50,-9.410752000215631e-42,-1.2161919881562651e-48,-1.3668308078154348e-50,6.512465077610754e-29,1.2927505741875862e-22,1.969283114755342e-28,3.50949279561979e-19,0.0,-1.6824850695101687e-50,-8.83115819514627e-63,5.266924527334883e-15,-2.398129724909032e-28,9.303619192801115e-30,-4.2858525801444704e-76,1.9665906044130746e-25,3.2681116107147414e-13,2.5444512547693274e-32,1.0514758561986505e-25,3.0410930689971097e-31,3.272362448246011e-33,1.925830396490871e-24,-1.4391332791520341e-46,-5.453199401984281e-64,6.730796327884046e-44,1.407788148346035e-33,0.10000000137629601,1.1381998992051521e-10,1.316722848194847e-16,4.398711241722811e-34,-1.7163936752986522e-58,-5.691599348190144e-45,-8.270268902869942e-33,-7.558675141477615e-44,2.026263719708784e-26,-3.6605177238409913e-63,2.0272346778313857e-25,6.77397569004225e-25,-5.9583772629041e-56,1.8395441321256222e-39,-1.2325180311263217e-42,2.255999413270433e-06,5.867295674764918e-13,6.179999970781413e-05,2.9218366221562326e-13,5.769958688690594e-38,2.2648544052643107e-27,-8.981890734148289e-33,-1.876416751889776e-65,-1.0735234875971194e-30,2.191767402827818e-18,-1.1623825756678209e-35,7.747762076185974e-24,-2.6681246465403093e-84,-2.7953725912090893e-39,-3.17613259627563e-30,-2.919935747241485e-38,6.315610420459129e-28,2.225377664242738e-26,5.639288009277575e-56,1.6103965992041934e-35,3.303642117581858e-28,0.00033399999594283517,4.0571243066743265e-12,1.5803394014200955e-22,9.595173353384286e-26,-5.9652706717985174e-58,2.0275295372451023e-36,2.3926631389488497e-43,-9.390905874896847e-54,3.0129996897451083e-44,-2.039513555011789e-58,8.916768777403108e-18,3.147571006864821e-17,2.3637015159878435e-16,3.509999999763279e-06,-3.705769698591173e-46,5.742491386748917e-39,5.087668563630726e-16,1.77999999949077e-06,1.1607912087560025e-38,4.813520606433592e-33,-2.008360948402596e-65,4.24189466287755e-50,0.0,0.0,2.9737366668236195e-26,4.119217057207068e-19,2.7527533893623703e-38,5.1480499257578073e-20,-5.76745938148544e-53,7.148125042783072e-32,-5.767459502918691e-53,-2.6503092885935804e-65,2.5163672735936115e-46,6.839686656028816e-32,2.3347750506913722e-23,2.44876265741939e-28,1.1785209040850624e-43,5.635098408284343e-37,1.7205603496652658e-40,1.5442351974036353e-34,1.103868486300014e-27,-1.6341087401240472e-49,-1.2772657716419415e-55
0.0017682728850275922,1.0002921145314542e-10,0.00017699999997013193,1.1978337858753663e-33,2.5581979608931377e-27,3.889197287319697e-39,1.9646620396242658e-30,5.3393640971187455e-46,1.0045587594346626e-35,-2.7415050324811244e-80,-1.3510829064716454e-65,-2.9713468867138057e-74,7.3750868700096285e-50,2.3593133858299446e-40,-3.6017648113573005e-58,4.748379189298417e-46,4.029665681026394e-45,1.7642751940886166e-94,-3.9082528941999877e-78,-3.0273656382282864e-70,-5.403918353222239e-83,-4.816204351638368e-94,-1.0738182886479255e-79,5.739822057570207e-22,8.604215757641139e-17,1.394486097142804e-23,5.705237816458508e-16,-2.3757486805347115e-64,-8.925561312712022e-63,3.532451830994551e-30,6.3629844798720196e-21,4.8662702158410086e-85,-4.280825715053402e-84,-7.573404923509107e-61,-5.0793507821757456e-55,-8.925561701752726e-63,-4.652290681091293e-56,2.3316428461829395e-40,6.22458688422079e-39,1.616024217833782e-32,2.1211406725424953e-18,3.389952739965019e-08,4.9461779434215165e-27,5.168057133091737e-22,8.557104794446004e-26,8.105180265087575e-21,2.060633302051104e-42,1.1204292214608215e-37,1.1682949671630778e-29,0.00018232560659659096,0.4999999994258765,7.752419523577996e-10,0.2499999991395449,7.59642389897709e-10,4.282518048965084e-18,8.677469320773492e-41,1.0862828770724837e-39,1.5801748269503367e-30,1.219696421139906e-43,-3.6170904552446493e-50,1.9102551204814256e-41,2.4094949425239217e-48,-1.7057610032373906e-50,1.3620652391367696e-28,3.9092049142601223e-22,4.118081642601696e-28,5.075014974504128e-19,0.0,3.4151409151476236e-50,-1.1021030975350446e-62,1.1013922166449467e-14,4.868772802816222e-28,1.9455323601878263e-29,-7.424715390409049e-76,5.946755918022555e-25,4.725939461441255e-13,7.653309823341247e-32,2.1987942614017047e-25,9.196148382366796e-31,6.995156714257628e-33,4.027211150750133e-24,2.9214295117321275e-46,-9.061926532371759e-64,2.0369933367179127e-43,2.946345601993087e-33,0.10000000132552257,1.6459328539290495e-10,2.7534501518255024e-16,9.200932597187375e-34,3.455808063415826e-58,-7.255413175264204e-45,1.6790358580826182e-32,-9.432845099608335e-44,4.2372473307190373e-26,-4.667383870257152e-63,4.23927315186718e-25,1.4165261579229135e-24,-7.4359186974109405e-56,5.5627535269631556e-39,-1.5381135241286465e-42,2.2559991515396947e-06,8.484603058919701e-13,6.179999957747388e-05,4.225215210235545e-13,7.414873078436994e-37,6.847499227998146e-27,1.8280306169926788e-32,-2.3063179033079873e-65,2.179287771932927e-30,4.583312346066007e-18,-1.4506292722262187e-35,2.3428883771380747e-23,-5.607611555607219e-84,-3.488532239273718e-39,6.447912384433922e-30,-3.643981000378277e-38,1.3206943631676092e-27,6.729438232005001e-26,1.701291791405613e-55,4.869831172935897e-35,6.908438105823206e-28,0.00033399999413300825,5.8669129344938045e-12,2.285316465258602e-22,2.9014901449268446e-25,-7.444150157635673e-58,6.131207802382924e-36,7.625571256381267e-43,1.7973844334290493e-53,9.12830717261197e-44,-3.28535574044984e-58,1.2894395003462986e-17,6.58203741486004e-17,3.418113021248876e-16,3.5099999996576817e-06,1.0937036356091026e-45,1.7365211203839665e-38,7.357182001024002e-16,1.7799999992636121e-06,2.427776631953545e-38,1.3981948524676284e-32,-3.3370326605476866e-65,1.2848829948168958e-49,0.0,0.0,6.218564524323209e-26,5.956680188325606e-19,8.324230371762167e-38,7.444507082657116e-20,1.1707633066043378e-52,1.4947772898457392e-31,1.1707632914498268e-52,-4.404219164173913e-65,7.609360873840455e-46,1.4312844590584452e-31,3.3763598134951083e-23,5.120760503249639e-28,3.569658580067725e-43,1.70403230584012e-36,5.202953374309127e-40,4.661393033049902e-34,2.308363753994254e-27,3.398716538185031e-49,-1.591334436659241e-55
0.0025570714241392473,1.0004224222432355e-10,0.00017699999995680828,1.7339024047563384e-33,3.700997935195211e-27,8.142695565308018e-39,4.1087768716634515e-30,5.650472091919857e-45,3.041349751448481e-35,9.29971839827626e-80,-1.1106745044699879e-65,-2.054763245116175e-74,2.3287295929301074e-49,7.135714752895614e-40,5.529649790524727e-58,5.076888944585102e-45,1.218982458189432e-44,3.607961124451298e-94,-4.22736086807449e-78,4.580956078711757e-70,-1.9028128442914895e-83,5.736572754466298e-94,-7.40640960485237e-80,1.182307820997506e-21,1.2442302546780867e-16,2.0169601057007534e-23,8.250203742333335e-16,-1.9530055080823847e-64,2.2611951275261931e-63,1.068207131225042e-29,1.3305950453479218e-20,1.6799290624929045e-84,1.1780943248122306e-83,2.972025558276934e-61,-8.531083018159457e-56,2.2611938735690855e-63,6.982905887623629e-56,2.474109902179602e-39,6.604543024240726e-38,4.886800090444084e-32,3.406895025062647e-18,3.3899316582241825e-08,1.0127777147224978e-26,7.473570969200327e-22,1.7842466428467228e-25,1.1720872957463463e-20,6.552736532825383e-42,2.3630366831323053e-37,1.6938059892278076e-29,0.0001823263678822669,0.49999999916977245,1.121070009086799e-09,0.24999999875570678,1.098494631041284e-09,8.955375912848862e-18,9.207467785199412e-40,1.15262506823295e-38,4.778394325213719e-30,1.2941435832487285e-42,5.451087134921673e-50,2.026932264392845e-40,2.583982613113403e-47,2.5707204328933854e-50,2.849160341195044e-28,1.182121398112831e-21,8.611555256895915e-28,7.338884178932779e-19,0.0,3.6237704154945425e-49,1.6609375485505801e-62,2.3031695704004165e-14,5.165741551337584e-27,4.068410061036498e-29,-4.269618603355045e-76,1.7982507507951807e-24,6.834053959019067e-13,2.3057569754961324e-31,4.5980009653533975e-25,2.7808796534812526e-30,1.5089025303336673e-32,8.421518685488175e-24,3.0997836065465746e-45,-3.1520957086992845e-64,6.164911445886088e-43,6.168766302456196e-33,0.10000000125209982,2.380157440801358e-10,5.75782086136442e-16,1.925097784078366e-33,3.679926293404761e-57,9.774344864337597e-45,1.7814595290077145e-31,1.4217099762026887e-43,8.860780428216669e-26,6.27978890406705e-63,8.865002812894773e-25,2.9621492643762013e-24,1.120612423479787e-55,1.6821681880209174e-38,2.3182814140598856e-42,2.2559987730550535e-06,1.2269449474099396e-12,6.179999938899006e-05,6.110003290579133e-13,4.008480637349223e-36,2.0703734516597314e-26,1.937490849169965e-31,3.7422350492512448e-65,2.312316179711004e-29,9.58436812559517e-18,2.186118721297758e-35,7.084788316455954e-23,-8.504435180991643e-84,5.2575244148021926e-39,6.841380443675344e-29,5.491814229087826e-38,2.7617810705267374e-27,2.0349505447703102e-25,4.858141010156277e-55,1.4726344932505214e-34,1.4446632630202981e-27,0.0003339999915158571,8.483986562084419e-12,3.3047864682283075e-22,8.77387653429022e-25,1.1221314492535006e-57,1.854064623109449e-35,2.4248991443138912e-42,1.957383204891315e-52,2.7655912096504955e-43,-5.630403642499404e-59,1.864637387120509e-17,1.376398265243075e-16,4.942882639568411e-16,3.509999999504978e-06,1.0054883447996421e-44,5.251214752034883e-38,1.0639073126575912e-15,1.7799999989351243e-06,5.07800865001061e-38,4.108085380071513e-32,-1.1585755070703644e-65,3.892246584928409e-49,0.0,0.0,1.300403119196528e-25,8.613747192447341e-19,2.5172180962525165e-37,1.0765370423466563e-19,1.2422509715980737e-51,3.1257885431483084e-31,1.2422509738819588e-51,-1.532142765706705e-65,2.3010300120295242e-45,2.996058745560082e-31,4.8826647857147637e-23,1.0708348951927829e-27,1.081235618747855e-42,5.152928419419587e-36,1.5733666935729078e-39,1.4078515155720267e-33,4.827152889206689e-27,3.56922050699987e-48,2.418173704084531e-55
0.0036977405034673127,1.0006108582102414e-10,0.00017699999993754114,2.5123997520412282e-33,5.356460645586187e-27,1.7060252523879471e-38,8.593187764210566e-30,2.711242960190873e-44,9.205887278760495e-35,-1.4930085846563895e-77,-4.0505368198826806e-64,-9.678894174286377e-73,7.23284121754529e-49,2.1581108350036225e-39,4.8617740068439825e-57,2.439492400566336e-44,3.687217152805373e-44,2.9346419405792605e-92,-4.9543520447365515e-76,3.9541189949999685e-69,-2.1534805568063736e-82,-3.1518435080357016e-92,-3.4963229267999255e-78,2.446401683077712e-21,1.7992370728421225e-16,2.9178332725181396e-23,1.1930383748246986e-15,-7.122336575475434e-63,-2.1442532203742082e-62,3.230241318530876e-29,2.782466863394222e-20,-3.259877118823547e-82,-2.049074861173804e-81,-3.6781514911151647e-59,-1.4524835254875615e-54,-2.144253093655422e-62,6.15461576181806e-55,1.187894678215218e-38,3.1710210510696285e-37,1.477753493446796e-31,5.636709153912362e-18,3.389901172484451e-08,2.0867736681335262e-26,1.0807674815170476e-21,3.723726545032163e-25,1.6949578128079994e-20,2.0613046104988062e-41,5.0021354162045335e-37,2.4622769372925025e-29,0.00018232746876538144,0.49999999879942825,1.6211718281511068e-09,0.24999999820064145,1.5884901779163659e-09,1.872696130537702e-17,4.420771917835886e-39,5.534084089898385e-38,1.4449722986631035e-29,6.21353362954038e-42,4.828522876173309e-49,9.731890517872582e-40,1.242023349615724e-46,2.2770949199751355e-49,5.960958432723322e-28,3.5746784335300944e-21,1.8008104764070997e-27,1.0612613631619893e-18,0.0,1.739879247125376e-48,1.4712661835090246e-61,4.8162429147647074e-14,2.4802018147667005e-26,8.507669039816845e-29,-1.887299263135615e-74,5.437802608057387e-24,9.882507918134084e-13,6.9546050594097215e-31,9.615067247164428e-25,8.40928784172828e-30,3.2949003938418337e-32,1.761067205353127e-23,1.488291906397719e-44,-2.864865405636921e-63,1.865310752563277e-42,1.292266944022125e-32,0.10000000114592413,3.441907990460698e-10,1.2040272271161546e-15,4.02916182236953e-33,1.7667963398021135e-56,-5.270008222355397e-45,8.553238934932302e-31,1.2593319508198904e-42,1.8529367223957815e-25,-3.3242926360632576e-63,1.8538154780173803e-24,6.194268035195852e-24,9.92627596237105e-55,5.086853289595977e-38,2.0535028382647703e-41,2.25599822573448e-06,1.7742655208921263e-12,6.179999911642486e-05,8.835550728245087e-13,1.6346296258449532e-35,6.260140930796758e-26,9.300936406316224e-31,3.147992843800159e-64,1.1102038734276953e-28,2.0042234052292762e-17,1.9364803097870204e-34,2.142412662878855e-22,-8.601653795568345e-81,4.656972459668351e-38,3.2847270877856755e-28,4.864706247430875e-37,5.775320304326888e-27,6.153609271685966e-25,1.1568534893220547e-55,4.453238651636008e-34,3.0210173218026072e-27,0.00033399998773125895,1.2268426180002306e-11,4.779054824342411e-22,2.6531659161892276e-24,9.938689767665557e-57,5.60665759559808e-35,7.628033997688317e-42,9.418635365554374e-52,8.37589519834169e-43,-9.504740632395007e-58,2.6964212244399472e-17,2.8782358736008335e-16,7.147831679505704e-16,3.5099999992841562e-06,4.717812670479389e-44,1.5879603999501466e-37,1.5384929785370639e-15,1.779999998460106e-06,1.0622375200085628e-37,1.217179602408342e-31,-1.0696762840583715e-64,1.1783647219649185e-48,0.0,0.0,2.7193567053463847e-25,1.2455965636082423e-18,7.611991673727037e-37,1.5567603693958573e-19,5.964396923821744e-51,6.536434255864731e-31,5.964396944052525e-51,-1.3932705394218732e-64,6.958210489064408e-45,6.274353128977731e-31,7.06108784309149e-23,2.2392932476291846e-27,3.274056892763455e-42,1.5582286440301364e-35,4.7578428646689966e-39,4.2536705322457364e-33,1.0094334984266012e-26,1.711059447680424e-47,2.1349515530734132e-54
0.005347244000266954,1.0008833525792316e-10,0.00017699999990967923,3.647907475041023e-33,7.758645195704126e-27,3.57299679972206e-38,1.7972911646467768e-29,8.012114361027349e-44,2.7836572493163138e-34,-1.284001958560061e-75,-3.855394019640245e-62,-9.263099121938417e-71,1.7396895204395646e-48,6.524882165336589e-39,-5.918334472612311e-56,7.191361283591061e-44,1.1149389723209516e-43,3.0062237145019495e-90,-4.435426344722633e-74,-5.808921156801858e-68,-4.334260312670925e-80,-3.1227273434297795e-90,-3.3474337354656353e-76,5.078255340323594e-21,2.6017968044381347e-16,4.222630058551878e-23,1.7252118929093373e-15,-6.779213074786168e-61,-8.170578641257555e-60,9.768226370512442e-29,5.818522822237757e-20,-2.5340116197850895e-80,-1.7652761665574164e-79,-3.6525266218268694e-57,-3.963053361391137e-52,-8.170578349867848e-60,-7.995995347153216e-54,3.53364777676369e-38,9.433515515366804e-37,4.468717019223912e-31,9.636003690076356e-18,3.3898570880238703e-08,4.3189539194470353e-26,1.5629355628974876e-21,7.776402032224002e-25,2.451095425471256e-20,6.212248282494587e-41,1.0642692984076316e-36,3.599070727781806e-29,0.00018232906073492215,0.49999999826388747,2.344372320336655e-09,0.24999999739796397,2.2970371391402564e-09,3.9160585563904354e-17,1.3150874101196085e-38,1.6462836666905652e-37,4.369586848076746e-29,1.8484804548844426e-41,-5.940532731702414e-48,2.8950285568341755e-39,3.648783996669323e-46,-2.801431421979534e-48,1.2468819214653609e-27,1.0809807232962116e-20,3.765772678170423e-27,1.5346668583551221e-18,0.0,5.1757133698684e-48,-1.8097712385061156e-60,1.0071375005113619e-13,7.378769409447118e-26,1.7790816698201774e-28,-1.9093593772733761e-72,1.644371450265819e-23,1.429070964690292e-12,2.099315305256414e-30,2.0106379025772128e-24,2.5429633136728385e-29,7.310360482406609e-32,3.6826522929859976e-23,4.42749596163717e-44,-6.625185662206594e-61,5.62314689557762e-42,2.7090163126786537e-32,0.10000000099238474,4.977288648128937e-10,2.5177375585126286e-15,8.431334800018405e-33,5.1768244001237455e-56,-8.901572034031423e-42,2.544627371156808e-30,-1.5488084872162709e-41,3.874805062579348e-25,-5.718626474614545e-60,3.876629940043738e-24,1.2953084565026926e-23,-1.221265933672227e-53,1.5382607797571382e-37,-2.525326626972342e-40,2.2559974342630197e-06,2.565736981290114e-12,6.179999872226897e-05,1.2776890850211173e-12,3.3299285265758907e-35,1.8929460003497012e-25,2.7671284861630155e-30,-4.4075071824205925e-63,3.30257059434612e-28,4.191087861253185e-17,-2.3822475725340202e-33,6.478642816490198e-22,-7.926022424519455e-79,-5.729606638903072e-37,9.771983400302478e-28,-5.98322013605625e-36,1.2077102715636277e-26,1.8608477013493146e-24,-5.738259251060972e-53,1.3466560040724941e-33,6.317417127104399e-27,0.00033399998225845917,1.774089985528144e-11,6.911031440103141e-22,8.02311421976386e-24,-1.2226598051145742e-55,1.6954493372583366e-34,2.298894907553404e-41,2.681088161740334e-51,2.531439143427997e-42,-2.567565336822213e-55,3.899249156581425e-17,6.018752307305054e-16,1.03363815968455e-15,3.5099999989648278e-06,1.4042586383682172e-43,4.80198079473481e-37,2.2247766573427245e-15,1.7799999977731975e-06,2.22235088799376e-37,3.628234152185617e-31,-2.4536087664007163e-62,3.535987545651628e-48,0.0,0.0,5.686627962824756e-25,1.801187742713831e-18,2.3018613553032764e-36,2.251200660149001e-19,1.774318393960013e-50,1.3668460243668108e-30,1.7743183690750748e-50,-3.220641417615128e-62,2.10415880944578e-44,1.3148240914735916e-30,1.0211645835713296e-22,4.682739638586719e-27,9.90013640332903e-42,4.712073515457708e-35,1.4387682134106965e-38,1.285543646443945e-32,2.110882965540271e-26,5.090280202996637e-47,-2.6133170028405353e-53
0.007732564892420054,1.0012774025820658e-10,0.00017699999986938857,5.318921930116144e-33,1.1256388940704648e-26,7.521470522057402e-38,3.759447771299123e-29,4.1112129836145754e-43,8.43272313088812e-34,-3.558672755976759e-75,-1.2491432266775609e-61,-2.9441943582181546e-70,6.000483144092324e-48,1.9736955864626217e-38,-5.602746389712663e-56,3.699100721576661e-43,3.3733410227031455e-43,1.4954028092319365e-89,-1.547276347169619e-73,-7.462847359998517e-68,-1.2339301836455406e-79,-8.461336913699755e-90,-1.0642124009601517e-75,1.0565206437590058e-20,3.7623095991088374e-16,6.115430499381282e-23,2.4947555731930884e-15,-2.1964501637837744e-60,-2.10087780908409e-59,2.95388939159702e-28,1.216728048504492e-19,-5.1124019494620514e-80,-4.935109272516758e-79,-1.0416694292104868e-56,-1.0735587666309742e-51,-2.1008778543812564e-59,-8.504343902978643e-54,1.8069032510785006e-37,4.823542795207537e-36,1.3513178761994006e-30,1.7039572712298994e-17,3.389793339197562e-08,8.967286021771892e-26,2.26025099900867e-21,1.6247180406911134e-24,3.544581804065832e-20,2.0134976104515098e-40,2.2813393405416494e-36,5.319521902065406e-29,0.00018233136285665728,0.4999999974894671,3.3902044578500022e-09,0.24999999623721159,3.3215974638050172e-09,8.188958805180367e-17,6.724482962252002e-38,8.417970066681155e-37,1.3213420403134826e-28,9.451620280380353e-41,-5.673051021981132e-48,1.48032714143679e-38,1.8811420891651567e-45,-2.67505168863142e-48,2.612080107885175e-27,3.2687972989663844e-20,7.874803448297042e-27,2.2192440696915012e-18,0.0,2.646537592517569e-47,-1.7277910517574023e-60,2.106037676816743e-13,3.772782666038393e-25,3.7203205432328263e-28,-6.159023648025747e-72,4.972505081302224e-23,2.066509095170408e-12,6.340396561649019e-30,4.2044859419791494e-24,7.689782078424788e-29,1.6571493142497277e-31,7.700952603238284e-23,2.26388110996007e-43,-1.8424664652993128e-60,1.7038356898508502e-41,5.686822325728099e-32,0.10000000077035302,7.197578303530411e-10,5.264762864384389e-15,1.7685351086570363e-32,2.66675668100717e-55,-2.0854292602658088e-41,1.3010806650106575e-29,-1.4780915076118034e-41,8.10289248163806e-25,-1.3406542197778557e-59,8.106670083593363e-24,2.7086695049336405e-23,-1.1663291689307187e-53,4.651671061335732e-37,-2.4096656602583236e-40,2.255996289728997e-06,3.710271003856204e-12,6.179999815227875e-05,1.8476335833259468e-12,1.8746333286398183e-34,5.723854040834569e-25,1.4146770484297364e-29,-5.433293919519352e-63,1.688725398049362e-27,8.764042984359386e-17,-2.2747439942006244e-33,1.9590997549575865e-21,-3.084863008698236e-78,-5.471493037187006e-37,4.9965404087136055e-27,-5.710987267738877e-36,2.525510883822375e-26,5.627078897571884e-24,2.635634265074848e-52,4.0722826376140014e-33,1.3210690941341337e-26,0.00033399997434442976,2.565425514837631e-11,9.994175557081384e-22,2.4261292054969654e-23,-1.1675482219521807e-55,5.126992586814916e-34,7.451103803345884e-41,1.4087272104939964e-50,7.677677523728337e-42,-6.957327061456983e-55,5.638636437593007e-17,1.258587499053702e-15,1.4947309920749623e-15,3.5099999985030504e-06,7.062718119686895e-43,1.4521103359188095e-36,3.2171856914043547e-15,1.7799999967798845e-06,4.650445660838969e-37,1.0862064708763917e-30,-6.832309467167185e-62,1.0741140462538108e-47,0.0,0.0,1.189170481277549e-24,2.604565094366641e-18,6.960715756486295e-36,3.255413371972078e-19,9.072569357143369e-50,2.858212558972716e-30,9.072569333386503e-50,-8.957086589128717e-62,6.362814311139424e-44,2.7578437467381005e-30,1.4768401795680667e-22,9.792416995798615e-27,3.001195998380323e-41,1.4249055807915438e-34,4.3508138088377176e-38,3.885858395270687e-32,4.41418250592091e-26,2.6000025932898068e-46,-2.4844449398963654e-53
0.011181939670698044,1.0018472324916008e-10,0.00017699999981112485,7.822019613823544e-33,1.6384950586946585e-26,1.600045853230602e-37,7.864930292196176e-29,2.2244925687758762e-42,2.5587774868030193e-33,3.9470921597185035e-75,-2.6408010047764174e-62,-1.6934661382011175e-71,2.688580504827414e-47,5.972966709882986e-38,1.2782129240630098e-54,2.006331471051054e-42,1.0211804977974894e-42,4.4460366508603375e-89,-1.216536718788847e-73,1.0628270502655774e-66,1.1936269782284706e-79,1.1366071610604537e-89,-6.3264817093860824e-77,2.2015346575648516e-20,5.440391414798131e-16,8.870020807644932e-23,3.6075302800083205e-15,-4.642926691190991e-61,4.1481379694128665e-59,8.932453273805902e-28,2.544318395315452e-19,2.3226509083692144e-79,5.081564237457524e-79,9.073789067835937e-57,1.556026682854749e-51,4.14813684753352e-59,1.6348767358391886e-52,9.731862258240629e-37,2.5977927607985106e-35,4.086266420400343e-30,3.113405772004462e-17,3.3897011551499105e-08,1.8660447934141742e-25,3.268752860930341e-21,3.395648947797652e-24,5.1259549758973794e-20,6.87921265674429e-40,4.9416349752398965e-36,8.037633955728104e-29,0.00018233469191800424,0.49999999636962517,4.90261459078213e-09,0.2499999945586383,4.803076193333911e-09,1.712398309730719e-16,3.6216894880803545e-37,4.533752646283801e-36,3.995625807450338e-28,5.09029850254705e-40,1.2771265286094884e-46,7.972796841158276e-38,1.0230144502966229e-44,6.022882724121694e-47,5.4896287160434225e-27,9.884354278768769e-20,1.646738605987078e-26,3.209185739815853e-18,0.0,1.4253929692070934e-46,3.8912447901567004e-59,4.403917214027119e-13,2.031807897909059e-24,7.779714249774888e-28,-1.0394851505733319e-72,1.5036585528731927e-22,2.9882461268550593e-12,1.9156497745321185e-29,8.79201316226944e-24,2.325314999873798e-28,3.858721064592039e-31,1.6103736836063472e-22,1.2192574030288237e-42,2.1989488161408767e-60,5.189496998740903e-41,1.196402767074201e-31,0.1000000004492747,1.0408304010844215e-09,1.1008769814050374e-14,3.727999900344208e-32,1.4512004393969348e-54,6.2307777229737e-41,7.006928270630776e-29,3.3306783751818294e-40,1.6944613360197084e-24,3.995637065617227e-59,1.6952396552939014e-23,5.664190503274307e-23,2.6254866459216782e-52,1.4066514215229472e-36,5.431014306285338e-39,2.2559946346371482e-06,5.365362852361037e-12,6.17999973280089e-05,2.6718077968907154e-12,1.2239522032601315e-33,1.7307480668613747e-24,7.618072579220952e-29,8.304943756370969e-62,9.095271135261434e-27,1.8326436887878775e-16,5.121739563573571e-32,5.924089197779995e-21,-4.771811896649152e-78,1.2317866028089792e-35,2.690919895835024e-26,1.2865918805253833e-34,5.28123440189902e-26,1.7015605133845716e-23,3.6381577731009655e-51,1.231458082253729e-32,2.762555377082843e-26,0.0003339999629002855,3.7097000933628624e-11,1.4452925953590593e-21,7.336314732859871e-23,2.628612925405981e-54,1.5503793365137784e-33,2.5456991605403216e-40,7.837995884305255e-50,2.3360610404677147e-41,1.0061149136178407e-54,8.153930267702713e-17,2.631817721590863e-15,2.1615135436954927e-15,3.509999997835278e-06,3.763725390238374e-42,4.3911415015218714e-36,4.6522614661393535e-15,1.7799999953435017e-06,9.734373115555736e-37,3.2617840844352476e-30,8.067995948949325e-62,3.303345651857302e-47,0.0,0.0,2.486762948568293e-24,3.766202914162409e-18,2.104859877502145e-35,4.707576095721955e-19,4.8862536421152005e-49,5.976735063960021e-30,4.8862536956218914e-49,1.0685453439818082e-61,1.9240257843411982e-43,5.7923030750272885e-30,2.1359493625534888e-22,2.047769216305423e-26,9.118381496290291e-41,4.308777071118472e-34,1.3156767627078423e-37,1.1747354414887133e-31,9.230728209830378e-26,1.3993477456895107e-45,5.631312569170039e-52
0.016170025927839105,1.0026712554202632e-10,0.0001769999997268705,1.1701817440243575e-32,2.4010394851298032e-26,3.4536194725772263e-37,1.6457351397500167e-28,1.0096408661667604e-41,7.767719409624481e-33,3.489855846467271e-74,1.1301218299160982e-60,2.9247438918895667e-69,1.1460639571437844e-46,1.8078625347150382e-37,9.381998391476826e-54,9.116767092297465e-42,3.091806794606042e-42,8.452684841504883e-89,3.4100620772982995e-73,8.091522556131888e-66,2.219850224266156e-78,1.45471990837393e-88,1.0543521781207492e-74,4.5925276199757874e-20,7.866793557340149e-16,1.2904952482811748e-22,5.216591140261596e-15,1.987219712689838e-59,5.250389781111036e-58,2.7011376638803613e-27,5.320412312430275e-19,-6.018403756774453e-79,4.708700973207158e-78,1.6013110849037642e-55,2.3273789125926693e-50,5.250389173798918e-58,1.2139511718673892e-51,4.406696398732453e-36,1.1762788304464199e-34,1.2356466159736763e-29,5.860163356700823e-17,3.3895678536928777e-08,3.889395077902642e-25,4.7273928844363275e-21,7.098718054162936e-24,7.412962396246333e-20,2.3521559668622043e-39,1.0855652257137755e-35,1.266164869424035e-28,0.00018233950601997712,0.4999999947503127,7.0897890539085375e-09,0.24999999213122232,6.9451645876460524e-09,3.580766239170367e-16,1.6399250549696128e-36,2.0529088686581552e-35,1.2082390513463931e-27,2.3048800840554042e-39,9.38325290189766e-46,3.6101382073049553e-37,4.654716733812903e-44,4.4250648111568155e-46,1.1590263370142552e-26,2.98886209216791e-19,3.4435677412972386e-26,4.640694191670963e-18,0.0,6.4543055936664655e-46,2.858876792410312e-58,9.208859607684899e-13,9.199826251863606e-24,1.626841377587478e-27,5.740898532923175e-71,4.546981916008437e-22,4.321046392506135e-12,5.789340422401365e-29,1.8384783799804602e-23,7.03149730838812e-28,9.26912974658475e-31,3.3674928359938316e-22,5.5208112297167745e-42,3.6855473165292774e-59,1.5833347980366889e-40,2.524880118355953e-31,0.09999999998496474,1.5051283599116696e-09,2.3019010381576195e-14,7.913701282939393e-32,6.604223549457259e-54,6.6191243432779935e-40,3.1726776959192924e-28,2.446934482745561e-39,3.543441208982436e-24,4.248055237773006e-58,3.5450336219930955e-23,1.1844533751427927e-22,1.928996210846604e-51,4.2536676079464715e-36,3.989917686389612e-38,2.2559922412364545e-06,7.758763546336304e-12,6.179999613601188e-05,3.863604844303315e-12,6.071270802023132e-33,5.233353803105809e-24,3.449274787831997e-28,6.293717019654492e-61,4.118420627784152e-26,3.8321764951588935e-16,3.7629857777075297e-31,1.7913668095313046e-20,-4.345732656608286e-77,9.050103194444839e-35,1.2184368672909565e-25,9.452320288776086e-34,1.1043868584282606e-25,5.145286985554937e-23,1.8465009738772386e-50,3.7239298320138806e-32,5.776911331562986e-26,0.0003339999463515255,5.364285288982167e-11,2.0901207420139305e-21,2.2184019560103625e-22,1.931270667840589e-53,4.68826901987465e-33,8.704292377101693e-40,3.605330806110059e-49,7.114347695287444e-41,1.5067185907411073e-53,1.1791243111204751e-16,5.5032801359088014e-15,3.1257445680993767e-15,3.509999996869615e-06,1.6965198668481545e-41,1.3278678577929858e-35,6.727436544594446e-15,1.779999993266437e-06,2.0385019758517937e-36,9.815817992489864e-30,1.3598540381882488e-60,1.0199067202374681e-46,0.0,0.0,5.2002718755609484e-24,5.445791761816147e-18,6.364890645003935e-35,6.807497639035808e-19,2.21251118905375e-48,1.2497570875075367e-29,2.2125112283646982e-48,1.7913572868918978e-60,5.8179497459311755e-43,1.2188873065151373e-29,3.0894194542401217e-22,4.282268463661618e-26,2.7720671212240815e-40,1.3029274909539571e-33,3.9785758376476946e-37,3.5516539363684984e-31,1.9302830153858313e-25,6.334473475908672e-45,4.1353387596305787e-51
0.023383218494029506,1.0038628638511206e-10,0.00017699999960503157,1.8095351587003232e-32,3.5661073474591476e-26,7.679871930510761e-37,3.444920588437961e-28,4.440532569683004e-41,2.3613416075354765e-32,1.4022862719653875e-72,2.042212599215613e-59,5.187274346196671e-68,5.412072206976601e-46,5.475225730777496e-37,6.044484478091365e-53,4.0148201228773745e-41,9.36579118341837e-42,1.683224184985596e-87,2.5218122170083383e-71,5.525077210850263e-65,2.4189072333240624e-77,2.6180430853000676e-87,1.8750826541975916e-73,9.587687688323519e-20,1.1375062169141123e-15,1.8893255640809063e-22,7.543208963331916e-15,3.5909675440461925e-58,5.219136474157883e-57,8.168099200371084e-27,1.112533722173287e-18,6.559609899200571e-77,1.8849826414057277e-76,2.6325137096346163e-54,2.3104819607421265e-49,5.219135655258115e-57,7.957124307310222e-51,1.932257687644345e-35,5.157606847209254e-34,3.736433341060159e-29,1.1314038917373368e-16,3.389375097839836e-08,8.116164852540458e-25,6.837255703204465e-21,1.484333999389652e-23,1.0720603915657536e-19,8.240293771237286e-39,2.4306915827003073e-35,2.143956171893384e-28,0.00018234646761466645,0.4999999924088038,1.0252840923571572e-08,0.24999998862085368,1.0042272492336114e-08,7.487555055407643e-16,7.190689647121666e-36,9.001503667875414e-35,3.653561627720394e-27,1.0106143151992986e-38,6.048076427170323e-45,1.5829630987508484e-36,2.053036542457608e-43,2.852219717537443e-45,2.4725344390896006e-26,9.037644232330562e-19,7.200972891522004e-26,6.71071206876582e-18,0.0,2.8300796785764765e-45,1.8426489995117474e-57,1.9255883138980006e-12,4.0337297853136395e-23,3.401921480252813e-27,1.0177994609259014e-69,1.3749781016549562e-21,6.248159704361419e-12,1.7499178449300613e-28,3.844334465640298e-23,2.1262220812363855e-27,2.3065337056525166e-30,7.041797252656605e-22,2.420711065082362e-41,3.692498426997168e-58,4.867921742762589e-40,5.355914174713301e-31,0.09999999931352571,2.1765422821603148e-09,4.813012420916533e-14,1.7049140601250196e-31,2.921453118141384e-53,6.358103728806448e-39,1.3910883955575324e-27,1.5770974003917637e-38,7.410058909870677e-24,4.082802943617233e-57,7.413282602885134e-23,2.4768254831307545e-22,1.243363816047185e-50,1.286291246913174e-35,2.571541946940696e-37,2.255988780180583e-06,1.1219819418191697e-11,6.179999441221393e-05,5.586984644809708e-12,3.0048909251820493e-32,1.5824135896942898e-23,1.5123250456411776e-27,4.232021357544884e-60,1.8058444673411542e-25,8.0131669929630055e-16,2.425418617806683e-30,5.416779414342271e-20,4.1000296549981996e-76,5.833408168791572e-34,5.342403372494281e-25,6.092203515847935e-33,2.309438681758422e-25,1.5558411082201357e-22,2.330377364862403e-49,1.1261176095050664e-31,1.2080344669430727e-25,0.0003339999224215369,7.756678413212826e-11,3.022712178415983e-21,6.708053234723539e-22,1.2448313987467357e-52,1.4177017993572426e-32,3.0493632711868495e-39,1.6178056882608406e-48,2.1735232298747003e-40,1.4964217648148838e-52,1.7051074967548136e-16,1.1507418811546157e-14,4.520119121046422e-15,3.5099999954731703e-06,7.417867618511702e-41,4.015421299544489e-35,9.728177867421905e-15,1.7799999902629638e-06,4.271577759407198e-36,2.958346424267192e-29,1.3672135206053986e-59,3.2056676638004164e-46,0.0,0.0,1.0874761138618992e-23,7.874122639423045e-18,1.9246603812088524e-34,9.844102421953728e-19,9.70125561315615e-48,2.6132190762603654e-29,9.701255866528193e-48,1.7949626455528197e-59,1.759224918786528e-42,2.5719451101584946e-29,4.468934052093648e-22,8.955077092295576e-26,8.442831850617527e-40,3.939864895252075e-33,1.2031098125911993e-36,1.0738554496878669e-30,4.0365010638775e-25,2.7770066499608224e-44,2.6647268309940967e-50
0.0338141020663529,1.0055860339515592e-10,0.0001769999994288419,2.970387944001805e-32,5.437664765042319e-26,1.8064307054627175e-36,7.215361788890016e-28,1.952372032713734e-40,7.195356884204509e-32,2.7077676995552055e-71,2.779839195083137e-58,7.045433026070278e-67,2.8641247933484115e-45,1.6602993554617377e-36,3.838195218410439e-52,1.7682203931997046e-40,2.8397669001393784e-41,3.371691722794975e-86,5.154197073256667e-70,3.861531344017875e-64,2.4908250858636835e-76,3.789467480142932e-86,2.5520808457513166e-72,2.0026892409090264e-19,1.6447241069083956e-15,2.8011708830412947e-22,1.0907234958872743e-14,4.8879233674525443e-57,4.9220890607147e-56,2.469974381126699e-26,2.326336265039722e-18,1.803217115553849e-75,3.6409117211036643e-75,3.5243701559321107e-53,2.137454743880617e-48,4.922087996005348e-56,5.209407685087809e-50,8.458253817541589e-35,2.2575855353656124e-33,1.1298280199396715e-28,2.229981284190359e-16,3.389096376043792e-08,1.6951379739698295e-24,9.889437428178126e-21,3.1043669630306534e-23,1.5504643847749936e-19,2.992242237040099e-38,5.582977027469218e-35,4.0445335431384815e-28,0.00018235653466243642,0.49999998902310483,1.4827326534660175e-08,0.24999998354431263,1.4519838504070208e-08,1.565646781263015e-15,3.1475935429646353e-35,3.940229683151134e-34,1.1047714069690239e-26,4.4236448632063047e-38,3.84143959510807e-44,6.929142332138869e-36,9.061203633970813e-43,1.8115892565437967e-44,5.394816613556311e-26,2.7326923780301486e-18,1.5058151768327737e-25,9.703998667378191e-18,0.0,1.2388263080059647e-44,1.1703006857241522e-56,4.026315931822148e-12,1.7655807367048228e-22,7.113769056565393e-27,1.3803426054671325e-68,4.157817884084257e-21,9.034450913006907e-12,5.289990318340472e-28,8.038460313984555e-23,6.4292547229876615e-27,5.961616038922124e-30,1.4725015312947693e-21,1.0595998963080746e-40,3.4236233615956843e-57,1.521392781459645e-39,1.1459534950103985e-30,0.09999999834255216,3.1474633142609193e-09,1.006287263930153e-13,3.783263540152207e-31,1.300866829691568e-52,5.841413394760557e-38,6.0888848126353906e-27,1.001612894873177e-37,1.5496093248720287e-23,3.7536137869919627e-56,1.5502513424430662e-22,5.179273318681957e-22,7.897299653160959e-50,3.8896711859799736e-35,1.6331521198938337e-36,2.255983775208712e-06,1.622479128894582e-11,6.179999191931082e-05,8.079013430210179e-12,1.5460720317818253e-31,4.784609356042304e-23,6.619387952819029e-27,2.8679348988954074e-59,7.904839554759378e-25,1.6755222267546158e-15,1.5404583578941076e-29,1.6378990404444955e-19,2.127899702080397e-74,3.7051576460919185e-33,2.33844187210763e-24,3.8691368060518026e-32,4.829373990554866e-25,4.704460171016539e-22,2.9702749210362155e-48,3.4053887227844128e-31,2.5261630587608616e-25,0.00033399988781866437,1.1215702464907312e-10,4.3715597541610876e-21,2.02834746135154e-21,7.90668380049588e-52,4.28700080650963e-32,1.1072929489028177e-38,7.354453534265608e-48,6.679757109263951e-40,1.384718943432543e-51,2.4657174945549562e-16,2.4061376034171427e-14,6.53653415218689e-15,3.509999993453762e-06,3.2408207126992467e-40,1.214242440654121e-34,1.4067216951766927e-14,1.779999985919975e-06,8.959031091799421e-36,8.925418114712671e-29,1.2724637342230186e-58,1.0454790311806109e-45,0.0,0.0,2.2741353943156218e-23,1.1384656595500368e-17,5.819819375678735e-34,1.4235166151861248e-18,4.2464919161225073e-47,5.463985759961547e-29,4.2464920770426776e-47,1.664477568287607e-58,5.319365254892713e-42,5.448078934836765e-29,6.465326406805992e-22,1.8727010944363967e-25,2.579324682029062e-39,1.1913345374362768e-32,3.6381578006095966e-36,3.246955483287108e-30,8.440881244213606e-25,1.215428703598349e-43,1.6921416463119596e-49
0.048898037660883895,1.0080778913464071e-10,0.00017699999917405635,5.363836227097653e-32,8.705099474478565e-26,4.6603800683111506e-36,1.5128120355517075e-27,8.598619297473813e-40,2.20019425547543e-31,5.351710963320001e-70,3.7491487018915353e-57,9.505238205454391e-66,1.651160621169492e-44,5.047220253799489e-36,2.43436323954891e-51,7.806392494108769e-40,8.623723711532301e-41,9.333968972536019e-85,1.0371894188094051e-68,2.922523709536417e-63,2.784780450919211e-75,5.983559421934585e-85,3.455478404066859e-71,4.184894131355116e-19,2.377979589520541e-15,4.257450125712892e-22,1.577093954838295e-14,6.592184697935816e-56,4.76768136678378e-55,7.468953632971624e-26,4.864289121052971e-18,5.3196262769048685e-74,7.197319529068222e-74,4.7432748160253686e-52,1.9711513164041258e-47,4.767679889254173e-55,3.52656358768155e-49,3.701063823521005e-34,9.87783114720025e-33,3.416300198514422e-28,4.466748439677159e-16,3.3886933614141595e-08,3.543012050948826e-24,1.4305536848955337e-20,6.493989835616792e-23,2.2424673759652e-19,1.129251633986082e-37,1.3259982047939687e-34,8.699370585594331e-28,0.0001823710924522676,0.4999999841277686,2.144335091814013e-08,0.2499999762026791,2.0992449719195838e-08,3.2736531145941083e-15,1.377252480062874e-34,1.724066861316821e-33,3.340545497047717e-26,1.9355125136492945e-37,2.4366401957173744e-43,3.0319026545743275e-35,4.01189235930289e-42,1.1490990059649685e-43,1.233280510720079e-25,8.262397741681442e-18,3.148829877112415e-25,1.4032263901037025e-17,0.0,5.420640701740093e-44,7.422734673895044e-56,8.418470563200887e-12,7.72472411201807e-22,1.4875447303722728e-26,1.866251077009384e-67,1.2572763189486596e-20,1.3062665517863773e-11,1.5992671073366599e-27,1.6807718692374565e-22,1.9440160435696177e-26,1.601761398777484e-29,3.0790826344951644e-21,4.636215348977536e-40,3.159321878527991e-56,4.9098093206327346e-39,2.4878384294329827e-30,0.09999999693840891,4.551496823980022e-09,2.10373158653415e-13,8.862966163952044e-31,5.892561722358741e-52,5.382139218317457e-37,2.664013430356736e-26,6.3525251113105975e-37,3.2406247454996937e-23,3.462384178580158e-55,3.2418703695408543e-22,1.0830196917653355e-21,5.009348681703758e-49,1.1762057067997224e-34,1.0357645588632042e-35,2.255976537611155e-06,2.3462388845743364e-11,6.17999883140575e-05,1.1682438644903211e-11,8.284890937391393e-31,1.44661178835003e-22,2.89604746363369e-26,2.0341730877145154e-58,3.4588746885030145e-24,3.5033041447086326e-15,9.770739936915419e-29,4.952421773072621e-19,9.672224611994264e-73,2.350258032996893e-32,1.0231402542912148e-23,2.453903392745019e-31,1.0098902428490437e-24,1.4224540053065998e-21,3.9662668372465494e-47,1.0297946476283221e-30,5.282520192528292e-25,0.0003339998377839819,1.6216534432946324e-10,6.32261264325957e-21,6.132999732944679e-21,5.0153792180728784e-51,1.2963338787281104e-31,4.178844363547546e-38,3.4337282286067034e-47,2.0734891867824498e-39,1.2772351511540757e-50,3.5656112556195765e-16,5.030870134349907e-14,9.452507058297422e-15,3.5099999905334605e-06,1.416227389563392e-39,3.671781541657489e-34,2.0341235837061846e-14,1.7799999796402457e-06,1.881499736632416e-35,2.6948227419002326e-28,1.1808424327946092e-57,3.6455865802260915e-45,0.0,0.0,4.755729249473001e-23,1.6459016669762747e-17,1.7597607324781317e-33,2.058475797369017e-18,1.8580478922857152e-46,1.142403380366771e-28,1.858047994349457e-46,1.5362707585616527e-57,1.6083457539170007e-41,1.1603696742923974e-28,9.355409486552772e-22,3.9162728510515797e-25,7.914484558067601e-39,3.602247244540868e-32,1.1001598975399898e-35,9.817824178615187e-30,1.7650968569533964e-24,5.31771913522345e-43,1.0731294027029008e-48
0.07071067811865467,1.0116813444261152e-10,0.000176999998805614,1.0993187522595246e-31,1.5118692007628646e-25,1.3653095542915477e-35,3.177666380826063e-27,3.795522457212065e-39,6.762169626347069e-31,1.0160776330475823e-68,4.939931501438372e-56,1.2529305325797196e-64,1.0007225009420968e-43,1.541832371843512e-35,1.538841288141968e-50,3.4576975951098104e-39,2.6257021881838804e-40,2.538218655614654e-83,1.9994789515399408e-67,2.4608082095107716e-62,3.4422791176684435e-74,1.0200791173512393e-83,4.580660257256544e-70,8.747489601847626e-19,3.4378599179586893e-15,6.77739381105376e-22,2.280225831602609e-14,8.685738154439844e-55,4.809613223083918e-54,2.2585054009715214e-25,1.0170640705416452e-17,1.4710007253815714e-72,1.3666566875489e-72,6.249215021722738e-51,1.7994154713543654e-46,4.809611121594183e-54,2.5412819299861844e-48,1.6182763257058864e-33,4.3186379857397793e-32,1.032959476574917e-27,9.056888385129127e-16,3.388110653118329e-08,7.410095589241724e-24,2.0696577205430853e-20,1.3588389624992427e-22,3.243559989800285e-19,4.429625665772948e-37,3.290306551940553e-34,2.119111050511034e-27,0.00018239214422373172,0.4999999770500994,3.101262956379976e-08,0.24999996558495566,3.034752823866651e-08,6.844630246338444e-15,6.021767063430745e-34,7.538086457428222e-33,1.0100584285581603e-25,8.46211459248555e-37,1.540197507678051e-42,1.3256438680526472e-34,1.7837065754999156e-41,7.263450713208996e-43,3.082209969738922e-25,2.498000131534136e-17,6.584494429825001e-25,2.0290716041156813e-17,0.0,2.3701105349904133e-43,4.691451581000899e-55,1.7600742424243237e-11,3.377042970521675e-21,3.110518426075916e-26,2.476487186466825e-66,3.801802108808247e-20,1.8885718459599564e-11,4.835043317318325e-27,3.514162251248547e-22,5.877879059769745e-26,4.470742398408654e-29,6.438390562140293e-21,2.0270059678367613e-39,2.8851172322594364e-55,1.67801919602561e-38,5.535751972525133e-30,0.09999999490782896,6.581847405111701e-09,4.397498456087791e-13,2.268503337453416e-30,2.7564788051507614e-51,4.913905862628095e-36,1.164648032591139e-25,4.014754541497356e-36,6.777099532539833e-23,3.1664338028427943e-54,6.779411879627589e-22,2.2646197127042374e-21,3.166457936094938e-48,3.5567152308014474e-34,6.545705672542765e-35,2.2559660714631503e-06,3.392853685075745e-11,6.179998309991892e-05,1.689275499617524e-11,4.59480745218607e-30,4.37347220984805e-22,1.2660511608759713e-25,1.5396725495436186e-57,1.5123599896913007e-23,7.324516459042875e-15,6.1756693291728935e-28,1.4973586881885158e-18,3.800347950756738e-71,1.485651625029288e-31,4.4730910908740083e-23,1.5508346154508066e-30,2.111816712825012e-24,4.300742899176029e-21,5.220221205777889e-46,3.114124668914124e-30,1.1046321350203906e-24,0.0003339997654379467,2.344563313057253e-10,9.145056937957719e-21,1.8543064129686265e-20,3.170347838489822e-50,3.9198771021400807e-31,1.6392026169953208e-37,1.674851046423077e-46,6.545998176009088e-39,1.166145521179256e-49,5.156125102428441e-16,1.0518092496069024e-13,1.366938952780057e-14,3.509999986310317e-06,6.187069209444056e-39,1.1103097121852541e-33,2.9412747286057116e-14,1.7799999705604823e-06,3.95884724821072e-35,8.140700396039011e-28,1.0870252127625974e-56,1.410333541103348e-44,0.0,0.0,9.945440342313359e-23,2.379243821038203e-17,5.320856019544042e-33,2.976626695065786e-18,8.123727489030466e-46,2.388333451657548e-28,8.123728134097143e-46,1.4033048124598879e-56,4.862637771455191e-41,2.4903043033389757e-28,1.3541258324988774e-21,8.190023297049958e-25,2.443372534338831e-38,1.0891687006243618e-31,3.326804125069778e-35,2.968635353263212e-29,3.6910205033995884e-24,2.3249193982490042e-42,6.781961188200239e-48
0.1022535921518125,1.0168922775772297e-10,0.00017699999827281308,2.573915138328362e-31,2.948341493301238e-25,4.6001960317385715e-35,6.697153488230753e-27,1.6831079487548713e-38,2.0941310406356926e-30,1.9462193727710776e-67,6.537204594074404e-55,1.6583554945673257e-63,6.26390012806023e-43,4.755936224642316e-35,9.735177956054539e-50,1.5409726523337574e-38,8.03169658128181e-40,7.061200236897955e-82,3.912919722272512e-66,2.3745393322495926e-61,4.908711100900827e-73,2.0070554684372715e-82,6.121424633324125e-69,1.82887783206932e-18,4.9695562699556496e-15,1.1668663151656753e-21,3.296594033216245e-14,1.1493756711034704e-53,5.37181565783487e-53,6.82926337933279e-25,2.1264309038442997e-17,4.1588376596850284e-71,2.617917653999502e-71,8.269687704070626e-50,1.6455464592356424e-45,5.371812394688474e-53,2.069562852814789e-47,7.076680348507241e-33,1.888271730709169e-31,3.1231056035971126e-27,1.853008833525723e-15,3.3872681851329505e-08,1.5508407110194133e-23,2.994897917429279e-20,2.844323329388348e-22,4.692055250578378e-19,1.8057913372682177e-36,8.652312955828215e-34,5.6666504258081405e-27,0.0001824225868196105,0.499999966818118,4.4854688163918736e-08,0.24999995022852786,4.386559835206434e-08,1.4309886286457236e-14,2.633165162061427e-33,3.296175825892e-32,3.053884122744134e-25,3.699930089006969e-36,9.741750807828935e-42,5.796726196065065e-34,7.987013216135222e-41,4.594142708741166e-42,8.92441745975334e-25,7.551560145472757e-17,1.3768589953905798e-24,2.933974403985728e-17,0.0,1.0364151120544665e-42,2.966970332452497e-54,3.679501069240555e-11,1.4764152695696625e-20,6.504061460779186e-26,3.318653747466139e-65,1.1495787245809547e-19,2.730198566040018e-11,1.4617697618676582e-26,7.346860420246847e-22,1.7771115584642019e-25,1.2947288591523132e-28,1.3462303768577589e-20,8.863022248747483e-39,2.639312422522813e-54,6.291085038863063e-38,1.283240802168519e-29,0.09999999197129193,9.517905134107786e-09,9.19061244328385e-13,6.556968227658617e-30,1.3693742216646633e-50,4.495244269150218e-35,5.091824348664551e-25,2.5387188237860917e-35,1.4173312539257116e-22,2.903855920600998e-53,1.4177266655333319e-21,4.735237345951762e-21,2.0028347313810626e-47,1.0754946393833863e-33,4.138921214135027e-34,2.2559509365891597e-06,4.906341084128891e-11,6.179997555850072e-05,2.4426182313384238e-11,2.6301912854300584e-29,1.32207106080302e-21,5.534948062724462e-25,1.2872829760039647e-56,6.61338544877373e-23,1.531234526077866e-14,3.905740374211577e-27,4.526908388056744e-18,1.5287916181432298e-69,9.397264164744853e-31,1.9557220850722644e-22,9.80650838960608e-30,4.416081626070687e-24,1.3002145881854512e-20,6.907973563622387e-45,9.417235535527229e-30,2.3098801427916038e-24,0.0003339996608368965,3.3894239981597636e-10,1.3228760469364135e-20,5.606062960309595e-20,2.005369857158407e-49,1.1852686551725682e-30,6.6824184928201955e-37,8.773336882001738e-46,2.126905977278671e-38,1.0665911072679943e-48,7.456092313718735e-16,2.1988179245227352e-13,1.9767649707481476e-14,3.5099999802030044e-06,2.704140486336379e-38,3.357418296174925e-33,4.252830721837346e-14,1.779999957432999e-06,8.352457962541056e-35,2.4601533347342906e-27,1.0062651157691537e-55,6.245974476390978e-44,0.0,0.0,2.079886883462283e-22,3.438771672001894e-17,1.6087398013746685e-32,4.3042382279888656e-18,3.552157392178945e-45,4.9925296445915685e-28,3.552157800112973e-45,1.2842388796509888e-55,1.4700260903801795e-40,5.400564344005417e-28,1.9608025261673593e-21,1.7128071839879064e-24,7.607621052564143e-38,3.292990033004326e-31,1.0059919337895e-34,8.976266435710259e-29,7.718275926917767e-24,1.01657951878561e-41,4.2886625723519406e-47
0.14786730075483182,1.0244278022531946e-10,0.00017699999750233356,6.733109215626467e-31,6.5615712118947e-25,1.75009893009444e-34,1.4203601765261834e-26,7.513396075593147e-38,6.55855303803191e-30,3.729923963232933e-66,8.653947736342623e-54,2.195185998022591e-62,4.0036507564266625e-42,1.4950992776662926e-34,6.1600624601402126e-49,6.929107919327985e-38,2.4774954537227366e-39,1.9730975553125955e-80,7.737910571453787e-65,2.5949385937890615e-60,7.965643079677491e-72,4.529313385996572e-81,8.238482921809841e-68,3.824516023613782e-18,7.182470860903183e-15,2.2503038810182634e-21,4.765470738348017e-14,1.5214622903564224e-52,7.034999823290501e-52,2.0649716656979524e-24,4.445459749899342e-17,1.1880804962276115e-69,5.0173092902985825e-70,1.0945409144068146e-48,1.5047447212419772e-44,7.034993990786273e-52,2.012211101484704e-46,3.0945744594018276e-32,8.255630575929012e-31,9.441816389945925e-27,3.816074379026061e-15,3.3860502760911985e-08,3.248260235779417e-23,4.335048147742868e-20,5.956651759103075e-22,6.788435335811673e-19,7.641201900794773e-36,2.460933274557811e-33,1.6060713205773025e-26,0.00018246660929689947,0.49999995202792064,6.487998614406062e-08,0.2499999280170228,6.339263747349725e-08,2.9914196028774185e-14,1.1513743972689404e-32,1.4412580943791845e-31,9.232627130723145e-25,1.6176159363953844e-35,6.161847279795551e-41,2.5346839308526523e-33,3.610863840059026e-40,2.9058967860787843e-41,3.1261074436280818e-24,2.282548582009821e-16,2.879038827287842e-24,4.2422847875848427e-17,0.0,4.531981136797733e-42,1.8763891162246053e-53,7.691114541048902e-11,6.453987286240994e-20,1.3599431352064799e-25,4.480714521032489e-64,3.475954048309363e-19,3.946350846999582e-11,4.4191913368047456e-26,1.5357975145956589e-21,5.372421359391749e-25,3.886403271341179e-28,2.814759818888879e-20,3.87508410432652e-38,2.414442960480247e-53,2.669201323840993e-37,3.171944094989068e-29,0.09999998772450427,1.3763691519015192e-08,1.9203148532622084e-12,2.1631563998272131e-29,7.482356201205454e-50,4.1124770316777675e-34,2.2258853536191178e-24,1.6052277025582053e-34,2.9642624839139275e-22,2.6662451891814533e-52,2.9648241357938714e-21,9.900797801320833e-21,1.2668775263772612e-46,3.252054247268425e-33,2.616815767613745e-33,2.255929050406518e-06,7.094959348364756e-11,6.179996465018639e-05,3.531779249761483e-11,1.5443992587214984e-28,3.995916124006759e-21,2.4194716968193114e-24,1.207507915629628e-55,2.891900483858517e-22,3.200729735833604e-14,2.470117363395131e-26,1.3684558774365253e-17,6.161066039220908e-68,5.9444254243248194e-30,8.55000628183384e-22,6.200500619238833e-29,9.234602300026107e-24,3.930410350746402e-20,9.144733816516865e-44,2.8478287066834535e-29,4.8300806954327246e-24,0.00033399950961134864,4.899277421533475e-10,1.9138763921558917e-20,1.6946812996403612e-19,1.2685507384923643e-48,3.58380943419865e-30,2.8276658659132842e-36,5.07387748464839e-45,7.245493653338886e-38,9.754884441875508e-48,1.0781946933380793e-15,4.596014693252541e-13,2.858686030539027e-14,3.5099999713707034e-06,1.18216424840958e-37,1.0152151892638153e-32,6.148905605132188e-14,1.779999938455027e-06,1.7691034677243579e-34,7.436920293744627e-27,9.36772832769024e-55,3.1749919184662823e-43,0.0,0.0,4.34978849731857e-22,4.968960732566026e-17,4.8635795801051825e-32,6.2238420968741085e-18,1.553122321708277e-44,1.04345653026054e-27,1.5531225796698163e-44,1.1754716540034886e-54,4.443459926393639e-40,1.1877119061724748e-27,2.840965073204713e-21,3.582184037591651e-24,2.3962554597338097e-37,9.955144754121417e-31,3.041975822026048e-34,2.7141018228482965e-28,1.6139435051277363e-23,4.4449152674977237e-41,2.711919446829805e-46
0.21382856261966862,1.035324965657811e-10,0.00017699999638814552,1.9047413100310255e-30,1.6424977105129011e-24,7.2775997121787e-34,3.048278508319202e-26,3.3875466557901718e-37,2.0887443408156433e-29,7.1439865235164205e-65,1.1455350227288117e-52,2.9048320925581572e-61,2.604500485908379e-41,4.871390135551304e-34,3.8988187760863775e-48,3.157429430654429e-37,7.762106184212482e-39,5.522804363656366e-79,1.5521357585607874e-63,3.1134347351394784e-59,1.4284957206200283e-70,1.141465404916418e-79,1.1226392088836179e-66,7.999436688692764e-18,1.0378255578453414e-14,4.952134323621634e-21,6.887756635481873e-14,2.013826488722839e-51,1.1205868005436943e-50,6.243616987410116e-24,9.292397423353012e-17,3.435391262982085e-68,9.609344120299135e-69,1.4482483401167232e-47,1.375636260048393e-43,1.1205855408614355e-50,2.377401817066796e-45,1.3532050000386454e-31,3.6090191429050454e-30,2.854135120157184e-26,7.895888244633932e-15,3.384289851746247e-08,6.810330941740217e-23,6.277554761163084e-20,1.2483142952824882e-21,9.823591730930233e-19,3.3536658910951185e-35,7.783160585347661e-33,4.700998604879896e-26,0.00018253026933948477,0.4999999306528095,9.385603733863721e-08,0.2499998958872552,9.158604831713766e-08,6.252495014958593e-14,5.034214127083304e-32,6.301539119690462e-31,2.790935848887549e-24,7.071479825202322e-35,3.897548755388916e-40,1.1082624392686604e-32,1.6537202319099826e-39,1.83808543790503e-40,1.3157784761435216e-23,6.897875233087869e-16,6.019945953232279e-24,6.133678023627099e-17,0.0,1.9816465066624154e-41,1.1867228538407723e-52,1.607334864944958e-10,2.8207935227927287e-19,2.843374644054145e-25,6.11172970493379e-63,1.050967201903397e-18,5.703106064815725e-11,1.3359057804900214e-25,3.2099405753313232e-21,1.6239382713210807e-24,1.2089156876457158e-27,5.884833956060541e-20,1.694106465016304e-37,2.2084292578064562e-52,1.2909203953797947e-36,8.584957239826977e-29,0.09999998158264967,1.9903455544377423e-08,4.0108856757940175e-12,7.982853217182809e-29,4.634740196709963e-49,3.761903794605929e-33,9.728819895996797e-24,1.0148402288363392e-33,6.1999395601889315e-22,2.451790753665558e-51,6.200317753095583e-21,2.0700106624617488e-20,8.013787493736037e-46,9.833166412630309e-33,1.6541771655202176e-32,2.255897401393038e-06,1.0259860696268956e-10,6.179994887002191e-05,5.106304417166234e-11,9.250796205436435e-28,1.207482729145112e-20,1.0574175239094036e-23,1.2647721837203257e-54,1.2645294046944383e-21,6.689229891932464e-14,1.5621110042179174e-25,4.1361119069603203e-17,2.476669153071015e-66,3.760455918029543e-29,3.737378446234257e-21,3.9198888058210967e-28,1.9311018844646043e-23,1.187928624834064e-19,1.210277106929833e-42,8.612091094390883e-29,1.009972377913823e-23,0.00033399929100247204,7.080348003049939e-10,2.7694796380867566e-20,5.122134518368687e-19,8.025013094527969e-48,1.0835514031551558e-29,1.2410378610966305e-35,3.294577514586091e-44,2.653829068421542e-37,8.919677770883782e-47,1.5591275172551713e-15,9.604761682046662e-13,4.1341463116177577e-14,3.5099999585971734e-06,5.169049968805623e-37,3.069716245221282e-32,8.889649230800741e-14,1.779999911022727e-06,3.7680032696349974e-34,2.2487134707698286e-26,8.793413980056568e-54,1.806619971517742e-42,0.0,0.0,9.097350997007808e-22,7.177614390492019e-17,1.4702018859647897e-31,8.999261042471005e-18,6.79023223751004e-44,2.180338993810117e-27,6.790233868600851e-44,1.076029442754878e-53,1.3428739141944997e-39,2.660297445739293e-27,4.119719147181738e-21,7.492219511573817e-24,7.664820574664583e-37,3.0091904073524635e-30,9.19831589200849e-34,8.2061817844777e-28,3.3748009669917464e-23,1.943409772871043e-40,1.7147352729240986e-45
0.3092140991185264,1.051083516666407e-10,0.00017699999477691574,5.690338993597056e-30,4.4703388141650956e-24,3.22265001411439e-33,6.689067796295904e-26,1.5503965783225707e-36,6.819415514255404e-29,1.3657364484395135e-63,1.5151889453033963e-51,3.839730369259078e-60,1.7276778051990809e-40,1.6902239301133184e-33,2.4681670026322045e-47,1.4675154699558587e-36,2.5038214663906726e-38,1.5476090868721162e-77,3.1762858478811275e-62,3.980042008397568e-58,2.7591171406226523e-69,3.1179513998368876e-78,1.5647677035711129e-65,1.6735800948572713e-17,1.4990702776953533e-14,1.2286393826296146e-20,9.952929776430729e-14,2.6633762157017564e-50,2.131123998801753e-49,1.8876968588149656e-23,1.9420495953719961e-16,1.0099442538860747e-66,1.8368568994695354e-67,1.9142313305937144e-46,1.2567330671900014e-42,2.1311207137858134e-49,3.2945006323547366e-44,5.91700770824714e-31,1.5774260390950297e-29,8.626236349775559e-26,1.6392886645188904e-14,3.381745748985216e-08,1.4297826695593254e-22,9.096034111954197e-20,2.618605158220498e-21,1.422020605819924e-18,1.526705769005873e-34,2.8176244536110104e-32,1.3991472150692048e-25,0.00018262232677325184,0.49999989976923215,1.357949650511179e-07,0.2499998494039061,1.3226357063082453e-07,1.3065774948737883e-13,2.200906261167995e-31,2.7548736862862128e-30,8.435381594463367e-24,3.0907823928073197e-34,2.4650799132924643e-39,4.8452677840754235e-32,7.703537282305391e-39,1.1625787672293764e-39,6.348494168514605e-23,2.0839311883999153e-15,1.2586902666305758e-23,8.867675877479272e-17,0.0,8.66421579628703e-41,7.506093328372855e-52,3.358173452268193e-10,1.2325162049985084e-18,5.944488284255136e-25,8.458378460598121e-62,3.177423217108964e-18,8.239545633428413e-11,4.0379211706620206e-25,6.7074899920646304e-21,4.9078141147319406e-24,3.899698139885021e-27,1.2302263215131326e-19,7.405145596420328e-37,2.0189916752235366e-51,6.957478565006731e-36,2.593011181541306e-28,0.09999997269967303,2.8782070162157835e-08,8.372913674704538e-12,3.180011064585669e-28,3.269671903609718e-48,3.4396364965456354e-32,4.251106794699357e-23,6.413865872269059e-33,1.29686469296534e-21,2.258726231139615e-50,1.2967054532099953e-20,4.327503110719084e-20,5.0688550622847055e-45,2.9730954609611613e-32,1.0452708181799162e-31,2.2558516347754015e-06,1.4836522459841974e-10,6.179992603842213e-05,7.382169085097142e-11,5.62461269779125e-27,3.647582037059837e-20,4.6200174524632905e-23,1.4452517333695218e-53,5.528952824511898e-21,1.3976143762122394e-13,9.877035666219982e-25,1.2498446834719872e-16,9.902781956587377e-65,2.378769173052763e-28,1.63332083252273e-20,2.4772829977488655e-27,4.038469484354823e-23,3.589558429528235e-19,1.6002131470009864e-41,2.6044114600996895e-28,2.111789013114289e-23,0.00033399897503433627,1.0229546945556868e-09,4.008776120919756e-20,1.5478072766966503e-18,5.076542354635872e-47,3.275820783289208e-29,5.649569060146783e-35,2.3886387277643668e-43,1.0724480343408973e-36,8.150819414633038e-46,2.2545917222238465e-15,2.00662431419646e-12,5.978837286118341e-14,3.5099999401228944e-06,2.260520644735194e-36,9.281544149369039e-32,1.2850612059392963e-13,1.7799998713772303e-06,8.089222067254265e-34,6.801107820879577e-26,8.355267668011985e-53,1.1144943663436894e-41,0.0,0.0,1.9027788637275855e-21,1.0362899777828216e-16,4.443515712165237e-31,1.3011725629805405e-17,2.9682621940870666e-43,4.554317562582184e-27,2.9682632251617652e-43,9.848472128532626e-53,4.057236699453312e-39,6.0975819622389235e-27,5.981350317808124e-21,1.5671351869469887e-23,2.5008512317897106e-36,9.09436095869063e-30,2.781302906590383e-33,2.4810280888469276e-27,7.056620902212543e-23,8.496111438304474e-40,1.0839593939859712e-44
0.44714961332713477,1.0738724093188825e-10,0.00017699999244689943,1.7819538485274603e-29,1.279632274173543e-23,1.501794650872174e-32,1.5282548511429469e-25,7.258696552478978e-36,2.308730835306093e-28,2.611289093741901e-62,2.004797589230805e-50,5.075193012491591e-59,1.1763849803913562e-39,6.464598848071044e-33,1.5633024099491234e-46,7.024066971823707e-36,8.522504873093102e-38,4.3639197951541184e-76,6.715698159385574e-61,5.347369980530764e-57,5.71255763192683e-68,9.143585600690611e-77,2.2793970906289635e-64,3.5023938016903536e-17,2.1642069385142104e-14,3.3242738915567067e-20,1.4377426615846222e-13,3.523440571403208e-49,4.606085277989973e-48,5.706770068662153e-23,4.0576935324893464e-16,3.0590744091518706e-65,3.5114562432846775e-66,2.530016179255597e-45,1.1477046753135209e-41,4.606075357871984e-48,5.084883905591824e-43,2.5871784458586053e-30,6.893108259100864e-29,2.6065363647979473e-25,3.411754922368172e-14,3.378070145218186e-08,3.0073364278234465e-22,1.3191450060793139e-19,5.500747808987339e-21,2.0593705160694535e-18,7.215415569887618e-34,1.1848645778934044e-31,4.199407072933303e-25,0.00018275544884370384,0.4999998551645255,1.965195884012369e-07,0.24999978214127525,1.9089375788697776e-07,2.72948523790498e-13,9.621141015999545e-31,1.2042185127917126e-29,2.5489352075317847e-23,1.3506523710179575e-33,1.5592320414687674e-38,2.1181194464092017e-31,3.66706937924462e-38,7.354818012463165e-39,3.3441124548661533e-22,6.293139637677731e-15,2.6315883970362497e-23,1.281893349401189e-16,0.0,3.787933243958109e-40,4.7513392136733667e-51,7.013358411090684e-10,5.383420898006273e-18,1.2426453317216774e-24,1.1988541545667343e-60,9.605469156641284e-18,1.1899147213965375e-10,1.2202861438944457e-24,1.4011300838084476e-20,1.482824376093586e-23,1.3061371571157552e-26,2.5714315189232016e-19,3.236365009641505e-36,1.8457439510644495e-50,4.033160789888732e-35,8.74183979144057e-28,0.09999995985135846,4.162129223920481e-08,1.746539095977694e-11,1.3244735423486734e-27,2.5647247085430863e-47,3.1449761615020603e-31,1.8569379857788427e-22,4.0526681379371463e-32,2.713023574388049e-21,2.0876542003374533e-49,2.711980597420606e-20,9.045821989838587e-20,3.206540823402148e-44,8.988664208121971e-32,6.602994129545701e-31,2.25578545347957e-06,2.1454652042933332e-10,6.179989299666635e-05,1.0671105650837216e-10,3.4580731082303317e-26,1.1013516921768522e-19,2.0177846171480178e-22,1.7545943278347676e-52,2.4173064734579047e-20,2.918980197386024e-13,6.2449085271457184e-24,3.7755354147609364e-16,3.961185329402781e-63,1.5050014299202304e-27,7.136042200260759e-20,1.5651908943024428e-26,8.447173121442225e-23,1.0842877146599958e-18,2.1159492665894744e-40,7.87625125756278e-28,4.415415710672956e-23,0.0003339985184490325,1.477350914945848e-09,5.805132554822171e-20,4.675655082295343e-18,3.2119393397760803e-46,9.902424740557002e-29,2.669975928668745e-34,1.8890369970952408e-42,4.85063612409827e-36,7.446341900540572e-45,3.260384057340263e-15,4.190480633163673e-12,8.646976155818736e-14,3.5099999134019314e-06,9.887558914918916e-36,2.8061830741723686e-31,1.8573518092631017e-13,1.7799998140964822e-06,1.7561023723297726e-33,2.0574937077256345e-25,8.092551486972943e-52,7.29773279366909e-41,0.0,0.0,3.980155355233579e-21,1.4951137304589915e-16,1.3426831240461628e-30,1.8811942527917488e-17,1.2973340928375601e-42,9.508353832637615e-27,1.297334744527618e-42,9.017893320657104e-52,1.2253316365446473e-38,1.4369151278221956e-26,8.699364796898074e-21,3.2783126835666123e-23,8.362835174076535e-36,2.747765842280949e-29,8.409496700349725e-33,7.500416015326208e-27,1.4754722676833964e-22,3.7138936275108806e-39,6.851336283391936e-44
0.646615976660124,1.106828532822231e-10,0.00017699998907741118,5.905286681700121e-29,3.764894707161763e-23,7.373716353151561e-32,3.7372695488616634e-25,3.5155670458707376e-35,8.227453560686895e-28,4.9904958901520675e-61,2.6529299872300842e-49,6.705344824085213e-58,8.310645589426011e-39,2.801396373163974e-32,9.908496371557367e-46,3.508031956062937e-35,3.185440841091391e-37,1.2396327902644781e-74,1.486751277982659e-59,7.569857383145662e-56,1.2849643869426624e-66,2.8982489743420266e-75,3.591011827494448e-63,7.332629691796112e-17,3.122170742131081e-14,9.480886988162107e-20,2.0758917713936854e-13,4.661462081869436e-48,1.0783425916050435e-46,1.7250179977077548e-22,8.474885282725614e-16,9.662107646786866e-64,6.7091013029646006e-65,3.34248827635077e-44,1.047442849632528e-40,1.0783393018023664e-46,8.388658972722104e-42,1.1311633444908558e-29,3.0112122717062305e-28,7.873271447429572e-25,7.113735959333473e-14,3.372761979078466e-08,6.342064088735292e-22,1.9154553960272094e-19,1.1578109788692888e-20,2.9842677076735313e-18,3.544049843760285e-33,5.715666581742517e-31,1.2657822349113668e-24,0.00018294795303083975,0.4999997907780783,2.8449371368630707e-07,0.24999968478262913,2.752761336462956e-07,5.699401610670825e-13,4.205157554893342e-30,5.262958993408841e-29,7.699579354860114e-23,5.9008636155043766e-33,9.863403256048256e-38,9.257997799648206e-31,1.792155293846281e-37,4.655699642647548e-38,1.861280001204364e-21,1.8992637853568273e-14,5.501456481349719e-23,1.8527905850776487e-16,0.0,1.6558745513568693e-39,3.0144101933650195e-50,1.4638543381208845e-09,2.3501444408091013e-17,2.5972330256587895e-24,1.7619718495698706e-59,2.903358317811945e-17,1.7173910266108234e-10,3.6868010432609285e-24,2.925416542241494e-20,4.4783923076113714e-23,4.546550610423496e-26,5.37374279874289e-19,1.414157278062727e-35,1.6871315818240435e-49,2.438942805519907e-34,3.228190022444606e-27,0.09999994126584094,6.018788392277411e-08,3.639120391624979e-11,5.646907128894565e-27,2.1584413377809253e-46,2.875131271388136e-30,8.107306618750212e-22,2.5597320691885694e-31,5.676560287527151e-21,1.9380919505211687e-48,5.672278153050139e-20,1.8905178674607529e-19,2.0287147530032413e-43,2.7173102845244848e-31,4.16904479147132e-30,2.2556897520208827e-06,3.1024797911660873e-10,6.179984516273957e-05,1.542268132048183e-10,2.143015497814623e-25,3.323175065737916e-19,8.807681551619347e-22,2.213282606298463e-51,1.056768128835174e-19,6.0930263025817e-13,3.9480406156581677e-23,1.1399791745491382e-15,1.5826836896357564e-61,9.523685308178326e-27,3.1165031842165057e-19,9.885029896277662e-26,1.7679341259131958e-22,3.273673072899329e-18,2.7972531312497517e-39,2.3820037940654757e-27,9.231345570553088e-23,0.00033399785887891243,2.132351531669519e-09,8.411665221568475e-20,1.4117741541995408e-17,2.0326179548726296e-45,2.992897486608671e-28,1.3113409014837542e-33,1.5840332543789426e-41,2.439677649135922e-35,6.799243005370346e-44,4.715490054269584e-15,8.745789004354281e-12,1.2506501267440068e-13,3.5099998747494624e-06,4.3257662060938394e-35,8.483474926736374e-31,2.683892058960668e-13,1.7799997313680897e-06,3.872184752338636e-33,6.226368354751206e-25,8.066131295825343e-51,5.038414884581243e-40,0.0,0.0,8.3265871620124e-21,2.1548750743301512e-16,4.055754040896201e-30,2.7195054860468856e-17,5.668896709605664e-42,1.983688948229334e-26,5.668900827565552e-42,8.261364259426873e-51,3.6985266353457857e-38,3.494964331177158e-26,1.2683829201607684e-20,6.85903424287393e-23,2.878839979000319e-35,8.298912734308537e-29,2.542525035854759e-32,2.2671728834253743e-26,3.084963803989086e-22,1.6231757365266001e-38,4.329487647178063e-43
0.9350611267692971,1.1544889270889915e-10,0.00017699998420466208,2.1212983795782993e-28,1.1235172497729e-22,3.8543675523824112e-31,1.0107457035886605e-24,1.788438125244075e-34,3.1387425853063473e-27,9.535160613438032e-60,3.511876519699505e-48,8.855626661231448e-57,6.18297461036942e-38,1.3777308745650973e-31,6.286366160927475e-45,1.8582829077112622e-34,1.3765321603673094e-36,3.5594411623513866e-73,3.505571940652045e-58,1.1509099317901789e-54,3.2510312980383987e-65,1.0228964865865084e-73,6.428089646561776e-62,1.53602855608289e-16,4.499395929043231e-14,2.7824987914728816e-19,2.995224748699085e-13,6.168665155843728e-47,2.654355713192744e-45,5.21335557796515e-22,1.7690930277111743e-15,3.2367288986171954e-62,1.281478300184437e-63,4.414116541389449e-43,9.551113557966222e-40,2.6543441481302988e-45,1.4437643140620196e-40,4.945270189501928e-29,1.31482661582075e-27,2.3769945642910145e-24,1.4854115850436123e-13,3.365100676529678e-08,1.3423842378621504e-21,2.7862047286503545e-19,2.4438972098504217e-20,4.3284189893590676e-18,1.8099849646185442e-32,3.0595939553325366e-30,3.823938828369278e-24,0.00018322632705279499,0.4999996979105003,4.1204684570933e-07,0.2499995438041678,3.964648532533535e-07,1.1893035104164484e-12,1.837554749542194e-29,2.2995513737046526e-28,2.324684984178445e-22,2.577523991487414e-32,6.240344252992153e-37,4.045672231100646e-30,9.028628445026067e-37,2.954263294961632e-37,1.074208045689213e-20,5.726886083243272e-14,1.149953739113185e-22,2.6773360551851226e-16,0.0,7.23745373841009e-39,1.9253443681643487e-49,3.052862780438589e-09,1.0251836103768426e-16,5.427186609310883e-24,2.7380720860990735e-58,8.773916030903365e-17,2.476553022951455e-10,1.113444999590756e-23,6.103717202479736e-20,1.3517917360004442e-22,1.644495678651147e-25,1.122668170276879e-18,6.17848456389361e-35,1.5422478165748596e-48,1.5085064538236171e-33,1.271599612292591e-26,0.0999999143776829,8.70367296494822e-08,7.570348958816668e-11,2.435005993758529e-26,1.8930275689445736e-45,2.6281185664699367e-29,3.537088740679432e-21,1.6159175522385413e-30,1.188005154469048e-20,1.8104892773281524e-47,1.1864935730338534e-19,3.9500424808585883e-19,1.2838116978346948e-42,8.213383855607652e-31,2.630466926409725e-29,2.255551364381297e-06,4.4863561870187206e-10,6.179977588118837e-05,2.2284453300151025e-10,1.3354595774620879e-24,1.0017419478136945e-18,3.8414731014264485e-21,2.859999429680483e-50,4.619247989068491e-19,1.270824885802234e-12,2.4956692692159493e-22,3.4396984824140317e-15,6.321381963583788e-60,6.028477974307407e-26,1.36027420994959e-18,6.239365687128214e-25,3.7069156517170606e-22,9.876852398560163e-18,3.6974659755746947e-38,7.204168977631365e-27,1.9298430553815242e-22,0.00033399690652336064,3.075175288418973e-09,1.2199474041676249e-19,4.259855537423745e-17,1.286725981182925e-44,9.043563445063807e-28,6.696270886224881e-33,1.3767465605010445e-40,1.333653343422776e-34,6.2043137361510664e-43,6.823024986338333e-15,1.823705575930996e-11,1.8090148893758966e-13,3.509999818830261e-06,1.893037833976236e-34,2.5643454291567763e-30,3.8769673207900197e-13,1.7799996119538053e-06,8.722827341342104e-33,1.8849990662770433e-24,8.3878333650668555e-50,3.687747134323396e-39,0.0,0.0,1.7422630600207295e-20,3.1011858582806015e-16,1.2244888657332916e-29,3.930833826609181e-17,2.4762772455828956e-41,4.1341752001378525e-26,2.4762798468068444e-41,7.574211118834714e-50,1.1154379621399388e-37,8.794315913010097e-26,1.8557836957516056e-20,1.4354021053874733e-22,1.0235603933688653e-34,2.5050879900087567e-28,7.686382601372001e-32,6.851797406452196e-26,6.450056792302502e-22,7.092470583076494e-38,2.7350418980359183e-42
1.3521770917433409,1.223416276394744e-10,0.00017699997715786824,8.507010919546933e-28,3.377124085986274e-22,2.176232407592437e-30,3.0926718066978527e-24,9.730133575765266e-34,1.3006137529286456e-26,1.8211426862458707e-58,4.651195750480256e-47,1.1688621988611404e-55,4.928582577039105e-37,7.495057911533352e-31,3.993755792554031e-44,1.061694462062537e-33,7.183705196691663e-36,1.0367463749038502e-71,8.943857378478661e-57,1.9342480223527054e-53,9.70082584736255e-64,4.2074328381099747e-72,1.3739385700965047e-60,3.2202100709164967e-16,6.474228191301596e-14,8.285694160390388e-19,4.3173974571995894e-13,8.165980482025843e-46,6.75233442699078e-44,1.575163474638973e-21,3.689975859126899e-15,1.1694294819159768e-60,2.4470888019783337e-62,5.825837683165765e-42,8.698194391351599e-39,6.752292217245245e-44,2.555827645297149e-39,2.161743896707424e-28,5.7373066673690195e-27,7.171086987312825e-24,3.1055519923186687e-13,3.3540525648106836e-08,2.855997223252111e-21,4.0627401469087463e-19,5.17925108922531e-20,6.285855261953954e-18,9.602449360834551e-32,1.75357586920414e-29,1.156797019738091e-23,0.00018362887245353243,0.49999956411539953,5.971943294466262e-07,0.24999933954410838,5.699820595804435e-07,2.4793834586928716e-12,8.027061354094581e-29,1.0043715484137452e-27,7.01383629575249e-22,1.1260226935028493e-31,3.948966609626713e-36,1.7673767100327192e-29,4.700979348759165e-36,1.8934269133209422e-36,6.357370776574693e-20,1.7246294086676053e-13,2.403257903759509e-22,3.8675659725202125e-16,0.0,3.1626208901132866e-38,1.2537228235521796e-48,6.359076210313877e-09,4.467171893577064e-16,1.1336889337865167e-23,4.624172121119747e-57,2.6506757246355914e-16,3.5668414816767023e-10,3.3608063770208467e-23,1.2722234189922134e-19,4.0770242530658526e-22,6.169168743816523e-25,2.34445333685634e-18,2.700062442322985e-34,1.4106407013579778e-47,9.438446815640266e-33,5.21897766571646e-26,0.09999987547059531,1.2586240247122015e-07,1.5711819862464172e-10,1.0551262211700576e-25,1.701400138404392e-44,2.401883967689286e-28,1.5415840838901776e-20,1.0193242236045579e-29,2.4870861586299715e-20,1.705713384415709e-46,2.482139426505523e-19,8.250171083871133e-19,8.126785315743574e-42,2.4820828162794087e-30,1.6580411910102951e-28,2.255351254048564e-06,6.48745951435363e-10,6.179967546693463e-05,3.2187516170804543e-10,8.3532491668893e-24,3.0154017576049412e-18,1.6735054856504175e-20,3.7554920707218836e-49,2.0187422239286945e-18,2.647490776328759e-12,1.5773153204313474e-21,1.036854849293238e-14,2.5232950888119962e-58,3.8177191344522624e-25,5.932286258201511e-18,3.934982925666843e-24,7.81507985330876e-22,2.9768532116444106e-17,4.886413857652118e-37,2.178973230921149e-26,4.034010306093088e-22,0.00033399553232709166,4.429509160720417e-09,1.7715957754464181e-19,1.284106509057068e-16,8.149306099917371e-44,2.7317488588562223e-27,3.551720846056163e-32,1.221754380769816e-39,7.715044048544004e-34,5.6560301337626056e-42,9.886328063172711e-15,3.7980655752263586e-11,2.6169693080946153e-13,3.5099997379152365e-06,8.287451244602012e-34,7.749960261397151e-30,5.597724381781183e-13,1.7799994397253356e-06,2.0224168788354694e-32,5.7099716719866846e-24,9.25771366848146e-49,2.898226204576957e-38,0.0,0.0,3.6464903081615646e-20,4.453565657126441e-16,3.694263554012798e-29,5.68054599181286e-17,1.0811569272167077e-40,8.603019854434275e-26,1.0811585695531596e-40,6.951793221525581e-49,3.3600426369540356e-37,2.2898992726838697e-25,2.72844467177549e-20,3.004853552705416e-22,3.7641836939651722e-34,7.555776251194732e-28,2.3233933966741506e-31,2.0701841040262396e-25,1.3487095267027794e-21,3.0979765153289274e-37,1.727015241476908e-41
1.9553618850060341,1.3231044141589498e-10,0.00017699996696679716,3.874131505423651e-27,1.0189740527299029e-21,1.3430697769323184e-29,1.0674728138667163e-23,5.755668967578594e-33,5.891829148499775e-26,3.476362274947105e-57,6.1644154731195544e-46,1.5415007364630194e-54,4.2734911129065614e-36,4.354632211900185e-30,2.5419495717321964e-43,6.619509342892302e-33,4.583769562234711e-35,3.076160200145368e-70,2.4925652214646006e-55,3.677485209317697e-52,3.5564999565927493e-62,2.1114319499407395e-70,3.5936114241838685e-59,6.75864275174583e-16,9.29535189557247e-14,2.484573507263666e-18,6.214267271657439e-13,1.0815228599948114e-44,1.7570898678986813e-42,4.757361350070459e-21,7.687737438191918e-15,4.61258754664354e-59,4.675663044000226e-61,7.682480601448002e-41,7.90703019242686e-38,1.7570740631058103e-42,4.6121129822951845e-38,9.448089124070772e-28,2.5011131195208953e-26,2.1611460191347544e-23,6.500678222077335e-13,3.3381402035809054e-08,6.1197350272361935e-21,5.944222331647991e-19,1.1037975408437753e-19,9.144329377347189e-18,5.277825692874514e-31,1.0473764243861564e-28,3.5031602402603154e-23,0.00018421097232818113,0.4999993716684673,8.66368657659026e-07,0.2499990433541546,8.173253556056656e-07,5.16176044209187e-12,3.504834438232192e-28,4.3844094365157856e-27,2.1139977042938177e-21,4.926100343882306e-31,2.499723635455141e-35,7.717402826833269e-29,2.531085726950608e-35,1.2642685085465964e-35,3.8301096641976617e-19,5.184053602005049e-13,5.0211176569619985e-22,5.584281957848673e-16,0.0,1.3815532583685782e-37,8.607456645509179e-48,1.3222935147898601e-08,1.9434591957934453e-15,2.367027631422619e-23,8.793050958822548e-56,8.00443587552301e-16,5.127853354830686e-10,1.0136007487959182e-22,2.647884659304981e-19,1.228186415339941e-21,2.3916795132398867e-24,4.892883814615993e-18,1.1819281449024787e-33,1.293348654340762e-46,5.940233663956784e-32,2.1953023406160937e-25,0.09999981915756187,1.820075557634107e-07,3.249983032359626e-10,4.578138933995316e-25,1.5614366045552972e-43,2.19454545207426e-27,6.708739947955639e-20,6.422844103123722e-29,5.208992720258436e-20,1.6252965519663408e-45,5.193527643590672e-19,1.7222527305222175e-18,5.14675427459095e-41,7.498623570421111e-30,1.0435934886520678e-27,2.2550618981314776e-06,9.381018685225993e-10,6.179952979023453e-05,4.646721498214839e-10,5.237048079684326e-23,9.05834762679652e-18,7.278208568564666e-20,4.991967220025141e-48,8.820062032050004e-18,5.506261696659596e-12,9.966504797474995e-21,3.121051630602193e-14,1.0064203667509789e-56,2.4192530968366706e-24,2.5840042226998755e-17,2.4787066887048877e-23,1.6743345758732453e-21,8.958890527204161e-17,6.455889237061517e-36,6.59109797125958e-26,8.431861711406184e-22,0.0003339935513227409,6.3691867295711715e-09,2.5776069289106837e-19,3.865411147417323e-16,5.164839364080835e-43,8.247792985647366e-27,1.9513951395973815e-31,1.0971583351016618e-38,4.6221577405208315e-33,5.14908859532837e-41,1.4386800880352792e-14,7.895491587162748e-11,3.7864092765463314e-13,3.509999620798398e-06,3.6300554233485625e-33,2.3415669984275458e-29,8.076643089861609e-13,1.779999191615896e-06,4.8692382185393855e-32,1.7310185453578407e-23,1.1038885478791781e-47,2.4796521842060353e-37,0.0,0.0,7.63485744749393e-20,6.376108306027347e-16,1.1134055327438384e-28,8.206643222495214e-17,4.7170771033408786e-40,1.7863720817158676e-25,4.717087465297458e-40,6.390231409196006e-48,1.0104113702006503e-36,6.1587906296613595e-25,4.038356384606985e-20,6.29316816901757e-22,1.430734247701837e-33,2.276340560499621e-27,7.021691298065876e-31,6.25238943006812e-25,2.8215125142549492e-21,1.3525063668219513e-36,1.0897979480474784e-40
2.8276178650570496,1.4672898194304558e-10,0.0001769999522279426,1.985398188645736e-26,3.081295409837558e-21,9.085430903188363e-29,4.047750798483649e-23,3.733203091053543e-32,2.9040273448561558e-25,6.630787762753558e-56,8.177928865984668e-45,2.0304703656640791e-53,4.059262778979304e-35,2.6250895584725167e-29,1.6218937055289028e-42,4.510688618100769e-32,3.510509342561412e-34,9.340233303952617e-69,7.577232040102639e-54,7.9082727991508e-51,1.6182578462580226e-60,1.3187411910106677e-68,1.1383323080999314e-57,1.4207939811796346e-15,1.330360858121352e-13,7.473046937153062e-18,8.925955267711675e-13,1.4333622068521053e-43,4.645177781744064e-41,1.43602581259818e-20,1.5990160257423002e-14,1.9904293728015904e-57,8.976647624747541e-60,1.0118281946665174e-39,7.168973456982617e-37,4.645117528280464e-41,8.429167908913875e-37,4.128314009587178e-27,1.0888356331055587e-25,6.503099143582308e-23,1.3625715214626681e-12,3.315263049022694e-08,1.3241123911243515e-20,8.737126474960458e-19,2.370786129675124e-19,1.3334326597910376e-17,2.9925967913990147e-30,6.409260219838777e-28,1.0619958265745461e-22,0.00018505270618994623,0.4999990954966808,1.2585665010108704e-06,0.24999861336828316,1.1676564640454131e-06,1.0724770165049761e-11,1.5292564425725258e-27,1.912437338173555e-26,6.362266205035613e-21,2.1671303536443644e-30,1.5830339474900906e-34,3.367651205829095e-28,1.4068121876059778e-34,9.806296091786557e-35,2.336668607467672e-18,1.5541116578811035e-12,1.0486389867262086e-21,8.057484874627758e-16,0.0,6.03230293336643e-37,6.7174752620517715e-47,2.7427045712622036e-08,8.435739206129664e-15,4.9386517562529615e-23,1.9568199666593669e-54,2.415619852525985e-15,7.352797524667149e-10,3.0534308899503918e-22,5.499438217159285e-19,3.6935448477060755e-21,9.535831012496973e-24,1.0202386950022208e-17,5.206673318689508e-33,1.1953358679114883e-45,3.750195173718573e-31,9.366598932277301e-25,0.09999973762300558,2.631980945779153e-07,6.690158031521854e-10,1.9847464833919498e-24,1.4846661168509693e-42,2.004336374470429e-26,2.9132586916348445e-19,4.040661993506309e-28,1.0916520661297678e-19,1.5714412918983475e-44,1.08694046815278e-18,3.5926097625203765e-18,3.2615923663987436e-40,2.2644324385382396e-29,6.554841163801104e-27,2.2546435075808625e-06,1.3564924191374857e-09,6.179931816633308e-05,6.703150252201879e-10,3.2872132350720265e-22,2.7131585701860617e-17,3.157658532307401e-19,6.708907388903991e-47,3.85203142385007e-17,1.1424409457344479e-11,6.295215307634896e-20,9.375571865664429e-14,4.009531899413588e-55,1.534495832292758e-23,1.1235883503486125e-16,1.5586733163884037e-22,3.753686594739273e-21,2.6904431685474564e-16,8.526051253713101e-35,1.9939640832435482e-25,1.7626469822853294e-21,0.0003339906994270086,9.13528422936345e-09,3.7612318608374147e-19,1.1612020137258759e-15,3.276893909297131e-42,2.4886983879872718e-26,1.1058000115182387e-30,9.919497864425703e-38,2.826635226613376e-32,4.678227298981459e-40,2.120935401214079e-14,1.6370238634458063e-10,5.479752917358931e-13,3.5099994512142715e-06,1.5912217711897956e-32,7.072049051496565e-29,1.1641723773315936e-12,1.7799988348000456e-06,1.2294489698512078e-31,5.2535930812514424e-23,1.4394487558196588e-46,2.3268884043625926e-36,0.0,0.0,1.5994185970183454e-19,9.08845917271075e-16,3.350687163697945e-28,1.1850908684140855e-16,2.0559670802264312e-39,3.6977678593084287e-25,2.0559736112455093e-39,5.886227939197536e-47,3.030940664718453e-36,1.7052358263173877e-24,6.031419845218636e-20,1.318837617850733e-21,5.604885550088286e-33,6.846668631777436e-27,2.1214892657533652e-30,1.8872980654856502e-24,5.912824602869727e-21,5.90041928318467e-36,6.870480390808045e-40
4.088973428448061,1.675852440411152e-10,0.0001769999309107308,1.112274468414178e-25,9.33197097260422e-21,6.681077975053701e-28,1.6316499780141387e-22,2.6447854065408633e-31,1.5361169213369088e-24,1.263246504367179e-54,1.0863637248408573e-43,2.669755971744559e-52,4.2054300372976915e-34,1.6114171039128746e-28,1.0381753170744586e-41,3.327227173666787e-31,3.1284908212990235e-33,2.9141818890527777e-67,2.4830091428424056e-52,1.8767103572666693e-49,8.899734606998512e-59,1.0059217831742037e-66,4.237764782292199e-56,2.9935561530900356e-15,1.8954093313647475e-13,2.2498143536039972e-17,1.2782451249344225e-12,1.90138320200152e-42,1.2411962698322921e-39,4.3311302147395227e-20,3.3178986859893037e-14,9.31315470606454e-56,1.7640774085192224e-58,1.3302187347367604e-38,6.475200799473645e-36,1.2411730092235889e-39,1.552023561032742e-35,1.8031578805181157e-26,4.730799093203477e-25,1.9525222684156661e-22,2.860653041538247e-12,3.282457846362743e-08,2.9023505958985004e-20,1.2921963631863128e-18,5.146565189018111e-19,1.9508316071248713e-17,1.741375577993528e-29,3.9792877884375036e-27,3.223622621904138e-22,0.0001862698555135525,0.49999870046306943,1.8317287487025048e-06,0.2499979881662929,1.6592900191304236e-06,2.2219119874553877e-11,6.66590818570659e-27,8.332352013257395e-26,1.9106816157991632e-20,9.708140398890625e-30,1.003121729812972e-33,1.468130142821842e-27,8.043031012591685e-34,1.1122947753739028e-33,1.437692122467232e-17,4.641071698125463e-12,2.1887567734160512e-21,1.1614490275126361e-15,0.0,2.6320801818711027e-36,6.6438994994347085e-46,5.6686184464110006e-08,3.649489065782555e-14,1.0293692146922501e-22,5.256837087137125e-53,7.283175987202067e-15,1.0503344802805101e-09,9.183242296921344e-22,1.1387059379691254e-18,1.108021535313476e-20,3.889114110430951e-23,2.1246101887102287e-17,2.3412230695674135e-32,1.132285837699249e-44,2.371885193169347e-30,4.028523674386649e-24,0.09999961951620233,3.806062830296776e-07,1.3676305882200718e-09,8.5823459747002e-24,1.5353060097362897e-41,1.8295687124564025e-25,1.2611457990587466e-18,2.536187728655458e-27,2.290081433347573e-19,1.546938488138665e-43,2.275618339907101e-18,7.486443183741542e-18,2.0688260382331547e-39,6.833823242504567e-29,4.1047201899398466e-26,2.2540385674163935e-06,1.961432583606892e-09,6.17990101799221e-05,9.6591605346567e-10,2.063667143418721e-21,8.092077038479118e-17,1.3651528618460962e-18,9.119660592598912e-46,1.6813435881940688e-16,2.3621581021472804e-11,3.9741698537120803e-19,2.808138100441224e-13,1.5945102548839947e-53,9.746260362697978e-23,4.873364686314052e-16,9.776761766113145e-22,9.435812722260066e-21,8.054807389804535e-16,1.1253208951417162e-33,6.033266400928659e-25,3.687887997649454e-21,0.0003339866016428154,1.3055506543662932e-08,5.515080585132426e-19,3.4781417811819127e-15,2.0830558298874775e-41,7.505217677791993e-26,6.428692257902778e-30,9.002666912940732e-37,1.748806829571023e-31,4.238096823873927e-39,3.246530389319292e-14,3.381327888678931e-10,7.933137272153051e-13,3.509999205515042e-06,6.982449899837396e-32,2.1347077585797963e-28,1.6756345036132947e-12,1.779998322906723e-06,3.287252833105824e-31,1.5969779188509604e-22,2.0539638842832778e-45,2.3863985016874635e-35,0.0,0.0,3.3531909305004207e-19,1.2873189405443734e-15,1.0062045903935808e-27,1.7102546428595362e-16,8.94791625913421e-39,7.620197664311923e-25,8.947957362936244e-39,5.4368492308293554e-46,9.059672985030522e-36,4.840902341148856e-24,9.117791626186682e-20,2.7663403278624436e-21,2.2536028957297127e-32,2.0544434026288948e-26,6.40712499673035e-30,5.6922465601737615e-24,1.2460394174650925e-20,2.571381691733085e-35,4.32549043976819e-39
5.912999739169831,1.977573355778102e-10,0.00017699990007669891,6.601642639326067e-25,2.830196077153713e-20,5.2583336936829556e-27,6.8108703391653155e-22,2.017382260394334e-30,8.570842157171104e-24,2.402598404052192e-53,1.445827191639084e-42,3.501251807966563e-51,4.68824124706778e-33,9.961532306528196e-28,6.673526869716545e-41,2.6135797815164066e-30,3.142926362743843e-32,9.373109578218085e-66,8.623491110234223e-51,4.7554399119414465e-48,5.654743464567932e-57,8.974273635333465e-65,1.7931211859446263e-54,6.327392408398595e-15,2.683018540251318e-13,6.770654495929093e-17,1.822583783014171e-12,2.5253857097270536e-41,3.338670012475416e-38,1.3047166128328056e-19,6.860570521771826e-14,4.653135157452e-54,3.816734739402302e-57,1.7442532938263028e-37,5.816842023380923e-35,3.338579435874834e-38,2.8658038905210077e-34,7.871153061049719e-26,2.049649387709517e-24,5.84356762405396e-22,6.018402195708578e-12,3.235592216655335e-08,6.470417951874915e-20,1.9274595927764066e-18,1.1334102999924616e-18,2.868297237736575e-17,1.034186847260047e-28,2.4934025719810303e-26,9.801743980113023e-22,0.00018802980413915965,0.49999813796811277,2.6726833624042514e-06,0.24999707720240277,2.340064767097647e-06,4.5840811739753893e-11,2.901391736145399e-26,3.624311231979512e-25,5.720214329879635e-20,4.581988097186248e-29,6.361895267536808e-33,6.3912812038038385e-27,4.707560069077778e-33,2.0363083361910342e-32,8.891729184751466e-17,1.3782697399583441e-11,4.5645465956535304e-21,1.6717601332780933e-15,0.0,1.1472984239176696e-35,8.717645551800218e-45,1.165617345299034e-07,1.571308586267785e-13,2.142346783327285e-22,1.719402090251006e-51,2.1928741952956268e-14,1.4921966907692406e-09,2.7555043252964458e-21,2.347403060167782e-18,3.3120543495247344e-20,1.6138703486453812e-22,4.4161957564728957e-17,1.1174407874544982e-31,1.1494286434313521e-43,1.5020887773050336e-29,1.7399345518517338e-23,0.09999944833411169,5.50388061296007e-07,2.767942956447829e-09,3.695047417680014e-23,1.903536161062424e-40,1.6686611729853157e-24,5.435005449706109e-18,1.586635252764956e-26,4.815326254441794e-19,1.5549502873545058e-42,4.766519216986724e-18,1.557853404313387e-17,1.3139530203410546e-38,2.0604771240315668e-28,2.559265062747937e-25,2.253163953661337e-06,2.8360463386631804e-09,6.179856086326758e-05,1.3896937534236449e-09,1.2944508215883778e-20,2.398804727206689e-16,5.87220183709979e-18,1.25569013833064e-44,7.332572315626634e-16,4.8599696415114636e-11,2.5069217286322937e-18,8.375386042220762e-13,6.325619036359537e-52,6.202442585497702e-22,2.1060907742977384e-15,6.110249506461586e-21,2.9689608026090305e-20,2.400803293651564e-15,1.4839970240585428e-32,1.825968786736582e-24,7.740946018858415e-21,0.00033398072948344446,1.856186479345056e-08,8.166458845562031e-19,1.0374188321400625e-14,1.329916742488346e-40,2.264446517849972e-25,3.8127325022238793e-29,8.187688278435413e-36,1.0887308750620475e-30,3.823291942026599e-38,5.487215844204023e-14,6.946337415894996e-10,1.14906760627066e-12,3.5099988492402476e-06,3.068552164112977e-31,6.438319357279448e-28,2.406811038024449e-12,1.7799975911344334e-06,9.381407096065686e-31,4.865279545610205e-22,3.1702451268717985e-44,2.6397829195715477e-34,0.0,0.0,7.037648668816868e-19,1.807095793942091e-15,3.012356733716474e-27,2.465828502604901e-16,3.8860444031960747e-38,1.560338881034083e-24,3.88607021762592e-38,5.039332152830787e-45,2.694226043404558e-35,1.4035624749637548e-23,1.401371785915323e-19,5.810507483312292e-21,9.255843943481875e-32,6.143851722841563e-26,1.9338503327047897e-29,1.7148211149423135e-23,2.6711340989831648e-20,1.1188864388539732e-34,2.7178652771822443e-38
8.550695309529694,2.414141038212222e-10,0.00017699985547217205,4.056611745005074e-24,8.596409243277854e-20,4.355183332426636e-26,2.8945604210086954e-21,1.626192872493349e-29,4.963609749404192e-23,4.5580929960208415e-52,1.928994134833954e-41,4.574236998243303e-50,5.529976630117903e-32,6.159684155583694e-27,4.317443254996882e-40,2.148374883682211e-29,3.4558859732139472e-31,3.111231567156992e-64,3.1198655199368693e-49,1.2519780730145624e-46,3.969498136606891e-55,8.93506933102982e-63,8.352551890043656e-53,1.3433027475480021e-14,3.7631560228931983e-13,2.0346566702590919e-16,2.582481646811491e-12,3.3596030355882706e-40,9.008103605736766e-37,3.923355419053984e-19,1.4114384976056965e-13,2.4416284923280688e-52,1.1116544140118396e-55,2.2785109485614476e-36,5.18481868271211e-34,9.007749006729066e-37,5.282396744430924e-33,3.4327528208757934e-25,8.84449010668498e-24,1.7407481566073e-21,1.269707668125204e-11,3.1690019023242145e-08,1.4743821309430128e-19,2.9136943414970693e-18,2.5452636194783092e-18,4.257960488521116e-17,6.2356572093812995e-28,1.5724293649278256e-25,2.9871632363660443e-21,0.00019057449653334994,0.49999734198383355,3.912788437733279e-06,0.2499957462411458,3.26474110348729e-06,9.400417320960905e-11,1.2601693582629014e-25,1.5726272230962386e-24,1.7047749456860358e-19,2.4567615974581185e-28,4.039423778514691e-32,2.776538870413614e-26,2.806137080404886e-32,4.869852215505334e-31,5.512101385298136e-16,4.060316300101054e-11,9.507199901149288e-21,2.401238940881477e-15,0.0,4.993519227215148e-35,1.4040179498967758e-43,2.379467071797515e-07,6.718697076402085e-13,4.449050663631033e-22,6.694217692000042e-50,6.588914113992274e-14,2.103213837725873e-09,8.241729289118541e-21,4.8084019910121e-18,9.849099976417657e-20,6.780983813892123e-22,9.154984549905425e-17,6.1729328749285286e-31,1.3732021233888847e-42,9.523469501506117e-29,7.527273470025433e-23,0.09999920006172393,7.959060812370132e-07,5.522310771184445e-09,1.5804725354816083e-22,3.110922126781967e-39,1.520032444511739e-23,2.3271182130304133e-17,9.87894531052042e-26,1.0204243881955464e-18,1.5982721852062312e-41,9.990460523060667e-18,3.235604311229077e-17,8.360139252102985e-38,6.20415646240656e-28,1.5856864098388908e-24,2.251899557836348e-06,4.100442163652319e-09,6.179790332401024e-05,1.994885433644869e-09,8.103367631218259e-20,7.048949588688891e-16,2.5076126107774345e-17,1.754959285375662e-43,3.1938806280221376e-15,9.928677845721987e-11,1.5795138153428127e-17,2.4829119630567934e-12,2.500214531781924e-50,3.958370825019913e-21,9.05443307234244e-15,3.798735124405588e-20,1.245048922767934e-19,7.11013979562535e-15,1.9544934706349976e-31,5.528167036337432e-24,1.6420751478233824e-20,0.0003339723457653347,2.619687289932739e-08,1.240570971203707e-18,3.075576795141465e-14,8.600097913321804e-40,6.872940331111468e-25,2.29429143998968e-28,7.453446392599139e-35,6.796884686727297e-30,3.4281231828074782e-37,1.143131905761387e-13,1.4159030830060657e-09,1.6655478382915372e-12,3.509998332008487e-06,1.3513442347931647e-30,1.93945142600097e-27,3.4467659773736884e-12,1.7799965503725453e-06,2.870440433007354e-30,1.4868262415891867e-21,5.194308236658208e-43,3.095807309487864e-33,0.0,0.0,1.4793058612683259e-18,2.504736085240349e-15,8.978852278317448e-27,3.550281434604432e-16,1.68254463793077e-37,3.1661369720563578e-24,1.6825608005472486e-37,4.690163822920403e-44,7.95416864384946e-35,4.143995054850345e-23,2.209695555469369e-19,1.2235207110052946e-20,3.864942218401988e-31,1.828516647341052e-25,5.83160127569959e-29,5.157283988596217e-23,6.015612201299462e-20,4.857898081848675e-34,1.7028754729678045e-37
12.365025114423291,3.0459827851431946e-10,0.00017699979093660154,2.5459087139578677e-23,2.6157256476215275e-19,3.7422655952724992e-25,1.239876924470069e-20,1.3612979425248036e-28,2.9450743088398344e-22,8.615252890112833e-51,2.5817825590210935e-40,5.9425002443903794e-49,6.79691138191237e-31,3.791399771981236e-26,2.8329289525116496e-39,1.8203547633259577e-28,4.0549275881024965e-30,1.0642970814670456e-62,1.1587975751164797e-47,3.364446053691175e-45,2.9742876863183556e-53,9.562699361132855e-61,4.1642517128786904e-51,2.868911428728446e-14,5.210349093973879e-13,6.098493843765752e-16,3.626253177708419e-12,4.478265248745084e-39,2.4293971730487616e-35,1.176653458939011e-18,2.8825343192542465e-13,1.326950583590704e-50,5.344139248717839e-54,2.9601545052832895e-35,4.570405283538815e-33,2.4292579876460266e-35,9.670439428498286e-32,1.4948848876163581e-24,3.7946953518667485e-23,5.150483669776083e-21,2.688603025099696e-11,3.0751240700313684e-08,3.459149349288262e-19,4.531270923649494e-18,5.8788820253007975e-18,6.491616577971746e-17,3.798957598375226e-27,9.967090293454192e-25,9.131619378891185e-21,0.0001942535504950119,0.4999962248936563,5.752574682605559e-06,0.24999379513495684,4.486234731903685e-06,1.910823168488801e-10,5.4562375621537755e-25,6.799406897630242e-24,5.047151995461421e-19,1.6588747314761966e-27,2.5686656499253815e-31,1.2024508808105223e-25,1.6948265688991885e-31,1.2591969736993415e-29,3.4156118806712117e-15,1.182381826498216e-10,1.976525213542215e-20,3.43846916130388e-15,0.0,2.1685820180299064e-34,2.498552305135074e-42,4.80787052983498e-07,2.844231135435025e-12,9.210103490055053e-22,2.967523100124586e-48,1.9736469214836034e-13,2.9305935878942872e-09,2.454548201670771e-20,9.760600170290564e-18,2.907076221924778e-19,2.872287462605449e-21,1.8907979957775263e-16,4.419841394447047e-30,2.1529984924006589e-41,6.045079670456687e-28,3.255202796748575e-22,0.09999883975128222,1.1509442890849575e-06,1.0794544682042024e-08,6.696000761655741e-22,6.55690831649331e-38,1.3820978956626717e-22,9.871358509934631e-17,6.109207970163453e-25,2.2297125559234387e-18,1.6780516034588293e-40,2.0957477501098064e-17,6.703878748675603e-17,5.332174093766154e-37,1.8643372711034348e-27,9.735997169844318e-24,2.250071883382069e-06,5.9281166179324156e-09,6.179693746668085e-05,2.854340000146439e-09,5.055257090161681e-19,2.045531552691797e-15,1.0597008613815042e-16,2.497786498734839e-42,1.3886402178574352e-14,2.008181355915506e-10,9.934184918742159e-17,7.297278669248197e-12,9.82853425718108e-49,2.5364919823737543e-20,3.8636251399983604e-14,2.3437338712721303e-19,6.506744733765176e-19,2.0864223390886857e-14,2.5692874080052124e-30,1.6744592455111858e-23,3.59548353477552e-20,0.0003339604359625537,3.6588363530738665e-08,2.040039912156326e-18,9.039032633464816e-14,5.8115910813799086e-39,2.1478638743740307e-24,1.3936745282522696e-27,6.785076755839531e-34,4.244329702264623e-29,3.046734233815146e-36,3.1973983096102216e-13,2.8540663347871873e-09,2.4166480247587507e-12,3.5099975798252905e-06,5.968276220081476e-30,5.831826932139366e-27,4.915048200572903e-12,1.7799950810274982e-06,9.4158073924268e-30,4.562975579807782e-21,8.85753455755299e-42,3.788092772177309e-32,0.0,0.0,3.1159950557460237e-18,3.4106785420578895e-15,2.6596499542723567e-26,5.101098000186527e-16,7.2529516438604004e-37,6.34286223030305e-24,7.253052392132946e-37,4.3839803135798625e-43,2.3241725377288823e-34,1.244860611394976e-22,3.6691444222838756e-19,2.5929236645996198e-20,1.633925530949768e-30,5.405152726804685e-25,1.756107539408572e-28,1.5472953166191343e-22,1.5355804034260543e-19,2.1025399921533166e-33,1.0625648795789608e-36
17.88086705766717,3.960775306979346e-10,0.00017699969754130752,1.6207707224705397e-22,7.975535867587518e-19,3.3016026984990083e-24,5.3193227427344805e-20,1.1669738322446355e-27,1.7724586302127007e-21,1.6193380487097377e-49,3.468502853336302e-39,7.65572212012806e-48,8.604175740138711e-30,2.3127581048729416e-25,1.943593410110824e-38,1.5711747238236744e-27,4.97776916814351e-29,3.737163671204371e-61,4.367347450182931e-46,9.13636573729191e-44,2.3236326728698094e-51,1.0719948424395614e-58,2.1724531441070763e-49,6.175539348276093e-14,7.085951543059743e-13,1.820255444149481e-15,5.026004872576622e-12,5.982369618131748e-38,6.522817455727338e-34,3.514884856334375e-18,5.824336267618648e-13,7.392228840980839e-49,3.7194582782403114e-52,3.815640133282544e-34,3.966312604679881e-32,6.522271129730494e-34,1.7472509086495384e-30,6.494237568768004e-24,1.6149675701313903e-22,1.508905510160868e-20,5.720403140922068e-11,2.9442679961034435e-08,8.489804958395209e-19,7.63711098484444e-18,1.4245813116395745e-17,1.0825007362197295e-16,2.3283731704600269e-26,6.3466068897578015e-24,2.8026234584167677e-20,0.0001995719204714349,0.49999467376267587,8.500045378012727e-06,0.24999092414438856,6.036382403408559e-06,3.8346971302808025e-10,2.3515290907064044e-24,2.924254257374728e-23,1.4798244981985173e-18,1.455118478081161e-26,1.6364604142225624e-30,5.183147360364643e-25,1.0320315234919353e-30,3.2790958967307952e-28,2.109264045211034e-14,3.386300266028121e-10,4.0978181364538895e-20,4.901668974850295e-15,0.0,9.386458850955727e-34,4.617559006168797e-41,9.576748926287809e-07,1.1867761270769177e-11,1.8976887572265595e-21,1.4283035156627213e-46,5.883996827576343e-13,4.0160578948454815e-09,7.270842079116298e-20,1.9568260370742872e-17,8.490518146977036e-19,1.2215883237721318e-20,3.8865451321370755e-16,4.198413460068258e-29,4.446602870091771e-40,3.8416864218885416e-27,1.4042653881853811e-21,0.09999831663626547,1.664356242888787e-06,2.0497607589278356e-08,2.7986490651142823e-21,1.592889281510965e-36,1.253196463376754e-21,4.13132854529932e-16,3.7413272615898904e-24,5.465420106561238e-18,1.7915401503931188e-39,4.4009630159297664e-17,1.3849004287517014e-16,3.41182670471164e-36,5.585462778788975e-27,5.900176969632019e-23,2.247430411798649e-06,8.56958820135286e-09,6.179551294172601e-05,4.065071116572676e-09,3.136481751613696e-18,5.830740064522043e-15,4.411777976316471e-16,3.6501031470016076e-41,6.02128486632781e-14,4.0050518546210864e-10,6.230949886399089e-16,2.1184609153711858e-11,3.8326733571604035e-47,1.634738169007114e-19,1.6310780012781285e-13,1.4301165755402647e-18,3.791399564468483e-18,6.042143797382526e-14,3.367937259926466e-29,5.0753585943153524e-23,8.57598155976532e-20,0.0003339436267301681,5.035859500864215e-08,4.222203884713106e-18,2.6237464534591794e-13,4.544776928366962e-38,7.508659984975608e-24,8.505654079271109e-27,6.17051471487799e-33,2.644810865152962e-28,2.673296855648167e-35,1.1460288368505538e-12,5.662423798431109e-09,3.511581807586914e-12,3.509996483333367e-06,2.646172771730129e-29,1.7488995369585812e-26,6.966201268886421e-12,1.7799930285279059e-06,3.2968409362405747e-29,1.408237041767685e-20,1.5450445415610936e-40,4.776819968689673e-31,0.0,0.0,6.581907769002712e-18,4.532834000138767e-15,7.809180612321808e-26,7.306441397582134e-16,3.106849931978599e-36,1.2482766892299439e-23,3.106912332459658e-36,4.1115959846369e-42,6.6930698743348e-34,3.823812679445952e-22,6.953682830173754e-19,5.616180768066942e-20,6.968343084243807e-30,1.5826810899118133e-24,5.276913156320962e-28,4.626414087751196e-22,4.993301417801387e-19,9.060222261507889e-33,6.591537880962203e-36
25.857238766221403,5.285909383978749e-10,0.00017699956233187993,1.0436804035542083e-21,2.436842757882598e-18,2.9697155196608576e-23,2.274803598109416e-19,1.0136592064599014e-26,1.0733839297918763e-20,3.018119027310854e-48,4.6775668725659173e-38,9.739630521601391e-47,1.1126546106579357e-28,1.3913811384488363e-24,1.5425432786043224e-37,1.3684905552410863e-26,6.303691620541945e-28,1.3383309912432773e-59,1.6534543929175167e-44,2.49532078673532e-42,1.8636945621751236e-49,1.2373272623753293e-56,1.1669125652222856e-47,1.3425132910508467e-13,9.405492676944445e-13,5.397135957867834e-15,6.8371670649404615e-12,8.0055491239348e-37,1.7342222507790516e-32,1.043628127153104e-17,1.1586496260271993e-12,4.188698525641864e-47,2.9639085388038196e-50,4.8646481259756665e-33,3.369360880466981e-31,1.7340084756601052e-32,3.0890662349544474e-29,2.8099417865695037e-23,6.795293867516592e-22,4.3569562794071323e-20,1.2243192569618995e-10,2.7648306860760895e-08,2.2757811192890272e-18,1.610556829232195e-17,3.823154313768676e-17,2.3468822735973486e-16,1.4295647149674739e-25,4.0582931299747386e-23,8.643525440683852e-20,0.0002072582532174821,0.4999925475102536,1.2628090263025336e-05,0.24998668403800361,7.893249330796461e-06,7.553008138722163e-10,1.0065094008369646e-23,1.2477453430798742e-22,4.27720393832382e-18,1.514896497987899e-25,1.0447093550520894e-29,2.218227826698521e-24,6.3042437000800404e-30,8.397403787568412e-27,1.2931496986870536e-13,9.469376616655993e-10,8.46051162099579e-20,6.9414492002284574e-15,0.0,4.0423164184612854e-33,8.622379195088059e-40,1.870537785068315e-06,4.849609109053627e-11,3.8829088814592354e-21,7.181284595117785e-45,1.7413670799440775e-12,5.37221903259072e-09,2.1419913467611086e-19,3.86554957371853e-17,2.445222309413842e-18,5.195163393421014e-20,7.95774063592223e-16,4.788860307583349e-28,1.0852742541566028e-38,2.4436744733363305e-26,6.0265998535087475e-21,0.09999755733123757,2.4067864671553726e-06,3.737241123021139e-08,1.1479548016393567e-20,4.0695574415437387e-35,1.1314917958403673e-20,1.695898620003078e-15,2.25959685701676e-23,1.8428065128534726e-17,1.929073902135926e-38,9.252438627137116e-17,2.851848272827556e-16,2.1918288601741235e-35,1.665757109961656e-26,3.5089101980032506e-22,2.243613586261709e-06,1.2386413738292792e-08,6.179340421237773e-05,5.75087319900736e-09,1.9297406219304743e-17,1.62048747949283e-14,1.7980083206558275e-15,5.624672130868862e-40,2.6004061627891886e-13,7.833206085355747e-10,3.891570009744411e-15,6.044221589397897e-11,1.4764928651424325e-45,1.061951008462469e-18,6.781311716774541e-13,8.586972467292233e-18,2.2965200934750818e-17,1.7170265559580763e-13,4.395981673473656e-28,1.540068176142203e-22,2.465633041096859e-19,0.0003339200914098136,6.792126200248885e-08,1.3535717094818383e-17,7.482630193974007e-13,5.0529296543781615e-37,3.5609678793849027e-23,5.190312017148113e-26,5.598216897317178e-32,1.6399654680646478e-27,2.3026184993057217e-34,4.691756380913247e-12,1.0985402289613036e-08,5.113130795313879e-12,3.509994879547432e-06,1.1791869497761434e-28,5.223527246394685e-26,9.788233112687715e-12,1.7799902048760702e-06,1.2230725694362429e-28,4.377302885080546e-20,2.7174103856574494e-39,6.153592248209717e-30,0.0,0.0,1.395302864942835e-17,5.833389295649201e-15,2.2650093900678097e-25,1.0415073790694192e-15,1.318891409672835e-35,2.3976673636442948e-23,1.3189297041748933e-35,3.8573848058522826e-41,1.8888633070940208e-33,1.2319780909362245e-21,1.791484831000494e-18,1.3186728750288585e-19,2.9889289165923674e-29,4.5739409528368e-24,1.5802425104551932e-27,1.3769005788190185e-21,2.1864141443103466e-18,3.8823556480502933e-32,4.056054616060186e-35
37.39174361383633,7.20682889219393e-10,0.00017699936648368414,6.792124760009575e-21,7.455243491222135e-18,2.7098845526621426e-22,9.649251208398034e-19,8.847611873201724e-26,6.492780395342047e-20,5.552428821430691e-47,6.32326504496137e-37,1.2156433337166188e-45,1.461230235484416e-27,8.212136117842686e-24,1.7248204459581172e-36,1.1929488554527116e-25,8.154487665055782e-27,4.846177340446664e-58,6.22496412662391e-43,6.863436015853409e-41,1.5186833292214975e-47,1.4539315432634163e-54,6.403721920897198e-46,2.9521335443491283e-13,1.2094984745846002e-12,1.5835120512162938e-14,9.056962856647871e-12,1.071144651988689e-35,4.529166204566137e-31,3.0699456118315964e-17,2.2530422337685046e-12,2.398447994877681e-45,2.432032499803994e-48,6.115994556940299e-32,2.7870180753615106e-30,4.528336001762025e-31,5.278148533309225e-28,1.2074415389776024e-22,2.814061010546381e-21,1.231539924268919e-19,2.637866257890235e-10,2.5245295882945043e-08,7.379625037212209e-18,5.110965563185669e-17,1.2854753561759374e-16,8.019600439229574e-16,8.751519819877445e-25,2.603908202068669e-22,2.6798420732377223e-19,0.00021836224988114485,0.49998967422842455,1.8854967983328854e-05,0.24998040542295044,9.940481011039782e-06,1.4474376881844293e-09,4.263744540535367e-23,5.26094946853625e-22,1.2102691025516873e-17,1.6704228097968648e-24,6.680725968405415e-29,9.388114400008531e-24,3.841013336464577e-29,2.0877366851139532e-25,7.82868581849641e-13,2.5591254317184803e-09,1.7357277295933705e-19,9.734158034295615e-15,0.0,1.7272441822614174e-32,1.6057596383799312e-38,3.558831761268964e-06,1.9228677717701268e-10,7.862145289969182e-21,3.672372085581708e-43,5.094203005044028e-12,6.938385600076427e-09,6.307625226650208e-19,7.585406766455436e-17,6.941190053781694e-18,2.1985430404835683e-19,1.642328123784047e-15,5.94207645438941e-27,2.8299827276074706e-37,1.5542680200648217e-25,2.5623847157430228e-20,0.099996456677181,3.4803890423867985e-06,6.442389258155277e-08,4.597793332159136e-20,1.0419873160245618e-33,1.0148695062196161e-19,6.771093759577586e-15,1.3380383253659613e-22,9.905895531000775e-17,2.0723963308320324e-37,1.9470377882934412e-16,5.856444819213085e-16,1.41447874054223e-34,4.932957301303028e-26,2.0310670764369827e-21,2.238099915855776e-06,1.7900084144226826e-08,6.179027648074232e-05,8.058926748439405e-09,1.1722954544676747e-16,4.346476458297762e-14,7.109837162496787e-15,9.86083353903473e-39,1.1162620856967434e-12,1.4918009346010883e-09,2.414111772304997e-14,1.6830892908004129e-10,5.583843639134423e-44,6.97019174173416e-18,2.758763795539073e-12,5.036045365284902e-17,1.4004359092237872e-16,4.74983466114316e-13,5.7003375784201016e-27,4.683205625340693e-22,9.355242937869185e-19,0.0003338874316643473,8.913434799336501e-08,6.532953109640794e-17,2.081461362430119e-12,8.73633262205277e-36,2.626068969231236e-22,3.1493437816821917e-25,5.05542407675941e-31,1.0077075583721961e-26,1.9315514129870523e-33,2.027934396457322e-11,2.0656865586354952e-08,7.466587840555939e-12,3.5099925228843473e-06,5.287411855858307e-28,1.550455379870945e-25,1.3586855230076323e-11,1.7799864044222624e-06,4.766701459711346e-28,1.3721467223637595e-19,4.758483004452487e-38,8.047758987161967e-29,0.0,0.0,2.970637304053015e-17,7.211643404559617e-15,6.461081188187395e-25,1.4735128217738297e-15,5.527828526501481e-35,4.4597670958145975e-23,5.528060440707524e-35,3.5969651959457655e-40,5.185456162509387e-33,4.573384528813557e-21,7.105640923328815e-18,3.976901562751693e-19,1.2858626182646458e-28,1.2986082158524588e-23,4.705903515967245e-27,4.074334555378324e-21,1.189035982620325e-17,1.6550888785156286e-31,2.4708350728249234e-34
54.07160846228208,9.994162038767154e-10,0.00017699908257990453,4.464690963678111e-20,2.2778676315673402e-17,2.4973022135470976e-21,4.032527884667826e-18,7.702750990262363e-25,3.8902918272594285e-19,1.000820420513653e-45,8.528110866610062e-36,1.4733968161559788e-44,1.9386440591348374e-26,4.742275650911814e-23,2.9580133747581426e-35,1.031632215150098e-24,1.0692649522135277e-25,1.7549120731121466e-56,2.3011185701108526e-41,1.934065973048731e-39,1.2463157970876579e-45,1.723692117054243e-52,3.6275938369600463e-44,6.566556648990039e-13,1.4964837700830612e-12,4.568020677705503e-14,1.1558126181026046e-11,1.425899856527268e-34,1.146982621112379e-29,8.899989180380402e-17,4.237435497487248e-12,1.3770350665206137e-43,1.9768248804579424e-46,7.600647720520573e-31,2.2531888127539277e-29,1.1466650759830237e-29,8.555156682696117e-27,5.12637126886162e-22,1.1396055646128242e-20,3.373032081049172e-19,5.718052266385087e-10,2.2135334491038334e-08,3.298116309634846e-17,2.3300893225391076e-16,6.205988851214795e-16,3.923059639833705e-15,5.309870251534513e-24,1.6723449675050108e-21,8.344524508292191e-19,0.0002343915777386639,0.4999858460689186,2.824626105612305e-05,0.24997110539758632,1.194468078815347e-05,2.6638376894647575e-09,1.778025637647814e-22,2.178344886147107e-21,3.3171814079223924e-17,1.808318105265685e-23,4.2721600831146e-28,3.903722017074949e-23,2.3161057652797586e-28,4.9768706795776566e-24,4.6422295878927325e-12,6.588400704767809e-09,3.5259895477380915e-19,1.3451923285096895e-14,0.0,7.289310753759489e-32,2.952852487718576e-37,6.544750295690667e-06,7.29916189252659e-10,1.5667718487446355e-20,1.887859771299734e-41,1.462740027901952e-11,8.514395192579326e-09,1.906243047358099e-18,1.568547796819866e-16,1.981204500810427e-17,9.196555849067472e-19,3.626680448588654e-15,7.86823246515541e-26,7.465356441507172e-36,9.857810354197698e-25,1.0719040930514096e-19,0.09999486560891067,5.032879301549249e-06,1.0300190376291013e-07,1.8045595422890202e-19,2.6016689340786304e-32,9.008002743526644e-19,2.5982546086681023e-14,7.705320395651358e-22,7.15690253005603e-16,2.2029375327906124e-36,4.097142651256157e-16,1.201313080730135e-15,9.166221490212863e-34,1.4447435143005502e-25,1.1308806774562788e-20,2.230137839943177e-06,2.5862160056823362e-08,6.178564455639256e-05,1.1142919625040572e-08,6.986223903943532e-16,1.1098194213820251e-13,2.6945578773158303e-14,2.248218124623814e-37,4.7479608066340325e-12,2.742011269752685e-09,1.4813159567606717e-13,4.531638985459062e-10,2.0523947778516412e-42,4.629838983526474e-17,1.0883063291586151e-11,2.8530540096774284e-16,8.462657829038898e-16,1.264795579699521e-12,7.316767556218636e-26,1.4313307603835302e-21,4.537823939423565e-18,0.0003338424913297223,1.1286947900758666e-07,3.8197782328560645e-16,5.591988732697622e-12,1.9367101570576265e-34,2.5761064813768827e-21,1.8864756592444424e-24,4.526834568157815e-30,6.094949326622785e-26,1.561488203210449e-32,8.926626188396226e-11,3.721448048629187e-08,1.094661801919988e-11,3.5099890382415095e-06,2.387161148204035e-27,4.557464664076791e-25,1.8542863872198693e-11,1.7799814464446787e-06,1.9380578819782586e-27,4.3384753001807295e-19,8.193151089367646e-37,1.0626970885461497e-27,0.0,0.0,6.352649200367979e-17,8.527729222851934e-15,1.803297313141014e-24,2.0597711692870292e-15,2.275987812093441e-34,7.966430169906516e-23,2.27612561419133e-34,3.297411545440368e-39,1.3722462657120916e-32,2.4353957506377308e-20,3.806583378042158e-17,1.897944821472395e-18,5.53221090779253e-28,3.6010887504837176e-23,1.388307794314173e-26,1.1989622049303553e-20,7.164744023522167e-17,7.0906702921545555e-31,1.4938501416793048e-33
78.19209694774575,1.4044109920181037e-09,0.00017699867055943381,2.957712157097816e-19,6.906068088222067e-17,2.3094974568544383e-20,1.642720252210143e-17,6.636422383090716e-24,2.282536383317627e-18,1.7459182635839582e-44,1.1345345475850987e-34,1.7061338612016258e-43,2.5800661050110828e-25,2.7230565902998137e-22,6.908394143738339e-34,8.747172783404391e-24,1.4093338108793354e-24,6.262653553545336e-55,8.196550460755405e-40,5.996592017439881e-38,1.019463516315801e-43,2.0417112339120294e-50,2.2670095205413915e-42,1.472208404292035e-12,1.77739967323827e-12,1.2820191014088972e-13,1.4018259385644682e-11,1.868085669218501e-33,2.756782611308596e-28,2.5214868065155563e-16,7.589164685548008e-12,7.82890109976682e-42,1.546425885559422e-44,9.623629872755007e-30,1.8645965373394408e-28,2.755603378756362e-28,1.2782156190844185e-25,2.1309886210616582e-21,4.470921916615705e-20,8.814368490021942e-19,1.2424069835279857e-09,1.8304306782321064e-08,2.0193913620530607e-16,1.2306480956751454e-15,4.1350832555218926e-15,2.1786076791891782e-14,3.165716278171113e-23,1.0683618732951966e-20,2.5987440277857965e-18,0.00025749977497535067,0.49998081385767007,4.233081330869976e-05,0.24995737344414098,1.3600420903940702e-05,4.615848995080852e-09,7.237852407976898e-22,8.771847149560633e-21,8.662921430625845e-17,1.8270647154645795e-22,2.7192087166682465e-27,1.5775250865341452e-22,1.365707260332042e-27,1.1209077548876508e-22,2.6622294210501947e-11,1.5839052200481807e-08,7.051782732820578e-19,1.818359597737845e-14,0.0,3.014906147510284e-31,5.291798273365456e-36,1.1542836535847099e-05,2.6016117794335402e-09,3.04636964052883e-20,1.0027037483393855e-39,4.07404982548864e-11,9.696696740815144e-09,6.525054282743391e-18,4.1991732661660024e-16,6.302657426649944e-17,3.7643669760279235e-18,1.0395134584549633e-14,1.2506192936461482e-24,1.9310285188841334e-34,6.1954666980205056e-24,4.35886794814139e-19,0.0999925741087403,7.277849170607575e-06,1.4953220510642884e-07,7.309446652320766e-19,6.181100280201168e-31,7.862585939023862e-18,9.421789101950388e-14,4.265857875755424e-21,5.576916115004246e-15,2.3505695335170918e-35,8.598924339023984e-16,2.4695440300113217e-15,5.9488724580431084e-33,4.156388836431272e-25,5.956731738542779e-20,2.2186455457451287e-06,3.73544542548709e-08,6.177883396588428e-05,1.5121428864361207e-08,4.0446598893747194e-15,2.650217435873235e-13,9.625115660855965e-14,7.256735068858837e-36,1.991346483294129e-11,4.8135530510983105e-09,8.928349634253361e-13,1.1651153963567853e-09,7.216155339611693e-41,3.1065063810694974e-16,4.110509696660029e-11,1.5352973978652982e-15,5.005754835240467e-15,3.1917467556748214e-12,9.24189854942429e-25,4.433551115377438e-21,2.505040003293851e-17,0.00033378100916518115,1.3678315192895907e-07,2.3639518874814114e-15,1.4318922875704346e-11,4.5253471699618106e-33,2.7418618660833856e-20,1.1040329535038576e-23,3.995992289457718e-29,3.586727696264321e-25,1.2017830342236755e-31,3.9298112102678327e-10,6.33154392715936e-08,1.6134472534158256e-11,3.509983843539187e-06,1.0841941238866394e-26,1.318906986326897e-24,2.4729343928689465e-11,1.7799752577396252e-06,8.235252417268207e-27,1.3799592578049575e-18,1.36778268447277e-35,1.4070143798927362e-26,0.0,0.0,1.3626008183539256e-16,9.71419639674122e-15,4.899496006677543e-24,2.823049345174432e-15,9.146281446712453e-34,1.3576683445794378e-22,9.147078248207352e-34,2.924026898103547e-38,3.464489087463482e-32,2.134361726154425e-19,2.2812945193359523e-16,1.321680933284565e-17,2.3711251962522212e-27,9.684552815971408e-23,4.0296721650552e-26,3.527101007498824e-20,4.46313289398901e-16,3.210932070595723e-30,9.201489117356253e-33
113.07235347641867,1.993896130145696e-09,0.000176998071589661,1.9611101691729318e-18,2.049417223192856e-16,2.1183495511323776e-19,6.407351504868609e-17,5.602024167242929e-23,1.287903388207958e-17,2.8874069560202285e-43,1.4541895744000819e-33,1.8393654890533752e-42,3.401242821673664e-24,1.7125200976421425e-21,2.2334323772954295e-32,7.141402823379433e-23,1.8429779605075548e-23,2.156406185076212e-53,2.7283184212908205e-38,2.4785014726796134e-36,8.175870860234986e-42,2.3805461687377227e-48,1.882150772373679e-40,3.292432452134494e-12,2.0484992528907123e-12,3.44026157646037e-13,1.592193451936282e-11,2.3581812719458868e-32,6.067089606359664e-27,6.887513523400093e-16,1.2651767453908086e-11,4.307755078177552e-40,1.1150013536598319e-42,1.399160278013055e-28,1.8470184740241666e-27,6.0629517047706195e-27,1.6831288284988166e-24,8.536323518359634e-21,1.674845673390122e-19,2.1464584437598442e-18,2.6788435852838482e-09,1.3909861920402518e-08,1.455090113255541e-15,6.5677306517172025e-15,3.206141074095072e-14,1.2092978301715197e-13,1.8316291828942212e-22,6.694398359771452e-20,8.009701296797182e-18,0.0002907320696395209,0.49997431855837454,6.323537193728822e-05,0.24993723484987762,1.4674158912113342e-05,7.303480316820745e-09,2.83847248797288e-21,3.383914933217584e-20,2.1001456892061703e-16,1.6437090228605464e-21,1.70460439064819e-26,6.082255545058795e-22,7.718360071036597e-27,2.341816680950564e-21,1.4471493982233315e-10,3.4615483413736626e-08,1.375292756650806e-18,2.3769082644361704e-14,0.0,1.2058774027825152e-30,9.043695398946014e-35,1.939959806210373e-05,8.464460333018875e-09,5.698632500790658e-20,6.342403530265596e-38,1.0789709776406436e-10,9.899917079728762e-09,3.165444099549721e-17,1.850070269136278e-15,2.88264551966909e-16,1.4846235593289443e-17,4.8715287006447565e-14,3.03303554815388e-23,4.754028045115364e-33,3.808009887136337e-23,1.686835004857372e-18,0.09998928363719277,1.0524135177199491e-05,1.9371774602878524e-07,3.758435103294182e-18,1.353274567870871e-29,6.678405511969975e-17,3.1526842673944893e-13,2.2333325824946164e-20,4.214767390679125e-14,2.783338008194386e-34,1.789553740715532e-15,5.110671032560692e-15,3.8376482002042324e-32,1.1609612099477303e-24,2.8994386162311605e-19,2.202069086032625e-06,5.393091396737528e-08,6.17689665538854e-05,2.000027015550157e-08,2.2419922497354566e-14,5.790313610898047e-13,3.1681509086031153e-13,3.444747054893671e-34,8.171932430901236e-11,7.977179521689893e-09,5.224250847872811e-12,2.813423478895537e-09,2.366061388116087e-39,2.083274104465967e-15,1.4595848368733114e-10,7.644520792188969e-15,2.8551529601418603e-14,7.470412322486858e-12,1.1377740480710154e-23,1.4228495048756893e-20,1.4350249193687224e-16,0.00033369705969544573,1.5783796563838257e-07,1.4681272226896426e-14,3.4350567852375216e-11,1.0078941049834121e-31,2.8884865748139477e-19,6.217786818908337e-23,3.4573023184319513e-28,2.0118046037338554e-24,8.716156903216392e-31,1.7015305928714907e-09,1.0009935649528299e-07,2.394636487206177e-11,3.5099760200412684e-06,4.931460293967828e-26,3.72049466884122e-24,3.199016189084576e-11,1.7799679933417364e-06,3.8087550416091234e-26,4.378042024988009e-18,2.176220396215329e-34,1.8452763611814678e-25,0.0,0.0,2.917194083520314e-16,1.0961680270946466e-14,1.2917684932807376e-23,3.7436128629122784e-15,3.5591702561860676e-33,2.2050480562333973e-22,3.559613284917877e-33,2.456169229769872e-37,8.25635499912221e-32,2.5412972493182e-18,1.3873008079051133e-15,1.0514008506600469e-16,1.0061595574699481e-26,2.5034636278573304e-22,1.1363481867517498e-25,1.0561319659524435e-19,2.7694231891945795e-15,1.819481469200247e-29,6.472562952647586e-32
163.5121402261457,2.8538373960763173e-09,0.00017699719841803122,1.280343705613267e-17,5.799098501263783e-16,1.8837581492136392e-18,2.32112949783662e-16,4.565371600323318e-22,6.779382745222608e-17,4.371436867672435e-42,1.718674965918748e-32,1.773091338677667e-41,4.334879004393709e-23,1.514096280223414e-20,1.1073845452788236e-30,5.445333254193517e-22,2.3347368753007313e-22,6.935172834380996e-52,8.059671425980053e-37,1.6262992058078587e-34,6.24211340576539e-40,2.661843307688561e-46,2.433851268689591e-38,7.187930584938886e-12,2.3721678415309714e-12,8.584703305801516e-13,1.676403428831495e-11,2.7632077430700177e-31,1.1523823216408205e-25,1.775862897949095e-15,1.899820164494057e-11,2.1995366334286058e-38,6.885179684060894e-41,2.8561402521674177e-27,2.596029653822184e-26,1.151076081526256e-25,1.820175034284175e-23,3.206868476995997e-20,5.852714798263537e-19,4.6974084893440205e-18,5.611956466692792e-09,9.363256408254895e-09,1.0837466215683163e-14,3.3342311040109406e-14,2.5539053437276796e-13,6.312173530655032e-13,1.0169855819131481e-21,3.999697735467454e-19,2.389967329993923e-17,0.0003383153102952986,0.49996630170297174,9.389570036314165e-05,0.24990796881011626,1.5165029480014278e-05,1.0050614256835462e-08,1.0506842125516376e-20,1.2227221565131994e-19,4.5324491045309355e-16,1.2453832564101668e-20,1.0300656418217448e-25,2.1686434440856693e-21,4.038651097904675e-26,4.4314154580530896e-20,7.224677877277425e-10,6.645186553315773e-08,2.574523831030349e-18,2.952750363665117e-14,0.0,4.555281137507866e-30,1.4204704412670945e-33,3.09656639972724e-05,2.4125668831495313e-08,1.0022607264546427e-19,6.00162975922286e-36,2.6281376661565276e-10,8.611359101601146e-09,2.4678980722208987e-16,1.1366522045158613e-14,2.0893492417330908e-15,5.5177284596939544e-17,3.2340674235537214e-13,1.0636349468822903e-21,1.0683495544991075e-31,2.231337720791538e-22,5.9861724972320906e-18,0.09998455967081572,1.5218266218702547e-05,2.2355308157790971e-07,3.200178113631959e-17,2.6078614939440397e-28,5.42456126105574e-16,9.414970073147374e-13,1.0787313348720099e-19,2.917161410988063e-13,4.672114484259182e-33,3.650917420451987e-15,1.0688200974130276e-14,2.419397867252235e-31,3.084839987252789e-24,1.262567461598236e-18,2.1781846299957124e-06,7.78153700042861e-08,6.175502499483776e-05,2.5561920301008327e-08,1.1646201745122634e-13,1.12861997404551e-12,9.321019212086689e-13,2.776917681199873e-32,3.2401246826009195e-10,1.2326932525820458e-08,2.9090811960596292e-11,6.237539411408469e-09,6.95008100112955e-38,1.3575751251149028e-14,4.742110528295586e-10,3.3773054320551884e-14,1.5363704561688288e-13,1.5742473976022576e-11,1.343832593380948e-22,4.958499907179784e-20,8.092065542234772e-16,0.00033358264232115966,1.7392815660269007e-07,8.867488365694673e-14,7.553789257717665e-11,1.9911848429671753e-30,2.906390790617322e-18,3.3095303437653845e-22,2.9557389264998505e-27,1.0368537314180573e-23,5.9422678607040965e-30,7.066123917378394e-09,1.4489377704704022e-07,3.584536728751378e-11,3.509964093332182e-06,2.220465160251828e-25,1.0054840291216486e-23,3.983008929768856e-11,1.7799601427882405e-06,2.2700684464999597e-25,1.3588934847937323e-17,3.2277196599762516e-33,2.3419286867231776e-24,0.0,0.0,6.161368225588107e-16,1.279828917042618e-14,3.307810518866119e-23,4.695360611423116e-15,1.3283341980834365e-32,3.4355569961901155e-22,1.3285667470065977e-32,1.906584807124932e-36,1.8377453746110272e-31,3.2953099332657695e-17,8.138352956942101e-15,8.277794607456085e-16,4.179457648664651e-26,6.141572879290512e-22,3.041427155384765e-25,3.3434823070305923e-19,1.658998645566668e-14,1.6667509387495493e-28,6.765027882585085e-31
236.45231729355083,4.111805351041603e-09,0.00017699591841339803,7.96394514180688e-17,1.4948940773993816e-15,1.556296426839233e-17,7.421623413501935e-16,3.5047119424661034e-21,3.1604831941347125e-16,5.714543411035213e-41,1.7372248442633118e-31,1.4375884634617779e-40,5.101758445737185e-22,2.0578834036541747e-19,6.921927497838709e-29,3.676977800904339e-21,2.7400929933305294e-21,1.9783227025031738e-50,1.9374191816964048e-35,1.4283998064781202e-32,4.2993348376787844e-38,2.7222859105687094e-44,4.0495899786677237e-36,1.475155421120824e-11,2.9139740222544965e-12,1.9081426124644937e-12,1.645055070602311e-11,2.831751238733476e-30,1.718310509628997e-24,4.187281125150881e-15,2.455034453571564e-11,9.675661228098348e-37,3.2288048485029626e-39,7.788193915735896e-26,4.389352088893918e-25,1.7148963006409695e-24,1.4480061673140523e-22,1.0803075100646769e-19,1.8367641303673924e-18,8.735951362965618e-18,1.0994079072878724e-08,5.3140538812922155e-09,7.799391809611237e-14,1.5485047053522117e-13,1.9558957086864483e-12,2.937840028870698e-12,5.8073607960631226e-21,2.163422015426686e-18,6.627941145627342e-17,0.000405917614468123,0.4999576377879381,0.00013845870343686772,0.24986584677829082,1.529214650657938e-05,1.1105093265906859e-08,3.5589765575927134e-20,4.01019971224001e-19,8.137502994244178e-16,7.414724387523221e-20,5.764451162235299e-25,6.790002835556843e-21,1.843749431325485e-25,7.331363479515233e-19,3.1566285817715148e-09,1.0784423613030324e-07,4.509275727526075e-18,3.4000529402894576e-14,0.0,1.5585929999744652e-29,1.929699401032268e-32,4.6901098435582856e-05,5.676328382254531e-08,1.596666970936625e-19,7.568585255321044e-34,5.573324969672682e-10,5.929441282954874e-09,2.524205922198399e-15,7.180267109376719e-14,1.7884330346661717e-14,1.8845949955001012e-16,2.2320166703193098e-12,3.6930609814651605e-20,2.0584811701463364e-30,1.1900348232595857e-21,1.8306134497669293e-17,0.0999777598658163,2.2005800733706182e-05,2.3582356596494945e-07,3.7486142856142677e-16,4.174463569304702e-27,4.092169912238927e-15,2.3949120791827e-12,4.623018127826686e-19,1.7448774756199578e-12,1.2273412813456296e-31,7.154100365390485e-15,2.2578102595178732e-14,1.440596079778394e-30,7.523703874278564e-24,4.710774530284697e-18,2.1438303933710933e-06,1.1216960662890611e-07,6.173614719159633e-05,3.1269973883253316e-08,5.495677121259831e-13,1.9120202089013607e-12,2.3509556932979446e-12,3.247974734188601e-30,1.2152214359145993e-09,1.7532225612488876e-08,1.4903165467232595e-10,1.2293375833755815e-08,1.719217477205122e-36,8.12035658360559e-14,1.3509857375082619e-09,1.2370370649802651e-13,7.551820965722203e-13,2.868031525447156e-11,1.4835515799766974e-21,1.9900116851901083e-19,4.317934156569858e-15,0.000333428455603488,1.857134063325866e-07,5.021102297997525e-13,1.4817500075920876e-10,3.1903262607159986e-29,2.7017827315966392e-17,1.6821585799913921e-21,2.640347468599784e-26,4.604479051147399e-23,3.8087976898461384e-29,2.702401989969032e-08,1.9070461924319685e-07,5.4180327361339694e-11,3.5099456596296413e-06,9.658231173185781e-25,2.52628748625698e-23,4.7450926265056437e-11,1.7799524763912308e-06,2.2643828706798106e-24,3.9756771442747365e-17,4.33235213538788e-32,2.751637524249846e-23,0.0,0.0,1.254542726222203e-15,1.582839039282063e-14,8.254263898333358e-23,5.3685690764128725e-15,4.688312948265115e-32,5.171529571278353e-22,4.6894284980119e-32,1.327828561205749e-35,3.7648922596407557e-31,4.149759949517925e-16,4.381670785015299e-14,5.959559776793584e-15,1.6629846370909936e-25,1.3998113312637847e-21,7.406008213129267e-25,1.1608512266151114e-18,9.189437460804831e-14,2.3759491844926544e-27,1.1673806393537559e-29
341.9299525782251,5.958138424794697e-09,0.0001769940178997558,4.4518013646882355e-16,3.2692118113948463e-15,1.1082952642543082e-16,1.9316514163510895e-15,2.421976256504632e-20,1.1952005131308478e-15,5.872367848964291e-40,1.3343846048338185e-30,8.990352462275067e-40,5.10302120180332e-21,3.078578534557132e-18,3.9832496227597445e-27,2.0037125745440537e-20,2.747869983024736e-20,4.617320606376595e-49,3.289047873969268e-34,1.2320680718742454e-30,2.4255330950988118e-36,2.340025728404381e-42,6.189319778109092e-34,2.688042725299433e-11,3.898712230498475e-12,3.551505821209748e-12,1.5454003934758882e-11,2.3322571714120926e-29,1.7445199868996204e-23,8.646778654931621e-15,2.580352695416885e-11,3.242178658229426e-35,9.593311755199138e-38,2.010063205616225e-24,6.28742518715067e-24,1.7380217279464744e-23,7.193245186465356e-22,3.0422536354517885e-19,4.8756037462131616e-18,1.2693337294768812e-17,1.8995097906383242e-08,2.420124420226886e-09,5.209615557039999e-13,6.294250367000717e-13,1.3694229440903251e-11,1.139487359567311e-11,5.634114071356351e-20,9.731184487450702e-18,1.5959646155787727e-16,0.0005006762856564678,0.49995202698286784,0.0002029422331755469,0.2498058292743497,1.528516868320577e-05,8.608459879231465e-09,1.0554580330525272e-19,1.1473715984807647e-18,1.0931391318916534e-15,3.1832680183049836e-19,2.791066627334246e-24,1.723208697314163e-20,6.6573679279527605e-25,9.979806708335269e-18,1.1265189355755718e-08,1.439123242295478e-07,7.116333808338928e-18,3.522040791777306e-14,0.0,4.4940083997680133e-29,2.0686278238908924e-31,6.717622723156853e-05,1.0165146042573773e-07,2.1772112253695217e-19,8.399218986192444e-32,9.433533422148597e-10,2.932964451943469e-09,2.6794543401389545e-14,3.9589115763046923e-13,1.3798338365629207e-13,5.860475784484026e-16,1.3202493135412239e-11,9.179622002713034e-19,3.117931208032524e-29,5.347443634238445e-21,4.3877857849975214e-17,0.09996794369285913,3.181992297039841e-05,2.3787428641925964e-07,4.200403860130751e-15,5.358675368488622e-26,2.731446704065537e-14,4.866669836598116e-12,1.6490808138572142e-18,8.342217995454072e-12,3.746734821939871e-30,1.3043416969702805e-14,4.76606615311685e-14,7.60992956092834e-30,1.584974942050402e-23,1.4291207875240276e-17,2.0945614358700466e-06,1.614385641299515e-07,6.171243172987422e-05,3.630923341108548e-08,2.2542644282769805e-12,2.7548558818668943e-12,4.7933654468602086e-12,3.6216567331196107e-28,4.160115559048089e-09,2.2658739047396778e-08,6.636929554738757e-10,2.0554060459546892e-08,3.267064076590069e-35,4.047827531849353e-13,3.149324256868252e-09,3.378098416284233e-13,3.2399896757030636e-12,4.288687094137805e-11,1.4666051292969772e-20,9.137468083536588e-19,2.0755628379895712e-14,0.00033322596778347216,1.9654263979126597e-07,2.5291997687839934e-12,2.506059546827481e-10,3.646819858994463e-28,2.1784683947470603e-16,9.972881748963005e-21,2.610800946566342e-25,1.582185016278533e-22,2.257642763698062e-28,8.964116417912752e-08,2.304148288668228e-07,8.270216956929527e-11,3.5099167407664782e-06,3.87994743879507e-24,5.607354912314939e-23,5.410392970058842e-11,1.7799456255998642e-06,3.3023322519856325e-23,1.0280198862817615e-16,5.043410479215025e-31,2.7613055765339216e-22,0.0,0.0,2.3710605275396795e-15,2.0248876595020245e-14,1.9945284445389445e-22,5.324464330518554e-15,1.5211698723195398e-31,7.41726798210799e-22,1.5216263189290647e-31,7.94880886968701e-35,6.865121187315721e-31,4.653719540705812e-15,2.0167108623781797e-13,3.6098422905537364e-14,6.087979457916694e-25,2.860951111520689e-21,1.5270761825006963e-24,4.279011884765225e-18,4.4014214198013617e-13,3.8321746643939605e-26,2.457905481206357e-28
494.45949106516065,8.67791979284921e-09,0.00017699112463534747,2.0442607727604334e-15,5.534050517539794e-15,6.029883467559006e-16,3.657336339276489e-15,1.381782009054782e-19,3.188029887073193e-15,4.137382830828166e-39,6.611462208230115e-30,3.901345075925485e-39,3.7669741904249477e-20,3.6075516471167606e-17,1.62239438876218e-25,7.529023973482286e-20,2.052395270487624e-19,7.852784350500978e-48,3.1746926910708044e-33,7.998883346767866e-29,9.505045333542034e-35,1.4652215293177167e-40,6.274464414396537e-32,4.0592434329557695e-11,5.412029087283945e-12,5.143366394653077e-12,1.4279050797428775e-11,1.3909776972024818e-28,1.0063054195606531e-22,1.4919279748582518e-14,2.1182450342704208e-11,6.878961587926848e-34,1.4310087998348761e-36,3.5497146582793774e-23,5.709028730835801e-23,9.987159975271342e-23,1.825059132999426e-21,6.488933962726216e-19,1.0052598599934092e-17,1.2909166434175914e-17,2.71221769917252e-08,9.309732762710597e-10,3.0916777680182987e-12,2.1060525895110116e-12,8.231005097797546e-11,3.400095062995429e-11,1.0403288120968247e-18,3.2387396023673004e-17,3.022484961782735e-16,0.0006306897077458502,0.49995994976872926,0.00029612273390051887,0.2497213598294642,1.5245217290169333e-05,3.743079606325875e-09,2.591808101864496e-19,2.7305675592554887e-18,9.579593681389716e-16,8.848317207172217e-19,1.0592415326572256e-23,3.204434125839065e-20,1.6434539632368678e-24,1.0028785766589427e-16,3.018174591419524e-08,1.6011635633501572e-07,9.69488819447495e-18,3.2234261920812074e-14,0.0,9.766229305540869e-29,1.5580658496157672e-30,8.96970707396138e-05,1.2707813664951957e-07,2.3767092157872077e-19,5.652648454347762e-30,1.1264305643417058e-09,9.773395613360859e-10,2.4901532249420664e-13,1.6984094862693133e-12,8.063054078010434e-13,1.7035495669312014e-15,5.7639341799153396e-11,1.2360897844210377e-17,3.3459384209892544e-28,1.8123658739879902e-20,7.33671170096758e-17,0.09995375510294524,4.600932892570627e-05,2.3705824501031074e-07,3.5842362559306206e-14,5.871783169093515e-25,1.493479992356106e-13,7.2736565517365675e-12,4.4326347152556015e-18,2.88495134062838e-11,9.007779010155065e-29,2.1267190113670352e-14,9.738496487363457e-14,3.219537877733339e-29,2.6286402912921698e-23,3.350253050981434e-17,2.024253382085818e-06,2.3174661791418043e-07,6.168607372312967e-05,3.989775211045778e-08,7.585843616823818e-12,3.349735609189571e-12,7.295803898317317e-12,2.8694545975544216e-26,1.2293649402163046e-08,2.641956998556656e-08,2.349151603708699e-09,2.7461108724824435e-08,4.182161881176535e-34,1.4654463469107723e-12,5.389303995383474e-09,5.941016584334185e-13,1.1459780397344735e-11,5.0265276596525207e-11,1.2125276630279681e-19,4.207977618645134e-18,8.322391931191125e-14,0.00033296845295633336,2.1022295069484346e-07,1.0595372645932407e-11,3.50674907349865e-10,2.5490282685243047e-27,1.3684624211700246e-15,1.004228823821652e-19,2.3586962080659902e-24,3.577478467853026e-22,1.2658783167309595e-27,2.4015826024965877e-07,2.627925222179303e-07,1.2734752228107244e-10,3.5098707638827388e-06,1.3409707243722217e-23,1.0151434841764035e-22,5.972967031535713e-11,1.7799393126228618e-06,4.6241870694877995e-22,2.126445196000741e-16,4.759120508908489e-30,2.063225211758432e-21,0.0,0.0,3.974531356159018e-15,2.5541003903901523e-14,4.491732982602998e-22,4.438367100612423e-15,4.262579460267275e-31,9.609201449919705e-22,4.263911631092761e-31,3.7880988646276176e-34,1.0325767243704513e-30,4.155578759810713e-14,7.18846284891533e-13,1.631381948959627e-13,1.924517037759681e-24,5.008506790146991e-21,2.413401832915032e-24,1.478066276629596e-17,1.6540097315765802e-12,5.10866372884665e-25,4.335703187193903e-27
715.0300418577249,1.2697014578502247e-08,0.00017698659619299289,6.928210516363357e-15,6.792948992832669e-15,2.1248888994582473e-15,4.554327060905962e-15,5.610187005085496e-19,4.9768464090843426e-15,1.704376026873994e-38,1.7746504741943937e-29,1.0759165890558717e-38,1.654181413558189e-19,2.5173560139360584e-16,3.473379677388424e-24,1.5329654519833059e-19,9.275299584628916e-19,8.502208942189123e-47,1.3079281620783148e-32,2.919333666600723e-27,2.0217799923519084e-33,5.404398399925308e-39,2.7755074956558883e-30,4.8695960368255075e-11,7.204063436247954e-12,5.574988881649517e-12,1.2987651263639502e-11,5.422716776332043e-28,2.887861550169005e-22,2.100609589318658e-14,1.4357004285595207e-11,7.351244117652161e-33,8.787060074745793e-36,3.3549993848294e-22,2.67200778510625e-22,2.8414122984688514e-22,2.1667402671725803e-21,9.459378666321095e-19,1.4737245810742156e-17,8.611448198523574e-18,3.156995831373369e-08,4.645495924505224e-10,1.5188201610767643e-11,5.3855456320256926e-12,3.8866537543233886e-10,7.384117725766164e-11,1.3193622149244282e-17,7.08869557358951e-17,4.0587137113893033e-16,0.0008042371197552385,0.5000044700932093,0.00043071053226902616,0.2496041421274659,1.518969871513529e-05,7.179181617177073e-10,5.001223863775563e-19,5.088331063226125e-18,5.270527535635831e-16,1.4455691455632336e-18,2.844703853110205e-23,4.113072945893365e-20,2.3693990721850126e-24,6.234819751985583e-16,5.697804129255062e-08,1.5862399039349177e-07,1.123764507735142e-17,2.6793567595907784e-14,0.0,1.423034490549794e-28,7.473926717544117e-30,0.00010807505101727191,1.1003701720386883e-07,2.047568187699964e-19,1.5833644155383892e-28,8.394589230661591e-10,3.081150090318593e-10,1.6643616459007438e-12,4.9999788024309025e-12,2.977765907616033e-12,4.4810185269952476e-15,1.5896006655301918e-10,7.037579602211793e-17,2.3087525303223827e-27,4.1518165083543036e-20,7.889457730279293e-17,0.09993324322030317,6.652263886616534e-05,2.3563094656178408e-07,1.9056885522458905e-13,5.366002311170331e-24,6.0027086994538e-13,7.400369699585925e-12,7.969213949261912e-18,6.6021460097852e-11,1.1979044355055133e-27,3.011567733157145e-14,1.8030773076827818e-13,9.572368884737971e-29,3.110982132014888e-23,5.914360269825028e-17,1.9247763471486645e-06,3.3122365285133353e-07,6.16607356642508e-05,4.178641870158741e-08,1.977785551349001e-11,3.506606374429226e-12,7.685626895390299e-12,1.2506952204041819e-24,2.928519682728988e-08,2.8065169807255523e-08,5.8719576105803515e-09,2.814660910628856e-08,3.021182257136128e-33,3.3113376178684286e-12,5.925448201456051e-09,5.824030299088384e-13,3.1718575790610595e-11,4.732629349193037e-11,7.590281323774722e-19,1.6154708359474927e-17,2.4874207681894805e-13,0.0003326555675736862,2.296868388800505e-07,3.466008386843922e-11,3.913601509072287e-10,1.027619778865858e-26,5.845911186671998e-15,1.1926710884482808e-18,1.3182690629684855e-23,4.407365777387056e-22,6.3812765413880654e-27,4.960286464805925e-07,2.91444436402039e-07,1.9738729354743476e-10,3.5097977734138824e-06,3.665588824651268e-23,1.3591456140874578e-22,6.53581284054566e-11,1.7799320907380296e-06,4.512582080427613e-21,3.102703738882995e-16,3.254772055358768e-29,9.32621159608034e-21,0.0,0.0,5.771493510711956e-15,3.03865238812408e-14,8.715498612222179e-22,3.3041485373062113e-15,9.221691521384435e-31,1.0442487075345186e-21,9.22285640636158e-31,1.2612139228376264e-33,1.1345548302697389e-30,2.5460886312854696e-13,1.7869001389327742e-12,4.698521033619372e-13,4.932840614753268e-24,7.323541263662779e-21,2.7486459491163912e-24,4.181910639910881e-17,4.352641247232886e-12,4.400148370713932e-24,4.71758322014548e-26
1033.9936233354333,1.8643024822677595e-08,0.00017697949426200577,1.622446434792732e-14,6.398448390358896e-15,4.182328150892146e-15,3.889860017546842e-15,1.3474097265762429e-18,4.056889100498893e-15,3.7020844088440656e-38,2.3821519438734806e-29,1.8709379172103418e-38,3.363214834549287e-19,7.909874584227881e-16,2.835904995152603e-23,1.3132930527469448e-19,2.0081676314719413e-18,5.33056983509744e-46,1.7473429401987955e-32,4.431907528889996e-26,1.7793998380389713e-32,9.308621788450339e-38,3.1563765820275854e-29,4.850255669741732e-11,8.83367237653306e-12,4.885655927441143e-12,1.1513899048461996e-11,1.3116964621938446e-27,4.356652937414987e-22,2.4705284164794513e-14,9.301168319399722e-12,3.3253269215297474e-32,2.1896922774248914e-35,1.481159468784244e-21,5.93265589453204e-22,4.2127851766965234e-22,1.5141345736793704e-21,9.19515218413746e-19,1.4748933598272133e-17,4.427388924894462e-18,3.2763790861622846e-08,3.968709870167344e-10,5.592775961643525e-11,1.0060684437564218e-11,1.3210056038032034e-09,1.198287752349696e-10,7.513217335255153e-17,9.661391823425368e-17,3.826983303149388e-16,0.0010318580393843787,0.5001222048123029,0.000625035478764697,0.24944267304152778,1.5116810456789237e-05,1.5165201774361064e-10,7.4240757305233595e-19,7.076917647787081e-18,2.457423375887329e-16,1.4389068765927699e-18,5.2244258469714516e-23,3.912301150556702e-20,1.9382282084011204e-24,1.91124873791832e-15,7.720333076313503e-08,1.4750469982422954e-07,1.1733921662035835e-17,2.157272844480634e-14,0.0,1.445253810516602e-28,2.242877526676183e-29,0.00011165859164965068,7.776003952864662e-08,1.568183450782463e-19,1.2681230591104806e-27,3.923055938892919e-10,1.953805397274504e-10,6.349768169149573e-12,9.180369450888635e-12,5.814053547740194e-12,8.527363552647036e-15,2.505952670888249e-10,1.5721381836616718e-16,9.821692526988276e-27,6.324953438023972e-20,5.745568913296482e-17,0.09990359380681592,9.617393454884717e-05,2.3374875114082416e-07,5.20199333623665e-13,2.741945868888373e-23,1.5861594168635026e-12,5.298468858959938e-12,9.321704522464516e-18,1.0028806091408771e-10,6.877018484443187e-27,3.7270071153812625e-14,2.7393342802161553e-13,1.8651041864186996e-28,2.679399437405339e-23,8.019010536377989e-17,1.786053332575956e-06,4.6994666742404246e-07,6.163823704700696e-05,4.2454082487823814e-08,3.961894828495272e-11,3.3232357053713064e-12,5.819521287650873e-12,2.2769078124845538e-23,5.4034995211401466e-08,2.803831308293413e-08,9.483464714595457e-09,2.335812944615565e-08,1.0327705466017355e-32,4.253686497867842e-12,4.087712202416805e-09,3.198060644147685e-13,6.817364976534858e-11,4.0750793939796736e-11,3.2005447270482743e-18,4.6200294322486756e-17,4.942662163212976e-13,0.00033231058189415715,2.5779977370790235e-07,8.63822219929629e-11,3.5397338957969394e-10,3.0272930506845863e-26,1.5251490473672393e-14,9.59141677897742e-18,3.631593983910012e-23,2.796445377817456e-22,1.7331943046704572e-26,8.086184526060667e-07,3.1773137736246635e-07,3.0538900653950904e-10,3.5096863090102824e-06,7.616772630642199e-23,1.2979019470484489e-22,7.231832348535033e-11,1.7799229609106578e-06,2.4067828556860134e-20,2.957800399981549e-16,1.3739695099251333e-28,2.0194192513808048e-20,0.0,0.0,7.413240587331158e-15,3.25596308539758e-14,1.3377024128977504e-21,2.4610274050464656e-15,1.3556789600047227e-30,9.163446088456308e-22,1.3548163476509712e-30,2.5259688772814108e-33,8.406227492790185e-31,9.289937444623833e-13,2.9831822437483623e-12,7.658601344226623e-13,1.0266045051871834e-23,9.18326820752048e-21,2.539833344472929e-24,9.192535894171193e-17,7.474164328666028e-12,2.202389612360265e-23,2.7229774679719532e-25
1495.2418087505669,2.7427256704167884e-08,0.00017696870979216184,2.6804580413690724e-14,5.3401918110931484e-15,4.643130122811808e-15,2.772555298394101e-15,1.7473647844085218e-18,2.160763013428498e-15,4.4227934830191135e-38,1.7805221233536644e-29,2.1789987613239546e-38,2.9333500522171494e-19,1.004967507712452e-15,7.610851024577787e-23,5.3586258690539974e-20,1.959584520175258e-18,1.9660311968108844e-45,6.942572905548056e-33,2.3482242817441178e-25,5.592823151420327e-32,6.638363545242455e-37,6.388017391674578e-29,4.430314377815141e-11,9.735856534059062e-12,3.963431144765143e-12,9.815577537430838e-12,2.0281853023188883e-27,4.004300884248968e-22,2.5009290546723942e-14,5.930887113338434e-12,6.71139518271288e-32,2.5577777918810424e-35,2.7723322142090097e-21,5.8521053558149e-22,3.760853110945823e-22,7.763020593851883e-22,6.532265005585108e-19,9.954386553125793e-18,2.148723795733911e-18,3.310152218577728e-08,3.9803177465589025e-10,1.4350847395728485e-10,1.4210302533343103e-11,3.1879962656246173e-09,1.5634416727846284e-10,2.0147450776392298e-16,8.822401328097437e-17,2.950452621703681e-16,0.0013380411933016567,0.5003445962996242,0.0009054834843592015,0.2492170509020482,1.5019484487867957e-05,9.062902879184787e-11,8.600655562916071e-19,7.49820233499539e-18,1.1789306885881966e-16,1.0015868373181901e-18,6.958510864730405e-23,3.0620228571439885e-20,1.0656233981625268e-24,2.466429910139034e-15,8.114139396765287e-08,1.301327908203721e-07,1.1946963666764094e-17,1.7234278604134088e-14,0.0,1.2193434283113402e-28,4.4202102412552633e-29,9.445241126216892e-05,5.144009982428263e-08,1.117645534494846e-19,2.6365572209871943e-27,1.4067722685388253e-10,1.6913978392102752e-10,1.2055947880384994e-11,1.0968566518003085e-11,5.976622279164686e-12,9.674746664098923e-15,2.451703254097069e-10,1.6653764873198766e-16,2.6793835629010307e-26,7.087595606527223e-20,3.428545579042021e-17,0.09986074605551142,0.00013902419013690334,2.312444676467299e-07,7.223436838864847e-13,6.038700418651972e-23,2.6179768051701792e-12,3.2768229532688787e-12,8.473629852266291e-18,1.1212789909932404e-10,1.653799029748095e-26,4.181724159441144e-14,3.091687359326832e-13,2.592030384706338e-28,2.0534069887013946e-23,8.81216746435918e-17,1.5970536965880932e-06,6.589463034119063e-07,6.161974368310588e-05,4.2634310132561354e-08,6.565949942379736e-11,2.9950441157836357e-12,3.854936857843781e-12,1.5052968509217602e-22,7.950922164007564e-08,2.7262135638627872e-08,1.0280064386552387e-08,1.780186973119878e-08,1.606324586391708e-32,3.2708394093497088e-12,2.272607095666987e-09,1.341032304961648e-13,1.1900253359295035e-10,3.469604991250672e-11,8.297085911757914e-18,1.0186771274521095e-16,6.450909890970122e-13,0.0003319907179227214,2.9844382667989204e-07,1.6649776736488248e-10,2.8823262731876733e-10,7.501648446622409e-26,2.381299683191137e-14,4.359605884937203e-17,5.1344400542312723e-23,1.2366715564369066e-22,1.8134361411491826e-26,1.1016197008617712e-06,3.4171839850071996e-07,4.618974242872478e-10,3.5095282985410287e-06,1.2773284373155054e-22,1.0248069179110642e-22,8.095086825079133e-11,1.779912685568004e-06,6.253717897495575e-20,2.0825164081687975e-16,3.0942456234934482e-28,1.9706983490647402e-20,0.0,0.0,8.666954609728889e-15,2.990763087316662e-14,1.5436543348495752e-21,1.8589428411611055e-15,1.2857060751489373e-30,6.489410667941469e-22,1.2823199200784136e-30,2.907960719886843e-33,4.494882834172097e-31,1.955218755534306e-12,3.6099604242014887e-12,7.577426915830269e-13,1.8490280597175392e-23,1.0244717403463478e-20,2.2319360589307293e-24,1.6373160009235356e-16,8.78993152109996e-12,6.719773497548826e-23,8.809622182081006e-25
2162.245507301719,4.035765905421258e-08,0.0001769531271335999,3.238823745207111e-14,4.141157581747316e-15,3.416721503363329e-15,1.7843300306200115e-15,1.3627934371441276e-18,1.0027301985432605e-15,3.3298047189469594e-38,8.977010390658185e-30,1.7532494901946012e-38,1.4822449692351925e-19,6.940426798563692e-16,7.893307717640539e-23,1.7517926719945426e-20,1.0932728835098314e-18,4.753803001961016e-45,1.1645194357796452e-33,4.4666507147033935e-25,6.694178282987741e-32,2.1248207623824927e-36,3.0296358454435377e-29,3.9088082600415066e-11,9.635325125187961e-12,3.082721228228395e-12,7.915811984267662e-12,2.108654677912786e-27,2.3857346732072347e-22,2.1702745397838612e-14,3.53831712862363e-12,8.350965425878701e-32,1.561872776096067e-35,2.1660540032485742e-21,2.7496834568383586e-22,2.1483219001016996e-22,2.9927958542908064e-22,3.6776912980486957e-19,4.607918662211704e-18,9.33722523840269e-19,3.3235995082996274e-08,4.021883992128262e-10,2.570799645523958e-10,1.6066600033853508e-11,5.804583985268417e-09,1.699368796738464e-10,2.9998973500265355e-16,6.389524540872917e-17,2.1043185172214907e-16,0.0017773086038398458,0.5006725834210239,0.0013099148095041726,0.24889173002769485,1.4882171521272314e-05,5.7550776227267815e-11,7.938591678599846e-19,6.344701916461777e-18,5.2211186869998946e-17,5.243491978802811e-19,7.184231607763451e-23,1.9922350159589848e-20,4.476776352987236e-25,1.4463369790102487e-15,7.045847823503797e-08,1.1108822998661899e-07,1.2127677561602894e-17,1.3445979924612516e-14,0.0,8.061145154383687e-29,5.93607084527283e-29,6.725194964354559e-05,3.2421677144392876e-08,6.735238984294635e-20,2.072492049128127e-27,5.884421075675443e-11,1.454215308068324e-10,1.2537682510149974e-11,9.659770793332132e-12,3.992873774719679e-12,6.709719870425596e-15,1.773800840034476e-10,1.0679241110832076e-16,4.984549162397664e-26,6.362919790011716e-20,1.87397383022584e-17,0.09979884708204172,0.00020092667142120095,2.2773665312897888e-07,6.488325126580204e-13,6.828749427735451e-23,2.7624490951086364e-12,1.950557477209784e-12,6.794340300665018e-18,9.994413178589967e-11,1.987942336546691e-26,4.420797826426812e-14,2.589223650136961e-13,2.657668639852511e-28,1.5443294546912954e-23,8.35293344565352e-17,1.3485512478550304e-06,9.074487521449702e-07,6.161005169399066e-05,4.2749843098883965e-08,9.763375746720592e-11,2.5997091744546157e-12,2.4374143544583002e-12,4.0960151347352154e-22,9.776233598245898e-08,2.6120359847584713e-08,8.381510634251855e-09,1.3015022570123184e-08,1.2825715314697302e-32,1.743767667480693e-12,1.2048963687932605e-09,5.25675614828669e-14,1.7265432729909682e-10,2.9225703619309414e-11,1.2723317577556066e-17,1.8644944279945005e-16,6.181909369804016e-13,0.0003317589774702073,3.572016056227813e-07,2.516174561564026e-10,2.3109758046751406e-10,1.2290802259767086e-25,2.3968686735125137e-14,1.1014789002552537e-16,4.5694535332794103e-23,4.965152882426085e-23,9.104749780977769e-27,1.2921296122134103e-06,3.702844772183795e-07,6.730037082069554e-10,3.50931811468927e-06,1.8761624446101064e-22,7.871915608397332e-23,9.188705005393299e-11,1.7799015003697149e-06,8.59296180978328e-20,1.3416476454367665e-16,3.673215666396553e-28,1.0995343165646791e-20,0.0,0.0,9.319146332845297e-15,2.3999895597542725e-14,1.3367259250992747e-21,1.383626313347272e-15,8.176050230814294e-31,3.8349599683192096e-22,8.122909980883228e-31,2.0992206972391015e-33,1.9208208784725414e-31,2.583515264449543e-12,3.451855868898279e-12,5.423721575944357e-13,2.964242671923807e-23,1.026132836574605e-20,1.8176034354223132e-24,2.502290524283403e-16,7.946002909118565e-12,1.3710094082574486e-22,1.809521396175933e-24
3126.7889959237978,5.9217531464521465e-08,0.00017693171633776538,2.8463013220696605e-14,2.9274721840721897e-15,1.871184253245157e-15,1.0157920872639021e-15,7.473234569685778e-19,4.070203618596563e-16,1.7274896833148113e-38,3.595014690992602e-30,9.775358212216306e-39,5.87444495505079e-20,3.4311926194481747e-16,4.0463845291676227e-23,5.011505231670531e-21,4.3083986472572967e-19,8.404153440515712e-45,1.4220804046432923e-34,3.444160848142948e-25,3.580594834545614e-32,3.777893547315798e-36,5.9898036062811184e-30,3.3984427982349587e-11,9.158332464400826e-12,2.290538828755985e-12,6.094211584492624e-12,1.5178310604407323e-27,9.941048361909945e-23,1.6028148815399276e-14,1.969028332764959e-12,8.775039685548954e-32,5.511113491271844e-36,8.539172050535176e-22,7.616068000667463e-23,8.53643396101346e-23,9.353814663865678e-23,1.7689946570680732e-19,1.666964838563181e-18,3.66039398883829e-19,3.3299582253062726e-08,4.0634455277596687e-10,3.303354482296962e-10,1.4757519402509112e-11,8.411200969791119e-09,1.5768943909315514e-10,2.753546847532166e-16,4.189548611690574e-17,1.4292308172923253e-16,0.00242759283491324,0.5011083725641307,0.0018923645049463908,0.248415394697201,1.4683451065996684e-05,3.462967097508959e-11,5.947013831490485e-19,4.450011900499056e-18,2.0929336664633533e-17,2.270149606211606e-19,5.95992820828111e-23,1.0706248119397711e-20,1.561326918465752e-25,5.007688977987074e-16,5.464386704630188e-08,9.427404345448499e-08,1.2214829625406946e-17,1.0157814847335944e-14,0.0,4.4193103754193994e-29,5.586743723830148e-29,4.553857896906567e-05,1.9880571985464098e-08,3.616676974537248e-20,8.885011528361646e-28,3.8446031776085295e-11,1.2099749141009126e-10,8.597917703340493e-12,6.65783117178865e-12,1.9874540195090687e-12,3.209298034418369e-15,1.0584397122378983e-10,4.8273463398706013e-17,6.565077794503586e-26,4.7079054666857617e-20,9.53971577858017e-18,0.09970947875683507,0.000290300030292611,2.2270298833192237e-07,4.424616684544269e-13,4.971709209616006e-23,1.95834424005853e-12,1.1278941995434597e-12,4.862484466099667e-18,7.503113009237747e-11,1.57655090979942e-26,4.519124244671869e-14,1.8876001485825634e-13,2.040197055319503e-28,1.1279596023691926e-23,7.324672649606692e-17,1.0395702793100766e-06,1.2164297206899241e-06,6.161481598195202e-05,4.290440827145452e-08,1.3403546966332735e-10,2.1477234604592792e-12,1.4420551249729527e-12,5.334471197064895e-22,1.0171135127539135e-07,2.4508817113909897e-08,5.5501086733500216e-09,9.03944634204011e-09,6.145779619293783e-33,7.402600830532203e-13,5.990545249518828e-10,1.888122896315403e-14,2.042946655700328e-10,2.4189296616069522e-11,1.1448534322626964e-17,2.819765054157634e-16,4.720705272624236e-13,0.0003316261940777526,4.420207554146577e-07,3.011844210638885e-10,1.8678449774033523e-10,1.142725581426108e-25,1.7922125146299338e-14,1.629169203392656e-16,3.1191691826245663e-23,1.8375058838796685e-23,3.289527752964733e-27,1.3409190148685811e-06,4.1209893246678835e-07,9.525857935059639e-10,3.509040679190444e-06,2.4747355567108684e-22,5.949490106144781e-23,1.0735442597701842e-10,1.779887211822147e-06,6.943221602155891e-20,8.390834045658675e-17,2.5966923145600305e-28,4.333273113387804e-21,0.0,0.0,9.287692989941655e-15,1.8667329025739653e-14,9.80077971319893e-22,1.0049352757053775e-15,4.060789843567351e-31,2.136485295508543e-22,4.012710167125458e-31,1.1437672217121476e-33,7.571202215728257e-32,2.3359773998055867e-12,2.756313175392539e-12,3.124173512613995e-13,4.198980918629195e-23,9.250296403100831e-21,1.357836856925563e-24,3.4263721352759047e-16,6.01792705463981e-12,2.0475149762001974e-22,2.6419814945692385e-24
4521.600064384307,8.622832723631991e-08,0.00017690330296587806,1.7843196917922975e-14,1.9013988390818703e-15,8.412940817370598e-16,5.195851176868815e-16,3.2751643479709056e-19,1.4708877658248033e-16,6.847796612918624e-39,1.3698719383677412e-30,4.1112623051696736e-39,2.0426988235679337e-20,1.332102099222372e-16,1.201893087831193e-23,1.2726874107651381e-21,1.368891220084556e-19,1.1865785104780922e-44,1.5558883135189408e-35,1.1999321243572487e-25,9.974285112668845e-33,4.7149619504165246e-36,7.06032053188044e-31,2.9715702590776835e-11,8.65112301476243e-12,1.650684223985144e-12,4.5443767515116906e-12,8.133220233840319e-28,3.520385103920638e-23,1.045823566090955e-14,1.0451011033102184e-12,8.807259314409795e-32,1.4965940961549595e-36,2.185956684979629e-22,1.4717995975298327e-23,2.897001361994424e-23,2.6454533452033884e-23,8.127287605501798e-20,5.285998907896224e-19,1.359740061660513e-19,3.334178212355343e-08,4.116724209725285e-10,3.0693526700393895e-10,1.1049824008077711e-11,9.95842432177196e-09,1.3077122491413985e-10,1.7128036754813898e-16,2.66017905110563e-17,9.497541685238975e-17,0.003379264859309583,0.5017038993496203,0.0027294748741146647,0.24772120078031346,1.440106221648364e-05,1.9897636748266987e-11,3.815347013309997e-19,2.736280832283614e-18,7.88352357142413e-18,9.02207865776961e-20,4.2238113856721457e-23,4.991041487043237e-21,5.114665981277058e-26,1.2773971254632993e-16,4.081331792135314e-08,7.962011947635605e-08,1.2151529430719963e-17,7.480215368216446e-15,0.0,2.2574668387831755e-29,3.9827987089681024e-29,3.1013651385148744e-05,1.1955361055121755e-08,1.8606654809347473e-20,2.497717703249677e-28,2.9005428676971702e-11,9.764239004873909e-11,4.394322835015976e-12,3.694833666544965e-12,7.806125497594e-13,1.203584329341275e-15,5.6508779571799895e-11,1.7746978483336085e-17,6.274784303444831e-26,3.026150934639654e-20,4.665730380878548e-18,0.09958057973452795,0.0004192061299791925,2.1562560892644182e-07,2.418198108924825e-13,2.641933789733955e-23,1.0395037362856372e-12,6.391861721087665e-13,3.1933334414224317e-18,5.024392643302785e-11,1.0210863664745046e-26,4.512272665579406e-14,1.3315318005574493e-13,1.3747525519624651e-28,8.013470128143476e-24,6.187182242845045e-17,6.90280078580829e-07,1.5657199214191702e-06,6.163457017550754e-05,4.309705136998383e-08,1.6920682840809437e-10,1.6715554181813519e-12,7.942416968622234e-13,3.4686620396676853e-22,8.970092903344327e-08,2.2291983008858823e-08,3.219288741503226e-09,5.9537707886457e-09,2.1252721798237786e-33,2.8689966250378903e-13,2.793154409092984e-10,6.259609794525773e-15,1.9529331766315737e-10,1.9480715889117764e-11,6.397196240788549e-18,3.3904937718248045e-16,2.975333114524999e-13,0.0003315348951249738,5.641346821317441e-07,2.98541278456179e-10,1.5164182038822489e-10,5.886431159238177e-26,1.1074556430403683e-14,1.522085590245061e-16,1.871298827369269e-23,6.484938036829596e-24,1.082594475034616e-27,1.289607117186725e-06,4.6765362445382246e-07,1.330851892931416e-09,3.508664536782066e-06,2.910101932823165e-22,4.4063951301858247e-23,1.3102689294725216e-10,1.7798652148489148e-06,3.4165760961588456e-20,5.22148775638144e-17,1.3268642208255865e-28,1.3768192503814864e-21,0.0,0.0,8.73115605767343e-15,1.471768196977493e-14,7.135381200888561e-22,7.173843718175168e-16,1.9794297718948756e-31,1.1940859438318028e-22,1.9440523383855123e-31,6.003237525373342e-34,2.9799079638118666e-32,1.606359436992626e-12,1.9686444875148385e-12,1.590357336265378e-13,5.288278015001717e-23,7.61720381877646e-21,9.65626089411677e-25,4.387497431035702e-16,4.1270542452310876e-12,2.5096806257867367e-22,3.1351669170252105e-24
6538.614268149506,1.2454529563210325e-07,0.0001768654192726175,8.422714157876725e-15,1.1836343543541484e-15,3.4951666312600167e-16,2.4965736031724626e-16,1.3165812006578255e-19,4.976000650183653e-17,2.4217606537061703e-39,5.304833361860854e-31,1.5301966352500555e-39,6.720338288631736e-21,4.275447818639128e-17,2.3221627944781848e-24,3.02257147164849e-22,4.0002387941817553e-20,1.455736090915607e-44,1.636281686785592e-36,2.2257269090682023e-26,1.8237127355175926e-33,5.023215184518428e-36,6.305367453616036e-32,2.6206274296608974e-11,8.078624677226356e-12,1.1594857245151895e-12,3.3044952138577895e-12,3.7775823452257233e-28,1.2067323415365539e-23,6.4547959011379475e-15,5.360685967468e-13,8.685060306070583e-32,3.982866815028256e-37,4.24778317627163e-23,2.1853385798388033e-24,9.421923295269876e-24,7.000783936185082e-24,3.7106896894764573e-20,1.569475605954938e-19,4.8854961552579667e-20,3.3371693566713456e-08,4.1896789766910456e-10,2.0788187031993546e-10,6.918368303983652e-12,9.716318085591989e-09,1.0178269680229174e-10,8.649651636675258e-17,1.65724959690034e-17,6.232765954452295e-17,0.004754495249395394,0.5025483117420173,0.003928970024405563,0.24671465923323682,1.400911515954956e-05,1.1039093278575919e-11,2.2886234007489217e-19,1.5748406255423094e-18,2.8567035131679226e-18,3.384293368520288e-20,2.82221544798236e-23,2.1816511936811588e-21,1.6519792360831503e-26,2.8482251967920867e-17,2.973526497391452e-08,6.63745290370858e-08,1.1900260191664756e-17,5.4106880547502434e-15,0.0,1.1062197012659478e-29,2.423326694543151e-29,2.1040879984581275e-05,7.032490138551411e-09,9.289556249548712e-21,5.321737713477906e-29,2.1513228218308516e-11,7.678621412053874e-11,1.7996797198446048e-12,1.7066338890064346e-12,2.5304508725344263e-13,3.9212509447549e-16,2.8330606683800956e-11,5.902043150918689e-18,4.4451555899906865e-26,1.83959283363281e-20,2.224164100075235e-18,0.09939499324031151,0.0006048023035581147,2.059462464690369e-07,1.100835881588398e-13,1.1309151480232318e-23,4.860356554362874e-13,3.5632528453101943e-13,1.959579278110406e-18,3.101798101950766e-11,6.10917663745858e-27,4.404179735863991e-14,9.16107910646232e-14,8.863746719764431e-29,5.5576743760844836e-24,5.081374276560201e-17,3.565449764037972e-07,1.8994550235962002e-06,6.166221633967329e-05,4.3320680105940117e-08,1.9259003439201003e-10,1.2214757371649225e-12,4.0808191499269414e-13,1.1564104217439754e-22,6.857641833106346e-08,1.951085405746147e-08,1.7492808262754292e-09,3.72206827499237e-09,6.354030951792088e-34,1.075667721506282e-13,1.2280114511663437e-10,1.9389008423473734e-15,1.5798411404119785e-10,1.535147662124679e-11,2.739718299867168e-18,3.210938181865891e-16,1.6076911841080582e-13,0.00033140662840369764,7.393875753224903e-07,2.6748491054480937e-10,1.2268776851649863e-10,1.7784891069338633e-26,6.206059036991085e-15,9.72525105159478e-17,1.0637631325962528e-23,2.230641766493063e-24,3.5250821830845143e-28,1.206180559052176e-06,5.338240693309999e-07,1.848745694717675e-09,3.5081482220769865e-06,3.0320390670248594e-22,3.189332510436757e-23,1.6830524521313368e-10,1.7798292819936811e-06,1.187466885925243e-20,3.256455489040665e-17,6.207292435532385e-29,4.023295321781598e-22,0.0,0.0,7.903824650430911e-15,1.1653719410519226e-14,5.2712691506767315e-22,5.068461067308286e-16,1.000736117524404e-31,6.65848786973228e-23,9.748525217273593e-32,3.213510760358699e-34,1.1663146997718939e-32,9.75291436269233e-13,1.340593063788475e-12,7.677963463048426e-14,6.099866340737455e-23,5.844649119825301e-21,6.69619146035076e-25,5.448350533934486e-16,2.7293841370877633e-12,2.8129154200539844e-22,3.4071833877713796e-24
9455.38657529853,1.7980577786406575e-07,0.0001768122272571388,3.6907904815626105e-15,7.421903713844001e-16,1.445303162378303e-16,1.179409948916521e-16,5.287020140049766e-20,1.6534910419428448e-17,8.333579706969631e-40,2.055238450933476e-31,5.493309540399993e-40,2.2200898406273393e-21,1.1962096105225743e-17,3.2982851093072323e-25,7.050388222858947e-23,1.1632788265030479e-20,1.6513218319773432e-44,1.6977568499848584e-37,3.0686793651859407e-27,3.0529549981023453e-34,5.096742326109756e-36,4.988362309517033e-33,2.3279343853352903e-11,7.48119895812034e-12,7.964046845700572e-13,2.3598548881267495e-12,1.7212534162820492e-28,3.984071255260275e-24,3.90225109343114e-15,2.685732435958026e-13,8.40679174526531e-32,1.0342315702060768e-37,6.832162920510819e-24,2.6871872807750484e-25,2.8928184589074147e-24,1.730791715175824e-24,1.6694789062527973e-20,4.50292866741941e-20,1.715171148012688e-20,3.33901120099771e-08,4.291865988919238e-10,1.0895959320528947e-10,3.817731746639557e-12,7.811347375346672e-09,7.58550262512463e-11,4.1484204811117196e-17,1.0082711533800387e-17,4.053202708019198e-17,0.006724811450850391,0.5037701379502251,0.005639910237194797,0.2452592403764911,1.3477950584127409e-05,5.974610351956216e-12,1.3456193925662726e-19,8.746808264502762e-19,1.010622544166691e-18,1.192386763116959e-20,1.8659269262137393e-23,9.306571674898539e-22,5.2428934855397644e-27,5.92261722313062e-18,2.07938443260046e-08,5.424435320356383e-08,1.1433480197766675e-17,3.865188564676375e-15,0.0,5.222886570081786e-30,1.3464466780435125e-29,1.412211518754749e-05,4.032700052210742e-09,4.51899496062686e-21,9.59141950493738e-30,1.5491451389675992e-11,5.923532938919473e-11,6.268077615321353e-13,6.881111150281795e-13,7.133003453249726e-14,1.3459835151185124e-16,1.356199919826855e-11,1.8476037050013542e-18,2.3941340483110553e-26,1.1050898904843896e-20,1.0407656064654978e-18,0.09912865289849901,0.00087115549326951,1.9309834750978002e-07,4.378615293137693e-14,4.221233072617213e-24,2.139226345908504e-13,1.9577514771355313e-13,1.131392148767267e-18,1.7794212459356283e-11,3.533630809206471e-27,4.193796671786833e-14,6.124261553809677e-14,5.489774824491263e-29,3.766768708492947e-24,4.0378758995892577e-17,1.2004960926715676e-07,2.135950390732839e-06,6.168849669770141e-05,4.359557474848412e-08,1.9111623450560026e-10,8.404880480578853e-13,1.965913369293501e-13,2.259329061173682e-23,4.7688384316663975e-08,1.64171543660091e-08,9.046662760208609e-10,2.2170767622911187e-09,1.7546749848490662e-34,3.874088094903937e-14,5.123103598940365e-11,5.667729142101178e-16,1.1819357369800558e-10,1.1979174449055318e-11,1.0865362994512301e-18,2.536978190603689e-16,7.873127251910282e-14,0.00033119943101257606,9.899084112246553e-07,2.3083981629224529e-10,9.829066836373235e-11,4.1267760768987754e-27,3.364109696020063e-15,4.662719711871873e-17,5.846991027537158e-24,7.565510458472793e-25,1.1635249537669547e-28,1.1169222894289615e-06,6.059566974495825e-07,2.545769906562998e-09,3.507452261249355e-06,2.857341223435104e-22,2.2538155120445263e-23,2.2599199594768334e-10,1.7797724915608963e-06,4.5909799944902176e-21,2.0380373223836113e-17,3.033990645802797e-29,1.1698782639757168e-22,0.0,0.0,6.949889427823892e-15,9.160248859520455e-15,3.8484449608133936e-22,3.5587198238328767e-16,5.064908190160922e-32,3.6691977565981725e-23,4.880572939824921e-32,1.6916144024581985e-34,4.4978400788124595e-33,5.701938038724014e-13,8.936842021188109e-13,3.60787511697393e-14,6.622152772757992e-23,4.218229869693353e-21,4.5570705012267795e-25,6.611778578411614e-16,1.7820475439205168e-12,2.991676145515207e-22,3.5320189995977674e-24
13673.284830982668,2.6089334454363e-07,0.00017673384105976035,1.729553650025381e-15,4.71460384269389e-16,5.954889180285881e-17,5.5264737382146283e-17,2.125061276100416e-20,5.4505414999577414e-18,2.7847032582675124e-40,7.830005568989196e-32,1.8941418059849096e-40,7.363850017722356e-22,3.0447630517006007e-18,3.785023582480405e-26,1.6336594189569556e-23,3.3764132685211634e-21,1.7904517491225667e-44,1.7373131290948143e-38,4.068114969701465e-28,5.559726255319943e-35,5.110542601331533e-36,3.756307122921375e-34,2.075835108378503e-11,6.899710885350185e-12,5.362635338640611e-13,1.6652066242455303e-12,7.727114110039798e-29,1.2446902124920193e-24,2.3053468147226176e-15,1.3256301572209953e-13,7.864759125924265e-32,2.52737027703246e-38,9.602502713817103e-25,2.8938854511755096e-26,8.230288886016515e-25,3.997869666880839e-25,7.344262491364324e-21,1.2438791117394425e-20,5.929177930432003e-21,3.3397095623818026e-08,4.436789038760665e-10,4.982100247799167e-11,1.938547976439373e-12,5.214028746328413e-09,5.370125879331995e-11,1.8100206446071576e-17,5.961620187069645e-18,2.6150609886810014e-17,0.009522870344000468,0.5055630290857582,0.008063097947983185,0.24315913393583286,1.2778746517527365e-05,3.1875519554069767e-12,7.731978054974583e-20,4.659018356352264e-19,3.524529068312524e-19,3.936711926016688e-21,1.2014462109804675e-23,3.8783502293805756e-22,1.6265061710505767e-27,1.137330710441274e-18,1.3793536358062435e-08,4.321934586422509e-08,1.0735541087574422e-17,2.738387772230138e-15,0.0,2.37134902893332e-30,6.811907400536138e-30,9.33785584545658e-06,2.247600846117093e-09,2.1481841023475485e-21,1.5610653182562416e-30,1.0857363479482672e-11,4.5180556870866306e-11,1.9401327295941573e-13,2.5223440125925217e-13,1.825236786411563e-14,6.358293828244733e-17,6.185864541925606e-12,5.383450991995222e-19,1.0349081637028219e-26,6.551317931141082e-21,4.802085059854765e-19,0.09874872839475951,0.0012510964228482722,1.766725081250983e-07,1.583078553788275e-14,1.4318244454821997e-24,8.795892470588704e-14,1.0593772852792647e-13,6.163689978470815e-19,9.440748992512185e-12,1.923955608366393e-27,3.885519343852304e-14,3.954810924061207e-14,3.2276120694858205e-29,2.494076154887267e-24,3.0754250758128455e-17,2.137116636456958e-08,2.234628833635423e-06,6.170920947335804e-05,4.396693227952749e-08,1.561331946463982e-10,5.44434231321249e-13,8.880885104593089e-14,3.3359470722619e-24,3.131425429637642e-08,1.3318983032882932e-08,4.4323765470262677e-10,1.266184410008998e-09,4.416494846393913e-35,1.332744896236913e-14,2.044690170976719e-11,1.580081025103072e-16,8.521728056740073e-11,9.254017534712479e-12,4.0413206975547165e-19,1.7907188370765705e-16,3.642662586510494e-14,0.00033090055505689933,1.3458988951644648e-06,1.9122460425147318e-10,7.748035375481893e-11,1.2285487121031502e-27,1.7544247102352838e-15,1.8863075271967163e-17,3.06138718229695e-24,2.5445224538359205e-25,3.8486711764335726e-29,1.0109777824296162e-06,6.773902945297397e-07,3.448722206849569e-09,3.50655002169049e-06,2.525106414181068e-22,1.56148566558188e-23,3.1094889125407665e-10,1.77968812361107e-06,2.5923416477039926e-21,1.278949573547803e-17,1.5211312428697378e-29,3.394898435266385e-23,0.0,0.0,5.9306328380006314e-15,7.066771374691916e-15,2.716141796465911e-22,2.4902083783848966e-16,2.497148538253381e-32,1.9792967017098492e-23,2.3738362856704283e-32,8.537821053947361e-35,1.6948042958640393e-33,3.190520780559265e-13,5.787905373245115e-13,1.6395839814185757e-14,6.781102010996373e-23,2.869364023393918e-21,3.040427949518929e-25,7.684406960858665e-16,1.1375121248474872e-12,2.917698277714279e-22,3.375913411789164e-24
19772.720721709713,3.780606751200504e-07,0.00017661893870178164,8.37675375447806e-16,2.997387034868556e-16,2.398879174933776e-17,2.5574108681793193e-17,8.37263377688668e-21,1.777173287543847e-18,8.873269060654407e-41,2.8902179118892233e-32,6.191599623361453e-41,2.3990269320733344e-22,7.188067069759651e-19,3.647712682024684e-27,3.759068525738984e-24,9.62295308987179e-22,1.8859864114360757e-44,1.7629298289496857e-39,5.099308632713766e-29,1.0378639376003819e-35,5.107700185013292e-36,2.7961348470636364e-35,1.845537872842617e-11,6.3072378542992475e-12,3.5425654943598694e-13,1.165563755239957e-12,3.31661740752673e-29,3.6600274881417353e-25,1.3237175678407684e-15,6.485887689397603e-14,6.870219214195857e-32,5.7035662506643755e-39,1.2018756729690333e-25,2.803282456419855e-27,2.1585623888871915e-25,8.677402528093639e-26,3.1463182476969136e-21,3.2916805470284793e-21,2.0320221453899156e-21,3.339214911155241e-08,4.64346378893873e-10,2.143697619186476e-11,9.197172413952414e-13,3.008573017904659e-09,3.587000660737201e-11,6.836656343201577e-18,3.4094370958692618e-18,1.6716176928931047e-17,0.01344795094771796,0.5082291189208304,0.011456157770559984,0.24013542429821041,1.1892180314937664e-05,1.6951129322898635e-12,4.3037384795195934e-20,2.35840465115062e-19,1.2208120978670514e-19,1.2221703579564064e-21,7.366578138633044e-24,1.575887158093215e-22,4.926696271612852e-28,2.0058592861726214e-19,8.645660160145086e-09,3.3486713760580455e-08,9.813375460969804e-18,1.931177674425285e-15,0.0,1.0358360983878494e-30,3.104732906684909e-30,6.063625940195881e-06,1.2172827419374735e-09,1.0025452065471984e-21,2.352903440495511e-31,7.436349775006087e-12,3.437304684630197e-11,5.4297366247885826e-14,8.561935426870643e-14,4.3259963117617e-15,3.6816498436366236e-17,2.6890382790798957e-12,1.4452953802135457e-19,3.951926894679806e-27,3.812371684142671e-21,2.189669925830591e-19,0.09821299744806854,0.001786847365466185,1.5667658113314583e-07,5.288390276919741e-15,4.479888232151087e-25,3.3592251901344674e-14,5.645984910121679e-14,3.1794752870517975e-19,4.633732988112071e-12,9.548821602717458e-28,3.493186404144004e-14,2.456876119586266e-14,1.7868062043163897e-29,1.6128464770480994e-24,2.231139640332115e-17,5.361009992166095e-09,2.25063899000783e-06,6.172426506983122e-05,4.449644561006692e-08,9.537287833619e-11,3.2812601021170147e-13,3.719148085156618e-14,4.348733631474032e-25,1.9582125121857015e-08,1.0464523534876421e-08,2.0561478859142294e-10,6.98463100122368e-10,9.987569282477365e-36,4.367580700222443e-15,7.880194006683043e-12,4.24988051110419e-17,5.873885673125645e-11,7.045648407112477e-12,1.3857341381893808e-19,1.151456712268975e-16,1.6112305351354257e-14,0.00033048336543731394,1.8468266709299823e-06,1.491809451746503e-10,5.989091892642578e-11,4.867123994049297e-28,8.610173960653179e-16,6.890883214049975e-18,1.4985710345768341e-24,8.500757769480886e-26,1.2528143192300856e-29,8.819963835967906e-07,7.409248265431324e-07,4.562164469986245e-09,3.505437054730135e-06,2.119963677525294e-22,1.0624516885944455e-23,4.287836756896976e-10,1.7795706699337724e-06,1.932264975349081e-21,8.021525922925827e-18,7.394284083952713e-30,9.671605793334513e-24,0.0,0.0,4.906682106774717e-15,5.31758475502091e-15,1.8287020098243858e-22,1.7409117461875207e-16,1.1818150070551339e-32,1.0408764160293242e-23,1.1057114631288644e-32,4.083779850068978e-35,6.224216561583615e-34,1.6797294169959382e-13,3.608532124734979e-13,7.157997591016749e-15,6.507809915900984e-23,1.847938678534203e-21,1.9862057892589442e-25,8.370256046945641e-16,7.022508075955349e-13,2.5093425381028564e-22,2.8590871027493597e-24
28593.018398390996,5.413356403158238e-07,0.00017645710512197702,4.0823468370244946e-16,1.8965931542845384e-16,9.406635221595366e-18,1.1711966379026788e-17,3.2253137093837206e-21,5.757932817582826e-19,2.6773650570970097e-41,1.0232166841439628e-32,1.9191538337821083e-41,7.613864103748123e-23,1.6079453020479572e-19,3.0767974521858048e-28,8.667203153651167e-25,2.692945548963214e-22,1.947864528164534e-44,1.8397459276863765e-40,5.925881202136396e-30,1.9154320706625095e-36,5.09751801577262e-36,2.1534842623323586e-36,1.6234025211888807e-11,5.668652747535696e-12,2.3000790404976475e-13,8.122595747871362e-13,1.3387631511237586e-29,1.0185212671440648e-25,7.393093733613399e-16,3.166207355102964e-14,5.226266960707801e-32,1.1842648333911856e-39,1.3687520588872582e-26,2.5190161959566223e-28,5.261058631524642e-26,1.796159164392785e-26,1.3133931989001167e-21,8.379031514267316e-22,6.96402508344982e-22,3.3373933228123555e-08,4.938109785756769e-10,8.82404891958464e-12,4.137907096490094e-13,1.601037364486945e-09,2.2689100058840716e-11,2.301433843599076e-18,1.8850779811476585e-18,1.057828102236284e-17,0.01884626876847683,0.5122578973757369,0.016118370014528892,0.2357943819214691,1.0821144322896304e-05,9.098483855145653e-13,2.316108500776789e-20,1.1339530150225803e-19,4.241265653914969e-20,3.6107975103310876e-22,4.2531764946345616e-24,6.277476940950586e-23,1.464780404682463e-28,3.2877242035564834e-20,5.138841697918867e-09,2.526179491075121e-08,8.70907831859484e-18,1.3609761520310295e-15,0.0,4.383161538782711e-31,1.2797641753401086e-30,3.860302151073421e-06,6.432582436153398e-10,4.633463905557526e-22,3.3337537586096166e-32,5.008043272545643e-12,2.6337901642656916e-11,1.4014137334854954e-14,2.744532289716981e-14,9.708110506430267e-16,2.1398903616216657e-17,1.1239767836649754e-12,3.604830410281994e-20,1.4287243006963898e-27,2.178179874682788e-21,9.906668996413885e-20,0.09747418619884149,0.0025256814530203384,1.3383825388205694e-07,1.6605376332884083e-15,1.3238360776658154e-25,1.200832837396884e-14,2.9761884207760876e-14,1.5678363699987252e-19,2.1267051793881826e-12,4.26452294764841e-28,3.042547773019427e-14,1.4686944703527637e-14,9.316054201949341e-30,1.020604033828007e-24,1.541273679734274e-17,5.387628812519732e-09,2.250612371187479e-06,6.173435762613948e-05,4.5276914997182906e-08,3.905926013640152e-11,1.8358582429183017e-13,1.4453668034895205e-14,5.1681896275567695e-26,1.1737272087872161e-08,8.026145382771411e-09,9.101985506785872e-11,3.763997562820203e-10,2.0375454914334728e-36,1.3711861649940396e-15,2.9739791764932385e-12,1.1216156960754637e-17,3.8512171478683124e-11,5.288989652723293e-12,4.3882241203152123e-20,6.805890064320254e-17,6.8880870965234916e-15,0.00032989872910566475,2.5400122051627463e-06,1.0889824087741051e-10,4.545517943110911e-11,1.927904881150413e-28,3.943712552170999e-16,2.2968070784901055e-18,6.825405709987034e-25,2.8331260469970697e-26,3.972917647474906e-30,7.376998236414611e-07,7.905347201742574e-07,5.856290103979033e-09,3.5041432365771837e-06,1.6886049394990043e-22,7.097201796301234e-24,5.842233378291674e-10,1.77941546577039e-06,1.6198099983329667e-21,5.0151585529180856e-18,3.4074358450933995e-30,2.704244608085677e-24,0.0,0.0,3.943316230922985e-15,3.918762588148607e-15,1.1744294648131695e-22,1.219533215380404e-16,5.3702735523649296e-33,5.372732375657067e-24,4.9374813435035065e-33,1.8580966590922503e-35,2.2489402457691476e-34,8.319362979274862e-14,2.1669574459715843e-13,3.013354025312341e-15,5.862462361593562e-23,1.1380815129215839e-21,1.2722076482621183e-25,8.433543941164617e-16,4.1900909706285106e-13,1.8676277899207845e-22,2.1038743272548226e-24
41347.91122766806,7.595480595379621e-07,0.00017623969462021887,2.0015606323535282e-16,1.1957737319136846e-16,3.630340167220568e-18,5.363003996042043e-18,1.2373197627034994e-21,1.8809786756318986e-19,7.72351751044706e-42,3.478261366347426e-33,5.733246951792722e-42,2.378267997849992e-23,3.53356323211178e-20,2.440207112256329e-29,2.0463431993409228e-25,7.536212972950945e-23,1.985314211690747e-44,2.042987197980903e-41,6.5931128886567e-31,3.5493521335903936e-37,5.081203164952271e-36,1.8113805428178549e-37,1.4046679068403946e-11,4.991270785245444e-12,1.4776184513424752e-13,5.6685689517402e-13,5.092607775522683e-30,2.731564079534786e-26,4.0505332242588434e-16,1.557982512960175e-14,3.0223420629520703e-32,2.299514388022154e-40,1.4843436013657257e-27,2.2160324104672904e-29,1.2209353485505618e-26,3.6457896241502616e-27,5.388940881284324e-22,2.0885445982693093e-22,2.4208799033037517e-22,3.334007357014467e-08,5.355334986089067e-10,3.549653166919701e-12,1.8122688444212105e-13,8.186521382208865e-10,1.3764048121373543e-11,7.185579911984862e-19,1.0169079073301212e-18,6.649870976857876e-18,0.02602263566609724,0.5184736814953576,0.022320722097699242,0.22958878320042778,9.604065561920234e-06,5.003933646605936e-13,1.2136186199279452e-20,5.238885692490323e-20,1.502785510236595e-20,1.0393124916667901e-22,2.3192835376100776e-24,2.4899675323518675e-23,4.3458455994267356e-29,5.18700255877997e-21,2.927332402245388e-09,1.864265186262622e-08,7.501555263530457e-18,9.634498752044155e-16,0.0,1.8262336316847726e-31,4.862252754227542e-31,2.4133095554879993e-06,3.3470644430773287e-10,2.1523681209273373e-22,4.628680275595333e-33,3.348690999757792e-12,2.054384688192137e-11,3.4604508580975518e-15,8.579305405591443e-15,2.1390733037202347e-16,1.213747116813786e-17,4.594700881677725e-13,8.569734025355954e-21,4.935454850134081e-28,1.2296562077432022e-21,4.494541992931959e-20,0.09649824309868964,0.0035016486087765778,1.0978264968725304e-07,5.046522517516154e-16,3.832130750403529e-26,4.115649622359078e-15,1.5675175485145595e-14,7.529831329824809e-20,9.317123334362963e-13,1.7219551350194742e-28,2.570048201125099e-14,8.512483299922838e-15,4.626975444377053e-30,6.362806175092701e-25,1.0202472420887312e-17,5.8603116750270196e-09,2.2501396883249687e-06,6.174031613779525e-05,4.645305182609487e-08,1.1926703608935437e-11,1.0043051114029532e-13,5.5382098305349666e-15,5.8427127507033124e-27,6.847913960491794e-09,6.085043415998939e-09,3.916257230385094e-11,2.0161630883713197e-10,3.8581052975379075e-37,4.2098685626260485e-16,1.1230458794469438e-12,2.98137994655569e-18,2.4181416084884755e-11,3.937511979754463e-12,1.3133587631333737e-20,3.7730729352582745e-17,2.910647726898976e-15,0.0003290909270090356,3.471533445367026e-06,7.477124979671788e-11,3.408424517505505e-11,7.147205992631791e-29,1.69820266087055e-16,7.13473767531003e-19,2.93772042100907e-25,9.558812251120287e-27,1.2302083941686745e-30,5.924208956208077e-07,8.221338901921273e-07,7.254437777302773e-09,3.5027452795633205e-06,1.2789141141663725e-22,4.668364103644933e-24,7.791163685372064e-10,1.7792207104557653e-06,1.386372814518736e-21,3.1310003716942712e-18,1.5038095119298172e-30,7.555261103756437e-25,0.0,0.0,3.0950876802133297e-15,2.8656518238913266e-15,7.284355886054326e-23,8.59827875268729e-17,2.3775665216912643e-33,2.770037695359957e-24,2.1474960802713797e-33,8.190631366345194e-36,8.170459440366419e-35,3.9344473799334613e-14,1.2654052259209524e-13,1.24083959123708e-15,5.013954757825292e-23,6.813775606691155e-22,8.037536341804689e-26,7.81907752105838e-16,2.4372719318655526e-13,1.2028996602326742e-22,1.3444335632136213e-24
59792.559815487155,1.033678052616634e-06,0.0001759659816973498,1.0057821455835922e-16,7.579829941387276e-17,1.4190679854690333e-18,2.50732839930459e-18,4.921612531777691e-22,6.37077016842908e-20,2.1919889580066856e-42,1.155626195507774e-33,1.7057963401426505e-42,7.562775415483924e-24,8.057442712050499e-21,2.1074450400285235e-30,5.144020617143202e-26,2.1954397740250306e-23,2.0066457653519246e-44,2.249442283549854e-42,7.590807559414327e-32,6.99742363226606e-38,5.0572863588590596e-36,1.7918865699133747e-38,1.192447783421942e-11,4.309349750497981e-12,9.5202583466215e-14,3.9969811733817135e-13,1.869620871423801e-30,7.299116905118142e-27,2.2134219111700477e-16,7.851775797569393e-15,1.0357352217573208e-32,4.348262317266997e-41,1.655234726374862e-28,2.075929094563695e-30,2.8167688987088255e-27,7.584767810160607e-28,2.216670635799252e-22,5.285766143567748e-23,8.733651587868697e-23,3.328722400045194e-08,5.937277950620663e-10,1.4547620736858066e-12,8.035244951223079e-14,4.13199498421462e-10,8.183529592897822e-12,2.170656463395678e-19,5.4733336619116125e-19,4.196767007462324e-18,0.035010227250581956,0.5282912666816747,0.030122821853244375,0.22078168641352952,8.320000007164254e-06,2.8732584395852673e-13,6.300962164870163e-21,2.3870761364165196e-20,5.580054273148678e-21,3.0248598434493195e-23,1.2173401606662994e-24,1.0110786866800105e-23,1.3283628184587e-29,8.405119637555312e-22,1.625885680127619e-09,1.3564095176859964e-08,6.294321966559523e-18,6.903678297367802e-16,0.0,7.709717298470811e-32,1.7642811024639943e-31,1.4929501118888282e-06,1.7405491572966603e-10,1.0277588101873026e-22,6.835317378627353e-34,2.2564656843195934e-12,1.6504412957496826e-11,8.655040562398135e-16,2.7424970123707235e-15,4.8864630034734007e-17,6.827882161631708e-18,1.887931706097606e-13,2.03151965065479e-21,1.6567852621369465e-28,6.954309343121645e-22,2.0884536091773827e-20,0.09531146603901347,0.004688448624604865,8.68264976427852e-08,1.5507705588202174e-16,1.1364322757046279e-26,1.411383090049772e-15,8.393909611114142e-15,3.6326530693031876e-20,4.021095597082802e-13,6.436388506124262e-29,2.116351035519668e-14,4.8747450544417775e-15,2.2461364474492486e-30,3.966288626205191e-25,6.56300757111727e-18,6.2052129525313e-09,2.2497947870474617e-06,6.174296362191042e-05,4.8253802887445464e-08,4.285707977203508e-12,5.72906096865522e-14,2.2513979625459218e-15,6.830733387970258e-28,3.986849386284411e-09,4.640381570162141e-09,1.689318105756487e-11,1.1003683684452334e-10,7.18982156807773e-38,1.3116502120046097e-16,4.3805079643530104e-13,8.299237468935357e-19,1.4796785713168214e-11,2.938746908909801e-12,3.895825571196437e-21,2.0290791119136387e-17,1.2602435274486464e-15,0.0003280307296933221,4.660177679801343e-06,4.90798557581704e-11,2.5533526341420738e-11,2.531779467499224e-29,7.054667611685576e-17,2.1682738498654928e-19,1.2390386120096771e-25,3.366901277384389e-27,3.793001914398243e-31,4.5985677099023475e-07,8.332826405536071e-07,8.62987896070102e-09,3.5013699516438264e-06,9.311712340574329e-23,3.05541263177446e-24,1.0062109626855596e-09,1.7789936924520916e-06,1.1776576951371367e-21,1.9692797598578345e-18,6.59987225318011e-31,2.194512352974775e-25,0.0,0.0,2.395013624420188e-15,2.121677150391533e-15,4.4686628650651585e-23,6.144866605665651e-17,1.0556333225508748e-33,1.465791560199151e-24,9.378474088853999e-34,3.614369466099861e-36,3.0885164496382736e-35,1.8294065887837908e-14,7.319816091561392e-14,5.128790196958509e-16,4.151317431628232e-23,4.0631471581592597e-22,5.0753637940955117e-26,6.690178973700836e-16,1.4069964925797882e-13,6.833443222990585e-23,7.603621097606508e-25
86465.07412679883,1.3442497439253593e-06,0.00017565561574316672,5.345485946713479e-17,4.917848769398256e-17,5.875273745460838e-19,1.2353143438420255e-18,2.137298643614225e-22,2.3313108261698638e-20,6.427109367800454e-43,3.893221271204373e-34,5.298291804100929e-43,2.59334762878214e-24,2.0511887795843875e-21,5.6866976667222705e-31,1.4574529590646996e-26,7.075254137644749e-24,2.0182999019194729e-44,2.308853517739562e-43,1.0181359333824696e-32,1.5957297956550815e-38,5.0228142304698444e-36,2.3167557433535738e-39,9.947502292281931e-12,3.666330818126382e-12,6.262914676567169e-14,2.881386006355462e-13,6.944709771596989e-31,2.0384671686981052e-27,1.235245059055698e-16,4.141562417024911e-15,1.3975211430601519e-33,8.544266781746396e-42,2.116914155550335e-29,2.321617846141384e-31,6.858930044421805e-28,1.7158156949535126e-28,9.425857175115101e-23,1.4356654278492127e-23,3.3743556344875306e-23,3.321142268487337e-08,6.730217704930841e-10,6.458885320555256e-13,3.798593869840613e-14,2.1468904687697336e-10,4.910586789202634e-12,6.774911282575215e-20,3.0418223121098245e-19,2.7105403375712707e-18,0.04517395518695593,0.544036046499467,0.03905399504082568,0.2084458819721415,7.072543737746671e-06,1.7600186343506697e-13,3.3354188402670625e-21,1.1165747258575734e-20,2.2557313608810027e-21,9.3513735360474e-24,6.367667979138743e-25,4.372144281260226e-24,4.3861541583709614e-30,1.5377428716267783e-22,8.997661238532496e-10,9.821441175697107e-09,5.188269781455059e-18,5.059011735817598e-16,0.0,3.4332135697198273e-32,6.429088072225869e-32,9.2789360059793e-07,9.221302013104086e-11,5.187032765531453e-23,1.2057177830119414e-34,1.5624420509521418e-12,1.381710071883996e-11,2.367966808822906e-16,9.54434570385878e-16,1.2441845712859532e-17,3.917735461757382e-18,8.093557024651927e-14,5.113143099342451e-22,5.648426690036052e-29,4.026469316643526e-22,1.0260093154593945e-20,0.09407816232140652,0.005921771934561636,6.723414796367466e-08,5.1028803663076385e-17,3.6303925951154414e-27,5.145202354565758e-16,4.6809978159591986e-15,1.8404312179794958e-20,1.781260302029276e-13,2.3236217311287257e-29,1.715591072955369e-14,2.845214960776672e-15,1.1086342482418918e-30,2.5327444461498574e-25,4.192978626388342e-18,6.430775797063052e-09,2.24956922420293e-06,6.17428253620572e-05,5.10542449809845e-08,1.9342762951490207e-12,3.5114638346397305e-14,1.0082879216931945e-15,9.34473841467988e-29,2.3946897332191235e-09,3.638783309221173e-09,7.626315852451107e-12,6.318886475509952e-11,1.4425766373898958e-38,4.369090710550826e-17,1.840506210922394e-13,2.548257642333345e-19,9.057885951657523e-12,2.2310367265348347e-12,1.2311900226348166e-21,1.1099439549187144e-17,5.872585347830402e-16,0.0003267694451066019,6.048820239591188e-06,3.160587495583678e-11,1.94014190970145e-11,8.980678112757772e-30,2.957688009611273e-17,6.944949692162213e-20,5.390465994956228e-26,1.297147654569639e-27,1.2118009810816605e-31,3.483718964641158e-07,8.222160343602591e-07,9.82556566098881e-09,3.500174329995048e-06,6.660851377500483e-23,2.0305341661811205e-24,1.2434757349169644e-09,1.778756468767278e-06,9.965629070290642e-22,1.270035329030275e-18,3.0421527935681637e-31,7.040086873103359e-26,0.0,0.0,1.8507705698482794e-15,1.6314810280418769e-15,2.805311284849721e-23,4.495581085215076e-17,4.903645709631609e-34,8.246948302604861e-25,4.296342124884509e-34,1.6720020439107322e-36,1.270884943364757e-35,8.702991507082109e-15,4.30457441022656e-14,2.2058407067310452e-16,3.4126601311924404e-23,2.4912098693390316e-22,3.275049854849529e-26,5.34453333936207e-16,8.26917101519105e-14,3.5542213303696204e-23,3.9526818755314826e-25
125035.77479913068,1.6436039969434737e-06,0.0001753563605643371,3.084304546052341e-17,3.3347423311220074e-17,2.6832741759483185e-19,6.607028208059709e-19,1.043188620626134e-22,9.572730078829262e-21,2.050919784620904e-43,1.3851186219651128e-34,1.7925760721802228e-43,1.0166171944993527e-24,6.253192826721344e-22,1.8608498871612335e-31,4.91487722503295e-27,2.6708769855530507e-24,2.0245100267199907e-44,3.0476403608994974e-44,1.790514354583673e-33,4.4556585235326805e-39,4.9733952367619495e-36,4.312358138583342e-40,8.18444135167922e-12,3.0945125795692183e-12,4.248094789191753e-14,2.1449908746663376e-13,2.7567583256857982e-31,6.210167259953028e-28,7.191581035172119e-17,2.328585319188456e-15,4.262093862573708e-35,1.860154726711343e-42,3.463973572964531e-30,3.462469203208976e-32,1.8598147026508845e-28,4.441275991729473e-29,4.263484230697619e-23,4.418805487804199e-24,1.4338299146540896e-23,3.310768049122384e-08,7.789180740024888e-10,3.313218362913464e-13,2.0167426584936058e-14,1.20371534968911e-10,3.0553141583258106e-12,2.3418802109407224e-20,1.8010808763348602e-19,1.8312079275325716e-18,0.05496989827047641,0.5689339530945634,0.047901721375514274,0.19157477556944086,5.94494474941287e-06,1.1692305989197154e-13,1.8551307885611207e-21,5.584749632879734e-21,1.0293514638725048e-21,3.2047135485704206e-24,3.451380051098086e-25,2.0915764396162037e-24,1.6375855523830133e-30,3.490952495152665e-23,5.040603960186834e-10,7.1122959878137985e-09,4.2431816398297806e-18,3.8239335336757515e-16,0.0,1.674575421080839e-32,2.466128652817633e-32,5.887477995672001e-07,5.043442800974267e-11,2.825686916505959e-23,2.810105486167981e-35,1.1311378355520976e-12,1.2153373877946181e-11,7.643550253504694e-17,3.8434474211750726e-16,3.783947704613083e-18,2.3502188006509015e-18,3.742288292464795e-14,1.4456908607559735e-22,2.0471984173240969e-29,2.4323456133014112e-22,5.48691462476422e-21,0.0931295617070437,0.006870387597804483,5.2185267981415164e-08,1.89607087150428e-17,1.2970957533784747e-27,2.1197495851878757e-16,2.776016602989207e-15,1.0266128194281272e-20,8.400415851513661e-14,8.467316788834053e-30,1.3836561900925174e-14,1.7470017220222133e-15,5.789000481606159e-31,1.701773678206243e-25,2.718661757312064e-18,6.546318244578495e-09,2.2494536817554075e-06,6.173992230913065e-05,5.5491212905394925e-08,1.0451649556441231e-12,2.393550664145065e-14,5.18699679262008e-16,1.700145191279969e-29,1.5333445897466013e-09,2.9999945900710466e-09,3.756529779606045e-12,3.936853755522803e-11,3.4236711525668775e-39,1.6352566260170014e-17,8.660469727309895e-14,9.047752337707393e-20,5.687626624016719e-12,1.7449539842905286e-12,4.48003401470751e-22,6.495328839533708e-18,3.094714609583583e-16,0.00032547964663620226,7.466440644376714e-06,2.0500739273247516e-11,1.5160109144553842e-11,3.3389266057941124e-30,1.3146491456315084e-17,2.532638389831811e-20,2.5281215064338762e-26,5.711729656449072e-28,4.192282850649095e-32,2.5922503833834707e-07,7.868185028225568e-07,1.0705461343419622e-08,3.499294471321285e-06,4.808926649341505e-23,1.4039371833378812e-24,1.4565934547000079e-09,1.7785433728972779e-06,8.484098997865666e-22,8.573364789475721e-19,1.5303206125014475e-31,2.641861425472815e-26,0.0,0.0,1.4452531784515907e-15,1.3347829182859207e-15,1.8647498720990905e-23,3.394996684448271e-17,2.4840212155440196e-34,5.095903802005937e-25,2.153860719133656e-34,8.477353284135858e-37,5.929046922837657e-36,4.382135106949204e-15,2.634911224344034e-14,1.0192361672231078e-16,2.853028280115632e-23,1.6202007151265628e-22,2.214014588560808e-26,4.050141947914906e-16,5.063937545096324e-14,1.7650970621160546e-23,1.9708914464452572e-25
180812.25439872022,1.8780944651345827e-06,0.00017512192009182587,1.9154295911862268e-17,2.373450948811302e-17,1.344057546247986e-19,3.824097615898386e-19,5.557669710280594e-23,4.3782505401190415e-21,7.13093846675733e-44,5.183566763552452e-35,6.53940921374606e-44,4.580658891932563e-25,2.3019268788665727e-22,-1.8965508839873495e-31,1.970787448449308e-27,1.181219526414039e-24,2.0276182615966836e-44,5.740892698794847e-45,4.216094067379908e-34,1.4687614725686765e-39,4.902845426519064e-36,1.1460600126744564e-40,6.624465761403259e-12,2.59168137367315e-12,2.9228094372978246e-14,1.641667601560859e-13,1.1844676853824393e-31,2.029408899529321e-28,4.345962305247606e-17,1.382216673766833e-15,1.6608931892007797e-37,4.442194896216765e-43,7.393979101970419e-31,6.985595832791498e-33,5.545831030643664e-29,1.2935196952515117e-29,2.0330882299151116e-23,1.5367658122085498e-24,6.602501580672686e-24,3.296518766298924e-08,9.226599325352346e-10,2.0088090288469597e-13,1.2238056045752252e-14,7.378634646209263e-11,1.9717507363334996e-12,9.067502369768754e-21,1.1360066662107253e-19,1.3002866817218253e-18,0.06267048762135713,0.6059528807234806,0.05524397825475892,0.16939557164057908,4.94548931238607e-06,8.367186537826384e-14,1.0858839008471959e-21,3.007712527611145e-21,5.291530562704902e-22,1.2027368512957135e-24,1.9601866966836997e-25,1.1085877235136541e-24,6.896290767311514e-31,9.995919685556417e-24,2.8180959122804585e-10,5.084362906782559e-09,3.4474179010226606e-18,2.96655143933994e-16,0.0,8.954762427937028e-33,9.933547790095738e-33,3.797211911692374e-07,2.7962467938925962e-11,1.6424364558407155e-23,8.640015154751739e-36,8.549331295056087e-13,1.1213799480372378e-11,2.9619251421661816e-17,1.8143361458158516e-16,1.3853428837592497e-18,1.4663837676135563e-18,1.8530185905346747e-14,4.5440526262318934e-23,7.858243956812094e-30,1.5208472096942813e-22,3.1796901384423247e-21,0.0927709616317828,0.007228998701893031,4.115644020349549e-08,7.967187114599607e-18,5.084172785305655e-28,1.002645705367023e-16,1.7383714060953383e-15,6.4181583309264e-21,4.2014339428207145e-14,3.1003042747220327e-30,1.1113394892412302e-14,1.1334229758443739e-15,3.220366111437934e-31,1.2125365075711101e-25,1.787992073158634e-18,6.571320747221525e-09,2.249428679252766e-06,6.173359260908752e-05,6.268830077205171e-08,6.754865211348506e-13,1.8464036419644173e-14,3.101975253372505e-16,4.249437375607851e-30,1.0559614051585179e-09,2.6276293314451032e-09,2.029660594673757e-12,2.6753383810846147e-11,9.820728756432287e-40,6.879281002547056e-18,4.564474657222941e-14,3.695715732142356e-20,3.6638740863909166e-12,1.4029429038387614e-12,1.9303386318495101e-22,4.159773212846997e-18,1.8728083719581204e-16,0.0003243824808288027,8.700130366753017e-06,1.3440149212635875e-11,1.2170248882548903e-11,1.2939229016780162e-30,6.2537376049837735e-18,1.0702148481562942e-20,1.2771017024943684e-26,2.8735864399542586e-28,1.5655850743191704e-32,1.876048194482599e-07,7.242576903185916e-07,1.122881257814634e-08,3.498771142183357e-06,3.551352851729522e-23,1.0179791272265047e-24,1.6176467568981003e-09,1.7783823317946587e-06,7.2629064131412775e-22,6.081697964136534e-19,8.262689885391536e-32,1.1605887049793388e-26,0.0,0.0,1.139949648691442e-15,1.1729923094226918e-15,1.3262196051136745e-23,2.6328399898454323e-17,1.3791987918910534e-34,3.4731814361101767e-25,1.1876174294132281e-34,4.739477886481643e-37,3.1332310553018125e-36,2.321115617870256e-15,1.6737257119792058e-14,5.018371772214197e-17,2.4478574234137653e-23,1.1271464816689834e-22,1.579419538093932e-26,2.924716094905861e-16,3.2204458734453765e-14,8.435884206686114e-24,9.498657915675668e-26
261469.73850698897,2.0361453172518507e-06,0.00017496389916836052,1.211304296091374e-17,1.7172368964293426e-17,6.846905817449126e-20,2.2581749374145646e-19,2.968139821335025e-23,2.0469040569458887e-21,2.430072787690955e-44,1.8479702030528975e-35,2.3078273676009876e-44,2.1798925045765954e-25,9.180871590324848e-23,-1.3606353557257299e-31,8.49915774741082e-28,5.594429819116298e-25,2.028683460491863e-44,1.1484632454731445e-45,1.1392096750523442e-34,4.962319076442903e-40,4.8026668761213456e-36,3.673269446428471e-41,5.180659910951942e-12,2.120842221124914e-12,1.9509200475202844e-14,1.2528727406609204e-13,5.086854423528158e-32,6.238942446044233e-29,2.582395142269813e-17,8.152295926187826e-16,5.655870285258784e-41,1.00880566607029e-43,-2.2047009308142176e-32,-2.7263203488854004e-32,1.5923462161986736e-29,3.6933796963422934e-30,9.428765384145622e-24,5.388499368515616e-25,3.0093634619596816e-24,3.275430838206522e-08,1.1342881810412407e-09,1.357914993869883e-13,8.078897249298862e-15,4.6635341169061996e-11,1.2581764995812113e-12,3.53765620215569e-21,7.29917948070765e-20,9.3962013216135e-19,0.06791117536569785,0.6555989653283225,0.060669914903241216,0.1418608004309325,4.002305983399735e-06,6.164549681494572e-14,6.317362036854453e-22,1.644459611392981e-21,2.8445758169105414e-22,4.415399008852705e-25,1.1107762145802255e-25,6.078831914810016e-25,2.9816519001137113e-31,3.1700728729912802e-24,1.4689832110492185e-10,3.43292860405006e-09,2.731349290572365e-18,2.292492058020755e-16,0.0,4.912648308082741e-33,3.811411675699113e-33,2.3745135017544435e-07,1.4590963557348857e-11,9.54389779713241e-24,3.0253390872752946e-36,6.514057876362707e-13,1.0690385608929226e-11,1.2547740022110148e-17,9.278492479163685e-17,5.475135508722548e-19,9.081501428679e-19,9.064152126361504e-15,1.388790990461385e-23,2.8891889291002497e-30,9.383871965217773e-23,1.880932774689891e-21,0.09295586738899007,0.007044101701942165,3.2399183729041655e-08,3.445725351611981e-18,1.9646006915694568e-28,5.058895801644881e-17,1.0837166881949478e-15,4.305316628457377e-21,2.062468229496208e-14,1.0254742914752696e-30,8.717703532803368e-15,7.440853925219049e-16,1.8042148950619284e-31,8.864713952219539e-26,1.1397699882293224e-18,6.542658203616688e-09,2.2494573417963706e-06,6.172204479150708e-05,7.476161481878511e-08,4.894413574920535e-13,1.570917279794703e-14,2.0390235420659668e-16,1.2473870719108856e-30,7.537425442224019e-10,2.4150993162172836e-09,1.1276432471587823e-12,1.9008818104146124e-11,3.0007651285575672e-40,2.9609141709145724e-18,2.5063810540892985e-14,1.5673483304425795e-20,2.3084977180770658e-12,1.1258385958140781e-12,9.129997097286567e-23,2.8151254290496145e-18,1.2366633187743944e-16,0.000323554638120164,9.682569856655675e-06,8.529932294393691e-12,9.753629578141664e-12,4.774519256737752e-31,2.9511363756867702e-18,4.743524931555781e-21,6.527697488471454e-27,1.5359809814604736e-28,5.6889713783888624e-33,1.2701929361312423e-07,6.320903538147233e-07,1.1487847326565616e-08,3.4985121224839372e-06,2.6284544167955125e-23,7.513453596144419e-25,1.7276125673744364e-09,1.778272373743437e-06,6.157898148925932e-22,4.388267878334673e-19,4.4417148488092257e-32,5.455655822609438e-27,0.0,0.0,8.869504326027501e-16,1.0914650404558674e-15,9.757242665790022e-24,2.0346012529810928e-17,7.879135112100116e-35,2.497599558186458e-25,6.754522322007595e-35,2.736910698222833e-37,1.7408492032454593e-36,1.2028287214781665e-15,1.0462921703114792e-14,2.423155681961777e-17,2.124517593227872e-23,8.095884560337369e-23,1.1522342917791928e-26,1.960669572670659e-16,2.0171028593763927e-14,3.623887283342425e-24,4.1243205524665886e-26
378107.249324784,2.1516499462910613e-06,0.0001748484162809966,7.264132003814845e-18,1.1941388000612324e-17,3.2051048697748506e-20,1.246819549816021e-19,1.4411424717752423e-23,8.591529364242129e-22,1.1595063107982929e-31,4.3882243323563456e-36,5.1494973232869e-33,9.662349847780655e-26,3.3030351986508864e-23,-3.423933180591474e-33,3.3729711207307474e-28,2.500567262869618e-25,-7.936794832293458e-36,-6.562399845931202e-48,2.7442574301009485e-35,1.354754340829314e-40,4.661510013099662e-36,1.1144958632556113e-41,3.796605459399597e-12,1.6496656224806791e-12,1.2019023676576842e-14,9.085168121006922e-14,1.8239373628460735e-32,1.453815359816538e-29,1.3799565338330462e-17,4.341488372153421e-16,8.24336859944391e-35,6.223530101566043e-37,2.4985365002325914e-31,-1.105808487891803e-32,3.5063890652501584e-30,8.040087188429267e-31,3.7240027278777066e-24,1.5754423192984224e-25,1.1767580674363788e-24,3.240476378960896e-08,1.4844143652925758e-09,9.186759418630592e-14,5.2925340866110986e-15,2.7377947092555547e-11,7.353103099409018e-13,1.157130183241955e-21,4.519780547418557e-20,6.52668442529558e-19,0.0717871121764633,0.7148012549409912,0.06493447502455175,0.1101285808225539,3.0459804299499133e-06,4.364472186511238e-14,3.310180295343216e-22,8.227900795323615e-22,1.416617129093893e-22,1.3179222909469065e-25,5.716923124446547e-26,3.0729542761716757e-25,1.1334928229228491e-31,8.947538358845078e-25,6.391685453007108e-11,2.041616014746287e-09,2.037009284975711e-18,1.683233408194185e-16,0.0,2.475535504353013e-33,1.1757907028994913e-33,1.3270818040258292e-07,6.372715014017606e-12,5.020668643486546e-24,9.752603495968926e-37,4.721638171733469e-13,1.030603655927068e-11,4.9390960685833466e-18,4.474098977009265e-17,1.9388916725266132e-19,5.252344340479541e-19,3.854629985312852e-15,3.319462744664557e-24,8.565428653218734e-31,5.363747315293806e-23,1.0418536860704871e-21,0.09334405619852781,0.00665592089433509,2.439725316446653e-08,1.3108436840628236e-18,6.422658496745515e-29,2.384018371012974e-17,6.11192767979092e-16,2.8486568266232472e-21,8.758775752309748e-15,2.5385310306564522e-31,6.4418004699741575e-15,4.614449702114744e-16,9.210592218145036e-32,6.253967421964547e-26,6.492970148187893e-19,6.501105398669358e-09,2.2494988946013267e-06,6.170105719009864e-05,9.613374108712689e-08,3.544998387586878e-13,1.4011219682577185e-14,1.3352514589090421e-16,3.2529179568397056e-31,5.213600227648957e-10,2.270987957996112e-09,5.757184554007002e-13,1.3130355090049472e-11,7.770733246737454e-41,1.1120583472314544e-18,1.2714518021890213e-14,5.835569714929153e-21,1.3082445386607263e-12,8.585813493405536e-13,4.0975200770328844e-23,1.8685806728655535e-18,8.12349399543357e-17,0.00032288564000091215,1.052535308184639e-05,4.8364558974389525e-12,7.43070006577122e-12,1.4614809796075162e-31,1.1999036865195887e-18,1.846336872895978e-21,3.1185489882380707e-27,7.850888810104565e-29,1.6804282813611268e-33,7.546591459873657e-08,5.113742514790478e-07,1.1632218883911492e-08,3.4983677624613445e-06,1.8603197908106012e-23,5.331143415862289e-25,1.8099926374808515e-09,1.7781899992086083e-06,5.076663333969353e-22,3.0425742476174654e-19,2.1655038064650346e-32,2.4158397351864e-27,0.0,0.0,6.532752296708075e-16,1.0476693511451951e-15,6.976789102251598e-24,1.4941402269588218e-17,4.1527084024604694e-35,1.7606337653219865e-25,3.5485354840594646e-35,1.4582738657447683e-37,9.010166931783481e-37,5.443581940358392e-16,5.883354363442266e-15,1.0002602022521443e-17,1.8201770211600238e-23,5.629334728858192e-23,8.104797525980705e-27,1.152525760695139e-16,1.1381441425860191e-14,1.2237049914808648e-24,1.4068305741949e-26
546774.9071395234,2.252269211403022e-06,0.00017474781267201922,3.9470635983840386e-18,7.610212775586578e-18,1.2983765332604186e-20,6.04034771988692e-20,5.882950136060875e-24,2.917195427425118e-22,-1.2771984562684412e-31,1.026825368150621e-36,1.2744560896884617e-45,3.6878303794480785e-26,9.181953480309715e-24,7.902434626770383e-33,1.0926407073734e-28,9.78894578150111e-26,1.3027243251589337e-34,1.7020277238520428e-47,1.1875182609560628e-32,1.8429346531140388e-40,4.464852195428894e-36,-7.542707349633324e-33,2.522961730138478e-12,1.1883183621166288e-12,6.605377603840389e-15,5.979350277992684e-14,6.545155231129322e-33,2.0597183180765154e-30,6.069460631943143e-18,1.9043803023948814e-16,-5.6171582695098094e-37,1.4751276618588792e-45,4.88200043111533e-33,4.300854010161998e-35,4.74342841472636e-31,1.0830702133539956e-31,1.0972066566581461e-24,3.224317673817591e-26,3.43957921532503e-25,3.1759601035186824e-08,2.1301783866532904e-09,5.717886710245087e-14,3.1964335833107075e-15,1.3900186802801681e-11,3.739201641013678e-13,2.745556329325693e-22,2.6576829297494894e-20,4.1491890709864853e-19,0.0751811974623551,0.7775790628719121,0.06867627098681262,0.07686993247615402,2.094866282652953e-06,2.7900433316439565e-14,1.4235994025960252e-22,3.4213567409976474e-22,5.876479332564056e-23,2.663789704033294e-26,2.4354375669246937e-26,1.2905568503016172e-25,3.2968692284591e-32,1.8837106073372278e-25,2.05569768228641e-11,9.882132956767803e-10,1.3743565778770943e-18,1.121563618956961e-16,0.0,1.03628760855913e-33,2.446259749870844e-34,6.083309075293269e-08,2.0558618408133167e-12,2.179352355364832e-24,2.4513170957154796e-37,3.07661845906356e-13,9.885015880477582e-12,1.5878153672016434e-18,1.8054926374450283e-17,5.2147829781409397e-20,2.7254785124549727e-19,1.2847296518848277e-15,5.1061742015684675e-25,1.7189584041290376e-31,2.717608357099975e-23,5.08046847323225e-22,0.09369133589020011,0.006308648708003822,1.6891912119451235e-08,3.8156127994094757e-19,1.5617986323969222e-29,9.35306571184661e-18,2.8407125061107983e-16,1.7344460437298443e-21,2.8904682554080223e-15,3.856275294357301e-32,4.309556920783233e-15,2.565616054071956e-16,3.895991482208798e-32,4.028875301835549e-26,3.0308520038806666e-19,6.4679607009946205e-09,2.2495320392990044e-06,6.166019631825731e-05,1.3731308827837736e-07,2.3406431634134223e-13,1.2698061591379034e-14,8.063056696134842e-17,5.966142681859252e-32,3.294938504861977e-10,2.150801708936114e-09,2.4349891440827053e-13,8.289997642365574e-12,1.3837918361145888e-41,3.139290062891311e-19,5.350211918838929e-15,1.6356128822417713e-21,6.119735713215555e-13,5.926591783538235e-13,1.5421849176987517e-23,1.1408554702769098e-18,4.9379428471263794e-17,0.00032227363160860725,1.1317797307247658e-05,2.2472886736721116e-12,5.125464525372488e-12,3.291373062504027e-32,3.6478791249280476e-19,5.382029482940856e-22,1.3439207297544217e-27,3.584085506049878e-29,3.369452394130772e-34,3.64764389199931e-08,3.7105358211716414e-07,1.1748194793035988e-08,3.4982517951293684e-06,1.2014606685957128e-23,3.4501133843773454e-25,1.881054606040887e-09,1.7781189410127364e-06,4.045034685521349e-22,1.9308752128943813e-19,8.864190770385601e-33,9.344267910776905e-28,0.0,0.0,4.3639292963282434e-16,1.0208202042757417e-15,4.5827532069038895e-24,9.957895409145799e-18,1.823453947731251e-35,1.1433717175264084e-25,1.554037628190603e-35,6.459404167726099e-38,3.8988820925774065e-37,1.94318313784463e-16,2.716456107339231e-15,3.0773691485946045e-18,1.5254641273665016e-23,3.581905760965714e-23,5.208845810088628e-27,5.522386190356398e-17,5.291466533188391e-15,2.7961946059331882e-25,3.240120104843104e-27
790682.5367969447,2.338857148039556e-06,0.00017466123405026653,1.907661506858675e-18,4.2945666131893245e-18,4.522726067579431e-21,2.489700095886729e-20,1.859655929415103e-24,7.446342799261877e-23,2.824086276702777e-31,5.3750948757844814e-36,-6.50916428604586e-34,1.1972204977722262e-26,1.777960524605156e-24,1.9201320802547206e-32,2.6805027844546056e-29,3.32713949653124e-26,2.7730558739946148e-34,-2.7488607701059466e-47,5.830691718919182e-37,3.475016497202854e-40,4.1953664102531156e-36,4.382469473756872e-43,1.4681137096560824e-12,7.810159926899758e-13,3.1619101865203524e-15,3.416562429079362e-14,1.3378239413839907e-33,1.4110537170969157e-31,2.0089579295695673e-18,6.288356465124767e-17,-1.1312649120929762e-34,4.6249949183289094e-36,3.8310349912960378e-34,3.3289887087404853e-36,3.1328336556833556e-32,7.127149733365812e-33,2.1071850772344377e-25,3.9809170031119424e-27,6.562295914298057e-26,3.0436120156073755e-08,3.4544092054302484e-09,3.10804167249155e-14,1.695111090125623e-15,6.309284459833366e-12,1.720469896873284e-13,4.6777401740372375e-23,1.5519594161928075e-20,2.3263809596349946e-19,0.07810488663711576,0.8358413323746063,0.07185551572733773,0.04615017308602838,1.2431543335803498e-06,1.5146216602134992e-14,4.6045146032569886e-23,1.0826778077353365e-22,1.8553736813938396e-23,3.0334426607082213e-27,7.852982403799567e-27,4.111759464678875e-26,6.543627708900785e-33,2.620246402897698e-26,4.256025598323563e-12,3.547076883899279e-10,8.021304969014531e-19,6.479874279389482e-17,0.0,3.294518042415807e-34,2.8547081096214914e-35,2.0867716705358234e-08,4.264430010557121e-13,7.138140956897669e-25,4.1939693689003555e-38,1.6961767536377896e-13,9.285874603839525e-12,3.8667295107539725e-19,5.552168460672023e-18,9.267236502252111e-21,1.24187086602945e-19,3.288641752609068e-16,4.511235002837517e-26,1.948289543618805e-32,1.1922590909758278e-23,2.1180992373375177e-22,0.09394657282040543,0.006053418197400929,1.0472309820306944e-08,7.664819198330915e-20,2.5372901968047806e-30,2.790674673407677e-18,9.942375522024614e-17,9.259141078802915e-22,7.163002540401624e-16,2.9696041471120414e-33,2.4973825740724498e-15,1.2404824597583572e-16,1.249125771621848e-32,2.263328812320101e-26,1.0559376040688484e-19,6.445589652190591e-09,2.249554410347813e-06,6.15704762672254e-05,2.2729022241349714e-07,1.3311668270277596e-13,1.1641841450686482e-14,4.27091076500281e-17,6.574089735321169e-33,1.8140379312267753e-10,2.04657564897217e-09,7.77252070121938e-14,4.559441913065901e-12,1.4107806523722417e-42,5.79981376616698e-20,1.7004965547466697e-15,3.002553822042987e-22,2.1691167750157425e-13,3.5262648872344044e-13,4.4461684879324056e-24,6.108842672373484e-19,2.6584283957832352e-17,0.000321728494434823,1.202775787487705e-05,7.798415396099208e-13,3.049813691509842e-12,4.9014595636511105e-33,7.208456180603692e-20,1.0293250553035261e-22,5.235743898582575e-28,1.426463306927756e-29,3.829622881949033e-35,1.3079024335320849e-08,2.3029456161871949e-07,1.184661837986424e-08,3.498153377030326e-06,6.779578934194944e-24,1.9468660521718528e-25,1.9408667425704076e-09,1.7780591310048288e-06,3.1579505503842426e-22,1.0814621885867347e-19,2.8066590684333324e-33,3.1329980539719083e-28,0.0,0.0,2.5270524504130824e-16,1.0051268034766268e-15,2.631905806261769e-24,5.754408957861436e-18,6.065990211691508e-36,6.505890350267896e-26,5.1587546011493984e-36,2.1623626959179357e-38,1.281783742569108e-37,5.038999533133074e-17,9.378941442250741e-16,6.139508545058802e-19,1.2683824671333906e-23,1.993502155910761e-23,2.9215515511431962e-27,1.9710426862619538e-17,1.85553101475997e-15,3.736951026654537e-26,4.354568644236111e-28
1143393.4985537303,2.403144611257999e-06,0.00017459695080142398,8.138933350178942e-19,2.0780206788329723e-18,1.3794807565858739e-21,8.577134409187647e-21,4.0041848253241297e-25,1.3099093086308493e-23,-4.7145733119795705e-32,5.7501614949145707e-39,6.760094154178302e-48,3.3792291915998474e-27,2.3129800063799454e-25,-7.466342902352388e-34,4.569230181889414e-30,9.989172433967865e-27,1.7103132049421484e-34,1.3363929387001067e-50,4.361956912962102e-38,2.1899539446024612e-40,3.834947746983722e-36,4.0853601312533004e-44,7.184009874322974e-13,4.752715797845074e-13,1.2740505630809905e-15,1.59437448006234e-14,1.3926188384536325e-34,3.405853469837281e-33,4.420725888302026e-19,1.3812686509144665e-17,1.0088874414211727e-40,6.60145779845279e-49,3.110201789739026e-32,6.098848767346377e-34,7.37098733021736e-34,1.67239973940557e-34,2.1886406276369093e-26,2.515699001961885e-28,6.783853880646032e-27,2.7428340591852954e-08,6.463389610530125e-09,1.384187378513471e-14,7.412998393928873e-16,3.2705296174238204e-12,9.106010328157286e-14,7.224145249185734e-24,9.872081794099552e-21,1.1059683088177265e-19,0.0802760267796435,0.8811499667290126,0.07419567893341986,0.02232651069635356,5.967786397631391e-07,6.289626551407616e-15,9.920598601646095e-24,2.3097210472817385e-23,3.950817675922061e-24,1.5124911773825354e-28,1.6959666853815557e-27,8.803222995996604e-27,7.835761588836541e-34,2.0708635414241073e-27,4.672993609201571e-13,8.282783521727293e-11,3.8020708802312917e-19,3.0494829775808593e-17,0.0,7.047840679043492e-35,1.4488814682200952e-36,4.719657907976976e-09,4.687120046815859e-14,1.5600337068261158e-25,4.0221479667049216e-39,7.124924648247144e-14,8.192258743744955e-12,6.689707103608931e-20,1.1505864562652164e-18,9.039538956849015e-22,4.824075068638133e-20,7.66585060257582e-17,2.3881731192424453e-27,9.694475180383529e-34,4.42590780935885e-24,7.412600557019592e-23,0.09411553562263181,0.005884460090657823,5.776826564857873e-09,1.019285986660117e-20,2.4052169828544656e-31,5.612865381954693e-19,2.3363757539493268e-17,4.0669850238700454e-22,1.5593561664334402e-16,1.0161116594543175e-34,1.1776603514254837e-15,5.0560017397715296e-17,2.688288545944978e-33,1.0437728334729964e-26,2.4135659875480848e-20,6.4317698829585255e-09,2.2495682301170436e-06,6.133566221484208e-05,4.623030590518975e-07,6.094881195497655e-14,1.0775121999529147e-14,1.8602609065393685e-17,3.916472741473009e-34,8.146818012789639e-11,1.9508154007520535e-09,1.6467696719272118e-14,2.0459673230038497e-12,6.416169786407153e-44,5.79863081236734e-21,3.5917194108266285e-16,2.983811475018726e-23,5.248626899645266e-14,1.691392177453286e-13,8.724080103379168e-25,2.691380010834154e-19,1.2100817478878954e-17,0.0003213098052393679,1.2572865416077333e-05,1.777846370154303e-13,1.4667747753287604e-12,4.1504263992473315e-34,7.6590659334463e-21,1.1165808087117999e-23,1.8230774181014298e-28,4.875023662931835e-30,1.9360724979745274e-36,3.0528445988336263e-09,1.1418628469731527e-07,1.1918390566147238e-08,3.4980816077185354e-06,3.157709838664674e-24,9.033421231814283e-26,1.9845123745516844e-09,1.7780154862842122e-06,2.5064500392324616e-22,5.145298077353934e-20,6.048353761216296e-34,9.297281101741044e-29,0.0,0.0,1.191301642378991e-16,9.974764697887198e-16,1.237492205730629e-24,2.708506385040037e-18,1.3446671568789679e-36,3.0389833268582996e-26,1.1418484134268108e-36,4.812995069348311e-39,2.8177797036828e-38,8.713190265597371e-18,2.1308004990527917e-16,6.566172352003363e-20,1.0785157243552653e-23,9.155207428038655e-24,1.346013649812155e-27,4.623908690607611e-18,4.3909386601368187e-16,2.723223234666257e-27,3.1847501371319415e-29
1653443.236309495,2.4410385530187647e-06,0.00017455905824774855,3.1414991223026706e-19,8.629931817693536e-19,3.6197699226977866e-22,2.3876880694362036e-21,4.7972317313817687e-26,1.3621818299023688e-24,2.5044198905852706e-31,2.9668594446063525e-35,-8.869986498299009e-33,8.247947102511214e-28,2.663806296596083e-26,-2.7772565237602756e-33,4.617423061946239e-31,2.5967492492685536e-27,8.331332852078271e-35,2.7480227416715647e-48,2.1063104490487005e-39,1.0352352803206876e-40,3.370403985582913e-36,1.5764467323691968e-45,2.9029381146640667e-13,2.9383188869781135e-13,4.016591089554479e-16,5.522663677463011e-15,6.631779596824425e-35,1.7874299263255126e-35,5.337653571048231e-20,1.6658447584656143e-18,-1.2479247975563456e-34,7.92853939313181e-35,-7.194748926240787e-31,-1.4216890208383692e-32,3.812442439054075e-36,8.637175010108066e-37,9.214511549755323e-28,6.70938342480537e-30,2.848363750625216e-28,2.0538542440429596e-08,1.3355538106390103e-08,4.47912931629183e-15,2.368147630908499e-16,2.5332091123946013e-12,7.119392841849778e-14,1.2220888547368294e-24,7.4277274126466e-21,4.36226411839842e-20,0.0815558282608103,0.9086364924158873,0.07556809827606864,0.007897470118169539,2.1052702459437165e-07,1.5771026576022104e-15,1.1702325346011863e-24,2.741084536253227e-24,4.682933847634761e-25,2.244889164735685e-30,2.025757438870641e-28,1.0462336533175551e-27,5.046264483339719e-35,7.040621151944388e-29,2.0330108065103343e-14,1.0353328358099344e-11,1.329073071393423e-19,1.0616376145510855e-17,0.0,8.388058285109981e-36,2.1718769094365038e-38,5.81749758212591e-10,2.0398934188854187e-15,1.879714083325865e-26,1.5773464391714246e-40,1.803051332910854e-14,5.899845564163032e-12,7.675579416184732e-21,1.3080942872848982e-19,3.5781941445989963e-23,1.4882319896204984e-20,1.9967372352624204e-17,7.676592249842168e-29,1.4417928635566572e-35,1.3152137677240157e-24,2.094861282036849e-23,0.09420876321428058,0.005791235235735391,3.040100293235243e-09,1.1777596464433348e-21,1.105352282967702e-32,6.140590577156858e-20,3.1914109761600937e-18,1.300368152207919e-22,3.856470179642605e-17,1.9354469707884695e-36,4.1044078096514265e-16,1.646366845590402e-17,3.2104855785813954e-34,3.591370670077482e-27,2.9799596336493766e-21,6.4244913800975916e-09,2.2495755086199113e-06,6.0560391018786505e-05,1.237768247456804e-06,1.9751990149542323e-14,9.745375430023296e-15,5.857272553382317e-18,1.4682956782585695e-35,2.6384966577851817e-11,1.8135541845749472e-09,1.8593394477635206e-15,6.622850383407002e-13,8.626987183229609e-46,2.2965784418079673e-22,4.0480566464957346e-17,1.1705810900203745e-24,7.76170776697457e-15,5.892901243592823e-14,9.408852355817494e-26,8.641021596102808e-20,4.4043459779241894e-18,0.0003210566219299326,1.2902000180766788e-05,2.2001789924779513e-14,5.172025701177908e-13,1.543030131009863e-35,3.2884152281565784e-22,7.097047191123758e-25,5.288902701851196e-29,1.368101079059402e-30,3.0780879686758853e-38,3.827367518033826e-10,4.09810271993155e-08,1.1960088960313353e-08,3.498039910535027e-06,1.1219251705227733e-24,3.1574411707978707e-26,2.0099588232960584e-09,1.7779900401125133e-06,2.12561932238995e-22,2.041135502459404e-20,7.248923293579292e-35,2.4012922394171882e-29,0.0,0.0,4.151593295506445e-17,9.944488849366458e-16,4.311706561432643e-25,9.430215632885605e-19,1.6327298972790347e-37,1.0548873670530267e-26,1.3852827444574502e-37,5.857003099634868e-40,3.4051946661955975e-39,9.136992737356082e-19,2.6333601982560614e-17,2.8299629060958393e-21,9.673855106327801e-24,3.174372684202033e-24,4.628974363348432e-28,6.007755266535412e-19,6.187502549828193e-17,1.4920727083812902e-28,1.748323281117998e-30
2391018.0870852144,2.45695581908949e-06,0.0001745431413209542,1.3390056126976061e-19,3.7336881389152192e-19,7.120639363831204e-23,4.782867661258999e-22,2.3733214510607274e-27,6.31188789708899e-26,-1.3585610054131758e-30,-3.423189957794099e-42,2.4230706883263475e-52,1.4931167763927627e-28,3.766303940668122e-27,-4.7752226960141563e-33,2.0169847588390563e-32,5.085988798264368e-28,7.563881257701128e-34,-7.838302238635122e-53,2.0392573163234474e-40,9.926870770297875e-40,2.8077322743803033e-36,1.2321780123330175e-46,1.140656795228535e-13,2.1748651715979654e-13,8.568025031479699e-17,1.2277942140576459e-15,-7.390878996563866e-34,9.927846053922821e-39,2.646739087972635e-21,8.251556457721581e-20,-3.8637949478072674e-49,3.6045348752540695e-55,6.871623210136879e-31,1.064602451129168e-32,2.1051378469314978e-39,4.7657071259848445e-40,9.85338095464821e-30,4.247045255510386e-32,2.994783131113465e-30,9.67437908741147e-09,2.4223233954038798e-08,7.986510332481926e-16,4.134215158617601e-17,2.457175562857029e-12,6.906030026391711e-14,1.8672471038418632e-25,6.581667340377421e-21,1.6617401477400215e-20,0.08209339797230905,0.9203169550206626,0.0761405544381916,0.0017711913007491288,4.7630756493746424e-08,1.4205668691042362e-16,5.481867717001706e-26,1.3497531925234071e-25,2.303391984435619e-26,5.578819876724663e-33,1.0001001687450691e-29,5.153899042741166e-29,1.6005588492959198e-36,6.180692060658362e-31,2.279539696573327e-16,5.205684781327615e-13,2.966160290308659e-20,2.3652682424584294e-18,0.0,4.16576666096203e-37,5.407665800069988e-41,2.9872735136625814e-11,2.2852278009676708e-17,9.382923752884217e-28,1.2525411311243942e-41,1.6544673984096281e-15,2.3851620256308943e-12,6.0017423107832225e-22,5.794331093892327e-21,3.531446733817744e-25,3.1458158397910975e-21,4.2862894642028416e-18,8.837946856552457e-31,3.828963332532776e-38,2.728116414225641e-25,4.232086070941776e-24,0.09424667949131094,0.00575332009790948,1.900895757087751e-09,1.663785792475705e-22,1.9994477556169067e-34,2.343073979545957e-21,2.225708838626465e-19,2.243484476150252e-23,8.187254127638581e-18,2.2339836667981737e-38,9.148720944145343e-17,3.9743862761159324e-18,1.5967222639357585e-35,7.962519994774176e-28,1.4907175664195053e-22,6.421584639356423e-09,2.249578415360648e-06,5.746981574356658e-05,4.328768092873162e-06,3.2744127185188523e-15,7.153425486323268e-15,9.578841426818478e-19,3.7013900774251133e-37,4.576729792696104e-12,1.4114370215356678e-09,7.189657000104042e-17,1.148456045622823e-13,1.645010768999999e-48,2.0545593679921898e-24,1.5640131587315217e-18,1.0075628810578881e-26,6.618654113890207e-16,1.252920249334725e-14,3.5691239394957024e-27,1.512794127440938e-20,1.263204798778253e-18,0.0003209492289669047,1.3041500130397055e-05,1.1981556757288713e-15,1.1584749262977793e-13,1.7561437484618357e-37,4.030084805033687e-24,6.449338776445609e-26,1.0902124231663094e-29,2.762095702626845e-31,1.0864078231280434e-40,2.0658961000126356e-11,9.246949382701477e-09,1.1977737943862474e-08,3.498022261951627e-06,2.9022551861221585e-25,7.548785689932625e-27,2.020602767673819e-09,1.7779793962278349e-06,1.966950238990935e-22,7.91044798045739e-21,3.581486121335558e-36,4.692742934400021e-30,0.0,0.0,9.253737514648171e-18,9.93475125139131e-16,9.61238387812307e-26,2.1010832460564134e-19,8.112997432770608e-39,2.3480365729429583e-27,6.881034916263352e-39,2.912825691120226e-41,1.6886818133404434e-40,8.24477247730229e-20,1.4500298349166004e-18,3.5822999305028707e-23,9.211082302146395e-24,7.475192123157912e-25,1.026105667099996e-28,3.827963008988021e-20,5.3335654397741805e-18,7.735061443739887e-30,9.070206693634119e-32
3457613.4016726078,2.461030891666078e-06,0.0001745390663113904,9.16375665579264e-20,2.533503261149638e-19,9.3596869844681e-24,6.309095470350405e-23,4.384341540213004e-29,1.1431024426797078e-27,2.4856494484497173e-32,4.5574140309148845e-45,8.27267242098661e-56,1.6866767847157043e-29,4.18210619437603e-28,3.677422712527325e-35,3.158307006191395e-34,6.677261495085991e-29,8.519245465036861e-34,5.736985082139265e-55,1.017165736297171e-40,1.117127076228384e-39,2.197984393313193e-36,1.080876490153024e-46,7.054025079043181e-14,1.9825818161015993e-13,1.149522667356552e-17,1.664471203285468e-16,1.0645775000635591e-35,4.773304685021672e-43,4.891088995652327e-23,1.5173193496333383e-21,1.0191131907778945e-51,2.9742708701708057e-59,-1.5590041757376756e-32,-2.007997012028843e-34,1.0111959623377484e-43,2.2890200726654467e-44,2.7877156076340586e-32,9.812962645032632e-34,8.785134511067428e-33,3.4907850416620254e-09,3.0408808730248686e-08,6.305017349498555e-17,2.6467421762465726e-18,2.4588005548218857e-12,6.909724008262498e-14,2.393472666948579e-26,6.387765824024832e-21,9.997484161746869e-21,0.08223101609713357,0.9232385870682348,0.07628009853254863,0.00024064846029643515,7.032565146553096e-09,3.2813620644190103e-18,8.761082653536552e-28,2.49042389187457e-27,4.2287652925822465e-28,2.035709024781611e-36,1.8469862208051754e-31,9.508297367733288e-31,2.5566224422608063e-38,3.197048164623864e-33,5.96425558968646e-19,9.60921618822371e-15,4.02512565456553e-21,3.208229688416342e-19,0.0,7.819017282866757e-39,2.0164067658861095e-44,6.786076928668631e-13,5.721754949399375e-20,1.763330335045164e-29,1.0917071786720412e-41,4.3102078050851305e-17,4.0618170584342186e-13,4.7469133276236975e-23,1.4425400504184416e-22,1.1925265534047728e-27,4.210880594025814e-22,5.881925451408637e-19,1.0827556302991695e-32,6.261108150181366e-41,3.6337156891092046e-26,5.595926893424276e-25,0.09425629862445933,0.0057437012474335445,1.6182229696500892e-09,1.847617381669625e-23,1.635807667707076e-36,1.621980845449755e-23,7.003445899764931e-21,1.1458320594137616e-24,1.1100991706677564e-18,2.7354331948097885e-40,1.2411109692022788e-17,6.891816390825705e-19,2.998042334929077e-37,1.0787158136596444e-28,2.748317926996312e-24,6.420805219936081e-09,2.2495791947800603e-06,4.976452617530174e-05,1.203494146572539e-05,1.4595024831428487e-16,2.3316248848654082e-15,4.2348898034575757e-20,3.243282730486947e-39,2.340877797582708e-13,5.321124766181006e-10,4.988815286406575e-19,5.872865097451705e-15,2.106441828293522e-52,2.518574495713427e-27,1.0848408342291232e-20,9.479386305777272e-30,4.0407406174631747e-17,1.4737452124473094e-15,2.4669994976101217e-29,8.524690431922853e-22,2.755940528262179e-19,0.0003209228521667784,1.307588508658472e-05,1.2355521282720188e-16,1.5736247070809516e-14,5.3309073271968375e-37,6.149176826141383e-26,7.040431473633328e-27,1.4523509342610806e-30,3.653696702521726e-32,2.1227029227136234e-43,1.8471892321199606e-12,1.258328706634305e-09,1.1982969548065196e-08,3.49801703043764e-06,8.533831860866973e-26,1.628540626164958e-27,2.023362444157871e-09,1.7779766365611156e-06,1.9278397879777715e-22,4.847527246323887e-21,6.618542521585132e-38,6.158013671722389e-31,0.0,0.0,1.2553511445510276e-18,9.932197336806513e-16,1.3040408277094688e-26,2.8499197660240955e-20,1.4929498103837509e-40,3.184073998684065e-28,1.2661545922758825e-40,5.360921129501986e-43,3.1060723990036853e-42,4.305894180734395e-20,1.6579651653126786e-19,6.955650763401091e-25,9.097723209957044e-24,1.5117013982261553e-25,1.39009057376257e-29,3.501936600684667e-21,5.996215470951988e-19,6.984450166234754e-31,8.190826969233205e-33
4999999.999999989,2.461493522312946e-06,0.0001745386036871368,8.72659056850025e-20,2.407980075086762e-19,3.0990374448607847e-24,2.089969297761118e-23,4.8863294314241914e-30,1.2650988811681583e-28,9.29029777086487e-34,-1.473895958506586e-46,1.0296325426790337e-57,5.2340906719612464e-30,1.3001787032471125e-28,1.3455916601991525e-36,3.2803705255786867e-35,2.2106379174673016e-29,8.554655233309986e-34,-5.68616522775342e-58,-5.380660157458758e-34,1.1217509234549171e-39,1.5880907439715414e-36,1.0309569390248297e-46,6.598347085145415e-14,1.9617809755564592e-13,3.814812403547724e-18,5.530054328770365e-17,1.8672923150475498e-36,3.7214228738920526e-45,5.4588224397439565e-24,1.6749806382744838e-22,3.841626558662918e-54,3.240630235756859e-61,-1.8984717705828548e-34,-2.0594548771810407e-36,7.894298140279936e-46,1.7876679122403378e-46,8.667374071552308e-34,1.3012763204046216e-35,2.635737267571769e-34,2.6513519786509256e-09,3.1248509328559716e-08,2.729901246444575e-17,8.255849727986382e-19,2.4591846860034735e-12,6.911361468428371e-14,8.956847653816865e-27,6.3680852387619114e-21,9.305447483918827e-21,0.08224663299730874,0.9235463011422886,0.07629374448075915,7.997329990940936e-05,2.7729433510228795e-09,3.7225939893052575e-19,9.167805300563529e-29,2.7799525119825663e-28,4.669024096422526e-29,4.888955222201372e-38,2.0628982004291178e-32,1.060995224864759e-31,2.7810034224820668e-39,3.7856885559467173e-34,4.220310244574608e-20,1.0615106495499437e-15,1.3374067007360976e-21,1.0659668789674423e-19,0.0,8.705685562865278e-40,5.619196794896102e-46,1.0773096708967864e-13,2.1001176429082746e-21,1.963534334143996e-30,1.0410213867916478e-41,6.1684530723139715e-18,1.3868624870748654e-13,1.4408927465012197e-23,3.604652436914215e-23,9.901067921757892e-29,1.39695839762256e-22,2.007014995413376e-19,3.0641238645304446e-33,5.756272641978307e-42,1.204911450814e-26,1.854175965576672e-25,0.09425740661411354,0.005742593287444605,1.5885578316035639e-09,5.740327308622798e-24,2.539289576992469e-37,7.485743052449047e-25,9.014630536360964e-22,1.5885434373242012e-25,3.6892547341964846e-19,5.957884284817751e-41,4.123372834238573e-18,2.4948527889160635e-19,3.337405341415559e-38,3.583503261683818e-29,3.0356284781579583e-25,6.420700070851761e-09,2.2495792999291346e-06,4.66842968341768e-05,1.5115481077052167e-05,1.9075549839463074e-17,9.126938841897542e-16,5.507889504072708e-21,4.3565932769180755e-40,3.2452142285585194e-14,2.2205313449433286e-10,2.2984318335694875e-20,8.142953408503386e-16,1.0823098149270553e-54,5.936034710081967e-29,4.997761620895031e-22,1.4510437456047648e-31,1.8898121941041804e-17,4.596798266423237e-16,1.1377561609707736e-30,1.4255266375473727e-22,1.0624744219422646e-19,0.00032092025598637536,1.3079321603760104e-05,1.0559204013603929e-16,5.231339916734135e-15,6.371278830777694e-36,2.0724726250731277e-26,2.1916941224207866e-27,4.8309088053459975e-31,1.2115563183995779e-32,1.6100184000859377e-44,1.532583897693158e-12,4.1833677246903736e-10,1.1983794200646662e-08,3.4980162057944458e-06,6.389535998124679e-26,1.0089272545049079e-27,2.0236885457474045e-09,1.7779763104604444e-06,1.9238256482004188e-22,4.527380249923089e-21,7.386203070336626e-39,2.0385570188997794e-31,0.0,0.0,4.1706177169908095e-19,9.931815434412876e-16,4.332372419251346e-27,9.469162726761093e-21,1.6477268726687397e-41,1.0579013985438007e-28,1.397466011584234e-41,5.916846384250702e-44,3.4288713277092324e-43,4.2338411184019137e-20,1.4433077340934082e-19,2.0818498866573223e-25,9.086322996762854e-24,8.879413573585967e-26,4.618157122038056e-30,2.2965642895377773e-21,3.18479530523103e-19,4.578711483181683e-31,5.3694676822905136e-33
